{"type":"FeatureCollection","features":[{"geometry":{"coordinates":[[[-23.701785241116646,79.13161751330318],[-23.694472368114894,79.1300301018647],[-23.68676242253506,79.12809482591824],[-23.678995082426535,79.12699791297142],[-23.67338970467444,79.12458551377014],[-23.66274133725176,79.12595445104444],[-23.65870595104298,79.1241351547637],[-23.64818250159858,79.12383198113422],[-23.647990857199833,79.12392114155134],[-23.648427764363145,79.12627111140523],[-23.64753125887547,79.12683289308652],[-23.64379033269036,79.12850510089677],[-23.65491130332048,79.12906245926706],[-23.65195919362007,79.1311626915279],[-23.64083838194743,79.13060526974958],[-23.637270945936397,79.13070788420426],[-23.63190696057616,79.13167996978812],[-23.63330707487644,79.13410123516829],[-23.638613348331432,79.13638879852223],[-23.64604663216454,79.13872529455972],[-23.655977004299007,79.13824375843922],[-23.661537421734526,79.13839093870462],[-23.6742105092844,79.13779786332549],[-23.683534203115972,79.13679898294635],[-23.69342461002637,79.13552815120678],[-23.70169594502314,79.1338203128502],[-23.701785241116646,79.13161751330318]]],"type":"Polygon"},"id":"00000000000000000014_00000000000000000014","properties":{"area":1476421.4713665294,"elevation":741.3044850994945,"id":"00000000000000000014","region":"NE","surface":2528.2705882352934,"year":2019},"type":"Feature"},{"geometry":{"coordinates":[[[-23.927072667310636,74.74481188866297],[-23.92539134136311,74.74146308635217],[-23.916968168770627,74.74010309150813],[-23.905811634590716,74.73911762578828],[-23.8931835064327,74.73913099969614],[-23.894507602283714,74.74215425356635],[-23.90456284426059,74.74389776705713],[-23.91460919116503,74.74340280402028],[-23.911367485521264,74.74617638804314],[-23.8997471781025,74.74549862732049],[-23.889321745590575,74.74400926146872],[-23.877425024353165,74.74351874928676],[-23.866014116127737,74.74532021481014],[-23.855441500023765,74.74691212678373],[-23.844373960985376,74.7458597441059],[-23.83395745072315,74.74436594938258],[-23.83335123424984,74.74459341267156],[-23.83662849765026,74.7479555489694],[-23.843691689992013,74.75098773998693],[-23.854991231109874,74.75076479051972],[-23.867489970357166,74.74972583700396],[-23.875788497701606,74.74725100909396],[-23.88410903609319,74.74737585161465],[-23.89490468122683,74.74861551202733],[-23.908643111041386,74.74784854939084],[-23.921101735958896,74.74608272434162],[-23.927072667310636,74.74481188866297]]],"type":"Polygon"},"id":"0000000000000000002f_0000000000000000002f","properties":{"area":1511480.556963615,"elevation":1562.998668502179,"id":"0000000000000000002f","region":"NE","surface":0.0,"year":2019},"type":"Feature"},{"geometry":{"coordinates":[[[-23.393657112461018,79.11057501417984],[-23.39313105114241,79.10816713673724],[-23.38448018398135,79.10630319200847],[-23.373916566647672,79.10509036150899],[-23.362104461020934,79.10393987755114],[-23.358189479220897,79.10301687853261],[-23.34753206493852,79.10131795373454],[-23.33846681847311,79.10006049389351],[-23.32980717525083,79.10019870187011],[-23.317669322239585,79.09907501971222],[-23.310749136667525,79.10024330612536],[-23.302789581374594,79.09806277650272],[-23.299761781543147,79.09857110482665],[-23.293817613763473,79.10086759411095],[-23.303788204545288,79.10183070801716],[-23.31227382552816,79.1031015694062],[-23.318940214244673,79.1052375280506],[-23.328919779906307,79.10645926566197],[-23.340147810363327,79.10735560129686],[-23.3520579884615,79.10846143946301],[-23.354291965230985,79.10646822896442],[-23.364659326138963,79.10724407737123],[-23.36906950654885,79.1092640730616],[-23.371575400134347,79.10913471672855],[-23.37401036587548,79.11089606688455],[-23.383757834789854,79.10904551725314],[-23.393657112461018,79.11057501417984]]],"type":"Polygon"},"id":"0000000000000000004b_0000000000000000004b","properties":{"area":1134521.2389182355,"elevation":660.3394206527397,"id":"0000000000000000004b","region":"NE","surface":1079.5450980392156,"year":2019},"type":"Feature"},{"geometry":{"coordinates":[[[-26.777227408975552,78.78287568033139],[-26.7831979477228,78.78148001497757],[-26.771100554889454,78.7813684729767],[-26.761624753421593,78.78266610946682],[-26.762842254720198,78.7855778699898],[-26.766922555273883,78.78827568367166],[-26.76685997842829,78.78857892919717],[-26.777361277455867,78.79071479115242],[-26.790510907359188,78.79155761161053],[-26.805662980510405,78.790135088876],[-26.813849949527395,78.78919426385397],[-26.81584769932404,78.78679973361442],[-26.80976531696365,78.78393255325322],[-26.80745100228604,78.7811277309743],[-26.799460220042032,78.77805092905189],[-26.7866630635012,78.77701199523885],[-26.782716633034887,78.7777299215847],[-26.77250970834717,78.77999955090972],[-26.78091942318559,78.78027155661971],[-26.79093034943343,78.78188578238368],[-26.801110217057726,78.78192147569911],[-26.791862195357997,78.78415992005687],[-26.798309998277887,78.78519444010097],[-26.790123027076973,78.7859971175506],[-26.786038589040658,78.78329930387612],[-26.777227408975552,78.78287568033139]],[[-26.774681255328908,78.7827508056234],[-26.776054472368564,78.78314773377764],[-26.777227408975552,78.78287568033139],[-26.774681255328908,78.7827508056234]]],"type":"Polygon"},"id":"00000000000000000052_00000000000000000052","properties":{"area":1166199.6764742031,"elevation":1158.7857215758331,"id":"00000000000000000052","region":"NE","surface":3955.8,"year":2019},"type":"Feature"},{"geometry":{"coordinates":[[[-25.952797555765734,78.70275455308008],[-25.951785303703797,78.70023963568424],[-25.94825802137858,78.69773365048196],[-25.943799030860877,78.69498681287101],[-25.940258407981897,78.6927438780081],[-25.934185178883748,78.6898855757102],[-25.927425263699202,78.68715666010048],[-25.919720102277907,78.68445443591679],[-25.910739083087282,78.68273321086845],[-25.899506787446096,78.68254596968723],[-25.886397219318322,78.68317021162504],[-25.88495682666637,78.68347342751174],[-25.893446774215715,78.68418243329097],[-25.902922404028953,78.68433853448398],[-25.91107823688626,78.68626923681224],[-25.916710096175056,78.68847648161537],[-25.91615720568159,78.69097359192111],[-25.90490229336218,78.69105831080044],[-25.90071538712464,78.69188328404259],[-25.910244343886053,78.69355547336788],[-25.91868565085925,78.69533018812153],[-25.926694160596654,78.69760876887526],[-25.93037253416761,78.69977142502705],[-25.93361466558801,78.7024379798154],[-25.930912308426254,78.70460956545455],[-25.942519447570806,78.70459617245957],[-25.952797555765734,78.70275455308008]]],"type":"Polygon"},"id":"00000000000000000059_00000000000000000059","properties":{"area":1166710.001795218,"elevation":1052.6242732140697,"id":"00000000000000000059","region":"NE","surface":0.0,"year":2019},"type":"Feature"},{"geometry":{"coordinates":[[[-23.741729940069675,78.58593952603722],[-23.732361180270377,78.58399086290731],[-23.719782481804483,78.58504769364437],[-23.717146923806823,78.5876205704989],[-23.710788046595184,78.58920799751286],[-23.704242495064992,78.58678226673472],[-23.71279945131097,78.58531074320574],[-23.704148649148603,78.58464187049456],[-23.694918399541727,78.58248819339398],[-23.687458068416806,78.58025857637259],[-23.676274847930078,78.58019620047547],[-23.6776615896128,78.58099881483312],[-23.67505317982931,78.58218046277175],[-23.666322143953664,78.58401312690651],[-23.660172858195995,78.58631407095201],[-23.666946204398556,78.5877944963106],[-23.659098449137208,78.58740206617514],[-23.665434820768485,78.58965394430147],[-23.672194600614056,78.5884142847574],[-23.674598092898012,78.59020241618583],[-23.682357076233135,78.59063936556757],[-23.696108734944257,78.5894086789371],[-23.7086389616844,78.59016226336453],[-23.71720048864597,78.59183441113044],[-23.731795200747218,78.59071967158842],[-23.73980355922703,78.58856593464678],[-23.741729940069675,78.58593952603722]]],"type":"Polygon"},"id":"00000000000000000077_00000000000000000077","properties":{"area":1198106.7983251163,"elevation":898.1555435658988,"id":"00000000000000000077","region":"NE","surface":0.0,"year":2019},"type":"Feature"},{"geometry":{"coordinates":[[[-24.375519820184756,77.81014065849669],[-24.374980257163323,77.80849080427575],[-24.373339334876583,77.80794680841367],[-24.36770300915876,77.80671600509014],[-24.360800371282718,77.80644400127869],[-24.352698030397292,77.8070861557544],[-24.355761457425437,77.80792449149581],[-24.35044620956122,77.80883410695023],[-24.350098547966486,77.80756775994809],[-24.34300412440982,77.80691227496573],[-24.337064372697046,77.80561016788435],[-24.33028229971143,77.80502156241897],[-24.320842356119126,77.80592680538487],[-24.32112782458296,77.80613189070564],[-24.326563312858006,77.80771490235605],[-24.326933341646082,77.80884747237518],[-24.323896855720267,77.80993556335024],[-24.332070315740616,77.80998904920385],[-24.33802777344293,77.80945393666853],[-24.34257603835977,77.80995333806979],[-24.350531187860664,77.8101272414056],[-24.352591108114098,77.8119020021423],[-24.3604034232247,77.81215615549344],[-24.36735962801375,77.81179054914318],[-24.363439987567478,77.81069800078382],[-24.37031622162323,77.81147389810008],[-24.375519820184756,77.81014065849669]]],"type":"Polygon"},"id":"00000000000000000020_00000000000000000020","properties":{"area":551861.2083928456,"elevation":1080.2354693877546,"id":"00000000000000000020","region":"NE","surface":0.0,"year":2019},"type":"Feature"},{"geometry":{"coordinates":[[[-24.21825619670678,78.83937695269607],[-24.218247376200132,78.83825768978599],[-24.21252191861244,78.83767807124735],[-24.20561051999015,78.83770482553494],[-24.199701810140716,78.83721426996712],[-24.193427906268088,78.83691112753569],[-24.187751495408943,78.8368664789636],[-24.1815264958087,78.8370983351232],[-24.173611884809933,78.8376334758535],[-24.170267347415425,78.83807935690996],[-24.165103550975466,78.83902913572807],[-24.164983206721956,78.84034903052641],[-24.170525929308692,78.84102237482247],[-24.175885889880185,78.84178929569782],[-24.181522108307913,78.84241803594375],[-24.185660262500527,78.84282827062164],[-24.180978074461674,78.84381373777993],[-24.178213672801057,78.84494191469331],[-24.177647301172044,78.84607005672248],[-24.184474128630335,78.84609235551198],[-24.192576353971265,78.84546366506535],[-24.197976222829993,78.8445316550748],[-24.202176595414308,78.84351054917363],[-24.206858895977795,78.84252505067386],[-24.21130021377667,78.84152178105471],[-24.215259771584922,78.84048730642515],[-24.21825619670678,78.83937695269607]]],"type":"Polygon"},"id":"00000000000000000066_00000000000000000066","properties":{"area":700433.0378662859,"elevation":944.7324786810397,"id":"00000000000000000066","region":"NE","surface":280.67058823529413,"year":2019},"type":"Feature"},{"geometry":{"coordinates":[[[-27.903734426084423,79.53438581931304],[-27.901045575941545,79.53274487387654],[-27.893978223042193,79.53208050209113],[-27.88567073263299,79.5322900442805],[-27.88001676263643,79.53269584053066],[-27.874532018984667,79.53329336841415],[-27.866487863752123,79.53378831805239],[-27.868962599366156,79.53496554570154],[-27.861158787950004,79.53502793080312],[-27.858746737461374,79.53498332267577],[-27.86077993939849,79.53378836600375],[-27.856503453348175,79.53264231077215],[-27.849623397737123,79.53347615798847],[-27.84260911960222,79.53321755023138],[-27.841699386136927,79.53375262815808],[-27.84527125157825,79.53472468811624],[-27.84605156423059,79.53616501229386],[-27.850769348526008,79.53543814092107],[-27.853578540259043,79.53568345844067],[-27.859232643644447,79.53645487561468],[-27.865007039861418,79.5375874446746],[-27.872008226595582,79.5382964666416],[-27.88019932875276,79.53830542979587],[-27.887199978248336,79.53783715391722],[-27.895498630134167,79.53690078288805],[-27.901888280665872,79.53577260157871],[-27.903734426084423,79.53438581931304]]],"type":"Polygon"},"id":"00000000000000000000_00000000000000000000","properties":{"area":527583.8876494583,"elevation":1252.1085956944194,"id":"00000000000000000000","region":"NE","surface":79.20392156862744,"year":2019},"type":"Feature"},{"geometry":{"coordinates":[[[-26.98136935792343,79.44886024446569],[-26.97959472116361,79.44734859753554],[-26.972585115734713,79.4469785274663],[-26.96462123355958,79.44713908922508],[-26.966908630683903,79.44849906388217],[-26.968964303631413,79.44971200194259],[-26.965584171988564,79.45091597311259],[-26.960634643241786,79.45202622064592],[-26.953669549834316,79.45301615191545],[-26.94592415229625,79.45305180762888],[-26.938762611868846,79.45276198612288],[-26.934611388500834,79.45133508377901],[-26.926941665952366,79.45133057963628],[-26.924002989443064,79.4525613655069],[-26.920757051839047,79.45354677158318],[-26.928141059993663,79.45371624525413],[-26.931748682231802,79.45461253474964],[-26.937888551451525,79.45547755396781],[-26.945197023833526,79.45568715923162],[-26.95353126647715,79.45532155347865],[-26.961927897609243,79.4546437623468],[-26.968745630416347,79.45373412122589],[-26.9730263119385,79.45258359691395],[-26.977748492925905,79.45145990514193],[-26.979782172296673,79.45017123797247],[-26.98136935792343,79.44886024446569]]],"type":"Polygon"},"id":"00000000000000000002_00000000000000000002","properties":{"area":431545.894814499,"elevation":1096.735823089943,"id":"00000000000000000002","region":"NE","surface":645.9921568627447,"year":2019},"type":"Feature"},{"geometry":{"coordinates":[[[-27.230303141395876,79.29884270350377],[-27.226192099765832,79.29764772507887],[-27.226557684262744,79.29632777092701],[-27.223150791830875,79.29509712251149],[-27.21846437000447,79.29387083874077],[-27.21684573218372,79.2925865753039],[-27.21016603664803,79.29227001849745],[-27.205020278786535,79.29290767104987],[-27.19871961867189,79.29249297087517],[-27.198679123165025,79.29288535963596],[-27.195085131867806,79.29385746241205],[-27.18912356722421,79.29374152329673],[-27.193248282517526,79.29418300393576],[-27.197091812900815,79.29528437153492],[-27.203584310451987,79.29570803409877],[-27.201796242832803,79.29686731225814],[-27.206317685611587,79.29745152048022],[-27.206259759435547,79.298597531541],[-27.20208146794874,79.29842804028182],[-27.20205473797195,79.29905679856215],[-27.20117180473499,79.30030976047661],[-27.205474875070923,79.30151371102195],[-27.212096947986257,79.30187049258845],[-27.21952569992546,79.30175898004423],[-27.2263433726422,79.30113474146616],[-27.228198597277398,79.3000600497963],[-27.230303141395876,79.29884270350377]]],"type":"Polygon"},"id":"00000000000000000005_00000000000000000005","properties":{"area":509368.71462394606,"elevation":1125.073618555267,"id":"00000000000000000005","region":"NE","surface":123.54901960784315,"year":2019},"type":"Feature"},{"geometry":{"coordinates":[[[-26.709453196200517,79.32577123778316],[-26.703803560739406,79.3260610852921],[-26.697248952454007,79.3258961148877],[-26.696481794000803,79.3260878592642],[-26.692125318832087,79.32709114060364],[-26.68763494111158,79.32792501818207],[-26.68198972860391,79.32868749445024],[-26.678213097143747,79.3297264869414],[-26.675974605667342,79.33085465661483],[-26.671613302965433,79.33185792477961],[-26.666481024989938,79.33281216953564],[-26.660822454562947,79.33262493264593],[-26.65704120842253,79.3336594355147],[-26.651324616068607,79.33457793093868],[-26.656666733818764,79.33506404562338],[-26.663163574342303,79.33526469203389],[-26.669977072047402,79.33528697579216],[-26.67755748963005,79.33487670665615],[-26.685650565084035,79.33418556902421],[-26.691554428301508,79.3332803695339],[-26.694756284057835,79.33220570115574],[-26.698345647819547,79.33115784645592],[-26.701931120664923,79.33010995674398],[-26.704356513954718,79.32898623673023],[-26.70523979999587,79.32777340146377],[-26.708824812948503,79.32672548554007],[-26.709453196200517,79.32577123778316]]],"type":"Polygon"},"id":"00000000000000000006_00000000000000000006","properties":{"area":489136.1043765578,"elevation":1031.7856737075876,"id":"00000000000000000006","region":"NE","surface":69.43529411764706,"year":2019},"type":"Feature"},{"geometry":{"coordinates":[[[-27.708292004847753,79.1589161614238],[-27.70436355267419,79.15825172665511],[-27.700649088753657,79.15720833434513],[-27.69456234467645,79.15645920125765],[-27.686130379989297,79.1568694207382],[-27.685639782215677,79.15703883812857],[-27.683651139241995,79.15735546468103],[-27.67677082973121,79.15809565599557],[-27.670889225669445,79.15873334536191],[-27.665845996390097,79.15950031245333],[-27.67055915054032,79.15981685738049],[-27.670456506188025,79.16127058888188],[-27.665333078240895,79.16132409752319],[-27.66398654396071,79.16049465660205],[-27.65932213950541,79.16128839084736],[-27.66274705486353,79.16263057738558],[-27.664530474703945,79.16395939784162],[-27.67128619390859,79.16443205412148],[-27.675544468176298,79.16337968354227],[-27.679896586660217,79.16265287158696],[-27.686950968328063,79.16231847639419],[-27.694468903482978,79.16220693714648],[-27.70078293018797,79.1620642625439],[-27.705964163220557,79.16260380641246],[-27.706687062565816,79.16165851606401],[-27.705710256195307,79.16022262928999],[-27.708292004847753,79.1589161614238]]],"type":"Polygon"},"id":"00000000000000000007_00000000000000000007","properties":{"area":498997.3765979693,"elevation":1200.64637167104,"id":"00000000000000000007","region":"NE","surface":0.0,"year":2019},"type":"Feature"},{"geometry":{"coordinates":[[[-25.824709873643066,79.30335537851803],[-25.819840486378045,79.30148699705796],[-25.81274163243297,79.30034992627019],[-25.805375119271613,79.29935549756179],[-25.797348807720923,79.29871792845314],[-25.788988041532306,79.29825860125366],[-25.780426463824863,79.29790183343037],[-25.779119939945286,79.29825418872012],[-25.774656211551548,79.29880258433273],[-25.776301638969052,79.29998425851532],[-25.783271531616336,79.30015814572712],[-25.785723871016344,79.30171437750282],[-25.79263572008011,79.30271772548325],[-25.792916585019718,79.30417133558352],[-25.784662527178718,79.30479119281954],[-25.775931832355848,79.30498293675421],[-25.773764879641583,79.30476443907821],[-25.77432202699578,79.30332412037369],[-25.76763336143557,79.30448792021403],[-25.77160194078651,79.30625825326729],[-25.779967401913797,79.3067219630537],[-25.788805060164165,79.30693153584244],[-25.797972996139833,79.30696718535668],[-25.80720782245209,79.30696722021897],[-25.817066923618953,79.30628942083054],[-25.823568544008,79.30499630981332],[-25.824709873643066,79.30335537851803]]],"type":"Polygon"},"id":"00000000000000000008_00000000000000000008","properties":{"area":687619.7111231437,"elevation":982.0563846210399,"id":"00000000000000000008","region":"NE","surface":0.0,"year":2019},"type":"Feature"},{"geometry":{"coordinates":[[[-27.38948883585911,79.12206614617308],[-27.38742406425126,79.12143290241276],[-27.384815464217702,79.1211163993967],[-27.382028689467035,79.12091124381763],[-27.378514723561917,79.12113416055607],[-27.375304332685197,79.1211787257178],[-27.371607663303237,79.12150876050914],[-27.370929930655368,79.12166480461642],[-27.368504069567525,79.12211073474354],[-27.36683635199362,79.12260569609121],[-27.367572166985624,79.12316307637259],[-27.365908786908623,79.12365360500279],[-27.364811871193734,79.12417974914713],[-27.366377102350906,79.12486648759051],[-27.369467430093447,79.12489319467322],[-27.370372471795275,79.12435816366846],[-27.372271928613795,79.124469610456],[-27.374372231839146,79.12471483299655],[-27.37498758638382,79.12534354143531],[-27.377868156447448,79.12512066596582],[-27.37937092188172,79.12497343345422],[-27.38287585519696,79.12463461724043],[-27.384730941228508,79.12415300556967],[-27.387156333211074,79.12370260794803],[-27.38729943929056,79.12312295697959],[-27.389154335463584,79.12264138701879],[-27.38948883585911,79.12206614617308]]],"type":"Polygon"},"id":"00000000000000000009_00000000000000000009","properties":{"area":166876.52905749675,"elevation":1191.1261072566217,"id":"00000000000000000009","region":"NE","surface":0.0,"year":2019},"type":"Feature"},{"geometry":{"coordinates":[[[-25.389564163862193,79.29865990141835],[-25.389381034343256,79.29796876469885],[-25.387022093803466,79.29729540824852],[-25.383981228953118,79.29697442074703],[-25.38135062143451,79.29643930607328],[-25.38078852423244,79.2957213505308],[-25.37740838332952,79.29557866140156],[-25.37471071546505,79.29507925677036],[-25.37146462036183,79.29486517266773],[-25.37058163387446,79.29532446631603],[-25.368931745067314,79.29573474561724],[-25.368160496688386,79.29636347967887],[-25.368418876344013,79.29690301778272],[-25.36802637798373,79.29755403202797],[-25.370657663617713,79.29808916931853],[-25.37314984844698,79.29869112524483],[-25.37161189806169,79.29927082218296],[-25.37083593664874,79.29989956834393],[-25.371014149352856,79.30059066914768],[-25.374616888710698,79.30050596860582],[-25.377765281013392,79.3004391289555],[-25.379317010862984,79.30085824873382],[-25.382835161543774,79.3009340178448],[-25.386094695236395,79.300470288358],[-25.388774811440697,79.29996643888278],[-25.388979922335377,79.29930200503979],[-25.389564163862193,79.29865990141835]]],"type":"Polygon"},"id":"0000000000000000000a_0000000000000000000a","properties":{"area":195576.2316606205,"elevation":917.530475168381,"id":"0000000000000000000a","region":"NE","surface":90.3686274509804,"year":2019},"type":"Feature"},{"geometry":{"coordinates":[[[-24.833050235610706,79.31952854996877],[-24.83289412323588,79.3185118299859],[-24.83126207148817,79.31748176319687],[-24.82754791991739,79.31662560540121],[-24.825608183440938,79.31553319072513],[-24.821826835365922,79.31471267960765],[-24.817697627565636,79.31407056789975],[-24.813144886259696,79.31363807450077],[-24.808101870683718,79.31345524473251],[-24.80473047835922,79.31406613520686],[-24.80469049002417,79.31506943079756],[-24.809662158029703,79.31528789372345],[-24.813653127979308,79.31600135022185],[-24.816846135984374,79.31689766966866],[-24.82036881254067,79.31774041760809],[-24.82033313573996,79.31873922986352],[-24.81566005086277,79.31902461397806],[-24.811049186053733,79.31971132402839],[-24.808917624986233,79.32056746521273],[-24.811066854252466,79.32155741124512],[-24.811628844694518,79.32203901491445],[-24.81583387935884,79.32264545116772],[-24.821229341220697,79.32264987290627],[-24.82550996584985,79.32202115486285],[-24.826499986916932,79.32108471046207],[-24.83072716968849,79.32037131092359],[-24.833050235610706,79.31952854996877]]],"type":"Polygon"},"id":"0000000000000000000b_0000000000000000000b","properties":{"area":297793.41889381263,"elevation":883.3943570734515,"id":"0000000000000000000b","region":"NE","surface":5.0,"year":2019},"type":"Feature"},{"geometry":{"coordinates":[[[-25.590384146082805,79.24518187617302],[-25.587070816455554,79.24376391341089],[-25.581791355927223,79.24293900148898],[-25.5761772699338,79.2422924592845],[-25.570229013574046,79.24181971876537],[-25.564213737712212,79.24138275103205],[-25.557123795546758,79.24151651590986],[-25.556343265991206,79.24170382386042],[-25.5572038130799,79.24271608195251],[-25.562100086533807,79.24351868447307],[-25.56681782392054,79.243509725418],[-25.571045091818746,79.24466469057603],[-25.57131700662094,79.24588197217058],[-25.570500821377237,79.24710381994919],[-25.56721459154365,79.24816503872223],[-25.56115019123038,79.24888299838022],[-25.55412725755911,79.24898103045624],[-25.54838380889985,79.24963660477637],[-25.553417919848403,79.25036784311922],[-25.55984360379112,79.25059085254242],[-25.566465325059198,79.25071123283192],[-25.573894147412602,79.25039905436243],[-25.581421219387078,79.24969903923123],[-25.58661165823626,79.24876259625968],[-25.589519126484035,79.24767901741747],[-25.59033047142673,79.24645280130194],[-25.590384146082805,79.24518187617302]]],"type":"Polygon"},"id":"0000000000000000000c_0000000000000000000c","properties":{"area":445542.48028044816,"elevation":949.0604295356925,"id":"0000000000000000000c","region":"NE","surface":0.0,"year":2019},"type":"Feature"},{"geometry":{"coordinates":[[[-25.125928606278748,79.28822558856537],[-25.125081515514097,79.28645090714762],[-25.12031018993729,79.2848099059265],[-25.113157772640182,79.28372641587323],[-25.10546111542675,79.2829282044791],[-25.096315855042146,79.28287470059884],[-25.092396345301115,79.28344993986076],[-25.097555225775256,79.28455576458629],[-25.103423615451465,79.28563491301365],[-25.1091712114809,79.28621903426804],[-25.104498281147055,79.28762811555849],[-25.097158276710193,79.28885432324736],[-25.088253685051235,79.28977742239901],[-25.08128416044155,79.2897060360799],[-25.073105916937415,79.29047744211967],[-25.063715341884695,79.29076283761077],[-25.05576039606584,79.29130686795895],[-25.05341032982144,79.29206937342157],[-25.05479718092221,79.2931261889733],[-25.064022837650075,79.29314400313584],[-25.072374905673097,79.29294782681984],[-25.08214912112179,79.29268475250066],[-25.091959186106635,79.29218533282231],[-25.100895166701758,79.29146742410597],[-25.111770711245,79.29063797200979],[-25.11973484021657,79.28953213726143],[-25.125928606278748,79.28822558856537]]],"type":"Polygon"},"id":"0000000000000000000d_0000000000000000000d","properties":{"area":631750.5033306761,"elevation":901.2705043988276,"id":"0000000000000000000d","region":"NE","surface":1346.2196078431375,"year":2019},"type":"Feature"},{"geometry":{"coordinates":[[[-25.158916997540583,79.19177079646042],[-25.15844450854336,79.19101722601076],[-25.157084042781694,79.19028590556101],[-25.15528738529804,79.18944317475399],[-25.15202783544709,79.1891443624187],[-25.14917841852582,79.18863156201421],[-25.14565123619324,79.18891252675739],[-25.141847496719823,79.18889468369922],[-25.138182096429645,79.18880549696776],[-25.13679987327221,79.18919345206957],[-25.138588126030644,79.19003177405779],[-25.140465281848318,79.19072290379769],[-25.139613410430194,79.19138289340263],[-25.13782090570317,79.19198036533335],[-25.136028377759438,79.19258238907771],[-25.1332949446681,79.19311749363753],[-25.131123457801163,79.19368818799809],[-25.13229618863376,79.19440610493373],[-25.13630500123323,79.19432136919109],[-25.139528874554987,79.19441952705714],[-25.14244953618317,79.19489659802704],[-25.1466946017251,79.19446407438865],[-25.15094414278448,79.19403154416906],[-25.154863843790913,79.19365698323128],[-25.1568436112543,79.1930684043386],[-25.158256957134657,79.19244412523477],[-25.158916997540583,79.19177079646042]]],"type":"Polygon"},"id":"0000000000000000000e_0000000000000000000e","properties":{"area":251615.461387928,"elevation":880.7814274244423,"id":"0000000000000000000e","region":"NE","surface":149.24705882352941,"year":2019},"type":"Feature"},{"geometry":{"coordinates":[[[-24.87591592588675,79.20118396560693],[-24.87097050113222,79.19912389293775],[-24.864442388862425,79.19743389963949],[-24.857107387923854,79.19604707753824],[-24.847350729208507,79.19589548343073],[-24.846454359325257,79.19635480500693],[-24.849736196404898,79.19806259227857],[-24.854913479172243,79.19946274525475],[-24.85791424670068,79.20055077720941],[-24.856598722897374,79.20242358673413],[-24.851136574124702,79.20401105296037],[-24.84397491771242,79.20548252528566],[-24.837371122999745,79.2062316867865],[-24.83366142997852,79.20757833211641],[-24.827057245699795,79.20908994283955],[-24.82196496468042,79.2107041383813],[-24.817813711258403,79.2123807297056],[-24.823400920792444,79.21400834835234],[-24.8338439652105,79.2139280968904],[-24.839881472633106,79.21237630411855],[-24.844782203847153,79.21074872633909],[-24.848741703908026,79.20905872151201],[-24.854770387654295,79.20750695712228],[-24.86042482952176,79.20593292378273],[-24.867068904177696,79.20450599564529],[-24.873284851978223,79.20296756933772],[-24.87591592588675,79.20118396560693]]],"type":"Polygon"},"id":"0000000000000000000f_0000000000000000000f","properties":{"area":774772.9549284312,"elevation":855.7735162387157,"id":"0000000000000000000f","region":"NE","surface":904.2156862745094,"year":2019},"type":"Feature"},{"geometry":{"coordinates":[[[-23.784243105348335,79.3262885431167],[-23.782949918021828,79.32514254383305],[-23.782646872862745,79.32406787227498],[-23.781353487191904,79.32292632688288],[-23.78011858310497,79.32188738104097],[-23.77724220459637,79.32136563777718],[-23.77240420947055,79.32096432986621],[-23.771583818946443,79.3212229691672],[-23.771146709342496,79.32224412462193],[-23.76608995414956,79.32235115604935],[-23.760025495860813,79.32281038826093],[-23.759833866883795,79.32384939728065],[-23.75816173901092,79.324781290305],[-23.754023801341553,79.32553487021595],[-23.75358647062303,79.32655603383036],[-23.75649403976919,79.32760397749658],[-23.759495093679263,79.32861169705049],[-23.757671340910196,79.32948119608632],[-23.75501349118013,79.33034180921564],[-23.756989082897007,79.33142982755996],[-23.76226847441468,79.33081004264996],[-23.76689712980047,79.33009207778136],[-23.772136600653848,79.32962393742194],[-23.774049417106475,79.32870977221266],[-23.778682357630302,79.32799189404619],[-23.780350206688524,79.32705989561687],[-23.784243105348335,79.3262885431167]]],"type":"Polygon"},"id":"00000000000000000011_00000000000000000011","properties":{"area":432829.3033838607,"elevation":686.9463750547196,"id":"00000000000000000011","region":"NE","surface":26.0,"year":2019},"type":"Feature"},{"geometry":{"coordinates":[[[-24.077723474164557,79.18267426201137],[-24.075859367637843,79.18180912486281],[-24.073353265037923,79.1808415364419],[-24.070107045654687,79.18023954616562],[-24.06666934709517,79.17973125544063],[-24.06211627823921,79.17977139402909],[-24.057750990351373,79.17971787872482],[-24.053287342680232,79.17971340792745],[-24.0488506955618,79.17997199821072],[-24.043735967157218,79.18028415431114],[-24.038340267757015,79.1807389846594],[-24.037533572755304,79.1809931857607],[-24.03924566552239,79.18180024477296],[-24.043053713185728,79.1821258163967],[-24.047236369265487,79.18226848006891],[-24.051231705080138,79.18250480973897],[-24.055320625142606,79.18269210972092],[-24.055231745981388,79.18342338791163],[-24.055632906357648,79.18418587365602],[-24.054870549970598,79.18497069445418],[-24.056921452047007,79.18574654368689],[-24.060172114786546,79.18634852869141],[-24.063614736774277,79.18575544022526],[-24.068336949151707,79.18535859668697],[-24.071293134996793,79.18473433092333],[-24.07424965793363,79.18410561958437],[-24.075498292651858,79.18335649443894],[-24.077723474164557,79.18267426201137]]],"type":"Polygon"},"id":"00000000000000000012_00000000000000000012","properties":{"area":332925.6399185943,"elevation":796.2136499483781,"id":"00000000000000000012","region":"NE","surface":464.4039215686274,"year":2019},"type":"Feature"},{"geometry":{"coordinates":[[[-24.010992947506736,79.16865481521714],[-24.00765296776131,79.16741519467107],[-24.003381242364473,79.16663482490121],[-23.998921796923742,79.16594815162298],[-23.994748115203297,79.16511876626052],[-23.98926335272171,79.16493146460579],[-23.983966033853832,79.16465503184088],[-23.978575054668536,79.16442313040682],[-23.973184178651096,79.16419123196364],[-23.966856620118758,79.16441870865579],[-23.960644890660824,79.16486012517956],[-23.960457807201767,79.16495374803786],[-23.96092610347143,79.16609079794878],[-23.966410620375076,79.1662736341654],[-23.970865343621462,79.16696484419711],[-23.97616262060414,79.16724128262362],[-23.98145993540021,79.16752218730133],[-23.986200233491125,79.1680707213123],[-23.990471971484048,79.16885545094719],[-23.994181961046063,79.169907803637],[-23.99562693979692,79.17111625262362],[-23.99791439743212,79.17190998634675],[-23.998908582526937,79.17292664233739],[-24.004732092325405,79.17240489826962],[-24.007911612611068,79.1715309300067],[-24.01036426380883,79.17060346309225],[-24.010618343847476,79.16951985914478],[-24.010992947506736,79.16865481521714]]],"type":"Polygon"},"id":"00000000000000000013_00000000000000000013","properties":{"area":423883.5680648631,"elevation":797.7534985235592,"id":"00000000000000000013","region":"NE","surface":415.9764705882353,"year":2019},"type":"Feature"},{"geometry":{"coordinates":[[[-27.725441977005524,79.39743791216398],[-27.722886760321465,79.39654612165013],[-27.72330598593654,79.3956632047971],[-27.720661553888498,79.39456622353326],[-27.71638990495123,79.39392416239116],[-27.71168981982384,79.39353618524164],[-27.706994414498883,79.39314828698062],[-27.70199155586092,79.3929431691283],[-27.69705053220318,79.39269791124615],[-27.69150361129243,79.39281382585062],[-27.688837093452445,79.39325082069529],[-27.69192281675106,79.39370563411872],[-27.694598069787457,79.39453056809],[-27.69901269360237,79.39470451028569],[-27.702727367245764,79.39554728466231],[-27.704136323178833,79.39661294617255],[-27.699195535333704,79.39700091211836],[-27.694192345271,79.39679138965371],[-27.6940273549793,79.39765201348051],[-27.696765421693343,79.39843673636715],[-27.698036269573937,79.39882469280923],[-27.70267350773522,79.39924833307141],[-27.707979710764352,79.39927951093763],[-27.71292512107527,79.3995203424115],[-27.71908289148256,79.39904765774956],[-27.724706044526833,79.39838323136634],[-27.725441977005524,79.39743791216398]]],"type":"Polygon"},"id":"00000000000000000016_00000000000000000016","properties":{"area":343189.275499388,"elevation":1184.226049169976,"id":"00000000000000000016","region":"NE","surface":97.0,"year":2019},"type":"Feature"},{"geometry":{"coordinates":[[[-27.66224293604256,78.55024437381206],[-27.661328778972408,78.54925895568434],[-27.661538364738476,78.54834477914142],[-27.659607810651778,78.54754217486774],[-27.65577281993821,78.54701150981542],[-27.65081885223469,78.54719435530966],[-27.65005166823733,78.54768042444985],[-27.645811289676804,78.54834483294287],[-27.641905085334106,78.54863911857286],[-27.6403488298671,78.54947296329047],[-27.638351028826293,78.55027559360406],[-27.634610057433626,78.54999466326744],[-27.63395422342687,78.5508820237407],[-27.635225319781693,78.55179174147145],[-27.632549792227945,78.55254979571002],[-27.6361748553069,78.55321414514592],[-27.639943105429353,78.55378935982849],[-27.638613978576814,78.55463659816117],[-27.638627608249813,78.55556407151526],[-27.64344349839495,78.55547488221627],[-27.648665091851147,78.55496659385668],[-27.651786416399364,78.5542352727177],[-27.654461913132845,78.55347276305747],[-27.65668688779376,78.55268348481111],[-27.65868896585752,78.55188089989858],[-27.660240985510562,78.55104702862539],[-27.66224293604256,78.55024437381206]]],"type":"Polygon"},"id":"00000000000000000017_00000000000000000017","properties":{"area":377638.0117719351,"elevation":1240.092752050987,"id":"00000000000000000017","region":"NE","surface":255.45098039215685,"year":2019},"type":"Feature"},{"geometry":{"coordinates":[[[-27.70892542140581,78.5321672085538],[-27.708194094045947,78.5315339817222],[-27.706571008646655,78.53084734098287],[-27.703886263080285,78.5306823058271],[-27.70134479886805,78.53042819691473],[-27.69907944313873,78.52999560263927],[-27.696533353586446,78.52973696565877],[-27.69384909028421,78.52957201005013],[-27.69116923933701,78.52940696685735],[-27.68841347017717,78.52928662342696],[-27.685452403328565,78.52929552807439],[-27.68494848249051,78.52946050338163],[-27.68456091211346,78.53002236349761],[-27.685064616903276,78.53063774251198],[-27.68579576335665,78.53127093738244],[-27.68563103716025,78.5318460964818],[-27.68782477646953,78.53232324748112],[-27.68921157277451,78.53284949128575],[-27.690526930225595,78.53341578276813],[-27.69248459738629,78.53373229997938],[-27.694330547633317,78.53443246311195],[-27.69750545274413,78.5342896953525],[-27.70102360857436,78.53391962009886],[-27.704403673876506,78.53364317159794],[-27.707030218281382,78.53321952709186],[-27.708091405196026,78.53269778929365],[-27.70892542140581,78.5321672085538]]],"type":"Polygon"},"id":"00000000000000000018_00000000000000000018","properties":{"area":199646.3529067338,"elevation":1233.2895925972607,"id":"00000000000000000018","region":"NE","surface":0.0,"year":2019},"type":"Feature"},{"geometry":{"coordinates":[[[-27.662394566966466,78.50867223640242],[-27.661529551745584,78.50735229638046],[-27.65940688050504,78.50605020811798],[-27.656044838791008,78.50491316627004],[-27.648852262135282,78.50465897649016],[-27.642997453830638,78.5044895939145],[-27.636028034467376,78.50424876628922],[-27.629281149139864,78.50480617988411],[-27.629112070236392,78.50538138200305],[-27.630685834690645,78.50640699334369],[-27.62888431317638,78.50770904725232],[-27.63581375681423,78.50828873479273],[-27.640946226117048,78.5070445841908],[-27.646399799968613,78.50762876694546],[-27.64904848539365,78.50828420732175],[-27.64837965457006,78.50980476019777],[-27.64436217227622,78.51111580860726],[-27.63840462696216,78.51147697085078],[-27.632242016870233,78.51040678883236],[-27.6294953715818,78.51106673915264],[-27.632393590391167,78.51202988349176],[-27.636562961463863,78.51311793169975],[-27.64468325157496,78.51293956569575],[-27.653012547036727,78.51262737979452],[-27.659723520280895,78.51163304146182],[-27.662176165382583,78.51022394598651],[-27.662394566966466,78.50867223640242]]],"type":"Polygon"},"id":"00000000000000000019_00000000000000000019","properties":{"area":464204.54500926624,"elevation":1216.055114410188,"id":"00000000000000000019","region":"NE","surface":0.0,"year":2019},"type":"Feature"},{"geometry":{"coordinates":[[[-28.049877089499315,78.40771816213679],[-28.048182817453373,78.40707603527918],[-28.047593919501423,78.40650527331671],[-28.046564059557817,78.40590772803633],[-28.044602070936868,78.40544398793905],[-28.041757063203864,78.40556438528904],[-28.038978880905415,78.40563574800883],[-28.037195289787988,78.40601475110594],[-28.035166721252136,78.40559562476462],[-28.033266795960035,78.40509170998426],[-28.0302883386138,78.40529688978373],[-28.029730941874995,78.40550646065283],[-28.029650360827286,78.4060370440967],[-28.030016135010698,78.40659444584831],[-28.02838425309686,78.40703143607705],[-28.029637201728377,78.40764239076216],[-28.030444322174954,78.40823098372181],[-28.03169279096866,78.40884183700257],[-28.03365945490446,78.4093011347264],[-28.035960108761106,78.40954189715829],[-28.0383322347944,78.40973364602343],[-28.040972157156432,78.40975153723345],[-28.0440223552356,78.4095018171834],[-28.046318463667788,78.40910491229076],[-28.048169248232554,78.40868135123816],[-28.049355373736418,78.40821753558095],[-28.049877089499315,78.40771816213679]]],"type":"Polygon"},"id":"0000000000000000001a_0000000000000000001a","properties":{"area":171017.22785297295,"elevation":1288.9317134216294,"id":"0000000000000000001a","region":"NE","surface":0.0,"year":2019},"type":"Feature"},{"geometry":{"coordinates":[[[-27.425143477112012,78.29208027758521],[-27.422592967718966,78.29093873724428],[-27.41898117320948,78.29016732069294],[-27.417835104378636,78.289364667892],[-27.413322769208204,78.28916849077521],[-27.409019756420737,78.28884298074118],[-27.405452175529508,78.28866459264879],[-27.40066302583905,78.28864677639282],[-27.396360344635823,78.28832127158903],[-27.396319937940522,78.28880730517048],[-27.40048483908026,78.28922197262416],[-27.40141246182986,78.29001570015853],[-27.396645391781625,78.29029663433164],[-27.395477039446746,78.29119737995545],[-27.396275371145247,78.2922274384852],[-27.400025560488697,78.2929051705257],[-27.40400757594855,78.29282048794776],[-27.400930883272384,78.29340464578263],[-27.398232905151797,78.29420732569643],[-27.4011402963317,78.2952730160229],[-27.405790904166587,78.29537999355684],[-27.410236897606552,78.29561634160171],[-27.413808538591674,78.29486718570436],[-27.418419198374806,78.29438565943421],[-27.423743495066816,78.29374802482904],[-27.423101447145417,78.29292748034008],[-27.425143477112012,78.29208027758521]]],"type":"Polygon"},"id":"0000000000000000001c_0000000000000000001c","properties":{"area":361129.24623000243,"elevation":1202.0211924415316,"id":"0000000000000000001c","region":"NE","surface":0.0,"year":2019},"type":"Feature"},{"geometry":{"coordinates":[[[-26.500031796913344,78.35073526301944],[-26.497115567545052,78.35014672666554],[-26.4939139305091,78.3497364909927],[-26.490997759386364,78.34914336399763],[-26.486841562968372,78.34930390814084],[-26.483711493203064,78.34884910203999],[-26.479698158984867,78.34892047777255],[-26.479551320278038,78.34900964448435],[-26.47721450535667,78.34954027308746],[-26.47335312893728,78.34966954925048],[-26.470646412122957,78.3502715816017],[-26.467944063249487,78.35087351122101],[-26.4652419562121,78.3514799256115],[-26.467136900066322,78.35165390130402],[-26.470120222515597,78.35220230957887],[-26.47420460102151,78.35208644979757],[-26.47617119210803,78.35280878834969],[-26.476674993458648,78.35353111630126],[-26.47930598489206,78.35296932407361],[-26.48076379078881,78.35311644623219],[-26.484482786547776,78.35322347752806],[-26.488420235460147,78.35319223186755],[-26.492651999874433,78.35298717417498],[-26.496736362096332,78.35287117944785],[-26.498346263324624,78.35219343460065],[-26.49951462378141,78.35148885747834],[-26.500031796913344,78.35073526301944]]],"type":"Polygon"},"id":"0000000000000000001d_0000000000000000001d","properties":{"area":258419.64795321992,"elevation":1094.0820962184691,"id":"0000000000000000001d","region":"NE","surface":0.0,"year":2019},"type":"Feature"},{"geometry":{"coordinates":[[[-26.50256003029969,78.19284744708878],[-26.50213216849957,78.19223211637477],[-26.499759866633255,78.19191995959017],[-26.49688351520623,78.19191995202434],[-26.493570650607474,78.19218305930772],[-26.490333401796292,78.19240601722024],[-26.487238721698077,78.19253532681303],[-26.48709577153118,78.1926244913303],[-26.485365776035767,78.1930971117828],[-26.483635552535663,78.19356535294582],[-26.481473055475416,78.19400684850928],[-26.478307098631802,78.19418071145483],[-26.47636301538846,78.19464003251784],[-26.475279281546882,78.1951528311613],[-26.47333061326015,78.19560761271666],[-26.47289365196517,78.19616949939675],[-26.47476206011985,78.19678925146641],[-26.47771403440173,78.19674465209111],[-26.480879740642987,78.19657078819195],[-26.4839034357853,78.19618731929134],[-26.486930838107813,78.19580380999945],[-26.4901683823545,78.19543820159784],[-26.492977450588686,78.19504135728022],[-26.495572705236263,78.19463107353596],[-26.496437683991484,78.19410045670926],[-26.499318498423612,78.19380616742185],[-26.501695031494837,78.19337812174277],[-26.50256003029969,78.19284744708878]]],"type":"Polygon"},"id":"0000000000000000001e_0000000000000000001e","properties":{"area":173577.13137059836,"elevation":1152.9506358595959,"id":"0000000000000000001e","region":"NE","surface":0.0,"year":2019},"type":"Feature"},{"geometry":{"coordinates":[[[-25.61351807504916,77.63257922598852],[-25.612612782071977,77.63196382685089],[-25.610476913671018,77.63171415115617],[-25.60773902114778,77.63182566406223],[-25.605429076239272,77.63219572324],[-25.60262408698481,77.63235180752993],[-25.602490692846576,77.63243207030996],[-25.602258560556862,77.6329627154357],[-25.599757296600355,77.63331946830434],[-25.598767088265344,77.63379210726823],[-25.597402769627887,77.63423353304616],[-25.596979197424794,77.634750835426],[-25.596368202035496,77.63525023870064],[-25.595757160262202,77.63574963908366],[-25.594013805563883,77.63616438408602],[-25.595815272700815,77.63661921242534],[-25.597755202919625,77.63699375460611],[-25.600359331917133,77.63696255473712],[-25.60253977235353,77.63667269826551],[-25.605611989040423,77.63635604448835],[-25.607168220770234,77.63592802561192],[-25.60815346492467,77.6354553728883],[-25.609709853791543,77.6350273032146],[-25.611457883632045,77.63461258885968],[-25.61168970406407,77.6340819431473],[-25.61192150338809,77.63355129545347],[-25.613477743087454,77.6331232758504],[-25.61351807504916,77.63257922598852]]],"type":"Polygon"},"id":"00000000000000000021_00000000000000000021","properties":{"area":154192.90702805205,"elevation":1273.480670133415,"id":"00000000000000000021","region":"NE","surface":0.0,"year":2019},"type":"Feature"},{"geometry":{"coordinates":[[[-25.657444537547153,77.61447969853546],[-25.656864823126586,77.61379749385674],[-25.654550585739766,77.61339621443045],[-25.651638711397766,77.61336048865368],[-25.648330062996294,77.61356560063226],[-25.648196279325454,77.61364588471521],[-25.64651066187733,77.61415869462462],[-25.64350537475058,77.61456894098046],[-25.641249089535595,77.61503708290655],[-25.64032144052159,77.61560343198283],[-25.637900113181683,77.61578623147992],[-25.635456655464704,77.61624106765348],[-25.63622822649993,77.6169367230663],[-25.634422124811934,77.61739151861856],[-25.632611559434913,77.61784635731364],[-25.633570581978795,77.61855538975705],[-25.635554587552107,77.61916179796528],[-25.63906388746069,77.61883627087299],[-25.64264021350291,77.61846620683534],[-25.64583761786193,77.61806935056303],[-25.647902052823778,77.61758771203948],[-25.65034578979516,77.617132910596],[-25.652405774077348,77.61665136758467],[-25.65409119091263,77.6161385580451],[-25.65558934474062,77.61561680752456],[-25.65651704553141,77.61504606260226],[-25.657444537547153,77.61447969853546]]],"type":"Polygon"},"id":"00000000000000000022_00000000000000000022","properties":{"area":192189.25027834624,"elevation":1276.9229536604005,"id":"00000000000000000022","region":"NE","surface":0.0,"year":2019},"type":"Feature"},{"geometry":{"coordinates":[[[-24.92216091008896,77.45582490153116],[-24.921001598166768,77.45513821134963],[-24.918450984693823,77.45502671114353],[-24.916582812099495,77.45451393114823],[-24.91376018065669,77.45456301380761],[-24.91103545354684,77.45480377078108],[-24.90828421096117,77.45481270511237],[-24.905189726593292,77.45502671770282],[-24.904663465437668,77.45521404183451],[-24.90415526067748,77.4557669358677],[-24.90215740304452,77.45620392426719],[-24.900717110447022,77.45668109420917],[-24.900574408984493,77.45726522477],[-24.900249144042007,77.45783597018487],[-24.901916729349363,77.45846914826285],[-24.904396086324777,77.45862082151409],[-24.90694661955515,77.45873223041949],[-24.909876044291632,77.45837106520722],[-24.91148165909945,77.4580411181328],[-24.913492392342192,77.4584780687515],[-24.9160967691178,77.45817931090046],[-24.91567743909593,77.45755063786594],[-24.915632819741933,77.45695306657854],[-24.917657380653164,77.457251864265],[-24.920212269603415,77.4568594071442],[-24.9214653390111,77.45636452165935],[-24.92216091008896,77.45582490153116]]],"type":"Polygon"},"id":"00000000000000000024_00000000000000000024","properties":{"area":166679.96819011093,"elevation":1195.3108061153578,"id":"00000000000000000024","region":"NE","surface":0.0,"year":2019},"type":"Feature"},{"geometry":{"coordinates":[[[-24.083787503903828,75.76447008146378],[-24.082828816238422,75.763832434092],[-24.08134843113966,75.76335083679356],[-24.07931497142278,75.76323041495714],[-24.077277185615966,75.76310557774235],[-24.074686616913137,75.76334194530558],[-24.072278874070072,75.76345786822708],[-24.069777187296573,75.76363170811364],[-24.067092845787627,75.76392608702317],[-24.066049404192533,75.76424266103685],[-24.06385091340608,75.76458152684026],[-24.062134186987482,75.76496944741068],[-24.060903535786288,75.76540197338494],[-24.059677231576487,75.76583459432025],[-24.059177836657657,75.76633395646775],[-24.05940537428089,75.76690473754334],[-24.060698492387115,75.76750223617894],[-24.06273173522243,75.76762707528377],[-24.064582224123356,75.76786789576381],[-24.067083717703266,75.76769401790176],[-24.069585471380936,75.76752007968386],[-24.072269718520452,75.7672213592217],[-24.0739864768179,75.76683784464504],[-24.075698788410243,75.7664499206784],[-24.07838760793702,75.76615556757976],[-24.080099910334187,75.76576768782054],[-24.080844642259613,75.76529050073505],[-24.083043040076564,75.76494716906537],[-24.083787503903828,75.76447008146378]]],"type":"Polygon"},"id":"00000000000000000026_00000000000000000026","properties":{"area":217591.97613065687,"elevation":1433.0893270311358,"id":"00000000000000000026","region":"NE","surface":0.0,"year":2019},"type":"Feature"},{"geometry":{"coordinates":[[[-24.129841386919725,75.70668457429173],[-24.12442780415257,75.70624314607664],[-24.121730153457,75.70619404933178],[-24.11735132200967,75.70543600593102],[-24.111545713302345,75.7048920398719],[-24.105186779243333,75.70470027326944],[-24.09845808263741,75.7047538129028],[-24.092469478845523,75.70432573277947],[-24.089526534849536,75.70569021385631],[-24.086561055071076,75.70671133905668],[-24.07992593239203,75.7066979803936],[-24.074758098515193,75.70717063140303],[-24.068122902698608,75.70716168955943],[-24.060743171955604,75.70762546532809],[-24.061367223063886,75.70919056247513],[-24.06717300740085,75.70973908416723],[-24.073072299928555,75.71022954546925],[-24.07980553149346,75.71018050687688],[-24.08607500354278,75.7104302065253],[-24.092897598412655,75.71031869143108],[-24.099537209799188,75.7103321083503],[-24.106488842470327,75.70995755904748],[-24.10926698843446,75.7090567987346],[-24.113458383129313,75.70993076437799],[-24.121484961989264,75.7090434675426],[-24.126604018532348,75.70788408808417],[-24.129841386919725,75.70668457429173]]],"type":"Polygon"},"id":"00000000000000000027_00000000000000000027","properties":{"area":806826.8678157757,"elevation":1441.020519673619,"id":"00000000000000000027","region":"NE","surface":0.0,"year":2019},"type":"Feature"},{"geometry":{"coordinates":[[[-23.909601845896386,75.64572864213366],[-23.908754330411107,75.64502856906732],[-23.906962014306323,75.64458270055803],[-23.905075817813785,75.64419475082514],[-23.903278763835694,75.64374880324755],[-23.90130336673408,75.64342331357572],[-23.899136188984333,75.64321818041762],[-23.89706288221034,75.6429506356505],[-23.894342815568173,75.64310225667282],[-23.89312087414244,75.64353032733636],[-23.89108299944849,75.64395392368638],[-23.889763149097842,75.6444444928353],[-23.888929231038365,75.64498396282183],[-23.8880956316758,75.6455191012012],[-23.888942777058844,75.64621920169097],[-23.89073537314788,75.64666505026628],[-23.89280879053683,75.64692819331518],[-23.895065275465953,75.64707532896833],[-23.896763912482008,75.64758364999534],[-23.899301278870478,75.6475524217091],[-23.901651195424073,75.64763715869253],[-23.904099177670073,75.64766836788723],[-23.90661879935758,75.64729382481299],[-23.907693307322212,75.64677656626112],[-23.909490380920733,75.64633062681695],[-23.909601845896386,75.64572864213366]]],"type":"Polygon"},"id":"0000000000000000002a_0000000000000000002a","properties":{"area":214307.9444762495,"elevation":1455.4527917425219,"id":"0000000000000000002a","region":"NE","surface":0.0,"year":2019},"type":"Feature"},{"geometry":{"coordinates":[[[-23.907479190921,75.63207931353013],[-23.906444820347623,75.63149970203409],[-23.90513383006445,75.6310983208436],[-23.903916236635084,75.63063905343724],[-23.90223090739001,75.63047852581035],[-23.9004560757633,75.63037602771163],[-23.89877490649802,75.63021541849585],[-23.896817457562733,75.63023326264536],[-23.894855504423884,75.63025109294246],[-23.892710695484336,75.63038938424361],[-23.892523457429483,75.63050975696036],[-23.89115455189424,75.63085754223613],[-23.88906311319328,75.63113846213578],[-23.888171187599642,75.6315309036687],[-23.888483409257454,75.63203925295488],[-23.88927721049101,75.63259656841572],[-23.89058827689018,75.63299790632416],[-23.89217549419778,75.63321643037294],[-23.893673968113553,75.633497375886],[-23.89498479977888,75.63389863423309],[-23.896483110376504,75.63417958872245],[-23.898351320038362,75.63421970572617],[-23.90003246222259,75.63438026266658],[-23.901900941857438,75.63442480371796],[-23.904233065781757,75.63416617859612],[-23.905361097342677,75.63379614804232],[-23.904808152696283,75.63326100727224],[-23.905218466643404,75.63281954052619],[-23.906346669595674,75.63244947228199],[-23.907479190921,75.63207931353013]]],"type":"Polygon"},"id":"0000000000000000002b_0000000000000000002b","properties":{"area":174103.4357377204,"elevation":1464.5771035280984,"id":"0000000000000000002b","region":"NE","surface":0.0,"year":2019},"type":"Feature"},{"geometry":{"coordinates":[[[-23.609548984533763,74.78986665847137],[-23.60505857064672,74.78955007348884],[-23.60084461947232,74.78868502742961],[-23.59909223981603,74.78727586141775],[-23.594316569997677,74.78678541336274],[-23.59114175551875,74.78559033418165],[-23.586459659157182,74.78503295383686],[-23.582620275167578,74.78391370016935],[-23.577942539442592,74.78336078956866],[-23.572792503992062,74.78312001537951],[-23.567829535689253,74.78275440629211],[-23.563245522524685,74.78213452628522],[-23.55753339323453,74.7822683670871],[-23.55799712797702,74.78361943986907],[-23.562112757081376,74.7845513637686],[-23.56772257574238,74.78411440708325],[-23.571173961675388,74.78512218210408],[-23.575762381929106,74.78574198736067],[-23.579414126698698,74.78698605419137],[-23.582691639356135,74.78847988732855],[-23.587467504414466,74.78897038797228],[-23.59074467482388,74.79046413743504],[-23.59514595656682,74.79120878318055],[-23.600340889513504,74.79123560990561],[-23.603542441117824,74.79149419696833],[-23.609348286791224,74.79129353418757],[-23.609548984533763,74.78986665847137]]],"type":"Polygon"},"id":"0000000000000000002e_0000000000000000002e","properties":{"area":515271.1699045805,"elevation":1731.2451507175138,"id":"0000000000000000002e","region":"NE","surface":0.0,"year":2019},"type":"Feature"},{"geometry":{"coordinates":[[[-29.709126567890074,73.02277394464741],[-29.706990462905196,73.02225666857473],[-29.705492215059987,73.02283193988757],[-29.702723122564624,73.02324217529376],[-29.700502389323738,73.02383076056917],[-29.69830425192389,73.0233758950901],[-29.69549493511022,73.02356761446786],[-29.69496891253939,73.02387536382875],[-29.69518730185356,73.02466009985586],[-29.695307631154726,73.02529781377162],[-29.6930825314495,73.02588643322659],[-29.690193096591546,73.02642144912716],[-29.688859884063394,73.02708141703967],[-29.69059428014014,73.0277815032269],[-29.693461585659406,73.02752289959604],[-29.69608801390351,73.02752285933244],[-29.69859409739759,73.02765218121414],[-29.700671807290803,73.02823632419869],[-29.703115568655594,73.0284325563916],[-29.706228190237308,73.02791530311744],[-29.707119738242756,73.02721966958359],[-29.70800723327736,73.02651954586693],[-29.706455488752397,73.02563220574119],[-29.707124132872117,73.02491874813958],[-29.70890356545561,73.0242900475342],[-29.70846193491712,73.02348739960998],[-29.709126567890074,73.02277394464741]]],"type":"Polygon"},"id":"00000000000000000032_00000000000000000032","properties":{"area":252088.33175208556,"elevation":2118.4509936538543,"id":"00000000000000000032","region":"NE","surface":0.0,"year":2019},"type":"Feature"},{"geometry":{"coordinates":[[[-30.141240023188388,71.59919251672534],[-30.13863597675731,71.59819815795449],[-30.13572861869225,71.59756500826629],[-30.132700930335716,71.59707893468243],[-30.129673329681733,71.5965929177489],[-30.126525104675455,71.59625400831257],[-30.123194068713726,71.59612910607865],[-30.119920996016198,71.59592846633612],[-30.116527782760294,71.5958794612576],[-30.112768635024523,71.59626293347876],[-30.11226470358652,71.59715026625253],[-30.114164408063505,71.59839432465522],[-30.116768557764807,71.59938873774588],[-30.11610850879504,71.59987480832028],[-30.112715082198136,71.59982576614384],[-30.109259296531018,71.59984359292555],[-30.109094445891106,71.60091821466514],[-30.11218453499677,71.6013328965813],[-30.115337123272468,71.60167179014466],[-30.119154268955654,71.60121698006067],[-30.120621253244742,71.60064173489327],[-30.12371125563672,71.6010564641075],[-30.127167146323405,71.6010386715647],[-30.130622819950528,71.60101629907795],[-30.134439831395145,71.60056151379348],[-30.138323889052586,71.60003530889804],[-30.141240023188388,71.59919251672534]]],"type":"Polygon"},"id":"00000000000000000033_00000000000000000033","properties":{"area":466356.073599582,"elevation":1737.4252337538185,"id":"00000000000000000033","region":"NE","surface":0.0,"year":2019},"type":"Feature"},{"geometry":{"coordinates":[[[-29.659559060554592,71.18773791764725],[-29.65924237624101,71.18722069979437],[-29.658457626167586,71.18666771054731],[-29.657436541467032,71.18608806412472],[-29.656098923498735,71.18588741567089],[-29.654564758656253,71.18591415622744],[-29.65303096244548,71.18594091939836],[-29.65137204300678,71.18611924014624],[-29.649579660037254,71.18644924739984],[-29.648259705388437,71.18681930788516],[-29.64740366307992,71.18722960427107],[-29.647020087703922,71.18768440593463],[-29.647805003013662,71.18824181004398],[-29.648821626070404,71.18881701897186],[-29.648201665986736,71.18924959064606],[-29.64781828813595,71.18970435518968],[-29.648603071387935,71.1902617923213],[-29.649815898617433,71.1906096005793],[-29.651474820585946,71.19043568844675],[-29.65326730331447,71.19010569597535],[-29.655055406041896,71.18977573145033],[-29.65591157295965,71.18936547098673],[-29.656999531956156,71.18897307956374],[-29.658555822243063,71.18862527964464],[-29.659175494503916,71.18819278459603],[-29.659559060554592,71.18773791764725]]],"type":"Polygon"},"id":"00000000000000000035_00000000000000000035","properties":{"area":162912.57250031654,"elevation":2126.4533118073136,"id":"00000000000000000035","region":"NE","surface":0.0,"year":2019},"type":"Feature"},{"geometry":{"coordinates":[[[-30.33344057696305,70.86097944596699],[-30.33265136802344,70.86042654770286],[-30.33163036583585,70.8598557499637],[-30.330363874340772,70.8595837880437],[-30.32910205710571,70.85931178592271],[-30.327657146569425,70.85927164413263],[-30.326029587238082,70.85945445078136],[-30.32440642848394,70.85963725089371],[-30.322658583541774,70.85997165943851],[-30.322185822321757,70.86025709999768],[-30.321592929328443,70.86068958709487],[-30.321231779528613,70.86114445447156],[-30.321329734540324,70.86163941316646],[-30.32073678572954,70.86207189740723],[-30.320834873817184,70.86256693188278],[-30.32139219217871,70.8631019425748],[-30.32259605341054,70.86344533880656],[-30.32392037617176,70.86364152110059],[-30.325307246731366,70.86376189632011],[-30.326448846621446,70.86418113265782],[-30.327893648877268,70.86422571783243],[-30.32952120061639,70.86404285239412],[-30.33126909286606,70.86370840442035],[-30.332553386965465,70.86332939886947],[-30.332687051714412,70.8628567001175],[-30.333048294162747,70.86240195968115],[-30.333409596864428,70.8619471033742],[-30.333311521334217,70.86145658725401],[-30.33344057696305,70.86097944596699]]],"type":"Polygon"},"id":"00000000000000000036_00000000000000000036","properties":{"area":200302.34323807593,"elevation":2268.1561474375153,"id":"00000000000000000036","region":"NE","surface":0.0,"year":2019},"type":"Feature"},{"geometry":{"coordinates":[[[-28.353323288207616,80.68819611687563],[-28.35314051511209,80.68769221315767],[-28.352190541593302,80.68715263881629],[-28.350991099990736,80.68659526556576],[-28.349274466965383,80.68602007570352],[-28.347156419281472,80.68551170992691],[-28.345033784430903,80.68500336382402],[-28.34253228180654,80.68470011854609],[-28.339798974972236,80.68452624482528],[-28.337221665586977,80.68426315412287],[-28.33418025362954,80.68425422000547],[-28.330684399180097,80.68448614164116],[-28.329565306085513,80.68479377381857],[-28.32846833772503,80.68523527141944],[-28.328646758886336,80.68573909648042],[-28.32857097057863,80.68623408914553],[-28.328499595899025,80.68672455266929],[-28.329444709365212,80.68726413108661],[-28.330644562640238,80.68781702190577],[-28.332356793037928,80.68839675766924],[-28.33440319896117,80.68894518304162],[-28.336904763907693,80.68924843915958],[-28.339562581336054,80.68946690133224],[-28.342603771956004,80.68948026815919],[-28.34594770990166,80.68932420103431],[-28.34959979906275,80.68900763388578],[-28.352480687445542,80.6886508694106],[-28.353323288207616,80.68819611687563]]],"type":"Polygon"},"id":"00000000000000000039_00000000000000000039","properties":{"area":186344.70892221577,"elevation":1279.4332216187063,"id":"00000000000000000039","region":"NE","surface":0.0,"year":2019},"type":"Feature"},{"geometry":{"coordinates":[[[-28.40253825905231,80.65865896862799],[-28.402351227810414,80.65815514429174],[-28.401914475682783,80.65763786520887],[-28.399871762580926,80.65708936558221],[-28.397677882080345,80.65662563519197],[-28.395559947581624,80.65611732172488],[-28.39275953358438,80.65597903713564],[-28.39003536240583,80.65580518286289],[-28.386552454166427,80.65604148394137],[-28.384773557790023,80.65640265825387],[-28.3816477905275,80.65674601559193],[-28.379030102305148,80.65711617231551],[-28.37793773437552,80.65755760196174],[-28.3786290175489,80.65808824231489],[-28.37881160150167,80.65859208611597],[-28.37950256889881,80.65912275555698],[-28.381469110584682,80.65971137295564],[-28.38411762402855,80.65992981439109],[-28.386846846583314,80.66010816167498],[-28.389950435880934,80.66007700132319],[-28.392826773275015,80.66017062788852],[-28.395631350492554,80.66030882795077],[-28.398249008979626,80.65993876597037],[-28.399849542752314,80.65951962102594],[-28.401191855171096,80.65909150787661],[-28.40253825905231,80.65865896862799]]],"type":"Polygon"},"id":"0000000000000000003a_0000000000000000003a","properties":{"area":157991.29208632724,"elevation":1310.0065654959333,"id":"0000000000000000003a","region":"NE","surface":0.0,"year":2019},"type":"Feature"},{"geometry":{"coordinates":[[[-28.408424519762292,80.6156420731663],[-28.406743456607668,80.61475023414452],[-28.40323841848925,80.61395200997252],[-28.39889990561454,80.61360418495899],[-28.396259990191933,80.61293533876874],[-28.392617165774027,80.61356856525005],[-28.38958031957257,80.61387173707045],[-28.3844925313563,80.61393864991385],[-28.38250815662304,80.61321182767321],[-28.37726877745915,80.6133634365236],[-28.37194914671555,80.613550697189],[-28.371391517402138,80.61370678746891],[-28.36851082546684,80.61437563224632],[-28.37135160225873,80.61523624248153],[-28.37242186238659,80.61600769433437],[-28.370298987778767,80.61671224584548],[-28.374789435393065,80.61697980487568],[-28.379123673431817,80.61732315720405],[-28.378521660486932,80.61810343322676],[-28.382454668970052,80.6185225899286],[-28.38686491050527,80.61882581845369],[-28.39143087150169,80.61904877575965],[-28.39629547304076,80.6191067547189],[-28.401209466159273,80.6185315394911],[-28.404344152906518,80.61787603603442],[-28.406212796654614,80.61715369128711],[-28.407826976639985,80.6164224058379],[-28.408424519762292,80.6156420731663]]],"type":"Polygon"},"id":"0000000000000000003b_0000000000000000003b","properties":{"area":333453.0961162729,"elevation":1298.4055727888806,"id":"0000000000000000003b","region":"NE","surface":538.9058823529411,"year":2019},"type":"Feature"},{"geometry":{"coordinates":[[[-28.391100776578003,80.58706363880496],[-28.390793109175117,80.58632793324973],[-28.38952219664445,80.58581958883808],[-28.38971857515931,80.5851060781653],[-28.38683367820967,80.58442386769615],[-28.38627148648245,80.58367922577632],[-28.385963981046896,80.58294341751302],[-28.382749066258754,80.58229237335334],[-28.38181255372647,80.58174837259749],[-28.37885156927056,80.58111076393914],[-28.37622069903571,80.58044191195621],[-28.372029119744084,80.58032597864756],[-28.37031701165797,80.58096359783079],[-28.37062895557519,80.58169932941313],[-28.366691838628643,80.5820471596496],[-28.365483326320227,80.58270713372032],[-28.364528984235346,80.58338041504183],[-28.366954567674778,80.58385756226325],[-28.3684263838543,80.58456210401286],[-28.37156115049964,80.58525326289993],[-28.371164071057272,80.58577495362414],[-28.373139766698582,80.58650183850264],[-28.377032509502186,80.58678271862279],[-28.3807735912858,80.58714388485367],[-28.384514526705452,80.58750957254387],[-28.388630432304314,80.58766560075388],[-28.391100776578003,80.58706363880496]]],"type":"Polygon"},"id":"0000000000000000003c_0000000000000000003c","properties":{"area":226048.39466414682,"elevation":1291.4674019447884,"id":"0000000000000000003c","region":"NE","surface":0.0,"year":2019},"type":"Feature"},{"geometry":{"coordinates":[[[-27.983499055292306,80.23373787141715],[-27.98328938996185,80.2332295401622],[-27.981438641876036,80.23264094378324],[-27.978959310185797,80.2323956842823],[-27.977929614057498,80.23184718229196],[-27.97551705342939,80.23157077728473],[-27.972533984274726,80.2316064593917],[-27.969055615933936,80.23191852886396],[-27.968347103781355,80.23218611433369],[-27.966505409047638,80.2325874288362],[-27.965484264720317,80.23302889051338],[-27.96568928802538,80.23353276040976],[-27.96405297525166,80.23394298764221],[-27.964940132021752,80.23444682508577],[-27.96398125945599,80.23485261226719],[-27.966268746439162,80.23520046021606],[-27.96748648366266,80.23564635962094],[-27.968516362754364,80.23619484238415],[-27.969671140637658,80.23667191774838],[-27.97183862291304,80.23709112221616],[-27.975320885733634,80.23677448523972],[-27.978803449129135,80.23646239260941],[-27.980854583428343,80.23607445211096],[-27.981875675164385,80.23563302687289],[-27.982076540063602,80.23514697742188],[-27.9828925562526,80.23469655378707],[-27.98329827628774,80.23421949113605],[-27.983499055292306,80.23373787141715]]],"type":"Polygon"},"id":"0000000000000000003f_0000000000000000003f","properties":{"area":155516.62997710297,"elevation":1294.555542738494,"id":"0000000000000000003f","region":"NE","surface":90.26274509803922,"year":2019},"type":"Feature"},{"geometry":{"coordinates":[[[-27.49428650517678,80.12164496654913],[-27.493452852979587,80.12064615336163],[-27.49104922397576,80.1200173921959],[-27.49016206558728,80.11917020271956],[-27.487098554829412,80.1186618351721],[-27.490839490733713,80.11783250689686],[-27.486148568618002,80.11711899697599],[-27.484115311186848,80.11762282707191],[-27.47929953084503,80.11698079175206],[-27.47326652341861,80.11699415308038],[-27.47321288539548,80.11786815800782],[-27.46743366551908,80.11774776639926],[-27.462680120843732,80.11851915868088],[-27.4595366736423,80.11937973282235],[-27.45659785692145,80.12024927441429],[-27.45507762705233,80.12119902381548],[-27.45744976643223,80.12220685974904],[-27.459349428590556,80.12322352808715],[-27.46336250627742,80.12382544971393],[-27.467781297975442,80.12444528919156],[-27.47368975598473,80.12449877425612],[-27.475491236494086,80.12364270118476],[-27.480949312222958,80.12393691329702],[-27.486861983423644,80.12399052469594],[-27.491245573167987,80.12354012900657],[-27.49296672097475,80.12260368620744],[-27.49428650517678,80.12164496654913]]],"type":"Polygon"},"id":"00000000000000000041_00000000000000000041","properties":{"area":441145.82740212814,"elevation":1271.8402915190752,"id":"00000000000000000041","region":"NE","surface":0.0,"year":2019},"type":"Feature"},{"geometry":{"coordinates":[[[-27.12552774529715,80.08594545682853],[-27.123650609909046,80.08496442114019],[-27.124247744308242,80.08412162790928],[-27.122321529927653,80.08327892359101],[-27.119565761493355,80.08339483473574],[-27.119926871272536,80.0824717627427],[-27.11480369215522,80.08228898242292],[-27.113341136649463,80.08244055435493],[-27.108493971886944,80.08190099121825],[-27.10301788120363,80.08170033764891],[-27.103343677686407,80.08225329300751],[-27.10610386056175,80.0832833829825],[-27.104150554550518,80.08411716648156],[-27.107013343049324,80.0848796808235],[-27.11134792944431,80.08465227378205],[-27.111758011663134,80.08568234312794],[-27.10954183351867,80.08592756299558],[-27.10783831608279,80.0849599394029],[-27.104351554422863,80.08567340377009],[-27.10622859553498,80.08665441992625],[-27.10469033115306,80.08757749639949],[-27.108948789229323,80.08801442865685],[-27.112863833755576,80.08863876197674],[-27.117487782052873,80.08825523248343],[-27.121572429734663,80.0877424086137],[-27.124524541912795,80.0868951905874],[-27.12552774529715,80.08594545682853]]],"type":"Polygon"},"id":"00000000000000000042_00000000000000000042","properties":{"area":222710.03946436086,"elevation":1185.9320043964826,"id":"00000000000000000042","region":"NE","surface":468.56862745098,"year":2019},"type":"Feature"},{"geometry":{"coordinates":[[[-27.563714777163227,79.96843475915436],[-27.560521873170675,79.96785951539792],[-27.560985789516142,79.967279803598],[-27.560972222023935,79.96653966197573],[-27.560606894845275,79.96578156412278],[-27.559964394781886,79.96517511714339],[-27.557414021325755,79.96466675643295],[-27.554332867388965,79.96402916892016],[-27.550756446214262,79.96366795941661],[-27.54640450825103,79.96373037812121],[-27.542279829912925,79.96367237635454],[-27.542012005699466,79.96392657682303],[-27.54073701734037,79.96452405811645],[-27.539171708568947,79.96517957429882],[-27.535314565593083,79.96550510271246],[-27.531867966346077,79.96591980238917],[-27.533570960729165,79.96668229785321],[-27.533058379132413,79.96739131099292],[-27.5364514921992,79.9676454595742],[-27.538043866457294,79.96847041308779],[-27.540995641603537,79.96896980105997],[-27.545566047764808,79.96878250833164],[-27.548406663836833,79.96870226316128],[-27.552254898082953,79.96827865096168],[-27.556441834704927,79.96830543173624],[-27.559616803202175,79.968679992587],[-27.563714777163227,79.96843475915436]]],"type":"Polygon"},"id":"00000000000000000043_00000000000000000043","properties":{"area":238587.2248021821,"elevation":1325.603793594522,"id":"00000000000000000043","region":"NE","surface":0.0,"year":2019},"type":"Feature"},{"geometry":{"coordinates":[[[-27.48196604835165,79.84956398436756],[-27.481791839099827,79.84851612518743],[-27.476423300666976,79.84821732920037],[-27.47134864676608,79.84775363454743],[-27.466274466231987,79.84815051799612],[-27.462430690836076,79.84757523227047],[-27.45828803269992,79.8480211784001],[-27.452995374682256,79.84768226919795],[-27.44696226260053,79.84775364150697],[-27.44693508037258,79.84833777626126],[-27.444183914800714,79.84873019153734],[-27.438797422149527,79.84915379767654],[-27.43856098775454,79.8500010179076],[-27.441842953187205,79.85031763642559],[-27.43912283216053,79.85111576347077],[-27.440179805319996,79.85167319001123],[-27.440790470665654,79.85247582708934],[-27.445129420591265,79.85335425791207],[-27.451385406051493,79.8531580405978],[-27.455331616073792,79.8539651267789],[-27.458377263042994,79.85341221923122],[-27.463371655982648,79.85292169872781],[-27.46785734344688,79.85285484460883],[-27.47071994581796,79.85197193394032],[-27.474987328425048,79.85116930283931],[-27.480271462953628,79.8505138014727],[-27.48196604835165,79.84956398436756]]],"type":"Polygon"},"id":"00000000000000000045_00000000000000000045","properties":{"area":411632.8567836471,"elevation":1271.1836973304892,"id":"00000000000000000045","region":"NE","surface":140.4156862745098,"year":2019},"type":"Feature"},{"geometry":{"coordinates":[[[-27.773332634959708,79.69934138679261],[-27.77275730628303,79.69836478259919],[-27.768592684777378,79.69799473695346],[-27.765716534065845,79.69688881663733],[-27.762238250884845,79.69583650956031],[-27.757756762167197,79.69536386060454],[-27.752994732720495,79.69505172298972],[-27.747010350619377,79.69544410372764],[-27.743666145413524,79.69620662827906],[-27.739108795470305,79.69635819471232],[-27.736580425368334,79.6969423624268],[-27.731742457305316,79.69667036981346],[-27.731301002457737,79.69678179551346],[-27.730948805490463,79.69771379242839],[-27.733129294144423,79.69878395145525],[-27.735082220823205,79.69984077654898],[-27.73403898268141,79.70073255807655],[-27.737325275410925,79.70145497831048],[-27.742524480890072,79.70151740828796],[-27.747474164675964,79.70143266885798],[-27.7515277080192,79.7008440519479],[-27.75141613245947,79.69988984615115],[-27.75443030655468,79.70019302784934],[-27.758840336247275,79.70070582900746],[-27.76464600907661,79.70012615468013],[-27.769809895516953,79.69991662073619],[-27.773332634959708,79.69934138679261]]],"type":"Polygon"},"id":"00000000000000000048_00000000000000000048","properties":{"area":392255.59556082153,"elevation":1284.8936223799706,"id":"00000000000000000048","region":"NE","surface":111.0,"year":2019},"type":"Feature"},{"geometry":{"coordinates":[[[-27.701483009366147,79.66783782266408],[-27.69999820208674,79.66680776538777],[-27.694963884136964,79.66666062360346],[-27.691641688603674,79.66552800359337],[-27.686821517870204,79.66525597738038],[-27.68235771291667,79.66478330480491],[-27.679200809956104,79.66442663620079],[-27.674037278248854,79.664497940066],[-27.67322570979249,79.66539865841798],[-27.670327565212574,79.66532735367484],[-27.66564979715068,79.6649750893773],[-27.660040039413094,79.66515789045887],[-27.65721738440692,79.66576877808662],[-27.65332904579411,79.66641090151752],[-27.65136265863278,79.66724918751238],[-27.65358769905855,79.66814104392672],[-27.658479411915803,79.6683729008844],[-27.66316140692277,79.66872516228422],[-27.66798155637344,79.66899270127216],[-27.672873367461374,79.66922456756696],[-27.674755031133337,79.6697373596378],[-27.679620075625614,79.66969283461182],[-27.684730095364195,79.66979532387559],[-27.69033963607155,79.66961255437701],[-27.69532076542739,79.66921120616549],[-27.70135830129428,79.668783141222],[-27.701483009366147,79.66783782266408]]],"type":"Polygon"},"id":"00000000000000000049_00000000000000000049","properties":{"area":393148.5569074923,"elevation":1265.9932600893167,"id":"00000000000000000049","region":"NE","surface":60.0,"year":2019},"type":"Feature"},{"geometry":{"coordinates":[[[-23.999582051970116,78.98995186880373],[-23.99939899307381,78.98935881697024],[-23.99758848456919,78.98875237656574],[-23.995965445096147,78.98805679198885],[-23.993887750357917,78.98758851717109],[-23.991252429942715,78.98739682997362],[-23.988157636604047,78.98743254099297],[-23.985156805027405,78.9874235867119],[-23.982155717569814,78.98741016399664],[-23.979154761013113,78.98740125285045],[-23.976060407945415,78.9874369833689],[-23.972782714209053,78.98756182461557],[-23.972287846224074,78.98794524553509],[-23.973429382370686,78.98860974117186],[-23.97409359328796,78.98923395012343],[-23.973558683234927,78.98977352700787],[-23.97512364398602,78.99036212863581],[-23.977482878580236,78.99069211023927],[-23.97965852374365,78.99111124832919],[-23.98146465918369,78.9917177357942],[-23.983636108995512,78.99214130323152],[-23.98673078747882,78.99210565234894],[-23.989919078528683,78.99202536713558],[-23.993383938423733,78.99180685368987],[-23.99559089851273,78.99138774665789],[-23.99779838065418,78.99097302598963],[-23.99952839314981,78.99052267657393],[-23.999582051970116,78.98995186880373]]],"type":"Polygon"},"id":"0000000000000000004c_0000000000000000004c","properties":{"area":230309.3986470164,"elevation":833.8159799859277,"id":"0000000000000000004c","region":"NE","surface":0.0,"year":2019},"type":"Feature"},{"geometry":{"coordinates":[[[-25.835023781677567,78.89768865407741],[-25.83493004100192,78.89594512711177],[-25.831371549421043,78.89446025000733],[-25.825463286259996,78.8929976483425],[-25.819144871731826,78.89150382139566],[-25.81232237116829,78.89029094847275],[-25.80529042637904,78.88919403381982],[-25.797398112983178,78.88857424458293],[-25.790205411694277,78.88885065225601],[-25.781483271312922,78.88919850384458],[-25.7817866485526,78.88979603252835],[-25.789393557981604,78.8905763447064],[-25.797286543871873,78.89119616541133],[-25.804532457381505,78.89217272806667],[-25.811136528370646,78.89350601074064],[-25.815934454856695,78.8950755647326],[-25.820549455009118,78.89623050224465],[-25.82339429102273,78.89811223808853],[-25.82266741400658,78.89966401960984],[-25.821726796956373,78.90134063698054],[-25.814801767687207,78.90261143134613],[-25.814007892905757,78.90407406231473],[-25.82392525399294,78.90357912657375],[-25.831171139000965,78.90263818571569],[-25.832936827948004,78.90101959033575],[-25.833877799581572,78.89934737916417],[-25.835023781677567,78.89768865407741]]],"type":"Polygon"},"id":"00000000000000000051_00000000000000000051","properties":{"area":543177.5136390453,"elevation":1046.042170282284,"id":"00000000000000000051","region":"NE","surface":0.0,"year":2019},"type":"Feature"},{"geometry":{"coordinates":[[[-27.479995029094813,78.62762763473012],[-27.479161047295456,78.62647717140743],[-27.47710547639858,78.62524650111693],[-27.472414560855533,78.62468909733549],[-27.467652496458722,78.6241718473451],[-27.462252086516227,78.6240559060354],[-27.459590142768842,78.62446168988193],[-27.459202222030285,78.62554078134933],[-27.459875752664757,78.626374655412],[-27.455617366038165,78.62707918019036],[-27.45438625902837,78.62770787140363],[-27.45173345669265,78.62824747423008],[-27.45032871990542,78.62926411833297],[-27.449236106083433,78.62994633115503],[-27.448286543261194,78.62900549442682],[-27.44346181535724,78.62852836485801],[-27.443608525933502,78.62954948559846],[-27.445490484114107,78.63032988164716],[-27.4468548968028,78.63142680381436],[-27.45200532499274,78.63170323413019],[-27.456959507561404,78.63210012970121],[-27.46274725274768,78.63197972820474],[-27.469306396167568,78.63137326822535],[-27.473556102826937,78.63053494315407],[-27.47678906881818,78.62963424075762],[-27.478394358206373,78.62863091758086],[-27.479995029094813,78.62762763473012]]],"type":"Polygon"},"id":"00000000000000000053_00000000000000000053","properties":{"area":436604.5757505903,"elevation":1228.325315654463,"id":"00000000000000000053","region":"NE","surface":152.0,"year":2019},"type":"Feature"},{"geometry":{"coordinates":[[[-27.67495137117183,78.58510115480878],[-27.671237112897654,78.58350926964302],[-27.67033180337357,78.58182373406082],[-27.664619857787304,78.58037007952773],[-27.65762777468379,78.58028981508929],[-27.652615622296203,78.57980380332899],[-27.653552056781837,78.58047709203652],[-27.651108535504473,78.58160521903325],[-27.64658702398749,78.5820734749629],[-27.64159743130896,78.58325957065576],[-27.650247966516506,78.58313468118189],[-27.654568966223735,78.58335770384981],[-27.656949947902774,78.58509223808285],[-27.652112000371027,78.58646566911128],[-27.64512912952726,78.58651920560372],[-27.644865798226597,78.58795500140486],[-27.64309117045679,78.58837412825511],[-27.63999649071751,78.58976990399619],[-27.641530273583122,78.59034952034841],[-27.648299372126118,78.58944434760606],[-27.64917327292192,78.59086678031358],[-27.65387316262079,78.59084894868684],[-27.6606155391742,78.59038525162981],[-27.665796799407044,78.58907426542258],[-27.669939346325773,78.58814233576331],[-27.673359416207976,78.58667974958209],[-27.67495137117183,78.58510115480878]]],"type":"Polygon"},"id":"00000000000000000054_00000000000000000054","properties":{"area":548620.9837306694,"elevation":1229.2905201083418,"id":"00000000000000000054","region":"NE","surface":0.0,"year":2019},"type":"Feature"},{"geometry":{"coordinates":[[[-26.123433716492098,78.71734919601457],[-26.122216772226345,78.71557894953982],[-26.12188671614331,78.71355892224938],[-26.12054434461551,78.71146765367399],[-26.12096369263567,78.70940755503072],[-26.12037077303229,78.70728056103654],[-26.1205890927759,78.70520708316946],[-26.10965532570209,78.70536318964314],[-26.10924062699705,78.70547016543354],[-26.104224186357104,78.70704421898985],[-26.1121703855889,78.70859596738316],[-26.110729905994226,78.71058921937181],[-26.11308861554265,78.71274739202175],[-26.113276115846137,78.7148476245846],[-26.11407424526333,78.71699253016737],[-26.11263378564524,78.71898567627039],[-26.11139903163545,78.72098783893918],[-26.10609232668692,78.72272243355795],[-26.101816429211656,78.72426083256646],[-26.09400404687936,78.72573676917865],[-26.09792319855786,78.72635212379947],[-26.10370699876266,78.72616482477605],[-26.11225958443628,78.72491186731253],[-26.118582560400615,78.72324859866126],[-26.12144075484662,78.7213489847083],[-26.12247534083597,78.71932900357604],[-26.123433716492098,78.71734919601457]]],"type":"Polygon"},"id":"00000000000000000055_00000000000000000055","properties":{"area":555978.1737764201,"elevation":1067.4913193741306,"id":"00000000000000000055","region":"NE","surface":0.0,"year":2019},"type":"Feature"},{"geometry":{"coordinates":[[[-25.328162244308484,78.78830241022361],[-25.324741923259204,78.7876602890549],[-25.32346672005451,78.78685769319306],[-25.319832776749376,78.78633598202282],[-25.314740374396788,78.78660798356894],[-25.30935829547476,78.78703605973097],[-25.309210890613663,78.78711630773053],[-25.306535698376248,78.78782530923685],[-25.305077481786007,78.78861456767048],[-25.300595823082208,78.7889311353184],[-25.302090043441552,78.78961340383862],[-25.307182307603806,78.78934139708154],[-25.310892260978786,78.78982299886572],[-25.310829454575416,78.7903580711193],[-25.31196253968864,78.79124098890904],[-25.312542074984588,78.79217288763681],[-25.312510782637634,78.7930647439539],[-25.313701251828107,78.79404127146329],[-25.31646159804686,78.79503568987984],[-25.32081334931647,78.79467000764906],[-25.322071052791056,78.79386290428941],[-25.32474629907539,78.79315392195002],[-25.323350859348537,78.79216402411797],[-25.32512992255868,78.79157538376363],[-25.324608333720384,78.79073267042287],[-25.326267194322853,78.78995678442523],[-25.32710980796903,78.7891228768474],[-25.328162244308484,78.78830241022361]]],"type":"Polygon"},"id":"00000000000000000056_00000000000000000056","properties":{"area":289078.0308444819,"elevation":992.6660722641672,"id":"00000000000000000056","region":"NE","surface":0.0,"year":2019},"type":"Feature"},{"geometry":{"coordinates":[[[-27.173529901308665,78.59545073285001],[-27.170172359566042,78.59422003459599],[-27.16156168310584,78.595397299882],[-27.15722291803663,78.59463478525454],[-27.15306709293427,78.59485767824754],[-27.138477014104527,78.59613301394683],[-27.141446821988087,78.59636929724742],[-27.13812905346851,78.59717202419105],[-27.127904471060926,78.59837590187614],[-27.141085567435287,78.59850968013208],[-27.153098378505007,78.59936136235606],[-27.152353619217802,78.60187637732392],[-27.14601300526904,78.60412370786945],[-27.136358989288286,78.60606791837249],[-27.12487679440952,78.60790054491503],[-27.113033083919657,78.60926503458455],[-27.099312547321095,78.60945233041923],[-27.098505664879244,78.61090157970949],[-27.112556212449352,78.61051810803465],[-27.127048098507046,78.60958610523012],[-27.1416519801384,78.60830635943363],[-27.152652543907536,78.60635775510329],[-27.160210528625782,78.60418613265698],[-27.16573983745246,78.60188967733083],[-27.169240388741738,78.5994639265875],[-27.172754086619708,78.59730133193688],[-27.173529901308665,78.59545073285001]]],"type":"Polygon"},"id":"00000000000000000057_00000000000000000057","properties":{"area":819093.4039104854,"elevation":1167.209406681819,"id":"00000000000000000057","region":"NE","surface":77.0,"year":2019},"type":"Feature"},{"geometry":{"coordinates":[[[-25.73324457093749,78.72501884098116],[-25.72979342931848,78.72389072172844],[-25.72703336494356,78.72263325511507],[-25.722872947190506,78.72190640363785],[-25.719140411036022,78.72093430997967],[-25.7151942665877,78.72008709375375],[-25.7111054864179,78.71931569412136],[-25.706450187639657,78.71886530186698],[-25.70229410946886,78.71813398217779],[-25.697924226816507,78.71752309277257],[-25.693130627866427,78.71714855961575],[-25.68833264471986,78.71677399782148],[-25.68197389948278,78.71727789084635],[-25.68440869270924,78.71833466695762],[-25.688564638780253,78.71906598326616],[-25.693286730303782,78.71947615945932],[-25.69751844149056,78.72016735646275],[-25.701817015812562,78.72081834419787],[-25.706329720269842,78.72134900492459],[-25.710133394660247,78.72228098183714],[-25.714717246159207,78.72277146853348],[-25.717571171857447,78.72372574918123],[-25.720879797250877,78.72492964370305],[-25.72357731067367,78.72609350829515],[-25.728032227518003,78.72653497350927],[-25.73296373599464,78.72606678910618],[-25.73324457093749,78.72501884098116]]],"type":"Polygon"},"id":"00000000000000000058_00000000000000000058","properties":{"area":323737.6255687665,"elevation":1042.0360907093877,"id":"00000000000000000058","region":"NE","surface":0.0,"year":2019},"type":"Feature"},{"geometry":{"coordinates":[[[-25.554180758053985,78.70392286868828],[-25.55349854377822,78.7031648084506],[-25.55097908595302,78.70254056708205],[-25.5468096989313,78.70283486972042],[-25.542573485482762,78.70316478338806],[-25.542087538346298,78.70330746866021],[-25.53972885869419,78.70386045721733],[-25.53907316988657,78.7043509530711],[-25.53604562014775,78.70476563734857],[-25.534698909171052,78.70538538899415],[-25.532522701734347,78.70545676930784],[-25.530436020278565,78.70598295336315],[-25.529374645748966,78.70644226292508],[-25.527626709521048,78.70703529624951],[-25.526681377760365,78.7076818440225],[-25.528121555506747,78.70827498148842],[-25.529905376462114,78.70879661015707],[-25.532215215825314,78.7095368954114],[-25.53659841867995,78.70912658801612],[-25.540170099886975,78.70866292788202],[-25.54192266134189,78.70806984139087],[-25.543269161749787,78.70744999003969],[-25.546439609358156,78.7069550496443],[-25.548593349718303,78.70638876326633],[-25.548521982201024,78.7056708405301],[-25.55067590936991,78.70510900576669],[-25.55283406828903,78.70454269921574],[-25.554180758053985,78.70392286868828]]],"type":"Polygon"},"id":"0000000000000000005a_0000000000000000005a","properties":{"area":222863.3204326569,"elevation":1031.6120059501911,"id":"0000000000000000005a","region":"NE","surface":0.0,"year":2019},"type":"Feature"},{"geometry":{"coordinates":[[[-26.63879025492428,78.5746936688559],[-26.637376503442958,78.57393559930077],[-26.63589618156558,78.5730839289717],[-26.637969791089887,78.5721162798119],[-26.637826946136432,78.57099700636105],[-26.634937514511133,78.56978862594481],[-26.63580245293534,78.56874077253984],[-26.63164193647784,78.56815659866074],[-26.629354671639,78.56698387306105],[-26.626737136318653,78.56628375156546],[-26.622041644875438,78.56574870505005],[-26.616409801008846,78.5657799386901],[-26.615874726689075,78.56596269346042],[-26.611790076104842,78.56680102425818],[-26.615816964041052,78.56773298945978],[-26.618568098885472,78.56849100249697],[-26.621791895683423,78.56949877247641],[-26.624279913755526,78.57055112338712],[-26.623415001284027,78.57159901394151],[-26.621136519799652,78.57255773358243],[-26.616106397204305,78.5728921462271],[-26.616650688796017,78.57403370064277],[-26.62141767582181,78.57452421501247],[-26.62664797014255,78.57473827870649],[-26.630946474455765,78.57524210197788],[-26.63604758427542,78.57553194646054],[-26.63879025492428,78.5746936688559]]],"type":"Polygon"},"id":"0000000000000000005c_0000000000000000005c","properties":{"area":351762.99111884093,"elevation":1105.5644513780553,"id":"0000000000000000005c","region":"NE","surface":595.0,"year":2019},"type":"Feature"},{"geometry":{"coordinates":[[[-26.48170503775909,78.57402925165542],[-26.480777360885693,78.5727271978479],[-26.478102049709154,78.57139388505104],[-26.473147812241265,78.57062249732239],[-26.46818955242763,78.56985108190958],[-26.462223008736167,78.56967714452804],[-26.455650242568073,78.56985996585679],[-26.448538052969905,78.57036388061827],[-26.448596230617824,78.57098814849502],[-26.454022785286572,78.57147862333746],[-26.459926581686886,78.57169717889064],[-26.46306592929504,78.57274502225137],[-26.46332459352867,78.57391777848824],[-26.460029252563128,78.57493893332989],[-26.455124113795527,78.57585301351178],[-26.452426571778968,78.5769187231891],[-26.44752126184393,78.57756532848035],[-26.442161511072072,78.57703025704421],[-26.440204111244178,78.57805584371195],[-26.445635451319617,78.57855078378932],[-26.451739800870318,78.57864439950787],[-26.458655781241813,78.57826089939606],[-26.465643287401882,78.5775741884873],[-26.470543723530703,78.57692319879499],[-26.476657230589428,78.57608933296417],[-26.478810958980873,78.57507710666704],[-26.48170503775909,78.57402925165542]]],"type":"Polygon"},"id":"0000000000000000005d_0000000000000000005d","properties":{"area":422443.0480902894,"elevation":1108.157862115809,"id":"0000000000000000005d","region":"NE","surface":409.17647058823525,"year":2019},"type":"Feature"},{"geometry":{"coordinates":[[[-26.054848519565507,78.5965209698489],[-26.05459435715076,78.59472839138364],[-26.05454082784967,78.59294476076727],[-26.052476099987594,78.59102734936049],[-26.050277982079006,78.58919019562218],[-26.044436488179027,78.58763838282782],[-26.037230840491464,78.58661283078436],[-26.02816063063226,78.58666185969363],[-26.02666706701176,78.58700526390253],[-26.018631741029047,78.58788367902694],[-26.016067680484678,78.58948451383216],[-26.016669827959056,78.59094706024588],[-26.01497969817419,78.59256573343625],[-26.023287086424585,78.59166501505588],[-26.032704785290527,78.59141972187238],[-26.03646800817361,78.59287344143436],[-26.038599404069956,78.59475068510261],[-26.03939303381144,78.59649416658044],[-26.038037616874938,78.59817971658178],[-26.03172795221963,78.59935249335332],[-26.022747245269912,78.60011942497027],[-26.024450946741958,78.60108262650637],[-26.03298102303898,78.60135015675154],[-26.04254160642081,78.60102019011799],[-26.049528808461737,78.59971814989618],[-26.053898855980286,78.5982377315833],[-26.054848519565507,78.5965209698489]]],"type":"Polygon"},"id":"0000000000000000005f_0000000000000000005f","properties":{"area":795108.1138189427,"elevation":1068.9607249345581,"id":"0000000000000000005f","region":"NE","surface":547.3058823529415,"year":2019},"type":"Feature"},{"geometry":{"coordinates":[[[-26.12174395875656,78.54525465032872],[-26.121257864358714,78.54397936278656],[-26.11997379295256,78.54264604772227],[-26.115532589210176,78.54158930295071],[-26.109574914124877,78.54167401092857],[-26.10458984970275,78.54093376443018],[-26.098552121824465,78.54132169112066],[-26.09371859385797,78.54179437421875],[-26.087681066235128,78.54218235862149],[-26.086191365906735,78.54252569708378],[-26.081745774360243,78.54328818293821],[-26.080426029681064,78.5444430955458],[-26.081924155834553,78.54538845558795],[-26.086704352015182,78.54624901602885],[-26.090699751684706,78.54678857031293],[-26.088518939496645,78.54766255263608],[-26.086137997980018,78.54865252481521],[-26.089201327494557,78.54895122850712],[-26.085553784236936,78.54977176419955],[-26.090155907141007,78.55021765835133],[-26.09713412238643,78.54980296843912],[-26.10152166002152,78.54894677875508],[-26.10280609600732,78.54859005074677],[-26.108183780411764,78.54806394011578],[-26.11290588708274,78.54714089674992],[-26.118025052107928,78.54624454668657],[-26.12174395875656,78.54525465032872]]],"type":"Polygon"},"id":"00000000000000000060_00000000000000000060","properties":{"area":593316.9764364331,"elevation":1079.9812704825483,"id":"00000000000000000060","region":"NE","surface":0.0,"year":2019},"type":"Feature"},{"geometry":{"coordinates":[[[-23.920923176955483,78.81527996624727],[-23.916294743029777,78.81429009367909],[-23.91155463857705,78.81308609815393],[-23.904692273958624,78.8129433836029],[-23.896634712802577,78.81340718773494],[-23.894944846618127,78.81370593093746],[-23.89087339387322,78.81478503185228],[-23.88663734015997,78.81553414793149],[-23.887765554287242,78.81689863280356],[-23.89329020794437,78.81619410458319],[-23.898405139475685,78.8165240755592],[-23.899537518447797,78.81788853970924],[-23.896656942305125,78.81905685147697],[-23.892585953640527,78.82013594290883],[-23.88797957615979,78.82107234104477],[-23.88289170230733,78.82196861737191],[-23.875543003037393,78.82248586657937],[-23.87798662957669,78.82346689371462],[-23.886418900947167,78.82282033894619],[-23.89374512748432,78.82272672108772],[-23.89686646364581,78.82157622356908],[-23.903327691379626,78.82067553923325],[-23.909552713144425,78.81975687969862],[-23.914453416236004,78.8189498168793],[-23.917324829071738,78.81777712954417],[-23.919723847438096,78.81657315833786],[-23.920923176955483,78.81527996624727]]],"type":"Polygon"},"id":"00000000000000000067_00000000000000000067","properties":{"area":459379.7372238552,"elevation":878.4755003772759,"id":"00000000000000000067","region":"NE","surface":0.0,"year":2019},"type":"Feature"},{"geometry":{"coordinates":[[[-23.738162663710938,78.80456035230206],[-23.73654847638537,78.80358819209445],[-23.733846339634642,78.80274098065844],[-23.728905418726715,78.8027409787597],[-23.723126569157916,78.80316012166801],[-23.718779056209407,78.80368186019102],[-23.714007716521238,78.8042838373356],[-23.715858076461142,78.80527822071916],[-23.712014460622775,78.80541199699915],[-23.71381608728432,78.80629488340685],[-23.716585060988635,78.80559925484978],[-23.718613947903197,78.8062324296255],[-23.71646484738276,78.80703062956772],[-23.713838338248028,78.80778872427231],[-23.708241947873397,78.80811421612103],[-23.70465705108065,78.80880532226927],[-23.705129858605154,78.80979976868171],[-23.709517450646135,78.81007621707435],[-23.715011066781763,78.80953221563155],[-23.720023068776417,78.80895254640735],[-23.724557828486198,78.8083326887524],[-23.72813857636476,78.80764604397312],[-23.7312423256987,78.80691915708745],[-23.73363220591409,78.80613880062346],[-23.73649507349557,78.80539414411963],[-23.738162663710938,78.80456035230206]]],"type":"Polygon"},"id":"00000000000000000068_00000000000000000068","properties":{"area":284338.32147509186,"elevation":875.0764943623539,"id":"00000000000000000068","region":"NE","surface":0.0,"year":2019},"type":"Feature"},{"geometry":{"coordinates":[[[-23.953225090511307,78.71133387368809],[-23.952605297637874,78.70915784679914],[-23.94985863707,78.70682124059483],[-23.940476651223598,78.70606322750865],[-23.928271923777636,78.70673656623303],[-23.92593992703611,78.70709329063553],[-23.917552248711797,78.70859157958425],[-23.91295480908552,78.71037517220878],[-23.910284048009512,78.71214542677035],[-23.919728233909634,78.71094149613047],[-23.931540717573498,78.70991589008572],[-23.936548164121902,78.71151668811721],[-23.936690850949645,78.71365706058076],[-23.93517004692162,78.71567259454726],[-23.933176983466932,78.71765246651405],[-23.92905211087313,78.71947172897073],[-23.92397786899365,78.72121973981416],[-23.91913542866777,78.7229855086699],[-23.915242328538017,78.72482264015639],[-23.924824972649454,78.72410917222199],[-23.932508065083464,78.72255746699878],[-23.937823540317588,78.72082728308074],[-23.94242078590605,78.71904369044695],[-23.945123016148646,78.7171173273469],[-23.949247593032823,78.7152980384524],[-23.952181714380657,78.71338952851677],[-23.953225090511307,78.71133387368809]]],"type":"Polygon"},"id":"0000000000000000006b_0000000000000000006b","properties":{"area":775892.1682128567,"elevation":927.9430201704736,"id":"0000000000000000006b","region":"NE","surface":0.0,"year":2019},"type":"Feature"},{"geometry":{"coordinates":[[[-24.256733690489416,78.69102712757446],[-24.254227975121108,78.68993913760654],[-24.250740749377886,78.6893594264175],[-24.246535869408277,78.68915431222882],[-24.24331646627795,78.68843638009405],[-24.239200557402132,78.68818223826125],[-24.23607018834079,78.68741970138102],[-24.231236666438363,78.68753565693079],[-24.230273699655413,78.68831599138566],[-24.227326198253408,78.68900268253769],[-24.224851358657112,78.68972063657752],[-24.22521671655786,78.6906525447699],[-24.22748659995249,78.69129910599315],[-24.226197803812745,78.69210624275304],[-24.22727716378244,78.6930917019086],[-24.22574758425396,78.69388091445491],[-24.22742418824948,78.69469695208907],[-24.231990322246343,78.6947148165863],[-24.235749332385847,78.69515629832134],[-24.23964678682335,78.69454092171118],[-24.24401658372896,78.69396117913266],[-24.24601885174836,78.69320765065204],[-24.249849242419646,78.69290888803708],[-24.25066511957225,78.69206606480061],[-24.25473184066963,78.69178069649436],[-24.256733690489416,78.69102712757446]]],"type":"Polygon"},"id":"0000000000000000006c_0000000000000000006c","properties":{"area":370967.7797784172,"elevation":956.796320489821,"id":"0000000000000000006c","region":"NE","surface":0.0,"year":2019},"type":"Feature"},{"geometry":{"coordinates":[[[-23.332790447286516,78.75822580216376],[-23.33240679579996,78.75760594416238],[-23.33130976018212,78.75693263329013],[-23.33021284205403,78.75625931355718],[-23.32788989377392,78.75592041499146],[-23.32500024138982,78.75585801199857],[-23.322489573405687,78.75560828079931],[-23.31988571710067,78.75540766484912],[-23.316808828236425,78.75543443415401],[-23.313544706192143,78.75555476320203],[-23.31345119574546,78.75560382259638],[-23.31288943350818,78.75614782975417],[-23.3096254737916,78.75626826862745],[-23.307640822340783,78.75670520719856],[-23.30873810138803,78.7573785814158],[-23.310209409598187,78.75786463898642],[-23.310833776497805,78.75850225009981],[-23.312496717655534,78.759166664095],[-23.315007413998348,78.75941187533203],[-23.317236851480843,78.75979985409334],[-23.319841196559704,78.76000051295266],[-23.32339041471498,78.75974191549238],[-23.325807295090158,78.76003614439615],[-23.329209667087582,78.75971066529077],[-23.331666421689302,78.75931382546537],[-23.330333402439823,78.75862260602003],[-23.332790447286516,78.75822580216376]]],"type":"Polygon"},"id":"0000000000000000006d_0000000000000000006d","properties":{"area":200501.44516098447,"elevation":827.4402797253082,"id":"0000000000000000006d","region":"NE","surface":0.0,"year":2019},"type":"Feature"},{"geometry":{"coordinates":[[[-23.822368155748528,78.67818936317269],[-23.820517773818253,78.67623631764106],[-23.815711030712727,78.67427430633259],[-23.81130079289193,78.67265566157958],[-23.804331317338693,78.67233899521948],[-23.799029597374016,78.67241485242934],[-23.7965589780777,78.67366790348555],[-23.789812512103982,78.67309703880235],[-23.781928926631732,78.67324421681083],[-23.780252205946347,78.67354303060594],[-23.78351609783843,78.67394874171524],[-23.788443660843296,78.6747514031762],[-23.795729648590537,78.67573685713681],[-23.793990488625973,78.67661534891054],[-23.797874526403803,78.67808234363092],[-23.797803135399857,78.67935762746032],[-23.79704964074064,78.68111450372817],[-23.795586945655653,78.68281351001717],[-23.7953061665965,78.6846060231582],[-23.795261451505166,78.68641197702031],[-23.801812002864672,78.6874999624136],[-23.81106447765009,78.68638967345956],[-23.81535413034453,78.68490483570689],[-23.81681226847587,78.68320139436008],[-23.81897934991377,78.68155605226583],[-23.821619451888946,78.67994628744162],[-23.822368155748528,78.67818936317269]]],"type":"Polygon"},"id":"0000000000000000006e_0000000000000000006e","properties":{"area":806016.4037133413,"elevation":901.0234442259423,"id":"0000000000000000006e","region":"NE","surface":0.0,"year":2019},"type":"Feature"},{"geometry":{"coordinates":[[[-23.522667763602154,78.688837719781],[-23.520152862804466,78.68805733940935],[-23.516991208690754,78.68759806949429],[-23.51224670906917,78.68792807944632],[-23.507506773308396,78.68825361477155],[-23.50741291435793,78.68830261611778],[-23.505785495385467,78.68897591933462],[-23.504394250497565,78.68967161198056],[-23.502530433466564,78.69032701473319],[-23.501370944810457,78.6910405241382],[-23.502102516719756,78.69189664989541],[-23.503252938916262,78.69268143780582],[-23.501388940114243,78.69333697644127],[-23.500702233364322,78.69408605280888],[-23.50048807171262,78.69487084905751],[-23.502815619349327,78.69574485656699],[-23.507096541200475,78.69564676389277],[-23.509196796694717,78.69500906750865],[-23.51224235549203,78.69444284162047],[-23.514342703379178,78.69380514961755],[-23.51502461779373,78.69305600318727],[-23.516420416047975,78.69236044030966],[-23.518516404089848,78.69172274794072],[-23.519439283708845,78.69099146868534],[-23.520594299168124,78.69028245289536],[-23.521749046758757,78.68956898114078],[-23.522667763602154,78.688837719781]]],"type":"Polygon"},"id":"0000000000000000006f_0000000000000000006f","properties":{"area":262532.41530408344,"elevation":883.3318612504956,"id":"0000000000000000006f","region":"NE","surface":0.0,"year":2019},"type":"Feature"},{"geometry":{"coordinates":[[[-23.9948107652024,78.64488884268329],[-23.994231207920024,78.64393905021615],[-23.99205509275877,78.64297581830948],[-23.988500994148907,78.64244081298185],[-23.98486236369434,78.64195471057633],[-23.981763446007253,78.64118771830177],[-23.977941789244888,78.64079092541887],[-23.97393769724996,78.64048768233009],[-23.969572136060986,78.64037172767169],[-23.96421248142106,78.64076415063658],[-23.960917029353645,78.64120558914894],[-23.958201552496384,78.64190567185273],[-23.956663160363963,78.64269492497452],[-23.959124495926893,78.64378293543673],[-23.9628567628059,78.64422885428046],[-23.966495489375454,78.64471492265685],[-23.971226431171036,78.64464804743265],[-23.975863868312867,78.6446257448063],[-23.978401129676374,78.64540608707408],[-23.978040193322325,78.64628006565694],[-23.980866945118485,78.64718971472611],[-23.98162962142601,78.64804589506042],[-23.986539123366306,78.64788533639907],[-23.990199901593204,78.64725657516261],[-23.993856373733482,78.64662791771983],[-23.994217550773953,78.6457494329635],[-23.9948107652024,78.64488884268329]]],"type":"Polygon"},"id":"00000000000000000071_00000000000000000071","properties":{"area":389921.68732220837,"elevation":924.3116014181886,"id":"00000000000000000071","region":"NE","surface":0.0,"year":2019},"type":"Feature"},{"geometry":{"coordinates":[[[-23.814654331447233,78.64192798438201],[-23.812656395608716,78.6396448960398],[-23.80405467611019,78.63824029037502],[-23.793892588132316,78.63735742791886],[-23.782182859137205,78.63726375131284],[-23.770014034671792,78.63739753424264],[-23.757323227584997,78.63834284808368],[-23.756721357222204,78.63851231263631],[-23.746068507437037,78.63993473090216],[-23.738751273738398,78.64171841686175],[-23.73711475233844,78.6437829691358],[-23.746889154199234,78.64239615233294],[-23.75665896101928,78.64101385806514],[-23.76650471566717,78.64123233969798],[-23.776756014024926,78.64015322213787],[-23.787466989836652,78.64075972782607],[-23.79457927124426,78.64236942422856],[-23.788991992513076,78.64300709386049],[-23.7958636634744,78.64364028941998],[-23.79386127922301,78.64561569787263],[-23.786548433499018,78.64740376496225],[-23.777063848771245,78.64891982357462],[-23.784421451100823,78.64889306545412],[-23.79502969115042,78.64735917161693],[-23.803805037874262,78.64578960307693],[-23.81228648953042,78.64409508404817],[-23.814654331447233,78.64192798438201]]],"type":"Polygon"},"id":"00000000000000000072_00000000000000000072","properties":{"area":791875.2438531703,"elevation":897.4220108671165,"id":"00000000000000000072","region":"NE","surface":0.0,"year":2019},"type":"Feature"},{"geometry":{"coordinates":[[[-23.88012719849826,78.58629175060021],[-23.875503110989396,78.58535089624728],[-23.869706402845935,78.58501203081727],[-23.863271580638646,78.58499862591238],[-23.85702016054492,78.58489610339333],[-23.854710043821452,78.58524831048562],[-23.84952879437456,78.58597074414487],[-23.844351687031615,78.58669304916913],[-23.839834510653777,78.58762948357912],[-23.835263916951455,78.58844999496793],[-23.830983375150296,78.58939971410831],[-23.83451046201192,78.58993490198803],[-23.83864841586071,78.59057247311488],[-23.84481106813184,78.59072411393034],[-23.845560095853674,78.59158022258812],[-23.841747622867196,78.59257015696382],[-23.837507236550852,78.59267276233624],[-23.839553784024115,78.59341294671034],[-23.846447582723876,78.59319448404685],[-23.853880602301228,78.59269947973783],[-23.85980261207849,78.5918745547181],[-23.867128569692703,78.59115663271807],[-23.87140951863283,78.59020236114713],[-23.87522199581288,78.58921698409337],[-23.88007824494124,78.58852134739911],[-23.87983275118703,78.5875447341893],[-23.88012719849826,78.58629175060021]]],"type":"Polygon"},"id":"00000000000000000075_00000000000000000075","properties":{"area":610179.1646408081,"elevation":928.1080617185804,"id":"00000000000000000075","region":"NE","surface":466.0,"year":2019},"type":"Feature"},{"geometry":{"coordinates":[[[-24.320481339743406,78.53373235140417],[-24.314144658527386,78.53299211076443],[-24.306747052842056,78.53280933961554],[-24.298560099770246,78.53304117110109],[-24.289570588039336,78.5336966657655],[-24.283920967303626,78.53428082024186],[-24.278784269979425,78.53543573153148],[-24.273183475928413,78.53655495583939],[-24.269915094000158,78.5378480756821],[-24.268751073079944,78.53930177574168],[-24.273972774728342,78.53852584303793],[-24.280746033884252,78.53749585583436],[-24.289151536180462,78.53658620979381],[-24.297610406259896,78.53621156943025],[-24.303376082978318,78.53585039979122],[-24.304067109602297,78.53675112801768],[-24.30197576810209,78.53813345593889],[-24.298475583678698,78.53940877532231],[-24.294043020895188,78.54061720623191],[-24.29054286985488,78.54189694862376],[-24.298101016725475,78.54129494980926],[-24.30346956572455,78.54015792733709],[-24.308606561058298,78.53900303156368],[-24.313507199325965,78.5378302331035],[-24.316298645240177,78.53650146363877],[-24.318626078522698,78.53513248295798],[-24.320481339743406,78.53373235140417]]],"type":"Polygon"},"id":"00000000000000000076_00000000000000000076","properties":{"area":469183.482505077,"elevation":988.4384584579868,"id":"00000000000000000076","region":"NE","surface":0.0,"year":2019},"type":"Feature"},{"geometry":{"coordinates":[[[-23.63732923203006,78.56417463372505],[-23.636000169196414,78.56225721982089],[-23.633971154986977,78.56028626366813],[-23.626600369599796,78.5596575240366],[-23.62641759053248,78.55975124219985],[-23.619661879809087,78.56071882309534],[-23.61375814545267,78.5620743827992],[-23.612001376511817,78.56364849079584],[-23.614293455876677,78.56521358974682],[-23.61188528607418,78.56684118498055],[-23.60587451405154,78.5679738059618],[-23.597281803185314,78.56837509122799],[-23.60344874258687,78.56906626149548],[-23.602383046095014,78.56919560923544],[-23.597495787969034,78.57057788353924],[-23.59066016617836,78.56940516504638],[-23.585255779990362,78.570640357504],[-23.58297717238713,78.57206723157957],[-23.586272180468633,78.57312406118994],[-23.595738913829894,78.5721475254923],[-23.60566499183118,78.57121111606295],[-23.613312327246916,78.57020776473047],[-23.620558464790797,78.56980646073431],[-23.628018462937007,78.56889234502836],[-23.633690372422546,78.56751900179962],[-23.635161899334328,78.56581999480612],[-23.63732923203006,78.56417463372505]]],"type":"Polygon"},"id":"00000000000000000078_00000000000000000078","properties":{"area":701086.620885011,"elevation":878.1222334004028,"id":"00000000000000000078","region":"NE","surface":0.0,"year":2019},"type":"Feature"},{"geometry":{"coordinates":[[[-23.50255277137996,78.57096581817436],[-23.499377790811813,78.56890131399385],[-23.491627910998112,78.56792472071658],[-23.482963950112833,78.56767505753814],[-23.47282821181935,78.56816552672885],[-23.462978258069555,78.56878086549312],[-23.461591281245724,78.5692089484982],[-23.45431416106343,78.57056005102383],[-23.45385498461235,78.57079190660163],[-23.452115852838393,78.57220550106648],[-23.46076202926009,78.57165258189886],[-23.46808847392515,78.57040844184667],[-23.473969935655322,78.57097919647447],[-23.480444464266977,78.57110852154632],[-23.47349277237262,78.5724373579571],[-23.464672605983548,78.5736145829657],[-23.456927274763814,78.57290105419709],[-23.451237191159045,78.57251311574387],[-23.44447279165756,78.57171494777451],[-23.442087203093596,78.57344957121732],[-23.446599810895602,78.57551409563784],[-23.456472338160918,78.57542943879008],[-23.46680409910526,78.57511729498857],[-23.477871791679743,78.5744350476687],[-23.48753447449371,78.57364128486925],[-23.495511774298294,78.57233927799115],[-23.50255277137996,78.57096581817436]]],"type":"Polygon"},"id":"00000000000000000079_00000000000000000079","properties":{"area":638936.8174658798,"elevation":901.9962722525181,"id":"00000000000000000079","region":"NE","surface":0.0,"year":2019},"type":"Feature"},{"geometry":{"coordinates":[[[-24.402359283117445,78.47859999439217],[-24.394934936232044,78.47872933325941],[-24.388741044021614,78.47821210311842],[-24.383323303087405,78.47897454981913],[-24.377856347359742,78.478350327848],[-24.37019575559365,78.47888988592972],[-24.365330904324264,78.47963897458268],[-24.36937075217769,78.48031235636525],[-24.36773427896577,78.48146273921105],[-24.36162078618228,78.48132010088443],[-24.361348669782583,78.48273358463173],[-24.36061317472634,78.48411146020743],[-24.36500543538892,78.4850255712951],[-24.364791475619164,78.48612699055762],[-24.36797060810037,78.48514594440354],[-24.374672524362193,78.48511480586859],[-24.381307580752683,78.48540459812553],[-24.38660502487134,78.48611803015655],[-24.38550390219853,78.48486953253013],[-24.38906237104756,78.48396879718682],[-24.393289179634788,78.48285397862828],[-24.396348243307624,78.48165004747733],[-24.39708383879754,78.48027217629063],[-24.390885864732454,78.47975491884807],[-24.396040683450167,78.47955427080171],[-24.402238755206763,78.47965239838305],[-24.402359283117445,78.47859999439217]]],"type":"Polygon"},"id":"0000000000000000007a_0000000000000000007a","properties":{"area":515825.5433886244,"elevation":1011.8142828541975,"id":"0000000000000000007a","region":"NE","surface":0.0,"year":2019},"type":"Feature"},{"geometry":{"coordinates":[[[-27.73114951117682,79.48229010872447],[-27.73011062351147,79.48101041361538],[-27.725000355522294,79.48008733595772],[-27.719542367846206,79.47937390517254],[-27.713593891484678,79.47894136493724],[-27.709259623303375,79.47960135477734],[-27.70550509840623,79.47875411337083],[-27.699137520932034,79.47857122395015],[-27.691998586985033,79.47884323059633],[-27.6855550439451,79.4787050053455],[-27.685122789904455,79.47881652714368],[-27.68074388855245,79.47978416934993],[-27.680873015773958,79.48101036860928],[-27.676012735385573,79.48096135852302],[-27.675241313479976,79.48213855294226],[-27.680342317527295,79.48233920196786],[-27.683347815860518,79.4831864802137],[-27.68622404344774,79.4835298186323],[-27.691035167971055,79.48448401391204],[-27.696917050953306,79.48495227500837],[-27.703146220459967,79.48521537073569],[-27.7093087717455,79.48552299089282],[-27.716875676745,79.48500126213183],[-27.723600051580604,79.48497901249763],[-27.726235463241366,79.48444833273888],[-27.729481760051737,79.48341385790329],[-27.73114951117682,79.48229010872447]]],"type":"Polygon"},"id":"00000000000000000001_00000000000000000001","properties":{"area":620407.219636381,"elevation":1200.7145701665768,"id":"00000000000000000001","region":"NE","surface":610.1372549019608,"year":2019},"type":"Feature"},{"geometry":{"coordinates":[[[-27.784083323607213,79.36051656876907],[-27.782928636769363,79.35942405993436],[-27.781769136600992,79.35833610391794],[-27.779713441464338,79.35727032273047],[-27.77562014906156,79.35640526409861],[-27.770376002530266,79.35673523027162],[-27.765555933083622,79.35630269593294],[-27.76007550225295,79.35626256147282],[-27.757359948498625,79.35673972378932],[-27.7610341232777,79.35734613077275],[-27.757444600624204,79.35808635659663],[-27.75604466596866,79.35879088845968],[-27.75368581791427,79.35904953140621],[-27.754185017464945,79.36002605357228],[-27.75261089864388,79.36095801065943],[-27.751429555820426,79.3619166988068],[-27.756089284849338,79.36206382022871],[-27.75795325845222,79.36260790325383],[-27.757748024028214,79.36362012321369],[-27.7593845971705,79.364422747387],[-27.76378571912354,79.36510498021809],[-27.76993469708424,79.36474822462263],[-27.77306052250216,79.36390550331134],[-27.778795004210885,79.36328561684704],[-27.78172446839879,79.36242951856671],[-27.781934024965445,79.36141733555833],[-27.784083323607213,79.36051656876907]]],"type":"Polygon"},"id":"00000000000000000004_00000000000000000004","properties":{"area":447990.7961423452,"elevation":1195.1704017424968,"id":"00000000000000000004","region":"NE","surface":0.0,"year":2019},"type":"Feature"},{"geometry":{"coordinates":[[[-26.749969017484574,78.51471874366507],[-26.748773810910393,78.513809076614],[-26.745942170420797,78.51268981414556],[-26.74223685148306,78.51210128319909],[-26.737871136698576,78.5119139683239],[-26.73328727139464,78.51185595577391],[-26.72869905484738,78.51180248321076],[-26.724413767957113,78.51215925635412],[-26.721158792569693,78.51189611596452],[-26.71628041968275,78.51201649730903],[-26.715031582961533,78.51261848317324],[-26.710372094076536,78.5126051552392],[-26.70978337010705,78.51281468440806],[-26.709720927330892,78.51374223382413],[-26.71276225941544,78.51443336692671],[-26.713734050125154,78.51518246591222],[-26.715665034257952,78.51594945729451],[-26.71937042599653,78.5165380165484],[-26.723740406669066,78.51672531331961],[-26.72781611063023,78.51709100810119],[-26.73203453290979,78.51736743955588],[-26.736551212287928,78.51746999965229],[-26.740622637912356,78.51783560243591],[-26.74446187396603,78.51715338602438],[-26.747186452326456,78.51639982985918],[-26.74924658639926,78.51560610675712],[-26.749969017484574,78.51471874366507]]],"type":"Polygon"},"id":"0000000000000000001b_0000000000000000001b","properties":{"area":427738.9806159518,"elevation":1132.0109145336514,"id":"0000000000000000001b","region":"NE","surface":64.6,"year":2019},"type":"Feature"},{"geometry":{"coordinates":[[[-22.86283670650587,75.96304716519622],[-22.862221227768245,75.96222225555078],[-22.86022822058357,75.96154451125685],[-22.856946163940016,75.9616336649723],[-22.853561670846375,75.96178528193906],[-22.850181845567906,75.96193241221887],[-22.847377066900933,75.96241850641077],[-22.84409519460997,75.96250762733789],[-22.84061259224251,75.9627172278502],[-22.839372965041903,75.96328353167183],[-22.837789830787514,75.96388555806134],[-22.836452238139874,75.96451425601167],[-22.83584581095871,75.96521430699416],[-22.833772284347898,75.96577168635646],[-22.83121275868273,75.96627559615331],[-22.8328048090384,75.96719418924211],[-22.835591541800703,75.96740372264118],[-22.83828034316259,75.96766686826282],[-22.842061643821122,75.96727889932484],[-22.84377852192792,75.9671049878625],[-22.847363770293907,75.96683744435641],[-22.85065424649384,75.96640042798556],[-22.85297323991946,75.96586982814449],[-22.85650913244728,75.96545957802881],[-22.857846979970965,75.96483086706787],[-22.860406516697534,75.964326939226],[-22.861008432937602,75.96362688109437],[-22.86283670650587,75.96304716519622]]],"type":"Polygon"},"id":"00000000000000000025_00000000000000000025","properties":{"area":323775.666289089,"elevation":937.3703050802641,"id":"00000000000000000025","region":"NE","surface":0.0,"year":2019},"type":"Feature"},{"geometry":{"coordinates":[[[-24.189102641246034,75.66736418678146],[-24.18905365433968,75.6666730362922],[-24.18876374920832,75.66596403362715],[-24.186899924374732,75.66537994300461],[-24.184853203116287,75.66491165984311],[-24.18235154596765,75.66474223222345],[-24.1793862166779,75.66487601027731],[-24.17642101888897,75.66500534081874],[-24.17346003897119,75.66513913647138],[-24.170129243900227,75.66550919207268],[-24.16776122381754,75.66596850908216],[-24.166602122953858,75.6665437818025],[-24.166165000402888,75.66718581438643],[-24.165005752539454,75.66776107613235],[-24.163605524329757,75.66831396685575],[-24.162446105549613,75.66888921283598],[-24.164122797852478,75.66959377163373],[-24.166446001538407,75.66988361201219],[-24.169411216003326,75.66974983453667],[-24.172100095818724,75.66979892025833],[-24.174423250083606,75.67008870216118],[-24.177754393229993,75.66971415671],[-24.18108512608641,75.66934407609904],[-24.183452959085713,75.66888475816171],[-24.18533454277315,75.66837642092084],[-24.18842498305077,75.66798406247659],[-24.189102641246034,75.66736418678146]]],"type":"Polygon"},"id":"00000000000000000028_00000000000000000028","properties":{"area":300389.3802654065,"elevation":1484.9336861805484,"id":"00000000000000000028","region":"NE","surface":0.0,"year":2019},"type":"Feature"},{"geometry":{"coordinates":[[[-23.482977349472407,75.69874289692292],[-23.482963910968323,75.69805622886634],[-23.48246442078218,75.69732044211355],[-23.480725463774878,75.69666938049708],[-23.47841120297701,75.69637514169554],[-23.47628860662364,75.6959604398555],[-23.473122633339152,75.69620125280454],[-23.472123904715236,75.69665602996966],[-23.470692515172,75.69720450620754],[-23.46950194075984,75.69777524504278],[-23.466523283995684,75.69789565587791],[-23.4637362265041,75.69790016630266],[-23.4618233067371,75.69839958691553],[-23.461596019289516,75.69906842660002],[-23.459682899507627,75.69956782677725],[-23.45873328712043,75.70016091619887],[-23.460191290358107,75.70099031102113],[-23.462407346328465,75.70134701591573],[-23.464338075591716,75.70187765041958],[-23.467031421874214,75.70193566017458],[-23.470103794118184,75.70175285419687],[-23.472895246003077,75.70174834961101],[-23.476154922218434,75.70144955689999],[-23.47941880124308,75.70114637360338],[-23.480609334126815,75.70057558973518],[-23.480596009741163,75.69988892703131],[-23.482027510704363,75.6993404721511],[-23.482977349472407,75.69874289692292]]],"type":"Polygon"},"id":"00000000000000000029_00000000000000000029","properties":{"area":287551.8019800847,"elevation":1300.7909314245092,"id":"00000000000000000029","region":"NE","surface":0.0,"year":2019},"type":"Feature"},{"geometry":{"coordinates":[[[-23.60248568515641,74.70455958434746],[-23.601847962550373,74.70369901523352],[-23.60016703806603,74.70280269356591],[-23.599199398634333,74.70197775723715],[-23.598798007082703,74.70113939382402],[-23.59816030888022,74.70027882797409],[-23.597281787321524,74.69939149588599],[-23.596880419595887,74.69855762474944],[-23.5957702585822,74.69764346412454],[-23.59353182434457,74.69712629507293],[-23.589893066608248,74.69754544796555],[-23.589242168572152,74.69798236065833],[-23.587743765523996,74.69862455994637],[-23.586481828681656,74.69928892968012],[-23.586883229035426,74.70012276319066],[-23.586807478551194,74.70091200393007],[-23.585786347176356,74.70160321807862],[-23.58642397447868,74.70246376370855],[-23.587061524582,74.70332441438033],[-23.58722197690615,74.7041359664463],[-23.58785989445357,74.70499657699035],[-23.58897455219793,74.70591072748302],[-23.591212966796167,74.70642793038928],[-23.594851730296458,74.7060087728592],[-23.598302924397938,74.70571899788821],[-23.60146433884753,74.70525073472758],[-23.60248568515641,74.70455958434746]]],"type":"Polygon"},"id":"00000000000000000030_00000000000000000030","properties":{"area":333971.0290912403,"elevation":1562.2165483107376,"id":"00000000000000000030","region":"NE","surface":0.0,"year":2019},"type":"Feature"},{"geometry":{"coordinates":[[[-29.964075431259168,71.49886275618023],[-29.963714293322326,71.49813599665862],[-29.962216209942692,71.49730655945322],[-29.960164950049894,71.49713264524],[-29.958113737297243,71.49695870449509],[-29.95593772223262,71.49692756886849],[-29.95345833691485,71.49725751089144],[-29.951434110183055,71.49762763052334],[-29.949445378580783,71.49738237513377],[-29.94696580873189,71.49771233354252],[-29.946020622260423,71.49825192249543],[-29.945240389600393,71.49888507862063],[-29.94423260523706,71.49949597413159],[-29.943452047391975,71.50012916107958],[-29.941534746406077,71.50066422122552],[-29.939840180734343,71.50121718645423],[-29.939287259814762,71.501868222499],[-29.941097673449605,71.50233193935743],[-29.94369743134091,71.50185926543423],[-29.94581097305809,71.5019618413665],[-29.94817001366253,71.50177455356638],[-29.950087436598483,71.50123949139251],[-29.952218696038948,71.50103436717933],[-29.954577543173773,71.5008471019293],[-29.95718169498788,71.500369954132],[-29.959326570109166,71.49985274362825],[-29.961930743164213,71.49938002815513],[-29.964075431259168,71.49886275618023]]],"type":"Polygon"},"id":"00000000000000000034_00000000000000000034","properties":{"area":282853.4295998365,"elevation":1724.0791221116226,"id":"00000000000000000034","region":"NE","surface":0.0,"year":2019},"type":"Feature"},{"geometry":{"coordinates":[[[-30.09833904885037,70.49469110567154],[-30.097536365217362,70.49397759708245],[-30.09621657419255,70.49321954334879],[-30.094629185078073,70.49280042653356],[-30.092970367940037,70.49247045577069],[-30.091244551325484,70.49222517432318],[-30.089652792573748,70.49180602564616],[-30.087927006466508,70.49156082080103],[-30.08633947543472,70.4911460505877],[-30.084475652577453,70.49107023640391],[-30.08261189104629,70.49099894738426],[-30.08034218149702,70.4914358728738],[-30.08020390190472,70.49160977067449],[-30.07946810356264,70.49218501697798],[-30.07950380145599,70.49283165033309],[-30.080306328283942,70.49354506692636],[-30.081109045582025,70.49425855452569],[-30.082495918334153,70.49493184570262],[-30.08408779716368,70.4953509528714],[-30.085741945345795,70.49568096473628],[-30.0873339801775,70.49609567963638],[-30.088992706175326,70.4964301059129],[-30.090856689279537,70.49650146615222],[-30.092720595373244,70.49657727576282],[-30.094856383489383,70.4963052643467],[-30.09712613346311,70.49586827535782],[-30.098120635148863,70.49531089448993],[-30.09833904885037,70.49469110567154]]],"type":"Polygon"},"id":"0000000000000000003d_0000000000000000003d","properties":{"area":293913.00763781636,"elevation":1739.6909760003916,"id":"0000000000000000003d","region":"NE","surface":0.0,"year":2019},"type":"Feature"},{"geometry":{"coordinates":[[[-27.2253892460972,79.93251667727195],[-27.224528827678608,79.93172743917627],[-27.223842082906835,79.93095154140669],[-27.223208570914775,79.93013995052972],[-27.222513138482263,79.92926152749008],[-27.2207741226622,79.92832516008144],[-27.2185135213931,79.92735750153912],[-27.21495480633796,79.92688926996158],[-27.210598298759315,79.9266440091891],[-27.206023528065547,79.92652366671525],[-27.205568442273275,79.92666629809052],[-27.202366900787826,79.92725935290365],[-27.199165258037322,79.92785244657328],[-27.19480425240994,79.92844552574776],[-27.19165170776071,79.92890930141101],[-27.192516544042334,79.92979661074119],[-27.1883163561528,79.930197919794],[-27.189930573991333,79.93099607077635],[-27.193471077544284,79.9311610891734],[-27.19633818953279,79.93169178688773],[-27.19990104804424,79.93215989980733],[-27.20425749671318,79.93240517685938],[-27.207481335900958,79.93305623186671],[-27.212149976756173,79.93271286856397],[-27.216506860548517,79.93295807353758],[-27.221255613234934,79.93298936115404],[-27.2253892460972,79.93251667727195]]],"type":"Polygon"},"id":"00000000000000000044_00000000000000000044","properties":{"area":344034.31196855183,"elevation":1237.2741967818515,"id":"00000000000000000044","region":"NE","surface":1635.4470588235295,"year":2019},"type":"Feature"},{"geometry":{"coordinates":[[[-27.72748865286048,79.79576944651298],[-27.72420203473895,79.79531457322851],[-27.720987187234677,79.7948240537932],[-27.717410790931794,79.79453426366833],[-27.713545083455973,79.79441385945991],[-27.70917511502186,79.79457884514817],[-27.705121606362837,79.79485086719085],[-27.701112695598137,79.79481070850325],[-27.697394163761665,79.79460557210791],[-27.697246876480555,79.79469031068602],[-27.697251345635944,79.79541268062525],[-27.695976170984427,79.79570256381817],[-27.694584887792598,79.79634910971457],[-27.694584752757038,79.79707149592063],[-27.69412538219265,79.79777155191333],[-27.69763052401322,79.79810155827872],[-27.700814168443966,79.79832006320811],[-27.7035207907766,79.79910485104811],[-27.707239559941574,79.79930992771445],[-27.710963360500276,79.79951507892996],[-27.715408695539548,79.7993054834359],[-27.72007322758246,79.79897550854872],[-27.72262816426271,79.79839139934967],[-27.72634258512955,79.79787412048472],[-27.72586976851079,79.79712495420908],[-27.725633374995617,79.79638923776423],[-27.72748865286048,79.79576944651298]]],"type":"Polygon"},"id":"00000000000000000046_00000000000000000046","properties":{"area":273089.903846993,"elevation":1312.7535766423366,"id":"00000000000000000046","region":"NE","surface":238.1960784313726,"year":2019},"type":"Feature"},{"geometry":{"coordinates":[[[-27.410504608710664,79.81025703627337],[-27.409893616691473,79.8084600026746],[-27.408814519383693,79.80663178019499],[-27.40866724748161,79.80485702927277],[-27.40406526865852,79.80328745643025],[-27.394933126630146,79.80281930668278],[-27.385283702399846,79.80264090978284],[-27.375014348801916,79.80337665047742],[-27.36891442888001,79.80421050139043],[-27.361672755145356,79.80524948244408],[-27.35379359407106,79.806074393456],[-27.344616950595494,79.80705540694746],[-27.342726069977502,79.80853139332633],[-27.333821336277932,79.80907094924027],[-27.33256396873026,79.81076537847],[-27.337611276938734,79.81222793649357],[-27.344331337035726,79.81134062675798],[-27.349062346076437,79.8126916801256],[-27.35611229080953,79.81204963475578],[-27.363487420657826,79.81264265620754],[-27.37225858695061,79.81332040899386],[-27.38228709837834,79.81329370693697],[-27.393274368741558,79.8127318322297],[-27.402491343687906,79.8131598747457],[-27.41041969628179,79.81201841376188],[-27.410504608710664,79.81025703627337]]],"type":"Polygon"},"id":"00000000000000000047_00000000000000000047","properties":{"area":1295128.813184256,"elevation":1249.0611690331418,"id":"00000000000000000047","region":"NE","surface":1592.7176470588236,"year":2019},"type":"Feature"},{"geometry":{"coordinates":[[[-24.05045567940098,79.0991151613324],[-24.045773694958463,79.09772840291913],[-24.03966475285585,79.0964976555104],[-24.032463377188183,79.0960829324269],[-24.02912791389991,79.0945802197892],[-24.02361646139588,79.09360373975157],[-24.01678952919115,79.09300173709352],[-24.009664059326884,79.09227487409836],[-23.999292072505135,79.09314885194627],[-23.997289787871814,79.09400053771598],[-23.98858595008612,79.09404959733398],[-23.98879091606169,79.0942234893311],[-23.993147369289993,79.09522239359804],[-23.987270455141772,79.09511084484897],[-23.983698639878078,79.09631925931633],[-23.987422137087307,79.09790229362532],[-23.992786418165128,79.09950306496016],[-23.998891011818564,79.1007338224675],[-24.005927405371718,79.1015052519445],[-24.00124077819002,79.102584311067],[-24.00751906988074,79.10345835891565],[-24.01567044597219,79.10368127785081],[-24.023781281723018,79.10337802371359],[-24.033604732357652,79.10277603961183],[-24.043499543544666,79.10186645963371],[-24.050246218991568,79.10072937156245],[-24.05045567940098,79.0991151613324]]],"type":"Polygon"},"id":"0000000000000000004a_0000000000000000004a","properties":{"area":1111839.4713030844,"elevation":826.5470229941049,"id":"0000000000000000004a","region":"NE","surface":1616.8431372549023,"year":2019},"type":"Feature"},{"geometry":{"coordinates":[[[-26.574422922111307,78.86373705161844],[-26.573834283582762,78.86440594567766],[-26.57115011810961,78.86569905645212],[-26.573491159750642,78.86700110423205],[-26.56901424217349,78.86746486558238],[-26.573696099895916,78.86887837232106],[-26.57707616140033,78.86997975084097],[-26.583341300253952,78.86993967059212],[-26.59167530667541,78.87003325988822],[-26.6010438384825,78.86952495803149],[-26.608200591430034,78.8687000577348],[-26.614256338729934,78.8674514680218],[-26.61845237053093,78.86607807289042],[-26.620784201495045,78.86458875246696],[-26.621671648109757,78.86300575429372],[-26.62042741801062,78.86173044777958],[-26.615946254782752,78.8598041372675],[-26.609953014419283,78.85861800581841],[-26.60272505118725,78.85828801444836],[-26.594537866518817,78.85851547271521],[-26.585869584306412,78.85862243082524],[-26.585459378113413,78.85952761831895],[-26.577062593626348,78.85974169792969],[-26.576514460205225,78.86125776504606],[-26.574244468817135,78.86257320306869],[-26.574422922111307,78.86373705161844]],[[-26.57444980346384,78.86391542319151],[-26.574793203126237,78.86331786208395],[-26.574422922111307,78.86373705161844],[-26.57444980346384,78.86391542319151]]],"type":"Polygon"},"id":"0000000000000000004f_0000000000000000004f","properties":{"area":1113381.0057409797,"elevation":1142.0136202455321,"id":"0000000000000000004f","region":"NE","surface":133.0,"year":2019},"type":"Feature"},{"geometry":{"coordinates":[[[-26.98675156861053,78.79633330785302],[-26.985467296966338,78.79492422126992],[-26.980633901307645,78.7937336309169],[-26.974796948262956,78.79314501347366],[-26.968500458126925,78.79310044447755],[-26.962061453935167,78.79286854108011],[-26.956474351327845,78.79348830495658],[-26.949366621988762,78.79365779293363],[-26.949232513064818,78.79373804490385],[-26.945576229918785,78.7948305359956],[-26.9458125966288,78.79577584082875],[-26.941308914781853,78.79615487826999],[-26.939707974444474,78.79738115919393],[-26.942258657469747,78.79789397088116],[-26.93697446264562,78.7975149088686],[-26.93776391390955,78.79854050663543],[-26.938009052212582,78.79974892955839],[-26.94284267726093,78.80093951553633],[-26.94881363284118,78.8014478532683],[-26.95565808362253,78.80143890576059],[-26.961753823577144,78.80147461552428],[-26.967559500497874,78.80113125189936],[-26.972727561866872,78.8002216035097],[-26.98044634623329,78.79969094009745],[-26.983211071520063,78.79858512140353],[-26.98562799254485,78.79741235318379],[-26.98675156861053,78.79633330785302]]],"type":"Polygon"},"id":"00000000000000000050_00000000000000000050","properties":{"area":764233.4318926155,"elevation":1199.3639365163942,"id":"00000000000000000050","region":"NE","surface":86.0,"year":2019},"type":"Feature"},{"geometry":{"coordinates":[[[-25.90324783619236,78.6461775086464],[-25.90241848508376,78.64536594095699],[-25.902195633070306,78.64459447508476],[-25.899185781763233,78.64412184020273],[-25.896104508074124,78.64368930454727],[-25.892327818708342,78.64365365018745],[-25.888131728432153,78.6438587838515],[-25.883931127201638,78.64405945172692],[-25.883239968526244,78.64432251676675],[-25.8792313396459,78.64480858314505],[-25.875762187583167,78.64523659701871],[-25.87396489442536,78.64586982168066],[-25.869889629671377,78.64626224321562],[-25.868703328210973,78.64693551500437],[-25.87128952078363,78.64764457853359],[-25.87416133396206,78.64819750371714],[-25.877732920210963,78.64835351940664],[-25.880809596347987,78.64878605028686],[-25.880979088938183,78.64933009948433],[-25.884550981203635,78.64948612959383],[-25.887734609637967,78.64934791591457],[-25.891257353248687,78.64914278278847],[-25.894463548915873,78.64860324904453],[-25.897870180961988,78.6480814995361],[-25.900469887484594,78.64750181693596],[-25.90226244528315,78.64686868703448],[-25.90324783619236,78.6461775086464]]],"type":"Polygon"},"id":"0000000000000000005b_0000000000000000005b","properties":{"area":322887.0833669183,"elevation":1066.2044505475951,"id":"0000000000000000005b","region":"NE","surface":0.0,"year":2019},"type":"Feature"},{"geometry":{"coordinates":[[[-25.967120176790846,78.61730929343065],[-25.96704434191631,78.61619447543208],[-25.96696869640589,78.61507972423409],[-25.96595179942828,78.61398726198223],[-25.96665191635755,78.61345664427802],[-25.96380698387767,78.61250681893611],[-25.96028422478909,78.61168634749724],[-25.954835113227915,78.61158378823461],[-25.948819826601618,78.61206092036831],[-25.942818151659033,78.6122749447809],[-25.94016508490296,78.6127609995035],[-25.935750552733985,78.61348337863377],[-25.93207602522563,78.61416565956127],[-25.930336921996158,78.61516000707731],[-25.92980646323213,78.61623460039165],[-25.931911110696053,78.61709073954684],[-25.93544262131309,78.61777749379529],[-25.93909928198645,78.61864703065774],[-25.94236324299311,78.61807179655928],[-25.943040989334015,78.61922667482128],[-25.947517838570505,78.6198910913824],[-25.952271148790135,78.62039049776807],[-25.958001335289243,78.62033698211984],[-25.962313259068754,78.62031915629555],[-25.964654311428983,78.61936490885479],[-25.96518509576614,78.6182902825366],[-25.967120176790846,78.61730929343065]]],"type":"Polygon"},"id":"0000000000000000005e_0000000000000000005e","properties":{"area":592423.9071246234,"elevation":1072.4620567462844,"id":"0000000000000000005e","region":"NE","surface":0.0,"year":2019},"type":"Feature"},{"geometry":{"coordinates":[[[-26.36810490446773,78.52014988993706],[-26.367114831479782,78.519418676212],[-26.364992457350347,78.51870069788771],[-26.362865418348527,78.51797833596532],[-26.36013624960394,78.51762158737655],[-26.356395214245005,78.51785794924848],[-26.352921541524225,78.51793377686339],[-26.35231516808753,78.51815668474545],[-26.349505962419922,78.51863386610613],[-26.348092435881263,78.51920456321479],[-26.347276192054824,78.51981547916374],[-26.349064617848818,78.52060028036892],[-26.348052161792655,78.52119781093948],[-26.347838298309483,78.52184883844711],[-26.346826032747046,78.52244632549771],[-26.345015466364597,78.52299034031536],[-26.345002098522237,78.52365478093401],[-26.347530394729787,78.52413636679493],[-26.350397767153506,78.52441729810262],[-26.354071911505464,78.52422104810864],[-26.357951334803452,78.52390450207459],[-26.361629987930282,78.52370826189998],[-26.36344527859643,78.52316429571738],[-26.366454942270376,78.52270056374748],[-26.36626792421281,78.52202276698364],[-26.36788173494908,78.52146539299129],[-26.36809151583882,78.52081436480906],[-26.36810490446773,78.52014988993706]]],"type":"Polygon"},"id":"00000000000000000061_00000000000000000061","properties":{"area":273598.1627712796,"elevation":1083.4012407470834,"id":"00000000000000000061","region":"NE","surface":0.0,"year":2019},"type":"Feature"},{"geometry":{"coordinates":[[[-24.31275350653057,78.85540295636571],[-24.310715749502943,78.85461819496355],[-24.306564144092075,78.85463154175316],[-24.302956682268416,78.85436844664211],[-24.29880088183396,78.85438633619279],[-24.2942840317645,78.85458691760296],[-24.290458011989084,78.85499719645581],[-24.286212873971063,78.85505963059973],[-24.285098295041102,78.85534943338845],[-24.28325199200007,78.85601387953942],[-24.279421597579198,78.85642413122743],[-24.27709409935671,78.85704838118279],[-24.277415186589057,78.8578688463052],[-24.276291453020406,78.85858675831629],[-24.274445270441817,78.85924675474877],[-24.27403965964396,78.86001366719486],[-24.277285807531605,78.8604640925397],[-24.28178065221051,78.85999586279479],[-24.286088205823944,78.85962128642494],[-24.290217396731023,78.85934036366727],[-24.293748868947752,78.85880078754288],[-24.29799853844593,78.85831030766899],[-24.301766191211232,78.85778857815991],[-24.304575415133808,78.85719997893904],[-24.30738048659408,78.85660692949148],[-24.30994893842578,78.85599606364059],[-24.31275350653057,78.85540295636571]]],"type":"Polygon"},"id":"00000000000000000064_00000000000000000064","properties":{"area":296696.9821932484,"elevation":940.0149188133316,"id":"00000000000000000064","region":"NE","surface":1722.3843137254903,"year":2019},"type":"Feature"},{"geometry":{"coordinates":[[[-24.222603975620874,78.84810343015191],[-24.22105650858507,78.84734982726515],[-24.218720062691148,78.8468593355383],[-24.215567443597372,78.846787988427],[-24.21195558252365,78.84694847437883],[-24.208887719220996,78.84682808495191],[-24.205735256380567,78.84675680969222],[-24.202029497823307,78.8469618797433],[-24.198051878101754,78.84730969431821],[-24.197267198758958,78.84756833137982],[-24.194489292921787,78.84800529842116],[-24.190694659356073,78.84825501622817],[-24.188638801276735,78.84874557701816],[-24.187782836896815,78.8493207136878],[-24.189932042634045,78.84990493569158],[-24.192451544217878,78.85030174705417],[-24.193218512419186,78.85089031573311],[-24.194471193610195,78.85151461761139],[-24.19817233047351,78.85130504178373],[-24.20151258772985,78.8512872505687],[-24.20503498098599,78.85117125459035],[-24.208834067126798,78.85092158454691],[-24.212330133735616,78.85053811052612],[-24.215826024776405,78.85015906293712],[-24.218122571642148,78.84968637423063],[-24.22041914880817,78.84921821414805],[-24.221511337147277,78.84866080219953],[-24.222603975620874,78.84810343015191]]],"type":"Polygon"},"id":"00000000000000000065_00000000000000000065","properties":{"area":262116.49883763865,"elevation":942.778248491371,"id":"00000000000000000065","region":"NE","surface":1316.9607843137253,"year":2019},"type":"Feature"},{"geometry":{"coordinates":[[[-24.149599595787752,78.74049643496174],[-24.149260580838956,78.73983644365893],[-24.148444704964167,78.73913638591932],[-24.14640693235283,78.73850320995105],[-24.14310276781426,78.73852549337315],[-24.14033801052829,78.73826680749555],[-24.13694020670177,78.73833369627128],[-24.133181148200297,78.73858347967396],[-24.131923734270536,78.73881086970655],[-24.128405341577533,78.73907841791109],[-24.12645667275722,78.7395198884002],[-24.12355386541419,78.73988992740959],[-24.121279685982508,78.74035813102168],[-24.1220912971059,78.74105822765921],[-24.12290737691912,78.74175384067951],[-24.125217083041424,78.74224439612341],[-24.12686691781186,78.74279730996993],[-24.129631736356078,78.74305588737828],[-24.132574496380116,78.74322088889352],[-24.134523320427263,78.7438986813763],[-24.137648896886287,78.74397004491881],[-24.141412494273325,78.74371584803669],[-24.144400147045182,78.7433011969046],[-24.14548823964606,78.74274377957558],[-24.14681246261337,78.74220420581449],[-24.149327333509333,78.74175387610832],[-24.14946565669178,78.74112515617034],[-24.149599595787752,78.74049643496174]]],"type":"Polygon"},"id":"00000000000000000069_00000000000000000069","properties":{"area":272870.9103280074,"elevation":939.2369419201907,"id":"00000000000000000069","region":"NE","surface":0.0,"year":2019},"type":"Feature"},{"geometry":{"coordinates":[[[-23.75790325212152,78.67010059986995],[-23.755700130593212,78.66929345439516],[-23.753319047625677,78.66857555583334],[-23.750933770089468,78.66786210413903],[-23.747910376955485,78.66746969165219],[-23.743879217077986,78.6675901165748],[-23.74291170963046,78.6679424001376],[-23.742099999684434,78.66862460836295],[-23.73916578911278,78.66914629592694],[-23.7369362637146,78.66972602391196],[-23.734474855743425,78.67028339585654],[-23.734840587358956,78.6710593121506],[-23.7356790979063,78.67186635858549],[-23.734394852991194,78.67251740768106],[-23.735469493493373,78.67334678535488],[-23.735491775170143,78.67388188426338],[-23.73303035880723,78.67443924688678],[-23.734796216994148,78.67505464738987],[-23.738648665982538,78.67502792919662],[-23.741818972494933,78.67452397590631],[-23.7458545606662,78.67440357648161],[-23.749025013602246,78.67389977219575],[-23.753136160752835,78.6734671993456],[-23.755597881354415,78.67290982720098],[-23.75688207609158,78.67226325832377],[-23.75745718121788,78.671558708335],[-23.756146356857283,78.67071144955361],[-23.75790325212152,78.67010059986995]]],"type":"Polygon"},"id":"00000000000000000070_00000000000000000070","properties":{"area":297231.7319359234,"elevation":901.5762597714972,"id":"00000000000000000070","region":"NE","surface":0.0,"year":2019},"type":"Feature"},{"geometry":{"coordinates":[[[-24.319616069760336,78.5998474372102],[-24.31879990407731,78.59915182842505],[-24.31892517292268,78.59852310121884],[-24.316548210716455,78.59807714537187],[-24.314256325649502,78.59759112102985],[-24.311879555560598,78.5971452270475],[-24.309591945850283,78.59665470403847],[-24.30659559153316,78.59653877099076],[-24.303594643655217,78.59642283916293],[-24.30086571106858,78.59616422525784],[-24.297690890435778,78.59613745822136],[-24.294159099873045,78.59630240289263],[-24.293980689475955,78.59639163512786],[-24.292210436934617,78.59689994507742],[-24.290908203985396,78.59743951421514],[-24.29054717271453,78.59805043673575],[-24.29089067982623,78.59871035384539],[-24.29273677105843,78.59943271975722],[-24.294935096169105,78.59997227107978],[-24.297579049040632,78.60027551537888],[-24.300044947024176,78.60067233606911],[-24.30277404800462,78.60092652623442],[-24.30595338018444,78.60095331394504],[-24.308776041668196,78.60116283406778],[-24.31195082578366,78.60118958508696],[-24.315839320609918,78.60084182716079],[-24.318550150261455,78.60040480855037],[-24.319616069760336,78.5998474372102]]],"type":"Polygon"},"id":"00000000000000000073_00000000000000000073","properties":{"area":255699.50192626216,"elevation":991.6329591693564,"id":"00000000000000000073","region":"NE","surface":0.0,"year":2019},"type":"Feature"},{"geometry":{"coordinates":[[[-24.212432616057715,78.58287160411354],[-24.20956989976639,78.58212254345713],[-24.205904670672275,78.58179696778605],[-24.201971669791323,78.58160528571139],[-24.197508191790558,78.58169440127745],[-24.19339682207176,78.58160081084898],[-24.188687824302534,78.5820957245326],[-24.184219765018423,78.58218491580546],[-24.179689429765368,78.5825862830994],[-24.17510111557188,78.58288055902672],[-24.170512457984113,78.58317038457078],[-24.168612904937127,78.5838793653705],[-24.16742248853348,78.5846418821924],[-24.170191548674662,78.58543566524358],[-24.174035363765018,78.58567192291395],[-24.17770071083572,78.58599744452482],[-24.181473277152598,78.58543113794813],[-24.185406016353998,78.58562291058152],[-24.19014171263422,78.58539543841792],[-24.19416374900957,78.5855381379098],[-24.19757933043394,78.58515468708612],[-24.201601643772563,78.58529735179386],[-24.20627910318559,78.58495848124491],[-24.20793795135473,78.5842360992094],[-24.211710360437124,78.58366532154785],[-24.212432616057715,78.58287160411354]]],"type":"Polygon"},"id":"00000000000000000074_00000000000000000074","properties":{"area":326702.3844176644,"elevation":977.9761429860823,"id":"00000000000000000074","region":"NE","surface":0.0,"year":2019},"type":"Feature"},{"geometry":{"coordinates":[[[-28.293553554178114,79.35699834588591],[-28.292327345877887,79.35657473705838],[-28.29080218493971,79.35633394887459],[-28.289223643453905,79.35612882774284],[-28.287172547547378,79.3562091075031],[-28.285009844019825,79.35636518856943],[-28.28307473720762,79.3563740578942],[-28.28098786224232,79.35661481662919],[-28.27934672117454,79.35683780076926],[-28.27724221402776,79.35695375706194],[-28.276751747293485,79.35712316455658],[-28.275636967155467,79.35741747943163],[-28.274914636629223,79.35772959970026],[-28.274780643738232,79.35807744457787],[-28.274250057315708,79.35840300603206],[-28.27534265560238,79.35877753988827],[-28.277215502697885,79.35879984525647],[-28.279150546906294,79.35879086614378],[-28.281023599892574,79.3588176152012],[-28.28319067155814,79.35866156806603],[-28.2852371718291,79.35857684390842],[-28.287404346687904,79.35842523363958],[-28.28968753306326,79.35819783028175],[-28.2913862615699,79.35793918929753],[-28.291328348938265,79.35758244873877],[-28.29185478381987,79.35725692691466],[-28.293553554178114,79.35699834588591]]],"type":"Polygon"},"id":"00000000000000000015_00000000000000000015","properties":{"area":77274.96939035955,"elevation":1284.6257380631364,"id":"00000000000000000015","region":"NE","surface":0.0,"year":2019},"type":"Feature"},{"geometry":{"coordinates":[[[-25.093925585602605,77.63775180874784],[-25.09289556161933,77.63735047140202],[-25.091250173201427,77.637314755001],[-25.090220301617155,77.63691794583771],[-25.089118666563,77.63655675862232],[-25.087678245131446,77.63640068919477],[-25.085961859363522,77.6364006861893],[-25.0842493609355,77.63640512012614],[-25.082603993473406,77.63636945442407],[-25.080820209487186,77.63641407691412],[-25.078764548330895,77.63661917056994],[-25.076709200378023,77.63682875601457],[-25.07591986835893,77.63703835871239],[-25.075183977700828,77.63735046634403],[-25.075393674966154,77.63772947179098],[-25.076490464125825,77.6380906895631],[-25.077864069974385,77.63828687635942],[-25.079099110913628,77.63856781609104],[-25.080677575202536,77.63864358970899],[-25.082050980593735,77.63883978391891],[-25.083696498726052,77.63887991439906],[-25.085751938506107,77.63867038177094],[-25.087468748688966,77.63866592047678],[-25.08945770525992,77.63850092160395],[-25.091134184460792,77.63826462115252],[-25.09281516010698,77.6380326929122],[-25.093925585602605,77.63775180874784]]],"type":"Polygon"},"id":"00000000000000000023_00000000000000000023","properties":{"area":85157.29746061418,"elevation":1257.2860193443028,"id":"00000000000000000023","region":"NE","surface":0.0,"year":2019},"type":"Feature"},{"geometry":{"coordinates":[[[-28.221610383685295,80.31864808540398],[-28.22134745731542,80.31829134584966],[-28.21991604633075,80.31795246460193],[-28.218903813935423,80.31763583360309],[-28.217601614316912,80.31723007455705],[-28.21580026965174,80.31710074518148],[-28.2139985658064,80.31697144145774],[-28.212571806174203,80.31663252268413],[-28.21058336761674,80.31660582118491],[-28.2082821084631,80.31675738173057],[-28.207822930290646,80.31688667427548],[-28.20684663288848,80.31717658403201],[-28.204835365510515,80.31741732649199],[-28.203858633275722,80.3177116950808],[-28.204121672940268,80.31806394854718],[-28.20397461850474,80.31839832362486],[-28.20341262474809,80.31871496400177],[-28.204090539775585,80.31908949014294],[-28.206208838239437,80.31904490315604],[-28.207822868247398,80.319281298559],[-28.2087105093758,80.31966921906911],[-28.210636480540316,80.31972714371261],[-28.21299991534632,80.31954438803788],[-28.215055296936583,80.31953095572214],[-28.21723164546626,80.31945514911276],[-28.21965748440526,80.3192321890324],[-28.220634132855363,80.31894239196104],[-28.221610383685295,80.31864808540398]]],"type":"Polygon"},"id":"0000000000000000003e_0000000000000000003e","properties":{"area":79716.74302995809,"elevation":1338.3296112115731,"id":"0000000000000000003e","region":"NE","surface":0.0,"year":2019},"type":"Feature"},{"geometry":{"coordinates":[[[-27.61236347832297,80.1924019856397],[-27.61123060975006,80.19192040187039],[-27.60956337851963,80.19148790083536],[-27.60744940531988,80.19130060426285],[-27.60533148199462,80.19110884310885],[-27.602963753111588,80.19105983702954],[-27.6005290419589,80.19104193470466],[-27.59784045418076,80.19116684266983],[-27.597318274141017,80.19133180039663],[-27.594781304678126,80.19161269862994],[-27.593260604204204,80.19195160544754],[-27.592560734364465,80.19233507830255],[-27.5918559735458,80.192714170217],[-27.59377774491533,80.19300845627613],[-27.594972861629213,80.19345434934989],[-27.596578408092135,80.19392253413926],[-27.59837534458215,80.1942837095904],[-27.600488916055802,80.1944754618275],[-27.603115374971534,80.19438628535418],[-27.604310232451503,80.19483220539693],[-27.607128578488247,80.19463603156878],[-27.60823899538782,80.19427929496699],[-27.60832806745864,80.19386460449644],[-27.60943850049747,80.19350342299312],[-27.610348197891117,80.19313329090001],[-27.61125339066746,80.1927587416036],[-27.61236347832297,80.1924019856397]]],"type":"Polygon"},"id":"00000000000000000040_00000000000000000040","properties":{"area":105786.82967036309,"elevation":1270.0092040224986,"id":"00000000000000000040","region":"NE","surface":0.0,"year":2019},"type":"Feature"},{"geometry":{"coordinates":[[[-23.947731724203464,78.96453055087241],[-23.946554351218882,78.964026654101],[-23.945381799461366,78.96351836050707],[-23.943838788917798,78.96319724868563],[-23.941926031327256,78.96305461157029],[-23.939558066417696,78.96314374011781],[-23.937279464931226,78.96318386508672],[-23.93481773510889,78.96331765381846],[-23.933787999345842,78.96355849165832],[-23.93209788007961,78.96385281093619],[-23.93112132067118,78.96420058242592],[-23.93110359049969,78.96461973381551],[-23.931799177159863,78.96509237501408],[-23.9310633050837,78.9654580620433],[-23.930086764371122,78.96580590388224],[-23.93078247186246,78.96627407529671],[-23.931959791787172,78.96678236109645],[-23.933685418905167,78.96701427095381],[-23.935045576667008,78.9674289997731],[-23.937047478420716,78.96752703742553],[-23.939696187278003,78.9672996703102],[-23.94115005739913,78.96698751046823],[-23.94212215250877,78.96663971068597],[-23.9447706076449,78.96641229483839],[-23.944788522278177,78.96599755730077],[-23.945524227478277,78.96563191511977],[-23.94601924027166,78.96524844168292],[-23.947236425760316,78.96491406007786],[-23.947731724203464,78.96453055087241]]],"type":"Polygon"},"id":"0000000000000000004d_0000000000000000004d","properties":{"area":128328.01601091144,"elevation":850.2629501036009,"id":"0000000000000000004d","region":"NE","surface":21.0,"year":2019},"type":"Feature"},{"geometry":{"coordinates":[[[-23.803113945762263,78.76227911981977],[-23.80290438959088,78.76183319683128],[-23.801740730868698,78.76132041463472],[-23.799743020786558,78.76122232183313],[-23.797936908719556,78.76103060006466],[-23.7957564660165,78.76102609873453],[-23.79330410181457,78.76115990436672],[-23.790847016544713,78.76129808140043],[-23.78875999431197,78.76124464255363],[-23.786120286624367,78.76147199515246],[-23.78443489765097,78.76177076662375],[-23.782744701727413,78.76206955407673],[-23.78224524334528,78.76245743778404],[-23.78245509578982,78.7628989203742],[-23.783146173297606,78.76338048683706],[-23.784305534113177,78.76389327883739],[-23.78575000833115,78.76426786962352],[-23.787373382575225,78.76455327886964],[-23.78918374401976,78.764740545352],[-23.791270631245478,78.76479403718184],[-23.79391046327397,78.76456658928625],[-23.796073136646168,78.7643035337649],[-23.797763207173,78.7640047769617],[-23.799925722230274,78.76374169055572],[-23.80232896907404,78.76349641362839],[-23.801642423256556,78.76301928810254],[-23.802614724603387,78.76266706729605],[-23.803113945762263,78.76227911981977]]],"type":"Polygon"},"id":"0000000000000000006a_0000000000000000006a","properties":{"area":136985.0590661108,"elevation":894.9365423268679,"id":"0000000000000000006a","region":"NE","surface":0.0,"year":2019},"type":"Feature"},{"geometry":{"coordinates":[[[-27.316230047638523,79.47487913801247],[-27.313452078492638,79.47315796304707],[-27.30806103165526,79.47435296779118],[-27.304779315175075,79.47370637806958],[-27.29372074400886,79.47452243150506],[-27.293341490771674,79.47505308503094],[-27.298357982026932,79.47675640105663],[-27.293038156244283,79.47664491833616],[-27.288708443996196,79.47518683262469],[-27.281903738954522,79.47639967602747],[-27.280748898334394,79.47768837808096],[-27.289502164525576,79.47709533681177],[-27.290063891802852,79.47803170982264],[-27.291107710181738,79.47869612780968],[-27.281458015930774,79.47838396099573],[-27.276472636951876,79.47950320282209],[-27.273266423933478,79.48117537652314],[-27.26396953078253,79.48239715187614],[-27.267349372157252,79.48329788820382],[-27.274327782258965,79.4821429979585],[-27.28305422912095,79.481095096877],[-27.289984010654017,79.48043963942246],[-27.29598109478067,79.47953441285482],[-27.304132640821837,79.47865152367187],[-27.309331705817648,79.47709086519168],[-27.312212469850024,79.4756014905746],[-27.316230047638523,79.47487913801247]]],"type":"Polygon"},"id":"00000000000000000003_00000000000000000003","properties":{"area":359141.3366829007,"elevation":1157.8225596352684,"id":"00000000000000000003","region":"NE","surface":490.1098039215686,"year":2019},"type":"Feature"},{"geometry":{"coordinates":[[[-26.355338302617234,79.38076532030243],[-26.35284587330542,79.3799047424423],[-26.351860058165748,79.37887021846437],[-26.348431009065735,79.37813000640725],[-26.344431425883812,79.37743881209082],[-26.34101128321931,79.37643111312649],[-26.337007011724758,79.37573993992622],[-26.333939351935374,79.37506218490326],[-26.333792003476844,79.37514246599443],[-26.333631488132507,79.3760163740947],[-26.332677356671496,79.37692607777494],[-26.336686094575306,79.3773541105794],[-26.336739691655335,79.3782370327932],[-26.33959322974791,79.37890148212239],[-26.342803814113743,79.37976651638587],[-26.34292873909003,79.38074304607746],[-26.34463203824404,79.38164376347923],[-26.340382646334227,79.38226355143871],[-26.33742634689724,79.38295919017074],[-26.33711848177195,79.38391350521783],[-26.33803248958413,79.3847205721718],[-26.343200583202538,79.38477853136436],[-26.345871860841694,79.38397146610558],[-26.34682604499434,79.38306173981816],[-26.351285090630604,79.38245531924763],[-26.352881626810685,79.38158138823566],[-26.355338302617234,79.38076532030243]]],"type":"Polygon"},"id":"00000000000000000010_00000000000000000010","properties":{"area":203039.77479336137,"elevation":1012.7104494505083,"id":"00000000000000000010","region":"NE","surface":1028.3019607843135,"year":2019},"type":"Feature"},{"geometry":{"coordinates":[[[-27.341040330095755,78.4983582828128],[-27.33844515376936,78.49759579414135],[-27.33741060942261,78.49687784920216],[-27.333375396699513,78.4966772537224],[-27.330655088654034,78.49650331108876],[-27.332162503539244,78.49572738507744],[-27.328207086703145,78.49547772291899],[-27.32506339269364,78.49505856694408],[-27.32173721970712,78.49441648309602],[-27.31738954689528,78.4944075498038],[-27.31588236278603,78.49518340690257],[-27.317090616797095,78.49612873303434],[-27.317964870305556,78.4969447608802],[-27.321919681944106,78.49719445876691],[-27.321549832974213,78.4977696550676],[-27.323146402864303,78.49710976876443],[-27.326191594605515,78.49725241477624],[-27.32756070660841,78.49809968170143],[-27.32636991216414,78.49867489033404],[-27.32632553489355,78.49921447255693],[-27.329807904679306,78.49976291378073],[-27.333687577941998,78.50006167635215],[-27.338271602209666,78.49991897113142],[-27.338556905966268,78.49923227551577],[-27.337375200771177,78.49877742523354],[-27.341040330095755,78.4983582828128]]],"type":"Polygon"},"id":"0000000000000000001f_0000000000000000001f","properties":{"area":166177.6622081824,"elevation":1185.214459895868,"id":"0000000000000000001f","region":"NE","surface":93.65098039215687,"year":2019},"type":"Feature"},{"geometry":{"coordinates":[[[-23.755878706566325,75.71564733542267],[-23.754447279089867,75.71459499498869],[-23.750781781172545,75.71378346246424],[-23.746697363586943,75.71323949539308],[-23.74261284647399,75.71269539652423],[-23.737382468181845,75.71287824137113],[-23.736218410735248,75.71322606060906],[-23.73287858289277,75.71397075615977],[-23.736321197320724,75.7145325667694],[-23.740793428242117,75.71404656135456],[-23.744980746075793,75.71452366705086],[-23.747067527346783,75.71594609988203],[-23.745399768690632,75.71700291188043],[-23.74426702868389,75.71811322170011],[-23.743397809232928,75.71925031342222],[-23.743758933268232,75.72020007411913],[-23.739937362248416,75.72105627526437],[-23.7371951283464,75.72201052775334],[-23.73643263657302,75.7230807169031],[-23.74096757991895,75.72275516439215],[-23.744516745824676,75.72187672620397],[-23.748066286698815,75.72099824633005],[-23.748396315813228,75.71980774533054],[-23.750064050097006,75.71874646943931],[-23.753078385001444,75.71781895319297],[-23.754211079805685,75.71670416392959],[-23.755878706566325,75.71564733542267]]],"type":"Polygon"},"id":"0000000000000000002d_0000000000000000002d","properties":{"area":260646.20855873643,"elevation":1337.6764134763941,"id":"0000000000000000002d","region":"NE","surface":0.0,"year":2019},"type":"Feature"},{"geometry":{"coordinates":[[[-23.59593521037523,74.77357304655985],[-23.59474915820405,74.77273032034446],[-23.593299785353967,74.77185633943316],[-23.591226326053594,74.77140152698023],[-23.589567743042313,74.7706657726039],[-23.587494020095797,74.77021537216999],[-23.585625925753725,74.76961786743531],[-23.58334719801971,74.7693056807319],[-23.581171124162427,74.76891780153342],[-23.578785611986028,74.76867254202571],[-23.57639991494526,74.76842728345589],[-23.573911848203974,74.76824894814398],[-23.571004352618978,74.7683514925769],[-23.567686946345788,74.7687349782927],[-23.566794798086416,74.76912289069968],[-23.568975550143605,74.7695108433237],[-23.57115144104718,74.7698943516587],[-23.57322498283567,74.77034918126363],[-23.575713342581615,74.77052752062046],[-23.57778656781241,74.77098236045994],[-23.580484414797088,74.77101802595084],[-23.582557865583468,74.77147281320768],[-23.584734013480734,74.771856305408],[-23.58649516924327,74.77252071442044],[-23.588359312824306,74.77311380119768],[-23.59053972951294,74.77350176407975],[-23.593027917946625,74.77367568571974],[-23.59593521037523,74.77357304655985]]],"type":"Polygon"},"id":"00000000000000000031_00000000000000000031","properties":{"area":184107.21178084033,"elevation":1697.7500583022386,"id":"00000000000000000031","region":"NE","surface":0.0,"year":2019},"type":"Feature"},{"geometry":{"coordinates":[[[-29.695379026332386,70.99044498814692],[-29.691642251453153,70.98830904805577],[-29.687905550325024,70.9861686915245],[-29.683673819019038,70.984621372388],[-29.679161302172297,70.98340410753632],[-29.674555119750213,70.98263265055634],[-29.670533046751107,70.98182556410548],[-29.665529756196747,70.98119677711023],[-29.660383975616156,70.98073749075817],[-29.65467642640241,70.98094713220344],[-29.649249732865226,70.98082227607067],[-29.64894191031515,70.98151338215939],[-29.654016561162937,70.98206190467758],[-29.659585736408843,70.98201727501402],[-29.664798584469874,70.98239185612518],[-29.6696633932783,70.9831900198197],[-29.668767192193332,70.98491124673492],[-29.672762442942663,70.98607954470327],[-29.677698725134565,70.9867930127968],[-29.672316464273504,70.98694459491871],[-29.66742036061451,70.98749755472733],[-29.67209801737203,70.98818871383152],[-29.67682457540881,70.98915186887139],[-29.681480101895563,70.99019530275491],[-29.686554343211757,70.99073926954465],[-29.69156203422132,70.99136803725658],[-29.695379026332386,70.99044498814692]]],"type":"Polygon"},"id":"00000000000000000037_00000000000000000037","properties":{"area":616003.3027321617,"elevation":1822.403284033316,"id":"00000000000000000037","region":"NE","surface":0.0,"year":2019},"type":"Feature"},{"geometry":{"coordinates":[[[-29.45397214621504,70.89731225135375],[-29.452308951074542,70.89634901629637],[-29.449566618821976,70.89601019832509],[-29.44618215998609,70.89642038645867],[-29.445499872001825,70.89690196069749],[-29.4457406896842,70.89791860517217],[-29.443422079087732,70.89869898267382],[-29.440590442482616,70.89943473054848],[-29.437758778050757,70.90017050540109],[-29.436465811849125,70.90104446710069],[-29.436193690382495,70.90201212111207],[-29.433063436158516,70.90244908379724],[-29.430561974903988,70.90312240162385],[-29.427386924145303,70.9032829420556],[-29.42509965338802,70.90370657710588],[-29.42664686391241,70.90448240741726],[-29.429317817272675,70.90490602934632],[-29.43255954973796,70.9046607710919],[-29.435805798448918,70.90441555805272],[-29.4392615280606,70.9039161586022],[-29.441321700405158,70.90310906901311],[-29.444411783616715,70.90240006760905],[-29.446472010073435,70.90159295136459],[-29.448023795200026,70.9007412340407],[-29.44931682705834,70.89986729631856],[-29.45214858926799,70.8991315458172],[-29.45370013468767,70.89827985210715],[-29.45397214621504,70.89731225135375]]],"type":"Polygon"},"id":"00000000000000000038_00000000000000000038","properties":{"area":352042.2606376785,"elevation":1652.2917913333742,"id":"00000000000000000038","region":"NE","surface":0.0,"year":2019},"type":"Feature"},{"geometry":{"coordinates":[[[-24.34222364257242,78.9911469696867],[-24.341376527565796,78.98910463585749],[-24.34106429691464,78.98710696317869],[-24.33441153664706,78.98522972411767],[-24.326353794530885,78.98406589299186],[-24.31749369176753,78.98331225314477],[-24.30873599589459,78.9825051521704],[-24.298569196171144,78.98241151220796],[-24.28961078772469,78.98170254132417],[-24.27833390562134,78.98217077431897],[-24.267462655763623,78.98242938862586],[-24.256189780213,78.98289761561462],[-24.251378484871918,78.98347725311538],[-24.242348990848868,78.98480609666478],[-24.252720634324334,78.98480165175485],[-24.26265993321252,78.98470354368179],[-24.274543653672275,78.98393209219608],[-24.285718062745385,78.98351741790376],[-24.295077685367783,78.98402130952974],[-24.303233148285948,78.98513157930292],[-24.313502789834455,78.98517620840875],[-24.32246554044195,78.98588074417727],[-24.328752700732654,78.98732548449469],[-24.33147280956167,78.98903331815906],[-24.332052779274512,78.99105331124599],[-24.33373807901536,78.99251141369481],[-24.34222364257242,78.9911469696867]]],"type":"Polygon"},"id":"0000000000000000004e_0000000000000000004e","properties":{"area":549818.9294201782,"elevation":862.8697886733125,"id":"0000000000000000004e","region":"NE","surface":0.0,"year":2019},"type":"Feature"},{"geometry":{"coordinates":[[[-25.732669671918977,78.96545360309695],[-25.731688469149724,78.96414706289669],[-25.729418917195407,78.96354952348175],[-25.726248635873667,78.96259530524763],[-25.72099554740265,78.9616499751238],[-25.71839155930905,78.96038800627912],[-25.715006964227914,78.95926881855415],[-25.711078568835458,78.95816294125008],[-25.706071083396104,78.95708383705472],[-25.700336598382393,78.9564015959095],[-25.69655077282335,78.95550529950198],[-25.691659221371307,78.95493012142848],[-25.685906822274557,78.95454217241638],[-25.6873562952398,78.9557283195716],[-25.69292565493096,78.95649974192192],[-25.698093499677732,78.957489621634],[-25.703908358887563,78.95812724413169],[-25.70720794986665,78.95929109678998],[-25.713027288347853,78.95992879975002],[-25.713027183730592,78.96091867826217],[-25.716951231545377,78.96202451502928],[-25.72050071442283,78.96305462871452],[-25.7242687714849,78.96424518704309],[-25.725873946973508,78.96549370112854],[-25.72793829877635,78.96676900903373],[-25.73242885732735,78.96657282527002],[-25.732669671918977,78.96545360309695]]],"type":"Polygon"},"id":"00000000000000000062_00000000000000000062","properties":{"area":203211.33284906426,"elevation":1016.5975901431415,"id":"00000000000000000062","region":"NE","surface":0.0,"year":2019},"type":"Feature"},{"geometry":{"coordinates":[[[-26.672505291617956,78.6096619496277],[-26.666721664744934,78.60701765066614],[-26.657366683905067,78.6056175518427],[-26.653411599408294,78.60649148043835],[-26.65956062967008,78.60861850982353],[-26.662124760836257,78.61109774227614],[-26.662217991263752,78.61341645782858],[-26.657598543967406,78.61542757189139],[-26.65140044107998,78.61733598662059],[-26.6449793520232,78.61922669118303],[-26.637880671926098,78.62107722940218],[-26.632805993168226,78.62305703166871],[-26.624128590521984,78.62480057986083],[-26.616352009971614,78.62660202057612],[-26.60527562410527,78.62799327097713],[-26.59688792239972,78.62911701833025],[-26.609618851588614,78.62852393775238],[-26.619945916491435,78.62698551946211],[-26.62885064453932,78.62525540146959],[-26.63819701588304,78.62355652377464],[-26.644622547567874,78.6216658120293],[-26.651944552579245,78.61982868774608],[-26.658365430007617,78.61793797871212],[-26.663212783978583,78.61594033328859],[-26.66805516820173,78.6139470907499],[-26.672451754202484,78.61192268632031],[-26.672505291617956,78.6096619496277]]],"type":"Polygon"},"id":"00000000000000000063_00000000000000000063","properties":{"area":480005.06667685724,"elevation":1106.1849892922194,"id":"00000000000000000063","region":"NE","surface":0.0,"year":2019},"type":"Feature"},{"geometry":{"coordinates":[[[-24.086284693305725,78.68299182638802],[-24.085160994414615,78.68201975736706],[-24.082186810606576,78.68138214365823],[-24.0815892848516,78.6804546040351],[-24.078352026282353,78.67979467873164],[-24.079596083063176,78.67900092659069],[-24.079266283016967,78.67809128404187],[-24.077379877727925,78.67736002048457],[-24.07509239776921,78.67683377848621],[-24.076336502130435,78.67604010124758],[-24.072697912709085,78.67558972159298],[-24.06855971694313,78.67539354028587],[-24.06743152277474,78.67566555349768],[-24.067498450365516,78.67655739248855],[-24.067832962783196,78.67746705019847],[-24.067373742467506,78.67832319453198],[-24.067708271034814,78.67923283949568],[-24.06955431864021,78.68014249193855],[-24.07218935836245,78.68110560024742],[-24.075020915532534,78.68197070447863],[-24.074565973112545,78.68282238180721],[-24.07516373903605,78.68375433755534],[-24.07601993022415,78.68470416268009],[-24.076554964564533,78.68551565423182],[-24.08044794583304,78.68521248251376],[-24.081165456610393,78.6843830544111],[-24.083462009980526,78.68366515266172],[-24.086284693305725,78.68299182638802]]],"type":"Polygon"},"id":"0000000000000000007b_0000000000000000007b","properties":{"area":222078.8540139592,"elevation":930.2302151157995,"id":"0000000000000000007b","region":"NE","surface":0.0,"year":2019},"type":"Feature"},{"geometry":{"coordinates":[[[-23.64751352700307,78.6204841352631],[-23.645712186221633,78.61957453338606],[-23.64402203654021,78.61891459186445],[-23.640927435328848,78.61820112585839],[-23.63855076083021,78.6171264811917],[-23.63510847184765,78.61674299956945],[-23.63084114600869,78.6164709202357],[-23.625958242721136,78.61651106361967],[-23.62189588486127,78.6161365084141],[-23.616607565369463,78.61638176273405],[-23.611827637305772,78.61636840150135],[-23.606846695760254,78.61645315378435],[-23.606641442051384,78.61656016787377],[-23.608487655819495,78.61729588074665],[-23.612755051207255,78.61756343274736],[-23.61712473027174,78.61778191562526],[-23.62211006429616,78.61769274338968],[-23.62627494545468,78.61801828514479],[-23.630644830895545,78.61823676040018],[-23.63532251084453,78.61829917183594],[-23.63867568700386,78.6190349660189],[-23.641101500433532,78.6199312279624],[-23.64103447359993,78.62087652284268],[-23.63940236281609,78.6216970122985],[-23.64214470804969,78.62274044290636],[-23.644253948746098,78.62212958743785],[-23.6437990160108,78.62114857576567],[-23.64751352700307,78.6204841352631]]],"type":"Polygon"},"id":"0000000000000000007c_0000000000000000007c","properties":{"area":158040.92187383975,"elevation":896.9647451059894,"id":"0000000000000000007c","region":"NE","surface":0.0,"year":2019},"type":"Feature"},{"geometry":{"coordinates":[[[-24.196205957094516,75.77514961576087],[-24.19617915776184,75.77476609278399],[-24.19534095189213,75.77431127302162],[-24.194092418032312,75.77411507325174],[-24.192741354359345,75.77399021807659],[-24.19108246506751,75.77406158774012],[-24.189423861160886,75.77413739621916],[-24.188638986095242,75.77444503853751],[-24.187858497971735,75.77475277749595],[-24.185990223065225,75.77495790079992],[-24.1848443946643,75.77469926356153],[-24.1832880484134,75.77470370733555],[-24.183185441183642,75.77477057222191],[-24.18240057786099,75.77507827120145],[-24.183238990632145,75.77553756351985],[-24.1842822341386,75.77586307307837],[-24.185120749533578,75.77631787226468],[-24.185959016952303,75.77677718101752],[-24.18679733370844,75.77723648495196],[-24.18814844645957,75.77736129448677],[-24.18939713088551,75.77755752435168],[-24.19126084613048,75.77734793091321],[-24.192045679239893,75.77704468624034],[-24.192830341560484,75.77673706622281],[-24.19361100046639,75.77642939144665],[-24.19439545434661,75.77612168585954],[-24.195452481681542,75.77584079157157],[-24.195965159734858,75.77550636130873],[-24.196205957094516,75.77514961576087]]],"type":"Polygon"},"id":"0000000000000000002c_0000000000000000002c","properties":{"area":90731.66392677226,"elevation":1471.1190925532746,"id":"0000000000000000002c","region":"NE","surface":0.0,"year":2019},"type":"Feature"}]}