{"type":"FeatureCollection","features":[{"geometry":{"coordinates":[[[-47.03878508313389,69.14684753428622],[-47.03865565741212,69.14556328719364],[-47.03662244856513,69.14437270966623],[-47.033376086852,69.14381090248955],[-47.03031719695225,69.14301263533727],[-47.03125344790883,69.14171507904202],[-47.030700627897744,69.14043535990405],[-47.02929599457904,69.13916450691575],[-47.02917117945484,69.13787577531197],[-47.02550583743133,69.13738978640326],[-47.02192511193425,69.13773759555258],[-47.01835354580873,69.13816563507288],[-47.014839777887396,69.13919122579341],[-47.01467470985377,69.13965054320093],[-47.01199475000832,69.1405156185356],[-47.00911873183455,69.14153672460849],[-47.007544557109426,69.1428477128345],[-47.008735165285984,69.14411852149959],[-47.010487510092474,69.1446268779481],[-47.012739504127225,69.1458888132571],[-47.01559766656565,69.1468385397586],[-47.01933441515377,69.14807821646453],[-47.02300855171623,69.14864005780242],[-47.02663392389579,69.14874708261617],[-47.03026375489035,69.14884963476923],[-47.03390229285702,69.14910827021798],[-47.03742491803691,69.1481540132413],[-47.03878508313389,69.14684753428622]]],"type":"Polygon"},"id":"00000000000000000001_00000000000000000001","properties":{"area":1037149.3434063966,"elevation":1776.0784460489756,"id":"00000000000000000001","region":"CW","surface":827.6470588235295,"year":2019},"type":"Feature"},{"geometry":{"coordinates":[[[-47.18908347346652,68.93380948064734],[-47.1858281935342,68.93286862944774],[-47.18211834481235,68.93163341453233],[-47.17793130802049,68.92987213123301],[-47.17154583718592,68.92920320308022],[-47.16516051071928,68.92852990904281],[-47.159983461502584,68.9293592906337],[-47.15584991010186,68.92805280066135],[-47.14959816749754,68.9286681674161],[-47.1480418682354,68.92989885065997],[-47.15282664223916,68.93134805012865],[-47.15617077631424,68.93312281425713],[-47.157669058903736,68.93537461099181],[-47.15874834339107,68.93763094503224],[-47.16263669463815,68.93659196689924],[-47.16352397300204,68.93499111994296],[-47.16701530606627,68.93615499256379],[-47.16555720874498,68.93829534249393],[-47.165584054106844,68.94056947310122],[-47.16930298984966,68.94188048707868],[-47.17528688679366,68.94270987407488],[-47.17914867585984,68.94136765209089],[-47.18528428125923,68.94166197109541],[-47.18888718698441,68.93986939009974],[-47.188436857062875,68.93760418391172],[-47.18672453462294,68.93535678444138],[-47.18908347346652,68.93380948064734]]],"type":"Polygon"},"id":"00000000000000000003_00000000000000000003","properties":{"area":1636984.8286150985,"elevation":1701.0904461072682,"id":"00000000000000000003","region":"CW","surface":2910.5372549019608,"year":2019},"type":"Feature"},{"geometry":{"coordinates":[[[-47.88945667302576,68.69682164016348],[-47.885746704759775,68.69545720575898],[-47.885675453706156,68.69342380650625],[-47.88013278183435,68.690815249109],[-47.87231596799692,68.69118532523058],[-47.86636299448518,68.69310277326862],[-47.86485565900072,68.69418185866809],[-47.86150707846207,68.69695542674354],[-47.855638841613725,68.69947476565885],[-47.850220966711845,68.70228403118239],[-47.84991339563721,68.70454926666149],[-47.84701498324452,68.70610546162754],[-47.85301225259328,68.70599848583028],[-47.85017644962995,68.70800953964388],[-47.84639055906533,68.71064039137582],[-47.84596698867848,68.7120762558312],[-47.853681286996135,68.71088566246843],[-47.854457087544176,68.7120004310373],[-47.860307593401544,68.71385096813232],[-47.866242454049285,68.71480075744385],[-47.86960469269654,68.71210299036828],[-47.873965633990025,68.70915994959852],[-47.879588626121844,68.70634185672512],[-47.88167560791955,68.70344342233088],[-47.88127860771368,68.70058962419702],[-47.88551469304878,68.6982485389694],[-47.88945667302576,68.69682164016348]]],"type":"Polygon"},"id":"00000000000000000008_00000000000000000008","properties":{"area":2664101.530387957,"elevation":1529.4729505674954,"id":"00000000000000000008","region":"CW","surface":7375.384313725492,"year":2019},"type":"Feature"},{"geometry":{"coordinates":[[[-47.72552222903164,68.45514725517042],[-47.72129054220069,68.45251196077515],[-47.7161269408021,68.45372934457376],[-47.719404478500174,68.45533010234362],[-47.71263106817633,68.45522308894665],[-47.71753591891998,68.45197689240295],[-47.70837698893359,68.45078185557163],[-47.69924474457814,68.44980968989115],[-47.69012144791529,68.44891348471248],[-47.68117212139915,68.44936829615038],[-47.67970937195233,68.45075059230834],[-47.674313979445735,68.45339936047866],[-47.66973440032845,68.45603915340556],[-47.664824916405856,68.45928530942166],[-47.662617616730444,68.46127855125476],[-47.668802489176365,68.46320493001095],[-47.67249446765295,68.46163527911794],[-47.67501857250813,68.46053835147471],[-47.67848756638687,68.46205888374485],[-47.687450324397894,68.46167985966156],[-47.69647563368686,68.46175125207301],[-47.70491238337006,68.46047590244812],[-47.71200658587882,68.45831771214651],[-47.71271582033407,68.46064089550443],[-47.71903424031524,68.45879930490862],[-47.72397493233199,68.45743037735342],[-47.72552222903164,68.45514725517042]]],"type":"Polygon"},"id":"00000000000000000009_00000000000000000009","properties":{"area":2685677.830695647,"elevation":1649.2936628557359,"id":"00000000000000000009","region":"CW","surface":7213.69803921568,"year":2019},"type":"Feature"},{"geometry":{"coordinates":[[[-47.15376729781603,68.67471344819832],[-47.14757821976672,68.67284062199822],[-47.14311453283349,68.67169462830161],[-47.13665323891865,68.67118183108094],[-47.13037496189378,68.67247054970044],[-47.12463612440967,68.67096776499743],[-47.1186162928934,68.67074479691485],[-47.11224413249127,68.67113278182254],[-47.105934668444974,68.6721226631504],[-47.09962946729597,68.67318395251905],[-47.09483604108212,68.67279599665605],[-47.08838790729798,68.67243036711642],[-47.088218547602324,68.67280937596998],[-47.09153621793193,68.67494979146264],[-47.09342244054002,68.67725956920879],[-47.09794846409511,68.67907889580951],[-47.104498690618584,68.68042104661497],[-47.10980946194906,68.6797477406984],[-47.11454507646769,68.67750038899031],[-47.119802299871345,68.6783342098695],[-47.125853468477835,68.67885592918284],[-47.13154763932021,68.6778748926001],[-47.13579263339203,68.6789451054229],[-47.13975689024844,68.67723724821278],[-47.1432483887136,68.67500770662453],[-47.148108640556,68.67599318004804],[-47.15376729781603,68.67471344819832]]],"type":"Polygon"},"id":"0000000000000000000a_0000000000000000000a","properties":{"area":1747180.2120097955,"elevation":1760.26980757322,"id":"0000000000000000000a","region":"CW","surface":901.7803921568626,"year":2019},"type":"Feature"},{"geometry":{"coordinates":[[[-47.580681742715704,68.46896154726699],[-47.578898023105545,68.46613003347643],[-47.579981652319525,68.46325392986962],[-47.57546021534999,68.46144799278647],[-47.56769229781969,68.46157283305271],[-47.55999596923418,68.46230412803709],[-47.552446687652,68.46423488891816],[-47.550605150933436,68.46592049713254],[-47.54557972206401,68.46840862044944],[-47.54224422989275,68.47132491656335],[-47.540750595228836,68.4742099535057],[-47.54449160730393,68.476328013401],[-47.546939722951294,68.47794666799861],[-47.55462268761436,68.47706824749046],[-47.5611775906277,68.47703705092634],[-47.5589213182658,68.47872698192575],[-47.56671585248948,68.47874926499928],[-47.56782607261281,68.47609611006546],[-47.57185269096272,68.47384878222034],[-47.57718140495619,68.47218106919932],[-47.570358795699406,68.47334489871466],[-47.56255102298842,68.4731754436288],[-47.55805624413414,68.47159241445554],[-47.561387203749916,68.46867625028221],[-47.566082571277846,68.46687030378177],[-47.57396170499125,68.46764169825336],[-47.580681742715704,68.46896154726699]]],"type":"Polygon"},"id":"0000000000000000000c_0000000000000000000c","properties":{"area":1771614.3004378355,"elevation":1670.2283075699268,"id":"0000000000000000000c","region":"CW","surface":4315.7764705882255,"year":2019},"type":"Feature"},{"geometry":{"coordinates":[[[-46.83292605976446,68.5859728279191],[-46.8266879696425,68.58529506841514],[-46.82100258985205,68.58619135876106],[-46.818933368050395,68.5884699348216],[-46.82476589548106,68.58923245643089],[-46.821604623295,68.5907708346007],[-46.81833159454494,68.58863048527334],[-46.81683323849922,68.58797055625244],[-46.81237416759157,68.5864410964945],[-46.806653197502314,68.58695828549675],[-46.80598869881939,68.58877317728015],[-46.804535010354606,68.59104726708364],[-46.79935356832284,68.5930628310016],[-46.79413191150765,68.5946279475174],[-46.79307967969494,68.5967460460716],[-46.79906387004911,68.59690210718558],[-46.80406251042939,68.59752192883002],[-46.8101534092079,68.59647405061261],[-46.816217936143666,68.59512291142079],[-46.820837441569545,68.5937896590803],[-46.82602806969552,68.59425785858068],[-46.8298270405906,68.59293354964451],[-46.828217306370384,68.59099828209602],[-46.82925638111648,68.588728547927],[-46.83291708611483,68.58823362050903],[-46.83292605976446,68.5859728279191]]],"type":"Polygon"},"id":"0000000000000000000d_0000000000000000000d","properties":{"area":1209916.045405439,"elevation":1823.769117489147,"id":"0000000000000000000d","region":"CW","surface":10.513725490196078,"year":2019},"type":"Feature"},{"geometry":{"coordinates":[[[-47.10168951390135,68.3114349393353],[-47.10004411291582,68.30920087254123],[-47.09387281180363,68.30846072268349],[-47.09002009675837,68.30648083021161],[-47.08380418538131,68.30528580947923],[-47.07766396115968,68.3048443668638],[-47.071893797295,68.30401943692563],[-47.06567337762737,68.30274855198036],[-47.05954648485824,68.30245430636967],[-47.055002801272835,68.30168731081004],[-47.048982920058535,68.30244088904519],[-47.05259047847401,68.30405067220734],[-47.05212662666861,68.30555782659201],[-47.046378986614194,68.30496030423984],[-47.04029672011272,68.30511188482393],[-47.04031005801277,68.30736822294512],[-47.04643234732879,68.30759112556437],[-47.05262153904859,68.30855877283868],[-47.058784019885024,68.30923215222094],[-47.06498210863265,68.31027555286218],[-47.071162435457964,68.3110960243506],[-47.07734281743638,68.31191645797429],[-47.08348302666637,68.31235795182982],[-47.08960984539532,68.31265223250799],[-47.09565631924359,68.3121216197055],[-47.10168951390135,68.3114349393353]]],"type":"Polygon"},"id":"0000000000000000000e_0000000000000000000e","properties":{"area":1654016.3192901264,"elevation":1796.1052803360653,"id":"0000000000000000000e","region":"CW","surface":933.0078431372549,"year":2019},"type":"Feature"},{"geometry":{"coordinates":[[[-49.14556319425299,70.17085328001122],[-49.140546540611744,70.17003731626461],[-49.136043012648614,70.16944425754252],[-49.136390759530435,70.17108074284187],[-49.13438403754877,70.17245859033429],[-49.131106822943686,70.17222670430881],[-49.131445619852286,70.17057681811677],[-49.133652872533396,70.16903401058686],[-49.132845652872625,70.16741090758818],[-49.13043777798865,70.1658278814275],[-49.12630875575189,70.16483348616077],[-49.12168015919895,70.16581004714293],[-49.11704723805521,70.16678212376598],[-49.11254793159344,70.16837845929804],[-49.11207517008627,70.16940853601876],[-49.11464828218818,70.17067495224],[-49.11442071623471,70.17177635594004],[-49.11239181482923,70.17307393840206],[-49.11525910084143,70.17464796980441],[-49.11767149414462,70.17623094643683],[-49.12256742867779,70.1765029976565],[-49.12576472322978,70.17744384611505],[-49.13044678141213,70.1767036149362],[-49.134129905547425,70.17559329839516],[-49.13869159619477,70.17430912988684],[-49.142241216556386,70.17257896828934],[-49.14556319425299,70.17085328001122]]],"type":"Polygon"},"id":"0000000000000000001a_0000000000000000001a","properties":{"area":1022538.6301247133,"elevation":1370.4360365090135,"id":"0000000000000000001a","region":"CW","surface":0.0,"year":2019},"type":"Feature"},{"geometry":{"coordinates":[[[-48.142911886012286,69.60455636151322],[-48.136428488148375,69.60171594840716],[-48.12678350893706,69.60151082174984],[-48.128892530108175,69.59928570489717],[-48.123621845295446,69.60133687769046],[-48.115145208356026,69.60001701608714],[-48.120710070205384,69.59842963678035],[-48.11894883858769,69.59573181058362],[-48.10916987643663,69.59467058030987],[-48.10547339821189,69.59676632561198],[-48.09663106915528,69.59740400132694],[-48.08932251986698,69.59496484246752],[-48.094994455750125,69.5940819622548],[-48.10454131829274,69.59366729795865],[-48.09542247732766,69.59251231382929],[-48.08580436718283,69.592458833089],[-48.076556027087335,69.59481769146532],[-48.07599875252488,69.59553115297477],[-48.072944149562424,69.59894236538173],[-48.079467764755755,69.60209498285076],[-48.08927337443214,69.60331230060893],[-48.099123575214605,69.60484180439708],[-48.10813543177458,69.606701200034],[-48.11748621114748,69.60785162994303],[-48.12702411546956,69.60735668014877],[-48.13649088121946,69.60639797261474],[-48.142911886012286,69.60455636151322]]],"type":"Polygon"},"id":"00000000000000000023_00000000000000000023","properties":{"area":2576712.079262276,"elevation":1588.319055609699,"id":"00000000000000000023","region":"CW","surface":0.0,"year":2019},"type":"Feature"},{"geometry":{"coordinates":[[[-48.23105050219904,69.56128976690154],[-48.22520905499088,69.55968888170283],[-48.22119592548738,69.56109357162106],[-48.21518962328829,69.56121392762323],[-48.209566631081714,69.56093299688848],[-48.21191208877163,69.55885951553589],[-48.21774458629042,69.55765105764237],[-48.212536283628836,69.5558050322972],[-48.20652111307921,69.55584514517922],[-48.20053697023369,69.55611717990188],[-48.19463295066769,69.55685740807394],[-48.18865330303066,69.55712936935545],[-48.18379758135985,69.55886398811566],[-48.18634360463721,69.56083932559136],[-48.18773941086781,69.56260962198],[-48.19116379465917,69.56449139715623],[-48.197433457260935,69.56600747707637],[-48.20336856471325,69.5654233310003],[-48.20749760795383,69.56612339245153],[-48.211640093333635,69.56689924397078],[-48.21714255885869,69.5678044924666],[-48.22304197203838,69.56838856740794],[-48.22823247080181,69.56735408713668],[-48.22744742555092,69.56526278789546],[-48.22916437877569,69.56343454459804],[-48.23105050219904,69.56128976690154]]],"type":"Polygon"},"id":"00000000000000000024_00000000000000000024","properties":{"area":1587291.1845337132,"elevation":1546.0305334802713,"id":"00000000000000000024","region":"CW","surface":0.0,"year":2019},"type":"Feature"},{"geometry":{"coordinates":[[[-47.48221579314926,69.40547090022812],[-47.47846575268786,69.40373634713654],[-47.47321290850877,69.40241195031142],[-47.46767927502711,69.40242090394354],[-47.46210074851787,69.40203738354792],[-47.45659833254302,69.4022737696702],[-47.45101110045135,69.40181442684134],[-47.44879924072044,69.40363819660908],[-47.443354669722794,69.40434276247238],[-47.43782104798725,69.40434717405051],[-47.43271092067213,69.40419109556625],[-47.427538298546274,69.40349102473759],[-47.42738232268506,69.40403950874025],[-47.42404689067434,69.40572508545503],[-47.42339570180971,69.40768261390812],[-47.42791736174432,69.4084719285336],[-47.43349572126324,69.40885539375667],[-47.439029461574094,69.40885087247544],[-47.443341444302696,69.40972038622932],[-47.44891071719943,69.41002810800086],[-47.45445350221961,69.41009950365778],[-47.45998726995877,69.41009056389576],[-47.46552095308159,69.41008608378975],[-47.46907484423212,69.40839604530619],[-47.47445704586129,69.40714750776085],[-47.479134772921896,69.40738831896103],[-47.48221579314926,69.40547090022812]]],"type":"Polygon"},"id":"00000000000000000026_00000000000000000026","properties":{"area":1432284.9563350799,"elevation":1694.9251200744966,"id":"00000000000000000026","region":"CW","surface":0.0,"year":2019},"type":"Feature"},{"geometry":{"coordinates":[[[-47.20078412050833,69.50328132590282],[-47.19794819687029,69.5017607326856],[-47.198443003597916,69.50019558353945],[-47.193930587364,69.49955793505809],[-47.18946247530284,69.49938398911405],[-47.18496328195143,69.49889794108259],[-47.180464095968894,69.49841193220084],[-47.1760361687871,69.49855016448006],[-47.1714967275412,69.49767616475826],[-47.16708214977668,69.4979660538481],[-47.162667683929044,69.49826035777738],[-47.16387627986973,69.49917889237352],[-47.16848697384061,69.50067716269602],[-47.16998523649811,69.50221554117645],[-47.16801877063047,69.5025500084915],[-47.16364872963418,69.5032322785963],[-47.16491063285011,69.50461901791485],[-47.16854481657867,69.5053502950809],[-47.17307081531324,69.50606822751313],[-47.177467495658014,69.50562234571578],[-47.18157446403633,69.50657655653362],[-47.18600658342087,69.50644278505543],[-47.19046580031422,69.50653643350192],[-47.19459946261259,69.50772701689729],[-47.1989023130403,69.50642496726277],[-47.19984320943849,69.50485536749969],[-47.20078412050833,69.50328132590282]]],"type":"Polygon"},"id":"00000000000000000027_00000000000000000027","properties":{"area":1125774.605290206,"elevation":1788.7623373339275,"id":"00000000000000000027","region":"CW","surface":0.0,"year":2019},"type":"Feature"},{"geometry":{"coordinates":[[[-48.9665124965239,70.71709317328192],[-48.96446571360392,70.71443113091378],[-48.962414285072526,70.71176902098642],[-48.95585052858796,70.71126069429657],[-48.95159221472699,70.70988278606838],[-48.948461951590716,70.7079832368475],[-48.94245544034091,70.70656080010109],[-48.935615287802,70.70589634858055],[-48.92793218156147,70.70836674128168],[-48.92755761012295,70.70895085419254],[-48.927379322338226,70.71166201145917],[-48.92546640264209,70.7144177523636],[-48.91822478551888,70.71663390824692],[-48.91927708472941,70.71931823274723],[-48.91881341819483,70.72187334984838],[-48.91690033416156,70.72462460939536],[-48.92294694124043,70.72621200913022],[-48.930973401997306,70.72537376800139],[-48.936850394876586,70.72614517210641],[-48.944823371913984,70.7250571507976],[-48.94154138704888,70.72242629345102],[-48.949224508862244,70.71995143967035],[-48.955413733632,70.72103951885998],[-48.956403409240856,70.72339836137496],[-48.96047920944769,70.7214988221475],[-48.963462448120396,70.71913097807325],[-48.9665124965239,70.71709317328192]]],"type":"Polygon"},"id":"00000000000000000041_00000000000000000041","properties":{"area":2660002.138755301,"elevation":1671.180577047838,"id":"00000000000000000041","region":"CW","surface":0.0,"year":2019},"type":"Feature"},{"geometry":{"coordinates":[[[-48.776193451618504,70.36674164629379],[-48.76883602008095,70.3640349156316],[-48.763971124424884,70.36036959122312],[-48.75369730234684,70.3601867583545],[-48.76191091773253,70.3635310749986],[-48.760024791055436,70.36635816477325],[-48.75919092251352,70.36334376649222],[-48.751142250172606,70.36081542150276],[-48.74901078823577,70.36365149232445],[-48.74725393318913,70.36590326661316],[-48.73873263837257,70.36846729420493],[-48.7326415050335,70.36597911686727],[-48.726692885857695,70.3642222097153],[-48.728378526312916,70.36033391845444],[-48.7190590644448,70.36004406185978],[-48.717596445635756,70.3613060084246],[-48.71906783676792,70.36512743918951],[-48.72029414026627,70.3689532918001],[-48.72410668900574,70.36723215786871],[-48.732498788871354,70.36901578331035],[-48.73921850757075,70.37223078247483],[-48.74848025410664,70.37219061604887],[-48.7506650667593,70.37214162419744],[-48.75562806514041,70.37506677518692],[-48.76329324285581,70.37309140560319],[-48.77427617400945,70.37063439725308],[-48.776193451618504,70.36674164629379]]],"type":"Polygon"},"id":"00000000000000000047_00000000000000000047","properties":{"area":1996778.8417791335,"elevation":1629.2244662537128,"id":"00000000000000000047","region":"CW","surface":0.0,"year":2019},"type":"Feature"},{"geometry":{"coordinates":[[[-47.62934387013847,69.35891784733103],[-47.62592828514743,69.35912299224124],[-47.62564274119681,69.35692914352035],[-47.62213800887311,69.3547842769475],[-47.61664897189746,69.35388801188346],[-47.610356930275486,69.35345995188146],[-47.60413655670125,69.35355800515886],[-47.59824606404981,69.35289363355946],[-47.59192767177123,69.35223814126539],[-47.58575613484434,69.35271524580665],[-47.585939059801426,69.35415112208648],[-47.58274623680026,69.35609972322608],[-47.57879562341507,69.35714760094538],[-47.57864841133763,69.35935044156288],[-47.58171617276477,69.3615041570089],[-47.58738387116404,69.36209723718873],[-47.590634456064855,69.3639433203235],[-47.59693516555559,69.36444716605746],[-47.6026560116,69.3637471016628],[-47.60856435365646,69.3628953960521],[-47.61065579116433,69.36407708801032],[-47.61433455506114,69.36591427157663],[-47.62035439479668,69.36589194848865],[-47.62605314763328,69.3650402423465],[-47.62598171371179,69.36284194121005],[-47.62917890751735,69.3609690654629],[-47.62934387013847,69.35891784733103]]],"type":"Polygon"},"id":"00000000000000000049_00000000000000000049","properties":{"area":2183970.100153353,"elevation":1651.9853893314437,"id":"00000000000000000049","region":"CW","surface":1659.0117647058823,"year":2019},"type":"Feature"},{"geometry":{"coordinates":[[[-47.89456685421199,69.06262397739452],[-47.88826606382092,69.06152257513992],[-47.8827903225966,69.06025623296036],[-47.876257741602856,69.0605282361927],[-47.869965873463926,69.06253481499049],[-47.86603304751858,69.0647287289635],[-47.861899398717334,69.06700286756957],[-47.86030304463185,69.0692279407345],[-47.85657077699448,69.07134152939477],[-47.85194678502854,69.07316979425386],[-47.85079179614144,69.07553754219492],[-47.85238809077166,69.0778607396349],[-47.85711473839745,69.07982277112804],[-47.86381682666696,69.08068787049025],[-47.87051440808026,69.08155730833128],[-47.875571030187466,69.0813121328591],[-47.871718383283984,69.07956410765627],[-47.86981439486723,69.07807924784149],[-47.869698235088585,69.07573377801502],[-47.87127240829873,69.07335263023865],[-47.874326897645226,69.07094915351914],[-47.87951717013496,69.06865716921054],[-47.88441342282582,69.06727931763196],[-47.88825267062741,69.06591923702393],[-47.89016132101287,69.06444776498275],[-47.89456685421199,69.06262397739452]]],"type":"Polygon"},"id":"0000000000000000004b_0000000000000000004b","properties":{"area":1801455.8487529051,"elevation":1468.0091639434916,"id":"0000000000000000004b","region":"CW","surface":4299.643137254903,"year":2019},"type":"Feature"},{"geometry":{"coordinates":[[[-47.852312321767634,68.98240927894521],[-47.84784876330898,68.98067021564732],[-47.8466937766527,68.9784183331907],[-47.84218568115044,68.97789217234745],[-47.83913567890453,68.97567156447911],[-47.840718631304036,68.97337061824322],[-47.8416684741951,68.97107865042709],[-47.83777564557553,68.96887581694457],[-47.8313143835291,68.96792604443431],[-47.82486649300615,68.96705655278635],[-47.81913666991197,68.96837196841437],[-47.81882006612759,68.96913446854725],[-47.819341664002955,68.97139969255998],[-47.82174074601859,68.9734776515304],[-47.82415752246107,68.97571164288766],[-47.82467924844526,68.97797238990991],[-47.82435818562387,68.98025552560111],[-47.82170057767573,68.98242264460008],[-47.82074634561121,68.98471455733055],[-47.82190121126336,68.98696645625043],[-47.823898920954,68.98920492257277],[-47.83036460904094,68.9901502548826],[-47.83301323603595,68.98790731146917],[-47.83823923238204,68.98751044670719],[-47.84426355674444,68.9867969933158],[-47.84946739394268,68.98473244391334],[-47.852312321767634,68.98240927894521]]],"type":"Polygon"},"id":"0000000000000000004c_0000000000000000004c","properties":{"area":2114513.9450292513,"elevation":1469.5951908917295,"id":"0000000000000000004c","region":"CW","surface":6152.133333333332,"year":2019},"type":"Feature"},{"geometry":{"coordinates":[[[-47.17551886747042,69.24360105760846],[-47.173485505261844,69.24256653406587],[-47.170506858737596,69.24268251517103],[-47.1682995332798,69.24202701596491],[-47.165213824357515,69.24116197300732],[-47.16219515981718,69.24089884261441],[-47.15915835099636,69.24048414153808],[-47.156112995803966,69.23999364508556],[-47.15340168918791,69.24063581182723],[-47.15068605414085,69.24120206903555],[-47.147703016460184,69.24131805089381],[-47.14753798943812,69.24177727077698],[-47.14743996864578,69.24283852801551],[-47.147765412655666,69.24389541961084],[-47.15000834650303,69.24492539486083],[-47.15305383878506,69.24541591464903],[-47.15602816742346,69.24522415613716],[-47.15903792104352,69.24541146436948],[-47.162083479246526,69.24590197045451],[-47.16410813714001,69.24481397012961],[-47.16449142854965,69.2444304958848],[-47.165245214281974,69.2454828108707],[-47.1672650136392,69.24636569935168],[-47.17028387308379,69.24662879236824],[-47.172972858911,69.24575928707357],[-47.17349891999309,69.2446890984334],[-47.17551886747042,69.24360105760846]]],"type":"Polygon"},"id":"00000000000000000000_00000000000000000000","properties":{"area":520921.1634304689,"elevation":1746.7192295044122,"id":"00000000000000000000","region":"CW","surface":47.25490196078431,"year":2019},"type":"Feature"},{"geometry":{"coordinates":[[[-46.99166116845206,69.07271046220848],[-46.98887865700818,69.07244295339449],[-46.98636821904119,69.0727773807314],[-46.986698278963075,69.07178745490272],[-46.985347180415715,69.07097147378268],[-46.98482989737937,69.06999047744897],[-46.98205634513446,69.06979872444872],[-46.97925156319098,69.06930372977791],[-46.97654492303734,69.06978981762514],[-46.97558168115456,69.0707886327686],[-46.972786000785355,69.07036944944254],[-46.9700390565382,69.07047645647835],[-46.96722981130381,69.06990574895458],[-46.96452749417031,69.0704675497739],[-46.964353582210805,69.0708510408589],[-46.965508559638955,69.0718186724152],[-46.96687310544631,69.07279074645217],[-46.96926765343918,69.07344176673924],[-46.97207682222638,69.07401250407335],[-46.97487272459327,69.07443164818834],[-46.9776372959062,69.07455210069773],[-46.98039305538188,69.07451640455825],[-46.98316659358895,69.07470814130919],[-46.98590465714325,69.07452535190122],[-46.98862005645582,69.07411065755659],[-46.99133572379091,69.07370039778155],[-46.99166116845206,69.07271046220848]]],"type":"Polygon"},"id":"00000000000000000002_00000000000000000002","properties":{"area":431537.8785618385,"elevation":1789.1401041442523,"id":"00000000000000000002","region":"CW","surface":0.0,"year":2019},"type":"Feature"},{"geometry":{"coordinates":[[[-48.1157515693575,69.98814613189059],[-48.11522094691734,69.98768679971593],[-48.11537239468685,69.98721860741078],[-48.11393653281337,69.98677715390491],[-48.11249649677401,69.98633571747014],[-48.11108298096157,69.9860458667518],[-48.10969621765795,69.98591654057702],[-48.10839397246292,69.98633121113495],[-48.107560255455105,69.9868172849473],[-48.106244580276964,69.98715172626788],[-48.10495592250734,69.98764668700633],[-48.10477783400736,69.98796326726621],[-48.10439422244807,69.98843590368486],[-48.10424259708883,69.98890864418749],[-48.10454143224285,69.98937234576304],[-48.10438975500743,69.98984052710232],[-48.10423812124736,69.99031326814818],[-48.10521908647275,69.99076359976189],[-48.106632771177956,69.99104894914984],[-48.10798368968843,69.99094641643141],[-48.10933938098162,69.99084388783696],[-48.11066357615134,69.99058523312712],[-48.11195245922468,69.99009027617198],[-48.11324554994617,69.9895997186423],[-48.11407925883318,69.98911372936936],[-48.11491314439472,69.98863211404172],[-48.1157515693575,69.98814613189059]]],"type":"Polygon"},"id":"0000000000000000001c_0000000000000000001c","properties":{"area":172440.6222345316,"elevation":1725.0060727905811,"id":"0000000000000000001c","region":"CW","surface":0.0,"year":2019},"type":"Feature"},{"geometry":{"coordinates":[[[-48.423046021317454,69.63098105905937],[-48.4199960927248,69.6301873208809],[-48.42094136519924,69.6291527737061],[-48.41801170250882,69.62905911687723],[-48.41863151478394,69.63005799605324],[-48.416767681465636,69.6296299444919],[-48.41374435773107,69.62899228743792],[-48.410778938203734,69.6286623053087],[-48.40904011018764,69.62768576624971],[-48.4059811221216,69.62681177876458],[-48.4041170544713,69.62770801895589],[-48.40215073856085,69.6279845336124],[-48.39942171818765,69.62905471090066],[-48.39908286430949,69.6296834289516],[-48.397914535568205,69.63072243261686],[-48.39674627788453,69.6317613644406],[-48.39954655851935,69.6324079149069],[-48.40249852481596,69.6326576119472],[-48.402409244805476,69.63343797450483],[-48.40536562888233,69.63369213225037],[-48.40824197592958,69.63347365585274],[-48.41112697511462,69.63333540588319],[-48.414029909639666,69.6332774580613],[-48.4169994800823,69.6336029690044],[-48.41816331506571,69.63256395434834],[-48.418506603403735,69.63193524897045],[-48.42141836618869,69.63195310473903],[-48.423046021317454,69.63098105905937]]],"type":"Polygon"},"id":"00000000000000000020_00000000000000000020","properties":{"area":479407.7696296667,"elevation":1522.946832910029,"id":"00000000000000000020","region":"CW","surface":0.0,"year":2019},"type":"Feature"},{"geometry":{"coordinates":[[[-49.808426307068906,71.53166834734195],[-49.804587083242154,71.53094155702632],[-49.801033059359824,71.53128487962049],[-49.79739018782758,71.53129827494759],[-49.793858471092875,71.53172632181492],[-49.790215337231395,71.53173973461453],[-49.786679285452166,71.53216335066857],[-49.78321019909329,71.53283223632548],[-49.77963393561443,71.53309087179693],[-49.77616014742458,71.53376418584162],[-49.77262863465955,71.53418780275747],[-49.770773764714484,71.53506177247189],[-49.77030092149549,71.53623006267662],[-49.770345669528,71.53738498355135],[-49.77064431369374,71.53853090510965],[-49.77370780251303,71.53927563456674],[-49.77722144770171,71.5387717449406],[-49.78080220938501,71.53851306125559],[-49.783174422335,71.53762129500359],[-49.78670590814898,71.53719769264028],[-49.79033123462797,71.53710399483606],[-49.793733585131335,71.5361855114111],[-49.79722497404074,71.53559684107314],[-49.80058731498726,71.53451776590668],[-49.802914844742155,71.53346537587221],[-49.805282652558525,71.53257799124174],[-49.808426307068906,71.53166834734195]]],"type":"Polygon"},"id":"00000000000000000030_00000000000000000030","properties":{"area":628533.8585618645,"elevation":1732.981905917609,"id":"00000000000000000030","region":"CW","surface":0.0,"year":2019},"type":"Feature"},{"geometry":{"coordinates":[[[-49.62579478159289,71.16238348555348],[-49.623355668924255,71.16080048126643],[-49.617951334199375,71.16060878271632],[-49.612587044578454,71.16058645655411],[-49.607138022564556,71.16023416910697],[-49.60177371262227,71.16020743434095],[-49.59639159389539,71.16010041842078],[-49.59104514303669,71.16015388090224],[-49.58574328794457,71.16037687756108],[-49.58037900100036,71.16035011153113],[-49.57505484999508,71.16048838144117],[-49.56978861942485,71.16087184279465],[-49.564303940691026,71.16035455284174],[-49.55914033337436,71.16114383253144],[-49.56145451854641,71.16224077349094],[-49.566859062524294,71.16243253877194],[-49.572285713667114,71.16270456115609],[-49.57783292867838,71.16346701194311],[-49.583299769316824,71.16390400089716],[-49.58866400174728,71.16392630270984],[-49.59409075151263,71.16419834948745],[-49.59943700139238,71.16414482015148],[-49.60476135560684,71.1640066191121],[-49.61010779545646,71.16394867526728],[-49.61541417806977,71.16372567789406],[-49.62069810024588,71.16342247890535],[-49.62579478159289,71.16238348555348]]],"type":"Polygon"},"id":"00000000000000000036_00000000000000000036","properties":{"area":825638.5814847886,"elevation":1679.7720336107436,"id":"00000000000000000036","region":"CW","surface":0.0,"year":2019},"type":"Feature"},{"geometry":{"coordinates":[[[-49.444759870281516,71.13683724133867],[-49.44426936066685,71.13586075682356],[-49.44099645332305,71.1349555463693],[-49.438035672462156,71.13535687970442],[-49.434998930835505,71.13543708079496],[-49.43193990509862,71.13542817428574],[-49.42901934808077,71.13599899837642],[-49.42668267749433,71.13688184276141],[-49.424207803511464,71.13718953551108],[-49.42126488709164,71.13767560575913],[-49.42130495639518,71.13784059315412],[-49.42052900062366,71.13884835904304],[-49.4182280817256,71.13989622466472],[-49.41668995644769,71.14092180536477],[-49.416163662631405,71.14192512443701],[-49.41815249849897,71.14278126206155],[-49.42127372999307,71.14303098076569],[-49.42435058238572,71.1431201075417],[-49.42665155065076,71.14207226963207],[-49.4284796517917,71.14120273207807],[-49.43081631134912,71.14031987344636],[-49.43399562603679,71.1408192725399],[-49.436876044467404,71.14008795610857],[-49.43999306723111,71.14033770878086],[-49.442935941447885,71.13985163709337],[-49.444474529680996,71.13882603658676],[-49.443983855482266,71.1378450438381],[-49.444759870281516,71.13683724133867]]],"type":"Polygon"},"id":"00000000000000000037_00000000000000000037","properties":{"area":538803.3197375983,"elevation":1720.6864039929628,"id":"00000000000000000037","region":"CW","surface":0.0,"year":2019},"type":"Feature"},{"geometry":{"coordinates":[[[-49.20722358002233,70.95924909350573],[-49.206657136739004,70.95786236119405],[-49.20684444017241,70.95645774609419],[-49.20256363140799,70.95648002315879],[-49.19826078790466,70.95641757811272],[-49.19707019721877,70.95784898805972],[-49.194332248394424,70.95914653423661],[-49.193431478026575,70.95850892379406],[-49.191634494590645,70.95723362631269],[-49.19575034601723,70.95648006147218],[-49.194938678511896,70.95509766456603],[-49.19055986297309,70.95470980021273],[-49.18644416273957,70.95546334448787],[-49.18225267083649,70.95589588175847],[-49.182091946758675,70.95631057818723],[-49.18115108318895,70.9577330461461],[-49.18045997938694,70.95915105259385],[-49.18001860981055,70.96056009363747],[-49.18058041008847,70.96194688418821],[-49.183652835140514,70.96327572337192],[-49.188049392969724,70.96374392568912],[-49.192370240179116,70.96389105753157],[-49.196454925491864,70.96296801018822],[-49.198648625522,70.96151436706214],[-49.19909017763188,70.96010529084849],[-49.2031032608222,70.96000718034409],[-49.20722358002233,70.95924909350573]]],"type":"Polygon"},"id":"0000000000000000003a_0000000000000000003a","properties":{"area":671046.6419373319,"elevation":1727.0468808947892,"id":"0000000000000000003a","region":"CW","surface":0.0,"year":2019},"type":"Feature"},{"geometry":{"coordinates":[[[-49.47237501458216,70.82347843152507],[-49.46895951413986,70.82282738268498],[-49.46562856014077,70.82357206843649],[-49.4650354724362,70.8231751894124],[-49.46301983418099,70.82207375930483],[-49.46324729391817,70.82091441030504],[-49.466555926795834,70.82008945927245],[-49.47002068593776,70.81991556115922],[-49.46900403549835,70.81879186306594],[-49.46576663729482,70.81887215685812],[-49.46474566852529,70.81774844740521],[-49.46106683087351,70.81701721235281],[-49.45750399440652,70.81678085158367],[-49.45411507104281,70.81727580538194],[-49.452358186769935,70.81831028072482],[-49.44960250618266,70.81937162819928],[-49.44838067173779,70.82055324016851],[-49.44790348719808,70.82172151803634],[-49.448175596057034,70.82286749257706],[-49.45044070687621,70.8239600074513],[-49.453660246017755,70.8248651994674],[-49.45730330947926,70.82543149953406],[-49.46104016563088,70.82640803191414],[-49.46460723487,70.82664435616364],[-49.467938297431374,70.82589970532256],[-49.470404200355546,70.8246823663579],[-49.47237501458216,70.82347843152507]]],"type":"Polygon"},"id":"0000000000000000003b_0000000000000000003b","properties":{"area":613074.6646071324,"elevation":1602.4081862561027,"id":"0000000000000000003b","region":"CW","surface":0.0,"year":2019},"type":"Feature"},{"geometry":{"coordinates":[[[-49.02532786355813,70.48283875452364],[-49.02496667654252,70.48112647208731],[-49.02008843842151,70.4800919855923],[-49.01518350863016,70.48127360591288],[-49.010024189529055,70.48122905504277],[-49.00482503224036,70.48102388608294],[-48.9995275623899,70.48032834537007],[-48.99435038869725,70.48020343056876],[-48.99050236558312,70.47939190269742],[-48.99314214443745,70.47793372023935],[-48.99187564338108,70.47656929593333],[-48.98674778134031,70.47668962071067],[-48.981619873526945,70.47680561739128],[-48.97658102820996,70.47733625490321],[-48.97162249627091,70.4782726927152],[-48.971426276814796,70.47852238429675],[-48.97422657778235,70.48018114624327],[-48.97873482917501,70.48179535270079],[-48.98411691819938,70.4829011628875],[-48.9893295083897,70.48319104191036],[-48.99462714325322,70.48388665464522],[-48.99982630730693,70.48409628779903],[-49.00493645276404,70.48389110068447],[-49.01008233509563,70.48385542109108],[-49.01517456127958,70.48357004994212],[-49.0202890332621,70.48336943373035],[-49.02532786355813,70.48283875452364]]],"type":"Polygon"},"id":"00000000000000000043_00000000000000000043","properties":{"area":847470.5760732373,"elevation":1558.3969207692528,"id":"00000000000000000043","region":"CW","surface":0.0,"year":2019},"type":"Feature"},{"geometry":{"coordinates":[[[-47.57983451420244,68.55709123117605],[-47.57772087909168,68.55478595796045],[-47.5747867571955,68.55324304687035],[-47.56833009208574,68.55276594863372],[-47.561833186841596,68.55194991692156],[-47.55542535105384,68.55188743459458],[-47.54918257229173,68.55316281385394],[-47.54293541639553,68.55443366759111],[-47.54253848987584,68.55494198458346],[-47.54236904687178,68.55728744218239],[-47.546003188553115,68.558981902546],[-47.54800091759208,68.55660965628411],[-47.55340537788123,68.55593634311211],[-47.555724180104725,68.55807224194861],[-47.55669165107477,68.56039992387835],[-47.55218360992247,68.56281671819283],[-47.54858957921309,68.56521572181282],[-47.548852505913175,68.56738732387231],[-47.55524708051096,68.56728030416174],[-47.56154327790805,68.56642419058277],[-47.55901501218616,68.56445771020888],[-47.562952251946356,68.56297282408191],[-47.56672034193889,68.56199183855726],[-47.564856263742236,68.55984698288866],[-47.569743551813126,68.55867866207043],[-47.576111193162575,68.55840671704941],[-47.57983451420244,68.55709123117605]]],"type":"Polygon"},"id":"00000000000000000010_00000000000000000010","properties":{"area":1315376.3653423947,"elevation":1666.1837959345391,"id":"00000000000000000010","region":"CW","surface":3130.6313725490195,"year":2019},"type":"Feature"},{"geometry":{"coordinates":[[[-50.00888961915363,71.5588198938166],[-50.007444995942535,71.55674634471573],[-50.006004670859724,71.55467734686563],[-50.00063600267192,71.5530809713344],[-49.99452253728394,71.55508759969032],[-49.988333229165654,71.5568177552883],[-49.98290649122376,71.55815986298632],[-49.97735050267739,71.55904726797257],[-49.972271530699345,71.55744639791119],[-49.97198624528163,71.55534175939894],[-49.970835598987165,71.55326383574194],[-49.96511900195764,71.55250132719124],[-49.9615161049209,71.55416006374487],[-49.96094110161555,71.55628708332151],[-49.95950072255343,71.55843640437774],[-49.95978602542519,71.56054102068559],[-49.958920862318834,71.5626769680143],[-49.962800437075146,71.56413065672984],[-49.96967185080954,71.5648574808818],[-49.976414113042225,71.5651294678299],[-49.98199680460988,71.56433575864298],[-49.98257209807687,71.5622087722837],[-49.985158424907816,71.56002381359926],[-49.990799156821126,71.55840072249575],[-49.99734060856991,71.55794585606937],[-50.00414980115541,71.55950209871122],[-50.00888961915363,71.5588198938166]]],"type":"Polygon"},"id":"0000000000000000003d_0000000000000000003d","properties":{"area":1177798.8953035425,"elevation":1676.016670188173,"id":"0000000000000000003d","region":"CW","surface":0.0,"year":2019},"type":"Feature"},{"geometry":{"coordinates":[[[-47.466742777555254,68.53652141572964],[-47.46642163091553,68.53554931851694],[-47.464664822057905,68.53459958471153],[-47.46393350764252,68.53363191617937],[-47.464642517671926,68.53264199162524],[-47.46432159125864,68.53166546589846],[-47.46379536277859,68.53069783438669],[-47.46224353258386,68.52974363124866],[-47.45987584649544,68.52880271757964],[-47.45721805381141,68.52891866833257],[-47.454605219021666,68.52941362240654],[-47.45349036130234,68.53040797924504],[-47.4510200371784,68.53037230601224],[-47.44908472314307,68.52964999271352],[-47.44647174288753,68.53014047828313],[-47.44648954904559,68.53029208037795],[-47.444554298164434,68.53129983369465],[-47.444665819358015,68.53227634790521],[-47.44601240566865,68.53323512012518],[-47.448380324944196,68.53417592154769],[-47.45054731306154,68.53512128727462],[-47.451889416494225,68.5360799770272],[-47.45463642355124,68.53671318231129],[-47.457383218339984,68.53734633993173],[-47.46004085889391,68.53723040467368],[-47.462751773641635,68.53756486180232],[-47.465418459873376,68.53752025079659],[-47.466742777555254,68.53652141572964]]],"type":"Polygon"},"id":"0000000000000000000b_0000000000000000000b","properties":{"area":602493.1804489294,"elevation":1701.853590262227,"id":"0000000000000000000b","region":"CW","surface":1200.0078431372551,"year":2019},"type":"Feature"},{"geometry":{"coordinates":[[[-50.54406659483069,71.94875931585631],[-50.54268404687513,71.94796114027001],[-50.53977228805115,71.94734580247734],[-50.537034553693566,71.94728784780392],[-50.534336772328906,71.94736810825583],[-50.53166588132856,71.94751522385641],[-50.52901254804654,71.9477381949447],[-50.52640833005519,71.94809490500987],[-50.52388454909576,71.94873259105108],[-50.52374631101069,71.94901791779364],[-50.52333605049936,71.94987409971571],[-50.52081235629723,71.95051172197546],[-50.51927847190004,71.95140355888412],[-50.518863756238666,71.95225969377071],[-50.5182260213962,71.9531203302487],[-50.519158060805914,71.95393635544924],[-50.51964389192137,71.95476573463966],[-50.52244865873874,71.955033278133],[-50.524437567590034,71.95412804290251],[-50.52700145461118,71.95363314835974],[-50.52961019706422,71.95327196104148],[-50.532129511167675,71.95263423637337],[-50.53460876925012,71.95185844639076],[-50.53715049393183,71.95128762626223],[-50.539652116309014,71.95057862338554],[-50.54163625927701,71.94967792895429],[-50.54406659483069,71.94875931585631]]],"type":"Polygon"},"id":"00000000000000000015_00000000000000000015","properties":{"area":416192.886090272,"elevation":1598.0201081417233,"id":"00000000000000000015","region":"CW","surface":8.0,"year":2019},"type":"Feature"},{"geometry":{"coordinates":[[[-50.4020309207714,71.94392120502968],[-50.39883361120659,71.94310074338797],[-50.39729524427367,71.9439880686979],[-50.39461978012789,71.94413524172444],[-50.39414275660744,71.94330585487802],[-50.39109698123105,71.9429758743674],[-50.3881762516029,71.94306056789164],[-50.38531803673995,71.94335491937107],[-50.38248649035922,71.94372053031096],[-50.379672846969974,71.94415305897675],[-50.37694384677602,71.94486647359328],[-50.374255057250316,71.94571374878447],[-50.37415706971949,71.94614181732376],[-50.37488375693757,71.94703366625768],[-50.376056503151055,71.9479121428086],[-50.37920907634007,71.94859435323269],[-50.38231695814038,71.94913389032543],[-50.3853000655364,71.94925875510923],[-50.388328025313605,71.94952184087536],[-50.39114167616867,71.94908484411542],[-50.39401776933708,71.94886190541935],[-50.39679150399493,71.94829111521207],[-50.396514853666744,71.94738594593295],[-50.397585125713775,71.94644060603612],[-50.399110078880284,71.94548188450158],[-50.39816010566022,71.94459451647859],[-50.40096076091532,71.94486652533942],[-50.4020309207714,71.94392120502968]]],"type":"Polygon"},"id":"00000000000000000016_00000000000000000016","properties":{"area":474861.1129338539,"elevation":1633.3868968097042,"id":"00000000000000000016","region":"CW","surface":0.0,"year":2019},"type":"Feature"},{"geometry":{"coordinates":[[[-46.85544463739855,68.7579737833237],[-46.854285192001186,68.75663157134981],[-46.852715556998646,68.75529384625564],[-46.85466865752456,68.75391599961102],[-46.85330438679666,68.75257825308263],[-46.849683342638784,68.75156604528784],[-46.84831896415752,68.75022383285861],[-46.844506366307996,68.74936769792858],[-46.841924514410984,68.74834208805184],[-46.83812099204608,68.74755731550187],[-46.834437777529075,68.74812809267657],[-46.83067881359005,68.74786946587966],[-46.82699118954327,68.74844021831171],[-46.82700453655266,68.74859178518712],[-46.825466158394,68.74996521279914],[-46.82221991362235,68.75083024451638],[-46.81899147687464,68.75184700264437],[-46.82014634773846,68.75318917233102],[-46.82251855050747,68.7542147065452],[-46.8253054701189,68.75523585463031],[-46.829064610291006,68.75549446730177],[-46.832863850893425,68.75620349160903],[-46.83668963191874,68.75721124447762],[-46.84049319803517,68.75792024752656],[-46.84422983040629,68.75795146080189],[-46.84801129532897,68.75843751348096],[-46.85174362380103,68.75839291519347],[-46.85544463739855,68.7579737833237]]],"type":"Polygon"},"id":"00000000000000000018_00000000000000000018","properties":{"area":1171478.7951880496,"elevation":1791.3303384246776,"id":"00000000000000000018","region":"CW","surface":1818.5333333333326,"year":2019},"type":"Feature"},{"geometry":{"coordinates":[[[-48.20974947671129,70.02415778607171],[-48.20938369988567,70.02330613986798],[-48.20787663302383,70.0224722953607],[-48.20545984128341,70.02166068404493],[-48.20291367642939,70.02147345450815],[-48.20041206157882,70.02152245480318],[-48.197995144040185,70.02211549572922],[-48.196033261997954,70.02269968019864],[-48.19352727276786,70.02274871406361],[-48.19098550350802,70.02256141724226],[-48.18858209391446,70.02323479970671],[-48.18621876382613,70.02413550756835],[-48.18583515769209,70.0246126037072],[-48.18575042991091,70.02547320934328],[-48.18566146308492,70.02633384845818],[-48.18625432693426,70.02718106584071],[-48.18884960964904,70.02768053857753],[-48.191418033537836,70.02801942753003],[-48.19315259228244,70.02884877268163],[-48.19567212053154,70.02887552692722],[-48.19819152592725,70.0289067427285],[-48.20071979418053,70.02901378344474],[-48.203163409220224,70.02857675183543],[-48.2055267264396,70.02767605839871],[-48.20743973407313,70.0267797439008],[-48.20843850791099,70.0259013175415],[-48.20943278207091,70.02502286339775],[-48.20974947671129,70.02415778607171]]],"type":"Polygon"},"id":"0000000000000000001b_0000000000000000001b","properties":{"area":578380.3121924484,"elevation":1712.0324221706587,"id":"0000000000000000001b","region":"CW","surface":0.0,"year":2019},"type":"Feature"},{"geometry":{"coordinates":[[[-48.0983477744437,69.88301389132988],[-48.098022175788245,69.88239850433075],[-48.09769656263279,69.88177867588814],[-48.0960154448691,69.88118565319692],[-48.09413380385813,69.88075311438769],[-48.09230103058665,69.88062824600024],[-48.0903971104081,69.88003960814363],[-48.08851530656672,69.87960712365799],[-48.08667829161372,69.87948671923786],[-48.08485905018743,69.8794421349402],[-48.08360155773493,69.88008870684688],[-48.08231726332028,69.88057919014645],[-48.08058269672382,69.88108311334689],[-48.08090360299953,69.88169844908548],[-48.081906850603495,69.88230488681108],[-48.0833606195229,69.88290235616358],[-48.08368624176582,69.8835222085567],[-48.08446200896007,69.88413310307573],[-48.086281245944036,69.8841777012639],[-48.08809184920826,69.88414203466601],[-48.08993787628707,69.88434266480877],[-48.09179274292467,69.88461912767076],[-48.09358080806032,69.88443184487943],[-48.09537802988812,69.88432038810076],[-48.09708572749395,69.88366488839495],[-48.0983477744437,69.88301389132988]]],"type":"Polygon"},"id":"0000000000000000001d_0000000000000000001d","properties":{"area":268672.38669568335,"elevation":1707.180000268778,"id":"0000000000000000001d","region":"CW","surface":0.0,"year":2019},"type":"Feature"},{"geometry":{"coordinates":[[[-48.359196075650274,69.74008632047196],[-48.35901342966372,69.73899827870278],[-48.35815732210362,69.73792365663034],[-48.35572709473965,69.73688018763283],[-48.35422429413431,69.73597499995115],[-48.3513435735583,69.73494051625266],[-48.34815104764438,69.73469079652028],[-48.344998484003035,69.73467741826758],[-48.3418546308786,69.73474432272937],[-48.33887158704413,69.73573865400112],[-48.33807796235438,69.73638082160095],[-48.336468281460505,69.73750449509343],[-48.333877301659804,69.73818224556838],[-48.33271372547241,69.7392970489191],[-48.3322232399997,69.7403984396129],[-48.33083623224001,69.74152211377647],[-48.33214281330433,69.74258784009474],[-48.334118254483236,69.74364018899159],[-48.337417926423086,69.74450969362375],[-48.34065508667039,69.74499131094373],[-48.3438122914174,69.74500471233426],[-48.34688906921171,69.74455435141986],[-48.34996583537164,69.74409953928021],[-48.35301587358451,69.74349311354317],[-48.355749347135564,69.74234258995607],[-48.357586492255244,69.74121445665844],[-48.359196075650274,69.74008632047196]]],"type":"Polygon"},"id":"0000000000000000001e_0000000000000000001e","properties":{"area":918845.8586087661,"elevation":1576.0005733855503,"id":"0000000000000000001e","region":"CW","surface":0.0,"year":2019},"type":"Feature"},{"geometry":{"coordinates":[[[-48.159838661271344,69.74598125003251],[-48.156369482895094,69.74542381447463],[-48.15447430863451,69.74483524629642],[-48.15473745838131,69.74365808618066],[-48.15163405911163,69.74254774590077],[-48.14823157262637,69.74237827722563],[-48.144936261792715,69.74290890295131],[-48.14154290329076,69.74281973290202],[-48.13835030728873,69.74397017284615],[-48.13774839970134,69.7444517842429],[-48.13681188855294,69.74564239404522],[-48.13632147864728,69.74681952138866],[-48.13515758027358,69.74801464185902],[-48.133993686214055,69.74920513253288],[-48.1335078577832,69.75038682850825],[-48.13699921729048,69.75110032031694],[-48.140454927016755,69.75158183821911],[-48.14393316469693,69.75221503874378],[-48.14715699560211,69.75121617582464],[-48.14981028334332,69.75233989391955],[-48.15325692295107,69.75274125003362],[-48.15554012327363,69.75152838693572],[-48.15580309587501,69.75035116150801],[-48.1556159291377,69.7491828229429],[-48.154759855040396,69.74802797153542],[-48.158188800262536,69.74835348413468],[-48.15957556835259,69.7471584859762],[-48.159838661271344,69.74598125003251]]],"type":"Polygon"},"id":"0000000000000000001f_0000000000000000001f","properties":{"area":810585.1235900626,"elevation":1660.9312197454947,"id":"0000000000000000001f","region":"CW","surface":0.0,"year":2019},"type":"Feature"},{"geometry":{"coordinates":[[[-48.09154295637198,69.68234540692902],[-48.08668708363844,69.68142237268607],[-48.0818400989447,69.68057519842168],[-48.077153508737354,69.68074013369308],[-48.07241805811416,69.68059741457924],[-48.067811763129164,69.68130648087777],[-48.06316983822395,69.68178351785212],[-48.05913428221927,69.68325952700017],[-48.05539753630662,69.68379907780206],[-48.050648668582454,69.68357616145381],[-48.049533825313496,69.68507880517166],[-48.05202214908179,69.68667075222577],[-48.05466637305807,69.68779000915842],[-48.05710542270482,69.68907421435789],[-48.060271312604144,69.69065273550831],[-48.06515422293801,69.69173183802141],[-48.06996560863834,69.69234271204961],[-48.074714428031214,69.69256569242987],[-48.079503607700254,69.69302497417773],[-48.084109829371926,69.69231598678897],[-48.088716111591914,69.69160252238146],[-48.09092771497779,69.68992588481892],[-48.09044615103041,69.68829386523448],[-48.088849716775265,69.68668410152296],[-48.087703915262814,69.6850699386074],[-48.09135126577598,69.6839863559675],[-48.09154295637198,69.68234540692902]]],"type":"Polygon"},"id":"00000000000000000021_00000000000000000021","properties":{"area":1656876.4952279043,"elevation":1647.3023735697195,"id":"00000000000000000021","region":"CW","surface":0.0,"year":2019},"type":"Feature"},{"geometry":{"coordinates":[[[-48.36975088084195,69.5623911584748],[-48.369425388561076,69.56177582238152],[-48.36820802688678,69.56117377136309],[-48.36743210156434,69.56056737075413],[-48.365550425442,69.55998323385566],[-48.36371783930035,69.559706751821],[-48.36192502263915,69.55966660604864],[-48.360132758017194,69.5596264842541],[-48.35827756675269,69.55919394927753],[-48.35656099582344,69.55962203031036],[-48.35488874002558,69.56027751805395],[-48.35318530606202,69.56078134411592],[-48.35148181514485,69.56128526811193],[-48.3513660782934,69.56190953892173],[-48.35236030825132,69.56251600007081],[-48.35268591036855,69.56313130240703],[-48.353903076470786,69.56372886462731],[-48.354228640374735,69.56434866741982],[-48.355891958023584,69.56493724611481],[-48.357711287376766,69.56513343277926],[-48.359503868865744,69.56517808918923],[-48.36124295798132,69.56490602767875],[-48.36293301868371,69.56432638220956],[-48.364645197178625,69.56390277290677],[-48.366348611604934,69.56339892698381],[-48.36807434692884,69.5630510529536],[-48.36975088084195,69.5623911584748]]],"type":"Polygon"},"id":"00000000000000000022_00000000000000000022","properties":{"area":318006.3925270651,"elevation":1532.4396453637057,"id":"00000000000000000022","region":"CW","surface":0.0,"year":2019},"type":"Feature"},{"geometry":{"coordinates":[[[-47.81441887155387,69.56701072792252],[-47.81384367229652,69.56608775565813],[-47.8112841232808,69.56535193487231],[-47.80937555643973,69.56444676085137],[-47.8067448923997,69.56480348430405],[-47.80403355879197,69.56454039726248],[-47.801326959411554,69.56435310372967],[-47.79862475209301,69.56416591100334],[-47.79590926413082,69.56389831619927],[-47.79328280544901,69.56425506223655],[-47.79068751213447,69.56484363306264],[-47.790509205232794,69.56516019828396],[-47.78861405337413,69.56597183457858],[-47.78671894527849,69.56678338377353],[-47.786179323819304,69.56772865517819],[-47.78675456566641,69.56865615586736],[-47.788890406379984,69.56955246697156],[-47.7916685844791,69.57028815650432],[-47.79442864405616,69.57086339967684],[-47.79704611233775,69.57042644548977],[-47.79967264715128,69.57006969910228],[-47.80235714016141,69.57010536144728],[-47.80499675487584,69.56982449203475],[-47.80759204904939,69.56923584014417],[-47.81014260339464,69.56833509428341],[-47.811823597825,69.5676038311005],[-47.81441887155387,69.56701072792252]]],"type":"Polygon"},"id":"00000000000000000025_00000000000000000025","properties":{"area":584470.9301963896,"elevation":1688.4868786358443,"id":"00000000000000000025","region":"CW","surface":0.0,"year":2019},"type":"Feature"},{"geometry":{"coordinates":[[[-49.77389066726853,71.50795040786028],[-49.77341781850107,71.50713887565821],[-49.77371661032948,71.50630503873349],[-49.773761260340635,71.50547559359948],[-49.77302552079869,71.50467299605832],[-49.77100560672589,71.50389709240773],[-49.768722499168014,71.50313455752696],[-49.76605595300653,71.50287595871289],[-49.76334482875436,71.502452340065],[-49.76069602212723,71.50227399508904],[-49.75813664829029,71.50242561174721],[-49.75574651361463,71.50322822322998],[-49.75492589912501,71.50407547644849],[-49.75359287272573,71.50493608291698],[-49.755358531897386,71.50571644007822],[-49.755572593728516,71.50653684167558],[-49.75578669883998,71.50735736074317],[-49.757035111891675,71.5081466446182],[-49.75776644919676,71.50895376782982],[-49.759790888770084,71.5097251900263],[-49.7620739563656,71.51049208298623],[-49.76486990114284,71.51124572200253],[-49.76756316794434,71.51158462071999],[-49.7700378664019,71.51110742824257],[-49.77247268143985,71.51046537080956],[-49.77277134188769,71.5096314840939],[-49.773074517163494,71.50879763684497],[-49.77389066726853,71.50795040786028]]],"type":"Polygon"},"id":"00000000000000000031_00000000000000000031","properties":{"area":529393.3755913015,"elevation":1721.321279272698,"id":"00000000000000000031","region":"CW","surface":0.0,"year":2019},"type":"Feature"},{"geometry":{"coordinates":[[[-49.78811952997733,71.4899757926216],[-49.786269139225915,71.488869931927],[-49.78446312487289,71.48792464330005],[-49.78057032541562,71.48695695549124],[-49.77699861503499,71.48721559506787],[-49.77422501377744,71.48753664627799],[-49.772632989287864,71.48642190901346],[-49.76898123021609,71.48635500788635],[-49.76538698474644,71.48653336629991],[-49.761993748385144,71.48744752052117],[-49.76203380491467,71.48761245609853],[-49.759755286871496,71.48882979544436],[-49.758247955603935,71.49002485858499],[-49.760615705626165,71.4911173421501],[-49.75910866024386,71.49231240013532],[-49.76121781494343,71.49341378695492],[-49.76151665820187,71.49455976057823],[-49.76539156041242,71.49544712499409],[-49.76799120222475,71.49447056613134],[-49.76754080817942,71.49373922691575],[-49.77130412568879,71.49422086821919],[-49.774920582818424,71.49412279922564],[-49.77719920048537,71.49290546665843],[-49.78027154201439,71.49274043933795],[-49.78364700364735,71.49174608922935],[-49.78661680219901,71.49117080020389],[-49.78811952997733,71.4899757926216]]],"type":"Polygon"},"id":"00000000000000000032_00000000000000000032","properties":{"area":698268.2660750803,"elevation":1727.331478797515,"id":"00000000000000000032","region":"CW","surface":0.0,"year":2019},"type":"Feature"},{"geometry":{"coordinates":[[[-50.112385399915986,71.27628224741886],[-50.11146231318584,71.27482414165985],[-50.10666877385388,71.27421772629093],[-50.10340468368606,71.27357117547601],[-50.098499816456474,71.27255452136596],[-50.09375527942149,71.27211303179044],[-50.08934529484792,71.27289784615135],[-50.0850778522677,71.27417754456269],[-50.0850021599826,71.27483752366716],[-50.08357952947137,71.27620202362263],[-50.083989823395314,71.2776735148325],[-50.08261205024499,71.2791985546585],[-50.08123857654015,71.280723612384],[-50.08139002468152,71.28220844768343],[-50.08256287748719,71.28365760333274],[-50.0824604147784,71.28514700607367],[-50.082616423158925,71.28662741605237],[-50.085064429590474,71.28804541364865],[-50.08963061298783,71.28783140966857],[-50.093813266186174,71.28622611974457],[-50.09804039542542,71.28478578132108],[-50.10022992005304,71.28339904506777],[-50.10343594894046,71.28198997623912],[-50.10710586269315,71.28039806912443],[-50.10847928837378,71.27887301422253],[-50.11228301621452,71.27777162628456],[-50.112385399915986,71.27628224741886]]],"type":"Polygon"},"id":"00000000000000000033_00000000000000000033","properties":{"area":1280508.5601311054,"elevation":1607.4739192957366,"id":"00000000000000000033","region":"CW","surface":0.0,"year":2019},"type":"Feature"},{"geometry":{"coordinates":[[[-49.71750976554181,71.38977536212637],[-49.71678274371814,71.38896825605963],[-49.71631459927115,71.38815671839282],[-49.713795141877426,71.38739865409309],[-49.71110207224746,71.38697053355774],[-49.70860041949431,71.38728714710805],[-49.706156981764735,71.38784452537125],[-49.703677514935805,71.38824137779463],[-49.70117602610904,71.3885535243164],[-49.69866997309869,71.38886570624034],[-49.69627095576203,71.38958807383058],[-49.69391660756247,71.39047543230565],[-49.69382745673505,71.39113981007544],[-49.69404144129347,71.39196032911458],[-49.69296689380895,71.39281200634099],[-49.69266364136537,71.39364580074434],[-49.6936447331875,71.3944439975676],[-49.69631546064047,71.3947873679689],[-49.69890630625708,71.39480070119333],[-49.70147462203845,71.39473385604438],[-49.703891696041524,71.39409175241586],[-49.70633529396813,71.39353437193041],[-49.708858880565735,71.39330248665551],[-49.71134275306492,71.39290567357925],[-49.713781912515685,71.39234824002509],[-49.714852101150875,71.39149652287588],[-49.71643955793659,71.39062704543431],[-49.71750976554181,71.38977536212637]]],"type":"Polygon"},"id":"00000000000000000034_00000000000000000034","properties":{"area":504524.2374901471,"elevation":1743.6131257348493,"id":"00000000000000000034","region":"CW","surface":0.0,"year":2019},"type":"Feature"},{"geometry":{"coordinates":[[[-49.73665270879173,71.37044066750038],[-49.73518110072737,71.36973616240152],[-49.733196876849995,71.36904493635842],[-49.730762126275664,71.36861692409725],[-49.72847462500556,71.36875957803973],[-49.72618711402085,71.36890231650673],[-49.72383703586531,71.36879971378366],[-49.72150959339746,71.36877744554812],[-49.71924440540221,71.36900485309742],[-49.71700137240139,71.3693080376669],[-49.71479850505597,71.36978069063306],[-49.712555716154014,71.37008837131965],[-49.71039741223199,71.37072159686385],[-49.71082100842599,71.37136815924877],[-49.71327802421873,71.37188546973353],[-49.71569039662286,71.37223319976539],[-49.718000130812044,71.37217077353513],[-49.720305545144306,71.37210832456208],[-49.72224971866113,71.3726345378407],[-49.72468455125021,71.37306708361672],[-49.72697173318155,71.3729243924571],[-49.72921480800624,71.37261667745096],[-49.73145784016426,71.37230904811015],[-49.73370078960044,71.37200584047768],[-49.73581876521549,71.37120319209289],[-49.73665270879173,71.37044066750038]]],"type":"Polygon"},"id":"00000000000000000035_00000000000000000035","properties":{"area":314981.07682772813,"elevation":1727.8168674698793,"id":"00000000000000000035","region":"CW","surface":0.0,"year":2019},"type":"Feature"},{"geometry":{"coordinates":[[[-49.524889892455796,71.09862719569941],[-49.52395352071411,71.09790933082158],[-49.522254612715706,71.09721368321252],[-49.52106410510522,71.0965002424771],[-49.51911539188542,71.09580911229541],[-49.51672526418469,71.09537655988815],[-49.51433079601831,71.0949440413802],[-49.51197635883722,71.09467202117571],[-49.50980043945721,71.09514021961029],[-49.50922492575456,71.09589828484684],[-49.50757527624048,71.09643336808615],[-49.505381269296976,71.09682129152465],[-49.50328548895308,71.09761501949382],[-49.50308936560429,71.09786924704471],[-49.50301796718557,71.09861390104349],[-49.502692447678164,71.09936301764725],[-49.50337465296485,71.10008539667615],[-49.50507349751756,71.10078545677257],[-49.507486063725565,71.10129827845329],[-49.50982271662322,71.10148999748321],[-49.51209670773423,71.10143205527926],[-49.514308525451206,71.10112437841802],[-49.5164443701453,71.10049566055261],[-49.518700601928415,71.10035289122646],[-49.520912375191635,71.10004974467641],[-49.52304835942728,71.09941646921723],[-49.524889892455796,71.09862719569941]]],"type":"Polygon"},"id":"00000000000000000038_00000000000000000038","properties":{"area":400510.7477295235,"elevation":1686.8269518983725,"id":"00000000000000000038","region":"CW","surface":0.0,"year":2019},"type":"Feature"},{"geometry":{"coordinates":[[[-49.372379866191714,71.05948969911955],[-49.372228169662705,71.05883420713606],[-49.371568106189066,71.0581921076057],[-49.37116240905657,71.05754111019417],[-49.37100631869965,71.0568855655132],[-49.36984246037064,71.05625689975359],[-49.3677289125376,71.0558957119232],[-49.36662735773954,71.0555122139308],[-49.364959895587546,71.054892366786],[-49.3628060456221,71.0543706516672],[-49.36090642147726,71.05491023630616],[-49.3607682334646,71.05540961339285],[-49.3604160544691,71.05607851247031],[-49.35867239230799,71.05620335105314],[-49.35675063804196,71.05666266926045],[-49.35639831837508,71.057331558639],[-49.356804241029906,71.05797806407793],[-49.35746417189603,71.05862466815182],[-49.359617916809555,71.05914635157029],[-49.361557487189735,71.05876733198934],[-49.36240901367687,71.05915974576422],[-49.362057009676796,71.0598285839894],[-49.362971017986034,71.06046178818654],[-49.36488848377866,71.06107712176316],[-49.36630636945622,71.06170140291373],[-49.36830421815163,71.06156766459644],[-49.37016817916288,71.06086312879464],[-49.37102413271761,71.06018088426914],[-49.372379866191714,71.05948969911955]]],"type":"Polygon"},"id":"00000000000000000039_00000000000000000039","properties":{"area":278853.6126944063,"elevation":1728.3891332671153,"id":"00000000000000000039","region":"CW","surface":0.0,"year":2019},"type":"Feature"},{"geometry":{"coordinates":[[[-48.93969979467575,70.55971817920451],[-48.93849579704028,70.55867919729972],[-48.93729643506185,70.55764020636434],[-48.93394311233804,70.55689993906152],[-48.9306879217848,70.55664585600354],[-48.927566677034235,70.55704266862631],[-48.924529903960085,70.55784981228341],[-48.923491036938096,70.5587772322363],[-48.9202536231349,70.55860785697416],[-48.91721693915197,70.55941489638839],[-48.91421170024769,70.56038699101146],[-48.9119641344771,70.56142146408781],[-48.909484929510796,70.56254520171679],[-48.909453700249365,70.56361094060944],[-48.91163425950554,70.56462757777027],[-48.91495632383909,70.56520726291251],[-48.9182157704532,70.56546142988246],[-48.921488702458596,70.56580034277616],[-48.92477531596819,70.56621504109398],[-48.92782963290663,70.56548824175526],[-48.93095107317339,70.56509139177057],[-48.93392083536564,70.56395423634409],[-48.93545027172389,70.56301790263397],[-48.93842012558814,70.5618808200909],[-48.9394278289512,70.56079277774153],[-48.93969979467575,70.55971817920451]]],"type":"Polygon"},"id":"00000000000000000042_00000000000000000042","properties":{"area":779391.917341899,"elevation":1603.292731034929,"id":"00000000000000000042","region":"CW","surface":0.0,"year":2019},"type":"Feature"},{"geometry":{"coordinates":[[[-48.629150211135475,70.5316391833595],[-48.62679117929561,70.5308722201544],[-48.62537765293473,70.5299179524932],[-48.62421406110252,70.52895478434061],[-48.621119203378626,70.52820121355506],[-48.62044157648918,70.5272335702721],[-48.619032504539994,70.52627932787098],[-48.61811383235715,70.52531175092678],[-48.61508177390235,70.52488363364677],[-48.61214318994708,70.52494603801361],[-48.609160119293456,70.52476324759188],[-48.60631496292505,70.52531617642025],[-48.60355932512058,70.5263551585614],[-48.6007145927348,70.52690808078802],[-48.60108453457444,70.52755907973786],[-48.60322495364355,70.5284955323686],[-48.60487930830354,70.52944525445191],[-48.606475575699676,70.53006952527745],[-48.60911094211174,70.53099701841873],[-48.611255730716685,70.531937894419],[-48.61431473828216,70.53252648218087],[-48.61737819856669,70.53311958801555],[-48.62037927378168,70.533382677458],[-48.62333534185174,70.53340497040605],[-48.62622936083696,70.53309729830819],[-48.62909206418591,70.53262462194131],[-48.629150211135475,70.5316391833595]]],"type":"Polygon"},"id":"00000000000000000044_00000000000000000044","properties":{"area":599242.7393235121,"elevation":1718.5234664409188,"id":"00000000000000000044","region":"CW","surface":0.0,"year":2019},"type":"Feature"},{"geometry":{"coordinates":[[[-49.007165913163576,70.32806781408506],[-49.00628749340541,70.32734990007017],[-49.00395537312996,70.32666767757624],[-49.00173927397723,70.32655615051894],[-48.999491707210396,70.32627973528237],[-48.9973826369989,70.32665875251494],[-48.995202149970886,70.3267078395058],[-48.99305294414655,70.32692632157753],[-48.9910286466967,70.32771110925299],[-48.99083666232414,70.3279607961668],[-48.990988420755826,70.3286965627872],[-48.99065403264253,70.32944125830062],[-48.98911112606706,70.3302170933016],[-48.990230332893326,70.33092612979378],[-48.99256695126845,70.33160833085843],[-48.994796426685696,70.33180451679758],[-48.99707951384989,70.33224155524702],[-48.99790890208314,70.33271418505184],[-49.00020548228645,70.33323592283284],[-49.00238580867653,70.33318239608411],[-49.00445032107985,70.33255815988785],[-49.0042986867506,70.3318268362467],[-49.0041427446078,70.33109106265158],[-49.00447710804142,70.33034644279147],[-49.0057747393151,70.32957498083465],[-49.00707679764553,70.32880801166927],[-49.007165913163576,70.32806781408506]]],"type":"Polygon"},"id":"00000000000000000045_00000000000000000045","properties":{"area":359378.3741622606,"elevation":1518.179806127644,"id":"00000000000000000045","region":"CW","surface":0.0,"year":2019},"type":"Feature"},{"geometry":{"coordinates":[[[-48.60373770212101,70.43665140630253],[-48.60285045262004,70.43585321228097],[-48.60172226985565,70.43505508267187],[-48.59986288733391,70.43427471505126],[-48.59730330127604,70.43367275861311],[-48.594730373881866,70.43299052100097],[-48.59223330803414,70.43271402988583],[-48.5897807560197,70.43268285613442],[-48.587345956774726,70.43273183645172],[-48.58486239913414,70.43254008579247],[-48.58257915718286,70.43340963361207],[-48.580782212030854,70.43426574944989],[-48.57846361746671,70.43497032871633],[-48.578280858961605,70.43530027741572],[-48.57819157116679,70.43612522232574],[-48.578343041003365,70.43694125060749],[-48.579226227902254,70.43774387519633],[-48.58181678594705,70.4385064036022],[-48.584376307585366,70.4391083359623],[-48.58689117724083,70.43946510990212],[-48.589343885210674,70.43949628775061],[-48.59182743041063,70.43969249154581],[-48.594280000378724,70.43972377027508],[-48.59664336253971,70.43925996832863],[-48.59901552022438,70.43888536978392],[-48.601334266676766,70.43818081536372],[-48.60364857861832,70.43747638770735],[-48.60373770212101,70.43665140630253]]],"type":"Polygon"},"id":"00000000000000000046_00000000000000000046","properties":{"area":573483.2468305348,"elevation":1726.0877070314211,"id":"00000000000000000046","region":"CW","surface":0.0,"year":2019},"type":"Feature"},{"geometry":{"coordinates":[[[-47.338686330567256,69.33801812112729],[-47.337303866654075,69.33720654087391],[-47.3348648940224,69.33655553357542],[-47.332483711221585,69.33636380366296],[-47.33009808940266,69.33617204830303],[-47.327658946282725,69.3355254805348],[-47.32528223137042,69.33540500634733],[-47.322950240003586,69.33566814070981],[-47.32063581346034,69.33607833657696],[-47.31837512910752,69.33694787713381],[-47.318392989434244,69.33709952735477],[-47.31698842083601,69.33795120635885],[-47.31622582170098,69.3387984832499],[-47.31738967862261,69.33961442159783],[-47.318558099121425,69.34043045564404],[-47.31865606309184,69.3412642748771],[-47.32025226501532,69.34207585146522],[-47.3220539713187,69.34280716161885],[-47.32448418736401,69.34338236450122],[-47.3268786277045,69.34364996743696],[-47.32913934248569,69.34278490188804],[-47.32947385499509,69.34194658435348],[-47.331645436353895,69.34214276673569],[-47.33392390824945,69.34142483817584],[-47.335756716511156,69.3405642155743],[-47.336519123433725,69.33972143651957],[-47.33770972565318,69.3388697649068],[-47.338686330567256,69.33801812112729]]],"type":"Polygon"},"id":"0000000000000000004a_0000000000000000004a","properties":{"area":539548.697756786,"elevation":1711.5129788298052,"id":"0000000000000000004a","region":"CW","surface":0.0,"year":2019},"type":"Feature"},{"geometry":{"coordinates":[[[-47.85051531819585,68.78590111757326],[-47.848718281260176,68.78467035077114],[-47.84523129789734,68.78464809496687],[-47.84253350588318,68.78360461503661],[-47.84194038276489,68.78268612359697],[-47.840843431268496,68.78144645246716],[-47.84206079466325,68.78016221219218],[-47.843509936387115,68.77887355234436],[-47.84333626857635,68.77761162027697],[-47.843857876060405,68.77634077879148],[-47.84510203057674,68.77522604057997],[-47.848611245618315,68.77541327707081],[-47.84750976299779,68.77416921682257],[-47.84403616910749,68.77423163928805],[-47.840687513111966,68.77522159404143],[-47.84069629040233,68.77530181123326],[-47.83947908697809,68.77658602838092],[-47.83779798094129,68.77787916082697],[-47.83611688156319,68.77917233092417],[-47.83536326335885,68.78044765788172],[-47.83622829782715,68.7816961959891],[-47.83709779220937,68.7829447012862],[-47.83935416870039,68.78416652907485],[-47.84202081539851,68.78496023160952],[-47.844268138029825,68.78609734650209],[-47.847804163437395,68.7864539950374],[-47.85051531819585,68.78590111757326]]],"type":"Polygon"},"id":"00000000000000000004_00000000000000000004","properties":{"area":312954.69911006815,"elevation":1518.5303661682467,"id":"00000000000000000004","region":"CW","surface":832.3568627450977,"year":2019},"type":"Feature"},{"geometry":{"coordinates":[[[-47.30722741508914,68.97316998927705],[-47.30383833870482,68.97221128402909],[-47.301394840936624,68.97342415778165],[-47.29718099309339,68.97348216031048],[-47.29229825409657,68.97380761614835],[-47.28741110656144,68.97412871536068],[-47.28362537176584,68.97595245309346],[-47.278814007882595,68.97694685402612],[-47.27883190835404,68.97711626481674],[-47.27785978342131,68.97889548120303],[-47.276415002194305,68.98068352313929],[-47.27261137061886,68.98233789187566],[-47.27694553780844,68.98337240697505],[-47.28014725559962,68.98475477014746],[-47.285159253640764,68.98552611050944],[-47.29011325829378,68.98579365921049],[-47.295089573919505,68.9862262375909],[-47.294657182426505,68.9844648623284],[-47.29120133463861,68.98291314391501],[-47.28845007789939,68.98135240751847],[-47.285337626729145,68.98080843865124],[-47.28584593087427,68.97903373547767],[-47.28973871923589,68.97822214930865],[-47.292369598605056,68.97658560875142],[-47.297172079797136,68.97550209280034],[-47.30210844077732,68.97560017505604],[-47.30502904166742,68.97446311037913],[-47.30722741508914,68.97316998927705]]],"type":"Polygon"},"id":"00000000000000000005_00000000000000000005","properties":{"area":759880.0370018096,"elevation":1664.1277933851131,"id":"00000000000000000005","region":"CW","surface":2133.98431372549,"year":2019},"type":"Feature"},{"geometry":{"coordinates":[[[-47.607998138482195,68.79572452990094],[-47.60713309718163,68.79439120084335],[-47.606036268968076,68.79306241183298],[-47.60208542480677,68.7930445724787],[-47.598848091244605,68.79318286126093],[-47.59520956188559,68.79382938964697],[-47.59188753002127,68.79329873457668],[-47.59123650260148,68.79179157759992],[-47.59085733636672,68.79061883128513],[-47.59024652343559,68.78945053988318],[-47.588043635902366,68.78856315608233],[-47.58387893725834,68.78871477402403],[-47.57978098828301,68.78937023954856],[-47.57958913542912,68.78970916872625],[-47.57722601700643,68.79126540679378],[-47.57625377415648,68.79279484394814],[-47.57435432171684,68.79434216762701],[-47.57430083599269,68.79577353800903],[-47.57841194856106,68.79519832955448],[-47.582567933509026,68.79496194990803],[-47.586719297286024,68.7947256485156],[-47.590950980108126,68.79507793884069],[-47.59514699967831,68.79518052010535],[-47.59902652288763,68.79646026521965],[-47.60334742750669,68.79757055335902],[-47.60747193928666,68.79708004226062],[-47.607998138482195,68.79572452990094]]],"type":"Polygon"},"id":"00000000000000000006_00000000000000000006","properties":{"area":650421.6574783139,"elevation":1557.937601563654,"id":"00000000000000000006","region":"CW","surface":1867.5137254901956,"year":2019},"type":"Feature"},{"geometry":{"coordinates":[[[-46.80042821574579,69.06310560074736],[-46.800361319520945,69.06234756986471],[-46.800062539898455,69.0615939362381],[-46.799759362743075,69.06084041873518],[-46.79782859605786,69.06026959936244],[-46.79846634719321,69.059507082913],[-46.79886745429852,69.05874458733578],[-46.79762779905254,69.05799989500015],[-46.79685630351532,69.05725078785382],[-46.79472507638786,69.05710807045446],[-46.79265597618253,69.05763422702823],[-46.79051558373929,69.0574068750167],[-46.78840201987893,69.05742919243268],[-46.78821027365166,69.05793751856754],[-46.788277135943105,69.05869554460438],[-46.78787145661415,69.05945806340885],[-46.78676116835351,69.06022501465642],[-46.78494614660662,69.06100536518896],[-46.784295281580505,69.06160286160839],[-46.7848302503328,69.06235203740425],[-46.786988568557575,69.06283355592394],[-46.789093304163046,69.06264182513914],[-46.791037460713255,69.06337759934972],[-46.792972582950675,69.06394385100437],[-46.79509517848017,69.06400628194696],[-46.797226651228364,69.06414900086004],[-46.79931779935852,69.06387254276754],[-46.80042821574579,69.06310560074736]]],"type":"Polygon"},"id":"00000000000000000007_00000000000000000007","properties":{"area":355204.920522189,"elevation":1827.8271406649612,"id":"00000000000000000007","region":"CW","surface":399.1647058823529,"year":2019},"type":"Feature"},{"geometry":{"coordinates":[[[-47.82557106692798,68.73151342770977],[-47.825009244565905,68.73076873093869],[-47.82334159257889,68.73038086004955],[-47.82180308977984,68.7309114965138],[-47.8207552540374,68.73168295286023],[-47.81958250431593,68.73153578531604],[-47.81833848095902,68.73088916837807],[-47.81630498653202,68.73117455051168],[-47.81428963189782,68.73162935340179],[-47.81222945953871,68.73174982930462],[-47.81017379567493,68.73187018227526],[-47.80818062298816,68.73249449841283],[-47.806191906555455,68.7331142604832],[-47.80604908148473,68.73378757960928],[-47.80638365116954,68.73453223646406],[-47.808037942709284,68.7348399028324],[-47.81007567445769,68.7345545632456],[-47.81210918633372,68.73426472717614],[-47.814182425549966,68.73422904984422],[-47.815011969008104,68.73354236830214],[-47.815381982862355,68.73286901284968],[-47.81751799360011,68.73333278080274],[-47.81957810910788,68.7332124065393],[-47.82156686935533,68.73258812817798],[-47.82358233956496,68.7321332737112],[-47.82557106692798,68.73151342770977]]],"type":"Polygon"},"id":"0000000000000000000f_0000000000000000000f","properties":{"area":180728.63760382996,"elevation":1534.981406873212,"id":"0000000000000000000f","region":"CW","surface":395.4588235294117,"year":2019},"type":"Feature"},{"geometry":{"coordinates":[[[-46.862606002387196,68.67973880165246],[-46.86139744914988,68.67908331366228],[-46.85914560294941,68.6796139431616],[-46.85682689983309,68.6793910585325],[-46.85456169942227,68.67975217053483],[-46.85371904638409,68.68059944259987],[-46.85310364602122,68.68144223816108],[-46.851801384955216,68.68229390473199],[-46.85072688745088,68.68314114353166],[-46.84933998483546,68.68307423391626],[-46.84972788615029,68.68223592489305],[-46.84740051398706,68.68192824309554],[-46.8455274994288,68.68153140309563],[-46.84513946749577,68.68236969893405],[-46.84452441194861,68.68321693804849],[-46.84460003812078,68.68405080255137],[-46.846909863062784,68.68418903067877],[-46.849237609812555,68.68449666112056],[-46.851346597207325,68.68497380090835],[-46.85343808263742,68.68520125910844],[-46.85519944870428,68.68434510992165],[-46.85650587731464,68.68349335159368],[-46.85826719564388,68.68263722235635],[-46.85773200236514,68.68180341193354],[-46.858347433071096,68.68096065153732],[-46.860354124313716,68.6802694514952],[-46.862606002387196,68.67973880165246]]],"type":"Polygon"},"id":"00000000000000000011_00000000000000000011","properties":{"area":211070.5855470947,"elevation":1793.965661670532,"id":"00000000000000000011","region":"CW","surface":448.62745098039204,"year":2019},"type":"Feature"},{"geometry":{"coordinates":[[[-47.23119089911463,68.48125979336803],[-47.22972815627917,68.48036353456253],[-47.22724446201067,68.48056412619803],[-47.22470715639299,68.48026538446447],[-47.22216562976613,68.47988635669456],[-47.21963722502102,68.47966792372151],[-47.218174630196785,68.47877155109029],[-47.21875888191494,68.47784412859617],[-47.220480065635165,68.47689876349702],[-47.21993156920945,68.47598915219451],[-47.22006086470228,68.4750661076066],[-47.21928058391536,68.47415642647006],[-47.216993062278,68.47402267834462],[-47.214535929769625,68.4744774729181],[-47.214834707339456,68.47514189844132],[-47.21714902980683,68.47552538489869],[-47.21470999668602,68.47614522723167],[-47.21340781805512,68.47674714358183],[-47.21373331794946,68.47766576524525],[-47.215873747426876,68.47855307808788],[-47.21642665621453,68.47946275549721],[-47.216524904295206,68.48038134406178],[-47.21903521424776,68.48043035921],[-47.221612719227174,68.48114828451946],[-47.223703970362266,68.4815362479246],[-47.226232207939816,68.48175024354487],[-47.22875147940105,68.48187960108521],[-47.23119089911463,68.48125979336803]]],"type":"Polygon"},"id":"00000000000000000012_00000000000000000012","properties":{"area":194488.3581828043,"elevation":1744.954392488613,"id":"00000000000000000012","region":"CW","surface":176.29411764705878,"year":2019},"type":"Feature"},{"geometry":{"coordinates":[[[-50.7330922037816,71.97163003749597],[-50.725525129399514,71.97163009042038],[-50.71870718376888,71.97238809270435],[-50.71218803144358,71.974073636038],[-50.711189127165454,71.97645035631646],[-50.70931624494649,71.97767658791737],[-50.70674349607133,71.97595986596752],[-50.70347037842109,71.97442141808075],[-50.70202135086819,71.97228109920273],[-50.69510508699776,71.97272699059573],[-50.69497596405867,71.9739042087811],[-50.69020466130561,71.97553623499132],[-50.69477515147099,71.9756298213961],[-50.70029559921717,71.97631654292864],[-50.70316723927479,71.97818045134883],[-50.69942164472255,71.97986159325441],[-50.69362041994628,71.98066420055223],[-50.68917447676145,71.97939332915814],[-50.68789927303499,71.98091831807326],[-50.69494454448603,71.98242106274185],[-50.70042038414503,71.98217135181687],[-50.7076664735913,71.98116808678503],[-50.71146564196058,71.97886272995146],[-50.7185866434838,71.97747147441095],[-50.723005857040874,71.97553619580309],[-50.72790187605194,71.97350737335151],[-50.7330922037816,71.97163003749597]]],"type":"Polygon"},"id":"00000000000000000017_00000000000000000017","properties":{"area":748168.0443446198,"elevation":1597.8365235250571,"id":"00000000000000000017","region":"CW","surface":0.0,"year":2019},"type":"Feature"},{"geometry":{"coordinates":[[[-47.23094115103772,68.74538124304718],[-47.22620996531506,68.7445251527839],[-47.221108702426605,68.74451169292594],[-47.21598078913713,68.74424867446326],[-47.21092399859917,68.74465443301511],[-47.20584082733076,68.74481051060755],[-47.20083772289932,68.74572012433129],[-47.19677981552131,68.7467858686337],[-47.191790150597335,68.74786496715421],[-47.19180797714926,68.74803442462196],[-47.1892262220734,68.74992061867167],[-47.18803126352464,68.75178452817616],[-47.190077839461786,68.75360834928443],[-47.19462156419048,68.75489252948806],[-47.19934841940892,68.75575311104143],[-47.19846991617869,68.75399621029946],[-47.19352461551821,68.75330952492598],[-47.193101127486976,68.7514634408513],[-47.19405973791924,68.74959956993048],[-47.19715896533958,68.74821280063938],[-47.200793220809224,68.74748594809084],[-47.205796150539044,68.74657628302708],[-47.21082604608747,68.74591638885872],[-47.215922859997164,68.74584499036055],[-47.22102403622336,68.74585841160261],[-47.226125214658886,68.74587176281172],[-47.23094115103772,68.74538124304718]]],"type":"Polygon"},"id":"00000000000000000019_00000000000000000019","properties":{"area":408507.94247267774,"elevation":1712.1288394916585,"id":"00000000000000000019","region":"CW","surface":818.1764705882352,"year":2019},"type":"Feature"},{"geometry":{"coordinates":[[[-49.0423349057642,69.73592149523991],[-49.04084565643784,69.73474430300612],[-49.037340744121764,69.73473985227001],[-49.03388491660132,69.73499850980122],[-49.030380170206904,69.73499844869849],[-49.02698231402417,69.73551573180737],[-49.02350848029118,69.73568518437297],[-49.019985895762005,69.73560041854765],[-49.01662375234441,69.73628711607996],[-49.016655069591536,69.7364610567503],[-49.01690024556642,69.73766944289274],[-49.01415782908136,69.73895371029418],[-49.01365391315014,69.74017998089967],[-49.01539305960827,69.74135272640964],[-49.01890235556132,69.74135269860172],[-49.02173384919985,69.74050547040066],[-49.02531013022808,69.74084877848132],[-49.02873024167901,69.74042074434247],[-49.03237332089181,69.74111194564205],[-49.035597353730935,69.74094691877897],[-49.035851277330586,69.73972509953367],[-49.035904876191445,69.73877084573944],[-49.03682783778952,69.73961365464048],[-49.03930285892181,69.7394664741678],[-49.039837661208246,69.7384141449072],[-49.04059138933,69.73717896494809],[-49.0423349057642,69.73592149523991]]],"type":"Polygon"},"id":"00000000000000000028_00000000000000000028","properties":{"area":592237.408061586,"elevation":1295.7366279918272,"id":"00000000000000000028","region":"CW","surface":68.16078431372549,"year":2019},"type":"Feature"},{"geometry":{"coordinates":[[[-48.602524736295415,69.89299778870124],[-48.60111122948901,69.89216392274724],[-48.59746815940146,69.89154856016162],[-48.594765984129616,69.89056313210787],[-48.59115412649888,69.89012165861595],[-48.587622482978645,69.8901127643343],[-48.587435212816864,69.89046059949155],[-48.5871499681639,69.89168239496016],[-48.58762243997675,69.89288632069831],[-48.586837834104635,69.89412150776799],[-48.586806447937754,69.89533437458427],[-48.583729696156674,69.89644469249447],[-48.582945013791566,69.8976754115018],[-48.58115682338988,69.89892841544794],[-48.583560221676585,69.89965968324587],[-48.587078424436044,69.89958389547012],[-48.59056561036204,69.89933415732712],[-48.59345512387627,69.89857616081387],[-48.59700453589513,69.8986742250477],[-48.59552847074403,69.89749258132261],[-48.59222873613962,69.89739003597636],[-48.59250974215285,69.8961682046416],[-48.592541075478245,69.89495088452927],[-48.595854041027756,69.89514268267581],[-48.59939010305751,69.89515152572321],[-48.60020166366255,69.89409027565958],[-48.602524736295415,69.89299778870124]]],"type":"Polygon"},"id":"00000000000000000029_00000000000000000029","properties":{"area":464597.6048322809,"elevation":1546.379065432575,"id":"00000000000000000029","region":"CW","surface":0.0,"year":2019},"type":"Feature"},{"geometry":{"coordinates":[[[-48.5671730748236,69.90391369892946],[-48.56553665286675,69.90325822570904],[-48.56437729817297,69.90241541203724],[-48.561862395631096,69.90246891178069],[-48.55953917208523,69.90217014528663],[-48.55719813378663,69.90178668915195],[-48.55480810450149,69.90253136072518],[-48.55238684550359,69.90310212884692],[-48.55000111627518,69.9038467872605],[-48.54959094303578,69.90437740843582],[-48.54848954467533,69.90526928077281],[-48.54738804541815,69.90616102719426],[-48.5457826866264,69.9070617877555],[-48.54794977133308,69.90788674348317],[-48.54860992584579,69.9087384251324],[-48.55024198155695,69.90939840333729],[-48.551610812446086,69.90858685631487],[-48.55170457859024,69.90771731292273],[-48.55230652558578,69.90683885645974],[-48.5536574510679,69.90594257416487],[-48.5552628633005,69.9050373311351],[-48.557461214604075,69.90464493555545],[-48.56000730920199,69.90476532090373],[-48.56189349790255,69.90402958604149],[-48.56391792635741,69.90407420826037],[-48.56605828309725,69.9047207823997],[-48.5671730748236,69.90391369892946]]],"type":"Polygon"},"id":"0000000000000000002a_0000000000000000002a","properties":{"area":242214.8548761856,"elevation":1548.5300488489852,"id":"0000000000000000002a","region":"CW","surface":0.0,"year":2019},"type":"Feature"},{"geometry":{"coordinates":[[[-48.36594723460975,69.92546000160065],[-48.363815804278936,69.92480905962931],[-48.36181812228373,69.92493837224984],[-48.35982033396346,69.92506321614992],[-48.357773645820714,69.92492943940559],[-48.35571806371146,69.9247109448119],[-48.355526289923624,69.92506323687891],[-48.35589633678612,69.92574992176279],[-48.35525888821947,69.92645887566182],[-48.35537470925825,69.92715005766726],[-48.355240869969805,69.92784568900507],[-48.354099414101604,69.92856358187156],[-48.354973424453675,69.92924133065682],[-48.353002506247265,69.92954009965447],[-48.3510361334487,69.92983891392082],[-48.35140612973367,69.93052561300041],[-48.35344848853971,69.93065935430353],[-48.35538799520871,69.9301867160402],[-48.357390190241425,69.93005739942232],[-48.359049167165665,69.92941972630008],[-48.36072113719022,69.92886236246537],[-48.361358929336134,69.92815781579107],[-48.36149250738431,69.92745773677528],[-48.36187617939974,69.92675763104333],[-48.3638469484663,69.92645891496049],[-48.36581794800364,69.92615572241586],[-48.36594723460975,69.92546000160065]]],"type":"Polygon"},"id":"0000000000000000002b_0000000000000000002b","properties":{"area":174165.35742542904,"elevation":1626.4634597402599,"id":"0000000000000000002b","region":"CW","surface":0.0,"year":2019},"type":"Feature"},{"geometry":{"coordinates":[[[-48.88843799047558,69.70820820432135],[-48.88697541439543,69.70711573602487],[-48.88374251738337,69.70719155019877],[-48.8805230045326,69.70735203710754],[-48.877972412532465,69.70836874015365],[-48.877410636400434,69.7093363866475],[-48.877240999413296,69.70847128024124],[-48.87554666549688,69.707472483795],[-48.87315658036426,69.70674556386018],[-48.8699372578667,69.70691060922294],[-48.86677124078485,69.70732976163927],[-48.86361845993899,69.7078380951209],[-48.860519557628926,69.7086050256612],[-48.85740259709994,69.70928281870917],[-48.85737145340429,69.71041098618667],[-48.85759000183447,69.71153466335399],[-48.86054631744234,69.71259598529952],[-48.86382824641733,69.71277880541732],[-48.866980757435094,69.71227043215742],[-48.870267056182136,69.71245322552763],[-48.8735045219666,69.71237743556397],[-48.87658555607882,69.7115257769092],[-48.87817751864839,69.71070530366761],[-48.87970263958061,69.70954144265704],[-48.88230226123053,69.70878783524516],[-48.88558859034331,69.70897074083645],[-48.88843799047558,69.70820820432135]]],"type":"Polygon"},"id":"0000000000000000002c_0000000000000000002c","properties":{"area":482643.88039934775,"elevation":1364.7078977461354,"id":"0000000000000000002c","region":"CW","surface":761.2941176470589,"year":2019},"type":"Feature"},{"geometry":{"coordinates":[[[-48.33372127019903,69.92012247744343],[-48.33305690934099,69.91918166009594],[-48.33037691537312,69.9197568485564],[-48.327683684968406,69.92024289319166],[-48.325043891333735,69.92107676871808],[-48.32237743504765,69.92173673799606],[-48.32193594450933,69.92209348578939],[-48.319831261920655,69.92308779272118],[-48.31772208391305,69.92408661103958],[-48.31561724937599,69.92508103098258],[-48.315777937037204,69.92603084118738],[-48.31644225717524,69.92697617458809],[-48.31635313512068,69.92793043133622],[-48.318957155516934,69.92839858854192],[-48.32106196138518,69.92740418112152],[-48.32372855277694,69.926744306003],[-48.32382224488746,69.9257855499019],[-48.325422941841204,69.9248000883494],[-48.32673839618707,69.9251211614959],[-48.328129513359876,69.92587473017387],[-48.33092993848313,69.92599073489237],[-48.332530709374254,69.92500518604777],[-48.33312367603325,69.92403759517931],[-48.331496194412416,69.9233776330199],[-48.328637902127824,69.92291392369334],[-48.328981364752956,69.92195075501677],[-48.331616719574285,69.92111690793247],[-48.33372127019903,69.92012247744343]]],"type":"Polygon"},"id":"0000000000000000002d_0000000000000000002d","properties":{"area":338085.6938258685,"elevation":1627.112921512099,"id":"0000000000000000002d","region":"CW","surface":0.0,"year":2019},"type":"Feature"},{"geometry":{"coordinates":[[[-48.20797033496451,69.85353922438458],[-48.20756436629193,69.85259389769828],[-48.204777456357675,69.85247344920845],[-48.20211539144032,69.85313343390226],[-48.199604990179374,69.85317807378908],[-48.19701424305753,69.85270980426336],[-48.195145949949776,69.85361502507496],[-48.19429863269725,69.85458268890876],[-48.19420044335337,69.85554132800334],[-48.19259962230019,69.85652236005728],[-48.192751232120095,69.85747662994959],[-48.193661006583184,69.85841298158277],[-48.19456611031586,69.85934943294104],[-48.19471777051215,69.86029926261858],[-48.197633897707746,69.86119996858822],[-48.20040754856315,69.86123119929785],[-48.20322573943166,69.86152549797542],[-48.20257010059438,69.86058459276754],[-48.199752028846866,69.86029028200556],[-48.1998635083065,69.85942077233585],[-48.19920806202133,69.85847985444474],[-48.20086696683516,69.85783779278111],[-48.20364046328675,69.85787345676174],[-48.20529925228059,69.85723578554207],[-48.2071765377159,69.85641534198406],[-48.207024963418704,69.85546557450519],[-48.20661917149124,69.85452018034283],[-48.20797033496451,69.85353922438458]]],"type":"Polygon"},"id":"0000000000000000002e_0000000000000000002e","properties":{"area":366658.9634737215,"elevation":1648.1427908492203,"id":"0000000000000000002e","region":"CW","surface":12.364705882352942,"year":2019},"type":"Feature"},{"geometry":{"coordinates":[[[-48.06443629363997,69.58888712594256],[-48.06434262471084,69.58828063914599],[-48.06400374023084,69.58768318163817],[-48.06440493880539,69.58706777870019],[-48.06282658841001,69.58648810043682],[-48.061078607878926,69.58643461010674],[-48.059321652442335,69.58629639371352],[-48.05753353830378,69.58598429201756],[-48.055736463714304,69.58558290559196],[-48.05404198929945,69.58587274787814],[-48.05274001305272,69.58546693625671],[-48.050978642858546,69.58532433371916],[-48.04922164164249,69.58518605730178],[-48.047451543438164,69.584958643611],[-48.04569023549057,69.58481597653265],[-48.04549398394793,69.58516825069158],[-48.04583725292066,69.5857657042419],[-48.04667125244333,69.58635877051367],[-48.04849497738783,69.58692955242866],[-48.0502920264539,69.5873309119058],[-48.05210676360092,69.58781688840652],[-48.05383699677964,69.58778567593349],[-48.055651850826614,69.58827172631236],[-48.05737293789293,69.5881513892797],[-48.059183369173425,69.58863743266573],[-48.0609536632403,69.5888647667892],[-48.06272834863608,69.58909222295911],[-48.06443629363997,69.58888712594256]]],"type":"Polygon"},"id":"0000000000000000002f_0000000000000000002f","properties":{"area":179616.8365030152,"elevation":1610.3246750633787,"id":"0000000000000000002f","region":"CW","surface":0.0,"year":2019},"type":"Feature"},{"geometry":{"coordinates":[[[-49.61217681907739,71.66029118334961],[-49.61174867505954,71.65975161782285],[-49.60991595532038,71.65943052768007],[-49.60871223529596,71.65927895490707],[-49.608573854841694,71.65873042337658],[-49.60676350640998,71.65850309758163],[-49.60497977463589,71.65836485482743],[-49.60326747319843,71.65849859714122],[-49.60153293880011,71.65854320911723],[-49.59984278303507,71.65877059764937],[-49.59815283876558,71.658993568011],[-49.596529786426466,71.65949298889016],[-49.596092875769386,71.66005482008616],[-49.5962311338398,71.66060329622233],[-49.59665909724363,71.66114283712696],[-49.59766686969016,71.66166906369119],[-49.59809943499441,71.6622085281848],[-49.59881740541038,71.6627391783502],[-49.600623248737605,71.66297106750515],[-49.602313329299406,71.66274368381293],[-49.604003161751514,71.66251622876241],[-49.60564871861502,71.66210601520837],[-49.60733863156385,71.66188303103134],[-49.60907779799331,71.66183846680642],[-49.610384243163494,71.66125426965169],[-49.61173970500543,71.66085301681562],[-49.61217681907739,71.66029118334961]]],"type":"Polygon"},"id":"0000000000000000003e_0000000000000000003e","properties":{"area":200915.58434191853,"elevation":1791.7474433958876,"id":"0000000000000000003e","region":"CW","surface":0.0,"year":2019},"type":"Feature"},{"geometry":{"coordinates":[[[-50.19168616111551,71.40873544820693],[-50.18906414129853,71.40862838293883],[-50.18787345032188,71.40948898309156],[-50.18543431357764,71.41001519184897],[-50.182995130461286,71.41054581645368],[-50.18226843089788,71.41102741807975],[-50.17993632032824,71.41191918212003],[-50.178741192737455,71.4127798388179],[-50.17697545118151,71.41365830978027],[-50.174638943090336,71.41455012123996],[-50.1737293283205,71.41540181090834],[-50.17225335575955,71.41627127766702],[-50.173626687148946,71.41705610324894],[-50.17609255516441,71.41661914243797],[-50.178554010392794,71.4161821663332],[-50.181229471665084,71.41647194241173],[-50.181563879115345,71.41563361878598],[-50.18309775155751,71.41494693836425],[-50.18457378338985,71.41407740696427],[-50.18491262154845,71.41324355760722],[-50.18439544820209,71.41243203674085],[-50.184734270507825,71.41159818721084],[-50.1868613479858,71.41098281588636],[-50.18947861401943,71.41109430518074],[-50.189246909788146,71.4102737926747],[-50.190205665356494,71.40960498265576],[-50.19168616111551,71.40873544820693]]],"type":"Polygon"},"id":"0000000000000000003f_0000000000000000003f","properties":{"area":201330.48487749512,"elevation":1473.376812122095,"id":"0000000000000000003f","region":"CW","surface":0.0,"year":2019},"type":"Feature"},{"geometry":{"coordinates":[[[-49.52638817369608,71.19426601892366],[-49.52361009658284,71.19452025003564],[-49.52037274088541,71.19405203406856],[-49.51771964227861,71.19366405262714],[-49.51449120664342,71.19438646515388],[-49.51417035401294,71.19540310021236],[-49.51132526534425,71.19538082244661],[-49.51162415068183,71.19427496260704],[-49.511075615526565,71.1931913769059],[-49.50883269093032,71.19214791916444],[-49.509127011918075,71.19104208074805],[-49.50998761592741,71.1899184264754],[-49.50671457266595,71.19046247489361],[-49.50656753891674,71.19101532713594],[-49.506504975116535,71.19193394408741],[-49.50390535377885,71.19291491858029],[-49.504172841583745,71.19400741180058],[-49.500917798621074,71.1946406035699],[-49.501470713608256,71.19572414188701],[-49.50230008273397,71.19680325820116],[-49.50577816982751,71.19707975182492],[-49.509207131201165,71.19717785130487],[-49.512507021590125,71.19672744488531],[-49.51580679097598,71.19627708594663],[-49.51919112040719,71.19619241507938],[-49.522490915499716,71.19573751286023],[-49.52576392500488,71.19519795355261],[-49.52638817369608,71.19426601892366]]],"type":"Polygon"},"id":"00000000000000000040_00000000000000000040","properties":{"area":287214.89573711104,"elevation":1722.1486863607786,"id":"00000000000000000040","region":"CW","surface":0.0,"year":2019},"type":"Feature"},{"geometry":{"coordinates":[[[-48.704174600225535,70.44805328727165],[-48.69982248684907,70.448053281889],[-48.69559084900333,70.44869546198697],[-48.69122092313776,70.44860623696779],[-48.68737714895815,70.44841453926804],[-48.68295362031843,70.44805332054477],[-48.678695286078224,70.44714370532164],[-48.67787476065997,70.44570339090006],[-48.68092023388448,70.44454399284469],[-48.68527242228948,70.44454405465626],[-48.6891786299435,70.44363884122049],[-48.68473738966473,70.44318843695804],[-48.68042090643864,70.44337121705496],[-48.67666188028425,70.44363434204438],[-48.67243458029021,70.44427196762796],[-48.66827438140895,70.4452752747899],[-48.66783735651882,70.44582819141391],[-48.66730210536378,70.44729973212803],[-48.67133766759126,70.44848584419971],[-48.67581019110629,70.44911903681789],[-48.68026926185062,70.44966308809245],[-48.68467485351062,70.44993062871852],[-48.689026927486054,70.44993061229412],[-48.69337905052892,70.44992619902413],[-48.69771325471748,70.4498325176056],[-48.70194483167653,70.44919484792592],[-48.704174600225535,70.44805328727165]]],"type":"Polygon"},"id":"00000000000000000048_00000000000000000048","properties":{"area":421787.4251782243,"elevation":1683.4081877536614,"id":"00000000000000000048","region":"CW","surface":101.0,"year":2019},"type":"Feature"},{"geometry":{"coordinates":[[[-46.9952997808247,68.55091983536697],[-46.995041151453584,68.5505854195575],[-46.99455070206459,68.55025986855851],[-46.99363212745113,68.55018861255783],[-46.99296336611641,68.55036249626082],[-46.99276713595708,68.55070134364644],[-46.992798230566336,68.55103576446301],[-46.991915315883496,68.55137915900026],[-46.99101474819038,68.55147278608005],[-46.99006932475551,68.55115170057593],[-46.98915514943455,68.55116508692322],[-46.98826793628877,68.55142821161058],[-46.98828111013757,68.55159318326832],[-46.98740279404763,68.55193654016148],[-46.98697463043461,68.55227986303548],[-46.98701050997826,68.55261433377224],[-46.98704153111122,68.5529487570633],[-46.98775494524273,68.55326980430412],[-46.9886870643786,68.55342587847183],[-46.989627872633164,68.55375135376951],[-46.990118328260436,68.5540769247013],[-46.99102810231743,68.55406796721945],[-46.991933268157766,68.55396990453626],[-46.9928161041493,68.55362656973183],[-46.99323970428018,68.55328766280887],[-46.99366328521731,68.5529442670798],[-46.99409137541596,68.55260541042927],[-46.99428760063796,68.55227092956287],[-46.99448382209428,68.55193207889687],[-46.994680038334195,68.55159322817568],[-46.995103579338945,68.55125431679964],[-46.9952997808247,68.55091983536697]]],"type":"Polygon"},"id":"00000000000000000013_00000000000000000013","properties":{"area":86351.06696643456,"elevation":1795.021073276582,"id":"00000000000000000013","region":"CW","surface":34.37254901960785,"year":2019},"type":"Feature"},{"geometry":{"coordinates":[[[-46.472497025855716,68.33010076122972],[-46.47134193958902,68.32977966524041],[-46.470213824192484,68.32978857540971],[-46.46908125371653,68.3297172192495],[-46.46837229569625,68.32930695610081],[-46.46723966826355,68.32923116027503],[-46.46609369226624,68.32899488938403],[-46.4649744855978,68.32917317963275],[-46.4638730507913,68.32960132933502],[-46.46388648102477,68.32976633777677],[-46.46278499522975,68.33019436123128],[-46.46213409953096,68.33061793968892],[-46.46216536666743,68.3310371248019],[-46.46219207954488,68.33145181598319],[-46.46222334882166,68.33187100186635],[-46.46315515638678,68.3322767750485],[-46.463636755898605,68.33269140589165],[-46.46478262232671,68.3329322457649],[-46.465906522273045,68.3328386379037],[-46.467047878165005,68.33299465874195],[-46.46814494433427,68.33256664640528],[-46.46834564793237,68.33214743120388],[-46.4687647539984,68.33172384875941],[-46.46896544088389,68.331304633408],[-46.46939353444339,68.33096580105492],[-46.470517153779944,68.33087209822705],[-46.47162308819553,68.330528810728],[-46.472497025855716,68.33010076122972]]],"type":"Polygon"},"id":"00000000000000000014_00000000000000000014","properties":{"area":115634.57486514447,"elevation":1894.8632725241998,"id":"00000000000000000014","region":"CW","surface":0.0,"year":2019},"type":"Feature"},{"geometry":{"coordinates":[[[-50.381969201791144,71.55147573180244],[-50.381572389084766,71.55111897465191],[-50.380600413106706,71.5507800956372],[-50.38049332515234,71.55041890154455],[-50.37952572972116,71.5500799868055],[-50.37837507693159,71.55011122486056],[-50.37730508312825,71.5504188961054],[-50.376127861520416,71.55036542883718],[-50.37573098281968,71.55000872299765],[-50.37476347540822,71.549669779517],[-50.37355931661263,71.54952264367832],[-50.372435652902325,71.54964748856524],[-50.37225718469937,71.55001759733594],[-50.37207882895366,71.55039215985748],[-50.37247132336998,71.55074890356008],[-50.373675334741804,71.55089599557412],[-50.37493719089941,71.55122602585304],[-50.375329746995824,71.55158276260163],[-50.37486587276834,71.55196178871596],[-50.374683004725625,71.55233633075976],[-50.37588693601776,71.55248347192509],[-50.37703760251324,71.55244779847905],[-50.378187872403494,71.55241213003187],[-50.37936514688332,71.55247010210773],[-50.38046222332136,71.55225606628629],[-50.38150108732146,71.55185468923753],[-50.381969201791144,71.55147573180244]]],"type":"Polygon"},"id":"0000000000000000003c_0000000000000000003c","properties":{"area":69184.66430357384,"elevation":1585.8358349952762,"id":"0000000000000000003c","region":"CW","surface":0.0,"year":2019},"type":"Feature"}]}