{"type":"FeatureCollection","features":[{"geometry":{"coordinates":[[[-55.670712687369324,75.2699290007671],[-55.660987588906565,75.26963466936034],[-55.655846093703495,75.26707960044426],[-55.64959452496288,75.26572410781522],[-55.644274680945884,75.26394486593455],[-55.63886141136975,75.26642855708619],[-55.64275867556011,75.26764148860927],[-55.65028106335082,75.26970157906138],[-55.64913976130971,75.2725554181241],[-55.64381099863661,75.27414734022341],[-55.637251582518054,75.27204260244362],[-55.63380470644855,75.26940728804257],[-55.63769760557153,75.26654899164376],[-55.63848254490475,75.26523799884649],[-55.64397165946273,75.26217460205338],[-55.63325623410037,75.26256256074363],[-55.62321902817302,75.26386911948133],[-55.6227951747134,75.26668723007367],[-55.62478865433135,75.26938943188146],[-55.628235308910035,75.27202477244268],[-55.63385375163747,75.27455757515308],[-55.645759546620326,75.27577044282202],[-55.656439173701976,75.27532453637667],[-55.66693594135521,75.27462887501852],[-55.66700717601907,75.27201586717335],[-55.670712687369324,75.2699290007671]]],"type":"Polygon"},"id":"00000000000000000018_00000000000000000018","properties":{"area":1051355.200676225,"elevation":1229.2537752034705,"id":"00000000000000000018","region":"NW","surface":0.0,"year":2018},"type":"Feature"},{"geometry":{"coordinates":[[[-58.16395683266423,76.03327356365205],[-58.1600239103058,76.03224798021871],[-58.15385693887644,76.03170841014334],[-58.14711029358544,76.03208748128473],[-58.14074246465192,76.03286336270172],[-58.13279657530983,76.03200721087741],[-58.12854257928539,76.03064719209304],[-58.12813220577183,76.02895271364184],[-58.12585819593546,76.02736082748186],[-58.12567997774301,76.02565299291474],[-58.11947713803838,76.02659827575381],[-58.11455449422376,76.02835521675085],[-58.11452761760559,76.02959931555178],[-58.11214647495939,76.03145431876804],[-58.10803980393749,76.03304617393881],[-58.103790223897114,76.03500373595925],[-58.1030364575579,76.0367605624155],[-58.1090072200549,76.03761226046865],[-58.11414420130811,76.03886528285464],[-58.12174678845567,76.0396188854904],[-58.128391000032465,76.03912843740669],[-58.13552110877457,76.03914174937852],[-58.139953408549225,76.03788427077784],[-58.14626752080688,76.03705496239049],[-58.15242093325171,76.03605610151418],[-58.15802621511024,76.0344953505457],[-58.16395683266423,76.03327356365205]]],"type":"Polygon"},"id":"0000000000000000003e_0000000000000000003e","properties":{"area":1176793.1321123636,"elevation":1109.0111254007434,"id":"0000000000000000003e","region":"NW","surface":1.223529411764706,"year":2018},"type":"Feature"},{"geometry":{"coordinates":[[[-60.22203244218116,76.3851813550037],[-60.21576293569292,76.38370542420596],[-60.20807097579039,76.38296524568312],[-60.20290734150449,76.38125292217694],[-60.19406053873957,76.38069556811581],[-60.18682810396874,76.3803521803915],[-60.1789352624945,76.38101656390151],[-60.17354865352597,76.38227408234299],[-60.16653924043516,76.38331300747069],[-60.16024278393177,76.38457044631453],[-60.153750315507544,76.38605981669221],[-60.14902362781044,76.38829381735849],[-60.142335077725754,76.39000615587901],[-60.142830139433194,76.39083552345463],[-60.14288788357686,76.39286888319526],[-60.1448632703256,76.39478179389988],[-60.15264012870148,76.39520099216931],[-60.15859723154075,76.39364033139634],[-60.16586113814809,76.39242295151088],[-60.17364678093623,76.39166042633745],[-60.18229317779281,76.39164264341471],[-60.19036415276255,76.39112983430425],[-60.19901022945949,76.39111202866881],[-60.2069072893885,76.39044762533175],[-60.21428268233924,76.38932833183314],[-60.22061890655295,76.38731287017443],[-60.22203244218116,76.3851813550037]]],"type":"Polygon"},"id":"00000000000000000053_00000000000000000053","properties":{"area":1908076.7983230122,"elevation":1100.5735291651993,"id":"00000000000000000053","region":"NW","surface":0.0,"year":2018},"type":"Feature"},{"geometry":{"coordinates":[[[-60.08008135625453,76.38553366306509],[-60.07316562482297,76.38645667516215],[-60.073089507285935,76.38758933075127],[-60.069299393190974,76.3854667720926],[-60.06216056358789,76.38420485530644],[-60.05806683747224,76.38440993072021],[-60.05497677865179,76.38589038805709],[-60.0497150407848,76.38687137258991],[-60.04126953054736,76.38665290903586],[-60.03566886171699,76.38813335648774],[-60.02751323438224,76.38897160131242],[-60.01958489951103,76.39081326434736],[-60.0201867903255,76.39174069151406],[-60.02142197403611,76.39402378742503],[-60.02584547844676,76.39610175022906],[-60.034737069871085,76.39789875154686],[-60.04413684477789,76.39934346759124],[-60.054196387626675,76.40096215323247],[-60.06348490898496,76.40230434561084],[-60.06913873892661,76.40007032043734],[-60.06576782070075,76.39792099439482],[-60.06736426169611,76.3957271987018],[-60.073205689028995,76.39326572825688],[-60.07984080050389,76.39070178787017],[-60.08000584022461,76.3886505431709],[-60.07918529672437,76.38634074133631],[-60.08008135625453,76.38553366306509]]],"type":"Polygon"},"id":"00000000000000000055_00000000000000000055","properties":{"area":1956243.2971805409,"elevation":1099.8724837338557,"id":"00000000000000000055","region":"NW","surface":0.0,"year":2018},"type":"Feature"},{"geometry":{"coordinates":[[[-60.175314712151895,76.34945508141016],[-60.16989693458624,76.34830014506981],[-60.164260607806554,76.34834026847467],[-60.165058733758876,76.34705607834557],[-60.17108724253571,76.3459725051939],[-60.170922378464624,76.34463926154572],[-60.17060558740474,76.34278427958081],[-60.174132956696894,76.34110761541776],[-60.173820656048996,76.33924818060024],[-60.166356398382455,76.33967178388008],[-60.15906538975977,76.34024704181525],[-60.153594115560985,76.34161599814466],[-60.152849583357444,76.34354233663352],[-60.14837262777469,76.3453839487454],[-60.14661570668768,76.34603496601801],[-60.14218332114902,76.34712294490693],[-60.135347683624616,76.34809503287374],[-60.13540105111825,76.34814412234694],[-60.132748063169075,76.35019530600182],[-60.13569990805427,76.35177377196477],[-60.14082775450836,76.3526834628144],[-60.14781087527765,76.35341475105096],[-60.15269341550663,76.35390969591047],[-60.159453449823175,76.35326312676237],[-60.16563830139202,76.35211713401348],[-60.170962549998436,76.35021760906977],[-60.175314712151895,76.34945508141016]]],"type":"Polygon"},"id":"00000000000000000056_00000000000000000056","properties":{"area":1011138.4817599313,"elevation":978.780225102467,"id":"00000000000000000056","region":"NW","surface":0.0,"year":2018},"type":"Feature"},{"geometry":{"coordinates":[[[-59.71815409113904,76.35016409194716],[-59.71067627235025,76.3485409874324],[-59.70158862756642,76.34872826861553],[-59.695194442445164,76.34746183955382],[-59.68583461384516,76.34638273295003],[-59.6798681639857,76.34509407842721],[-59.67028546979051,76.34380985822108],[-59.66307992405348,76.34323905916007],[-59.65393872230659,76.34337733842943],[-59.646509723730404,76.342605893116],[-59.63797509924398,76.34329257750251],[-59.63804211245412,76.34355568122767],[-59.636597289308376,76.34573175290053],[-59.638657300236616,76.34780072231618],[-59.63647228295231,76.35012834700915],[-59.635562631845,76.35238019339907],[-59.642929155165966,76.35411926011562],[-59.652730094374064,76.35539016353918],[-59.66193377479458,76.35530094420349],[-59.670414870479725,76.35456521788396],[-59.675574007446286,76.35553284855206],[-59.68333291009307,76.35638896792119],[-59.69164931390489,76.35550163728266],[-59.6993142754247,76.35443588287434],[-59.707349960113945,76.35329879836597],[-59.71521560129269,76.35200564355542],[-59.71815409113904,76.35016409194716]]],"type":"Polygon"},"id":"00000000000000000058_00000000000000000058","properties":{"area":2177809.191925204,"elevation":1115.358629609831,"id":"00000000000000000058","region":"NW","surface":0.0,"year":2018},"type":"Feature"},{"geometry":{"coordinates":[[[-59.64325017626476,76.31403638789881],[-59.64309397034204,76.3128725997171],[-59.64051225687963,76.31094185777621],[-59.63928624204547,76.30962636261374],[-59.63189748873022,76.30804784227907],[-59.62345177174207,76.30776690354135],[-59.61548329153181,76.30751279359728],[-59.607474728961776,76.30886387290002],[-59.60097781700472,76.31076347465206],[-59.60340365264527,76.31296626467746],[-59.60667676161171,76.3151200042754],[-59.60422426737842,76.31741196497583],[-59.60346592192369,76.31960138310643],[-59.60068357547903,76.32159015282497],[-59.59218882764734,76.32291452834468],[-59.59088699587382,76.3248185445527],[-59.600429335232256,76.32567469451706],[-59.6099362071611,76.32567471470817],[-59.61644208464455,76.32377509012369],[-59.61380682168454,76.32179969849929],[-59.62027238137007,76.32027467317066],[-59.63042116233595,76.32045308143775],[-59.63830505354387,76.31857137592516],[-59.64065919922345,76.31660934168093],[-59.64243417106765,76.31473205558781],[-59.64325017626476,76.31403638789881]]],"type":"Polygon"},"id":"0000000000000000005a_0000000000000000005a","properties":{"area":1609900.1344496307,"elevation":1096.090190904502,"id":"0000000000000000005a","region":"NW","surface":0.0,"year":2018},"type":"Feature"},{"geometry":{"coordinates":[[[-57.267802357347925,75.9432933627206],[-57.26642436968829,75.94099692823994],[-57.26387375420781,75.93865145478635],[-57.25347521658413,75.93792909146768],[-57.243785469173325,75.93800044639815],[-57.24655044363544,75.94033699380482],[-57.24034757061879,75.94126895724845],[-57.23610715427245,75.94286975174712],[-57.232303266211375,75.94522417462618],[-57.22878518708059,75.94661991238212],[-57.22754550901922,75.94497895176053],[-57.227853287453186,75.94303034963872],[-57.23394873054848,75.942490779954],[-57.23362325474185,75.94085424953578],[-57.23922377968668,75.93873620382502],[-57.22993572805137,75.9390082212345],[-57.22141433096362,75.94039050870462],[-57.22118677593678,75.94089882973283],[-57.21596081414515,75.94343611833918],[-57.21677223137328,75.94587522631181],[-57.219969535112796,75.94818946198096],[-57.22973046301317,75.94971445277548],[-57.23995512747429,75.94972790409659],[-57.24501172016121,75.94852390592385],[-57.2540592749979,75.94721741753386],[-57.26133649487667,75.94545607358032],[-57.267802357347925,75.9432933627206]]],"type":"Polygon"},"id":"0000000000000000006c_0000000000000000006c","properties":{"area":1177429.8235525633,"elevation":1205.1490459824965,"id":"0000000000000000006c","region":"NW","surface":0.0,"year":2018},"type":"Feature"},{"geometry":{"coordinates":[[[-57.044432433159905,75.9692052205197],[-57.04439237158507,75.96760883322173],[-57.04413380742464,75.96602585984289],[-57.04322411020497,75.96447413210797],[-57.03759224234316,75.96504040086302],[-57.03045769058959,75.96442064222558],[-57.02417481866509,75.96424673938705],[-57.018493963509066,75.96476397673496],[-57.0133170179944,75.96403712630612],[-57.011729307986,75.96274399139142],[-57.00612460163377,75.96385876940948],[-57.00042130976304,75.96486653389772],[-56.99958722303093,75.96650746523629],[-56.99341147328927,75.96671704281349],[-56.987757287025374,75.96777830640437],[-56.99016091129179,75.96792988790024],[-56.99361207515131,75.96902243318773],[-56.99759404693243,75.97019511739],[-57.001527140291394,75.97131442007236],[-57.00673983529176,75.97181377062014],[-57.01211753971077,75.97302671331079],[-57.018775091516595,75.97361972860818],[-57.025262858151066,75.97350379106199],[-57.03147434761362,75.97307130327516],[-57.03674040264074,75.97208582449731],[-57.04230099068087,75.97091307725941],[-57.044432433159905,75.9692052205197]]],"type":"Polygon"},"id":"0000000000000000006e_0000000000000000006e","properties":{"area":1164091.2413216156,"elevation":1305.287278347061,"id":"0000000000000000006e","region":"NW","surface":0.0,"year":2018},"type":"Feature"},{"geometry":{"coordinates":[[[-57.05523255667268,75.9330375025207],[-57.052485782364116,75.93119582353381],[-57.04445024190789,75.93133854201999],[-57.044035559467254,75.93086139905915],[-57.035634610068904,75.9305805007425],[-57.02883449262368,75.93109773990066],[-57.0223912659934,75.93253358110208],[-57.014217665142965,75.93251573527264],[-57.00692254958673,75.93350121707428],[-56.99967199227576,75.93453570801478],[-56.99959641157113,75.93652447734715],[-57.00082272299117,75.9384418869248],[-57.004898183268125,75.93999810445915],[-57.00634279342368,75.94190662215357],[-57.01268365969095,75.94344943784175],[-57.021280882035924,75.94393999921854],[-57.02895063582668,75.9433781207204],[-57.03596931463787,75.942080504285],[-57.0393537853503,75.94025229948588],[-57.0446866394879,75.93909289094898],[-57.05032749786759,75.93802717247763],[-57.04422750431477,75.93779529240615],[-57.04983704741785,75.93618114514288],[-57.050010761693464,75.93457583426805],[-57.049471376362796,75.93421467841009],[-57.05523255667268,75.9330375025207]]],"type":"Polygon"},"id":"0000000000000000006f_0000000000000000006f","properties":{"area":1458951.5405873454,"elevation":1278.0453177310765,"id":"0000000000000000006f","region":"NW","surface":0.0,"year":2018},"type":"Feature"},{"geometry":{"coordinates":[[[-57.288893776475106,75.84192020490121],[-57.286552749461414,75.83928485362985],[-57.28242828141881,75.83895490680989],[-57.271766347893546,75.8396326729623],[-57.26935402225337,75.83970405716934],[-57.259392437481225,75.83990470473012],[-57.249337205414726,75.84126469398791],[-57.24203761931099,75.84192907043874],[-57.24624700578306,75.84286550054658],[-57.23659312987211,75.84315534494051],[-57.23442591953377,75.84172843493783],[-57.228838687091155,75.83948993654327],[-57.22712182237887,75.83704190623831],[-57.229636860569336,75.83454033920886],[-57.22816095387446,75.83313132684741],[-57.22355472944825,75.83199421957262],[-57.222640638068526,75.83248472688881],[-57.21872987219899,75.83545000276864],[-57.218908192571995,75.8381967891631],[-57.220593938165834,75.84086336143785],[-57.22873596710306,75.84318659425456],[-57.23963867237068,75.84481417670872],[-57.25062133393021,75.84500144249508],[-57.26175572105004,75.84484981091029],[-57.272890213695334,75.8447026558765],[-57.281255472914346,75.8432088430386],[-57.288893776475106,75.84192020490121]]],"type":"Polygon"},"id":"00000000000000000070_00000000000000000070","properties":{"area":1000076.082036197,"elevation":1163.1465019904203,"id":"00000000000000000070","region":"NW","surface":0.0,"year":2018},"type":"Feature"},{"geometry":{"coordinates":[[[-68.23624989942765,76.28412926697216],[-68.23202725935987,76.28361643967474],[-68.2275948649177,76.28396423123417],[-68.22271229537958,76.28357633984372],[-68.2174013423999,76.2834380311917],[-68.21280857704214,76.28369667460483],[-68.20906722618301,76.28418277306318],[-68.20495593393865,76.28470449368912],[-68.20511210134103,76.28515931215905],[-68.20601724929112,76.2862651593488],[-68.20803711243244,76.28725955163651],[-68.2100527079859,76.28825387992427],[-68.21005294276426,76.28935085206489],[-68.20713209413934,76.28980570678105],[-68.21015960302955,76.29001973607136],[-68.21446287677708,76.28984137724363],[-68.21658993002806,76.29077328628392],[-68.22062522250778,76.29129945885467],[-68.22466075592169,76.29073312229296],[-68.22431290716204,76.28956931863145],[-68.22731407271172,76.2895247579239],[-68.2316704125522,76.28913236854808],[-68.23522448317426,76.28830293413624],[-68.23593779397584,76.28723722987117],[-68.23429249178619,76.28620719729007],[-68.23389121512928,76.28525742818645],[-68.23624989942765,76.28412926697216]]],"type":"Polygon"},"id":"00000000000000000031_00000000000000000031","properties":{"area":495029.20878218213,"elevation":455.7120774477956,"id":"00000000000000000031","region":"NW","surface":0.0,"year":2018},"type":"Feature"},{"geometry":{"coordinates":[[[-54.962157350791124,74.94593963948145],[-54.958812811206684,74.945333215336],[-54.95870577733989,74.94444585087349],[-54.957328099657325,74.94349608101386],[-54.95462589643166,74.94419167437859],[-54.95368950467558,74.94461530766894],[-54.95277081156763,74.94433879021634],[-54.94966726259242,74.94371905407064],[-54.94587716948066,74.94389289920801],[-54.94200651544239,74.94394200301645],[-54.94134229652525,74.94295649651907],[-54.93705707548858,74.9423901754517],[-54.932892260563804,74.94200672510767],[-54.9295164446792,74.94279597027976],[-54.92898591797221,74.94345590289565],[-54.927518911528,74.94453505994719],[-54.92865610402186,74.94549819780667],[-54.92979296750657,74.94646135034681],[-54.93352081025189,74.94692955631356],[-54.93608038117767,74.94782582702607],[-54.94024508170021,74.94820935145573],[-54.94432531316569,74.9484679198309],[-54.94803505215721,74.9481691960331],[-54.951780691935205,74.94793731525255],[-54.95532595130492,74.94739329011576],[-54.95857221640779,74.9464212324342],[-54.962157350791124,74.94593963948145]]],"type":"Polygon"},"id":"00000000000000000000_00000000000000000000","properties":{"area":434677.0674660391,"elevation":1268.6872791220683,"id":"00000000000000000000","region":"NW","surface":0.0,"year":2018},"type":"Feature"},{"geometry":{"coordinates":[[[-54.14669009041649,73.80490470978953],[-54.142034931586615,73.80366954125655],[-54.1373306859891,73.80278218176551],[-54.13378550974447,73.80390140494895],[-54.12902777985384,73.80377208895527],[-54.12363667704878,73.80339312771399],[-54.12242357676542,73.80214009122737],[-54.12527760565668,73.80153364136662],[-54.129585092588435,73.80216682945897],[-54.134253678266724,73.8025726257094],[-54.13914532447746,73.80207764316889],[-54.13616224993242,73.80118133640102],[-54.13117689815744,73.80065071234641],[-54.125473879459285,73.79973664377786],[-54.121291079573965,73.79888940903332],[-54.116172121852195,73.79898303679288],[-54.11170393152749,73.80021374428792],[-54.11036185105029,73.801306194437],[-54.11045107192378,73.80274655448308],[-54.11222153598816,73.80411100180109],[-54.115913453756924,73.8053907572949],[-54.12153644110627,73.80617110461408],[-54.12716389569529,73.80695142885513],[-54.132479055404964,73.80719227787374],[-54.137486626010094,73.80689795639654],[-54.14203046720074,73.80580104674418],[-54.14669009041649,73.80490470978953]]],"type":"Polygon"},"id":"00000000000000000003_00000000000000000003","properties":{"area":583496.6674069519,"elevation":1254.6562999300986,"id":"00000000000000000003","region":"NW","surface":6.08235294117647,"year":2018},"type":"Feature"},{"geometry":{"coordinates":[[[-53.910714456855615,73.77346363041029],[-53.90901133841097,73.77305335949973],[-53.90721855342027,73.77292848775141],[-53.90550196774954,73.77293299037974],[-53.9037852551835,73.77294190547434],[-53.90191682828588,73.77267877858823],[-53.90027571881269,73.77282150427214],[-53.898331630506185,73.77242468199336],[-53.896503400732925,73.77222839609277],[-53.89478677626389,73.77223734276431],[-53.89314575405229,73.77237557492896],[-53.891576119551175,73.7726520297838],[-53.89008669130173,73.77305783815841],[-53.89015798096646,73.77319159994545],[-53.88922162574816,73.77371774949023],[-53.88876679770172,73.77421717402339],[-53.889029999531,73.77468537062467],[-53.890969738234844,73.77508227381783],[-53.89283799097956,73.77534534857932],[-53.89455490576199,73.77533642214729],[-53.89616006852159,73.77513132174698],[-53.89787676414229,73.77512243281204],[-53.89959351923166,73.77511788709572],[-53.901274756736264,73.77504213444456],[-53.90288004568224,73.77483702115303],[-53.90452087138489,73.77469429507033],[-53.90612608646936,73.77448915237083],[-53.9077669031511,73.77434651312187],[-53.90929655713947,73.77400318828667],[-53.910714456855615,73.77346363041029]]],"type":"Polygon"},"id":"00000000000000000004_00000000000000000004","properties":{"area":156779.7212628663,"elevation":1355.0496591349547,"id":"00000000000000000004","region":"NW","surface":0.0,"year":2018},"type":"Feature"},{"geometry":{"coordinates":[[[-57.97190339864173,75.92486837632556],[-57.96863474050932,75.92405679213827],[-57.96451892430878,75.9237893182681],[-57.960831325545826,75.92349947935456],[-57.95714823124531,75.92392753641083],[-57.95539140626999,75.92303123971833],[-57.95150307244815,75.9232497168362],[-57.94796690222967,75.92383387076653],[-57.94393126988666,75.92389183262235],[-57.940145520605505,75.92421284891326],[-57.93621277134284,75.92437787102708],[-57.932623094035044,75.92491294956366],[-57.9303935602006,75.92592073482008],[-57.92826660466494,75.92703547460279],[-57.93196313142885,75.92782473552496],[-57.93559719848916,75.92806107461826],[-57.937140117374625,75.92897075485159],[-57.94094361502953,75.9291446624791],[-57.94293715941503,75.92837323344833],[-57.946923475562116,75.92825731623714],[-57.95056213615628,75.92778014985043],[-57.95449495424535,75.92761519835186],[-57.958231602148956,75.92724064645992],[-57.96207087206934,75.9269686133997],[-57.96497839828658,75.92619716497784],[-57.968215719854584,75.92529644207654],[-57.97190339864173,75.92486837632556]]],"type":"Polygon"},"id":"00000000000000000005_00000000000000000005","properties":{"area":446560.20670296095,"elevation":1054.8421626674974,"id":"00000000000000000005","region":"NW","surface":0.0,"year":2018},"type":"Feature"},{"geometry":{"coordinates":[[[-57.65557034829701,75.9693122577731],[-57.65120918413166,75.96908038919966],[-57.647610726626255,75.9680904941119],[-57.641889728561296,75.96875936423844],[-57.639084928288106,75.96967790587888],[-57.641599852403566,75.97107810430118],[-57.63958880887825,75.97101114358999],[-57.63545064155569,75.96970015462453],[-57.62915444780371,75.96974476789762],[-57.62477566108215,75.97081048976158],[-57.6194648969072,75.97192529344032],[-57.613948777683575,75.97281710332744],[-57.614056123384316,75.97292857420224],[-57.615175236048806,75.9744090045381],[-57.61148733491598,75.97543459229335],[-57.613302454102204,75.97687491376256],[-57.61628098776277,75.9782482538327],[-57.62284026849975,75.97848459786736],[-57.62893167238973,75.9782125905794],[-57.634812897183764,75.97771764817305],[-57.63914291121056,75.97659398116267],[-57.6425449673039,75.97605442281704],[-57.64790495225728,75.97499316972589],[-57.65336735912399,75.97404783039286],[-57.65479882673883,75.97242917343645],[-57.65529813065365,75.97086397408978],[-57.65557034829701,75.9693122577731]]],"type":"Polygon"},"id":"00000000000000000006_00000000000000000006","properties":{"area":849544.4285467709,"elevation":1133.6586629645456,"id":"00000000000000000006","region":"NW","surface":0.0,"year":2018},"type":"Feature"},{"geometry":{"coordinates":[[[-59.14572591229102,76.273231235286],[-59.14513299425168,76.27139404748279],[-59.13873399136822,76.27172403015012],[-59.13411436045186,76.26970401698185],[-59.128825943030385,76.26959256321209],[-59.12545038966801,76.27150552251138],[-59.11730369173262,76.27124248996618],[-59.1196980718154,76.27328918752397],[-59.11911844541349,76.27423001690153],[-59.12003260520532,76.27615194033466],[-59.109607239590154,76.27629459675191],[-59.109513785092986,76.27854197399428],[-59.10597301019429,76.2800892391523],[-59.102521603503654,76.27767693396054],[-59.102668996877824,76.27505499218215],[-59.09610510369319,76.27437719199997],[-59.08833292190335,76.27617417720737],[-59.088439912948246,76.27691440328638],[-59.08443095666856,76.2797191966746],[-59.08575995022807,76.28225641584255],[-59.09714416202566,76.28259081850885],[-59.107252711062564,76.28172130491889],[-59.117201160168065,76.2807002364201],[-59.12677486507218,76.27932677624379],[-59.136344000603295,76.27795789351543],[-59.14511486877518,76.27583086644151],[-59.14572591229102,76.273231235286]]],"type":"Polygon"},"id":"00000000000000000007_00000000000000000007","properties":{"area":1149975.1602234598,"elevation":998.1381384195754,"id":"00000000000000000007","region":"NW","surface":0.0,"year":2018},"type":"Feature"},{"geometry":{"coordinates":[[[-58.808212114089294,76.28037910651322],[-58.8074005572984,76.27935352104846],[-58.80355696164765,76.2799956678736],[-58.79959270447809,76.28052184166143],[-58.7958694886152,76.28079829073485],[-58.79774214068885,76.28164108444835],[-58.7939518004033,76.28233667635928],[-58.789118383009814,76.28202452198424],[-58.78405259373806,76.28148945901347],[-58.78070380169357,76.28067342961462],[-58.77708766455056,76.28153853754488],[-58.77300760417073,76.2819532231376],[-58.76939127128248,76.28281827360472],[-58.769150338811976,76.2830680098757],[-58.76735790694506,76.28424070675854],[-58.77005555969442,76.28515482222531],[-58.77429185256766,76.28585933920331],[-58.77935721963073,76.28639890315087],[-58.78419532023359,76.28671105054057],[-58.78850740759,76.28651936022406],[-58.79276123085133,76.28626961702898],[-58.796319625132675,76.28535105283626],[-58.79887493865778,76.28442800263387],[-58.801197841146596,76.28328202781134],[-58.80262951286791,76.28224749509037],[-58.80641946713615,76.28155186187497],[-58.808212114089294,76.28037910651322]]],"type":"Polygon"},"id":"00000000000000000008_00000000000000000008","properties":{"area":451928.3566911578,"elevation":1109.5893780176086,"id":"00000000000000000008","region":"NW","surface":0.0,"year":2018},"type":"Feature"},{"geometry":{"coordinates":[[[-58.59438487435762,76.3305797052833],[-58.58965372419017,76.33037906088092],[-58.58561371290644,76.33084725713128],[-58.58209109513643,76.3315830062969],[-58.578514780662196,76.33226077496478],[-58.57476468773032,76.33277356473356],[-58.571014654183635,76.3332819217669],[-58.56748735238197,76.33425401100455],[-58.563099810769515,76.3343877599047],[-58.559224837344445,76.33502541275166],[-58.55740540036148,76.33619815335175],[-58.55677250590028,76.33729954580666],[-58.557806837520324,76.33831177452568],[-58.55978671080106,76.33926599884464],[-58.563193607260224,76.34014447783099],[-58.56798698004919,76.34040305695174],[-58.57191559120734,76.33982340763319],[-58.57562103778693,76.3390163095524],[-58.579607396045766,76.33849464101557],[-58.58359808046766,76.33796843144718],[-58.583990751696206,76.33687595599532],[-58.58734399344082,76.33573441192665],[-58.58655036382914,76.33471326644542],[-58.58704974101452,76.33396863911824],[-58.589568982034926,76.33299656729413],[-58.59233374504835,76.33177027615153],[-58.59438487435762,76.3305797052833]]],"type":"Polygon"},"id":"00000000000000000009_00000000000000000009","properties":{"area":547126.508964133,"elevation":1260.7583735518074,"id":"00000000000000000009","region":"NW","surface":0.0,"year":2018},"type":"Feature"},{"geometry":{"coordinates":[[[-60.573552448217185,76.33957374147815],[-60.57216563330286,76.33858822930667],[-60.56811687172539,76.3390162885857],[-60.56532536372064,76.33973868930397],[-60.56128082416907,76.3401667415087],[-60.55711613957221,76.34049228809037],[-60.55212647934718,76.34012220900019],[-60.54778324876785,76.34030058114126],[-60.54351165746291,76.34014891490351],[-60.539582912737686,76.34067958634695],[-60.536412477690625,76.34185230553283],[-60.5332465467138,76.34302946384916],[-60.53416083344128,76.34361363118715],[-60.53449059369696,76.34466599885546],[-60.53672475781018,76.34559797180269],[-60.54029199603183,76.34611525617062],[-60.54440315182077,76.34573619587758],[-60.54862588826411,76.3454597265973],[-60.552911248323305,76.34523234361772],[-60.554708250310306,76.34559792379662],[-60.558993603370155,76.34537053421231],[-60.559145001764826,76.34433603318607],[-60.56295756211724,76.34371175838544],[-60.565490454015276,76.34257471339099],[-60.56788944785221,76.34171850053676],[-60.57090377122163,76.34060819177216],[-60.573552448217185,76.33957374147815]]],"type":"Polygon"},"id":"0000000000000000000b_0000000000000000000b","properties":{"area":487685.80093250604,"elevation":873.8775212103318,"id":"0000000000000000000b","region":"NW","surface":0.0,"year":2018},"type":"Feature"},{"geometry":{"coordinates":[[[-56.48899795763935,75.56038146243283],[-56.48613957883403,75.56001580321119],[-56.48403061273002,75.56057321845407],[-56.48152003378596,75.56063561388166],[-56.47984786162342,75.56046173896101],[-56.47689157848435,75.55997569698678],[-56.4743319585795,75.55997566097606],[-56.47172338161408,75.55991767942521],[-56.4691684941715,75.55991772301779],[-56.467059249734106,75.56047511884064],[-56.46504825532986,75.56114840799334],[-56.462890141175734,75.56164338308012],[-56.46298817174607,75.56176375951878],[-56.463487636021185,75.56237913491643],[-56.46398675182245,75.56299003252371],[-56.464731724592134,75.56359202543688],[-56.46748719752646,75.56383730295937],[-56.47044800592977,75.56432330172935],[-56.473105693037446,75.56444374470038],[-56.47576340449034,75.56456415321742],[-56.47802399861739,75.56419401935696],[-56.48003064691262,75.56352066895617],[-56.48100733757271,75.56282955734405],[-56.48312556653063,75.56291422272308],[-56.485832053427025,75.56309702789162],[-56.48778964857259,75.56236134224794],[-56.48876613180976,75.56167011640777],[-56.48875716944601,75.5610325015183],[-56.48899795763935,75.56038146243283]]],"type":"Polygon"},"id":"0000000000000000000e_0000000000000000000e","properties":{"area":259300.28769681288,"elevation":1200.387331846331,"id":"0000000000000000000e","region":"NW","surface":0.0,"year":2018},"type":"Feature"},{"geometry":{"coordinates":[[[-56.35781564168971,75.3990155506696],[-56.35289728287485,75.39792305449612],[-56.348420309366986,75.39706686498675],[-56.34603471339375,75.3959743697268],[-56.3423871044796,75.39520297155397],[-56.34160222261517,75.39390093824011],[-56.33620708715055,75.39378944464957],[-56.33343762900222,75.39444049143665],[-56.33348226971198,75.39322758142634],[-56.33075789745615,75.39234473320373],[-56.32842572615595,75.39195230409258],[-56.32332026401313,75.39125223057546],[-56.31796933366402,75.391203170809],[-56.313354116890864,75.39207715713947],[-56.31524906761582,75.3931919697969],[-56.31748778838824,75.39441817316842],[-56.318994696316686,75.3956800997099],[-56.321964421803806,75.39687071679609],[-56.3249299334211,75.39806125492859],[-56.328385541244764,75.39922508523547],[-56.33422271083288,75.39988952591335],[-56.33792371742237,75.40103993737948],[-56.34293120055699,75.40066089097787],[-56.345071617428715,75.39984938187217],[-56.34911170387328,75.40079470407845],[-56.35387848200975,75.40010800314766],[-56.35781564168971,75.3990155506696]]],"type":"Polygon"},"id":"0000000000000000000f_0000000000000000000f","properties":{"area":660474.6714189429,"elevation":1197.4712205480282,"id":"0000000000000000000f","region":"NW","surface":0.0,"year":2018},"type":"Feature"},{"geometry":{"coordinates":[[[-56.436603434622945,75.3015306576493],[-56.43388810745708,75.3003311658164],[-56.42822922152971,75.29985402910792],[-56.42286504066133,75.29974701703239],[-56.419667777927415,75.29857429264426],[-56.41835686143228,75.29755314624668],[-56.42235659556194,75.29658553201197],[-56.42703866939481,75.29583190885997],[-56.43191259690489,75.29532806252138],[-56.433830154968696,75.29395464681784],[-56.42861730520182,75.29403046573944],[-56.42301211964992,75.29361575551842],[-56.41750538908844,75.29332589267774],[-56.41268039182573,75.29389217588113],[-56.408003002396846,75.29464133745599],[-56.40298212576898,75.29496239676472],[-56.39873686467355,75.29626444449991],[-56.39690848529196,75.29744165381192],[-56.39841588210851,75.29870362470255],[-56.40189849176384,75.29960876853646],[-56.40769966690729,75.30026868525533],[-56.41340742378781,75.30080827280977],[-56.418869669531695,75.30167776560081],[-56.4244792644891,75.30208805009157],[-56.42984798172063,75.30283711558654],[-56.435212342994824,75.30294423123947],[-56.436603434622945,75.3015306576493]]],"type":"Polygon"},"id":"00000000000000000010_00000000000000000010","properties":{"area":634072.8409862657,"elevation":1110.59890332827,"id":"00000000000000000010","region":"NW","surface":0.0,"year":2018},"type":"Feature"},{"geometry":{"coordinates":[[[-56.1016357649567,75.31855101583524],[-56.10101621541502,75.3177572959262],[-56.100400590073484,75.31695915603278],[-56.09929919599914,75.31618324633155],[-56.0967443045169,75.31548320855353],[-56.094193673837495,75.31477865067389],[-56.09100096012619,75.31487677648657],[-56.087473930668516,75.31454231150651],[-56.08475362437805,75.31525128900307],[-56.0819400059457,75.31583546046731],[-56.081890934775444,75.31609406011894],[-56.08008525508776,75.31701263614688],[-56.07997371358794,75.31784650941984],[-56.081561094680474,75.31859560717189],[-56.08314408368522,75.31934476902288],[-56.084726941503476,75.32009387247797],[-56.08558746854463,75.32087867775287],[-56.08872691488515,75.32136027787115],[-56.09225393043037,75.32169468462561],[-56.09582584399068,75.32209157202546],[-56.09873743866488,75.3216278392571],[-56.10160007441989,75.32110612353435],[-56.10146627220484,75.32028118801236],[-56.09789024957783,75.31988872665643],[-56.095674014038465,75.31929570882296],[-56.095201513373574,75.31868032091235],[-56.0987730993531,75.31907720150741],[-56.1016357649567,75.31855101583524]]],"type":"Polygon"},"id":"00000000000000000012_00000000000000000012","properties":{"area":352612.1721500946,"elevation":1205.5220505978345,"id":"00000000000000000012","region":"NW","surface":0.0,"year":2018},"type":"Feature"},{"geometry":{"coordinates":[[[-56.25073036380353,75.25498658856479],[-56.249727014807306,75.2533812583236],[-56.24312769401978,75.25326984172229],[-56.237250587173186,75.254076927459],[-56.23362958970745,75.25553500846283],[-56.23463298195813,75.25714031702303],[-56.22798906636281,75.25696640555776],[-56.22249095942272,75.25762632053811],[-56.224087244482966,75.25646254280382],[-56.22043969216707,75.25499099370835],[-56.21625277852725,75.254438077983],[-56.21404536117762,75.25289080810249],[-56.20778499556934,75.25288630508601],[-56.20788297217725,75.25301115190567],[-56.20551075094165,75.25478591757783],[-56.20747266966247,75.25634659136053],[-56.21064322670368,75.25784482182026],[-56.211401241672654,75.25946351138619],[-56.21288617842618,75.26104646952702],[-56.21933400636008,75.26225040750522],[-56.22598227088257,75.26242436628603],[-56.232679999268214,75.26266062225467],[-56.23673319691072,75.26143444214269],[-56.24165184605725,75.26003871546544],[-56.2463827830518,75.2583933569355],[-56.24980742050036,75.25668997432348],[-56.25073036380353,75.25498658856479]]],"type":"Polygon"},"id":"00000000000000000013_00000000000000000013","properties":{"area":839378.0494769644,"elevation":1069.6036159758646,"id":"00000000000000000013","region":"NW","surface":0.0,"year":2018},"type":"Feature"},{"geometry":{"coordinates":[[[-55.72454757611151,75.32042388812064],[-55.72163583170064,75.31954540683736],[-55.71759132110336,75.32018303577736],[-55.713943729938045,75.32067803397939],[-55.710786742881915,75.31980852523184],[-55.70642131634868,75.32001803281646],[-55.70219859605349,75.32041496254517],[-55.69751185763607,75.32019198627333],[-55.69342745338329,75.32077162781691],[-55.688968378485704,75.3208563985805],[-55.684879360462205,75.3214316571511],[-55.680745867375244,75.3219489217245],[-55.680839610704055,75.32207371678473],[-55.68069220268509,75.32322419822017],[-55.68054514639224,75.3243790829642],[-55.68477675011389,75.32500334049385],[-55.689275905734476,75.3249766258148],[-55.69400725851491,75.32526200115097],[-55.69855547953245,75.32529762420353],[-55.70305913235887,75.32527094874162],[-55.707375759602215,75.32500335397842],[-55.71151366842457,75.32448612509816],[-55.71578559052557,75.32415164735896],[-55.719022723775616,75.32310820224521],[-55.71625808671016,75.32209604085182],[-55.71849661541536,75.32173040187702],[-55.7205075279026,75.32106150330867],[-55.72454757611151,75.32042388812064]]],"type":"Polygon"},"id":"00000000000000000014_00000000000000000014","properties":{"area":528751.4596574432,"elevation":1294.065872906945,"id":"00000000000000000014","region":"NW","surface":0.0,"year":2018},"type":"Feature"},{"geometry":{"coordinates":[[[-55.53663209667325,75.37200231379396],[-55.535758245148635,75.3711550571406],[-55.53253886801219,75.37053969512561],[-55.52971138297381,75.36978612543264],[-55.52612644161913,75.3696969361699],[-55.52258145891295,75.36967460892215],[-55.5193576620667,75.3700804311226],[-55.51693188290893,75.37089196872417],[-55.51329771958133,75.37074478073616],[-55.509935482813525,75.37096774913178],[-55.50702354902521,75.37180162437423],[-55.503978158889275,75.37245261448886],[-55.503942452306326,75.37309030254808],[-55.50311292539946,75.37402223907536],[-55.50374620440129,75.37488285939942],[-55.50656882514442,75.37564085779499],[-55.51047495332394,75.37615820337884],[-55.513614194085335,75.37562750980142],[-55.514903046545406,75.37601545160662],[-55.518764612319394,75.37647028013272],[-55.521190208433886,75.37565424390087],[-55.5240529387074,75.37475804638838],[-55.5251545142483,75.37419616812613],[-55.528516499605104,75.3739731617391],[-55.5315176073355,75.37325978738332],[-55.5348352568944,75.3729788167296],[-55.53663209667325,75.37200231379396]]],"type":"Polygon"},"id":"00000000000000000015_00000000000000000015","properties":{"area":445161.54886526556,"elevation":1378.599215246637,"id":"00000000000000000015","region":"NW","surface":0.0,"year":2018},"type":"Feature"},{"geometry":{"coordinates":[[[-55.95513221041745,75.19634938564434],[-55.955007343211186,75.19552890760508],[-55.95344208094687,75.19477534393359],[-55.95014227926445,75.19436952373789],[-55.948398744984225,75.19502503326473],[-55.9461157280089,75.19431155995198],[-55.94271356065696,75.1940975139498],[-55.93912845224534,75.19363822904177],[-55.9368586452735,75.19425808486605],[-55.934339287783864,75.19521228292801],[-55.93112417317022,75.19524352072251],[-55.92852907313725,75.19543524488522],[-55.926245966308564,75.19472183270122],[-55.923401114251995,75.19524348322261],[-55.92349472561216,75.19536391714958],[-55.92361969135208,75.19618880935508],[-55.9268615811641,75.19685326265295],[-55.93010751147751,75.1975221220324],[-55.93336727661891,75.19755336452558],[-55.936613363100754,75.1982221891104],[-55.93978390801091,75.19812857470356],[-55.94313731534044,75.19828015435637],[-55.94621408166331,75.19806612840748],[-55.949429057256815,75.19803042568108],[-55.95074439175696,75.19713861051356],[-55.949901612727636,75.1963538512268],[-55.9518234788811,75.19626016427844],[-55.95513221041745,75.19634938564434]]],"type":"Polygon"},"id":"00000000000000000016_00000000000000000016","properties":{"area":289038.08948378207,"elevation":1128.7762060256646,"id":"00000000000000000016","region":"NW","surface":0.0,"year":2018},"type":"Feature"},{"geometry":{"coordinates":[[[-55.703875098500625,75.15130350183101],[-55.70161892743297,75.15026454210728],[-55.6981720181863,75.1492880004529],[-55.69592008803778,75.14824906902639],[-55.693427494701375,75.14722790774114],[-55.691505633419695,75.14630047168636],[-55.686845870970615,75.14569846697165],[-55.68307811754573,75.14664822671844],[-55.68413038790922,75.14774069343817],[-55.68304229394559,75.14861912794737],[-55.68174909142989,75.14753563918771],[-55.67739260643392,75.14768274082398],[-55.67748167398202,75.14780763254606],[-55.676139565599726,75.14901601273583],[-55.679827256365826,75.14998360063733],[-55.683733376154095,75.14922116423952],[-55.68330071668449,75.15032699260409],[-55.68603440839858,75.15133921344831],[-55.68588718930532,75.15248964890574],[-55.68837979733518,75.15351527900032],[-55.688237030944855,75.1546657089893],[-55.6904891453965,75.15570466008079],[-55.695117361912246,75.15592318448861],[-55.69718199591029,75.15467906697296],[-55.69780185425731,75.15350637815233],[-55.70148523041716,75.15243615648707],[-55.703875098500625,75.15130350183101]]],"type":"Polygon"},"id":"0000000000000000001a_0000000000000000001a","properties":{"area":434486.4405314998,"elevation":1132.5874126468636,"id":"0000000000000000001a","region":"NW","surface":0.0,"year":2018},"type":"Feature"},{"geometry":{"coordinates":[[[-54.88224120980757,75.0145384488877],[-54.881353635644736,75.01394540258363],[-54.8809391236486,75.01333003393988],[-54.87981092178083,75.01274587717036],[-54.87891925609424,75.01215279833548],[-54.87629261518661,75.01188975585079],[-54.873951677343605,75.01205918855958],[-54.8716954626255,75.01234902523537],[-54.8691090857697,75.01214833547142],[-54.866728130124464,75.01225539443944],[-54.86418627173377,75.01211710834227],[-54.86180507171946,75.01222417719168],[-54.85967367300957,75.01270128967806],[-54.85968256847236,75.01308030416057],[-54.86057425556629,75.0136778550152],[-54.86146179167275,75.01427089833057],[-54.86211282001551,75.01487731458046],[-54.86300474159841,75.01547036809922],[-54.865082557471105,75.01600998483906],[-54.86733885722875,75.01572013911738],[-54.870054458952346,75.01610354254701],[-54.87255597506465,75.01618388365765],[-54.874732025683535,75.01576473594918],[-54.87723368991771,75.01584494736213],[-54.87961489702476,75.01573795045435],[-54.88170609189738,75.01519834138179],[-54.88224120980757,75.0145384488877]]],"type":"Polygon"},"id":"0000000000000000001e_0000000000000000001e","properties":{"area":232517.20339509821,"elevation":1325.003223776116,"id":"0000000000000000001e","region":"NW","surface":0.0,"year":2018},"type":"Feature"},{"geometry":{"coordinates":[[[-54.27744420696198,74.16471406185431],[-54.27568746912471,74.1643662483133],[-54.27407793820711,74.1642681188041],[-54.27256617611945,74.16433504517921],[-54.27090726572941,74.16415668127445],[-54.269346739483254,74.16414328205629],[-54.267687896478904,74.16396046461375],[-54.26627444893212,74.16419231977672],[-54.26481159787555,74.16434395499556],[-54.26344746619277,74.1646605380615],[-54.261984767219666,74.16480765603413],[-54.2604729427272,74.16487459958482],[-54.2590595653226,74.16510644518002],[-54.257797602094215,74.16558799987568],[-54.257641727553704,74.16584664496516],[-54.25819004452247,74.16624802805865],[-54.25843527538172,74.16666272210126],[-54.25959021921015,74.16703279382625],[-54.26134712304311,74.16737614634553],[-54.26305942547367,74.16763921290548],[-54.2646691679769,74.16773732210719],[-54.266180571033686,74.16767043805949],[-54.267741376508454,74.16768829039188],[-54.26920402075124,74.16753665731238],[-54.270568498133635,74.16722008210054],[-54.27203085715822,74.16707292048484],[-54.27329301160448,74.16659136329919],[-54.274559336117996,74.16611418269069],[-54.27582586804117,74.165632614573],[-54.27708781816988,74.16515102841025],[-54.27744420696198,74.16471406185431]]],"type":"Polygon"},"id":"0000000000000000002a_0000000000000000002a","properties":{"area":168806.8958713622,"elevation":1391.1421660557492,"id":"0000000000000000002a","region":"NW","surface":0.0,"year":2018},"type":"Feature"},{"geometry":{"coordinates":[[[-54.18301392281428,74.19304716502643],[-54.182064238044866,74.19249870554572],[-54.17960263983488,74.19201266778035],[-54.1772395633983,74.19169163378817],[-54.17506781183301,74.19170498618536],[-54.17280275630888,74.19154895558158],[-54.17072934465091,74.19172729556361],[-54.16846386563571,74.19157123437508],[-54.16643947692822,74.19182986880425],[-54.16437052183146,74.19200372371132],[-54.162493303166926,74.19251212404102],[-54.16218117182206,74.19303383611211],[-54.16221683081707,74.19362687268041],[-54.163166646646424,74.19417533737216],[-54.163813139086315,74.19474165515014],[-54.16415205750823,74.19531689979745],[-54.16510196789624,74.1958697770941],[-54.167563214331,74.19635579188052],[-54.16983272793373,74.19650744925269],[-54.17175924613914,74.19608386350652],[-54.173636542938375,74.19557991603595],[-54.17550931760399,74.19507162962641],[-54.17743578598117,74.19464802873853],[-54.17926397389404,74.19405941973497],[-54.1812348214032,74.19372053045397],[-54.18301392281428,74.19304716502643]]],"type":"Polygon"},"id":"0000000000000000002b_0000000000000000002b","properties":{"area":230642.80597750342,"elevation":1415.6159843137252,"id":"0000000000000000002b","region":"NW","surface":4.290196078431372,"year":2018},"type":"Feature"},{"geometry":{"coordinates":[[[-66.35207029757841,76.42609368942554],[-66.35065680394817,76.42524641021159],[-66.34829321512069,76.42448392390747],[-66.34378519261426,76.42427875282044],[-66.3392012237428,76.42403351718265],[-66.33932620042748,76.42489413071526],[-66.3426838268821,76.4254649064691],[-66.33919241777147,76.42547384092373],[-66.33655270013321,76.42494316511262],[-66.3355226144269,76.4240602892927],[-66.33201764259812,76.42340484524073],[-66.32795536001753,76.42346724502622],[-66.32515965629662,76.42428768831708],[-66.32495889194065,76.42456412582916],[-66.32466012173093,76.42557196729986],[-66.3232554703217,76.42657521713204],[-66.3231485639847,76.42756513647772],[-66.32646149228967,76.42823844756163],[-66.33073776364752,76.42856845505625],[-66.33405556980908,76.42805563145428],[-66.3381844750467,76.42829645326886],[-66.34164941499513,76.4278728545063],[-66.34462783257281,76.42847927300285],[-66.34831133712095,76.42844802132508],[-66.35177579078717,76.42802889063033],[-66.35120060742803,76.42715491683786],[-66.35207029757841,76.42609368942554]]],"type":"Polygon"},"id":"00000000000000000034_00000000000000000034","properties":{"area":324485.3542037499,"elevation":676.3177557319724,"id":"00000000000000000034","region":"NW","surface":0.0,"year":2018},"type":"Feature"},{"geometry":{"coordinates":[[[-58.513403092931426,76.03099498674396],[-58.5110976962347,76.03065163042733],[-58.50901525686369,76.0305357293552],[-58.506990996140445,76.03047770820598],[-58.50567118289105,76.03013881755342],[-58.50347722739131,76.02990693037371],[-58.501617663771704,76.03001844278857],[-58.499481989181454,76.02984453063337],[-58.49773380433473,76.03006307785391],[-58.49620863900493,76.03050895644938],[-58.49468367164803,76.03095486383158],[-58.493051868721174,76.03128480513983],[-58.49152672967757,76.031730687069],[-58.4916293488416,76.03207856719851],[-58.49253886395997,76.03250219342871],[-58.49484430623907,76.03284103386238],[-58.49633805522879,76.03311307512985],[-58.49841153896791,76.03346529933428],[-58.50060565680585,76.03369719664076],[-58.50252285763012,76.03364366218355],[-58.504266364987984,76.03342517073476],[-58.50596075055871,76.03314876358351],[-58.50787382081806,76.0330952058294],[-58.509786895390626,76.03304615734247],[-58.51125828135132,76.03254234327491],[-58.51127614186974,76.03206959779772],[-58.512221563128236,76.03153897188557],[-58.513403092931426,76.03099498674396]]],"type":"Polygon"},"id":"00000000000000000036_00000000000000000036","properties":{"area":164392.73109170824,"elevation":1007.5820040097631,"id":"00000000000000000036","region":"NW","surface":0.0,"year":2018},"type":"Feature"},{"geometry":{"coordinates":[[[-58.278912210367864,76.09324851199531],[-58.27048911633581,76.09396198989538],[-58.26659207997864,76.09602206192896],[-58.26583839877296,76.09801977510055],[-58.26421967584574,76.09989252893786],[-58.25540832741677,76.10021359123469],[-58.25498045708895,76.09851912030936],[-58.24943773452023,76.09764513584945],[-58.24321269251634,76.099598281677],[-58.24402434874784,76.1016850700648],[-58.25051230009323,76.10327700223598],[-58.249045311006384,76.1055511210071],[-58.25435623091233,76.10744628832751],[-58.255457453623634,76.10957775667747],[-58.26126773856665,76.11096892240026],[-58.2693698415049,76.10991664368139],[-58.27375310292069,76.10759341206071],[-58.27287934823141,76.10544859969865],[-58.268973000914215,76.10448545565815],[-58.26459870596493,76.10455233737736],[-58.267358672225704,76.10309421062092],[-58.270337630477194,76.10085127832933],[-58.2713362508384,76.09859940876862],[-58.272049848663954,76.09731525100334],[-58.276401896618715,76.09546463625122],[-58.278912210367864,76.09324851199531]]],"type":"Polygon"},"id":"00000000000000000037_00000000000000000037","properties":{"area":818243.0819625839,"elevation":1149.4525638567757,"id":"00000000000000000037","region":"NW","surface":0.0,"year":2018},"type":"Feature"},{"geometry":{"coordinates":[[[-58.52695438953875,75.971653314258],[-58.52628544216836,75.97098438149625],[-58.52677610784443,75.97023971141616],[-58.525411401695514,75.96961102738402],[-58.522027097935336,75.96915615565827],[-58.52268242701526,75.96858095943618],[-58.51963692025054,75.96822426825969],[-58.518343867890565,75.96889311110976],[-58.52069383665836,75.96928998514454],[-58.51793789126849,75.96897780444593],[-58.51726931365243,75.96830449753391],[-58.514214641796876,75.96818407481283],[-58.51171745097567,75.96862554301413],[-58.50889062553653,75.96873254113956],[-58.50655828491313,75.96934343318954],[-58.506299744397495,75.97007025605974],[-58.50673218792426,75.97075697724598],[-58.508328783596326,75.97137683444141],[-58.50922510595068,75.97203674735856],[-58.51186022443533,75.97247816768646],[-58.51427715716493,75.97269225878094],[-58.51738071446525,75.97310251375552],[-58.520488554241496,75.9732763579716],[-58.52320861082358,75.97306236232508],[-58.52554084508891,75.97245141039272],[-58.52695438953875,75.971653314258]]],"type":"Polygon"},"id":"00000000000000000038_00000000000000000038","properties":{"area":229988.0594632565,"elevation":951.8575675590647,"id":"00000000000000000038","region":"NW","surface":0.0,"year":2018},"type":"Feature"},{"geometry":{"coordinates":[[[-58.08654682231228,76.12478330737477],[-58.07873888610865,76.12462277400374],[-58.07743225426985,76.12327607856116],[-58.06941051613541,76.1228925937197],[-58.07591198190354,76.12170200929928],[-58.066801999923605,76.12096628580372],[-58.06549984231598,76.12293279184902],[-58.06265059572113,76.12279448535965],[-58.057963851953325,76.12382453102686],[-58.06152671519196,76.125465522081],[-58.05848108023211,76.12563496003605],[-58.0521806046023,76.12397171983882],[-58.05231413226158,76.12206764580827],[-58.05795044494111,76.12074776844422],[-58.06104503672945,76.11909346391062],[-58.05318834451951,76.11965083626254],[-58.04571017777297,76.12059615768294],[-58.038829979240845,76.12216577108643],[-58.03878095983004,76.1228792659991],[-58.0373452486433,76.1249705366322],[-58.04340933120399,76.12665165181488],[-58.05253708868847,76.12791802978987],[-58.061214729364,76.12820787976472],[-58.06934821496249,76.12793137168522],[-58.077262846952415,76.12743200022535],[-58.08468295619103,76.12642424841707],[-58.08654682231228,76.12478330737477]]],"type":"Polygon"},"id":"00000000000000000039_00000000000000000039","properties":{"area":741728.6792011242,"elevation":1242.792577985867,"id":"00000000000000000039","region":"NW","surface":0.0,"year":2018},"type":"Feature"},{"geometry":{"coordinates":[[[-58.47995984884631,75.96104950349984],[-58.479923993767045,75.96051890992936],[-58.477342383488434,75.96013541378228],[-58.474876575842444,75.95986343815592],[-58.47240626179376,75.95959137659635],[-58.47032834099929,75.95971179685867],[-58.46830363255039,75.95989018065423],[-58.46660948520867,75.96040297026136],[-58.46654241547136,75.96058581332132],[-58.46572189935864,75.96098707186627],[-58.4645448403747,75.96153108455368],[-58.46481217567309,75.9620483996694],[-58.46461613107122,75.96259687447878],[-58.46465177801082,75.96312750345933],[-58.46422808857465,75.96368485225504],[-58.464263729469316,75.96421547855326],[-58.465454246921944,75.96468370059532],[-58.46757263250123,75.96509393487499],[-58.46992700040167,75.96525444861086],[-58.472397398747894,75.96552200014467],[-58.474479573803144,75.96540157409743],[-58.476285686534794,75.96500030924821],[-58.477864012657555,75.96437597876172],[-58.4771371896543,75.96388547334084],[-58.47732908978745,75.96333705411955],[-58.47845280375941,75.96273956066328],[-58.47910830815131,75.96216874021334],[-58.47930433608561,75.961624743785],[-58.47995984884631,75.96104950349984]]],"type":"Polygon"},"id":"0000000000000000003a_0000000000000000003a","properties":{"area":208958.73100875402,"elevation":953.7075338143237,"id":"0000000000000000003a","region":"NW","surface":0.0,"year":2018},"type":"Feature"},{"geometry":{"coordinates":[[[-58.38121743546824,75.9672521420316],[-58.380423948840146,75.96694445623244],[-58.37737381060184,75.9680681722506],[-58.37527791459022,75.96718082898902],[-58.3709081514011,75.96695787777529],[-58.369539057900006,75.96780949393249],[-58.36800519273013,75.96848734582214],[-58.36707337733853,75.967533064783],[-58.366832409688314,75.96653863732485],[-58.363813427566456,75.96570484843231],[-58.36220852390874,75.96556212901345],[-58.35865895980464,75.96618193937867],[-58.35489115175126,75.96657436103732],[-58.354293405214996,75.96696674964375],[-58.35314313861807,75.96804141334336],[-58.35333041034205,75.96897783575676],[-58.35040503217478,75.96974029759654],[-58.350877896477954,75.97072135601925],[-58.35088683956504,75.97172908983478],[-58.35448972058752,75.972411285679],[-58.358534127172454,75.9722953646072],[-58.36257853212506,75.97217947991655],[-58.36590941140975,75.97133671166128],[-58.36973083182316,75.97099777106696],[-58.373061897594106,75.97015500535306],[-58.376388406684015,75.96930775008997],[-58.37880507622193,75.96828221549589],[-58.38121743546824,75.9672521420316]]],"type":"Polygon"},"id":"0000000000000000003b_0000000000000000003b","properties":{"area":364737.5256373245,"elevation":995.0780779567177,"id":"0000000000000000003b","region":"NW","surface":0.0,"year":2018},"type":"Feature"},{"geometry":{"coordinates":[[[-58.38116409124934,75.9544857078288],[-58.37792225066058,75.95242114516458],[-58.375478675609244,75.95042796549602],[-58.37072981310663,75.94856850968445],[-58.37453774886741,75.94722188830099],[-58.36722041302171,75.9472263256505],[-58.36305576119134,75.94521527711582],[-58.36316249357848,75.94307491804312],[-58.36338568542901,75.94080967173309],[-58.36541017520337,75.93938722264208],[-58.36526275214353,75.93773292511199],[-58.36664072351221,75.93540073925364],[-58.368941789953624,75.93301513888632],[-58.36210595326549,75.9327565444212],[-58.36137915270917,75.93351011086624],[-58.357459434526056,75.93598935564651],[-58.35446300683553,75.93841960435974],[-58.351925570884745,75.9408185902121],[-58.35170275111227,75.94308380182075],[-58.35216654812991,75.9453089215908],[-58.35286653720056,75.94752065435902],[-58.35541276419396,75.94962975157529],[-58.36236453405184,75.9512439876098],[-58.36622156395513,75.95244346785378],[-58.371117581319275,75.95370094186944],[-58.372767480818645,75.95538647853243],[-58.38116409124934,75.9544857078288]]],"type":"Polygon"},"id":"0000000000000000003d_0000000000000000003d","properties":{"area":789368.1963538295,"elevation":964.745236349888,"id":"0000000000000000003d","region":"NW","surface":0.0,"year":2018},"type":"Feature"},{"geometry":{"coordinates":[[[-57.847770903019715,76.06240488749305],[-57.84667385767858,76.06098688920844],[-57.84221480204792,76.06016643580065],[-57.839561633443694,76.05995684022554],[-57.84114002460658,76.0585076598649],[-57.83666298155463,76.05923003604256],[-57.83203906413736,76.06030916299073],[-57.829011579363886,76.0597071334232],[-57.82282662013746,76.05939504008211],[-57.817199183720376,76.05993904228403],[-57.81533522282351,76.06134362428392],[-57.810029023750275,76.0622265437967],[-57.80944490141182,76.06290881529603],[-57.80809826034504,76.06434458581825],[-57.813458096502394,76.06482178119899],[-57.81493399679557,76.06586511519292],[-57.81486254686949,76.06735001262368],[-57.81818458028201,76.06852726970324],[-57.821743076861424,76.0696910450318],[-57.82633136068757,76.07038666949674],[-57.831695830894375,76.06956175696979],[-57.833399240519825,76.06798771374922],[-57.83440678597901,76.06645374165953],[-57.83781381672799,76.0653790984752],[-57.84316905635714,76.06455417100192],[-57.843579264296174,76.06316741144111],[-57.847770903019715,76.06240488749305]]],"type":"Polygon"},"id":"00000000000000000040_00000000000000000040","properties":{"area":798184.3378983034,"elevation":1225.0578311793588,"id":"00000000000000000040","region":"NW","surface":0.0,"year":2018},"type":"Feature"},{"geometry":{"coordinates":[[[-58.060938142383364,75.94725750822842],[-58.05744655245323,75.94691861018337],[-58.05790606847969,75.94612494374792],[-58.05651463449311,75.94543376509868],[-58.05324165122304,75.94532229992221],[-58.04991075745682,75.94515280053218],[-58.04747181406341,75.9454070037679],[-58.04435923118855,75.94546496937873],[-58.041193276696504,75.94546496975629],[-58.03834389790062,75.94503243897614],[-58.03508435223699,75.9446846543592],[-58.03261375246915,75.94541593780096],[-58.029978549966664,75.94597781195912],[-58.03003212482814,75.94603577530603],[-58.030727759728435,75.94676705320926],[-58.031427864956115,75.94749382426684],[-58.03466510636811,75.94808246692412],[-58.036644881299516,75.94862203813592],[-58.03954773271328,75.94911253798833],[-58.04250418121511,75.94888509322307],[-58.0452955798378,75.94849272806871],[-58.04819851714282,75.94821173864074],[-58.05109685784696,75.9479264160266],[-58.05353591027479,75.9476722485159],[-58.056510108602716,75.94797993567448],[-58.059729756801914,75.94803346906163],[-58.060938142383364,75.94725750822842]]],"type":"Polygon"},"id":"00000000000000000041_00000000000000000041","properties":{"area":249642.39336506053,"elevation":1079.8906835545997,"id":"00000000000000000041","region":"NW","surface":0.0,"year":2018},"type":"Feature"},{"geometry":{"coordinates":[[[-66.35629293514353,76.68212186770967],[-66.35241816328224,76.68129246121818],[-66.34852974312123,76.68093123897803],[-66.3467953051445,76.67991011797135],[-66.34144403203346,76.67977635801047],[-66.33672224053069,76.68001267105922],[-66.33213807612611,76.68032924374248],[-66.32827222573628,76.68034711290981],[-66.32305941282253,76.68029810371536],[-66.31836394111586,76.67982096330269],[-66.31524244330036,76.68076629573982],[-66.31150130326385,76.68133708194964],[-66.31275874434971,76.68183643675201],[-66.3160094360297,76.68121664504959],[-66.31632148305201,76.68236709267049],[-66.31823452396416,76.683374850776],[-66.32067819201289,76.68433803710155],[-66.32419640494886,76.68520309922074],[-66.32846379151991,76.68481959415124],[-66.32985059220404,76.68478838305128],[-66.33450603111459,76.68451190261233],[-66.3395803714645,76.68448069076153],[-66.34430271726254,76.68424435392434],[-66.34986281335482,76.68449855361105],[-66.35500437564446,76.68450745122557],[-66.35607434528505,76.68332581982577],[-66.35629293514353,76.68212186770967]]],"type":"Polygon"},"id":"00000000000000000042_00000000000000000042","properties":{"area":473208.1210729092,"elevation":1109.6793184055114,"id":"00000000000000000042","region":"NW","surface":0.0,"year":2018},"type":"Feature"},{"geometry":{"coordinates":[[[-66.23637884216058,76.69057184784474],[-66.2346307802973,76.69001893459294],[-66.2321247684583,76.68963100346889],[-66.22883412060143,76.68949721602326],[-66.2258150865996,76.68953287485678],[-66.22300593624061,76.68968897581188],[-66.22012542851509,76.68980490916516],[-66.21875215720506,76.69044701542737],[-66.21570180449586,76.69034444119552],[-66.21351710374704,76.69087058197769],[-66.21139444077224,76.69143688537162],[-66.21077021381795,76.69191398395856],[-66.2107793616564,76.6925293729223],[-66.21146130772199,76.69317591716775],[-66.20939228688577,76.69340784938453],[-66.20971787552426,76.69408559390172],[-66.2132184372425,76.69433975760661],[-66.21561282130105,76.69393848968994],[-66.21815009514995,76.69361741037096],[-66.2203349880621,76.69309123569138],[-66.2220382989051,76.69227971155287],[-66.2248520007408,76.69211911078933],[-66.22772819533724,76.69200322805453],[-66.229551874285,76.69174905834745],[-66.23222316875885,76.69150824664092],[-66.23356970852782,76.6907278884951],[-66.23637884216058,76.69057184784474]]],"type":"Polygon"},"id":"00000000000000000043_00000000000000000043","properties":{"area":185215.31485156415,"elevation":1142.6716329081278,"id":"00000000000000000043","region":"NW","surface":0.0,"year":2018},"type":"Feature"},{"geometry":{"coordinates":[[[-65.94310824513173,76.66845913623877],[-65.94116411396871,76.66679591600347],[-65.93258030101195,76.66642132852006],[-65.92626195930197,76.6671659951934],[-65.92437549474869,76.66836997930274],[-65.91810603382116,76.66939555223304],[-65.91210844901667,76.67058172269361],[-65.9065347513111,76.67178116203102],[-65.9013666859862,76.67223605760933],[-65.89662658286589,76.67368969645285],[-65.89014758832371,76.67459039535804],[-65.88394488552035,76.67565168993244],[-65.88108202264218,76.67651676623366],[-65.88227281993696,76.67674416477666],[-65.88140764555955,76.67695820067462],[-65.88849307926061,76.67803282598575],[-65.89551625768786,76.67746211065665],[-65.898651126675,76.67775195104012],[-65.90317268207598,76.6764097110895],[-65.90793494780779,76.67570967766234],[-65.91481969342324,76.67505419677565],[-65.92201691484499,76.67508090084313],[-65.92785798298723,76.67404644537024],[-65.93501493766087,76.67355595026025],[-65.94012510721278,76.67183468759288],[-65.93942484670995,76.67006000220499],[-65.94310824513173,76.66845913623877]]],"type":"Polygon"},"id":"00000000000000000044_00000000000000000044","properties":{"area":831580.4009554499,"elevation":1167.312930173909,"id":"00000000000000000044","region":"NW","surface":0.0,"year":2018},"type":"Feature"},{"geometry":{"coordinates":[[[-65.57847848490105,77.76524193305016],[-65.57815742463114,77.76476036488502],[-65.5764497184083,77.76439473599068],[-65.57682412652315,77.76385962524056],[-65.57789451717842,77.76327103377538],[-65.57688230228841,77.7628474328068],[-65.57447888904716,77.76253526299115],[-65.57169647104395,77.76230785602007],[-65.56909222084165,77.76217855065316],[-65.56717908189772,77.76244163734505],[-65.56501223683424,77.7625575517574],[-65.56353621433135,77.76307038125674],[-65.5633044782009,77.7635340891254],[-65.5626933690042,77.7640870728438],[-65.56324629550205,77.76454636126365],[-65.56309921855167,77.76506361818936],[-65.5629566917217,77.76558083112775],[-65.56350480153824,77.76604012498822],[-65.5642898179109,77.76648158305191],[-65.56692526074131,77.7667758798536],[-65.56944435678278,77.76685614856473],[-65.57179000148687,77.7668383314539],[-65.5740507422069,77.76677144887131],[-65.57552652697187,77.76625864786108],[-65.57717671791039,77.7658484170182],[-65.57847848490105,77.76524193305016]]],"type":"Polygon"},"id":"00000000000000000045_00000000000000000045","properties":{"area":151979.8558432516,"elevation":1094.8469206544646,"id":"00000000000000000045","region":"NW","surface":0.0,"year":2018},"type":"Feature"},{"geometry":{"coordinates":[[[-68.72872652745421,77.89779321793482],[-68.72807551110463,77.89710198393568],[-68.72559635413509,77.89658034656902],[-68.72176574021815,77.8962681567359],[-68.71912178826366,77.89576428788878],[-68.71776606542223,77.89634842374848],[-68.71625906684284,77.89686120736079],[-68.71365921340075,77.89684789657731],[-68.7108811262548,77.89656689337262],[-68.7081877864881,77.89660708405454],[-68.70621256631625,77.89603628136247],[-68.7025694111654,77.89562602144808],[-68.69994308312727,77.89607643422565],[-68.7000277377574,77.89640192326286],[-68.70133866333057,77.89702623914738],[-68.70248912872545,77.89767279754045],[-68.70247120294155,77.89842189151764],[-68.70528049092235,77.89891244640323],[-68.70711756848435,77.8994073668593],[-68.70968607515381,77.89988008732314],[-68.71333794847439,77.89991573574054],[-68.71669144033913,77.90019218654382],[-68.72033913342887,77.900227860965],[-68.72318838029352,77.89988450355062],[-68.72574326542095,77.8993984563747],[-68.72771419597674,77.89863150381849],[-68.72872652745421,77.89779321793482]]],"type":"Polygon"},"id":"00000000000000000046_00000000000000000046","properties":{"area":224478.73598369648,"elevation":964.8391842846218,"id":"00000000000000000046","region":"NW","surface":0.0,"year":2018},"type":"Feature"},{"geometry":{"coordinates":[[[-61.62932487118148,76.49271705151456],[-61.62896829749406,76.4920526633841],[-61.62570394932691,76.49181633013522],[-61.624861204655815,76.49251197637521],[-61.62397853287376,76.49240047023787],[-61.62248440018461,76.49181187890339],[-61.619242802664154,76.4914016265485],[-61.616455851236125,76.49153988938104],[-61.61346373753427,76.49151757797722],[-61.61013284707735,76.49122776396634],[-61.607074060871334,76.49115192466257],[-61.60434935326517,76.4913436358088],[-61.601834484538905,76.49169148479419],[-61.60260154589247,76.49210168625167],[-61.60168750733122,76.49273935587043],[-61.600911449393,76.49348849056837],[-61.60217792755452,76.49409048828218],[-61.605259167711736,76.49457206958314],[-61.60865681264648,76.49491091932737],[-61.61192112463178,76.49514283665671],[-61.61491287854161,76.495165138257],[-61.61804323831916,76.49529441713574],[-61.62049579729752,76.49489309583862],[-61.623282630223855,76.49475490302449],[-61.62428620651991,76.49399239073809],[-61.62530717382183,76.49363563030093],[-61.628031627495716,76.4934439279755],[-61.62932487118148,76.49271705151456]]],"type":"Polygon"},"id":"00000000000000000048_00000000000000000048","properties":{"area":237478.5491413525,"elevation":1018.0740134542609,"id":"00000000000000000048","region":"NW","surface":0.0,"year":2018},"type":"Feature"},{"geometry":{"coordinates":[[[-61.57121363804489,76.49132139146326],[-61.56436455818642,76.49156665436979],[-61.558362591480325,76.49325219095249],[-61.5528156304948,76.49490646734407],[-61.549275013718415,76.49717171479803],[-61.55494706480396,76.49891080929864],[-61.5518568051558,76.49958852216052],[-61.545293069620094,76.49831324634263],[-61.53804722715995,76.49708698837517],[-61.53168369561988,76.49654745785064],[-61.52896381008726,76.49459881057675],[-61.524714416105546,76.49339485550158],[-61.518319905130426,76.49516511416458],[-61.513419353919936,76.49694424714006],[-61.51279057294771,76.49820176872704],[-61.51460105660686,76.50020840189896],[-61.52322960489365,76.50117150422594],[-61.52704192574897,76.50280801491375],[-61.53549630946692,76.50343672370765],[-61.539112795266966,76.5027812668233],[-61.54715255419043,76.50210789916005],[-61.55521910426651,76.50126076012769],[-61.55953101350277,76.49882602969713],[-61.55953097557713,76.49669015708503],[-61.56192555201271,76.4950803743764],[-61.56813272217437,76.49355537284536],[-61.57121363804489,76.49132139146326]]],"type":"Polygon"},"id":"00000000000000000049_00000000000000000049","properties":{"area":880521.354859561,"elevation":1026.8755458885585,"id":"00000000000000000049","region":"NW","surface":0.0,"year":2018},"type":"Feature"},{"geometry":{"coordinates":[[[-61.431322845324296,76.48556469294475],[-61.429227064944605,76.48507419227805],[-61.426596409359675,76.4851410648453],[-61.42409938465044,76.48531048881824],[-61.42187394464662,76.48569400666658],[-61.419443985166616,76.48592142486365],[-61.41728120969534,76.48635839245448],[-61.415519792410635,76.48711198116764],[-61.41355775301781,76.48770946807409],[-61.41146223776005,76.48819997907346],[-61.409566806977686,76.48885103380307],[-61.40954028916842,76.48902493443228],[-61.40855482073736,76.4896091183013],[-61.407471218546725,76.4903181064243],[-61.409798894108526,76.49079519683444],[-61.41269729912215,76.49093792439285],[-61.41492679264146,76.4905544010702],[-61.41775843399017,76.49064808446434],[-61.419720347153074,76.49005053383956],[-61.42188294547855,76.48961347966292],[-61.42404583040815,76.48917655246638],[-61.4258068274024,76.48842297815027],[-61.427113570056065,76.4877006105198],[-61.42705555150923,76.48706739536885],[-61.4290308166073,76.48687564258437],[-61.43092610264832,76.48622463059377],[-61.431322845324296,76.48556469294475]]],"type":"Polygon"},"id":"0000000000000000004a_0000000000000000004a","properties":{"area":198238.77013282632,"elevation":953.7890629234181,"id":"0000000000000000004a","region":"NW","surface":0.0,"year":2018},"type":"Feature"},{"geometry":{"coordinates":[[[-60.973368950049796,76.52195092788388],[-60.97225846172566,76.521045762631],[-60.96753611725873,76.52061323104647],[-60.965025922477,76.52158529766322],[-60.96147635987207,76.52090304201884],[-60.95825241872281,76.52169226074162],[-60.95655787929092,76.52111706432854],[-60.95251347703066,76.52104129074104],[-60.951376498918,76.52111708311847],[-60.94769331627679,76.52072917369726],[-60.94407681408406,76.52079601436999],[-60.94046042333255,76.5200602965406],[-60.937593408537666,76.52094322429876],[-60.934984820637304,76.52163434718103],[-60.93502055768271,76.52186173576511],[-60.933843311170385,76.5229185368911],[-60.93335277820578,76.52392628748267],[-60.93560474595288,76.52475569897841],[-60.9402289561622,76.5253130800872],[-60.94456747704741,76.52542458456293],[-60.948576236606264,76.52527301259872],[-60.95245106150238,76.5250143643549],[-60.956263820991026,76.5247021892102],[-60.960076201798024,76.5243900216999],[-60.963955746370196,76.52413143620292],[-60.967509676395736,76.5236097051211],[-60.9709295482891,76.52297651766804],[-60.973368950049796,76.52195092788388]]],"type":"Polygon"},"id":"0000000000000000004b_0000000000000000004b","properties":{"area":400446.0245321417,"elevation":1139.9656263522284,"id":"0000000000000000004b","region":"NW","surface":0.0,"year":2018},"type":"Feature"},{"geometry":{"coordinates":[[[-61.12789441198311,76.43129738229396],[-61.12290029175193,76.43082925656098],[-61.11691620982214,76.43094959164435],[-61.11153863467395,76.43056611984044],[-61.114436936464145,76.4293309500009],[-61.10889422025314,76.42861304295879],[-61.104149774743895,76.42974123526626],[-61.09849112999382,76.43012467998179],[-61.10311084221528,76.42929524631995],[-61.10102389472778,76.4279976525003],[-61.100297206393265,76.42660644720924],[-61.09843758319447,76.42529545011352],[-61.093300763844034,76.4261025564598],[-61.08907799398792,76.42725302894596],[-61.08537240960637,76.42882709542229],[-61.08550616150859,76.42933540982824],[-61.08646034481243,76.4307088066631],[-61.091035521774636,76.43184141250042],[-61.09606535151436,76.4329383190545],[-61.09973505138729,76.43412895454352],[-61.103860044893196,76.4352883130239],[-61.11004471222156,76.43532848848456],[-61.11590844449702,76.43550676034563],[-61.120001721133235,76.43424935894343],[-61.12487568854241,76.43322821872121],[-61.12586562318145,76.43224272045518],[-61.12789441198311,76.43129738229396]]],"type":"Polygon"},"id":"0000000000000000004c_0000000000000000004c","properties":{"area":626390.0072541649,"elevation":948.9222072082849,"id":"0000000000000000004c","region":"NW","surface":0.0,"year":2018},"type":"Feature"},{"geometry":{"coordinates":[[[-60.78552928144432,76.45654036996538],[-60.78346013739172,76.45604540926523],[-60.781025396943086,76.45626393207301],[-60.77852831444199,76.45642894234483],[-60.77713260090481,76.45629064288869],[-60.77438142837499,76.45584035013779],[-60.77188872464619,76.45560398758604],[-60.7716391213366,76.45498858147394],[-60.770024816733596,76.45446241437615],[-60.767590162343495,76.45468090366948],[-60.765476574532684,76.45516701529932],[-60.76310421513326,76.45543897937408],[-60.760607185377076,76.45560401251467],[-60.758426805544666,76.45603651632217],[-60.75839106254297,76.45621037641969],[-60.75841784938396,76.45683917976136],[-60.76003195055143,76.45736531136333],[-60.76265384625613,76.45770867998169],[-60.76573057793335,76.45802080167432],[-60.7688073332867,76.45833739712673],[-60.77162570291583,76.45843554686337],[-60.77438134341796,76.45848454045385],[-60.777007871310865,76.45842663480735],[-60.779380168441364,76.4581546013736],[-60.781814941083695,76.45793606311814],[-60.78373668055719,76.45728953045008],[-60.78552928144432,76.45654036996538]]],"type":"Polygon"},"id":"0000000000000000004d_0000000000000000004d","properties":{"area":180732.93299485074,"elevation":1103.610774866609,"id":"0000000000000000004d","region":"NW","surface":0.0,"year":2018},"type":"Feature"},{"geometry":{"coordinates":[[[-60.81445992875832,76.39434482838853],[-60.81301512107429,76.39375182913562],[-60.81179319247773,76.39314092372125],[-60.808823670932895,76.39310967624385],[-60.806049801003,76.39323899812086],[-60.80327184836126,76.39336383475047],[-60.80011027761651,76.3931721269255],[-60.797399187359964,76.39335494789653],[-60.79526787255622,76.39320773569919],[-60.79223549270731,76.39312306677468],[-60.790037506274295,76.39372947116291],[-60.78745091813423,76.39401483304533],[-60.78537748528883,76.39472829590909],[-60.78624261773714,76.39524560067277],[-60.78587705228125,76.39595900858964],[-60.78709893804281,76.39656993217882],[-60.788770859010484,76.39714515062904],[-60.789760782337055,76.39776939380027],[-60.7926680822081,76.39775158684233],[-60.79506266967641,76.39730123289831],[-60.798095019561714,76.39739038347578],[-60.80106472160708,76.397421592284],[-60.803588678988554,76.39707825238605],[-60.8059830031119,76.39663233042484],[-60.80831070724388,76.39613291835883],[-60.81051359166376,76.39552653236795],[-60.81297042284854,76.39513413355044],[-60.81445992875832,76.39434482838853]]],"type":"Polygon"},"id":"0000000000000000004e_0000000000000000004e","properties":{"area":280278.83739830804,"elevation":998.9455919135664,"id":"0000000000000000004e","region":"NW","surface":0.0,"year":2018},"type":"Feature"},{"geometry":{"coordinates":[[[-60.896716841194205,76.35359313150549],[-60.89643135384845,76.35275038009179],[-60.893408049995095,76.352264329574],[-60.88976954825377,76.35227770845869],[-60.88900251408177,76.35163999982674],[-60.89138826922653,76.35078833867365],[-60.890103998766115,76.3501283588988],[-60.88959139262761,76.34930345116497],[-60.885827739622805,76.34920980203427],[-60.8856628867919,76.35008378614904],[-60.88472617329847,76.35072146401674],[-60.88109224831997,76.35073485701788],[-60.87989718194888,76.35156424338318],[-60.87683812090981,76.35205469050577],[-60.87448368292638,76.35272801297762],[-60.8715541839876,76.3533300291162],[-60.87164760204514,76.35361095163965],[-60.87148270285245,76.35448489995169],[-60.87199564997573,76.35530986140563],[-60.87588397150386,76.3559118797598],[-60.87984357475269,76.35616598189793],[-60.88379887561398,76.3564157138296],[-60.88705401262685,76.35608127339044],[-60.889725051214306,76.35526971442755],[-60.89259206711736,76.35461872254324],[-60.89610127380774,76.35449833432497],[-60.896716841194205,76.35359313150549]]],"type":"Polygon"},"id":"0000000000000000004f_0000000000000000004f","properties":{"area":300603.41102463176,"elevation":869.6331504814832,"id":"0000000000000000004f","region":"NW","surface":0.0,"year":2018},"type":"Feature"},{"geometry":{"coordinates":[[[-60.82693184622251,76.3639917747163],[-60.82417183654086,76.36291262047204],[-60.8254738150848,76.36156149728522],[-60.82306596200379,76.36057159283502],[-60.82098357971987,76.35944788471399],[-60.823823888734516,76.35856505817674],[-60.8212909869164,76.35747253067893],[-60.81717997087248,76.35648262802569],[-60.81500397611127,76.35547931713799],[-60.813451948108955,76.3562150792938],[-60.80960825744627,76.35727633748556],[-60.806090256369636,76.35819936162939],[-60.80176921610414,76.3590644164986],[-60.798536294611445,76.36042890954035],[-60.798692386248014,76.36076331279871],[-60.79964663180965,76.36196281952239],[-60.80059636297444,76.36316230783702],[-60.803579526628866,76.36422807562464],[-60.809211253422035,76.36465614545038],[-60.81297947851311,76.36474981646711],[-60.81325574836688,76.36599834051795],[-60.815115161992715,76.36713543281833],[-60.81856657268693,76.36656019785944],[-60.823106003770405,76.36689017293763],[-60.82237480386343,76.36567283901739],[-60.82640573116412,76.36517788346508],[-60.82693184622251,76.3639917747163]]],"type":"Polygon"},"id":"00000000000000000050_00000000000000000050","properties":{"area":571573.0002839278,"elevation":873.4187089138466,"id":"00000000000000000050","region":"NW","surface":0.0,"year":2018},"type":"Feature"},{"geometry":{"coordinates":[[[-60.70810129638,76.33392397679631],[-60.7057735529211,76.33298759087515],[-60.70088184635784,76.33337110719114],[-60.70039165071338,76.33214035591986],[-60.70319638729144,76.33143581038928],[-60.70543486733172,76.3320913062449],[-60.70798983536182,76.3311727753124],[-60.70642026555752,76.33087846317082],[-60.70717382332863,76.33008031589785],[-60.704288717926694,76.32969678735132],[-60.6979436575337,76.32885400190457],[-60.69330584650599,76.32945156599204],[-60.68860597369893,76.32999111783776],[-60.68390638606777,76.3305350852578],[-60.684089081066155,76.33109699597256],[-60.686706652980035,76.3320735318266],[-60.68785238822649,76.33262643482537],[-60.68837884385487,76.33368325017378],[-60.687741059810094,76.33498977123311],[-60.68342026105576,76.33585036357545],[-60.679166049486795,76.33636317381603],[-60.685288673828836,76.33721928868626],[-60.690117599753556,76.33678229640037],[-60.69488446750018,76.33629625177048],[-60.69983865704997,76.33596630574718],[-60.70435125653492,76.33526619064837],[-60.70810129638,76.33392397679631]]],"type":"Polygon"},"id":"00000000000000000051_00000000000000000051","properties":{"area":395253.6152115442,"elevation":807.2923111599472,"id":"00000000000000000051","region":"NW","surface":0.0,"year":2018},"type":"Feature"},{"geometry":{"coordinates":[[[-60.10823637968744,76.40765524356927],[-60.103835294508535,76.40739660776211],[-60.10301918762016,76.40787821291451],[-60.100749517994025,76.40689719645067],[-60.10124444834845,76.40573789154406],[-60.09642399908264,76.40491734579878],[-60.092504544155524,76.4046809835243],[-60.08832213838069,76.40382041103418],[-60.08368437618972,76.40395420642108],[-60.081437096753895,76.40318275677268],[-60.07799908591455,76.40297314856659],[-60.074735183787794,76.40430643997931],[-60.07479298202688,76.40435551450767],[-60.07673289475472,76.40525181969238],[-60.074940221079636,76.40627738031637],[-60.07742392958989,76.40724949451375],[-60.07968894781992,76.40823049880103],[-60.0828062126081,76.40915797137964],[-60.085075771194816,76.41014348871052],[-60.08968629488671,76.41097730478161],[-60.094488912744936,76.41158374603263],[-60.098729529286146,76.41110212392591],[-60.101587697830176,76.41140086690086],[-60.10124895006653,76.41051357889741],[-60.104316642743214,76.40940765251615],[-60.10582824933818,76.40893504099573],[-60.10823637968744,76.40765524356927]]],"type":"Polygon"},"id":"00000000000000000054_00000000000000000054","properties":{"area":477596.87211774616,"elevation":1120.2509363582744,"id":"00000000000000000054","region":"NW","surface":0.0,"year":2018},"type":"Feature"},{"geometry":{"coordinates":[[[-59.49375443586015,76.44871020386093],[-59.4927153894949,76.44818407245833],[-59.489866008811504,76.44787636240005],[-59.487234954641266,76.44776933679066],[-59.48488073792403,76.44791203911154],[-59.48318180386209,76.44844261055303],[-59.480863184611295,76.4479922521828],[-59.47856648700794,76.44818846899747],[-59.47615876617036,76.44827767647452],[-59.47424586247912,76.44882165146021],[-59.474308053261026,76.44908477621189],[-59.473630225774045,76.4497179742586],[-59.473808668410165,76.45029314911345],[-59.473349487296524,76.45090857970467],[-59.47524031955282,76.45138565552521],[-59.47691681724503,76.4518717067275],[-59.47934253144687,76.45220614982419],[-59.48059096150763,76.45271889606087],[-59.483168355063334,76.45277692539423],[-59.484697703293996,76.45209468021412],[-59.484203138219584,76.45164428536079],[-59.48638798615476,76.45135002243275],[-59.488911885920295,76.45135887683689],[-59.49022722763373,76.45069007382232],[-59.49197523056733,76.44999443278404],[-59.49329054338723,76.44933000977194],[-59.49375443586015,76.44871020386093]]],"type":"Polygon"},"id":"00000000000000000057_00000000000000000057","properties":{"area":195953.03352779328,"elevation":1303.8963072926335,"id":"00000000000000000057","region":"NW","surface":0.0,"year":2018},"type":"Feature"},{"geometry":{"coordinates":[[[-59.46904194730383,76.2947954003159],[-59.46397201859758,76.2953216155038],[-59.46215720856688,76.29489352066902],[-59.46354386502891,76.29347551907551],[-59.45892882038389,76.29338184142463],[-59.454188765203604,76.29254801070014],[-59.45053228117661,76.29250341043608],[-59.45086225265956,76.29114784874909],[-59.44781221880826,76.29021145488859],[-59.44305428852602,76.29060828005765],[-59.43970554927743,76.29188364102397],[-59.43550498262769,76.29320799955697],[-59.4355586175476,76.29325701139592],[-59.43469340744311,76.29454124572136],[-59.43648169792364,76.29576748204522],[-59.43889830365335,76.29695807388296],[-59.44216706146776,76.29809511095242],[-59.44628258494976,76.29918318322792],[-59.450603683873105,76.30003928264],[-59.4548664648302,76.30085088255369],[-59.46022651780009,76.3010024822944],[-59.46502889190689,76.30023105815143],[-59.468640656208855,76.29877742030892],[-59.46812348953628,76.29747083236887],[-59.46527399072686,76.29631146761557],[-59.46744585123653,76.29623122952684],[-59.46904194730383,76.2947954003159]]],"type":"Polygon"},"id":"0000000000000000005d_0000000000000000005d","properties":{"area":657375.0746102644,"elevation":1091.136642085784,"id":"0000000000000000005d","region":"NW","surface":0.0,"year":2018},"type":"Feature"},{"geometry":{"coordinates":[[[-62.4126861790195,76.5238817505234],[-62.41202647377616,76.52271794499508],[-62.41260175539689,76.52146045473903],[-62.40837432373156,76.52219175722418],[-62.403981984016674,76.52145597475872],[-62.399812969592446,76.52054630722712],[-62.396058359235035,76.51960547752691],[-62.39053790448057,76.51937356461876],[-62.38712244941172,76.5202029584529],[-62.387488050868164,76.52081388780482],[-62.38338565342925,76.52163877844983],[-62.38345253318495,76.5216879035774],[-62.3836978334095,76.52288287042975],[-62.3847723229968,76.52401999835753],[-62.38363957228752,76.52452829142416],[-62.37989873323489,76.52511686938034],[-62.37844031826414,76.52622720971091],[-62.38264539917732,76.52581247867704],[-62.38573086473385,76.52659287236229],[-62.38710014653002,76.52659729098083],[-62.3913317362377,76.52671327647431],[-62.39504620164623,76.52559400023318],[-62.39930456943177,76.52623615904618],[-62.403857223828965,76.52574562795424],[-62.40652377416584,76.52486274973029],[-62.41204866909048,76.52509456243605],[-62.4126861790195,76.5238817505234]]],"type":"Polygon"},"id":"0000000000000000005f_0000000000000000005f","properties":{"area":453523.94590452116,"elevation":848.137579544236,"id":"0000000000000000005f","region":"NW","surface":0.0,"year":2018},"type":"Feature"},{"geometry":{"coordinates":[[[-62.34441308693116,76.53571621568771],[-62.34051576523186,76.5356805257501],[-62.33689924987154,76.53552445776673],[-62.33328329257033,76.5353639226208],[-62.330781697866506,76.53501608954565],[-62.33009941693024,76.5341688548131],[-62.32941251283118,76.53332163897151],[-62.32563133628397,76.53269732703984],[-62.32494897795043,76.53185010882126],[-62.32406180813693,76.53101625490518],[-62.31991903480359,76.53063280300151],[-62.31705196793512,76.53136857792258],[-62.313993152455545,76.53195714195444],[-62.31379700250212,76.53266166628738],[-62.312285212321726,76.53356238785462],[-62.31296305430785,76.5344096522964],[-62.314060018429586,76.53523010835892],[-62.31745323931068,76.53556452738799],[-62.3199949293795,76.53627806649521],[-62.32253663480788,76.53698698242879],[-62.326063923489095,76.53741954765688],[-62.329898520729046,76.53740618922542],[-62.33412145382148,76.53767822531094],[-62.337760174010256,76.537517678761],[-62.3412113191763,76.53721442468176],[-62.34427025094881,76.5366258394057],[-62.34441308693116,76.53571621568771]]],"type":"Polygon"},"id":"00000000000000000060_00000000000000000060","properties":{"area":315115.7955544691,"elevation":893.8251723693915,"id":"00000000000000000060","region":"NW","surface":0.0,"year":2018},"type":"Feature"},{"geometry":{"coordinates":[[[-65.14648974712826,76.58181879481863],[-65.1411031680254,76.58141302704517],[-65.13909665400436,76.58249663820848],[-65.13617155635873,76.58260365793795],[-65.13706780446897,76.58147099728849],[-65.13569878195963,76.58034281910724],[-65.13432530556321,76.57921471010253],[-65.13277359911483,76.57809993062313],[-65.1291438905889,76.57749793151757],[-65.12433704782718,76.57680682046221],[-65.11954355764553,76.57716801582099],[-65.11910651637973,76.57806427403503],[-65.12452448071107,76.57875540265883],[-65.12571033310202,76.57989697968637],[-65.12822096487221,76.58083335430393],[-65.1274093439773,76.58214880930122],[-65.12932222689831,76.58323238981174],[-65.12808696388794,76.5836247568825],[-65.12913947876619,76.58468604032637],[-65.13342007416459,76.58556449572295],[-65.13841873804706,76.58533260883968],[-65.14250792582693,76.58517657617973],[-65.14359146183033,76.58599253006248],[-65.14526810655653,76.58469938587679],[-65.14593260934876,76.58368716701364],[-65.14459918173259,76.5828399342484],[-65.14648974712826,76.58181879481863]]],"type":"Polygon"},"id":"00000000000000000062_00000000000000000062","properties":{"area":324082.04306762945,"elevation":1022.3616680809798,"id":"00000000000000000062","region":"NW","surface":0.0,"year":2018},"type":"Feature"},{"geometry":{"coordinates":[[[-65.19632904763107,76.55273659227628],[-65.19306072092708,76.55301752338745],[-65.18979673556892,76.55329839945122],[-65.18621598500924,76.55350801086594],[-65.18270217879527,76.55376211843871],[-65.17951845153245,76.55422592485066],[-65.17965660059572,76.55339651060405],[-65.17966107226624,76.55248689185825],[-65.17802903208218,76.55171543016885],[-65.17385994514036,76.55116249180983],[-65.17094361615644,76.5517957391264],[-65.16783117972355,76.55229963218915],[-65.16791596533734,76.55248687913391],[-65.16772848325995,76.55340990550584],[-65.16488356486414,76.55408767748192],[-65.16378679315689,76.55509096338054],[-65.16632382713559,76.55578211333139],[-65.1681386026115,76.55654018132341],[-65.17147884645858,76.55683000405125],[-65.17450626613832,76.55704855505125],[-65.17822079361783,76.5569237081916],[-65.18206908367758,76.55687910730794],[-65.18571646209895,76.55671407576727],[-65.18923459372908,76.5564599386165],[-65.19187895867077,76.55565724679087],[-65.19297158918458,76.55465396489886],[-65.1949244988397,76.55367296801023],[-65.19632904763107,76.55273659227628]]],"type":"Polygon"},"id":"00000000000000000063_00000000000000000063","properties":{"area":314519.2075680801,"elevation":920.3342290013493,"id":"00000000000000000063","region":"NW","surface":0.0,"year":2018},"type":"Feature"},{"geometry":{"coordinates":[[[-64.227139261853,76.51277853364117],[-64.2263632851845,76.51198480397693],[-64.22485623381898,76.51124909585918],[-64.22226086442362,76.51060255593606],[-64.21907701658446,76.51038400144567],[-64.21826107669725,76.50997827896599],[-64.21472502908986,76.50992919328216],[-64.217012363588,76.5105044160093],[-64.2157862879663,76.51146311611262],[-64.21282979863733,76.51194024206595],[-64.20986907167058,76.5124218727237],[-64.20672096467868,76.51277407849092],[-64.20626172359907,76.51328688831019],[-64.20631079398024,76.51413856317744],[-64.20409007730218,76.51470041799921],[-64.20395633470429,76.515569949738],[-64.20291295480394,76.51651081201241],[-64.20532987373768,76.51717076442762],[-64.20912880799881,76.51752753809086],[-64.21240632122513,76.51726439640338],[-64.21542948170712,76.51682738506912],[-64.21832797077626,76.51630572510514],[-64.22103021758,76.51565466104161],[-64.22299237049684,76.51478069445201],[-64.22482469747978,76.51382202121212],[-64.22596627960321,76.51349204974646],[-64.227139261853,76.51277853364117]]],"type":"Polygon"},"id":"00000000000000000064_00000000000000000064","properties":{"area":303975.5684276292,"elevation":808.4018252776946,"id":"00000000000000000064","region":"NW","surface":18.0,"year":2018},"type":"Feature"},{"geometry":{"coordinates":[[[-53.709493269907746,73.74321751717038],[-53.70674644755158,73.74223655370812],[-53.70383899749501,73.74139822422123],[-53.70092726365409,73.74056437126471],[-53.69706132891361,73.74065798525577],[-53.69609810288367,73.74159440089439],[-53.69229891815755,73.74182630600363],[-53.69110387748136,73.74098349809177],[-53.68754989800627,73.74031020027806],[-53.68357228846429,73.74020764470556],[-53.68161484020747,73.74111728286965],[-53.67786044203733,73.74051976179922],[-53.67446247099822,73.74149180163229],[-53.67070356876795,73.7417861233438],[-53.67060987928064,73.74206708182555],[-53.67167108717845,73.74311943738614],[-53.673454656111275,73.744145000626],[-53.67715581261472,73.74508147376028],[-53.68098604868129,73.74581271457247],[-53.68504405600803,73.74605348838682],[-53.68898586045586,73.74608920254067],[-53.69289631039,73.74605797535652],[-53.69676701610327,73.7459598603615],[-53.70038322714155,73.74539360397745],[-53.70421354805783,73.74522854670852],[-53.70768285986241,73.74439473902312],[-53.709493269907746,73.74321751717038]]],"type":"Polygon"},"id":"00000000000000000066_00000000000000000066","properties":{"area":564938.8368135247,"elevation":1403.2991873859858,"id":"00000000000000000066","region":"NW","surface":0.0,"year":2018},"type":"Feature"},{"geometry":{"coordinates":[[[-53.321488858316926,73.34058746531905],[-53.3185726801806,73.340025606224],[-53.31573226211551,73.34007462831056],[-53.312820432235796,73.3399899232787],[-53.31375232396709,73.33947268616724],[-53.31624948063767,73.33875033007297],[-53.31677571813273,73.33790758246687],[-53.31870661742714,73.33700231938037],[-53.31622273770723,73.33635126860439],[-53.313654269539555,73.33693989967757],[-53.310916445942084,73.33718960258723],[-53.3080045996237,73.33710932023996],[-53.30523101824598,73.33729215069826],[-53.30242625751338,73.33740811520128],[-53.299991484378104,73.33826424995695],[-53.30006298192671,73.33840246469526],[-53.30207396591292,73.33907136074788],[-53.3012803799595,73.3398561569473],[-53.30215883453133,73.34064541284936],[-53.30280097450444,73.34143914599154],[-53.30461572918549,73.34218385678594],[-53.307768199760595,73.34274122164165],[-53.31067548697946,73.34282147303848],[-53.31368993677636,73.34310685221229],[-53.31646343331176,73.34292405235033],[-53.31903216205356,73.34233541180572],[-53.32026270357378,73.34146140079612],[-53.321488858316926,73.34058746531905]]],"type":"Polygon"},"id":"00000000000000000068_00000000000000000068","properties":{"area":321989.676545331,"elevation":1433.828220032767,"id":"00000000000000000068","region":"NW","surface":0.0,"year":2018},"type":"Feature"},{"geometry":{"coordinates":[[[-57.81709236077615,75.80762967866714],[-57.81458166078123,75.80710353124088],[-57.81210694047236,75.807353252465],[-57.80948948301143,75.80744692949581],[-57.80662660167185,75.80727298501284],[-57.80434806334571,75.80773224272805],[-57.80445496382956,75.80833423073058],[-57.80193571386249,75.80853044016244],[-57.79955904514824,75.80888275268289],[-57.79742742184368,75.80949806121876],[-57.79519805045932,75.81001083924872],[-57.79496181320262,75.81024272040706],[-57.79340546921605,75.8109918434835],[-57.79420364386519,75.81161168011361],[-57.794787948116166,75.8122404045393],[-57.79741402058601,75.81264618331103],[-57.79998711141673,75.81250345262842],[-57.80270267173893,75.812516892147],[-57.80517753574443,75.81227162514296],[-57.80760331709866,75.81196837120916],[-57.810024367653675,75.81166966094528],[-57.81201329074368,75.81089380289116],[-57.812285331534795,75.81021601684265],[-57.81212932564316,75.8095604642481],[-57.81397975615848,75.8091280097192],[-57.81553575304714,75.8083788457923],[-57.81709236077615,75.80762967866714]]],"type":"Polygon"},"id":"0000000000000000006b_0000000000000000006b","properties":{"area":228696.69692935966,"elevation":880.6158597110399,"id":"0000000000000000006b","region":"NW","surface":0.0,"year":2018},"type":"Feature"},{"geometry":{"coordinates":[[[-57.24587247418761,75.89995093851296],[-57.24206900027066,75.89948718355453],[-57.23810009471449,75.89909033688227],[-57.23440821675589,75.89901008049968],[-57.231233306471346,75.89950950458196],[-57.22946291638234,75.90032101340162],[-57.2268543033247,75.90018283797676],[-57.223162228196394,75.90010249718904],[-57.219889199803134,75.90049494136123],[-57.2162016864396,75.90041467696226],[-57.21302226947606,75.90091409047298],[-57.2099854600087,75.90156959885816],[-57.21150617498322,75.90226072221046],[-57.21095780769097,75.90317041014738],[-57.21235346099946,75.90398195398492],[-57.216232693777734,75.90427181740394],[-57.2200676148744,75.90451263232349],[-57.22329135328421,75.90406669739394],[-57.22660903569741,75.9037233301605],[-57.229783893248104,75.90322393481705],[-57.23324441663826,75.90304108862988],[-57.23641931416097,75.9025461290405],[-57.23631649196126,75.90166768562925],[-57.23887596972188,75.90098100956547],[-57.240771084763544,75.90082490831108],[-57.24446344804474,75.90090516944953],[-57.24587247418761,75.89995093851296]]],"type":"Polygon"},"id":"0000000000000000006d_0000000000000000006d","properties":{"area":322137.34705587797,"elevation":1195.9667540366056,"id":"0000000000000000006d","region":"NW","surface":0.0,"year":2018},"type":"Feature"},{"geometry":{"coordinates":[[[-57.141944099916685,75.83214140050988],[-57.138283383181346,75.83156617370969],[-57.137944300184145,75.83091956948213],[-57.13420756165797,75.83050937819036],[-57.130707303102675,75.83113807674148],[-57.12995358375957,75.83156173593044],[-57.12583807509964,75.83122725834585],[-57.12182466745413,75.83127180874818],[-57.11890829583705,75.83153493012354],[-57.11522067434537,75.83194965195669],[-57.1115331173336,75.83236434964489],[-57.10775170423744,75.8326719993746],[-57.10477305619079,75.83338096513535],[-57.10136181299378,75.83411226580118],[-57.10120583377722,75.8344512391899],[-57.10182126724865,75.8354098908866],[-57.10592797726235,75.83546788504943],[-57.11007478334491,75.83558380671151],[-57.1141328354503,75.83558822893411],[-57.1178695904819,75.8352270909496],[-57.121833652399204,75.8351289570299],[-57.12552137640244,75.83471427104568],[-57.12934727880897,75.83446008227763],[-57.1331732881116,75.83420148187038],[-57.13681607535426,75.83373772650494],[-57.1404100617304,75.83321604538725],[-57.141944099916685,75.83214140050988]]],"type":"Polygon"},"id":"00000000000000000071_00000000000000000071","properties":{"area":365187.79764274904,"elevation":1182.4910149882712,"id":"00000000000000000071","region":"NW","surface":0.0,"year":2018},"type":"Feature"},{"geometry":{"coordinates":[[[-58.6583774314142,76.11843353454996],[-58.65388697639692,76.1183978394911],[-58.651635178480866,76.11763978748705],[-58.646917474062235,76.1173767131793],[-58.64374703988358,76.11815706955565],[-58.64640457568791,76.11907114920444],[-58.642561058255325,76.11893740647113],[-58.63974291882884,76.11957951909058],[-58.63536411101302,76.1196552829011],[-58.63110116397573,76.1198425549559],[-58.62787280018991,76.12056495228559],[-58.624287627339676,76.1214255487003],[-58.623440312458435,76.1225447662239],[-58.62399327455907,76.12358371593837],[-58.627114662675595,76.12447114701759],[-58.63000417396018,76.1253718343089],[-58.634779950080365,76.1256884561135],[-58.63848099336436,76.12493491731034],[-58.64073278273785,76.12373541474228],[-58.64197695743696,76.12301297527956],[-58.64533476312458,76.1219249714649],[-58.646409173668005,76.12103316764129],[-58.649691183957536,76.12036427962192],[-58.6521702542114,76.11938772213682],[-58.6566025966142,76.11936992011745],[-58.6583774314142,76.11843353454996]]],"type":"Polygon"},"id":"00000000000000000074_00000000000000000074","properties":{"area":374443.3695394192,"elevation":1054.6169442009934,"id":"00000000000000000074","region":"NW","surface":0.0,"year":2018},"type":"Feature"},{"geometry":{"coordinates":[[[-54.675066785561185,74.97900834421914],[-54.673305529076316,74.97832166193852],[-54.672182063767,74.97760370978962],[-54.66893568983684,74.97715331004802],[-54.666068529559126,74.97727821568628],[-54.663419672834195,74.97773745635642],[-54.66065972285208,74.97802732085755],[-54.657631795321784,74.97790693290696],[-54.65503659255869,74.97844644076153],[-54.65456839460723,74.97923129649793],[-54.65286499156567,74.9791376031428],[-54.64961871303634,74.9786873040986],[-54.647077087892946,74.97930708812515],[-54.64745608944297,74.97988674948323],[-54.647946766800594,74.9806269949457],[-54.64843285180789,74.98137165085446],[-54.64987739201828,74.98207175540234],[-54.652593038185465,74.98271825647883],[-54.65562534384414,74.98283872528526],[-54.65865315048557,74.98295907724814],[-54.66152015842725,74.98283428851308],[-54.66433387011664,74.98262461611412],[-54.666928959872536,74.98208513395393],[-54.66941711649744,74.98138060407044],[-54.67179382545159,74.98051107549088],[-54.67428226332529,74.97980650055673],[-54.675066785561185,74.97900834421914]]],"type":"Polygon"},"id":"00000000000000000001_00000000000000000001","properties":{"area":344551.06143609,"elevation":1376.5701601725737,"id":"00000000000000000001","region":"NW","surface":0.0,"year":2018},"type":"Feature"},{"geometry":{"coordinates":[[[-54.339702323269506,73.77008357111474],[-54.33631342125351,73.76934337521757],[-54.33500247584258,73.7683713301241],[-54.332777341599495,73.76751069291485],[-54.32902281932079,73.76740811540778],[-54.32515680458399,73.7671049337173],[-54.32128630680559,73.766797303153],[-54.31757644875108,73.76676156041371],[-54.31386178973949,73.76672587396976],[-54.31030807148151,73.76695775158504],[-54.30683429533181,73.7673234610101],[-54.30355253991393,73.76802349886924],[-54.303583647162085,73.76891982083615],[-54.30584906905083,73.7698472710535],[-54.30763700636635,73.77079705833691],[-54.30894782839486,73.77176917368175],[-54.31217190156681,73.77265208554994],[-54.31572117933954,73.77324957379169],[-54.3194267399491,73.77411016080971],[-54.3233731365276,73.77454712658344],[-54.32732397942392,73.77498419967993],[-54.330801931362544,73.77461853375866],[-54.33428021445251,73.77425289371212],[-54.33691995436127,73.77330757630747],[-54.33872596138337,73.7721927782029],[-54.339332386034066,73.77113149037791],[-54.339702323269506,73.77008357111474]]],"type":"Polygon"},"id":"00000000000000000002_00000000000000000002","properties":{"area":720530.4042884008,"elevation":1180.0235136143237,"id":"00000000000000000002","region":"NW","surface":0.0,"year":2018},"type":"Feature"},{"geometry":{"coordinates":[[[-55.680790581978464,75.57052144825806],[-55.67754842492324,75.570294061643],[-55.67502051632805,75.56964747068824],[-55.67248744360474,75.56900089637766],[-55.669433061497394,75.5690187279575],[-55.66647656122516,75.56915698971524],[-55.663654094625315,75.56947801288698],[-55.66078686063788,75.56974106731272],[-55.65810705854563,75.57024948331886],[-55.65605578054601,75.57091830533332],[-55.65295656406614,75.57087375980511],[-55.65045974004179,75.57162733206003],[-55.650495204722034,75.57200632171482],[-55.653268892978254,75.5726395171792],[-55.65358095634993,75.57339317217503],[-55.654878597980904,75.57409317014343],[-55.65814717151741,75.57470407521116],[-55.66125062386802,75.57474871425782],[-55.66418042472699,75.57524810800327],[-55.66700283003518,75.57492702601456],[-55.66963806920191,75.57435629106013],[-55.67231825848074,75.57384796496197],[-55.675189684850594,75.57358485393668],[-55.67777602072348,75.57295610007449],[-55.67844923945251,75.5721579757101],[-55.67778481108014,75.57161840078284],[-55.680607459441326,75.5712928709757],[-55.680790581978464,75.57052144825806]]],"type":"Polygon"},"id":"00000000000000000011_00000000000000000011","properties":{"area":369196.71545435453,"elevation":1464.9077380661197,"id":"00000000000000000011","region":"NW","surface":0.0,"year":2018},"type":"Feature"},{"geometry":{"coordinates":[[[-56.16046036225504,75.09374546012369],[-56.15661674091997,75.09228289401894],[-56.15285324833285,75.09221599676863],[-56.15234484634998,75.09058840328419],[-56.148532278356235,75.09110118116423],[-56.14633402029763,75.09178348086286],[-56.147109821333224,75.09021384266246],[-56.14059055276819,75.09010241075164],[-56.134673406363916,75.0907801266582],[-56.12871610927898,75.09140440565115],[-56.124363836662006,75.09283135214356],[-56.119204745399315,75.09385697297294],[-56.11995376985822,75.09484238808365],[-56.11631086679859,75.09655467312272],[-56.11609678171262,75.09822242384375],[-56.11826842289537,75.0997652490226],[-56.11949008674516,75.10136155872037],[-56.11927610805005,75.10302935575504],[-56.1242212978973,75.10398797332199],[-56.12981280741971,75.10287772042064],[-56.136198385388454,75.10281082140007],[-56.14117035373994,75.10153999533783],[-56.14614207662797,75.1002691224179],[-56.15069054011261,75.09844538159545],[-56.15242077565376,75.0968266828927],[-56.156487279499565,75.095346302274],[-56.16046036225504,75.09374546012369]]],"type":"Polygon"},"id":"00000000000000000017_00000000000000000017","properties":{"area":1228828.876725291,"elevation":966.985798427012,"id":"00000000000000000017","region":"NW","surface":0.0,"year":2018},"type":"Feature"},{"geometry":{"coordinates":[[[-55.29394118315758,75.37899862732709],[-55.289687158305945,75.37868645151198],[-55.28647206021195,75.37947122355475],[-55.28392580975086,75.37837879837292],[-55.27929759394113,75.37858835893404],[-55.279560398043316,75.37965856431069],[-55.27725499905234,75.37925724079938],[-55.27373688887653,75.378209317927],[-55.269282356048095,75.37866866587828],[-55.26452001773082,75.37869542995577],[-55.2601990026454,75.37933749348466],[-55.25605211287455,75.3802248491686],[-55.255985343764415,75.38048351013302],[-55.25633762885617,75.38167408112479],[-55.260100881451145,75.38270856298192],[-55.26313311778903,75.383778730988],[-55.267142017490976,75.38480433450596],[-55.26944279551761,75.38590578947517],[-55.27320620034521,75.38694027833657],[-55.277839378338044,75.3867306855122],[-55.28256145274346,75.38664149198756],[-55.28675307719384,75.38581208970412],[-55.28916978355309,75.3846215048621],[-55.29034705012532,75.38380551897716],[-55.29247403415506,75.38256139790509],[-55.29285299368664,75.38133960150388],[-55.29356213678539,75.38022487008942],[-55.29394118315758,75.37899862732709]]],"type":"Polygon"},"id":"00000000000000000019_00000000000000000019","properties":{"area":712992.3918824192,"elevation":1433.4348094195889,"id":"00000000000000000019","region":"NW","surface":0.0,"year":2018},"type":"Feature"},{"geometry":{"coordinates":[[[-55.17477603405432,75.29263024052347],[-55.16984863654318,75.2920283171471],[-55.16458693873938,75.29201493724028],[-55.159280772619965,75.29193909052668],[-55.15419295572056,75.29217099788028],[-55.14906056201264,75.29234044441986],[-55.143928086329325,75.29250987421547],[-55.138991883723826,75.29260796531094],[-55.13467106130385,75.29286660696043],[-55.12950278095356,75.29227799827268],[-55.12432591891185,75.29238505276673],[-55.119670469075345,75.29323227438726],[-55.119755291784294,75.29335266058553],[-55.1201789777791,75.29466809210267],[-55.12133378811714,75.29595227757592],[-55.12417864287121,75.29715628845685],[-55.12799994728386,75.298315622719],[-55.13180369855908,75.29909595416714],[-55.137457838120575,75.2996667768818],[-55.14293813484103,75.29998776606702],[-55.147687144693116,75.29926541858859],[-55.1524715645591,75.29860100825262],[-55.15699761415789,75.29757096641607],[-55.162005219443266,75.29721421559415],[-55.16657131442304,75.29624662886863],[-55.17035271604867,75.29486426434477],[-55.170165387809675,75.29353991551831],[-55.17477603405432,75.29263024052347]]],"type":"Polygon"},"id":"0000000000000000001b_0000000000000000001b","properties":{"area":926113.3046888359,"elevation":1419.5830812167262,"id":"0000000000000000001b","region":"NW","surface":0.0,"year":2018},"type":"Feature"},{"geometry":{"coordinates":[[[-55.236075272706394,75.26184910003937],[-55.232762141582256,75.26105095010995],[-55.22797314338717,75.26063623814949],[-55.22305484620547,75.2600342243941],[-55.218444097904936,75.25986476841996],[-55.214395064383744,75.26049353537901],[-55.21008765993721,75.2607565773443],[-55.20582042808452,75.26107770665617],[-55.20107580991088,75.2607254218366],[-55.19676820460682,75.26098404185262],[-55.19298260383733,75.26198285177244],[-55.19328120482415,75.2631154981196],[-55.193580281782566,75.26424363513647],[-55.195573122459884,75.2652960115346],[-55.196839636454776,75.26638404213573],[-55.19858750407475,75.26744529564043],[-55.20203463530148,75.26843075625958],[-55.20662736156103,75.26892125286636],[-55.21093490817,75.2686581720643],[-55.215380765725804,75.26858236862087],[-55.219166534645446,75.26758350690436],[-55.22242584437156,75.26654454502061],[-55.226693273408834,75.26622346945173],[-55.23052354790835,75.26528263152629],[-55.23320818844462,75.26414107062524],[-55.23347567480527,75.26311548106679],[-55.236075272706394,75.26184910003937]]],"type":"Polygon"},"id":"0000000000000000001c_0000000000000000001c","properties":{"area":835184.2569172014,"elevation":1398.602361001725,"id":"0000000000000000001c","region":"NW","surface":0.0,"year":2018},"type":"Feature"},{"geometry":{"coordinates":[[[-55.76186140442284,75.00549535678607],[-55.76132168826809,75.00475515741631],[-55.75911895928079,75.00410416438746],[-55.760238231706545,75.00328367406962],[-55.759462475003765,75.00255684230736],[-55.757023282368785,75.0019147406712],[-55.753683384874165,75.0013796539689],[-55.75081619807712,75.00082226239536],[-55.74822970280953,75.0003139283433],[-55.7455587350221,74.99968070354348],[-55.74244200584079,74.99945332339671],[-55.73968610428002,74.99971195945506],[-55.7371579404303,75.00028270870739],[-55.73724721438911,75.00040754259962],[-55.736837006770024,75.00118789501262],[-55.73784909046022,75.0019013406061],[-55.73862956935692,75.00262817659684],[-55.74011416521881,75.00331934347737],[-55.741603596146966,75.00401047229764],[-55.74404271418101,75.00465257266637],[-55.74648181158288,75.00529471308927],[-55.74939374719158,75.0059145793012],[-55.7516499356044,75.00631588141339],[-55.75499429340016,75.00685097909769],[-55.75788374854268,75.0067707362535],[-55.76050566550463,75.00632474261961],[-55.76186140442284,75.00549535678607]]],"type":"Polygon"},"id":"0000000000000000001d_0000000000000000001d","properties":{"area":346416.7967778421,"elevation":1005.2423735464815,"id":"0000000000000000001d","region":"NW","surface":0.0,"year":2018},"type":"Feature"},{"geometry":{"coordinates":[[[-54.467027642139804,74.3100584215021],[-54.463723366895316,74.30876534131373],[-54.45828325371409,74.30757030815752],[-54.4531018290387,74.3078021512731],[-54.448272653952664,74.30861370825707],[-54.44298839281017,74.30868057723734],[-54.43785175843806,74.30899717476703],[-54.4326700291165,74.30922907555302],[-54.427484325673106,74.30946096732356],[-54.4221467654031,74.30944752346868],[-54.41701420823272,74.30976413142558],[-54.41202898599902,74.31032599985537],[-54.407503084238016,74.31163251278537],[-54.40744956324593,74.3120561672002],[-54.40800225272116,74.31347412004622],[-54.411302152792274,74.31476721580381],[-54.417250577860095,74.31577506036243],[-54.42284220045119,74.31619863196772],[-54.42802828537481,74.3159667902745],[-54.43321424985229,74.31573492024859],[-54.43784276489918,74.31459337515108],[-54.44267641189162,74.31378181369192],[-54.44796033029481,74.3137149381429],[-54.45314639970342,74.31348304500227],[-54.45777500443351,74.31234147901945],[-54.46250144625227,74.31136498233859],[-54.467027642139804,74.3100584215021]]],"type":"Polygon"},"id":"00000000000000000029_00000000000000000029","properties":{"area":1008987.3365098225,"elevation":1314.243393400819,"id":"00000000000000000029","region":"NW","surface":0.0,"year":2018},"type":"Feature"},{"geometry":{"coordinates":[[[-54.39598527076666,74.07505043645497],[-54.39403636712303,74.07386878098605],[-54.39118707752346,74.07272724920058],[-54.38653195801299,74.07268263520209],[-54.38222451472381,74.07321774946939],[-54.37786790728748,74.07366815856574],[-54.372815731275395,74.0729680368956],[-54.36840560896655,74.07333372874449],[-54.363750487937644,74.07329354703491],[-54.35919313265136,74.07341395846473],[-54.35488549374995,74.07394903321082],[-54.35082351539195,74.07489437716063],[-54.35001178499365,74.07611616984452],[-54.35135846841745,74.07732900215717],[-54.35270066096837,74.07853745882245],[-54.35374409324961,74.07975924762118],[-54.358394918702636,74.08082046941685],[-54.36290321521353,74.08061984018548],[-54.367460302381375,74.08049496750526],[-54.37162504937256,74.0797146405724],[-54.37568733358454,74.07876936330857],[-54.37969597072264,74.07773931537245],[-54.38395913016383,74.0771239177807],[-54.3884135310442,74.07683411357455],[-54.39277471127065,74.07638372298875],[-54.39598527076666,74.07505043645497]]],"type":"Polygon"},"id":"0000000000000000002c_0000000000000000002c","properties":{"area":820738.9564360348,"elevation":1305.675829438527,"id":"0000000000000000002c","region":"NW","surface":256.74117647058824,"year":2018},"type":"Feature"},{"geometry":{"coordinates":[[[-54.297728749881855,74.05018206145151],[-54.296939682912154,74.04937047671352],[-54.2955484263129,74.04858566672307],[-54.29625732349804,74.0477072265997],[-54.29606552995754,74.04686893579596],[-54.29281924219968,74.04659247581422],[-54.289573280671775,74.04631600587498],[-54.28642496492811,74.04620002691416],[-54.28342401837888,74.04633830893326],[-54.280427711604936,74.04647205384019],[-54.277475514769385,74.0466905368176],[-54.27442563064628,74.04673963535612],[-54.271473783613004,74.04695811517632],[-54.26857068599624,74.04725684859517],[-54.26591306857349,74.04797030441708],[-54.265810702918905,74.04831364240616],[-54.265699101828545,74.049165338757],[-54.26738916041999,74.04993678833976],[-54.27027848400208,74.05065470861939],[-54.273573948356365,74.05101594205162],[-54.276967230765905,74.05153759758478],[-54.280164550079306,74.05173378205362],[-54.28336172993897,74.05192998074916],[-54.28646075516341,74.05196124443806],[-54.289559773675954,74.05199245593738],[-54.292609857905475,74.05193889416509],[-54.29521836054621,74.05114073346256],[-54.297728749881855,74.05018206145151]]],"type":"Polygon"},"id":"0000000000000000002d_0000000000000000002d","properties":{"area":487236.13932637614,"elevation":1328.1463157894727,"id":"0000000000000000002d","region":"NW","surface":299.00784313725495,"year":2018},"type":"Feature"},{"geometry":{"coordinates":[[[-54.314811508268285,73.90888652361467],[-54.31333587401187,73.90793671668074],[-54.30927801014407,73.90727676325443],[-54.305612564163106,73.90727231675616],[-54.30199630853238,73.9073525700891],[-54.29926285531775,73.90790103680284],[-54.29570452977042,73.9070448962585],[-54.29213703063329,73.90720544016483],[-54.28861903416548,73.90745066802016],[-54.28514520619785,73.90777619160396],[-54.28186789754466,73.90843614691396],[-54.27888473265773,73.90958660486797],[-54.27848350114806,73.90994332052868],[-54.278171203985075,73.91097336279097],[-54.27875529537909,73.91196328762734],[-54.28231373568267,73.91281939934586],[-54.28646963763776,73.91364439235664],[-54.29028219087535,73.91389856630367],[-54.293947532827524,73.9138985021938],[-54.29732289773499,73.91340805086021],[-54.30099307340104,73.91341249056383],[-54.3042703799944,73.9127525037968],[-54.30773952925312,73.91242701110275],[-54.30983512145382,73.91131671932462],[-54.30924671716561,73.91032678528096],[-54.31168136164658,73.90979172346155],[-54.314811508268285,73.90888652361467]]],"type":"Polygon"},"id":"0000000000000000002e_0000000000000000002e","properties":{"area":622213.1397795975,"elevation":1254.2366049304455,"id":"0000000000000000002e","region":"NW","surface":0.592156862745098,"year":2018},"type":"Feature"},{"geometry":{"coordinates":[[[-58.34147788592754,76.14088061435547],[-58.338147079849556,76.13976143267814],[-58.33498117303637,76.13881608308728],[-58.33049076823366,76.13978370657904],[-58.327057412763835,76.1395606979383],[-58.32325808244333,76.13847267427292],[-58.31970883078312,76.13938679921914],[-58.31471885702804,76.13984607985655],[-58.30956429089773,76.14014038534414],[-58.305207759490955,76.14074240629306],[-58.30082884947082,76.1418214718853],[-58.300641643954634,76.14313695962987],[-58.29755586183601,76.14402431213642],[-58.2964275445377,76.14539324955419],[-58.29717672609214,76.14665514885755],[-58.29863053984349,76.14787690831716],[-58.30338398897191,76.14867511722511],[-58.30578728899416,76.14960707872449],[-58.31166881477477,76.15004407825487],[-58.31671653833648,76.14963829773434],[-58.32121134440852,76.14867062793076],[-58.325590305522674,76.1475915573109],[-58.32905964308009,76.14609330113942],[-58.33354977914432,76.14512564616555],[-58.33607815849931,76.14367648007176],[-58.33918603389714,76.14231194715994],[-58.34147788592754,76.14088061435547]]],"type":"Polygon"},"id":"00000000000000000035_00000000000000000035","properties":{"area":962455.7459411477,"elevation":1184.9619304725647,"id":"00000000000000000035","region":"NW","surface":0.0,"year":2018},"type":"Feature"},{"geometry":{"coordinates":[[[-57.71903215559893,76.2138626949256],[-57.71469345323472,76.21321173444075],[-57.71035022096984,76.21255623561844],[-57.70670286059556,76.21263648438006],[-57.70331805055165,76.21299322073679],[-57.699826789224886,76.21323849175336],[-57.69665636930425,76.21382261254507],[-57.692741218004315,76.21362191537611],[-57.689677777489806,76.21431751188517],[-57.68629333873149,76.21467870422248],[-57.683328061986956,76.21495519245181],[-57.680318119628836,76.21570874832939],[-57.68005942533048,76.21595850540076],[-57.67873078002113,76.21691724831271],[-57.68188765670293,76.21763513456106],[-57.68507165585153,76.21811672009241],[-57.68799694189946,76.21884353120785],[-57.692125899440434,76.21927603675823],[-57.696255145430186,76.21970412931489],[-57.699960649942525,76.21968186243974],[-57.703612452146274,76.21960608290644],[-57.706461913633795,76.21868302501977],[-57.70831705231661,76.21775553093019],[-57.71175494575054,76.21745226650279],[-57.71313266255562,76.21654709275559],[-57.71614260141168,76.2157935108781],[-57.71888940156742,76.21475901827625],[-57.71903215559893,76.2138626949256]]],"type":"Polygon"},"id":"0000000000000000003c_0000000000000000003c","properties":{"area":526986.8828672838,"elevation":1389.5013190453783,"id":"0000000000000000003c","region":"NW","surface":0.0,"year":2018},"type":"Feature"},{"geometry":{"coordinates":[[[-58.26250720701546,75.9365467822441],[-58.25765584603111,75.93581995521764],[-58.25693780349936,75.93532499737357],[-58.25423137586513,75.93429489991306],[-58.25002202403105,75.9344777307233],[-58.2501824280755,75.935655007441],[-58.253241422295524,75.93654678338888],[-58.252683805023466,75.9372290388165],[-58.24951785338427,75.93622571623425],[-58.24889379773716,75.9350752418558],[-58.24965180364985,75.93384899472895],[-58.24694948626181,75.93281899879749],[-58.242820431399785,75.93358591739502],[-58.239177361170334,75.93486122434715],[-58.237491893883906,75.93614543671535],[-58.237888646919416,75.93730480849393],[-58.23897232386683,75.93842851335914],[-58.23982847796836,75.93956556011301],[-58.24161183922174,75.94064914234627],[-58.245607244152964,75.94125115625613],[-58.24941097567821,75.94114860518768],[-58.25419546670424,75.9410549454962],[-58.2580572886118,75.94000258971566],[-58.25927881868166,75.93874955552978],[-58.2619811146541,75.93776411339215],[-58.26250720701546,75.9365467822441]]],"type":"Polygon"},"id":"0000000000000000003f_0000000000000000003f","properties":{"area":421031.42026946374,"elevation":1006.6830237908454,"id":"0000000000000000003f","region":"NW","surface":0.0,"year":2018},"type":"Feature"},{"geometry":{"coordinates":[[[-59.80967714662679,76.25496225214727],[-59.80794246921018,76.25421311470289],[-59.80684122655867,76.25342390725318],[-59.80377347807257,76.2532945520069],[-59.803933763373095,76.2524294926551],[-59.802622751047565,76.25165363924077],[-59.798975290798765,76.25161797284802],[-59.79560424521197,76.25182752660527],[-59.79326770059358,76.25256325095049],[-59.79023097158852,76.25307607888115],[-59.78714081374932,76.25353533368535],[-59.78458133706944,76.25407494083363],[-59.78193273504555,76.2549355460445],[-59.78195939002667,76.25536357878069],[-59.78074217362322,76.2562955458937],[-59.78099633285177,76.25713381871725],[-59.78314990050884,76.25785624442645],[-59.78572738361795,76.25855187043317],[-59.7890894469717,76.25914490617376],[-59.792402763427766,76.25888627898533],[-59.79610811656687,76.25897101368898],[-59.79970214119551,76.25896209378176],[-59.80257372180923,76.2582977003681],[-59.80549909945752,76.25768679230444],[-59.80808954927548,76.25677265925059],[-59.809093004505954,76.25585405270523],[-59.80967714662679,76.25496225214727]]],"type":"Polygon"},"id":"00000000000000000059_00000000000000000059","properties":{"area":442903.9749676514,"elevation":968.5678292996533,"id":"00000000000000000059","region":"NW","surface":0.0,"year":2018},"type":"Feature"},{"geometry":{"coordinates":[[[-59.57953395226809,76.30488187167067],[-59.57882057016547,76.30299568688015],[-59.577688047922386,76.30114073908146],[-59.576341574817135,76.29929908476618],[-59.57393780840922,76.29751992858813],[-59.56974181039489,76.2959592435082],[-59.56249122566228,76.29490688430158],[-59.55523625912623,76.29364050556138],[-59.547129818750925,76.29365835662547],[-59.54148898438702,76.29304293926148],[-59.53426087325764,76.29385902598489],[-59.526921264627326,76.29458137979205],[-59.52029052223824,76.29595034861207],[-59.51452504286407,76.29769381413597],[-59.51359737902814,76.2985009737952],[-59.513766587715025,76.30030688097516],[-59.514667674589965,76.30175160276775],[-59.52054912574475,76.30320973394991],[-59.52315754668098,76.30497557040532],[-59.53102346791331,76.30535014052104],[-59.53669104691999,76.30660761726448],[-59.54426703524594,76.30774461490427],[-59.55166472747723,76.30707577949023],[-59.56033323681888,76.3075618039758],[-59.56844426857067,76.30754398142183],[-59.57573478065173,76.30677253578884],[-59.57953395226809,76.30488187167067]]],"type":"Polygon"},"id":"0000000000000000005b_0000000000000000005b","properties":{"area":2121311.1905626706,"elevation":1082.416835723961,"id":"0000000000000000005b","region":"NW","surface":0.0,"year":2018},"type":"Feature"},{"geometry":{"coordinates":[[[-59.5351123612967,76.31639978222928],[-59.528945358094745,76.31613221676594],[-59.52699237261832,76.31496837889287],[-59.52323358849452,76.31380899725916],[-59.51630402961315,76.31284140739606],[-59.510466839102016,76.31288152851813],[-59.50631097451529,76.31238657280768],[-59.50161107781929,76.31304651490414],[-59.49783887442094,76.31290384558267],[-59.492220331544125,76.31314011392217],[-59.487533887235315,76.31423259874671],[-59.48245059317534,76.31454033160793],[-59.48256654021506,76.31485688774023],[-59.483351331319945,76.31619913188135],[-59.48434990763183,76.31752791138842],[-59.48884469057024,76.3185356654533],[-59.49216693067939,76.31951225669975],[-59.49645218499618,76.32053333523949],[-59.50261893373963,76.32079638975365],[-59.50880365430795,76.32148761559962],[-59.514752115711595,76.32155001997688],[-59.52042882846644,76.32136272304969],[-59.525057134076725,76.32022567469866],[-59.52981523192029,76.31961031138793],[-59.5328428651122,76.31825026049785],[-59.53078708969331,76.31719788548745],[-59.5351123612967,76.31639978222928]]],"type":"Polygon"},"id":"0000000000000000005c_0000000000000000005c","properties":{"area":961800.365362595,"elevation":1105.687267049273,"id":"0000000000000000005c","region":"NW","surface":0.0,"year":2018},"type":"Feature"},{"geometry":{"coordinates":[[[-59.35733712711936,76.31159730208527],[-59.35688660455294,76.31055831612669],[-59.355803249544174,76.30955056326938],[-59.356623436305426,76.30843579430959],[-59.35490682985236,76.30746815078197],[-59.35148237925075,76.30847595644033],[-59.34982794784632,76.30820397607299],[-59.34673791505955,76.30742803966146],[-59.34233663889311,76.30753501818836],[-59.3397058665962,76.30844469267166],[-59.33530470014105,76.30854731175307],[-59.33122909286144,76.30895752302281],[-59.33187110158355,76.30934540962242],[-59.33157668692346,76.31032644366617],[-59.330751830801894,76.31144570335766],[-59.33225909443896,76.31242226612193],[-59.33164350575774,76.3135281003881],[-59.33166623133156,76.31459380510644],[-59.333387091175226,76.31556144543454],[-59.33553213532955,76.3164978689672],[-59.33936692551486,76.31712214884216],[-59.34258635641863,76.31634175406761],[-59.346015378859036,76.3153295688968],[-59.34976552873616,76.31462056354341],[-59.35351558709928,76.31391600995191],[-59.35566488118462,76.31277005933364],[-59.35733712711936,76.31159730208527]]],"type":"Polygon"},"id":"0000000000000000005e_0000000000000000005e","properties":{"area":531556.3688108275,"elevation":1129.4684859502563,"id":"0000000000000000005e","region":"NW","surface":0.0,"year":2018},"type":"Feature"},{"geometry":{"coordinates":[[[-64.1736119809635,76.51363472465883],[-64.17079387510014,76.51338496664647],[-64.16781078874729,76.51343846700907],[-64.16485876204781,76.51296139998801],[-64.16287474774013,76.51340729672403],[-64.16259373340964,76.51390674096153],[-64.15986458185871,76.51412966316458],[-64.15770208606385,76.51473162871082],[-64.155160213941,76.51507948358072],[-64.15434444684563,76.51576613092242],[-64.15218160598378,76.5163681450523],[-64.1531135261816,76.51672487776784],[-64.15369759125696,76.51738930092121],[-64.15464769534793,76.51802693968331],[-64.15650692797726,76.51858880714623],[-64.1598244888009,76.5190347153775],[-64.16295047466816,76.51935130313247],[-64.16574633473707,76.51917290511653],[-64.16835468406185,76.51886971132855],[-64.17045062037747,76.51822312112735],[-64.17186850272456,76.51739370880922],[-64.17183310457752,76.51668025454713],[-64.17179275981051,76.51597124249813],[-64.17193549040476,76.51524442377429],[-64.17262214046887,76.5144730155008],[-64.171137099364,76.51402266686392],[-64.1736119809635,76.51363472465883]]],"type":"Polygon"},"id":"00000000000000000065_00000000000000000065","properties":{"area":255180.58728937758,"elevation":814.4295193763346,"id":"00000000000000000065","region":"NW","surface":0.0,"year":2018},"type":"Feature"},{"geometry":{"coordinates":[[[-53.91166878974369,73.66442525355025],[-53.90774935286463,73.66308303831975],[-53.90205931719457,73.66251223253572],[-53.89670416295709,73.66253899236155],[-53.89138433716247,73.66263715304494],[-53.886216295693686,73.66300276540899],[-53.88104830477993,73.66336839176068],[-53.87625015341965,73.66440293106695],[-53.870934923966196,73.66449656183656],[-53.865913971749066,73.66512979445815],[-53.86089288319585,73.66576293123445],[-53.85609509514802,73.6667974608663],[-53.855675961138665,73.66736819956347],[-53.85379425234211,73.6688218906109],[-53.85723655973482,73.6701818991363],[-53.86260083479203,73.67104697221349],[-53.86759049471793,73.67124319420503],[-53.87156351891595,73.67223311838657],[-53.87658462348826,73.67159988215926],[-53.88113296188193,73.67098900663674],[-53.88615392840242,73.6703558257774],[-53.89139775034058,73.67012842075593],[-53.895718742597666,73.66911170258113],[-53.90085086887636,73.66867920833494],[-53.90553762708816,73.6674440435655],[-53.91010824756469,73.66600374411193],[-53.91166878974369,73.66442525355025]]],"type":"Polygon"},"id":"00000000000000000067_00000000000000000067","properties":{"area":1207786.6148679794,"elevation":1277.1822190931296,"id":"00000000000000000067","region":"NW","surface":0.0,"year":2018},"type":"Feature"},{"geometry":{"coordinates":[[[-56.46088775594589,75.881695381713],[-56.45732942803309,75.8812138064666],[-56.45408323229687,75.88109783268229],[-56.45114018149605,75.88135204247328],[-56.44793406995878,75.88129401465588],[-56.444817246207144,75.88133869269346],[-56.44200799372082,75.88174887287441],[-56.43902039775499,75.88195396062439],[-56.436385208100205,75.88257825327467],[-56.43357575947204,75.88299297057362],[-56.43080665616788,75.88345674449853],[-56.42803749403791,75.8839249048395],[-56.42535774149466,75.8844956454666],[-56.4252773691428,75.88494158772173],[-56.425674202977056,75.88569069374567],[-56.42844784790998,75.88632386286832],[-56.43156922293992,75.88627936185982],[-56.434730639770265,75.88628824581906],[-56.43776292344298,75.88613662920692],[-56.44044279878471,75.88556589164459],[-56.443385999709115,75.88531171101651],[-56.44628421342264,75.88500402784653],[-56.44913817572551,75.88464286050687],[-56.45225491722438,75.88459822061175],[-56.45489037328425,75.88397393463039],[-56.45687454603014,75.88310447632351],[-56.45955455509174,75.8825336986919],[-56.46088775594589,75.881695381713]]],"type":"Polygon"},"id":"00000000000000000072_00000000000000000072","properties":{"area":318538.0470887087,"elevation":1404.9383385636968,"id":"00000000000000000072","region":"NW","surface":0.0,"year":2018},"type":"Feature"},{"geometry":{"coordinates":[[[-58.60903735152993,76.07963040638136],[-58.60379785590171,76.07981770806475],[-58.598389275664026,76.07983551771204],[-58.593599928584645,76.08047315551725],[-58.58903386957308,76.08132934875516],[-58.584525775359324,76.08224790389632],[-58.5801291050071,76.0832735080299],[-58.57590169826794,76.08446855205767],[-58.57116617412324,76.08515968854627],[-58.56764360632812,76.086073832929],[-58.56256921592781,76.08643052533621],[-58.562787748879614,76.08688985028135],[-58.55960846873721,76.08790648792208],[-58.56294818114474,76.08902130744396],[-58.568624698601596,76.089757051448],[-58.57454616611141,76.09024753104367],[-58.57973219610855,76.0900022631964],[-58.584637256081656,76.0894805845718],[-58.58965369897079,76.08907030438273],[-58.594335706116226,76.08832564346834],[-58.59867463211853,76.08724210691507],[-58.60116708817518,76.08578838358395],[-58.601844960171455,76.08450425739882],[-58.605090985618446,76.08306838352122],[-58.60710676680854,76.08188223823208],[-58.6084221987205,76.08073627903191],[-58.60903735152993,76.07963040638136]]],"type":"Polygon"},"id":"00000000000000000075_00000000000000000075","properties":{"area":794463.7644024596,"elevation":1042.956168296167,"id":"00000000000000000075","region":"NW","surface":0.0,"year":2018},"type":"Feature"},{"geometry":{"coordinates":[[[-58.69250740250999,76.0386601525463],[-58.69142826425015,76.03783523326086],[-58.68848975724925,76.03711284534991],[-58.68601479174173,76.03636820319092],[-58.683772125596825,76.03561013121359],[-58.681524570698805,76.03508846093911],[-58.678122431726656,76.0343972804194],[-58.67611561187018,76.03362588015663],[-58.672236314908474,76.03343862002002],[-58.66864210695001,76.03353222370104],[-58.665663542673556,76.03424123920053],[-58.662577943540924,76.03483872375321],[-58.65982676373125,76.03577067256438],[-58.65987556375629,76.03606501688782],[-58.662582292130395,76.03679628747007],[-58.66552557055895,76.03727785877004],[-58.66544508636352,76.03816964203762],[-58.667915351911645,76.03891884057036],[-58.67112144125117,76.03843273616125],[-58.672664389578024,76.03923094356841],[-58.67560299763249,76.03994886817812],[-58.679821178707996,76.04047506107706],[-58.68392808073097,76.04088523302977],[-58.68763805505531,76.04090761579248],[-58.690955564194496,76.04053296682419],[-58.691963220576405,76.0395832446146],[-58.69250740250999,76.0386601525463]]],"type":"Polygon"},"id":"00000000000000000076_00000000000000000076","properties":{"area":428876.9774236784,"elevation":966.6123631680617,"id":"00000000000000000076","region":"NW","surface":0.0,"year":2018},"type":"Feature"},{"geometry":{"coordinates":[[[-67.74405879546703,76.33494962269464],[-67.74159293189975,76.33467756187491],[-67.73964000428536,76.33481582042909],[-67.73761572256727,76.33491391650612],[-67.73550647771046,76.33496746790057],[-67.73410188657287,76.3347935556379],[-67.73350426188685,76.33433425671122],[-67.73100716467813,76.33416481800487],[-67.72960257029642,76.33461516106742],[-67.72773404893613,76.3348024174881],[-67.72545089993585,76.3345081656037],[-67.72389493545153,76.33486937821743],[-67.72225839005027,76.33518599091262],[-67.72117024186895,76.33581470469478],[-67.72132623880479,76.33590387980776],[-67.72304317745595,76.33625164399609],[-67.72570072182992,76.33651025842266],[-67.72835849471821,76.33676895072595],[-67.73085542832872,76.33693394837331],[-67.73249192429384,76.33661727575245],[-67.73453857169497,76.33677786752382],[-67.73656752357775,76.33668415973769],[-67.73844051201326,76.33649696463378],[-67.7402330317058,76.33626509134065],[-67.74218158465317,76.33612677847536],[-67.74334981025146,76.3355426742507],[-67.74405879546703,76.33494962269464]]],"type":"Polygon"},"id":"00000000000000000032_00000000000000000032","properties":{"area":114932.94126460019,"elevation":635.7827035573122,"id":"00000000000000000032","region":"NW","surface":0.0,"year":2018},"type":"Feature"},{"geometry":{"coordinates":[[[-66.39058332610335,76.45271896119176],[-66.39040973585536,76.45221950394368],[-66.38870637334648,76.45186278156493],[-66.38635643592015,76.45176914947345],[-66.38400175234835,76.45167549236209],[-66.38134860963449,76.4514035255197],[-66.3791458029698,76.45139903088966],[-66.3769387348212,76.45139901225332],[-66.37473574342985,76.45139455358148],[-66.37253304348138,76.45139010379947],[-66.37084768808238,76.45169779609391],[-66.36992015004304,76.45219719949633],[-66.36861371510753,76.45272783602333],[-66.36901928018246,76.45310238894854],[-66.36976399821249,76.45354829692396],[-66.37226560606624,76.45373118147724],[-66.37453967519143,76.45403879961263],[-66.37659520302255,76.45395406717869],[-66.37837443900531,76.45409681867622],[-66.37931098571175,76.45452931085566],[-66.38181709020056,76.45471213919288],[-66.3833508551956,76.45431083270981],[-66.38465744266365,76.45378017285499],[-66.3867886779102,76.45374008532036],[-66.38854551401201,76.45347252759171],[-66.39037821024024,76.45325405067061],[-66.39058332610335,76.45271896119176]]],"type":"Polygon"},"id":"00000000000000000033_00000000000000000033","properties":{"area":143394.12118439114,"elevation":727.8965968586391,"id":"00000000000000000033","region":"NW","surface":0.0,"year":2018},"type":"Feature"},{"geometry":{"coordinates":[[[-68.76641484420695,77.86443910274318],[-68.76522437769027,77.86396643680457],[-68.76387309966033,77.8635071326226],[-68.76368163505758,77.86294528720069],[-68.76249090490269,77.862472657651],[-68.75977520136718,77.86230767373117],[-68.75825459364795,77.86290521209769],[-68.75622576859456,77.86326188348491],[-68.75592275708556,77.86387278606023],[-68.75396505985138,77.86426071095838],[-68.7521591920937,77.86472003673576],[-68.75230195658152,77.86478693455665],[-68.75218127418835,77.86529967915166],[-68.75092399042516,77.86583035716667],[-68.75095074661658,77.86641000225929],[-68.7492117064083,77.86690504484494],[-68.75039787711923,77.86737763320319],[-68.75059385221344,77.86794392618492],[-68.75296167558209,77.86822487564825],[-68.75549897860897,77.86811338887462],[-68.75709097884733,77.86754711561021],[-68.75861145974126,77.8669495543171],[-68.76107707782388,77.8668069212677],[-68.76303496811406,77.86641452509916],[-68.76433248883325,77.86571439843173],[-68.7654474464679,77.86511241595564],[-68.76641484420695,77.86443910274318]]],"type":"Polygon"},"id":"00000000000000000047_00000000000000000047","properties":{"area":144199.0227797834,"elevation":929.1638573009955,"id":"00000000000000000047","region":"NW","surface":0.0,"year":2018},"type":"Feature"},{"geometry":{"coordinates":[[[-59.394548146194836,76.20245633499391],[-59.39418254222761,76.20188561981581],[-59.39404876270665,76.2012969317323],[-59.39228318471731,76.2008109334493],[-59.39144929865621,76.20027139823613],[-59.38898315457608,76.19982547804568],[-59.38688752299386,76.20019116390426],[-59.38472938558823,76.20050322433734],[-59.382754058773976,76.20098037272906],[-59.38077860369143,76.2014575010067],[-59.37950776853765,76.20213079731806],[-59.3774698918789,76.20255003009692],[-59.37548996871726,76.20279081067633],[-59.37308642164257,76.20263917873142],[-59.371111298690664,76.2031163310119],[-59.37123626101121,76.20346410071643],[-59.37370190526134,76.20391002302708],[-59.37406761034287,76.20448076887843],[-59.37652890246637,76.2046859171206],[-59.37874505872511,76.20443173287741],[-59.38007857614163,76.20381635057602],[-59.382125119464014,76.203869909439],[-59.38441266812167,76.20414634340541],[-59.386388135209174,76.20366926342352],[-59.388666840154244,76.2034685423137],[-59.3908203407054,76.2031608552149],[-59.39321959898843,76.20307169975567],[-59.394548146194836,76.20245633499391]]],"type":"Polygon"},"id":"0000000000000000000a_0000000000000000000a","properties":{"area":163970.20506974423,"elevation":865.329576302473,"id":"0000000000000000000a","region":"NW","surface":0.0,"year":2018},"type":"Feature"},{"geometry":{"coordinates":[[[-56.56551627310138,75.46934001004189],[-56.56089208938777,75.46886730604892],[-56.559893222410096,75.46764106963693],[-56.554733966232405,75.4675518818724],[-56.5511667480367,75.46872463353428],[-56.54661861664778,75.46938458017917],[-56.543162654369354,75.47070006200929],[-56.538556333615546,75.47128865089255],[-56.53439168208493,75.47242575294939],[-56.53385658690899,75.47316148977269],[-56.538052680066166,75.47379912238674],[-56.53741933762424,75.47510559317095],[-56.53841831170279,75.47633188445215],[-56.54237359963884,75.47563177812786],[-56.54094218689458,75.47457050552146],[-56.543158081938635,75.47382139619091],[-56.54612820555755,75.47260405533912],[-56.548772158311465,75.47168550169778],[-56.55190696010467,75.47067323423306],[-56.556401881428336,75.46994645355149],[-56.556950299804896,75.47027643812037],[-56.552620548460844,75.47120835589604],[-56.55361947166577,75.47243014788508],[-56.5564509188178,75.47278239614671],[-56.558818545069634,75.4715249494262],[-56.56249735480914,75.47048600130945],[-56.56551627310138,75.46934001004189]]],"type":"Polygon"},"id":"0000000000000000001f_0000000000000000001f","properties":{"area":289529.36568851216,"elevation":1145.5830935027725,"id":"0000000000000000001f","region":"NW","surface":0.0,"year":2018},"type":"Feature"},{"geometry":{"coordinates":[[[-56.36036625799028,75.51132686066863],[-56.35720909424243,75.51127339288644],[-56.35415905158883,75.51171037926363],[-56.35295969984123,75.51127788421658],[-56.35176013907098,75.5104841094126],[-56.35202791921539,75.509761768894],[-56.3516444506763,75.50893235643419],[-56.355242744101936,75.50917764708565],[-56.356054472898265,75.5084240271031],[-56.354038906100534,75.5076749099388],[-56.35419935356619,75.50681873168978],[-56.351037894008904,75.50640855245099],[-56.34766215428516,75.5064352638205],[-56.3479924658094,75.50720220367452],[-56.34570469076868,75.50752772735743],[-56.34271263948969,75.50803161753745],[-56.342766247815476,75.50845528203573],[-56.34233371416698,75.5093292121129],[-56.3427172059638,75.51015861098718],[-56.3441887025403,75.51093449584694],[-56.34648064952202,75.51167020254633],[-56.34795214023601,75.51245063164167],[-56.350511684261754,75.51317295775685],[-56.35411015080612,75.51341825259574],[-56.357650925358115,75.51359210537568],[-56.36004517881629,75.51304811350197],[-56.35938974759545,75.51222758193252],[-56.36036625799028,75.51132686066863]]],"type":"Polygon"},"id":"00000000000000000020_00000000000000000020","properties":{"area":211278.18577267605,"elevation":1214.8501820645274,"id":"00000000000000000020","region":"NW","surface":0.0,"year":2018},"type":"Feature"},{"geometry":{"coordinates":[[[-55.78084363641822,75.21347227921083],[-55.776451420994974,75.21389591345682],[-55.77685728828385,75.21295957103193],[-55.77459186620903,75.2121479820897],[-55.77333457013862,75.21305761999446],[-55.7685854606581,75.21300858925241],[-55.764117624986454,75.21258495643801],[-55.761116656499226,75.21301746588796],[-55.76455026449394,75.21390933140977],[-55.76076877347972,75.21366849159462],[-55.75824059184701,75.21287034378406],[-55.75364317832641,75.21302643478187],[-55.749612024222,75.21244229506283],[-55.74954990461811,75.2112427783697],[-55.74485428487196,75.21126059671714],[-55.74071622699582,75.21202314797561],[-55.739873467962326,75.21312449769523],[-55.74380196623776,75.2135703851226],[-55.74803796324848,75.21442658640275],[-55.75271134769465,75.21512219104588],[-55.75743329038796,75.21588022301394],[-55.76238304846991,75.21620575644698],[-55.76687779626214,75.21592035073978],[-55.771421617971754,75.21569744008634],[-55.77560876355246,75.21499736241945],[-55.78000102128741,75.2145737054366],[-55.78084363641822,75.21347227921083]]],"type":"Polygon"},"id":"00000000000000000022_00000000000000000022","properties":{"area":318358.7477627287,"elevation":1158.6173600174723,"id":"00000000000000000022","region":"NW","surface":0.0,"year":2018},"type":"Feature"},{"geometry":{"coordinates":[[[-55.578547763749555,75.1897811028031],[-55.57667938777953,75.18873772441442],[-55.57062386954837,75.18839437477929],[-55.57091386693426,75.18689606159063],[-55.56616027649608,75.18606217883213],[-55.56134441940924,75.18551373933032],[-55.558044587231436,75.18439900967039],[-55.55641722409523,75.18292306146314],[-55.555855288160224,75.181393534967],[-55.55369264680504,75.17994429876872],[-55.54991134439772,75.17892318734121],[-55.54666501067126,75.17787528389],[-55.55122239109361,75.17730457002033],[-55.5479894776371,75.177037050819],[-55.54201871575033,75.17717968423652],[-55.54195179861373,75.17746509641712],[-55.54464506238817,75.17889196855299],[-55.54787345549843,75.18029219367124],[-55.551636941575715,75.181665515142],[-55.55406267870144,75.18310585055316],[-55.55542263646151,75.1845952093641],[-55.5589900565586,75.18569655804896],[-55.56248589924834,75.18708336834294],[-55.5641181789282,75.18856375999655],[-55.56654808119671,75.18999961162866],[-55.572621441186186,75.18999512290215],[-55.578547763749555,75.1897811028031]]],"type":"Polygon"},"id":"00000000000000000023_00000000000000000023","properties":{"area":258464.2356166505,"elevation":1187.866625792559,"id":"00000000000000000023","region":"NW","surface":0.0,"year":2018},"type":"Feature"},{"geometry":{"coordinates":[[[-55.648551155840885,75.11320048326907],[-55.646058620183545,75.11317822016922],[-55.64386904232233,75.11357067119803],[-55.642192357558336,75.11315589052144],[-55.63944992469389,75.11279029736565],[-55.637942900190104,75.11222843755598],[-55.63833967582999,75.1116442645999],[-55.640979412678654,75.11187170798034],[-55.643369654680725,75.11175572840891],[-55.64185785914406,75.11119391937359],[-55.639748931125276,75.11093976083349],[-55.63903523785857,75.11033779234715],[-55.637786897239515,75.1097625864545],[-55.635396868396015,75.1098785007265],[-55.63378701714401,75.1103110059921],[-55.63174922412569,75.11090409716223],[-55.631200858876,75.11128309323459],[-55.630585472522455,75.11194752440625],[-55.63183394970616,75.11252270005943],[-55.632016773138524,75.11315151138373],[-55.63458961611567,75.11366424453728],[-55.63504004152925,75.1142795799355],[-55.63734529950103,75.11480133575043],[-55.639918139145976,75.11531414005714],[-55.641813280183555,75.11564853758917],[-55.64385559359709,75.11505547227047],[-55.645795212589654,75.1143242216001],[-55.64672279993576,75.11371333631295],[-55.648551155840885,75.11320048326907]]],"type":"Polygon"},"id":"00000000000000000024_00000000000000000024","properties":{"area":150795.3188904489,"elevation":1113.1589250884922,"id":"00000000000000000024","region":"NW","surface":0.0,"year":2018},"type":"Feature"},{"geometry":{"coordinates":[[[-55.696865387242624,75.08951379384312],[-55.69518445703877,75.08797089847756],[-55.68774660234497,75.08868442308861],[-55.67897995956996,75.08833215385027],[-55.669379462765846,75.08759635751483],[-55.663145688246495,75.08620510777719],[-55.65389747637602,75.08594652870433],[-55.651293584946345,75.08388193123984],[-55.658909697023425,75.08266456235832],[-55.66690479484814,75.08121534949198],[-55.672532168955605,75.07952984713862],[-55.679416900432244,75.07806281972425],[-55.684214948446304,75.07712194054001],[-55.67934129287952,75.0760874257511],[-55.67114971941073,75.07726459536283],[-55.66305664053798,75.07857560052904],[-55.655890764892966,75.08040827934155],[-55.648921203316824,75.08251297188123],[-55.6409214272904,75.08395772883462],[-55.640970726499646,75.08402458528383],[-55.6412871099018,75.0863433732338],[-55.650521872078166,75.08808687276047],[-55.660519443037266,75.08937108817427],[-55.67031602098317,75.09037885630434],[-55.6796177359468,75.09070432724666],[-55.6882683529135,75.090142490971],[-55.696865387242624,75.08951379384312]]],"type":"Polygon"},"id":"00000000000000000025_00000000000000000025","properties":{"area":787865.827257625,"elevation":1089.7785219487926,"id":"00000000000000000025","region":"NW","surface":0.0,"year":2018},"type":"Feature"},{"geometry":{"coordinates":[[[-55.168716181893075,75.04932837088275],[-55.165831022453645,75.0491098218268],[-55.16443979873027,75.04867734057432],[-55.164761061472234,75.04795939608489],[-55.16348996593837,75.04731281816302],[-55.1608993763137,75.0467287470395],[-55.158393377268276,75.04705417977243],[-55.15841117763697,75.04747783302417],[-55.15968184324495,75.04812439658534],[-55.15803651096211,75.04890474346594],[-55.15762176132422,75.04948888793821],[-55.15809455644584,75.05017108174015],[-55.15830397770084,75.05086674561045],[-55.156395556362604,75.05166044676781],[-55.15607463043553,75.0523828702613],[-55.15628420215966,75.05307846022004],[-55.15941000359282,75.05364026449658],[-55.16173769164232,75.05423784760585],[-55.16392702170872,75.05463023473261],[-55.16652673671661,75.05443843338134],[-55.16752113295381,75.05389888890973],[-55.166250204897224,75.0532523610216],[-55.164279298971344,75.05277972898095],[-55.16496139263926,75.05218217819575],[-55.16723121975937,75.05151332232433],[-55.168345902972256,75.05075528720167],[-55.16786907221266,75.05007301002529],[-55.168716181893075,75.04932837088275]]],"type":"Polygon"},"id":"00000000000000000026_00000000000000000026","properties":{"area":193274.5308446691,"elevation":1248.046886025179,"id":"00000000000000000026","region":"NW","surface":0.0,"year":2018},"type":"Feature"},{"geometry":{"coordinates":[[[-54.51820007625503,74.914520789448],[-54.51469101448048,74.91411058890044],[-54.51162306209755,74.91396344657343],[-54.50741368271693,74.91372259673734],[-54.50373050873286,74.91304036372435],[-54.50052887203055,74.91226450538575],[-54.49785332211281,74.91146630051159],[-54.49439298976677,74.9111229509179],[-54.491891634549155,74.91060125171722],[-54.49000518950278,74.90976743909712],[-54.4890822516773,74.90875068769138],[-54.49061631421942,74.90776972939638],[-54.48820382637388,74.90695814404239],[-54.484525126257296,74.90669509473774],[-54.4843959621709,74.90775634594296],[-54.484262084339065,74.90881758868989],[-54.48597434692484,74.90980307317894],[-54.48794961607738,74.91077072646273],[-54.48729434578078,74.91185425476532],[-54.4907990092004,74.91268813302041],[-54.49483457939279,74.91349966706566],[-54.49882547728691,74.91423988501775],[-54.50307933724784,74.91454752720932],[-54.50732893479861,74.91485523590468],[-54.51140910130679,74.91488647098024],[-54.515662916995566,74.91519409458266],[-54.51820007625503,74.914520789448]]],"type":"Polygon"},"id":"00000000000000000027_00000000000000000027","properties":{"area":219632.8230268493,"elevation":1394.824498819273,"id":"00000000000000000027","region":"NW","surface":0.0,"year":2018},"type":"Feature"},{"geometry":{"coordinates":[[[-54.454582368258265,74.85859029065975],[-54.45401574995504,74.85727933483534],[-54.451483194548764,74.85626266817543],[-54.44986447291587,74.85752902527048],[-54.44528052635877,74.85836292108633],[-54.441218333088614,74.85917447902199],[-54.440776910762324,74.86017773475822],[-54.44090611033909,74.86122565440621],[-54.43780713673707,74.86016436896944],[-54.43977340070961,74.85902283678863],[-54.442355440241286,74.85757365846284],[-54.44344764901019,74.85632954802685],[-54.44061199690586,74.85525934039234],[-54.43615720572468,74.85545115319604],[-54.43131026966132,74.85587472389696],[-54.42689555271169,74.8569805715944],[-54.427680486206675,74.8582112920858],[-54.424139766274024,74.85900053100232],[-54.42632041101546,74.85988790093768],[-54.42955332411908,74.86073514602181],[-54.434574326516575,74.86185439481488],[-54.43951033118883,74.86241174501787],[-54.444446660722434,74.86213086875176],[-54.449075090774585,74.86136384704392],[-54.4511307699179,74.85993698849606],[-54.454582368258265,74.85859029065975]]],"type":"Polygon"},"id":"00000000000000000028_00000000000000000028","properties":{"area":402728.8169350999,"elevation":1395.4196626130677,"id":"00000000000000000028","region":"NW","surface":0.0,"year":2018},"type":"Feature"},{"geometry":{"coordinates":[[[-53.88352745041523,74.52073312142267],[-53.87885862526244,74.51998847053477],[-53.87565709873724,74.51993050351497],[-53.871657367044925,74.51972091677742],[-53.8683665151339,74.51891829747309],[-53.864344376908655,74.51927501699558],[-53.859894077831214,74.51889600208074],[-53.855894380295545,74.51868645482806],[-53.85242519249716,74.51816914236032],[-53.84808213162434,74.51797293557807],[-53.844791358928724,74.51717032326245],[-53.84142887251208,74.51684033988094],[-53.83726886499836,74.51635428425125],[-53.83346051762172,74.51707667787673],[-53.833545395506256,74.51782583789367],[-53.83625193007925,74.51884248709207],[-53.84091619431645,74.51958712167618],[-53.84536655743935,74.51997062926557],[-53.849977122519185,74.52062613466362],[-53.85437393009776,74.52091150157965],[-53.85872149463515,74.52110774476857],[-53.86295746492536,74.5211210941813],[-53.867086692575086,74.52094720351747],[-53.871697470885486,74.52160269245248],[-53.87561255774782,74.52106312129962],[-53.87990205556151,74.52116568496747],[-53.88352745041523,74.52073312142267]]],"type":"Polygon"},"id":"0000000000000000002f_0000000000000000002f","properties":{"area":334228.158827283,"elevation":1506.693973400283,"id":"0000000000000000002f","region":"NW","surface":0.0,"year":2018},"type":"Feature"},{"geometry":{"coordinates":[[[-60.67667361232155,76.33708111267364],[-60.668085358723594,76.33803527472872],[-60.663425472107754,76.33706771564948],[-60.660991010882476,76.33569877275744],[-60.65508700499639,76.33800404757699],[-60.64974946693107,76.34033622619043],[-60.64332856567138,76.33993041369789],[-60.63735754987887,76.34172747590395],[-60.637286161453986,76.34007313274067],[-60.641183496343025,76.33834741780322],[-60.64911648543723,76.33820473816581],[-60.6482957599093,76.33660391167733],[-60.6517784114213,76.33407558947715],[-60.64528168478567,76.33246588249696],[-60.636430024245,76.33228308105123],[-60.62827008397174,76.33314363787188],[-60.62130035963777,76.33500761452706],[-60.62135847160674,76.33551143417],[-60.62187574280148,76.3377766452661],[-60.62464926053195,76.3398903188319],[-60.629536487608995,76.34173637491602],[-60.638949441472924,76.34238739375836],[-60.64775625441764,76.34161597123463],[-60.656068288047585,76.34042538002008],[-60.66395181067464,76.33932849088312],[-60.672820828306214,76.33861496053575],[-60.67667361232155,76.33708111267364]]],"type":"Polygon"},"id":"00000000000000000052_00000000000000000052","properties":{"area":793559.4879655178,"elevation":819.6142877153661,"id":"00000000000000000052","region":"NW","surface":0.0,"year":2018},"type":"Feature"},{"geometry":{"coordinates":[[[-63.58926045785959,76.5598622192148],[-63.588783145699786,76.55830599644514],[-63.58229512590852,76.5571555501608],[-63.58722707888352,76.55511773024308],[-63.58081936745193,76.55437748946957],[-63.57344384980189,76.55560373751112],[-63.57810822738749,76.55707080875585],[-63.56821342531827,76.55796265571503],[-63.560980483352495,76.55823017936427],[-63.550385776244816,76.55758357225358],[-63.553056893380585,76.55819897601425],[-63.55208914201385,76.56087443098835],[-63.557805759001155,76.56113746962298],[-63.56281762334284,76.55932714458571],[-63.57355960286194,76.55919781332307],[-63.566402908754384,76.55987554728426],[-63.56092721494384,76.560660418497],[-63.56535944261288,76.5623236523371],[-63.55888942668275,76.56294347146046],[-63.56491795206759,76.5637728395705],[-63.56782103732344,76.56455320126999],[-63.57079506586083,76.56485193677419],[-63.57774229558231,76.5657883388381],[-63.5780323734377,76.56440605146108],[-63.58213020751575,76.56284531575068],[-63.582183513765195,76.56077188227783],[-63.58926045785959,76.5598622192148]]],"type":"Polygon"},"id":"00000000000000000061_00000000000000000061","properties":{"area":617422.1079814289,"elevation":852.3408243288114,"id":"00000000000000000061","region":"NW","surface":0.0,"year":2018},"type":"Feature"},{"geometry":{"coordinates":[[[-54.11978835748488,73.74693193831268],[-54.11692114116249,73.74621847374914],[-54.113197893373936,73.74638789608817],[-54.10917582243118,73.74603119605239],[-54.1051938416223,73.74575476223353],[-54.10138583137885,73.74577256634603],[-54.09761779833894,73.74586621734024],[-54.094937821364155,73.74690077155539],[-54.09146879305243,73.74751611652832],[-54.08753139645299,73.74731096847108],[-54.084445774412565,73.74668224421853],[-54.080766835528934,73.74692302137504],[-54.07699898641078,73.74701668408296],[-54.07356978339349,73.74770339393686],[-54.07365454352993,73.74785494524595],[-54.075050214342006,73.74886274203105],[-54.07885834205859,73.74884493651011],[-54.08284023347052,73.74912586653693],[-54.086563728183606,73.74895639873257],[-54.090416433251775,73.74901433800761],[-54.094269191701244,73.74907231183441],[-54.097907576114004,73.74875572960256],[-54.1016353452941,73.74858631155988],[-54.1054434360366,73.74856841108289],[-54.10899732127759,73.74810468375983],[-54.11263596261682,73.74778805965111],[-54.11635949500408,73.74761865115997],[-54.11978835748488,73.74693193831268]]],"type":"Polygon"},"id":"00000000000000000069_00000000000000000069","properties":{"area":321241.57971589826,"elevation":1266.1377138227338,"id":"00000000000000000069","region":"NW","surface":0.0,"year":2018},"type":"Feature"},{"geometry":{"coordinates":[[[-53.57293770944211,73.73397384460814],[-53.57280388487262,73.73321581081754],[-53.57035132227863,73.73270738155884],[-53.56776959955437,73.73297052271948],[-53.56486657623953,73.73263610442999],[-53.562869021301616,73.73195825132764],[-53.562204620003854,73.73122256171042],[-53.56347984242066,73.73055810693357],[-53.565981421263544,73.73014787788615],[-53.56848312335794,73.72973766106084],[-53.566110873179696,73.72937650425322],[-53.56393036182956,73.72885920443206],[-53.561268289432164,73.72897067493794],[-53.5587266555244,73.7293095722706],[-53.55602435032474,73.72934522044366],[-53.55356283045954,73.7298312901685],[-53.55281809541926,73.73047341919543],[-53.55189077431598,73.73127603142275],[-53.55470889610622,73.73146331683712],[-53.55617590221427,73.73216343577342],[-53.55764277374384,73.73286349416507],[-53.55906542865117,73.7334921789171],[-53.56200843105146,73.73389802538173],[-53.56483103559967,73.7340853168707],[-53.56765368294563,73.73427256433558],[-53.57039600403258,73.73430828582569],[-53.57293770944211,73.73397384460814]]],"type":"Polygon"},"id":"0000000000000000006a_0000000000000000006a","properties":{"area":187268.68345686037,"elevation":1434.0132279183733,"id":"0000000000000000006a","region":"NW","surface":0.0,"year":2018},"type":"Feature"},{"geometry":{"coordinates":[[[-56.756927760884324,75.81500950474654],[-56.75403806568806,75.81454578014558],[-56.75096132647975,75.81562045819133],[-56.74678756318182,75.81540641725911],[-56.74272974296723,75.81591921675187],[-56.74046014565831,75.81676642391544],[-56.740277373612834,75.8171454466101],[-56.73950140737838,75.81828252497192],[-56.73967517734095,75.81937495899707],[-56.74128950604672,75.8203916252784],[-56.74026828667199,75.82154652199843],[-56.74260048119912,75.82252751885775],[-56.744691804239075,75.8235219477937],[-56.74825921371593,75.82419524630784],[-56.7493916687174,75.82523867555378],[-56.75335143811374,75.82460992804269],[-56.75178635382514,75.82364680351762],[-56.74922656303958,75.82298682116115],[-56.746854363706746,75.82225110453489],[-56.74870038998303,75.82148411935134],[-56.74928910517346,75.82041393113774],[-56.745583603662155,75.81986989600642],[-56.74502621973755,75.81892018945447],[-56.74771932153747,75.8176805191537],[-56.750608963706995,75.81667725542455],[-56.7538865347468,75.81583888620533],[-56.756927760884324,75.81500950474654]]],"type":"Polygon"},"id":"00000000000000000073_00000000000000000073","properties":{"area":217081.96243140724,"elevation":1280.0345825296224,"id":"00000000000000000073","region":"NW","surface":0.0,"year":2018},"type":"Feature"},{"geometry":{"coordinates":[[[-62.14384706063064,76.55479222907796],[-62.143280742627645,76.5545737161877],[-62.14271918682878,76.55435966137641],[-62.141474900563004,76.55425268049416],[-62.140230836152554,76.55415009663912],[-62.13941486967536,76.55395388097054],[-62.1381706290601,76.55384688176676],[-62.13731446993418,76.5540386059135],[-62.13638243601207,76.55416792978197],[-62.13560689289305,76.55441765547329],[-62.13491107098303,76.55472527810628],[-62.13389891905228,76.55479665413162],[-62.13296682944303,76.55493044251953],[-62.13219115642809,76.55517567458372],[-62.132347169246486,76.55529612182107],[-62.13240502388637,76.5555502221986],[-62.132717006810836,76.55578215592654],[-62.13277517471854,76.55603629194273],[-62.13283316736489,76.55629050365802],[-62.13407726019972,76.55639301627578],[-62.13516516807185,76.55637963334698],[-62.13648947056792,76.55654018093378],[-62.13749730718554,76.5564688511222],[-62.138429467983734,76.55633952519298],[-62.139285432590206,76.55614776368925],[-62.14013717099509,76.55596045901746],[-62.141225118704035,76.55594267856583],[-62.14223759502511,76.55587130626306],[-62.14301338896866,76.55562159548833],[-62.14345902986501,76.55533622262038],[-62.14340116982928,76.55508204738433],[-62.14384706063064,76.55479222907796]]],"type":"Polygon"},"id":"0000000000000000000c_0000000000000000000c","properties":{"area":58288.686641288026,"elevation":1064.735497835498,"id":"0000000000000000000c","region":"NW","surface":0.0,"year":2018},"type":"Feature"},{"geometry":{"coordinates":[[[-60.4569782817068,76.34478638099122],[-60.456889073834475,76.34449206372405],[-60.45539068614846,76.34429140888211],[-60.454592406649446,76.34404614416397],[-60.453798823315104,76.34380089164014],[-60.45249681129693,76.3437652317639],[-60.45151560369277,76.34401048381233],[-60.45066851598391,76.34436281594668],[-60.44949144820392,76.34443856101146],[-60.44818919280357,76.34440294988282],[-60.447208348067306,76.3446481448622],[-60.4462272775676,76.34488896603874],[-60.44636111929771,76.34500045812881],[-60.44550937094389,76.34535712059521],[-60.44489380643206,76.34569603252908],[-60.44498327222433,76.34598587170665],[-60.44554510824215,76.34624899067268],[-60.44657046154928,76.34648087562128],[-60.44713252618909,76.34674391543936],[-60.4486307843838,76.34694458689043],[-60.45006665146915,76.34708727794646],[-60.451042929921144,76.34684650215208],[-60.4514890730052,76.34657894413846],[-60.45253238720759,76.3463917024305],[-60.453642656813834,76.34625788322366],[-60.45449425614473,76.34590563315524],[-60.454873499851224,76.3455801202393],[-60.45525244157786,76.34525901094632],[-60.45636271187479,76.3451252896773],[-60.4569782817068,76.34478638099122]]],"type":"Polygon"},"id":"0000000000000000000d_0000000000000000000d","properties":{"area":68263.99863108467,"elevation":968.3321678321678,"id":"0000000000000000000d","region":"NW","surface":0.0,"year":2018},"type":"Feature"},{"geometry":{"coordinates":[[[-56.2898055983497,75.33342215489247],[-56.28921684943171,75.33302531204298],[-56.288356330043825,75.3326463122851],[-56.28722359061838,75.33227612230637],[-56.28744221051887,75.33184366344882],[-56.28765607641282,75.33140662003858],[-56.28733521627864,75.33099641549616],[-56.28620702650788,75.33062632231558],[-56.28448561152421,75.33057278707953],[-56.28313916340806,75.33099636391844],[-56.28157841670374,75.33114354031072],[-56.279910690871326,75.33115690781108],[-56.27856414672767,75.33158056746635],[-56.277110469642565,75.33186586885368],[-56.27582186298956,75.33235643989231],[-56.27442165417865,75.33271316965676],[-56.27409604041898,75.33301185658661],[-56.27334235879906,75.33347564897589],[-56.27339611803391,75.33389926600731],[-56.27527778659596,75.33415794018448],[-56.27694528717424,75.33414452462861],[-56.27866652931621,75.33419803734444],[-56.28017377987848,75.3339795104229],[-56.282055535762,75.33423812165569],[-56.28372336375178,75.33422480958163],[-56.28523053546148,75.33400624430436],[-56.28684481714775,75.33392600975887],[-56.28835198932366,75.3337075358596],[-56.2898055983497,75.33342215489247]]],"type":"Polygon"},"id":"00000000000000000021_00000000000000000021","properties":{"area":122318.94965785944,"elevation":1189.8682737077856,"id":"00000000000000000021","region":"NW","surface":0.0,"year":2018},"type":"Feature"},{"geometry":{"coordinates":[[[-54.37338646601469,73.95860997728437],[-54.37283786676547,73.95825766065973],[-54.37261952788928,73.95789206363867],[-54.37107218579905,73.9575843652226],[-54.369801356976986,73.9577404347859],[-54.36875353091215,73.95769134889778],[-54.36853503193379,73.95732570004417],[-54.36732224040224,73.9570046571213],[-54.36599775778617,73.95706264203206],[-54.36478032766828,73.95730783368478],[-54.36350970568504,73.95745947883205],[-54.3636165813017,73.95764233783808],[-54.363175025111026,73.95803915431014],[-54.362729234465164,73.95843601016169],[-54.362617663755415,73.95881951619806],[-54.362836068600366,73.9591851700931],[-54.36305448257057,73.95955082342539],[-54.36360313421868,73.95990309767193],[-54.364156023049865,73.96025532906339],[-54.365533985791075,73.96028658539225],[-54.366804778120226,73.96013492835698],[-54.36796867127578,73.95980052328215],[-54.3692394127499,73.95964442131718],[-54.37051018127213,73.95949285441097],[-54.37183462366821,73.95943490778478],[-54.372945105215585,73.9590068174488],[-54.37338646601469,73.95860997728437]]],"type":"Polygon"},"id":"00000000000000000030_00000000000000000030","properties":{"area":80464.29258703087,"elevation":1310.245713778094,"id":"00000000000000000030","region":"NW","surface":0.0,"year":2018},"type":"Feature"}]}