{"type":"FeatureCollection","features":[{"geometry":{"coordinates":[[[-50.18180015392035,70.68396648527678],[-50.181693212906005,70.68359193449702],[-50.180605171635506,70.68381487048156],[-50.17951276513857,70.68403788844346],[-50.178366589295436,70.68407354324444],[-50.177122696736426,70.68372570478424],[-50.175976731421464,70.68376139406509],[-50.17473240530932,70.6834180690036],[-50.17348412251629,70.68307469276837],[-50.17223543305967,70.68272686499047],[-50.17099141747571,70.68238356231247],[-50.16974286731467,70.68204016878192],[-50.168547636029174,70.6818841362969],[-50.16740610804625,70.68191978950978],[-50.167508703506826,70.68229882762708],[-50.16761130266922,70.6826778657264],[-50.168289155027935,70.68303907290688],[-50.16896245771965,70.68340019631904],[-50.16963580847255,70.68376143478979],[-50.170313523077674,70.68412258079651],[-50.170937909888735,70.68429201692689],[-50.17213273091186,70.68444810963],[-50.173327943268305,70.6846041800709],[-50.17452296883034,70.68476018867293],[-50.1757179689183,70.68491185146915],[-50.17685951616939,70.6848806560676],[-50.17800553548512,70.68484496034388],[-50.1790934529607,70.68462199078591],[-50.180239654418116,70.6845863306012],[-50.18133190429345,70.68436337288873],[-50.18180015392035,70.68396648527678]]],"type":"Polygon"},"id":"00000000000000000160","properties":{"area":73401.95069160312,"elevation":1028.1802854070959,"region":"CW","year":2018},"type":"Feature"},{"geometry":{"coordinates":[[[-49.761895535206015,69.61463399434973],[-49.76184653690007,69.61444664353091],[-49.761258000877,69.61427277359803],[-49.76066928139864,69.61409884836696],[-49.760080761828355,69.61392497376676],[-49.759492058807865,69.61375104386694],[-49.75890355569022,69.61357716459958],[-49.7583105264843,69.61340325559382],[-49.75772184817982,69.61322931867323],[-49.75767727396375,69.6130376084665],[-49.75763267817875,69.61285034905684],[-49.75704401812968,69.61267640955495],[-49.75650014384157,69.61268978034668],[-49.755956077697505,69.61270766476585],[-49.755412009783186,69.61272097847367],[-49.75545675692647,69.61291274220412],[-49.755501335920925,69.61310000222905],[-49.7550018346709,69.61330514305055],[-49.75450685899797,69.61351030967735],[-49.75400750852783,69.61371538215762],[-49.75350798100797,69.61392051783571],[-49.753008589809355,69.6141300376456],[-49.75250923632365,69.61433522286035],[-49.75200985069361,69.61454028846502],[-49.75151028800183,69.61474541726501],[-49.751015251172554,69.61495057198103],[-49.75105999171293,69.61513788666277],[-49.75164865002335,69.61531173328451],[-49.752237148261734,69.61548564248714],[-49.752281876158015,69.61567740772358],[-49.75232643646228,69.615864669239],[-49.75291495295459,69.61603857586125],[-49.753508012539136,69.61621250770926],[-49.75409654551805,69.61638640964685],[-49.754640674855956,69.61637298331517],[-49.75518465773721,69.61635516906375],[-49.75572861680991,69.61634180353734],[-49.756272597522916,69.61632398517287],[-49.75686115159061,69.61649787593701],[-49.75740528025793,69.61648443916788],[-49.75790465660108,69.61627935438409],[-49.75840402417652,69.61607426788144],[-49.75890357335248,69.61586466395453],[-49.75939838856158,69.61565954664134],[-49.759897898057304,69.61545439007398],[-49.760397230506825,69.61524929671162],[-49.760896914148354,69.61504418966987],[-49.76139622906054,69.61483909286908],[-49.761895535206015,69.61463399434973]]],"type":"Polygon"},"id":"000000000000000000e0","properties":{"area":104080.68610356376,"elevation":924.2283569356771,"region":"CW","year":2018},"type":"Feature"},{"geometry":{"coordinates":[[[-49.81338917853039,69.57608502992485],[-49.812617800945304,69.5751530682087],[-49.81238603275477,69.57420324384738],[-49.81270268362143,69.57324012615415],[-49.81193106886019,69.57230817646754],[-49.80962130313556,69.57179983033936],[-49.806905722219696,69.57188005343129],[-49.80433288463045,69.57253109715171],[-49.80437758756949,69.57271839949912],[-49.80406079671955,69.57368154976274],[-49.80320460313716,69.57466258051684],[-49.801804578090554,69.5756613909204],[-49.799316385054794,69.57668703294661],[-49.79673903897302,69.5773335584516],[-49.79533896569684,69.57833241305163],[-49.79447827129587,69.57931340961701],[-49.794117120507615,69.5800848796959],[-49.796832562702114,69.58000458399805],[-49.79950368036731,69.57973703746688],[-49.802308463062104,69.58003581754018],[-49.805024062630395,69.57995553786996],[-49.807695082668346,69.57968795672299],[-49.81031697142615,69.57922871799356],[-49.81244404892545,69.57897452935897],[-49.8122165916604,69.57802924163315],[-49.813072713969994,69.57704820519447],[-49.81338917853039,69.57608502992485]]],"type":"Polygon"},"id":"000000000000000000c4","properties":{"area":425867.2614806742,"elevation":904.6622081997748,"region":"CW","year":2018},"type":"Feature"},{"geometry":{"coordinates":[[[-49.860878737237115,69.42308438666772],[-49.86082959099511,69.42289704687032],[-49.860245397010004,69.42272315559913],[-49.860200949515814,69.42253144272537],[-49.860156307791506,69.42234412689648],[-49.859572131752294,69.42217023307596],[-49.85898796379391,69.42199633694223],[-49.858448592692625,69.42201413946955],[-49.85790905887671,69.42202755516868],[-49.8573693286298,69.4220453658276],[-49.85687887739421,69.42225045024263],[-49.85638394324879,69.4224556266816],[-49.85584439172019,69.42247348436086],[-49.85530484461671,69.42248689017984],[-49.85535391813516,69.42267856355915],[-49.85539852356131,69.42286588080991],[-49.8549035399498,69.42307093432505],[-49.854413063856335,69.42328057803509],[-49.85445747299473,69.42346784287693],[-49.854502234210784,69.42365954537428],[-49.85455133349002,69.42384688732565],[-49.8551353273896,69.42402074925623],[-49.8551799340298,69.4242080669048],[-49.855224702555944,69.42439976939073],[-49.85580873805503,69.42457374662072],[-49.85585782588903,69.42476097054893],[-49.85590243427524,69.42495273801579],[-49.856442041067965,69.42493488030107],[-49.856932359530134,69.42472974410681],[-49.85742735822148,69.42452468319328],[-49.857918016603506,69.42431953144052],[-49.8584574398621,69.42430173108973],[-49.85904147045567,69.42447557732368],[-49.859581247965814,69.42446221035556],[-49.86007603158688,69.42425263756454],[-49.86002707913681,69.42406535003867],[-49.859982440115736,69.42387358394518],[-49.86047739392991,69.42366851250111],[-49.86042843975522,69.42348122524622],[-49.86038379883312,69.42328945941424],[-49.860878737237115,69.42308438666772]]],"type":"Polygon"},"id":"000000000000000000b6","properties":{"area":54994.59833422304,"elevation":711.2534118103614,"region":"CW","year":2018},"type":"Feature"},{"geometry":{"coordinates":[[[-49.1657361097396,70.36961331895208],[-49.165085042651036,70.36924763923464],[-49.16500487438654,70.36886862465487],[-49.16435832755191,70.36850293487264],[-49.16371162559522,70.36813730667193],[-49.162498774843996,70.36778504737157],[-49.16141073143637,70.36800357568187],[-49.16024238347883,70.36784302555867],[-49.1590295974462,70.36749073835763],[-49.15782115924645,70.36713849878838],[-49.1566530098519,70.36697346805757],[-49.155520386487346,70.36700467751066],[-49.1544322647929,70.36721876614705],[-49.15334416325986,70.36743723538899],[-49.15230076847812,70.36784302749275],[-49.15238096259881,70.36822649034033],[-49.1530276697161,70.36859210280657],[-49.15310783754627,70.36897117687704],[-49.15428066762912,70.36913165810878],[-49.15544891254647,70.36929670793151],[-49.156661856080184,70.36964445384675],[-49.15787023512861,70.36999676791199],[-49.159002866727974,70.36996999391042],[-49.16013100655031,70.36994321831065],[-49.16133945052491,70.37029550458193],[-49.162471913613096,70.3702687685187],[-49.163560052041355,70.37005023254972],[-49.164647993341184,70.3698317528379],[-49.1657361097396,70.36961331895208]]],"type":"Polygon"},"id":"0000000000000000012a","properties":{"area":114457.93534740807,"elevation":1438.1317099126732,"region":"CW","year":2018},"type":"Feature"},{"geometry":{"coordinates":[[[-49.06280211787486,69.73590367565097],[-49.06088489337172,69.73461499318894],[-49.05583704414846,69.73416909337328],[-49.05086960844733,69.73409773345973],[-49.045897867795404,69.7340308295536],[-49.04093033374877,69.733959546954],[-49.03600292446374,69.7340798685167],[-49.03107130561719,69.73420031571385],[-49.0261038049136,69.73413338277633],[-49.02132368547574,69.73501182942773],[-49.016512207069844,69.73570300820734],[-49.01184808570419,69.73715223884209],[-49.01141550623564,69.73773630610741],[-49.0079238837646,69.73953785158113],[-49.00827178224184,69.74124565484493],[-49.0133953403886,69.74207502473907],[-49.018402997086085,69.74233813526243],[-49.02318302663495,69.74145526599084],[-49.0281549748537,69.74152661042429],[-49.03308666914382,69.74140618960934],[-49.038134354946564,69.74185654472822],[-49.04302608304943,69.74154441775717],[-49.047922241535474,69.74123229309255],[-49.05261761237384,69.7399748190386],[-49.056376549973194,69.73949770159838],[-49.059863645645855,69.7376962400562],[-49.06280211787486,69.73590367565097]]],"type":"Polygon"},"id":"000000000000000000a7","properties":{"area":1425314.5485629444,"elevation":1296.5093506669057,"region":"CW","year":2018},"type":"Feature"},{"geometry":{"coordinates":[[[-48.53572758490672,69.56439775489054],[-48.535116610888444,69.56403204300032],[-48.533997391597126,69.56386261107752],[-48.532909365546736,69.5638893449799],[-48.531821414802124,69.56391168558532],[-48.530733272323985,69.56393396336654],[-48.52968105780531,69.56414802560384],[-48.528561804505856,69.56398305448046],[-48.5274736528782,69.56400530754597],[-48.526421403398395,69.56421934581715],[-48.52536913431438,69.56443337637437],[-48.52434792718625,69.56483475087296],[-48.523259918081166,69.56485702648475],[-48.52223876442875,69.56526282565278],[-48.52121763895289,69.56566411456915],[-48.5212845480767,69.5660431440566],[-48.52081190466952,69.56643555995298],[-48.52193114610961,69.56660497720385],[-48.52305029389959,69.5667699461782],[-48.52413839001189,69.56674767237728],[-48.52522637428023,69.5667209506891],[-48.52631427546775,69.56669860580841],[-48.52736663398957,69.5664845680293],[-48.52841897290257,69.5662705225356],[-48.52950703664703,69.56624820799001],[-48.53055953310372,69.56603420135905],[-48.5316117598037,69.56582463552758],[-48.53266855668463,69.5656106248626],[-48.533685217969946,69.56520485753211],[-48.53474213887133,69.56499076816269],[-48.53525049788772,69.56479009791443],[-48.53572758490672,69.56439775489054]]],"type":"Polygon"},"id":"00000000000000000069","properties":{"area":116806.70885863532,"elevation":1448.8636697697211,"region":"CW","year":2018},"type":"Feature"},{"geometry":{"coordinates":[[[-48.00604868996296,68.86414046545767],[-48.00266877407508,68.86267793937022],[-48.0003411545971,68.86119751342393],[-47.99598469808383,68.86032795534058],[-47.99171705277557,68.86002474657779],[-47.98747202367158,68.85991328312834],[-47.98328497877006,68.86018528256758],[-47.9790711800121,68.86026548690423],[-47.974910965915136,68.8607248145439],[-47.97086205909091,68.86194213531621],[-47.96686220708503,68.86354293950092],[-47.96697357655696,68.86430549798801],[-47.96666595186744,68.86583491401572],[-47.96688447519649,68.86735545751732],[-47.97026449728223,68.86881806019444],[-47.974616445880386,68.86969209739082],[-47.97894184426558,68.87037427301267],[-47.983106597683076,68.8699150521295],[-47.98568849279345,68.86948246906218],[-47.98235751358753,68.86840335533273],[-47.97845137164282,68.86694971634509],[-47.979285109784456,68.86540689644714],[-47.98328059824588,68.86380604719432],[-47.98733377296794,68.86258873402117],[-47.99154776038754,68.86250846083166],[-47.99578833523529,68.86261990754107],[-48.00011819141737,68.86329775481558],[-48.00455501544032,68.86474250189902],[-48.00604868996296,68.86414046545767]]],"type":"Polygon"},"id":"000000000000000001f9","properties":{"area":804305.1352598075,"elevation":1479.9776624165695,"region":"CW","year":2018},"type":"Feature"},{"geometry":{"coordinates":[[[-48.426992319423846,68.72227865975218],[-48.4255432621795,68.71983061874087],[-48.42304161273427,68.71740481116369],[-48.4231575085694,68.71492555638842],[-48.422751640266,68.71245524543227],[-48.42234602474737,68.70998488189493],[-48.418279266507874,68.70759035048984],[-48.411733309091325,68.7092580666012],[-48.41130535541592,68.70984222547762],[-48.411184813509635,68.71232152868787],[-48.41054269422253,68.71481410004172],[-48.41199644190896,68.71726216882101],[-48.410832477586865,68.71976820585316],[-48.40914247721097,68.72228310146211],[-48.40850499675828,68.72477576111278],[-48.40838455836674,68.72725943843268],[-48.411773391589165,68.72870865220779],[-48.416914867072286,68.72802645055509],[-48.41232196823056,68.72564527456227],[-48.412437899376414,68.72316601942204],[-48.414649631482284,68.72063768205902],[-48.421262395517516,68.71934898476242],[-48.42375935279065,68.72177477334613],[-48.42364358681589,68.72425849478572],[-48.42195790144452,68.72677343043544],[-48.42583303508632,68.72478021262548],[-48.426992319423846,68.72227865975218]]],"type":"Polygon"},"id":"00000000000000000216","properties":{"area":906729.4390107398,"elevation":1332.0049959749037,"region":"CW","year":2018},"type":"Feature"},{"geometry":{"coordinates":[[[-49.323075598455446,69.41691295550886],[-49.32129633908439,69.4161950178344],[-49.31852271725197,69.41588733461941],[-49.315865129089595,69.4161504353868],[-49.31321208033127,69.41640907863761],[-49.3103134420802,69.41553506386192],[-49.30741513373735,69.41465666081808],[-49.30468172480913,69.41454074912976],[-49.30214884512958,69.41537007254178],[-49.30177448320151,69.41614153578541],[-49.300356276267436,69.4171314411282],[-49.30002182495302,69.41809464226108],[-49.30022254560677,69.41904437502195],[-49.29988806516404,69.42000757813528],[-49.30008873879645,69.42095292870839],[-49.301372982052165,69.42187592160424],[-49.30373181019713,69.4227677931346],[-49.30655013020065,69.42326270551452],[-49.30940830087039,69.42394943208869],[-49.312182004264756,69.42425708465204],[-49.314919873338596,69.42437749947409],[-49.31757747193035,69.42411438520925],[-49.319650816405364,69.42367738330573],[-49.32052489266962,69.42270090140018],[-49.3213988778681,69.42172429719548],[-49.321198186102094,69.42077450148632],[-49.32099309723384,69.41982916843571],[-49.32078796159287,69.41887945153152],[-49.32220147108231,69.41788945771368],[-49.323075598455446,69.41691295550886]]],"type":"Polygon"},"id":"00000000000000000088","properties":{"area":733109.810852111,"elevation":978.3686069143599,"region":"CW","year":2018},"type":"Feature"},{"geometry":{"coordinates":[[[-51.50818216846543,71.76681906503886],[-51.506697374374994,71.7661100853861],[-51.5040083885765,71.76543675666645],[-51.50152919385318,71.76533421248817],[-51.498973963954334,71.76504436617539],[-51.49683806159502,71.76588714369005],[-51.49442588673224,71.76597182259809],[-51.492080295098745,71.76624828500576],[-51.489734889282815,71.76652029456324],[-51.48987305475043,71.7668993245355],[-51.49075136711742,71.76763511881575],[-51.491023605240784,71.7683886999327],[-51.49009166899966,71.76918687870861],[-51.490969872569984,71.76992262036548],[-51.49184853109249,71.77065834106007],[-51.49332878219952,71.77136739667547],[-51.49300323065184,71.77214772379355],[-51.49494756747655,71.77245986570301],[-51.49750261325866,71.77274964257957],[-51.49984803853993,71.77247772427849],[-51.50078012761389,71.77167947344623],[-51.502920440863555,71.77083672306624],[-51.50526141631938,71.77056024766618],[-51.50566279867128,71.76997167287747],[-51.507196571379524,71.76915117635161],[-51.50752213046952,71.76837531971655],[-51.507852250468595,71.76759945288147],[-51.50818216846543,71.76681906503886]]],"type":"Polygon"},"id":"000000000000000001a7","properties":{"area":376935.4314652237,"elevation":205.9059972632473,"region":"CW","year":2018},"type":"Feature"},{"geometry":{"coordinates":[[[-48.89840847053854,68.67372795798698],[-48.89492586862276,68.6719086364772],[-48.89053816669582,68.67087409442097],[-48.88542813601509,68.67156972527505],[-48.88010841323132,68.6711327287132],[-48.87492694234501,68.67144938448577],[-48.86967412732692,68.67138696531346],[-48.86456376671733,68.67208701640622],[-48.86275800334686,68.67365664277452],[-48.86258852017899,68.67556959724384],[-48.86398420455459,68.6774423984476],[-48.865906123233714,68.6793018946074],[-48.86983911511597,68.68073323966523],[-48.87512755137961,68.68098294017437],[-48.88045170315612,68.68142433717595],[-48.88218620027792,68.67947129251051],[-48.8804428472574,68.67856163626746],[-48.87515416542861,68.67831192600084],[-48.86976337146821,68.67749145595151],[-48.86836305758757,68.67561859286711],[-48.86957604684354,68.6736789311513],[-48.87454785335496,68.67222082812273],[-48.87972949015874,68.67190418670073],[-48.88512046654571,68.67272469762709],[-48.890168123042365,68.6745082872435],[-48.89504176976802,68.67533768544524],[-48.89840847053854,68.67372795798698]]],"type":"Polygon"},"id":"00000000000000000242","properties":{"area":625062.6036953336,"elevation":1242.8745135032511,"region":"CW","year":2018},"type":"Feature"},{"geometry":{"coordinates":[[[-48.620789204807124,69.46170018150592],[-48.62068675342575,69.46112944246585],[-48.620584119173024,69.46055864933838],[-48.61993770115069,69.46000125875955],[-48.619835044912676,69.459434968579],[-48.619192994639214,69.45887758429559],[-48.618011227581086,69.45832910784583],[-48.61628553641581,69.45779845871377],[-48.6146626292378,69.45783413576433],[-48.61307509412325,69.45805706696508],[-48.61314652458772,69.45843609664831],[-48.61270501069713,69.45902021320092],[-48.61226803056942,69.45959988957546],[-48.6123704640864,69.46017068730823],[-48.612473073303555,69.46074142185289],[-48.61257575200689,69.46130777218474],[-48.61267820124432,69.46187857100055],[-48.61278082619421,69.46244930662729],[-48.613422999801806,69.46300665855006],[-48.614065032646636,69.46356407163702],[-48.61471158660004,69.46412142764252],[-48.616432788222085,69.46465654990469],[-48.618020236684465,69.4644291508801],[-48.618492950189896,69.46403671690602],[-48.618934364551905,69.46345708114958],[-48.619371294456045,69.46287287862407],[-48.6203478665499,69.46227982192883],[-48.620789204807124,69.46170018150592]]],"type":"Polygon"},"id":"00000000000000000065","properties":{"area":188617.83726198244,"elevation":1322.2534681047305,"region":"CW","year":2018},"type":"Feature"},{"geometry":{"coordinates":[[[-48.64643365703001,69.5192671779987],[-48.64582274100319,69.51889702640707],[-48.6447391938556,69.51892378623442],[-48.6436197931422,69.51875881801388],[-48.642536477139124,69.51878111268152],[-48.64144846808018,69.5188034002326],[-48.640364745499376,69.51883019057301],[-48.639245563633956,69.51866524275039],[-48.63816205518338,69.51868744992217],[-48.63711400031901,69.51890149736587],[-48.63609757461796,69.51930730495776],[-48.635080796712884,69.51970861164068],[-48.63399720910953,69.51973540814491],[-48.63460818404221,69.52010104347279],[-48.63467942938351,69.52047999409747],[-48.634202293367856,69.5208724801868],[-48.63372962593426,69.52126479154936],[-48.6348845109909,69.52162156928686],[-48.636039471305835,69.5219738350375],[-48.63708731022264,69.52175980425392],[-48.63817094108841,69.52173748756016],[-48.6391875787054,69.52133622164553],[-48.64020422294249,69.52093044565994],[-48.641252146774285,69.52071632085239],[-48.64230439989101,69.52050231445497],[-48.64331681183929,69.52009656289405],[-48.64433329073532,69.5196952607944],[-48.64535013470521,69.51928943945934],[-48.64643365703001,69.5192671779987]]],"type":"Polygon"},"id":"00000000000000000068","properties":{"area":100444.67960226917,"elevation":1372.3101638641965,"region":"CW","year":2018},"type":"Feature"},{"geometry":{"coordinates":[[[-49.734918070603676,69.6786264835402],[-49.73487350937807,69.6784392036141],[-49.73482897508442,69.67824747264642],[-49.73478424659597,69.67806025767348],[-49.73473952169744,69.67786847375847],[-49.7346906090365,69.67768121874713],[-49.7341021420459,69.67750729023092],[-49.73405742381242,69.67731550624785],[-49.73401287216032,69.67712822636281],[-49.73341970821061,69.6769543319238],[-49.73283112559654,69.67677601231891],[-49.732238147142695,69.67660204827409],[-49.731649554622585,69.67642817505529],[-49.73110092378264,69.67644600276286],[-49.730601722351246,69.6766511255288],[-49.73005763142913,69.67666897758416],[-49.72950902009421,69.67668234816722],[-49.729009799238185,69.67688746540792],[-49.72851020866978,69.67709259281038],[-49.728554882074164,69.67728437827404],[-49.72859956026686,69.67747159480471],[-49.72809995390785,69.67767672085347],[-49.727596152997386,69.67788180488502],[-49.72709672113953,69.67808698049915],[-49.7271411932891,69.67827871355297],[-49.727186027157565,69.67847043476289],[-49.7266865794199,69.67867560902478],[-49.72673107726014,69.67886289125454],[-49.72727954979014,69.67884947838887],[-49.727823694124886,69.6788316369693],[-49.72841232121788,69.67900552636061],[-49.7290051425466,69.67917945368302],[-49.72954926493134,69.67916605685353],[-49.730097599406605,69.67914824713233],[-49.73068624952954,69.67932212742299],[-49.73127945489409,69.67949603369551],[-49.7318234130665,69.67948269321644],[-49.73232737737761,69.67927752918352],[-49.73282680926739,69.67907245304362],[-49.73332606666584,69.67886287110991],[-49.73382564967062,69.67865772664253],[-49.73437394046241,69.67864435171232],[-49.734918070603676,69.6786264835402]]],"type":"Polygon"},"id":"000000000000000000d4","properties":{"area":69538.62433997178,"elevation":920.3947449136081,"region":"CW","year":2018},"type":"Feature"},{"geometry":{"coordinates":[[[-49.16514309004946,69.6621635151651],[-49.16494685544326,69.66121375727981],[-49.162177609780095,69.66109331075013],[-49.159408596067045,69.66097298294045],[-49.15663941210141,69.6608525483565],[-49.15399079948518,69.66130292499453],[-49.15407113769822,69.66168192132456],[-49.15590377330162,69.66258715511673],[-49.15391949924365,69.6635949154978],[-49.153571643655994,69.6645580306581],[-49.154316370260105,69.66548998551208],[-49.155061021331,69.66642638796635],[-49.155805561179385,69.66736285197999],[-49.15545773269185,69.66832597579739],[-49.155658568010296,69.66927578888145],[-49.155854703194855,69.67022562054221],[-49.156599510884845,69.67115751669496],[-49.15843647785474,69.67206719471369],[-49.161245779082584,69.67237927574044],[-49.162217946838574,69.67178181233434],[-49.16147320709845,69.6708454291293],[-49.1596360344867,69.669935737135],[-49.158891320594726,69.6690037933975],[-49.15814660850818,69.6680673429578],[-49.157402146465174,69.66713094363043],[-49.156657382322024,69.66619455210012],[-49.15755370888108,69.66521799109036],[-49.16008203593769,69.66420130858748],[-49.162614821727736,69.66318017809266],[-49.16514309004946,69.6621635151651]]],"type":"Polygon"},"id":"000000000000000000a2","properties":{"area":250429.94778645804,"elevation":1252.196180884045,"region":"CW","year":2018},"type":"Feature"},{"geometry":{"coordinates":[[[-48.9269244664111,69.70866304874048],[-48.916454564383656,69.70853370978494],[-48.90445057753791,69.70900640962972],[-48.89241103891427,69.70929171167201],[-48.88078170845161,69.71166399364937],[-48.8690008074833,69.71327819128963],[-48.85677383210522,69.71260935090956],[-48.84958151133588,69.70953253549175],[-48.849947034489944,69.71143208406184],[-48.85239961942365,69.71557461637593],[-48.85375951361332,69.71973943471012],[-48.84799830945597,69.72407364648687],[-48.84826145255979,69.72826526053049],[-48.856742558776816,69.732265061031],[-48.86916583766439,69.73387924733747],[-48.88063449725181,69.73341995257536],[-48.86851018270956,69.73332188310165],[-48.85586420734283,69.73056615602489],[-48.85012101986473,69.72650386350207],[-48.85259572966724,69.72224545425205],[-48.86419821873229,69.71968589873454],[-48.86893392581606,69.71575742041797],[-48.8804963941936,69.71300618459114],[-48.89238879402128,69.71196278414983],[-48.90435237603159,69.7112983682923],[-48.9163162323648,69.71063393951817],[-48.9269244664111,69.70866304874048]]],"type":"Polygon"},"id":"0000000000000000009e","properties":{"area":1275783.78119147,"elevation":1367.89632543682,"region":"CW","year":2018},"type":"Feature"},{"geometry":{"coordinates":[[[-49.23142309392774,68.80350116470935],[-49.229813420443286,68.80335405880285],[-49.2281233219539,68.8028278195614],[-49.22662505446694,68.80325146843008],[-49.22509124099837,68.8034833266117],[-49.22363303558342,68.80409425266078],[-49.223708841346145,68.80447327347679],[-49.22225070713208,68.80508412151711],[-49.22131877400807,68.80568173361276],[-49.220386775780916,68.80627922210965],[-49.220502720212274,68.80684993810316],[-49.22061869036063,68.80742077243008],[-49.22020852685101,68.8080048795435],[-49.221372308569435,68.80854439023368],[-49.222986487182126,68.80869158652604],[-49.22456050883548,68.80865145304293],[-49.22617470812694,68.80879861242117],[-49.22658490588742,68.80821442211918],[-49.22804310816138,68.80760352541613],[-49.229501237202115,68.80699261380234],[-49.229906958741175,68.80640848956615],[-49.23031721418857,68.80582434385308],[-49.230722898134196,68.80524021832142],[-49.231133300099295,68.80465612486026],[-49.23049107904037,68.80409873056882],[-49.23142309392774,68.80350116470935]]],"type":"Polygon"},"id":"00000000000000000287","properties":{"area":195246.32902558916,"elevation":1088.7649684922199,"region":"CW","year":2018},"type":"Feature"},{"geometry":{"coordinates":[[[-48.53067530490182,68.56611647234418],[-48.5270724068032,68.56638846102605],[-48.52311276975538,68.56762364917819],[-48.51914864842442,68.56885433577162],[-48.516290389554165,68.57044627216766],[-48.51342750016201,68.57203370909868],[-48.511608272393076,68.57359883417607],[-48.509784485405305,68.57516399119575],[-48.507438883334984,68.57674253683308],[-48.50613685407766,68.57829872339865],[-48.50483475041281,68.57985052387711],[-48.50456720612068,68.58138444117554],[-48.504821601188375,68.58290052464208],[-48.50455854479281,68.58443445403505],[-48.5074524186993,68.5830342966602],[-48.50771556346179,68.5815048525168],[-48.50902198734874,68.57994858938241],[-48.50980681181575,68.5784057902168],[-48.51110871240991,68.57685400039406],[-48.512410883749496,68.57529781562866],[-48.51423451282539,68.57373262283332],[-48.516058442192026,68.5721674556385],[-48.51943847280432,68.57056661712481],[-48.52281842914568,68.56896580818771],[-48.52671553671788,68.56735165542695],[-48.53067530490182,68.56611647234418]]],"type":"Polygon"},"id":"000000000000000001f3","properties":{"area":267492.0432785605,"elevation":1350.5932491042818,"region":"CW","year":2018},"type":"Feature"},{"geometry":{"coordinates":[[[-48.38288736654459,69.32849789997687],[-48.382633343002695,69.3269818096444],[-48.38076922505644,69.32549693664762],[-48.3783658316404,69.32402100434338],[-48.37381310255941,69.32259400662466],[-48.369327201203944,69.32154613072062],[-48.36500197480988,69.32144359168358],[-48.360895167769336,69.32267432341817],[-48.35665891272992,69.32314247369058],[-48.35476369123591,69.32470319936863],[-48.35340385888298,69.32625501294847],[-48.35204366761954,69.32780676157022],[-48.350683660697435,69.32935849157442],[-48.35039827960421,69.33088799822666],[-48.35064809224572,69.33240858235955],[-48.350902146324586,69.33392462981719],[-48.352226649449804,69.33542288358842],[-48.35409050761427,69.3369077776126],[-48.358612063296725,69.33814736383243],[-48.36272327916755,69.33692113899775],[-48.36683453416515,69.33569040405459],[-48.37087894508945,69.33408513711714],[-48.37492346244227,69.33247541977283],[-48.379034619783035,69.3312447186648],[-48.38206695666052,69.33004071120337],[-48.38288736654459,69.32849789997687]]],"type":"Polygon"},"id":"00000000000000000032","properties":{"area":1603933.3679459114,"elevation":1333.6295738693589,"region":"CW","year":2018},"type":"Feature"},{"geometry":{"coordinates":[[[-48.93611024190046,68.83995431837194],[-48.93007263032591,68.83876820718183],[-48.92432470012737,68.83909818305361],[-48.92024912909128,68.83710047653622],[-48.91617352296094,68.83510279775814],[-48.91419817776969,68.8330516708004],[-48.91104571572155,68.83313189997142],[-48.91406885149636,68.83515630364494],[-48.912361013837874,68.83729671079897],[-48.90679162688915,68.83858096081809],[-48.90324232316412,68.83656541629509],[-48.899804269926854,68.8351251530792],[-48.894092250866294,68.8356468450993],[-48.888237355779026,68.83541052012049],[-48.888906151520615,68.83615513027904],[-48.88877241065129,68.83825986596908],[-48.888112409980096,68.8403735172018],[-48.88587849461076,68.84253166954095],[-48.88732331368551,68.8445917932697],[-48.89237983089065,68.84618815913343],[-48.898306018455145,68.84680353179814],[-48.903951189543676,68.84590276924322],[-48.90959192681655,68.84499756921421],[-48.91530858873391,68.84447586658118],[-48.921127790243496,68.84452490665866],[-48.92676831071985,68.8436196964147],[-48.932302068913984,68.8421481761002],[-48.93611024190046,68.83995431837194]]],"type":"Polygon"},"id":"00000000000000000275","properties":{"area":1694116.2740973851,"elevation":1206.6081732838647,"region":"CW","year":2018},"type":"Feature"},{"geometry":{"coordinates":[[[-48.7918270709776,68.88278842399184],[-48.7911271214373,68.88185205965699],[-48.78937012926651,68.88093792341205],[-48.78768458728502,68.88040731232697],[-48.78497797130312,68.88009073246957],[-48.782311365610454,68.87996140603303],[-48.780902329744,68.88095134793205],[-48.778440957729636,68.88196352606371],[-48.7758769651918,68.8824049805159],[-48.773312856262706,68.88285088656336],[-48.770713243447204,68.88310061409159],[-48.76804215049647,68.88297574371279],[-48.765406869371795,68.88303818350074],[-48.76284289040636,68.88347962399519],[-48.76287405525206,68.88367137236727],[-48.76252185660928,68.88463453104758],[-48.763222042154666,68.88557094789275],[-48.76497874136502,68.88648505586383],[-48.76778804607847,68.88737236680953],[-48.77042344364436,68.8873100104918],[-48.77298735155285,68.88686405705742],[-48.77548455529176,68.8860436110185],[-48.778084102994015,68.88578942271674],[-48.78061692886064,68.88515624437667],[-48.7831140609768,68.88433577094602],[-48.78560665532828,68.88351081497139],[-48.78820619706959,68.88325666390517],[-48.79087722716216,68.88338594651296],[-48.7918270709776,68.88278842399184]]],"type":"Polygon"},"id":"00000000000000000273","properties":{"area":470511.64535667055,"elevation":1223.176418702619,"region":"CW","year":2018},"type":"Feature"},{"geometry":{"coordinates":[[[-49.75801624490494,68.37630594807565],[-49.757886790017984,68.37573515704534],[-49.75621909693271,68.37521345168831],[-49.7550597715401,68.37467835117992],[-49.75390483620914,68.37413882650193],[-49.75245113038078,68.37456685913654],[-49.75103757131456,68.37518222365935],[-49.74945485533497,68.37503953457873],[-49.74795642095789,68.3752758860111],[-49.74636905654314,68.37513314642884],[-49.746458298498595,68.37551220900276],[-49.74504468270606,68.37613200631009],[-49.743631028302765,68.37674734779817],[-49.74221748573433,68.37736272798614],[-49.74080403305001,68.37797802923096],[-49.73939053200152,68.37859343398803],[-49.73900257783656,68.37917762535852],[-49.738619079197484,68.37976177848324],[-49.739774141210496,68.38029681460726],[-49.74041614395413,68.3808497087761],[-49.74191446439145,68.38061339824628],[-49.74336796941292,68.38018982269037],[-49.74478166918098,68.37956998570084],[-49.74619510618766,68.37895464110623],[-49.74773787361284,68.37891002055885],[-49.74932082549745,68.37905273179226],[-49.750863800982046,68.37900368700788],[-49.752362079902014,68.37876731460521],[-49.753820155854996,68.37833925383342],[-49.7554031172313,68.37848201196967],[-49.75634393801321,68.37807175448134],[-49.7572446612914,68.3774741969613],[-49.75762821458334,68.37689003312516],[-49.75801624490494,68.37630594807565]]],"type":"Polygon"},"id":"00000000000000000279","properties":{"area":298585.1354887193,"elevation":928.1088422269312,"region":"CW","year":2018},"type":"Feature"},{"geometry":{"coordinates":[[[-48.301009362509845,69.45439172939511],[-48.30094691179605,69.45400820883981],[-48.30088435847327,69.45362919064847],[-48.30082216592313,69.45325016431383],[-48.30021577370719,69.45288007310383],[-48.29961378598355,69.45251443694343],[-48.299042949105434,69.45233606060518],[-48.297932611278846,69.45216661846086],[-48.29678649477894,69.45180989512781],[-48.29570748871389,69.45182775320919],[-48.29459276936598,69.45166276903974],[-48.293544921123896,69.45187231265724],[-48.292430041364895,69.4517073748067],[-48.29141349622787,69.45210865995811],[-48.29039223827081,69.4525099276114],[-48.29099409050183,69.45287560220596],[-48.291600704204846,69.4532457238439],[-48.29217132367885,69.45342407515076],[-48.293250512750845,69.45340174177696],[-48.29436519869786,69.45357123918953],[-48.29550685845952,69.45392790953044],[-48.296590400315715,69.4539056875159],[-48.297732001601425,69.45426684256927],[-48.298815367375674,69.45424454883971],[-48.2999257402531,69.45440954585963],[-48.301009362509845,69.45439172939511]]],"type":"Polygon"},"id":"00000000000000000048","properties":{"area":79537.64221890658,"elevation":1450.4246279728454,"region":"CW","year":2018},"type":"Feature"},{"geometry":{"coordinates":[[[-50.18209897053584,70.34165913485015],[-50.180203907239864,70.34095017195304],[-50.179436991262335,70.34020995437491],[-50.178669952690285,70.33946979879688],[-50.17846493323593,70.33871172032839],[-50.17938778668151,70.33791795670501],[-50.179749019341784,70.33714210103923],[-50.178982249577174,70.3364018832616],[-50.17821515863861,70.33566167501496],[-50.175758121359856,70.33497494126713],[-50.17355967445411,70.3352291508117],[-50.17141048809061,70.33567950936664],[-50.17048743768417,70.33647322183997],[-50.16844090968238,70.33729816646421],[-50.16634507631089,70.33793580689904],[-50.1642446465211,70.33857345479254],[-50.16444994203009,70.33933152481829],[-50.164088665421666,70.34010292768657],[-50.16260370953447,70.34091449593514],[-50.16280897569096,70.34167256902799],[-50.16357129088228,70.34241277688652],[-50.164851271902144,70.34294785196715],[-50.16720562293618,70.34326003278913],[-50.169560141593244,70.34356765757539],[-50.17181181221845,70.34350073329429],[-50.17401026297033,70.34324212405659],[-50.17621296360006,70.34298351010165],[-50.17841113240512,70.34272490106571],[-50.180613921842884,70.34246627422604],[-50.18209897053584,70.34165913485015]]],"type":"Polygon"},"id":"00000000000000000143","properties":{"area":453760.1152309484,"elevation":730.7141029441591,"region":"CW","year":2018},"type":"Feature"},{"geometry":{"coordinates":[[[-49.8776135781479,69.87053286011641],[-49.874630565086136,69.86966774876095],[-49.87276679487654,69.86877594539072],[-49.87312340246725,69.86796881476016],[-49.87129069952567,69.86729108036306],[-49.87008224451746,69.86693884116747],[-49.867834802980944,69.86678722744601],[-49.86507933941999,69.86686745848289],[-49.862938743921305,69.86714836149767],[-49.863019177599384,69.86750063611152],[-49.8610213774318,69.86835238959496],[-49.86288978995927,69.86922636170937],[-49.86414278409171,69.86978368205155],[-49.863277873022135,69.87076472236117],[-49.862898537000255,69.87151832375788],[-49.86148058913326,69.87251267628334],[-49.86171711996338,69.87346246347948],[-49.86296117488286,69.87401096205019],[-49.86471350141087,69.87434538165652],[-49.866269854129264,69.87391728108533],[-49.86861078571399,69.87440784426184],[-49.87146016428506,69.87470659101292],[-49.87297180602109,69.87409120691443],[-49.874389730604975,69.873092393165],[-49.87471091560067,69.87215151791288],[-49.87672191959885,69.87130422702228],[-49.8776135781479,69.87053286011641]]],"type":"Polygon"},"id":"000000000000000000ff","properties":{"area":382149.2673622973,"elevation":531.6211266671088,"region":"CW","year":2018},"type":"Feature"},{"geometry":{"coordinates":[[[-49.52566581646614,70.15528212375837],[-49.525621152211905,70.15509484414221],[-49.52506382967004,70.15510826311686],[-49.52450203853907,70.15512158012484],[-49.523900063906126,70.154947714811],[-49.52329790225975,70.1547737937783],[-49.522740584727046,70.1547872040103],[-49.52218337528713,70.15480500021815],[-49.52158122912919,70.15463107227016],[-49.520979351301875,70.15445274251127],[-49.52042197468878,70.15447059675603],[-49.519864465438,70.15448394283074],[-49.519307150897795,70.15449734012667],[-49.51935169904736,70.15468907410654],[-49.5193918032561,70.15488082607004],[-49.51887908824043,70.15508150297434],[-49.51836610402963,70.1552865775021],[-49.51841084190773,70.15547836517666],[-49.518455449372276,70.15566564679843],[-49.518499993152126,70.15585738117399],[-49.51910195457412,70.15603126853657],[-49.5191421238038,70.15621856800801],[-49.51918667443636,70.15641030227717],[-49.51978865500924,70.15658418698507],[-49.520390644248856,70.15675806929646],[-49.520997282962156,70.1569319845218],[-49.521599052879864,70.15711037942819],[-49.52220106826904,70.15728425453293],[-49.52275850975259,70.15726639379774],[-49.523315713708016,70.15725304836772],[-49.52387328523044,70.15723968949351],[-49.5243860647141,70.15703454222033],[-49.52434147012722,70.15684280926409],[-49.52430125803261,70.1566555109576],[-49.52425666498514,70.15646377803232],[-49.524212009366934,70.15627649787014],[-49.52472496050128,70.15607140278624],[-49.52523770671031,70.15586625259581],[-49.52519310775708,70.15567452003528],[-49.525148446408636,70.15548724023647],[-49.52566581646614,70.15528212375837]]],"type":"Polygon"},"id":"0000000000000000010b","properties":{"area":57455.169126944704,"elevation":1146.3470333745363,"region":"CW","year":2018},"type":"Feature"},{"geometry":{"coordinates":[[[-49.805666171299414,68.44238979636569],[-49.80476089046247,68.44069978879554],[-49.80282570195753,68.43904106389633],[-49.799088971294395,68.43858619992118],[-49.79423736723649,68.43777909630631],[-49.7903269289418,68.43656619638577],[-49.785390607633,68.43538006570824],[-49.78053453535351,68.43457747473315],[-49.77598637616859,68.43509915715859],[-49.771393476336925,68.43542914146487],[-49.76688537390308,68.4361425647371],[-49.76649737378798,68.43672672221884],[-49.764308035119456,68.43851036847752],[-49.764178657427166,68.44023155616213],[-49.764566525740406,68.44193943151468],[-49.76495463937886,68.44364280495137],[-49.767402628811226,68.44528379627546],[-49.771313274584244,68.44650111121092],[-49.77607998804902,68.44692920980448],[-49.7807620288782,68.44697377172992],[-49.785354833963254,68.4466437814741],[-49.78982282849263,68.4457430514466],[-49.79429103109996,68.44484233414988],[-49.79789834093638,68.44473086195381],[-49.79802318686841,68.4430096359662],[-49.802575962572206,68.44248341167396],[-49.805666171299414,68.44238979636569]]],"type":"Polygon"},"id":"0000000000000000026f","properties":{"area":1685885.7496888668,"elevation":931.2725981814581,"region":"CW","year":2018},"type":"Feature"},{"geometry":{"coordinates":[[[-49.213234385749324,69.63536430459224],[-49.20980522305046,69.63469099215382],[-49.20333086996675,69.63256845462482],[-49.19919717746019,69.63114601309343],[-49.191915425635074,69.63037904108525],[-49.18451325050338,69.62904129095105],[-49.18017917516902,69.62666907847137],[-49.178573838852415,69.62423000069148],[-49.17751259795239,69.62177744909512],[-49.17699543970742,69.61930710311847],[-49.17702210705394,69.61682780402546],[-49.17432874532557,69.61441544990436],[-49.168407009329115,69.61227510798845],[-49.16129040883923,69.61226616009198],[-49.154646359854105,69.61453587169548],[-49.152867199556646,69.61648891556158],[-49.15011125244002,69.61903509177817],[-49.154436742577424,69.62140728877408],[-49.159854400731355,69.62375282265535],[-49.16309198164952,69.62615180569098],[-49.16687755644039,69.62853299322373],[-49.172763713826335,69.63048607863232],[-49.179808916856224,69.63011593055319],[-49.18717111393902,69.63126194256311],[-49.19421182898218,69.63089187048067],[-49.20072667489425,69.63320609119003],[-49.206113065060535,69.635359862983],[-49.213234385749324,69.63536430459224]]],"type":"Polygon"},"id":"000000000000000000ab","properties":{"area":1726648.5873695642,"elevation":1223.0519462021682,"region":"CW","year":2018},"type":"Feature"},{"geometry":{"coordinates":[[[-49.808778612459584,70.42330083732332],[-49.80585354415517,70.4230020989811],[-49.80307542717966,70.42326961726216],[-49.800292932246165,70.4235416166622],[-49.79755955006396,70.42400092300649],[-49.79473245771451,70.42407669704595],[-49.7919989093127,70.42453601921993],[-49.789314530188044,70.42518704132608],[-49.786581123393205,70.42564636980887],[-49.78662570608025,70.42583363994625],[-49.785167709816555,70.42682800872856],[-49.78597033450816,70.42776442998161],[-49.78677283809797,70.42869634089251],[-49.78757560627508,70.42962830116889],[-49.789506423252234,70.43052908523613],[-49.7924806126006,70.43101506031951],[-49.79526297346896,70.43074758100919],[-49.7980409389031,70.4304800109185],[-49.80087255731443,70.43039972138843],[-49.803606073318704,70.4299404329965],[-49.806624888803455,70.4306182137426],[-49.80704849263018,70.43003407277857],[-49.80680764342329,70.4290842845548],[-49.80374429897102,70.42821924294938],[-49.80576858135412,70.42720703909218],[-49.807226850832436,70.42620821212955],[-49.806424147930045,70.42527621399336],[-49.808448623400345,70.4242640147099],[-49.808778612459584,70.42330083732332]]],"type":"Polygon"},"id":"0000000000000000013d","properties":{"area":546050.3081592934,"elevation":989.4176882201293,"region":"CW","year":2018},"type":"Feature"},{"geometry":{"coordinates":[[[-49.000851770003024,70.15808689514921],[-48.99861772737287,70.15813595057216],[-48.99634365412242,70.15800216937474],[-48.994109630870575,70.15805566258858],[-48.991915798904515,70.15829648588632],[-48.98952581890899,70.15759190246617],[-48.98721150273734,70.15726641091247],[-48.98482157919663,70.15655742883888],[-48.983550494733564,70.15582612459745],[-48.98171784979826,70.15510817540913],[-48.97988975569589,70.1543858145904],[-48.97917629641056,70.15364117206992],[-48.977459390430745,70.15349405848296],[-48.97753971487772,70.15387299791598],[-48.97825315040053,70.15461776636425],[-48.97952398742078,70.1553489967156],[-48.98023751171129,70.15609363868141],[-48.9820700249866,70.15681605880008],[-48.98446023851867,70.15752056935827],[-48.98685041771846,70.1582251061078],[-48.9892403969414,70.1589341210195],[-48.99155028116009,70.15925964794086],[-48.99382443950956,70.15939338533771],[-48.996134279798085,70.1597234110846],[-48.99836808506937,70.15966989774613],[-49.00044614592852,70.15885827658273],[-49.000851770003024,70.15808689514921]]],"type":"Polygon"},"id":"000000000000000000ed","properties":{"area":129839.634168789,"elevation":1391.213849230599,"region":"CW","year":2018},"type":"Feature"},{"geometry":{"coordinates":[[[-49.66843731492017,69.83774059736109],[-49.667710474350734,69.83699599282735],[-49.6663905960411,69.83657236544055],[-49.66456680833616,69.83586334072844],[-49.66227929028053,69.83554224107996],[-49.66051345937562,69.83559583490353],[-49.65898852838675,69.83563595793787],[-49.65749036278407,69.83594359440144],[-49.655782383102945,69.83610854602153],[-49.65363315702938,69.83635827376536],[-49.65152845570157,69.83679974404804],[-49.64941928713604,69.83724120587848],[-49.64740376142565,69.83805719825543],[-49.64749306444825,69.83843623335495],[-49.64767131629841,69.8391943155051],[-49.64940582578207,69.83952872276458],[-49.65118946604654,69.8397516376069],[-49.65274559578608,69.83962681759662],[-49.65478337283399,69.83956886029415],[-49.65634410656677,69.83979626817946],[-49.657927324498125,69.84013514791921],[-49.65935855720421,69.84020208368604],[-49.661276001109385,69.84023323872289],[-49.66347424102075,69.84017082545398],[-49.66567704226109,69.84010840945474],[-49.66723793669579,69.83968479690358],[-49.667697095941016,69.83928796348305],[-49.66806713930786,69.83851202823458],[-49.66843731492017,69.83774059736109]]],"type":"Polygon"},"id":"000000000000000000f7","properties":{"area":319479.3065509059,"elevation":908.6528479260593,"region":"CW","year":2018},"type":"Feature"},{"geometry":{"coordinates":[[[-49.2829927045661,68.8767775972042],[-49.282872129226114,68.87620682402564],[-49.28222550400388,68.87565389246973],[-49.281583585020094,68.87509649066806],[-49.280937017511896,68.87454355444021],[-49.27976854574334,68.87399955611622],[-49.278149943140285,68.87385244868241],[-49.276531521769506,68.87370525825675],[-49.27494841335601,68.87374985848017],[-49.273409989844026,68.87398169634783],[-49.27194746223139,68.87459264864106],[-49.27154164821193,68.87517673046433],[-49.270079002346485,68.87578766396625],[-49.27019506660956,68.87635845793727],[-49.270841500777045,68.87691582613508],[-49.27095740374421,68.87748656716094],[-49.27107782767479,68.87805290542222],[-49.270667558191036,68.8786370635958],[-49.269731236614774,68.8792345693774],[-49.269851692877474,68.87980529150946],[-49.27143017513396,68.87976522863781],[-49.27297300855296,68.87953334682794],[-49.27451135844843,68.87929702470186],[-49.2759739278575,68.87868610560017],[-49.277472374359256,68.87826246130591],[-49.278974891131156,68.87784335268739],[-49.28051341980452,68.87760695357997],[-49.28201602617643,68.8771878658106],[-49.2829927045661,68.8767775972042]]],"type":"Polygon"},"id":"0000000000000000029f","properties":{"area":237313.45378044288,"elevation":1033.5406771248515,"region":"CW","year":2018},"type":"Feature"},{"geometry":{"coordinates":[[[-49.7274045868829,69.41156649912466],[-49.726775768246135,69.4112008786577],[-49.725652026464616,69.41104480417674],[-49.72457724703817,69.41107601091733],[-49.72349832408363,69.41110716934455],[-49.72242372653883,69.41113841284348],[-49.721299873764615,69.41097791948599],[-49.720225276527565,69.41100914644187],[-49.71914617880348,69.41104033682723],[-49.71807157347181,69.41107154754877],[-49.71699246763541,69.41110272163182],[-49.715873111040295,69.4109466638787],[-49.71479419529836,69.41097787435397],[-49.71371491853266,69.41100908851647],[-49.71264049113626,69.41104031133351],[-49.71165042836044,69.41145053066771],[-49.71057580923998,69.41148180272474],[-49.71066501774713,69.41186082496208],[-49.711289323694544,69.41222197253873],[-49.71245754311289,69.41256981035721],[-49.7136212980593,69.41291761027033],[-49.714789582102334,69.41326542960599],[-49.7158642930221,69.41323424393345],[-49.716943473787545,69.41320296083518],[-49.71810715144408,69.41355078973325],[-49.71927552530829,69.4138985730485],[-49.72039483976269,69.41405911991036],[-49.72147371209756,69.41402793239908],[-49.72255293736941,69.4139967248496],[-49.723583049820526,69.41377371548877],[-49.724662091530085,69.41374255681713],[-49.72569216489372,69.41352409969703],[-49.725602881908365,69.41314502013836],[-49.72497871100179,69.41277935433597],[-49.72542901167951,69.41238694271848],[-49.72641457966567,69.41197676911149],[-49.7274045868829,69.41156649912466]]],"type":"Polygon"},"id":"000000000000000000a9","properties":{"area":158620.78362514122,"elevation":824.6880455322594,"region":"CW","year":2018},"type":"Feature"},{"geometry":{"coordinates":[[[-49.40382984639306,68.87480218109783],[-49.40370940666335,68.87423591466363],[-49.40306283915495,68.87367847729004],[-49.40188563813932,68.87313895052253],[-49.40176515759706,68.87256818533552],[-49.40164477745355,68.87200191957531],[-49.40099375130066,68.87144450161992],[-49.39949988322558,68.87186811569978],[-49.39791706599883,68.87191270043589],[-49.396378639909685,68.87214458376889],[-49.39471977573684,68.8718101258247],[-49.39314134529184,68.87185469454747],[-49.3915225221508,68.87170759577886],[-49.3899442723803,68.87175218164835],[-49.388405789717794,68.87198409442743],[-49.38694764714055,68.87259942105192],[-49.38654176304565,68.87318358063945],[-49.38508359565623,68.873794443008],[-49.38467799781155,68.8743785870825],[-49.38479844692262,68.87494935621913],[-49.38544497889637,68.8755067491601],[-49.387148371368134,68.87603290409783],[-49.388807060698454,68.8763673486479],[-49.39038560788913,68.8763227765008],[-49.39196414681719,68.87627818645302],[-49.39350690629606,68.87604628296103],[-49.39508560208377,68.87600171085111],[-49.39670420782708,68.87614884608207],[-49.39820241316177,68.87572519147092],[-49.39978090804439,68.87568063052396],[-49.40135939466071,68.87563605167709],[-49.40289781735015,68.87540417707305],[-49.40382984639306,68.87480218109783]]],"type":"Polygon"},"id":"00000000000000000001","properties":{"area":319618.6978661874,"elevation":967.1171907450852,"region":"CW","year":2018},"type":"Feature"},{"geometry":{"coordinates":[[[-49.05101678350018,68.70650676435747],[-49.04997780730332,68.70386258648381],[-49.04225921240746,68.7019585426941],[-49.03516916371321,68.70328731153148],[-49.02792744614678,68.70385366116433],[-49.020837526518875,68.70518247908332],[-49.013743183621685,68.70650683737227],[-49.00664879485127,68.70783116543703],[-48.99937139553216,68.7082102042531],[-48.99224136599186,68.70934279386896],[-48.985142629534515,68.71066714939319],[-48.980424727790556,68.71345853540438],[-48.97884631164774,68.71616966168422],[-48.98607898401912,68.71827441107988],[-48.99350337315913,68.71866233012447],[-48.99926446315914,68.71584420442059],[-49.00661752584476,68.71584863803068],[-49.01404641716503,68.71623210845542],[-49.021765140482984,68.71813170070882],[-49.02714286313205,68.71876043190257],[-49.02621531474493,68.71668250700381],[-49.023084900184244,68.71409173080248],[-49.023615648335365,68.71140735378468],[-49.030674412653006,68.70989130272324],[-49.03806314625467,68.71008301039734],[-49.04515757147611,68.70875418288273],[-49.05101678350018,68.70650676435747]]],"type":"Polygon"},"id":"00000000000000000281","properties":{"area":2608618.9861608814,"elevation":1200.6578952441541,"region":"CW","year":2018},"type":"Feature"},{"geometry":{"coordinates":[[[-50.063553606307444,70.4755347714625],[-50.06345135956713,70.47515572513541],[-50.06164976350826,70.47483019842728],[-50.05990188122435,70.47468752287126],[-50.058046656765256,70.47417029084293],[-50.0562988819228,70.4740320276873],[-50.054595582150164,70.47408108741962],[-50.052847480998665,70.47394291477042],[-50.05114417380138,70.4739919353281],[-50.049293515492494,70.47347462792935],[-50.0475947578711,70.47352369259708],[-50.045793123534864,70.47319377179448],[-50.043991750412395,70.4728682183564],[-50.04409441170279,70.47324725089203],[-50.043675111916045,70.47383135566741],[-50.04495933550959,70.47436646321559],[-50.04511094568079,70.4749372616111],[-50.04526269815541,70.47550354074404],[-50.04711308050152,70.47602524730637],[-50.04839733107714,70.47656039208553],[-50.047978086054094,70.47714450991961],[-50.048129792330215,70.47771530634265],[-50.049828618445325,70.4776617301887],[-50.05148284518039,70.47742097373548],[-50.053284537919055,70.47775095916965],[-50.055081575388535,70.47808090441917],[-50.05688299180463,70.47841085984469],[-50.05735102012128,70.4780140248494],[-50.05890282180468,70.47739420102177],[-50.06045040676391,70.47677438227639],[-50.062001862966774,70.47615459131755],[-50.063553606307444,70.4755347714625]]],"type":"Polygon"},"id":"0000000000000000014d","properties":{"area":245654.77823570417,"elevation":688.1780578938949,"region":"CW","year":2018},"type":"Feature"},{"geometry":{"coordinates":[[[-49.514402127778986,70.39927519809243],[-49.50914045493559,70.39865094876659],[-49.50357976897586,70.39918159721618],[-49.49801496410613,70.3997077618365],[-49.492365286707845,70.39985939685262],[-49.48739767413649,70.3980801735609],[-49.4875226524541,70.39616722909672],[-49.491598209406455,70.39415168443557],[-49.49693570570225,70.39267574206396],[-49.50267468721998,70.39290321267985],[-49.50705795165306,70.39221648000603],[-49.501885419099196,70.39197126098334],[-49.496151057158706,70.39173935527567],[-49.490545967326106,70.39207819391001],[-49.48485165341661,70.39203812596583],[-49.479509611328524,70.39351404657626],[-49.47912163617542,70.39428997415071],[-49.479001396548746,70.39620292151744],[-49.478880945309015,70.39811581716489],[-49.48045044436093,70.39997977720614],[-49.4820246232569,70.40184816016956],[-49.48699205582658,70.40362728873754],[-49.49290913069161,70.40461720185736],[-49.49883084797154,70.40560711332589],[-49.50321857948213,70.40491598893628],[-49.50842233725701,70.40286926463783],[-49.513719841705,70.4012015363996],[-49.514402127778986,70.39927519809243]]],"type":"Polygon"},"id":"00000000000000000120","properties":{"area":983976.3216624279,"elevation":1289.3039578752466,"region":"CW","year":2018},"type":"Feature"},{"geometry":{"coordinates":[[[-49.74215077912228,68.7775313589514],[-49.74153978434219,68.77717015002395],[-49.7414506171233,68.77678668771537],[-49.74136580397138,68.77640769809884],[-49.74180288894231,68.77601528192397],[-49.74171369220534,68.77563626581161],[-49.74162907272318,68.77525276709324],[-49.74101814235273,68.77489155765471],[-49.740407097330845,68.77452596548206],[-49.7403224717117,68.7741469120551],[-49.74023330515625,68.77376789641642],[-49.739622431343385,68.77340668206556],[-49.73857449502573,68.77343787062904],[-49.73753112089875,68.77346913153468],[-49.73652328412089,68.77368759548789],[-49.73556460793575,68.77409783183948],[-49.73460605287292,68.7745125598431],[-49.73360252644266,68.77473103016014],[-49.73259493829803,68.7749540167272],[-49.73268399427995,68.77533303760042],[-49.73172099207093,68.7757432734666],[-49.73233178331576,68.77610896910048],[-49.73242100288055,68.77648792610869],[-49.7325055182762,68.77686698547988],[-49.73364266950003,68.77721474713215],[-49.734775491874906,68.77756259011765],[-49.73586335063325,68.77771861776465],[-49.736911125682944,68.77768746217616],[-49.73791893408748,68.77746894160337],[-49.73905147461723,68.77781676210478],[-49.74009959389795,68.77778557049812],[-49.741147524202084,68.77775431806988],[-49.74215077912228,68.7775313589514]]],"type":"Polygon"},"id":"00000000000000000015","properties":{"area":146777.68528612753,"elevation":803.7670659265749,"region":"CW","year":2018},"type":"Feature"},{"geometry":{"coordinates":[[[-49.446209073526624,68.7618932742335],[-49.44544202637528,68.76076962383762],[-49.442137901779006,68.7601007515017],[-49.43899880969949,68.76018993230022],[-49.43585960629926,68.76027466170395],[-49.43275608799688,68.76055557414824],[-49.429777296127874,68.76140281809165],[-49.42985766412725,68.76178183299302],[-49.42800702088259,68.7629812768767],[-49.42720442890974,68.76414962125718],[-49.42587555731943,68.76533122623691],[-49.425072791898444,68.76649956262031],[-49.42479215526486,68.76765447359521],[-49.425559022492365,68.76877817382274],[-49.42475630030067,68.76994645080389],[-49.42810069929252,68.77080703764202],[-49.43140481941777,68.77147594211941],[-49.43466882296431,68.77195748195017],[-49.437852780354326,68.7720600342147],[-49.438213912673696,68.77128414463535],[-49.43639917261806,68.77019167977657],[-49.43929737935596,68.76896547254755],[-49.43853049350542,68.7678373248633],[-49.437237470685425,68.76673142452282],[-49.437518398275216,68.76557651885624],[-49.44041671381377,68.76435027383856],[-49.44351572094628,68.76406934639392],[-49.44435852438906,68.76309284439007],[-49.446209073526624,68.7618932742335]]],"type":"Polygon"},"id":"00000000000000000298","properties":{"area":707367.8477809747,"elevation":983.8921726258847,"region":"CW","year":2018},"type":"Feature"},{"geometry":{"coordinates":[[[-49.57879598494926,70.60253445560973],[-49.57773476167762,70.60191457320295],[-49.57569700630565,70.60159798737472],[-49.573480834301975,70.60183877004371],[-49.57197369388549,70.60169611788994],[-49.57023906663462,70.60173175504659],[-49.56795592342808,70.60179420643158],[-49.56567734711051,70.6018521503932],[-49.56339872395042,70.60191463174336],[-49.56112013703464,70.60197262483845],[-49.559706568263394,70.60202159966057],[-49.55761079577478,70.60221337089182],[-49.55542144697754,70.60212420029634],[-49.553187524239725,70.60237387977485],[-49.55095337147195,70.60262359072493],[-49.548857597675095,70.60344404929181],[-49.548902145346915,70.60363135034046],[-49.55040493268839,70.60398812573098],[-49.55250513487652,70.60430018950906],[-49.554583086377086,70.60481752069467],[-49.5564826562164,70.60535252509035],[-49.55876576029438,70.60529459585145],[-49.561004304787254,70.6050404264531],[-49.56333638104285,70.60516977178762],[-49.565574622674525,70.60492005293048],[-49.566974982511695,70.60486656240667],[-49.568910201949045,70.60445183271457],[-49.57101481193724,70.60363139735819],[-49.57306161097865,70.60394350144277],[-49.57501012424166,70.603524364121],[-49.57724864908523,70.60327463107728],[-49.57879598494926,70.60253445560973]]],"type":"Polygon"},"id":"00000000000000000145","properties":{"area":298081.52732281486,"elevation":1377.5912256941092,"region":"CW","year":2018},"type":"Feature"},{"geometry":{"coordinates":[[[-48.93978449687633,69.65989385731224],[-48.939164641068736,69.65952821485213],[-48.938544804069295,69.6591625699455],[-48.93792498587727,69.65879692259247],[-48.938393148682266,69.65840004205623],[-48.93831750361107,69.65802096630516],[-48.937697548032176,69.65765538251033],[-48.938170234052,69.65726294230342],[-48.938638379059746,69.65687056542373],[-48.939111224466046,69.65647817642169],[-48.93903540423038,69.65609916579821],[-48.939503683404276,69.65570672254174],[-48.93888375592395,69.65533664105985],[-48.93880794349971,69.65495763082833],[-48.93775567072944,69.65517612388597],[-48.937831467344175,69.65555513470743],[-48.93681468450201,69.65596087980167],[-48.93689065949194,69.65633994546118],[-48.93587382685142,69.65674568410874],[-48.93649375090621,69.65711139318903],[-48.93602102013672,69.65750370974746],[-48.93500885852209,69.65790954998569],[-48.934536277722025,69.65830191594526],[-48.93461204988911,69.65868543353947],[-48.93577563153651,69.65903768630393],[-48.935307587367404,69.65943010858912],[-48.93483498234814,69.65982247610788],[-48.93491075000263,69.66020149032886],[-48.93607914202883,69.66055823484236],[-48.93724283588283,69.66091047690904],[-48.93833528188356,69.66088375006599],[-48.938843759643746,69.66067862029554],[-48.939316313577464,69.66028623909938],[-48.93978449687633,69.65989385731224]]],"type":"Polygon"},"id":"0000000000000000008e","properties":{"area":72265.62921607519,"elevation":1344.3945618735734,"region":"CW","year":2018},"type":"Feature"},{"geometry":{"coordinates":[[[-50.2230426028757,70.31269731015738],[-50.22288640162578,70.312130995515],[-50.22216846717243,70.31157809355709],[-50.22033115100005,70.31106083124644],[-50.218543320308235,70.31073532333853],[-50.21680428876724,70.31059707822082],[-50.21511875273801,70.31065056474925],[-50.21343303368757,70.31070409764098],[-50.21169405122474,70.31056591089585],[-50.2100620613277,70.3108066917489],[-50.20852821881918,70.3114264551806],[-50.20699859075315,70.31204622961685],[-50.207150304027756,70.31261258462385],[-50.20674446403942,70.31320117590575],[-50.20689598150871,70.3137674791115],[-50.20704757603846,70.31433823610168],[-50.20832749338989,70.31486886665573],[-50.208483430940746,70.31543964964067],[-50.210168947730246,70.31538613482992],[-50.21169833195354,70.31476634032724],[-50.21328147536714,70.31433826979743],[-50.21502050678072,70.31447205134506],[-50.21686226305359,70.31498928960498],[-50.21844514430874,70.31456122926221],[-50.22002806460722,70.31412863272911],[-50.221816204642394,70.31445424258493],[-50.222226415194484,70.3138700754101],[-50.2226321345795,70.31328594618516],[-50.2230426028757,70.31269731015738]]],"type":"Polygon"},"id":"00000000000000000142","properties":{"area":248369.19567486693,"elevation":716.6343697102095,"region":"CW","year":2018},"type":"Feature"},{"geometry":{"coordinates":[[[-49.05341136421939,69.87854144142995],[-49.05163662247863,69.87801076749474],[-49.04849305007538,69.87776104595133],[-49.04503262758272,69.8770833009753],[-49.04157678770799,69.87640547121856],[-49.03858930951639,69.875335324167],[-49.03757696704869,69.87434537725896],[-49.037100097773724,69.8734669380012],[-49.03639540103897,69.87272224631947],[-49.035690941335744,69.87197760585298],[-49.03600747949837,69.87082714411584],[-49.03526722514264,69.86990859985984],[-49.03459379574396,69.86933781961702],[-49.03227966818025,69.86882496760843],[-49.0323197573403,69.86903456355168],[-49.03061637102768,69.87012262550239],[-49.03084825869865,69.87126418015588],[-49.03077698269875,69.87228976935258],[-49.03202998685435,69.87302103030798],[-49.031945101302696,69.87390838515638],[-49.03327841775633,69.87502319985168],[-49.03572198055293,69.87610673128373],[-49.03926703600163,69.87716800542667],[-49.04277196284372,69.87803751227945],[-49.0453446908852,69.87859935692184],[-49.048483973900765,69.87885353777013],[-49.051872912694336,69.87915232743659],[-49.05341136421939,69.87854144142995]]],"type":"Polygon"},"id":"000000000000000000c3","properties":{"area":219119.18796923064,"elevation":1250.1308855223629,"region":"CW","year":2018},"type":"Feature"},{"geometry":{"coordinates":[[[-49.87891576633377,69.48401350348489],[-49.87887103747739,69.48382623052292],[-49.87882215865029,69.48363447164327],[-49.87877743134125,69.48344719874686],[-49.87819342210854,69.48327329920052],[-49.87760491170094,69.48309937380625],[-49.8770205608256,69.48292548188624],[-49.87697153062267,69.48273823789727],[-49.87692698770955,69.48254644946947],[-49.87688246826372,69.48235922910715],[-49.876833417772076,69.48216741718375],[-49.87624928570275,69.48199357524076],[-49.875660628867244,69.4818195895343],[-49.8751212063646,69.48183746661971],[-49.87458159189095,69.48185528886904],[-49.874041977948586,69.4818686589111],[-49.873546875685264,69.4820782662986],[-49.87305212430962,69.48228340957142],[-49.872557173452684,69.48248849834684],[-49.872062213955516,69.48269358542757],[-49.8721112299411,69.48288094877408],[-49.872155711646215,69.48307262075937],[-49.87220038695632,69.48325989540714],[-49.872249403362744,69.48345170902691],[-49.87229408022,69.48363898374026],[-49.87233856501704,69.48383065586252],[-49.87184376725097,69.48403579520803],[-49.871892591810166,69.48422755632481],[-49.87247675208654,69.48439696643561],[-49.87252594041218,69.48458871520171],[-49.872570454824576,69.4847760551638],[-49.873109944737834,69.48476263810136],[-49.873649626293954,69.48474482162078],[-49.87418911424831,69.48473140048873],[-49.87473311237619,69.48471355076816],[-49.87531732512716,69.48488751757938],[-49.875856815630826,69.48486963998462],[-49.87640081341595,69.48485623412532],[-49.87694032558483,69.48483847029856],[-49.877435451189996,69.48463330076694],[-49.87792589158793,69.48442817106441],[-49.87842083291081,69.4842230632154],[-49.87891576633377,69.48401350348489]]],"type":"Polygon"},"id":"000000000000000000bd","properties":{"area":67720.62108926129,"elevation":758.0557217062805,"region":"CW","year":2018},"type":"Feature"},{"geometry":{"coordinates":[[[-49.882581248019605,69.53259538987784],[-49.88253657590094,69.53240370871855],[-49.88248755370131,69.53221638955179],[-49.88244305049952,69.53202464339253],[-49.88185421171798,69.53185074796657],[-49.881809714488476,69.53166345217022],[-49.88176069952371,69.53147168250545],[-49.881172070202865,69.53129783727485],[-49.880587943365136,69.53112834577723],[-49.88053877201106,69.53093664092907],[-49.880494286958,69.53074934498393],[-49.880449802765376,69.53055759862784],[-49.88040063373974,69.53037034431598],[-49.87986101349457,69.53038369555358],[-49.87936605845335,69.53058884418809],[-49.87886674386811,69.5307939025274],[-49.87837177097336,69.53100349820465],[-49.877832325393705,69.53101689456038],[-49.87728819255745,69.53103478079582],[-49.87679336826218,69.53123985550782],[-49.87629836795032,69.53144499358565],[-49.87580335897577,69.53165012997059],[-49.87526370358297,69.531667914254],[-49.87471972105336,69.53168127519447],[-49.8741802547404,69.53169910820507],[-49.873636101504296,69.53171698053228],[-49.873685221338484,69.53190423724728],[-49.87426948922538,69.53207814225235],[-49.874318446212484,69.532269914359],[-49.87436305407447,69.53245714730845],[-49.87495150000866,69.53263108566757],[-49.87554031275221,69.53280500943659],[-49.87612894242991,69.53297887805968],[-49.876717412921835,69.53315280940087],[-49.87730173151655,69.53332670255405],[-49.877845557573366,69.5333088287009],[-49.878385246310124,69.53329103482817],[-49.87892926098048,69.53327766012093],[-49.87946875628977,69.53325980936832],[-49.88001276915439,69.53324198009332],[-49.880552262126734,69.53322857571968],[-49.881096272814155,69.53321074233288],[-49.88159109788637,69.53300565231753],[-49.88208627291813,69.53280054834264],[-49.882581248019605,69.53259538987784]]],"type":"Polygon"},"id":"000000000000000000c2","properties":{"area":67720.62108926129,"elevation":794.3625301583972,"region":"CW","year":2018},"type":"Feature"},{"geometry":{"coordinates":[[[-49.68457480866283,68.53006014036718],[-49.680918284833695,68.52768792535426],[-49.67984813341721,68.52523988092575],[-49.677230696204866,68.52283645567957],[-49.6735740252156,68.5204642113752],[-49.666386148513276,68.51858248778089],[-49.66790678594297,68.51605415748682],[-49.67097892447453,68.51348124675772],[-49.669908822339586,68.51103319693951],[-49.66987770924453,68.50854948557479],[-49.66842392477757,68.50668562525583],[-49.66136513596925,68.5053701090383],[-49.65447586892808,68.50481271357285],[-49.648915231876295,68.50555295224723],[-49.64265475174733,68.5078360460435],[-49.642431774893055,68.50917822238829],[-49.63935951091662,68.51175114948573],[-49.638869022971235,68.51424823446605],[-49.64092462796102,68.51647776198521],[-49.647943151084206,68.51760590760395],[-49.65414144654512,68.51971064666336],[-49.66141408620074,68.5219758513555],[-49.666618008753986,68.52429907326744],[-49.66820099900629,68.5267337205506],[-49.67185738603079,68.52910592821112],[-49.678795721948795,68.52985057221748],[-49.68457480866283,68.53006014036718]]],"type":"Polygon"},"id":"00000000000000000276","properties":{"area":2343413.199662336,"elevation":934.7611940298507,"region":"CW","year":2018},"type":"Feature"},{"geometry":{"coordinates":[[[-49.38261791693283,70.25291860692856],[-49.379211046927736,70.25281606911884],[-49.37575960350926,70.25252620711159],[-49.372393117207224,70.25261094424928],[-49.36898634774665,70.25250840810297],[-49.365664256395114,70.2527848112063],[-49.36225302642693,70.25268225178041],[-49.358890859474954,70.25277147605625],[-49.35552428651969,70.25285618421738],[-49.3522023775976,70.25313262836504],[-49.348835827332955,70.25322180891075],[-49.34550914812731,70.25349829804371],[-49.34223173495199,70.25396199778332],[-49.34520608912532,70.25464871261711],[-49.34874210683403,70.25532204570908],[-49.35223792462808,70.25580365242476],[-49.35564472430224,70.25590623165937],[-49.35909610988382,70.25620049024333],[-49.36254731741187,70.25649034506148],[-49.3659587385215,70.25659291100627],[-49.3693700043439,70.25669546314704],[-49.372517991436204,70.2556609199772],[-49.37579990788694,70.25519723316556],[-49.37903704520115,70.25453726872624],[-49.382274464734444,70.2538817286556],[-49.38261791693283,70.25291860692856]]],"type":"Polygon"},"id":"0000000000000000010e","properties":{"area":470951.4256784033,"elevation":1297.7278702790065,"region":"CW","year":2018},"type":"Feature"},{"geometry":{"coordinates":[[[-49.12740104828123,69.96651499829206],[-49.12728084481856,69.96594424850502],[-49.12664765716168,69.9655786168116],[-49.12490852359367,69.96524416665152],[-49.12320970925693,69.96509256697865],[-49.12151077364746,69.9649453992031],[-49.119811856610696,69.96479821180291],[-49.11811733737983,69.96464661142885],[-49.11645872902458,69.96468676265697],[-49.11483984307691,69.96491861714638],[-49.113181032246615,69.96495879532502],[-49.1115580454144,69.96519060893161],[-49.10997948417076,69.96560984244555],[-49.10836065456845,69.96584167884944],[-49.10682238872701,69.96645258141763],[-49.10528418488937,69.96705901635876],[-49.105359793068914,69.96743806362717],[-49.105480207859934,69.96800880961871],[-49.10717924944104,69.96815592824777],[-49.108877994062986,69.9683075429254],[-49.11057690046288,69.96845468647756],[-49.112235793438934,69.96841460276173],[-49.11389448492652,69.96837444638183],[-49.11555330978221,69.9683298196703],[-49.11721217772676,69.96828967950427],[-49.11887086479595,69.96824958469928],[-49.12048956706744,69.96801769597994],[-49.12210828794036,69.96779029465662],[-49.12376706390061,69.96774569270653],[-49.12534995345524,69.96732653916713],[-49.126968765888975,69.96709913772449],[-49.12740104828123,69.96651499829206]]],"type":"Polygon"},"id":"000000000000000000da","properties":{"area":265560.5061222028,"elevation":1259.964994118362,"region":"CW","year":2018},"type":"Feature"},{"geometry":{"coordinates":[[[-49.57482740319557,68.81723517820686],[-49.57478288639906,68.81704345246618],[-49.574742699598985,68.81685620468423],[-49.57469799915251,68.81666442593048],[-49.57413183457968,68.81649054814716],[-49.573610058658915,68.81650389549515],[-49.57308385409411,68.81652177142784],[-49.5725175180293,68.81634783405178],[-49.571991375808224,68.81636126049611],[-49.57146533563014,68.81637906565663],[-49.57089891037855,68.81620074108505],[-49.57037726130627,68.81621857479307],[-49.56985093436821,68.81623194001163],[-49.56932489417095,68.81624973707332],[-49.56880330307656,68.81626311951327],[-49.56823244773715,68.81608919683295],[-49.56766598915311,68.81591530465768],[-49.567099762989585,68.81573690027163],[-49.56657795530158,68.81575478438008],[-49.566618263921626,68.81594208701372],[-49.56665832672453,68.8161337819187],[-49.566176631147506,68.81633891409668],[-49.5656952759754,68.81654403314032],[-49.56573516936711,68.81673579313434],[-49.566301634540324,68.81690969345638],[-49.566867758788085,68.81708360306824],[-49.56743423920962,68.81725749895107],[-49.56800493151637,68.81743137223374],[-49.56804502939069,68.81762318508375],[-49.56808516747615,68.81781043485017],[-49.568656061861844,68.81798435883714],[-49.568696144174965,68.81817605393967],[-49.56873624877035,68.81836786687491],[-49.569262497978194,68.81835000751909],[-49.56978868529182,68.81833659154009],[-49.57031037951926,68.81831876016311],[-49.570796466033194,68.81811364561277],[-49.5713180937282,68.81810025580971],[-49.57184411000943,68.81808689667822],[-49.572325789188795,68.81788174416258],[-49.572811849594856,68.81767662261991],[-49.573293348995904,68.81747153148551],[-49.57381975846546,68.81745370793753],[-49.57434136898398,68.8174403067409],[-49.57482740319557,68.81723517820686]]],"type":"Polygon"},"id":"000000000000000002a6","properties":{"area":59899.927640093636,"elevation":891.8371513353115,"region":"CW","year":2018},"type":"Feature"},{"geometry":{"coordinates":[[[-48.856176342992015,69.4633500369663],[-48.85343844915167,69.46322522835364],[-48.85055346098465,69.46234231690804],[-48.84766851049098,69.461454910046],[-48.84481897550709,69.46075928217306],[-48.84211678409539,69.4608261479502],[-48.839414594213856,69.46088857782843],[-48.836712402590344,69.46095107457629],[-48.834081479076815,69.46139693117104],[-48.83141503154224,69.46164664347545],[-48.82874851633453,69.46190080870346],[-48.826081768844986,69.4621549878955],[-48.82348665754785,69.4627881933836],[-48.82255021921514,69.46357301243061],[-48.82327277258,69.46450941477781],[-48.82558243975359,69.465218427572],[-48.82839181732654,69.46572226526612],[-48.831169810915235,69.46603885107066],[-48.83390754890981,69.46616374291473],[-48.83664547372948,69.4662930214386],[-48.83938795339731,69.4664179190892],[-48.842125775734694,69.46654277194175],[-48.84482786805453,69.46648031187632],[-48.84745877943223,69.46603438352548],[-48.85008977401315,69.46559296364119],[-48.85268485831478,69.46495973397614],[-48.85527549959522,69.4643265736543],[-48.856176342992015,69.4633500369663]]],"type":"Polygon"},"id":"00000000000000000077","properties":{"area":600395.5735496008,"elevation":1229.0214901951342,"region":"CW","year":2018},"type":"Feature"},{"geometry":{"coordinates":[[[-49.37768609178316,70.38318680651393],[-49.375862242669065,70.38266058030763],[-49.374038496462816,70.38213445030307],[-49.37278105929983,70.38159490469054],[-49.37321792670402,70.38101072900791],[-49.373650480633216,70.38042661909698],[-49.37408767676403,70.37984243010666],[-49.375652720131896,70.37923156377768],[-49.377213455732374,70.37861617680146],[-49.37712863762713,70.37823717880848],[-49.37543421422781,70.37828173669584],[-49.3738290554768,70.3787053796517],[-49.37213441087929,70.37874996443672],[-49.37052475722839,70.37916913184037],[-49.36896399302963,70.37978450180579],[-49.36904868411172,70.38016350425971],[-49.36805000103919,70.38076103194301],[-49.367613004835086,70.38134519195745],[-49.36661423300469,70.3819427100761],[-49.36674343642662,70.38251349522226],[-49.36743469570913,70.38306640264031],[-49.36813021037444,70.38362381153492],[-49.36986929818818,70.3837664400084],[-49.371603845484785,70.38391363287126],[-49.37329830201642,70.38386901282426],[-49.37495255712302,70.38363715228549],[-49.37660265903435,70.38340527587391],[-49.37768609178316,70.38318680651393]]],"type":"Polygon"},"id":"00000000000000000126","properties":{"area":144316.5271771109,"elevation":1338.486014947385,"region":"CW","year":2018},"type":"Feature"},{"geometry":{"coordinates":[[[-47.74131629567955,68.57335804608982],[-47.74124497741954,68.57279176410644],[-47.7406473743956,68.57222991610857],[-47.73904231319852,68.5718776259339],[-47.73743247261242,68.57152086398484],[-47.735849542922246,68.57136042361178],[-47.73423991717835,68.57100811260405],[-47.73267907141221,68.57103485458464],[-47.73111840031438,68.57106163433399],[-47.72956206028854,68.57108836912168],[-47.72800155895679,68.57111516896005],[-47.72805056061701,68.57149411744588],[-47.72760459551827,68.57207381964582],[-47.7261198249092,68.57267133910486],[-47.725673794564955,68.57325103625104],[-47.725232426729804,68.57383069860606],[-47.72478653534455,68.57441044964489],[-47.724340610848,68.57499008194475],[-47.72545094821216,68.57554305021296],[-47.72708742034908,68.5760825374579],[-47.72820220169502,68.57663545785154],[-47.72924114743279,68.57661762430331],[-47.73085088921987,68.57696994311502],[-47.732358151203,68.5765641320169],[-47.73389645811105,68.5763456994973],[-47.735403630869534,68.5759398552824],[-47.73691528284573,68.57553414070989],[-47.738449133426634,68.57531556694997],[-47.73993394643317,68.57471808412335],[-47.740946219350896,68.57450848243478],[-47.74087494420857,68.57393776665167],[-47.74131629567955,68.57335804608982]]],"type":"Polygon"},"id":"000000000000000001b2","properties":{"area":326020.2168506247,"elevation":1609.2801990896883,"region":"CW","year":2018},"type":"Feature"},{"geometry":{"coordinates":[[[-47.65252671121862,68.67432994086734],[-47.65247756992855,68.67395091084825],[-47.65143420235728,68.67396875346572],[-47.65039083261382,68.67398658819053],[-47.64936967768616,68.6741916706591],[-47.648299439482095,68.6740178321614],[-47.64722932814236,68.67384835624772],[-47.64618595765171,68.67386615917762],[-47.645164782941514,68.67407132835424],[-47.64412140035138,68.67408911565357],[-47.64307784789318,68.6741069573718],[-47.642056760224605,68.67431659229813],[-47.641035698508915,68.67452166865503],[-47.63999230395689,68.67453954264231],[-47.6389709908369,68.67474909916018],[-47.63954181452877,68.67511919841974],[-47.64058523381574,68.67510132787955],[-47.641677755291305,68.6754669725078],[-47.64277019604737,68.67582823801732],[-47.643840477201515,68.6760021201095],[-47.64491064773882,68.67617150523685],[-47.64600310860376,68.67653717896697],[-47.647046590483875,68.67651937760469],[-47.64808989003726,68.67650151271776],[-47.649182464201125,68.67686272853072],[-47.650203603399355,68.67665315789742],[-47.65068057920837,68.6762651853196],[-47.65063164150368,68.6758862089059],[-47.651104241891765,68.67549826008171],[-47.65210311140252,68.67509686888945],[-47.6520541549015,68.67471789379255],[-47.65252671121862,68.67432994086734]]],"type":"Polygon"},"id":"000000000000000001b6","properties":{"area":112026.5822278227,"elevation":1605.3490572067758,"region":"CW","year":2018},"type":"Feature"},{"geometry":{"coordinates":[[[-49.33896774385913,68.579163779299],[-49.338927414927696,68.57897207416147],[-49.338891840327676,68.57878477663735],[-49.33885185811204,68.57859306068134],[-49.33881159100383,68.57840573442991],[-49.338771610101915,68.57821401860076],[-49.33873134429533,68.57802669247268],[-49.33869120214171,68.57783504111897],[-49.33813384859841,68.5776610808785],[-49.33757644283797,68.57748273978608],[-49.33701894169625,68.57730883956143],[-49.33646179340028,68.57713492622896],[-49.3358997965214,68.57696104612481],[-49.33534258358619,68.5767826320131],[-49.33482516338658,68.5767959963198],[-49.334303473689566,68.57681381516737],[-49.333746111892204,68.57663545904393],[-49.33322877216544,68.57665331377923],[-49.33326899463593,68.57684064082656],[-49.33330458319003,68.57703231757446],[-49.33334480692834,68.57721964474635],[-49.333384927658045,68.57741141500519],[-49.33290326177155,68.57761650238461],[-49.332426202445944,68.5778171207618],[-49.33194470344498,68.57802225829857],[-49.33198481504835,68.57821402923507],[-49.33202484836225,68.5784013037914],[-49.33206496128055,68.57859307485477],[-49.33262227695447,68.57876694216846],[-49.33266255767681,68.57895864887719],[-49.33270278024603,68.57914597695112],[-49.333260112357934,68.57931984194082],[-49.33381736859399,68.57949826556192],[-49.33437471566998,68.57967212622167],[-49.33489654400816,68.57965880369997],[-49.33537369985656,68.57945361528037],[-49.33589533973234,68.57944023554795],[-49.336452718961326,68.57961420557422],[-49.33701016519971,68.5797925521399],[-49.33756753911438,68.57996640008317],[-49.33808937013774,68.5799530654609],[-49.338566341266244,68.57974793011202],[-49.33852635972832,68.57955621369642],[-49.33849044168068,68.57936892680414],[-49.33896774385913,68.579163779299]]],"type":"Polygon"},"id":"00000000000000000248","properties":{"area":71788.4628969285,"elevation":1059.3148533491874,"region":"CW","year":2018},"type":"Feature"},{"geometry":{"coordinates":[[[-49.427017169314794,68.92115009801459],[-49.42697262357408,68.92096282728475],[-49.42693238720111,68.92077109457186],[-49.42689222994518,68.92058374341478],[-49.426852180497946,68.92039206413921],[-49.42681194614237,68.92020033158714],[-49.426241270540224,68.92002638644341],[-49.42567501064628,68.91985247637837],[-49.42563478639373,68.91966074370573],[-49.42559466205591,68.9194735103963],[-49.42555003126753,68.91928174050072],[-49.42550980906684,68.91909000798783],[-49.42494357555259,68.9189160953448],[-49.42441307671103,68.91892949432203],[-49.42388671261478,68.9189473212998],[-49.42336078431141,68.91896068917453],[-49.42283450504738,68.91897406621085],[-49.422303915725415,68.91899190313468],[-49.421817827917685,68.91919700962382],[-49.42133181896604,68.91939766848935],[-49.42084571475516,68.91960277167153],[-49.42035978786472,68.91980792653972],[-49.41982907933075,68.91982125469241],[-49.41930287602624,68.91983911766498],[-49.419343139268264,68.92002640604737],[-49.41938296559679,68.9202181515911],[-49.41942314272157,68.92040988605301],[-49.41946781608587,68.92059721211471],[-49.41950799458685,68.92078894668222],[-49.41954807560696,68.92097618198333],[-49.41906211073221,68.92118133266497],[-49.419102287218635,68.92137306753254],[-49.41966853998576,68.9215470046605],[-49.42019910010632,68.9215336238905],[-49.42072533827103,68.92151575763285],[-49.42125148827773,68.92150233537588],[-49.421737625673586,68.92129723025059],[-49.422268178176,68.92128384159805],[-49.422794342596234,68.92127053132599],[-49.42332057186969,68.92125265526518],[-49.42389133519642,68.92143099425172],[-49.42441740193199,68.92141317854502],[-49.424903423291376,68.92121250830401],[-49.425389522944414,68.9210073904198],[-49.42592015150517,68.92098954187564],[-49.426486538714535,68.92116795072174],[-49.427017169314794,68.92115009801459]]],"type":"Polygon"},"id":"00000000000000000029","properties":{"area":66301.44662459598,"elevation":901.3374203565884,"region":"CW","year":2018},"type":"Feature"},{"geometry":{"coordinates":[[[-49.42128263989249,69.26189227368384],[-49.42124251876891,69.26170052971335],[-49.420662938332526,69.2615266404312],[-49.42008764746616,69.26135273325032],[-49.420047536750374,69.26116098913178],[-49.42054250751375,69.26095585685653],[-49.4210329353398,69.26075525138023],[-49.42099281837425,69.26056350766808],[-49.42041754835938,69.2603896021489],[-49.419842286267226,69.26021569437151],[-49.41926264898403,69.2600372981834],[-49.419222649017556,69.2598500559623],[-49.41918254798747,69.25965831205092],[-49.418647407641814,69.259676143556],[-49.418112352860675,69.25968952468706],[-49.41753712259236,69.259515607862],[-49.41700207011296,69.25952898481043],[-49.41646701675047,69.25954235973698],[-49.41589163395106,69.25936850083013],[-49.41535658288949,69.2593818715735],[-49.41482144369919,69.25939968863959],[-49.41428639077457,69.25941305533853],[-49.4137913949969,69.25961816522572],[-49.413300860212914,69.25982331139714],[-49.41280593502629,69.26002396955106],[-49.41231091378641,69.2602290743486],[-49.41182052049937,69.2604341509846],[-49.4118606531322,69.26062144861575],[-49.411900698657895,69.26081319463823],[-49.411405841696464,69.2610183498026],[-49.41145042074125,69.26120556786233],[-49.412025651507214,69.26137950979737],[-49.41260080255264,69.26155789782989],[-49.413176049273964,69.26173183525091],[-49.41375128258294,69.26190565253157],[-49.414331015086326,69.26207962339168],[-49.41486593833156,69.26206620332191],[-49.415401048881115,69.26205283461648],[-49.415976325774935,69.26222676092436],[-49.4165114386279,69.26221338803596],[-49.417046449234846,69.26219551137709],[-49.41758156022265,69.26218213444457],[-49.41811667032706,69.26216875548998],[-49.4186474978083,69.26215539007515],[-49.41918233755996,69.26213756984622],[-49.419717444921346,69.26212418484234],[-49.42025255139886,69.26211079781638],[-49.420787743139236,69.26209296039853],[-49.42128263989249,69.26189227368384]]],"type":"Polygon"},"id":"00000000000000000073","properties":{"area":90445.66172326762,"elevation":690.7691823404425,"region":"CW","year":2018},"type":"Feature"},{"geometry":{"coordinates":[[[-49.27976434001462,68.62143607756458],[-49.27808762864093,68.62090990060199],[-49.27744992382789,68.62035693586706],[-49.275773349973214,68.61983085011627],[-49.27417710849326,68.61968364822073],[-49.27269212487123,68.62010278972636],[-49.27124734791084,68.62071376119663],[-49.26972684107352,68.62095005003702],[-49.268166039374236,68.62099021402663],[-49.266529457801894,68.62065575531237],[-49.26768440858606,68.621195277562],[-49.267800414073584,68.6217616117624],[-49.2673991412217,68.62234575451009],[-49.26595433089255,68.62296110470369],[-49.26450956385108,68.62357199688202],[-49.26514723907405,68.62412495989561],[-49.26630220862717,68.62466894126445],[-49.26746151609579,68.62520845897814],[-49.268580712786324,68.62556073389939],[-49.270021082737806,68.62494537563613],[-49.271465805401355,68.62433454158807],[-49.27302645834823,68.62429435155369],[-49.27470311783106,68.62482054057648],[-49.276344078824245,68.62515495907712],[-49.27786449012756,68.62492310368914],[-49.27826608332157,68.62433896940843],[-49.27815001193719,68.62377269365382],[-49.27803403954434,68.6232018573369],[-49.27791809291684,68.62263113935282],[-49.27884115713321,68.62203364342896],[-49.27976434001462,68.62143607756458]]],"type":"Polygon"},"id":"00000000000000000253","properties":{"area":248287.48632529445,"elevation":1077.5172134584523,"region":"CW","year":2018},"type":"Feature"},{"geometry":{"coordinates":[[[-49.607521487453106,68.35509846165866],[-49.607436806705515,68.35471937180746],[-49.60641119179433,68.3547506131364],[-49.60530076494514,68.35440282060786],[-49.60423510549227,68.35424226293951],[-49.60320503281918,68.35427351358477],[-49.602264187444476,68.35468375088105],[-49.60123425264751,68.35471492193406],[-49.60029319682771,68.3551252104445],[-49.599348018643624,68.35553095534257],[-49.598402591305124,68.3559411998741],[-49.598487303191504,68.35632023113548],[-49.59856770837735,68.35669923125467],[-49.59865242566456,68.35707826306017],[-49.59924550784841,68.3574438995634],[-49.59984297401524,68.35780512387724],[-49.59992771453247,68.35818415590073],[-49.60048059114734,68.35836250824737],[-49.60155075085502,68.35851856966472],[-49.602536264855765,68.35830008623374],[-49.602964219117304,68.35790323608022],[-49.60339691539021,68.35751078121916],[-49.603824967912104,68.3571184232945],[-49.60425735204352,68.35672153653204],[-49.605202888968286,68.35631130342746],[-49.606143582693946,68.35590110909163],[-49.607089000878325,68.35549530470186],[-49.607521487453106,68.35509846165866]]],"type":"Polygon"},"id":"00000000000000000239","properties":{"area":103796.05781922895,"elevation":968.3166580534022,"region":"CW","year":2018},"type":"Feature"},{"geometry":{"coordinates":[[[-49.58793274742592,68.61214329115165],[-49.587767796774216,68.61138525294184],[-49.58760285691419,68.61062721570774],[-49.58691610871662,68.60988255797903],[-49.58726831111736,68.60911112376262],[-49.58554267659782,68.60839767968876],[-49.5853731283747,68.60763962415454],[-49.5846908821552,68.60689499238453],[-49.58504317433589,68.60611912489644],[-49.58435638583455,68.60537885240569],[-49.582153712721244,68.60487055528105],[-49.58024066649564,68.60568656481126],[-49.580325516571236,68.60606552915475],[-49.57945149647918,68.60685478738867],[-49.578577605035804,68.60764409415812],[-49.57822527435147,68.60841999957678],[-49.57683398891763,68.6092226086156],[-49.57699894023901,68.60998064365161],[-49.57664669213474,68.6107564836165],[-49.576294444435426,68.61153244149959],[-49.57542045535408,68.61232166974874],[-49.5750681884188,68.61309306523647],[-49.575755030984354,68.61383777403395],[-49.57748041839739,68.61455124255403],[-49.57955847326233,68.61448882589013],[-49.58167667773488,68.6146181010179],[-49.58371431646977,68.61436840677209],[-49.584628533762256,68.61376645341241],[-49.5865413429729,68.61295039513368],[-49.58793274742592,68.61214329115165]]],"type":"Polygon"},"id":"00000000000000000261","properties":{"area":374488.8605899527,"elevation":948.5551505319908,"region":"CW","year":2018},"type":"Feature"},{"geometry":{"coordinates":[[[-48.19686711327239,68.43783255917788],[-48.19632304185358,68.43765426188499],[-48.19529302715436,68.4376765237789],[-48.19425835444969,68.43769882791906],[-48.193223983258655,68.43771668488473],[-48.19225187253816,68.43811796842205],[-48.19121735629084,68.43814030438227],[-48.19127541921404,68.43851928714385],[-48.19030326052848,68.43892067516101],[-48.19035682095315,68.4392996458341],[-48.19041470940139,68.43967869281842],[-48.18995989410923,68.44007109948971],[-48.190013452290806,68.44045007121737],[-48.189558617100225,68.44084247713637],[-48.189099237075084,68.44123043741305],[-48.189157276683495,68.4416094234928],[-48.19024521356989,68.44197063349272],[-48.19082039013762,68.44234076644733],[-48.190361168070226,68.44272866922546],[-48.19041906575712,68.44310771899755],[-48.191449169624725,68.44308987069896],[-48.19251058661827,68.443254835787],[-48.19354502022504,68.44323704765687],[-48.193487075541334,68.44285799896225],[-48.192911849229006,68.4424878766701],[-48.191823854117715,68.44212668731888],[-48.19228304259103,68.44173878002128],[-48.19222512075134,68.44135973206743],[-48.19216716081687,68.4409762531014],[-48.19210924274737,68.44059720572399],[-48.19205116181141,68.44021822158759],[-48.19302766706165,68.43981689603191],[-48.19296973925511,68.43943784992354],[-48.19394188818031,68.4390365602702],[-48.19491831698755,68.43863522198367],[-48.19589489386359,68.43823393185409],[-48.19686711327239,68.43783255917788]]],"type":"Polygon"},"id":"000000000000000001bb","properties":{"area":75446.47374523466,"elevation":1483.4053809953891,"region":"CW","year":2018},"type":"Feature"},{"geometry":{"coordinates":[[[-48.728989353020786,69.89873663915489],[-48.72364293653183,69.89981127683227],[-48.7194379850685,69.9010509016748],[-48.713730298928795,69.90022152389515],[-48.70895474402604,69.89842008773495],[-48.706457520830135,69.89694857174399],[-48.70558803911634,69.89566429975879],[-48.708058400786115,69.89408577357057],[-48.71235706306935,69.89341693295961],[-48.71163027364707,69.89248499817535],[-48.707006039932175,69.89144160518437],[-48.70157489973658,69.89133012048491],[-48.69726293373761,69.8916601088225],[-48.695679812513596,69.89302901711234],[-48.69706685625991,69.89452281933283],[-48.69955922852319,69.89598985128468],[-48.700963855830864,69.89726070514862],[-48.70284131288636,69.89872332119393],[-48.705342913615304,69.89988263908869],[-48.70666258293367,69.90099744399889],[-48.70970386347023,69.90241094230666],[-48.71436369354506,69.90403855081725],[-48.719710068647245,69.90543428242991],[-48.723651800745216,69.90572409122528],[-48.727633762515254,69.90393153993386],[-48.72745990395291,69.90237087312126],[-48.72658602835337,69.90069865546222],[-48.728989353020786,69.89873663915489]]],"type":"Polygon"},"id":"000000000000000000b7","properties":{"area":711312.008041176,"elevation":1438.910058579436,"region":"CW","year":2018},"type":"Feature"},{"geometry":{"coordinates":[[[-50.08385166422351,69.44203996167681],[-50.08267437590433,69.44169213928758],[-50.08155076251839,69.44153611336627],[-50.08042266163605,69.44138006159115],[-50.07934781675964,69.44141570252859],[-50.07821973287135,69.44125963348796],[-50.077096162684164,69.44110357287131],[-50.07606607403014,69.44132656440641],[-50.07493801121656,69.44117046960822],[-50.073809604475855,69.44101437875983],[-50.07273513954127,69.44105007506862],[-50.0716559440885,69.44108124327533],[-50.07062599037396,69.44130424792405],[-50.069595825544425,69.44152719259164],[-50.068610537471486,69.44194189242194],[-50.068708562499495,69.44232091030044],[-50.06880208995694,69.4426999108206],[-50.06943984639024,69.44306115767388],[-50.070072929745294,69.4434223319482],[-50.07017098459066,69.44380134967216],[-50.07080428918149,69.44416257372632],[-50.07192794562715,69.44431856703552],[-50.07305614110876,69.44447468678842],[-50.074086203606804,69.44425166424492],[-50.07511627062981,69.44402875207794],[-50.076146317441264,69.44380583246831],[-50.07713176843191,69.44339558211261],[-50.078112648423364,69.44298085773667],[-50.07909372065171,69.44257062931965],[-50.08022187073044,69.44272669203076],[-50.08134549678183,69.44287827874754],[-50.08237562066041,69.442655366635],[-50.08340553338965,69.44243239455764],[-50.08385166422351,69.44203996167681]]],"type":"Polygon"},"id":"000000000000000000c0","properties":{"area":138622.74786726458,"elevation":503.8274116917992,"region":"CW","year":2018},"type":"Feature"},{"geometry":{"coordinates":[[[-49.430923200655315,68.40716734759191],[-49.427199908706626,68.4067036587508],[-49.42102408405621,68.40687753408962],[-49.41452710084247,68.40553980883976],[-49.41167788655545,68.4067615797076],[-49.405938802705,68.40902236209999],[-49.399722919886564,68.40900893864287],[-49.396075450106736,68.41140353029685],[-49.39021620111396,68.41309353146171],[-49.38403568343882,68.41326741213327],[-49.37793568537613,68.41382036315454],[-49.37175543254681,68.41399420050463],[-49.36549937772494,68.41378913493736],[-49.36375585393074,68.41536322170103],[-49.36216393630429,68.41769973570491],[-49.36521402671166,68.41990257730149],[-49.370676413282,68.42127149556762],[-49.37693697265578,68.4214766642356],[-49.383277801729236,68.42206074083812],[-49.38937795240376,68.42150784010876],[-49.39484909860759,68.42040198293496],[-49.40003955317695,68.41796733214802],[-49.4058230087936,68.41589384757752],[-49.41164214127815,68.41401204755645],[-49.417822513480964,68.41383815904494],[-49.422018570464786,68.41161752832332],[-49.42617433359913,68.40920962378995],[-49.430923200655315,68.40716734759191]]],"type":"Polygon"},"id":"00000000000000000043","properties":{"area":2242817.9013356087,"elevation":1045.8920859229688,"region":"CW","year":2018},"type":"Feature"},{"geometry":{"coordinates":[[[-49.011192587756746,69.79652518578438],[-49.00931518733573,69.79542373309944],[-49.01073316087871,69.79424656002844],[-49.00940447409477,69.79313179511364],[-49.00861966391153,69.79200811253645],[-49.007290839407055,69.79089334166493],[-49.00541353264444,69.78979192112021],[-49.002434878455674,69.78872168665555],[-48.998987928428015,69.78803948174428],[-48.995612377591684,69.78774072787992],[-48.99235719072254,69.78800825559031],[-48.989137944938825,69.78846755351981],[-48.98874101721162,69.7892433922207],[-48.986774550574204,69.79043401994917],[-48.98645349980105,69.79158892783877],[-48.98558390865812,69.79275278931105],[-48.98471443049802,69.79392108720198],[-48.98384484283521,69.7950848763856],[-48.98297536785971,69.79625310199759],[-48.98375564755387,69.79737684216985],[-48.98453600787822,69.79850496625755],[-48.98751034917358,69.79957962474967],[-48.991001611928,69.8004491471655],[-48.99433720879099,69.80056065665283],[-48.99771273998097,69.80085938259614],[-49.00082077576321,69.79982934386088],[-49.00388402428442,69.79861201444152],[-49.007223965768816,69.79871900976381],[-49.009779087157085,69.79770680333907],[-49.011192587756746,69.79652518578438]]],"type":"Polygon"},"id":"000000000000000000b9","properties":{"area":863551.5440911085,"elevation":1312.9803420914516,"region":"CW","year":2018},"type":"Feature"},{"geometry":{"coordinates":[[[-49.748924036392964,69.55791861202864],[-49.74761300062351,69.55700009852681],[-49.74739014377589,69.55605480338717],[-49.74662326474327,69.55512277697221],[-49.74422877759811,69.55423542748558],[-49.74237375487666,69.55333470901373],[-49.73961794648337,69.5532231921993],[-49.73677304698318,69.55273274590273],[-49.73410642809622,69.55300023613307],[-49.731484551341595,69.55345953925818],[-49.72899620825849,69.55448515398113],[-49.72904097755787,69.55467689961843],[-49.72818023641196,69.55565342520308],[-49.72786383111095,69.55662107247514],[-49.727542714957906,69.55758418827695],[-49.72777005338716,69.55852951718126],[-49.72799304990506,69.55947932201272],[-49.729304028844275,69.56039793780256],[-49.731154596244565,69.56129868669635],[-49.734093140646046,69.56216813446514],[-49.73689355270305,69.56246692229873],[-49.7396089736143,69.56238669826584],[-49.74168693298808,69.56194525722441],[-49.74309150758597,69.56095082169402],[-49.74395221679581,69.55996985439023],[-49.74644031787994,69.55894427436525],[-49.748924036392964,69.55791861202864]]],"type":"Polygon"},"id":"000000000000000000c8","properties":{"area":657662.675947252,"elevation":931.2369179721495,"region":"CW","year":2018},"type":"Feature"},{"geometry":{"coordinates":[[[-49.76057560331921,69.63205122642489],[-49.75703955347438,69.63100780987008],[-49.752500433991564,69.63037458144753],[-49.74796537355135,69.62974138109502],[-49.74365347445766,69.63005795085323],[-49.74374269096788,69.63043698884893],[-49.74355977320735,69.63197094109123],[-49.74610154810775,69.63342459364888],[-49.749187295948836,69.63486488962396],[-49.74519189762811,69.63650583208343],[-49.74092454520252,69.63700972047052],[-49.736478553758914,69.63676002581902],[-49.73238964540151,69.63802190968774],[-49.72830504397843,69.63928387687899],[-49.73020926701843,69.64037631011118],[-49.73474405623321,69.64100955298919],[-49.73914975253039,69.64107198066898],[-49.74346184126134,69.64075982494627],[-49.74786281091288,69.6408222592026],[-49.75226834529988,69.64088470480458],[-49.756714184328956,69.64113887611036],[-49.75476548143136,69.63985911898205],[-49.75494827005397,69.63832517718448],[-49.754038731186,69.63682246425608],[-49.75640203538206,69.63522607759982],[-49.760392848799846,69.63358517820814],[-49.76057560331921,69.63205122642489]]],"type":"Polygon"},"id":"000000000000000000e4","properties":{"area":794012.9197511108,"elevation":921.0823299528023,"region":"CW","year":2018},"type":"Feature"},{"geometry":{"coordinates":[[[-49.60870764228603,68.50254754522017],[-49.608662966529,68.50235578877076],[-49.60862291461509,68.5021684946852],[-49.608582918660744,68.50197675795135],[-49.60853818969657,68.50178944440434],[-49.60849803374764,68.50159777246233],[-49.607980830634574,68.50161559891889],[-49.60746349919816,68.50162892767881],[-49.60690615047395,68.50145507793083],[-49.60634878767901,68.50128110831605],[-49.60578695830154,68.50110728758554],[-49.605229610316876,68.50093331361367],[-49.604672108375674,68.50075940212946],[-49.60411030127478,68.5005855748174],[-49.603597482050105,68.50059885574682],[-49.60312048403374,68.50080401171797],[-49.60260318533182,68.5008174398804],[-49.60204570248211,68.5006435178506],[-49.60148822702454,68.50046959365022],[-49.60097103807205,68.50048739370848],[-49.60045374348953,68.50050081377749],[-49.59993660942268,68.50051416724175],[-49.599419256216045,68.50053202609206],[-49.598902120372884,68.50054537565101],[-49.598942223257026,68.50073716735952],[-49.5995040013466,68.50091101575707],[-49.60006147420925,68.50108494816432],[-49.60010158687111,68.5012767397886],[-49.600141735570794,68.50146397108452],[-49.60070355899881,68.50163793263248],[-49.60126087285635,68.50181180748409],[-49.60181819410228,68.50198568016644],[-49.60237570554141,68.50215960372307],[-49.60293766373288,68.50233793455486],[-49.60349484591177,68.5025118653677],[-49.604052379654924,68.50268578239734],[-49.60456960970822,68.50266797082413],[-49.60508694416878,68.50265453535339],[-49.605644146930324,68.50282845764232],[-49.60616132213667,68.50281508278482],[-49.60667871350259,68.5027971985989],[-49.607196069747964,68.50278387287322],[-49.607713297796224,68.50276604943988],[-49.6082304694455,68.50275266677136],[-49.60870764228603,68.50254754522017]]],"type":"Polygon"},"id":"0000000000000000024c","properties":{"area":60814.43035220188,"elevation":970.4402453271027,"region":"CW","year":2018},"type":"Feature"},{"geometry":{"coordinates":[[[-47.701300492896095,68.79622837134906],[-47.69652465380418,68.79592961682256],[-47.69161968954954,68.79467657432775],[-47.68667016579811,68.79304906839823],[-47.681724830819206,68.79141700854089],[-47.678349466180364,68.78975820716343],[-47.6776048490948,68.78805485776309],[-47.67843398517829,68.78632473109359],[-47.67926352613554,68.7845945355917],[-47.681666919816045,68.78283769121755],[-47.684070456053654,68.78108529291927],[-47.68081969838366,68.78037630137416],[-47.676097586619754,68.78045653462411],[-47.671370902054484,68.78053681258457],[-47.66894072881445,68.78210193618158],[-47.66863750264181,68.78382320050848],[-47.66886033804076,68.78553544885513],[-47.67012675630848,68.78722993985546],[-47.67244995630035,68.78890207954926],[-47.674626017651775,68.78943718601997],[-47.6795711882646,68.79106924140486],[-47.680320408034866,68.7927725647175],[-47.68421770962705,68.79442246285161],[-47.6860145893044,68.79610800377823],[-47.68986718801902,68.79737885711523],[-47.69464287069296,68.79767761299914],[-47.699324935814495,68.7972138491657],[-47.701300492896095,68.79622837134906]]],"type":"Polygon"},"id":"000000000000000001e0","properties":{"area":681761.7718431982,"elevation":1535.3679481440972,"region":"CW","year":2018},"type":"Feature"},{"geometry":{"coordinates":[[[-47.84114676109274,68.7101008484975],[-47.84106646811869,68.70953003729942],[-47.84101736343193,68.70915104107834],[-47.83952371744218,68.7097485883659],[-47.8380343374943,68.71035052296857],[-47.83654037888667,68.710948101557],[-47.83659396071096,68.71132712534248],[-47.83510007593865,68.7119246266795],[-47.83465430920718,68.712504301264],[-47.83316500635188,68.71310629659986],[-47.831671111810415,68.7137038178011],[-47.83175137402686,68.71427457592131],[-47.83077933542834,68.71486314734715],[-47.831903008388785,68.71541609931393],[-47.83303111308412,68.71596457882825],[-47.832585227981575,68.7165442508915],[-47.833709015871044,68.71709719025952],[-47.834311004874685,68.71765900941415],[-47.835880400417025,68.71762782651153],[-47.83632657523113,68.71704813531088],[-47.836767839650925,68.71646842557698],[-47.83721380610764,68.71588879523719],[-47.83765973870969,68.71530904610191],[-47.83810566419323,68.71472941405712],[-47.83907316019216,68.7141408214206],[-47.84004531884642,68.7135521847285],[-47.83891718330171,68.7129992133386],[-47.838841303613286,68.71242848511922],[-47.83928731903073,68.71184878968674],[-47.83868534215924,68.71129143207493],[-47.840179120973445,68.71068945882173],[-47.84114676109274,68.7101008484975]]],"type":"Polygon"},"id":"000000000000000001da","properties":{"area":165982.24223947607,"elevation":1527.927939640657,"region":"CW","year":2018},"type":"Feature"},{"geometry":{"coordinates":[[[-49.55436473998315,70.13638444794432],[-49.55431988855012,70.13619717877934],[-49.55371798555333,70.13602326711127],[-49.55311614914726,70.13584490032883],[-49.55255867321283,70.13586271757866],[-49.552001254254336,70.13587608000405],[-49.55139920290944,70.13570222371627],[-49.550797332804194,70.1355283003362],[-49.55019529876874,70.1353544392519],[-49.54963788923731,70.13536779278961],[-49.54908042003865,70.13538559693073],[-49.54852320404996,70.13539899954074],[-49.547965791535496,70.13541234675623],[-49.547408514599276,70.13543019786259],[-49.546850927464746,70.13544360555224],[-49.546249095215764,70.13526966381815],[-49.545691510583744,70.13528306713874],[-49.54513423368636,70.13530090966194],[-49.54457681962837,70.13531424407947],[-49.54406413513422,70.13551941891777],[-49.54410864793681,70.13571109018882],[-49.54415324413114,70.13589842674826],[-49.544197954068736,70.1360901513439],[-49.54424235625376,70.13627743463954],[-49.54428262667693,70.13646917799689],[-49.54432703037713,70.13665646132354],[-49.544371743429124,70.13684818598222],[-49.54441634425168,70.13703552263195],[-49.54446086330746,70.1372271940282],[-49.54506273441783,70.13740114344414],[-49.54566478680153,70.13757502577538],[-49.546266847842325,70.13774890570798],[-49.546824318120564,70.13773556510935],[-49.54738165087886,70.13771771639722],[-49.54798355477413,70.13789165410024],[-49.548585639937556,70.13806552471488],[-49.5491429195296,70.13805212209368],[-49.54970039375198,70.13803877065268],[-49.550257729894156,70.13802091109773],[-49.55077043375597,70.13781583235955],[-49.55128324271776,70.13761513986168],[-49.551796296415816,70.13741004613968],[-49.552308972702306,70.13720496204171],[-49.55282625350195,70.13699979247448],[-49.55333891130065,70.13679470478868],[-49.55385173246201,70.13658955061987],[-49.55436473998315,70.13638444794432]]],"type":"Polygon"},"id":"00000000000000000107","properties":{"area":85504.14933068719,"elevation":1111.4270189555766,"region":"CW","year":2018},"type":"Feature"},{"geometry":{"coordinates":[[[-49.59067054219164,70.11670199094135],[-49.590023956745064,70.1163407916398],[-49.58993492961154,70.11596179133846],[-49.589288231653924,70.11559608320947],[-49.58808424957703,70.11524833713494],[-49.5868804743994,70.11490051672597],[-49.586233679971755,70.1145348605293],[-49.585587273387695,70.11416919017756],[-49.58549795975351,70.11379019961889],[-49.585408821571775,70.11341114438925],[-49.58531951419615,70.11303215395694],[-49.584120156359646,70.11268435694873],[-49.583005294391064,70.11271557334537],[-49.58189060047727,70.11274671657122],[-49.580820395512056,70.1129653041227],[-49.58090962995404,70.1133442969698],[-49.58155611538621,70.11370992249368],[-49.582202673350864,70.11407109268217],[-49.58229193503322,70.11445008510671],[-49.581266254313164,70.11486039844846],[-49.581355504391205,70.11523939161148],[-49.58144902216937,70.11561842970255],[-49.58209114307768,70.11598407363925],[-49.58218041147909,70.11636306668582],[-49.58338437112753,70.11671086112491],[-49.58458819300437,70.11705871069874],[-49.58574772532653,70.11721926981957],[-49.5868178998445,70.11700071114741],[-49.587972860619615,70.11715676690872],[-49.589087577437276,70.11712564314102],[-49.59015790818967,70.11690711333897],[-49.59067054219164,70.11670199094135]]],"type":"Polygon"},"id":"00000000000000000106","properties":{"area":105409.87721722986,"elevation":1044.5575919777764,"region":"CW","year":2018},"type":"Feature"},{"geometry":{"coordinates":[[[-50.87147143109092,71.76816571487578],[-50.868497435366784,71.76654263203821],[-50.86914383682795,71.76479911204798],[-50.869794950801904,71.76306004961866],[-50.868630981169964,71.76137452482205],[-50.86565698014136,71.75975143100865],[-50.86811814834024,71.75795439701182],[-50.868769336123194,71.7562108623577],[-50.86398464671387,71.75464573116989],[-50.859570236083144,71.7542132501674],[-50.85382691885328,71.75344178865981],[-50.8483956580311,71.75361569666661],[-50.84308488330723,71.75416856072809],[-50.838023843745745,71.75547962118158],[-50.83978517988226,71.75714278838427],[-50.84034260592014,71.75884618139818],[-50.84029347043739,71.76056738937467],[-50.84024454750048,71.7622886470111],[-50.84201025682712,71.76395189086463],[-50.844980044029725,71.76557499185185],[-50.84674582834795,71.76724266529827],[-50.849118148871206,71.76888362966459],[-50.85377773870263,71.77007423275026],[-50.859529937281735,71.77084566569418],[-50.86509055374787,71.77104632981157],[-50.87021844002639,71.76992710499026],[-50.87147143109092,71.76816571487578]]],"type":"Polygon"},"id":"000000000000000001a2","properties":{"area":1665059.6051045724,"elevation":955.870703834979,"region":"CW","year":2018},"type":"Feature"},{"geometry":{"coordinates":[[[-49.28791107106853,68.49567605459596],[-49.28731785266604,68.49531042244568],[-49.28672499560469,68.49494477725611],[-49.28612731507206,68.49457916354234],[-49.286568746153975,68.49418670538292],[-49.28649305538229,68.49380771185456],[-49.28692997159212,68.49341527597022],[-49.287371319871184,68.49301843812023],[-49.287808390924944,68.49262605342453],[-49.28773250500126,68.49224700828985],[-49.286698150697504,68.49227377234456],[-49.285703740023955,68.49249226672032],[-49.284745100087015,68.49290250447905],[-49.28379069247391,68.49330828157066],[-49.28283198902021,68.49371850638927],[-49.281877862686706,68.4941242597881],[-49.281953667751715,68.49450330930134],[-49.2809993841446,68.49491349927045],[-49.28004052351599,68.4953193275594],[-49.279603809479696,68.49571173165678],[-49.27967940401752,68.49609073008322],[-49.27923806137454,68.49648759844415],[-49.27931833192213,68.49686662848474],[-49.27991147663929,68.49723229610665],[-49.280985899652855,68.49739282949486],[-49.28194025591207,68.49698252015887],[-49.283014930520004,68.4971475867294],[-49.284009367128625,68.49692905713236],[-49.2849634917883,68.49651879114715],[-49.28599802363176,68.49649204066085],[-49.28695677630447,68.49608179156316],[-49.28791107106853,68.49567605459596]]],"type":"Polygon"},"id":"0000000000000000023a","properties":{"area":112941.08493983415,"elevation":1075.6973425508975,"region":"CW","year":2018},"type":"Feature"},{"geometry":{"coordinates":[[[-48.175008546748046,69.27481925187321],[-48.17488805194616,69.27406119785435],[-48.17000544684053,69.27377578021216],[-48.165452844744806,69.27215270633879],[-48.16572022972539,69.27043151012589],[-48.16599226408411,69.26871476980698],[-48.16786498142761,69.26696233590025],[-48.166527427254344,69.26527676264548],[-48.166799356631394,69.26356003330922],[-48.169207316158634,69.26179866251753],[-48.17393842473636,69.26113429434662],[-48.17426833478734,69.2597921176799],[-48.17295745268715,69.25829824952135],[-48.16805242935455,69.2578211293308],[-48.163379156492155,69.25886455848179],[-48.161921095633005,69.25984560336703],[-48.16057895774854,69.2615846540652],[-48.160311289290675,69.2633058176656],[-48.15896920685651,69.26504485303647],[-48.15870153927757,69.26676163900797],[-48.15896467961097,69.26846952305502],[-48.15709192422984,69.27022194305742],[-48.15735498051323,69.2719297204302],[-48.15762255082059,69.2736375792582],[-48.15788997604062,69.27534538687759],[-48.16083307518017,69.27700417509737],[-48.16571585194524,69.2772895655524],[-48.170335358214984,69.27586268281532],[-48.175008546748046,69.27481925187321]]],"type":"Polygon"},"id":"00000000000000000286","properties":{"area":824918.9750132594,"elevation":1361.975658911355,"region":"CW","year":2018},"type":"Feature"},{"geometry":{"coordinates":[[[-49.34344463337159,68.80428149272072],[-49.34183035263187,68.80413438891614],[-49.3401358736413,68.80360820860169],[-49.33844146377317,68.80308200840952],[-49.337799391505406,68.80252905392994],[-49.3361850848412,68.80238194995228],[-49.33449067207478,68.80185576777983],[-49.33287642331569,68.80170862578343],[-49.33130690077256,68.80175318847023],[-49.32973292254107,68.80179331258022],[-49.328118718563324,68.80164623323971],[-49.32654463240594,68.80169076613312],[-49.32497055851922,68.80173539897238],[-49.32335637858444,68.8015882644292],[-49.32178222107962,68.80162836277034],[-49.320328628149014,68.8022436836265],[-49.32040888608097,68.80262273984602],[-49.3210510983547,68.80317569799472],[-49.32117143482653,68.80374638748441],[-49.322861495464856,68.80427262848363],[-49.323507902977894,68.80483000928103],[-49.32511774261987,68.80497716772113],[-49.32673180209198,68.80512429453235],[-49.32834606253593,68.80527145615197],[-49.32996025868659,68.8054141007364],[-49.3315743876934,68.80556128943165],[-49.333188697204214,68.80570839512404],[-49.33480285911663,68.80585554653926],[-49.3363368932788,68.80562373588062],[-49.33795106307605,68.80577085074603],[-49.339485057734095,68.80553900521994],[-49.341059014968366,68.80549445499905],[-49.34251262026424,68.80487901916128],[-49.34344463337159,68.80428149272072]]],"type":"Polygon"},"id":"00000000000000000294","properties":{"area":305901.1571851539,"elevation":1042.9407325452746,"region":"CW","year":2018},"type":"Feature"},{"geometry":{"coordinates":[[[-49.18239516004066,69.54590581916645],[-49.181151108992616,69.54517455700388],[-49.17839986051599,69.5450541148397],[-49.17572889835155,69.54531278877998],[-49.17317386955564,69.54614219214687],[-49.17224649396904,69.54692695302789],[-49.170275373059695,69.5479346927615],[-49.170471626804925,69.54888008107153],[-49.17121189331417,69.5498164761383],[-49.17032461436004,69.55079300156315],[-49.17106457730708,69.55172941023434],[-49.172348941104964,69.55264803670005],[-49.17417278655012,69.55355766646349],[-49.17545681610315,69.55447622472585],[-49.178252745938615,69.55478840754758],[-49.17967973188813,69.55379847824734],[-49.181655138557545,69.55279516208094],[-49.17982689626769,69.5518854533058],[-49.178003015078566,69.55098028233593],[-49.17563091724806,69.5500839926927],[-49.1743510965354,69.54916544420573],[-49.17361090031248,69.54822900145238],[-49.17449380799222,69.54725251962066],[-49.177008619141844,69.54623582354807],[-49.17960387967686,69.54559812232196],[-49.18239516004066,69.54590581916645]]],"type":"Polygon"},"id":"00000000000000000094","properties":{"area":227704.90715246735,"elevation":1189.4986139434109,"region":"CW","year":2018},"type":"Feature"},{"geometry":{"coordinates":[[[-50.8872477593024,71.72522461680674],[-50.88603951320547,71.725264728014],[-50.88471053088583,71.72492581464562],[-50.88350664348816,71.72496146201466],[-50.88217792924983,71.72462257941577],[-50.88096951912926,71.72466271866789],[-50.879765499623566,71.72470292385754],[-50.87843664162581,71.72436395888877],[-50.87722822044266,71.72439966799712],[-50.87602438381955,71.72443977889809],[-50.874820360073436,71.72447994690592],[-50.873674177873205,71.72470732714754],[-50.87247052498827,71.7247474628066],[-50.87259517835834,71.72512199046433],[-50.873321947840466,71.72548322272087],[-50.87465077148999,71.72582211207646],[-50.87585487124658,71.72578194572388],[-50.8770631940013,71.72574631356846],[-50.878392087254724,71.72608517215096],[-50.87972083988861,71.72642408600906],[-50.881049632698335,71.72676298895617],[-50.88219583490303,71.72653555633471],[-50.88327469092783,71.72611642620649],[-50.88435830909924,71.72570175079902],[-50.88562454079,71.72584886976891],[-50.886766274430734,71.72562144670707],[-50.8872477593024,71.72522461680674]]],"type":"Polygon"},"id":"000000000000000001a1","properties":{"area":73056.45104500695,"elevation":967.6290322580647,"region":"CW","year":2018},"type":"Feature"},{"geometry":{"coordinates":[[[-48.92885525524457,70.0934522147582],[-48.92711168409685,70.09310888476827],[-48.9248820744452,70.0931623965641],[-48.92258137271801,70.09283244006808],[-48.92020027266831,70.09212786171057],[-48.919491050768826,70.09138320475769],[-48.91989694180534,70.09061182931454],[-48.920298351863664,70.08984033503849],[-48.92181861765919,70.0890421833906],[-48.922220132269715,70.08827073860402],[-48.92206841994957,70.08750827974575],[-48.92246990158268,70.08673683507038],[-48.92009312990991,70.08603228003932],[-48.91790363675909,70.08627305896162],[-48.915830226661676,70.08708463757938],[-48.9148714234746,70.08786945493118],[-48.91391273009938,70.08865420235489],[-48.914064560077385,70.08941227191974],[-48.914216032735396,70.09017035162343],[-48.91325278966944,70.09095509553158],[-48.91285149472507,70.09172656057683],[-48.913003119833,70.09248457885515],[-48.91371218764526,70.09323377282873],[-48.91497852774692,70.09396506902131],[-48.916797765983404,70.09468295879654],[-48.91902735630867,70.09463390349235],[-48.921292555080214,70.09477211252293],[-48.92351770350358,70.09471860153218],[-48.92574727336235,70.09466505674702],[-48.927896626578736,70.09423700331291],[-48.92885525524457,70.0934522147582]]],"type":"Polygon"},"id":"000000000000000000e5","properties":{"area":291799.8746998626,"elevation":1378.8992819787647,"region":"CW","year":2018},"type":"Feature"},{"geometry":{"coordinates":[[[-47.44409047592301,68.81165690530335],[-47.44297126751141,68.81110396535524],[-47.44237819809034,68.8105376092216],[-47.441303562823556,68.81036376284882],[-47.4397027571025,68.81019869997594],[-47.43814658943545,68.8104127816383],[-47.43656788065104,68.81043954319163],[-47.43501639676248,68.81065356571621],[-47.433460156285975,68.81086759485221],[-47.431926104155046,68.81127340625899],[-47.43034760254495,68.81129571883734],[-47.43036997642351,68.81148745676754],[-47.42991062460899,68.81206711555983],[-47.42945134508292,68.81264233934081],[-47.42951819506223,68.81321312720986],[-47.42906335214697,68.81379282318218],[-47.428604097342195,68.81437241786973],[-47.42867093337765,68.81494320792265],[-47.43024493972399,68.81492093861391],[-47.431823583568196,68.81489413756888],[-47.433424285312434,68.81505918145723],[-47.43495828189431,68.81465784730207],[-47.436536911234946,68.81463111061454],[-47.43807075149619,68.814225370198],[-47.439600238777636,68.81382400300438],[-47.44113414615051,68.813418167033],[-47.44264589376342,68.81282068942912],[-47.44363126325044,68.81223655447822],[-47.44409047592301,68.81165690530335]]],"type":"Polygon"},"id":"000000000000000001c3","properties":{"area":229997.43208398015,"elevation":1634.3656502395086,"region":"CW","year":2018},"type":"Feature"},{"geometry":{"coordinates":[[[-49.67793071370072,69.49964268148652],[-49.67676234793389,69.49929486088585],[-49.676673124633496,69.49891584099473],[-49.676044377356696,69.49855019193552],[-49.675415801268606,69.49818904350656],[-49.6742430272531,69.49784117352173],[-49.67316379172777,69.49787241024337],[-49.67208039757503,69.49790359705818],[-49.6710011930234,69.49793036740081],[-49.66991762319942,69.497961602658],[-49.66878948238556,69.49780554289352],[-49.6677105932998,69.4978367267856],[-49.66662701956065,69.49786793715728],[-49.665632486388944,69.49827816491253],[-49.665721724624824,69.49865724371362],[-49.666350342027926,69.49901836950306],[-49.6669791288138,69.49938399592749],[-49.6676124874364,69.49974519992753],[-49.66878052451901,69.50009749185668],[-49.6698641932484,69.50006626552263],[-49.67094317690207,69.50003506573623],[-49.67211599272472,69.5003828460327],[-49.67319517559891,69.5003516823976],[-49.67436786899942,69.50069950941962],[-49.67544703764516,69.50066821097748],[-49.67648595376904,69.50044526370839],[-49.67748040119146,69.50003507702272],[-49.67793071370072,69.49964268148652]]],"type":"Polygon"},"id":"000000000000000000b5","properties":{"area":106807.69097972334,"elevation":963.4792429997644,"region":"CW","year":2018},"type":"Feature"},{"geometry":{"coordinates":[[[-50.460730388869315,71.4392000361053],[-50.46015966217887,71.43878975311947],[-50.458210992603306,71.43827701023838],[-50.457443868426466,71.43772404842561],[-50.45610179357262,71.43776865568698],[-50.45549547710468,71.43778646876825],[-50.453769777522105,71.43745650674101],[-50.45210652077629,71.43788902206168],[-50.45085359254681,71.43830817406291],[-50.44924371835759,71.43892796925846],[-50.447633964283135,71.43897700668356],[-50.44596617768589,71.43940960495397],[-50.44524389772187,71.43962807647344],[-50.44541348084779,71.44019439229977],[-50.446773301344614,71.44072505131616],[-50.4481334987671,71.44126008731828],[-50.44783462210751,71.44164354962174],[-50.44681811614692,71.44224556263998],[-50.447937264227875,71.44260677458858],[-50.4498947301671,71.44311958184544],[-50.450184729850434,71.44348075822833],[-50.45085355238608,71.44372155013667],[-50.451401992383175,71.44414964405657],[-50.45205734551047,71.44418977590573],[-50.45326582519118,71.44377063036809],[-50.45487558613597,71.44314628987729],[-50.454706120937985,71.44257997014329],[-50.45453666523685,71.44201365014315],[-50.456146289080166,71.44138941341278],[-50.4577606522116,71.44076956894088],[-50.459370430819824,71.44014980459785],[-50.46029336032996,71.43974400077649],[-50.460730388869315,71.4392000361053]]],"type":"Polygon"},"id":"0000000000000000018c","properties":{"area":222447.5593353221,"elevation":1287.8348586961768,"region":"CW","year":2018},"type":"Feature"},{"geometry":{"coordinates":[[[-49.748076909790825,70.35301205919575],[-49.74793863984067,70.35244128792625],[-49.74723407380915,70.35188834400466],[-49.74652954157834,70.35133539705593],[-49.74474591597519,70.35100541505669],[-49.74296218482844,70.35067102340426],[-49.741365842579256,70.35109906652174],[-49.73972057072749,70.35133540035093],[-49.73812414147165,70.35176352646634],[-49.73647878356188,70.35199982429546],[-49.73488226482996,70.35242346192817],[-49.733286034423195,70.35285152398843],[-49.73168974234531,70.35327956882594],[-49.731778810226785,70.35365865913374],[-49.73192156668018,70.35422495457966],[-49.73205962852914,70.35479567475257],[-49.73220240000345,70.3553619703303],[-49.73403053428457,70.35588370425735],[-49.734735071380946,70.35644109953344],[-49.736425330448526,70.35639202122023],[-49.73811971428477,70.35634302916925],[-49.73985417772518,70.35648569440582],[-49.741544225849616,70.35644107650971],[-49.743189664487794,70.35620478823625],[-49.744835240227204,70.35596841678453],[-49.74638682558803,70.35534858017259],[-49.74681045523486,70.35476446164745],[-49.74722958197934,70.35418036668413],[-49.74709130532594,70.35361404785141],[-49.748076909790825,70.35301205919575]]],"type":"Polygon"},"id":"00000000000000000132","properties":{"area":287275.84563476034,"elevation":1071.5143685279697,"region":"CW","year":2018},"type":"Feature"},{"geometry":{"coordinates":[[[-47.54944573971506,69.12094463195061],[-47.54939664374273,69.12056557377869],[-47.54828626064927,69.12020435376435],[-47.54730072560486,69.11988332139772],[-47.54715387413957,69.11966481628981],[-47.54712710667786,69.11945968636921],[-47.546038993590194,69.11929029741732],[-47.54495095530038,69.11911634558687],[-47.54386276077201,69.1189424476581],[-47.54280170150059,69.11896030013017],[-47.54173602356618,69.11897810986295],[-47.54064785586668,69.11880418717327],[-47.53958219397696,69.11882209864902],[-47.53849404707352,69.1186481593951],[-47.53743288409241,69.11866147907885],[-47.53801269837126,69.11903609266783],[-47.538110662213285,69.11908961407708],[-47.538690387483975,69.11945973285933],[-47.53980513263174,69.11982538100709],[-47.540919800578806,69.120186528292],[-47.542034610670925,69.12055215935003],[-47.54314945333944,69.12091778186367],[-47.54374246784311,69.12090444263413],[-47.54467888591589,69.12121213837852],[-47.5453344383958,69.12126117163902],[-47.54640013805584,69.12124777132071],[-47.5474701707755,69.12122996738724],[-47.548536121823766,69.12121217018733],[-47.54906226241979,69.12114082659086],[-47.54944573971506,69.12094463195061]]],"type":"Polygon"},"id":"00000000000000000204","properties":{"area":75535.50228995504,"elevation":1579.8142796026048,"region":"CW","year":2018},"type":"Feature"},{"geometry":{"coordinates":[[[-48.465519054039966,68.35207074076848],[-48.46439538152755,68.35152222632642],[-48.462825797136986,68.35136617157747],[-48.46122043794374,68.35102283019067],[-48.46080110577579,68.3516024976918],[-48.459352043750755,68.35220893952562],[-48.45790282551867,68.3528109360391],[-48.456453622782966,68.35341734818081],[-48.4548483051303,68.35306955402778],[-48.453274212238114,68.35291350198996],[-48.451793894403885,68.35332815797597],[-48.450255435907344,68.35336383646745],[-48.44877505506803,68.35377857759354],[-48.44880628520731,68.35396584583879],[-48.45043817348914,68.35450092093622],[-48.45201235125338,68.35465700656874],[-48.453586366817085,68.35481301958485],[-48.455160415664174,68.35496913232213],[-48.45673448181213,68.35512522698258],[-48.45830416770211,68.35527680558062],[-48.459784569974836,68.3548665075707],[-48.46129617530654,68.3546391469422],[-48.46280783834794,68.35441620005209],[-48.4632269891504,68.35383646826757],[-48.46365068870066,68.35325236394804],[-48.464069638072104,68.35267269419738],[-48.465519054039966,68.35207074076848]]],"type":"Polygon"},"id":"000000000000000001b9","properties":{"area":148606.69071024007,"elevation":1403.387734450379,"region":"CW","year":2018},"type":"Feature"},{"geometry":{"coordinates":[[[-50.28083246459216,71.87177292522078],[-50.28005653583083,71.87122444208597],[-50.27988705904443,71.87065370241471],[-50.27916466731213,71.87029247083701],[-50.277452219288634,71.87072505711912],[-50.275740095845975,71.87115761169959],[-50.274085729803446,71.87177737923548],[-50.272427078996245,71.87239720751587],[-50.27060318764433,71.87245071062975],[-50.268721395903164,71.87231250671746],[-50.26695569142781,71.87255330647983],[-50.26512736245411,71.87260677337393],[-50.26523900216216,71.87298582572781],[-50.264801814602905,71.87356997459892],[-50.26557773604368,71.8741229166344],[-50.26635378082121,71.87467133624159],[-50.26774063352667,71.87520643919436],[-50.26962228106013,71.87534466834906],[-50.27138799668199,71.87510390617265],[-50.27310031845854,71.87467134832482],[-50.27492860454949,71.87461785721442],[-50.276641021898655,71.87418531355293],[-50.27708231839242,71.8736012233346],[-50.27873651777957,71.8729813737072],[-50.27917820955786,71.87239274514558],[-50.28083246459216,71.87177292522078]]],"type":"Polygon"},"id":"0000000000000000019a","properties":{"area":154628.68472707368,"elevation":1447.0799981330656,"region":"CW","year":2018},"type":"Feature"},{"geometry":{"coordinates":[[[-49.18007206008851,68.72164101115796],[-49.179996329447,68.72126199574707],[-49.17939437102688,68.72089633790355],[-49.17984015466639,68.72050393124785],[-49.17872091247459,68.72015165387036],[-49.178123372606194,68.71978603641016],[-49.177521476791476,68.71942037168384],[-49.17692397162638,68.71905474968587],[-49.17736992720137,68.71866228820399],[-49.177294084021774,68.71828333780888],[-49.17617043855057,68.71793106096541],[-49.17512700345765,68.71795777141818],[-49.17408340113842,68.71798453816142],[-49.17307578902006,68.7182030209338],[-49.172027982636116,68.71822978063305],[-49.17094441053102,68.7180692414464],[-49.16982506632562,68.7177170229831],[-49.16881742342102,68.71793547453326],[-49.16777399230262,68.71796224731335],[-49.16680188705648,68.71836804001883],[-49.167403770400206,68.71873368576881],[-49.168001297952856,68.7190992839147],[-49.16807702337705,68.71947835724697],[-49.16867457857003,68.71984395310702],[-49.169798377587796,68.7201962278493],[-49.17088190401014,68.72036122098825],[-49.17196557571217,68.72052176174422],[-49.173084563303306,68.72087404005273],[-49.174208466442074,68.72122628008897],[-49.17532769867602,68.72157859461348],[-49.17637563845545,68.72155181029346],[-49.17749472999063,68.72190405404908],[-49.17857834042738,68.72206460808736],[-49.17962612978315,68.72203786336812],[-49.18007206008851,68.72164101115796]]],"type":"Polygon"},"id":"00000000000000000274","properties":{"area":144948.6798620606,"elevation":1139.0624321657613,"region":"CW","year":2018},"type":"Feature"},{"geometry":{"coordinates":[[[-49.13630157152862,68.99545211117643],[-49.13569948151223,68.99508647444947],[-49.13561920258349,68.99470299354684],[-49.13554337583414,68.99432394134902],[-49.134486834522335,68.99435070857753],[-49.13334955845803,68.99399844272773],[-49.13221266518611,68.99364615756042],[-49.13107545191731,68.99329387390358],[-49.13005419202009,68.99351240363887],[-49.12895754195469,68.99335186078089],[-49.12782476146305,68.99299509806858],[-49.126687656042485,68.99264289738429],[-49.125666545520126,68.99286133070649],[-49.124685534447494,68.99326714423589],[-49.12370011333443,68.99367740394128],[-49.12377592246545,68.99405639730553],[-49.1238517341186,68.99443539087639],[-49.12445822725893,68.99480106016667],[-49.1255952833146,68.99515784443169],[-49.12673232566128,68.99551011997362],[-49.1278649770159,68.99586233982788],[-49.129002082099625,68.99621459760179],[-49.130063303097316,68.99618785457368],[-49.13112007164338,68.99615667484815],[-49.13222130810762,68.99632163066428],[-49.13324249628665,68.99610314861688],[-49.134339505400035,68.99626809491893],[-49.13532062428976,68.99585788335231],[-49.13630157152862,68.99545211117643]]],"type":"Polygon"},"id":"000000000000000002a4","properties":{"area":128487.63104491356,"elevation":944.9187270297358,"region":"CW","year":2018},"type":"Feature"},{"geometry":{"coordinates":[[[-49.12336127447109,69.37862711805067],[-49.12271029766638,69.37806972630656],[-49.12098005770799,69.37754351082397],[-49.119245607035914,69.37701739936068],[-49.11859440998409,69.37646000089927],[-49.11694019100869,69.3763128161125],[-49.11532584838849,69.37635296180667],[-49.113787629609426,69.3767721593502],[-49.11209768503916,69.37643324170708],[-49.1104833188938,69.3764733324699],[-49.108828986967474,69.37632623575185],[-49.1072148059566,69.37636634327484],[-49.10571643331947,69.37697724314117],[-49.10421834044016,69.37758811714241],[-49.10425847376828,69.37777545954515],[-49.104374434648285,69.37834620811502],[-49.10449035689756,69.37891245463136],[-49.10568092243034,69.37945649662701],[-49.10633638576282,69.38001388536816],[-49.10745114100196,69.3801743893538],[-49.10918144780323,69.38070058852634],[-49.110835769813214,69.38085219591065],[-49.11256583648529,69.38137836525847],[-49.114179977188556,69.38133820838857],[-49.11521887328612,69.38111975152826],[-49.11617766393945,69.38052671436596],[-49.11767580571783,69.37991576553944],[-49.11917424729308,69.37930490875686],[-49.12078824874833,69.37926479452123],[-49.122402599341505,69.37922465161087],[-49.12336127447109,69.37862711805067]]],"type":"Polygon"},"id":"0000000000000000006d","properties":{"area":284972.0095500817,"elevation":1010.8155829596409,"region":"CW","year":2018},"type":"Feature"},{"geometry":{"coordinates":[[[-48.41578217428105,68.40498689702046],[-48.415719795211466,68.40460781955815],[-48.41462737817117,68.40425110897115],[-48.41456477590369,68.40386766389203],[-48.41450241818426,68.40348858685579],[-48.41347222647274,68.40351089018884],[-48.41247348833366,68.40372490422709],[-48.41150594013685,68.40412626209712],[-48.41053387663063,68.40452760753904],[-48.41059607635066,68.40491106343435],[-48.410141389240415,68.40529902265688],[-48.4102038511536,68.40567803975142],[-48.40974887849861,68.40607043785009],[-48.409811336785715,68.40644945574107],[-48.41038667843744,68.40681958115015],[-48.41044914838012,68.4071985993975],[-48.410511440553144,68.40757756333139],[-48.41057391453594,68.40795658215214],[-48.41163524033734,68.40812609341201],[-48.41266527883293,68.4081038129611],[-48.412602937234546,68.40772473165704],[-48.412027543379,68.40735461469826],[-48.41248250241312,68.40696220787835],[-48.412932877287865,68.40657428830605],[-48.413387644365876,68.40618194225503],[-48.41435972311633,68.40578057511392],[-48.41532738732506,68.40537481924476],[-48.41578217428105,68.40498689702046]]],"type":"Polygon"},"id":"000000000000000001c6","properties":{"area":71788.46289692496,"elevation":1398.5582141961377,"region":"CW","year":2018},"type":"Feature"},{"geometry":{"coordinates":[[[-48.45940115909047,68.6330966128687],[-48.45664107472073,68.63220480993344],[-48.456484845261826,68.63125504037293],[-48.455285334174675,68.63032749622033],[-48.4525876953284,68.62981471960387],[-48.449858452352686,68.62911019929219],[-48.44716087854756,68.6285973817276],[-48.44449439800062,68.62827633995197],[-48.44182781462975,68.62795531027163],[-48.4404186549541,68.62893630477872],[-48.437970717143436,68.62994405284768],[-48.43549132405617,68.63076005478129],[-48.43291857088259,68.6310097562732],[-48.43040804437865,68.63163407197399],[-48.42767914082275,68.63093396112625],[-48.4267963039429,68.63190604533435],[-48.42955632206647,68.63279782657504],[-48.43127310247517,68.63371194990593],[-48.43400197414684,68.63441649971568],[-48.436704248395706,68.63492929669958],[-48.43930831539939,68.63487135505456],[-48.441975000985465,68.63519689060699],[-48.44461015172498,68.63532618341513],[-48.44727677761741,68.63565168032949],[-48.44981841527525,68.6352147388563],[-48.452329082762176,68.63458597654002],[-48.45487069599226,68.6341489967452],[-48.457381136808195,68.63352026081593],[-48.45940115909047,68.6330966128687]]],"type":"Polygon"},"id":"000000000000000001ee","properties":{"area":654326.6904812793,"elevation":1368.3865659430578,"region":"CW","year":2018},"type":"Feature"},{"geometry":{"coordinates":[[[-50.06264861915726,68.26378054275065],[-50.062604082005244,68.26358879178815],[-50.06205106095296,68.26341931263202],[-50.062002078651005,68.26322761013635],[-50.061957388211674,68.26304024767727],[-50.06140454243312,68.2628663777279],[-50.06084707168468,68.26269250167738],[-50.060289630588805,68.26252306428545],[-50.060245113648975,68.26233131318644],[-50.060200619790585,68.26214400299689],[-50.06015594567978,68.26195231720807],[-50.06061974832617,68.26174713104687],[-50.06057509431761,68.26155988638756],[-50.060530577222835,68.26136813579419],[-50.06048592464251,68.26118089127114],[-50.05992865549876,68.26100694714609],[-50.059883803857865,68.26081520937501],[-50.05983931573783,68.26062789972984],[-50.05928190421086,68.26045401841576],[-50.0587736331263,68.26047188958476],[-50.05826088781932,68.26048968964001],[-50.05775243277727,68.26050750457821],[-50.05728433623848,68.2607126635377],[-50.05682050005432,68.26091772022204],[-50.05635238807569,68.2611228760858],[-50.05588855980606,68.2613280472754],[-50.05593320075435,68.26151973403903],[-50.0559776621905,68.26170704520742],[-50.05551400040981,68.2619165909889],[-50.05504585913644,68.26212174267012],[-50.05458216037803,68.26232684455576],[-50.05462663498979,68.26251859730284],[-50.054671247566056,68.26270584411726],[-50.05471570221633,68.26289315616243],[-50.0552286806539,68.26287974531905],[-50.05574147801485,68.26286195685829],[-50.056294288861274,68.26303584966949],[-50.05685171745875,68.26320530357997],[-50.05740917501745,68.26337919615156],[-50.05796200749204,68.26355308248544],[-50.05851945750783,68.26372252985577],[-50.05902765723044,68.26370916584277],[-50.05954062486117,68.26369129790403],[-50.06005343282614,68.26367349319524],[-50.06056176600913,68.26365561741139],[-50.06107459442305,68.26364224969574],[-50.06158276701213,68.26362443525676],[-50.06214026293577,68.2637983087734],[-50.06264861915726,68.26378054275065]]],"type":"Polygon"},"id":"00000000000000000247","properties":{"area":69959.45747283525,"elevation":702.2115384615383,"region":"CW","year":2018},"type":"Feature"},{"geometry":{"coordinates":[[[-48.95239485176098,69.80901060745208],[-48.95121758528993,69.8086583928628],[-48.95008061377706,69.80849333724203],[-48.94897902980086,69.80852013889701],[-48.94784209784094,69.80835518387853],[-48.946704988978325,69.808190165992],[-48.94556791276523,69.80802964390301],[-48.94439077184971,69.80767287025172],[-48.94321351080221,69.80732065588727],[-48.9420408377199,69.80696836745422],[-48.940863627325555,69.80661162993206],[-48.939686468095495,69.80625938772504],[-48.93851372467042,69.80590713551828],[-48.937412411285074,69.805929399235],[-48.936239524156825,69.80557707489372],[-48.93506230854407,69.8052248599527],[-48.93392508228736,69.80505987129493],[-48.93400118422494,69.80543889188446],[-48.93462538409118,69.80580455229226],[-48.93580263882601,69.8061612756574],[-48.93642688482634,69.8065269287508],[-48.93705114990798,69.80689257936218],[-48.93822812953959,69.80724929366365],[-48.9394009360485,69.80760154886453],[-48.94057815861599,69.80795379407459],[-48.94167973416705,69.8079270560753],[-48.94285227600791,69.80828379846352],[-48.943993920889866,69.8084487816079],[-48.94513100825848,69.80860931611618],[-48.94630363242026,69.80896603118967],[-48.94744514044183,69.8091265468699],[-48.94854220138,69.8090998219104],[-48.94964346835959,69.80907753819146],[-48.95074490482364,69.80905079554357],[-48.9518820599283,69.80921127756895],[-48.95239485176098,69.80901060745208]]],"type":"Polygon"},"id":"000000000000000000b8","properties":{"area":70447.62596539459,"elevation":1322.937544538329,"region":"CW","year":2018},"type":"Feature"},{"geometry":{"coordinates":[[[-50.01083830573271,70.57381784493514],[-50.01074019231049,70.5734387428798],[-50.00950056755748,70.57309548049881],[-50.00826544274152,70.57274760369981],[-50.007079406584445,70.57259155505906],[-50.005942027516824,70.57262723014692],[-50.00503702025143,70.57281451578508],[-50.004385979009975,70.572863579809],[-50.00371713880918,70.57288139506461],[-50.00258007844724,70.57291257805642],[-50.00149202058513,70.5731355921955],[-50.000577736988426,70.5733273165529],[-49.9999270115121,70.57337189458195],[-49.9992668787605,70.57339421045613],[-49.99817890489788,70.57361268112633],[-49.99714443633926,70.57402740708741],[-49.99719335328522,70.5742146760556],[-49.996725217849864,70.57461152646394],[-49.99568629662617,70.57502175488305],[-49.995784343649504,70.57540080068699],[-49.99601618371006,70.57564155419828],[-49.996096486716645,70.57594034491737],[-49.99699736868912,70.57591358516734],[-49.99768842632847,70.57610980286336],[-49.99882542725639,70.57607415054301],[-49.99996262929999,70.57604287856631],[-50.0007562127568,70.5761855870695],[-50.001946926044745,70.57634165409883],[-50.00298578644815,70.57593138214729],[-50.00402477648155,70.5755167015034],[-50.00506376040983,70.57510646775717],[-50.00610267323183,70.5746917726011],[-50.007293163049276,70.57484786239917],[-50.00848404245115,70.57500393035374],[-50.008956557437706,70.57461158232057],[-50.0094248482223,70.57421468053461],[-50.010320964144654,70.57402291395071],[-50.01083830573271,70.57381784493514]]],"type":"Polygon"},"id":"00000000000000000153","properties":{"area":139419.58940759403,"elevation":953.0059800664447,"region":"CW","year":2018},"type":"Feature"},{"geometry":{"coordinates":[[[-49.90999578642143,68.58690922985471],[-49.90981730367527,68.58614675267538],[-49.908600119293624,68.58542438249155],[-49.906437331891134,68.58510781865039],[-49.90427459108069,68.58479566503216],[-49.902285977736845,68.58523710454398],[-49.900167907673094,68.58511667403559],[-49.89826826264011,68.58593713575573],[-49.89628399065294,68.58638312489762],[-49.89425504399936,68.5866372949298],[-49.89231085634522,68.58727043383008],[-49.89032654428115,68.58771638998802],[-49.890411323859816,68.58809539048819],[-49.88851617805664,68.58891583538228],[-49.887655654750056,68.5897095592667],[-49.88679508283805,68.59049883498491],[-49.88593445693204,68.59128810630901],[-49.88658539170895,68.59184099691059],[-49.888618833270364,68.59158685666159],[-49.890692283634216,68.59151996091822],[-49.89277024589791,68.59145755269508],[-49.89488827871518,68.59158238661527],[-49.896832379999786,68.59094921949492],[-49.898861296079744,68.59069502314075],[-49.90085022531092,68.59024913413205],[-49.902879057798586,68.58999499616269],[-49.90495685943966,68.58992807739801],[-49.907075000248085,68.59005289351468],[-49.90793563550506,68.58926369940578],[-49.90879619381666,68.58847438322573],[-49.90965237490865,68.587680714772],[-49.90999578642143,68.58690922985471]]],"type":"Polygon"},"id":"0000000000000000000a","properties":{"area":460452.1155239066,"elevation":850.3957961932196,"region":"CW","year":2018},"type":"Feature"},{"geometry":{"coordinates":[[[-49.47994213628686,69.3422764849266],[-49.47989764706055,69.34208479299691],[-49.47931802209716,69.34191086443882],[-49.47873823794037,69.34173699817178],[-49.478162924448355,69.34156304773596],[-49.477583323489874,69.34138911233588],[-49.47753885469001,69.34119741998408],[-49.47803370377216,69.3409922848939],[-49.4779934521946,69.34080502441138],[-49.47741387066946,69.34063108857998],[-49.47683420556556,69.3404527661057],[-49.47629911864433,69.34047063605445],[-49.47580407554848,69.34067571163423],[-49.47526457404294,69.34068909266284],[-49.47472936695389,69.34070245444192],[-49.474234494037574,69.34090757786743],[-49.473699469912596,69.34092098906996],[-49.47315988432574,69.34093881102521],[-49.47266499257402,69.34114392898442],[-49.47216997979921,69.34134454299604],[-49.471675071009884,69.34154965755855],[-49.471179986430734,69.34175483499169],[-49.471224595367204,69.34194658259736],[-49.47180433525207,69.3421204793353],[-49.47237959860701,69.34229433759705],[-49.47242421812506,69.34248608501072],[-49.4724642629681,69.34267341190726],[-49.47304402856662,69.34284730387304],[-49.47362361323654,69.34302114023454],[-49.47420334048735,69.34319959445948],[-49.474782941283635,69.34337342624987],[-49.47535827599292,69.34354739086075],[-49.475937892778354,69.34372121809618],[-49.47651753929853,69.34389516093331],[-49.47705711068174,69.34388177537986],[-49.47759221808254,69.34386846964003],[-49.47812737822412,69.34385059504363],[-49.47808712036226,69.34366333383167],[-49.478042621029466,69.34347152311905],[-49.478537700240466,69.34326643911781],[-49.478497440364194,69.34307917816294],[-49.47845742367996,69.34288740372133],[-49.478952223261295,69.34268671401693],[-49.47944727853069,69.34248162697536],[-49.47994213628686,69.3422764849266]]],"type":"Polygon"},"id":"00000000000000000086","properties":{"area":77719.63896813296,"elevation":755.4524310960533,"region":"CW","year":2018},"type":"Feature"},{"geometry":{"coordinates":[[[-47.68512285412132,69.13081256420189],[-47.68452969528574,69.13034885407558],[-47.68392334437177,69.12978697907366],[-47.68331685060381,69.1292251644278],[-47.682710507555555,69.1286677220109],[-47.68210406932187,69.12810590326521],[-47.68097134782698,69.127637695992],[-47.68147081514452,69.12735675540651],[-47.6803292572322,69.12680390172396],[-47.67919217139507,69.12625089593499],[-47.679116426249486,69.12568018981726],[-47.67747103473584,69.12532789734125],[-47.675896750492065,69.12554638070685],[-47.67595948514809,69.12599674212167],[-47.67597268891198,69.12631337869838],[-47.67500949570382,69.12689304740891],[-47.67501405275203,69.12716951336004],[-47.67615551192905,69.12772241021572],[-47.67729720555167,69.12827535406733],[-47.67790797438261,69.1288371680364],[-47.67904940440039,69.12939010562157],[-47.68019550361775,69.12994306475473],[-47.68080194522276,69.13050489334988],[-47.68194351678761,69.13105780926792],[-47.68354881977627,69.13103106517227],[-47.68512285412132,69.13081256420189]]],"type":"Polygon"},"id":"00000000000000000225","properties":{"area":112098.54736460799,"elevation":1516.9525717239599,"region":"CW","year":2018},"type":"Feature"},{"geometry":{"coordinates":[[[-48.95509707840322,68.46176459929178],[-48.9540089362154,68.4587413421477],[-48.94542978409362,68.45724306600967],[-48.93709556908297,68.45707364314603],[-48.9398202935894,68.45776923642536],[-48.94843521938715,68.45945474888619],[-48.94215235521034,68.46190285750345],[-48.934103704122194,68.46324948353806],[-48.92612180921532,68.46497514660781],[-48.91810882354871,68.46651358402947],[-48.90980587941884,68.46653136584173],[-48.901298147376764,68.46540767468413],[-48.90544946926831,68.4626386195063],[-48.899804313686836,68.46296856247004],[-48.89203634599796,68.46583131046276],[-48.88408596768452,68.46774425333706],[-48.87627798195172,68.47041973115203],[-48.87641620858405,68.47117773447182],[-48.88199461555063,68.47046874861053],[-48.889909448081454,68.46836408234492],[-48.89803385035422,68.4673964441964],[-48.90626093463242,68.46699957861019],[-48.91456384501862,68.46698172291023],[-48.92286209575355,68.46696390940242],[-48.93077266144822,68.46485917118503],[-48.93874989301732,68.46313353693134],[-48.94686996518166,68.46216590800229],[-48.95509707840322,68.46176459929178]]],"type":"Polygon"},"id":"00000000000000000201","properties":{"area":701880.8315087898,"elevation":1235.6418423058035,"region":"CW","year":2018},"type":"Feature"},{"geometry":{"coordinates":[[[-48.128085377566975,68.78016222712007],[-48.12750570771789,68.77979209543332],[-48.127447894069334,68.77941311954235],[-48.12639530730598,68.77943094397214],[-48.12537428683619,68.77964495890795],[-48.124326421478315,68.7796628380255],[-48.12333651674987,68.7800641761499],[-48.12234202706141,68.78046549191423],[-48.1213478538612,68.78086679287293],[-48.1203578517089,68.7812681103455],[-48.11936344627544,68.78166946038874],[-48.11942149258983,68.78204843301418],[-48.11947937364032,68.78242746878882],[-48.1195372857887,68.78281093910404],[-48.11959517066216,68.78318997537535],[-48.11912714740076,68.78358240823326],[-48.1191850281486,68.78396144520359],[-48.11976466182552,68.78433149651832],[-48.11929640922961,68.78471944138154],[-48.120375623820344,68.78488894144496],[-48.12137013929459,68.78448758208009],[-48.1224491743102,68.78465701091804],[-48.12352385177175,68.7848264710202],[-48.12347027422019,68.78444739549461],[-48.123412160015356,68.78406842268721],[-48.124402220797656,68.78366708150969],[-48.1238225359823,68.78329704987853],[-48.12429082756249,68.78290459326583],[-48.124754414453115,68.78251661709602],[-48.12522269146846,68.78212427574948],[-48.12621719813997,68.78172293814954],[-48.12720695240529,68.78132164119506],[-48.12714895721981,68.78094260908898],[-48.12709551648288,68.78056359257138],[-48.128085377566975,68.78016222712007]]],"type":"Polygon"},"id":"000000000000000001fe","properties":{"area":121171.60934839453,"elevation":1455.3621616830158,"region":"CW","year":2018},"type":"Feature"},{"geometry":{"coordinates":[[[-49.208614874876105,69.17552397988278],[-49.20743313032666,69.17498001157067],[-49.20731269853743,69.17441363322949],[-49.20826249864299,69.173816105404],[-49.20707645287139,69.17327659259938],[-49.205364150942415,69.17275044906492],[-49.20364723816818,69.17221980405678],[-49.20205095781285,69.17226433904683],[-49.2004501949364,69.17230454600731],[-49.198853731365396,69.17234910904054],[-49.19737347473508,69.17295553549172],[-49.195852759852144,69.17337918482146],[-49.19425652531127,69.17341930184256],[-49.19429647454898,69.17361102328218],[-49.19547816917707,69.17415058734697],[-49.195063470029055,69.17473471553078],[-49.193583158571265,69.17534115717976],[-49.193699050663675,69.17591193887657],[-49.19541132476874,69.17643810840141],[-49.19712812505484,69.17696430259922],[-49.1988046906916,69.17730314901296],[-49.200441128143915,69.17745031903735],[-49.20208220463714,69.17759745054899],[-49.20371867629879,69.17774458280381],[-49.20519907236441,69.17713820382951],[-49.20679547283992,69.17709358045946],[-49.20831593880941,69.17667444067725],[-49.20820005686321,69.17610365841959],[-49.208614874876105,69.17552397988278]]],"type":"Polygon"},"id":"00000000000000000059","properties":{"area":271336.9851696365,"elevation":723.0989749355206,"region":"CW","year":2018},"type":"Feature"},{"geometry":{"coordinates":[[[-49.775607414801485,68.75340765319869],[-49.77543342596387,68.75264962963443],[-49.774733326241524,68.75190491166472],[-49.77303432980163,68.75138321494089],[-49.77094317843761,68.75144564540057],[-49.76898094338173,68.75207883677207],[-49.76701913733796,68.75271204151451],[-49.76501697242214,68.75315349701182],[-49.76414304050899,68.75394275864699],[-49.76431701978728,68.75470522975256],[-49.76239952443493,68.75552567487495],[-49.760482084694054,68.75634614703193],[-49.759608054369366,68.75713988155397],[-49.7576905794961,68.75796036946842],[-49.755773160228706,68.75878088442664],[-49.75646885610188,68.7595255494141],[-49.75873843840802,68.76022113001363],[-49.759955871653325,68.7609479591846],[-49.7610484314305,68.76110407315501],[-49.76305497011377,68.76066260444962],[-49.76505723992459,68.76022113313945],[-49.767108153563335,68.75996697636081],[-49.7680223453431,68.75936503075049],[-49.76994431211123,68.75854452888538],[-49.77190195015266,68.75791131625644],[-49.772820300783344,68.75731381181771],[-49.77473796023676,68.75648887959724],[-49.77560727703687,68.7556996379804],[-49.775433431978776,68.75494154625206],[-49.77473782764178,68.75419690386647],[-49.775607414801485,68.75340765319869]]],"type":"Polygon"},"id":"00000000000000000012","properties":{"area":467768.13722038496,"elevation":788.5295494085565,"region":"CW","year":2018},"type":"Feature"},{"geometry":{"coordinates":[[[-48.68105853248674,68.3425282666609],[-48.679899224497625,68.34179244955303],[-48.67873982021422,68.34105668753199],[-48.6770677738715,68.34033434259563],[-48.675462228121916,68.33999100107171],[-48.67344253506728,68.34023180363441],[-48.67141802576908,68.34046809444737],[-48.669300007354046,68.34013813693544],[-48.66721297586208,68.33999547326316],[-48.665090571990646,68.33966545357968],[-48.663070642101225,68.33990628309627],[-48.660983670101906,68.33976364194253],[-48.65889688057943,68.33962090540886],[-48.65687672166779,68.33986170629493],[-48.65700623193417,68.34061972417454],[-48.658678245588725,68.34134212351128],[-48.6607653387062,68.34148480091693],[-48.66291885864205,68.34200653033268],[-48.66497447242722,68.341957457929],[-48.667061354948906,68.3420956724681],[-48.66917951231362,68.34242566670609],[-48.67120402189115,68.34218935453862],[-48.673255164278366,68.34214027762214],[-48.67537770345752,68.34247023641106],[-48.67743334200491,68.3424212114056],[-48.67952012292467,68.3425639106244],[-48.68105853248674,68.3425282666609]]],"type":"Polygon"},"id":"000000000000000001cd","properties":{"area":210792.87513068432,"elevation":1360.2311860017378,"region":"CW","year":2018},"type":"Feature"},{"geometry":{"coordinates":[[[-50.07961985365392,68.32810751426734],[-50.078505235224,68.32776415760706],[-50.07747944736075,68.32779536594919],[-50.076364868821464,68.32745199221233],[-50.0752455162589,68.32710867143155],[-50.07413062870168,68.32676085153743],[-50.07315426040473,68.32698380591289],[-50.07221778756207,68.32739847303262],[-50.07124121692535,68.32762147899723],[-50.070260143027106,68.32784440910444],[-50.0692346962904,68.32787566008459],[-50.06984109787753,68.32823676695737],[-50.070955998141685,68.3285846231191],[-50.072070720238266,68.3289279766667],[-50.07267256494365,68.32928918603453],[-50.073230040564475,68.32946304542698],[-50.07430027622897,68.32961909911191],[-50.0754195703498,68.32996249521445],[-50.07644062394672,68.32993124679975],[-50.07742155706334,68.32970833647957],[-50.07844721371695,68.32967263491284],[-50.07947273349068,68.32964143232765],[-50.07937922450573,68.32926241332652],[-50.07929002128745,68.3288834107883],[-50.07919633583239,68.32850433993113],[-50.07961985365392,68.32810751426734]]],"type":"Polygon"},"id":"00000000000000000269","properties":{"area":89164.01442615745,"elevation":724.5327895202123,"region":"CW","year":2018},"type":"Feature"},{"geometry":{"coordinates":[[[-49.52555431289835,69.4373445532616],[-49.52376628267931,69.43663110213703],[-49.521652481571756,69.43688081131238],[-49.51949446488146,69.43694326350739],[-49.51729611483586,69.43681394699618],[-49.51526722188436,69.43744268353058],[-49.51306435910195,69.43731338472165],[-49.51095074361087,69.4375630416547],[-49.50879253768766,69.43762106488597],[-49.50654963476049,69.4372999807085],[-49.50443596061239,69.437549658901],[-49.50210828511974,69.4368540617811],[-49.499865549048586,69.43653299155233],[-49.497537807221875,69.43583288361476],[-49.49533933404799,69.43570359537858],[-49.49542419171862,69.43608266396677],[-49.49720773278025,69.43679610710562],[-49.49953537003749,69.43749616833652],[-49.50177836026671,69.43781717988092],[-49.5040213075042,69.4381337716596],[-49.506264260632236,69.4384548960462],[-49.50842243249478,69.43839240843361],[-49.51062531080993,69.4385262288365],[-49.512738824596035,69.43827652348645],[-49.514852479835014,69.43802684005253],[-49.5170107835821,69.43796439369031],[-49.51916883608947,69.43790642888075],[-49.5212825680508,69.43765670332107],[-49.52340039620435,69.43740699243045],[-49.52555431289835,69.4373445532616]]],"type":"Polygon"},"id":"00000000000000000091","properties":{"area":118624.71210933535,"elevation":943.8663243075003,"region":"CW","year":2018},"type":"Feature"},{"geometry":{"coordinates":[[[-49.82458162232788,69.74689533209686],[-49.82394389616031,69.74653417247775],[-49.82330200082264,69.74616852121788],[-49.822664313146895,69.74580735640656],[-49.82147812439664,69.74545955398071],[-49.8203810713655,69.7454907291582],[-49.81933320861678,69.74571366766513],[-49.81832996326804,69.74612389350452],[-49.818423598437576,69.74650290765264],[-49.81742032745836,69.74691324522229],[-49.81641698669757,69.74732790944529],[-49.81596221114102,69.7477203219916],[-49.81550740997524,69.74811718467905],[-49.815048033789495,69.74851402030416],[-49.81514162790374,69.74889303732425],[-49.81523522523758,69.7492720544447],[-49.81532445860327,69.74965109884475],[-49.81596651265387,69.75001227013954],[-49.81660876849436,69.75037794319573],[-49.817701303338026,69.75034671883513],[-49.81874919295866,69.75012373909082],[-49.81984590892658,69.75009253623378],[-49.82084929122402,69.74968229882379],[-49.820755603041455,69.74930328478183],[-49.82121069774039,69.74890639276599],[-49.82166541535213,69.74850951152527],[-49.8226686984704,69.74809926177578],[-49.823671970000845,69.74768912300847],[-49.823582781947714,69.74731001897757],[-49.82458162232788,69.74689533209686]]],"type":"Polygon"},"id":"000000000000000000e8","properties":{"area":120442.71536010191,"elevation":837.0443850267385,"region":"CW","year":2018},"type":"Feature"},{"geometry":{"coordinates":[[[-48.63032279379703,69.8180982689705],[-48.629221392353145,69.81812504014368],[-48.62750032745057,69.8177772482383],[-48.62574791666701,69.8172465918078],[-48.62399089423127,69.8167115287284],[-48.62443689888158,69.8161273769946],[-48.62432986991121,69.81555664951638],[-48.624775784283464,69.8149768836761],[-48.626323104713485,69.81437042990804],[-48.62787036253685,69.8137640778332],[-48.62776343657294,69.81319329041473],[-48.62604671076885,69.81284988835654],[-48.62442793072286,69.81307730160225],[-48.62281373621266,69.81330025565741],[-48.62288064274841,69.81368373451862],[-48.62133784970392,69.81429021441733],[-48.62033884408844,69.81488326122043],[-48.6204459647921,69.81545404541731],[-48.621096983973445,69.81601141027826],[-48.621204128780334,69.81658219463321],[-48.620758078778486,69.81716183200423],[-48.62031215444002,69.81774602717567],[-48.620967620479256,69.81830340298228],[-48.621623117374746,69.81886077624004],[-48.623308697376935,69.81901682968338],[-48.625030031182675,69.81936022179252],[-48.626751221531336,69.8197035393163],[-48.62850360335561,69.82023863556877],[-48.62898509165189,69.81984627510253],[-48.62943102801834,69.8192621060131],[-48.62987690073974,69.81868244026069],[-48.63032279379703,69.8180982689705]]],"type":"Polygon"},"id":"0000000000000000009b","properties":{"area":154075.7754984063,"elevation":1475.554500818331,"region":"CW","year":2018},"type":"Feature"},{"geometry":{"coordinates":[[[-49.24777021570524,68.8805901522785],[-49.24773441767742,68.88039835598109],[-49.24769430551891,68.8802111336357],[-49.24765429224232,68.88001934809762],[-49.2470879464558,68.87984545286217],[-49.24652154200281,68.8796670564361],[-49.24595521165139,68.87949315676772],[-49.24591961439558,68.87930141399892],[-49.245879517932316,68.87911419155236],[-49.24531313837721,68.8789357905437],[-49.24474683269759,68.87876188628678],[-49.24418065369277,68.87858353441509],[-49.243654507371474,68.87860134748561],[-49.24312812953758,68.87861472386595],[-49.24256196465494,68.87843636552275],[-49.241995688238866,68.878262450359],[-49.24146950072224,68.87827587406025],[-49.24098325060986,68.87848096460797],[-49.240497341955326,68.87868604281259],[-49.24000681404933,68.87888675933434],[-49.23952088900551,68.87909183421715],[-49.23903479095701,68.8792969717059],[-49.23854428334591,68.87950206433882],[-49.23858434555115,68.87968940663819],[-49.23862445319756,68.87988113013138],[-49.23866011527696,68.88006842933787],[-49.23870022422141,68.88026015294139],[-49.23874051874681,68.88045193017415],[-49.23878056409715,68.88063915490915],[-49.23881629358454,68.8808309533142],[-49.239346939694336,68.88081758296829],[-49.23987311824552,68.88079966845784],[-49.240399196196265,68.88078631519896],[-49.240925438095296,68.88077289569176],[-49.24149183100039,68.88095131514852],[-49.24205798132368,68.88112517983784],[-49.24258424876879,68.88111187191531],[-49.24311049523558,68.88109844417221],[-49.24363669517129,68.8810806332876],[-49.24416277506395,68.88106726583085],[-49.2446888541116,68.88105389638635],[-49.24521509709651,68.88104046068837],[-49.24574117445227,68.88102708726774],[-49.24623183363958,68.88082202220504],[-49.246717898082615,68.88061685894812],[-49.24724396485201,68.88060347982616],[-49.24777021570524,68.8805901522785]]],"type":"Polygon"},"id":"00000000000000000010","properties":{"area":81847.99272973523,"elevation":1037.674592862093,"region":"CW","year":2018},"type":"Feature"},{"geometry":{"coordinates":[[[-49.887749282092706,70.40462619192333],[-49.88647385764619,70.40409105049147],[-49.88576505444833,70.4035381133248],[-49.883923200625155,70.40301640036171],[-49.88208163283192,70.4024991718085],[-49.88034272755916,70.40235648759233],[-49.87855013188842,70.40202651985481],[-49.87685579870642,70.40207551671888],[-49.8750139004814,70.40155382588911],[-49.87327492917411,70.40141557884662],[-49.87158063982015,70.4014601802822],[-49.869837025856754,70.40132198682196],[-49.868187178342765,70.40155827340269],[-49.86654181345036,70.40179908513893],[-49.866688983308116,70.4023653724994],[-49.86842797914408,70.40250803211092],[-49.870269615173825,70.40302529738112],[-49.872106845322,70.40354702256872],[-49.87375661374987,70.40331075800971],[-49.87554473525977,70.40364069407788],[-49.87728820808085,70.40378340591673],[-49.87908072759164,70.40411333668759],[-49.88091787387469,70.40463063150607],[-49.88266144511116,70.40477328122239],[-49.88435595372228,70.40472421928577],[-49.886054769229894,70.40467517441226],[-49.887749282092706,70.40462619192333]]],"type":"Polygon"},"id":"0000000000000000013e","properties":{"area":146126.13880309582,"elevation":912.63985546701,"region":"CW","year":2018},"type":"Feature"},{"geometry":{"coordinates":[[[-47.79699274673758,68.8185863675346],[-47.79643971615267,68.81840350198623],[-47.79538740608039,68.8184213618213],[-47.7943394725181,68.81843918450821],[-47.7932871292523,68.81846146284435],[-47.79228394833167,68.81885831870322],[-47.7912316131698,68.81887614700112],[-47.79128509796528,68.81925969084378],[-47.79028185193461,68.81965653264909],[-47.78980906241792,68.82004446393239],[-47.789862696568086,68.82042794658388],[-47.789911619609484,68.82080691314681],[-47.79048685918968,68.82117705843079],[-47.78948805479465,68.82157835651715],[-47.78954153571604,68.82195735044542],[-47.79011679691119,68.82232749809327],[-47.790170289254235,68.82270649232579],[-47.790219206208754,68.82309001280764],[-47.79129849104587,68.82325947242593],[-47.7923508298074,68.82324158850031],[-47.7922973030066,68.82286259464888],[-47.792248157439246,68.82248357194024],[-47.79272098243812,68.82209119619709],[-47.792671832227256,68.82171217415808],[-47.79261847266977,68.82133311897307],[-47.792569354615054,68.82094966298548],[-47.79304193560903,68.82056166613685],[-47.79404082147132,68.82016039843835],[-47.794517924872515,68.81977242332495],[-47.794990634476385,68.81938447599838],[-47.79599381969314,68.81898316571724],[-47.79699274673758,68.8185863675346]]],"type":"Polygon"},"id":"00000000000000000220","properties":{"area":71788.46289695488,"elevation":1514.3337988130265,"region":"CW","year":2018},"type":"Feature"},{"geometry":{"coordinates":[[[-49.535533822714946,69.34206248093423],[-49.53548918832821,69.34187524234532],[-49.534909515842266,69.34170129161586],[-49.53486941415856,69.34150952027528],[-49.5348247860497,69.34132228164503],[-49.534245029320985,69.34114394404992],[-49.533669866776776,69.34097002279054],[-49.53309022811431,69.34079606500677],[-49.53251043041677,69.34062216957804],[-49.531970949759014,69.34063553000733],[-49.5314358866559,69.34065337171636],[-49.53085629229569,69.34047952288334],[-49.53027651690639,69.34030561852279],[-49.52969681543587,69.34012726287938],[-49.52916176057711,69.34014509606217],[-49.528622286772716,69.34015844382053],[-49.52808693995506,69.34017183535391],[-49.528131636732354,69.34036357781929],[-49.52870691541835,69.34053745646482],[-49.5287516178515,69.34072919885436],[-49.52825647349547,69.34093429899005],[-49.527761575864666,69.34113500167159],[-49.527266603493295,69.34134015165341],[-49.52731110728628,69.34153184142012],[-49.52735138295227,69.34171910101338],[-49.527395910191295,69.34191090873954],[-49.52744048253394,69.3420981496193],[-49.5274805269204,69.34228992297048],[-49.528060331949526,69.3424638393102],[-49.52810491056885,69.34265108014877],[-49.52814496126013,69.34284285348343],[-49.528680177886244,69.34282940867949],[-49.52921977698864,69.34281161188414],[-49.52975482465581,69.34279822767037],[-49.53029435587451,69.34278487580676],[-49.53082946744363,69.34276703853465],[-49.531364512330185,69.34275364826092],[-49.53190410624873,69.34273584127236],[-49.532439149246784,69.34272244695288],[-49.53301899726916,69.34289634337601],[-49.53355833795217,69.34288292589693],[-49.53404882239477,69.34267783713898],[-49.53458834612441,69.34266446897439],[-49.53512344945224,69.34264661553229],[-49.535083468387825,69.34245934624235],[-49.535038712475576,69.34226760517072],[-49.535533822714946,69.34206248093423]]],"type":"Polygon"},"id":"0000000000000000007f","properties":{"area":70447.62596533138,"elevation":731.0952524189095,"region":"CW","year":2018},"type":"Feature"},{"geometry":{"coordinates":[[[-50.204211621441665,70.66689266796809],[-50.20405554288764,70.6663263344195],[-50.20340888114296,70.66614795155374],[-50.20154072079132,70.66563068947106],[-50.19968124378855,70.6651178616305],[-50.198954447096064,70.66456494385078],[-50.19889201183088,70.66437325740245],[-50.19769692545273,70.66421718327032],[-50.19608719341213,70.66464969197837],[-50.194375022446046,70.66470320312531],[-50.19321536855588,70.66473442355465],[-50.19152119220659,70.66478793455684],[-50.19094136403359,70.66481019026224],[-50.18985783540044,70.66502867718806],[-50.18844424588377,70.6651714179781],[-50.187035107485734,70.66530965352354],[-50.18660704399844,70.66570203936416],[-50.18831506890243,70.66583582835288],[-50.18958569183926,70.66618808642492],[-50.19135600669657,70.66632629162122],[-50.19322872992057,70.66684357535944],[-50.19440605972612,70.66680794591086],[-50.19611395326077,70.66693725865815],[-50.19734020269663,70.6671021986038],[-50.19905690783871,70.66704868214863],[-50.20082718090247,70.66718696063326],[-50.2025976465439,70.66732515307689],[-50.204211621441665,70.66689266796809]]],"type":"Polygon"},"id":"00000000000000000161","properties":{"area":127925.43475945729,"elevation":1010.1018623106547,"region":"CW","year":2018},"type":"Feature"},{"geometry":{"coordinates":[[[-49.82129084963497,69.60201469602384],[-49.82060859496337,69.60146172599445],[-49.820470346293575,69.60089103266012],[-49.82033208104951,69.60032022171706],[-49.820193835823,69.59975397968023],[-49.82059967719669,69.5991698338531],[-49.82046595174367,69.59859904963389],[-49.81978364803827,69.5980461433674],[-49.81910154382603,69.59749316936245],[-49.81841911148555,69.59694020471983],[-49.81674704987811,69.59679757618333],[-49.8150702707858,69.59665930057527],[-49.813438345719554,69.59670386007178],[-49.81352762763959,69.59708293351311],[-49.8136658778771,69.5976536830919],[-49.813803967230804,69.59822449792951],[-49.81339833172257,69.59880861122636],[-49.81353660254687,69.59937491134819],[-49.81475819868812,69.5999144558059],[-49.81489650891459,69.60048075550905],[-49.815578775091886,69.60103368629984],[-49.81626107278771,69.60158661434514],[-49.817482673515904,69.60212620280032],[-49.818615311169566,69.60228224547944],[-49.82024724819081,69.60223318994156],[-49.82129084963497,69.60201469602384]]],"type":"Polygon"},"id":"000000000000000000e1","properties":{"area":133168.7381150735,"elevation":898.3536676447052,"region":"CW","year":2018},"type":"Feature"},{"geometry":{"coordinates":[[[-50.1364377208039,70.61245149748902],[-50.13599178492415,70.61215267337805],[-50.13395398363964,70.6117602819179],[-50.13210359713833,70.61169342048339],[-50.12961082897159,70.61100227201844],[-50.128005627832486,70.61098438179376],[-50.12567360519854,70.61086402085047],[-50.1244830101204,70.61070793715068],[-50.12271264660491,70.6110200385765],[-50.12121890265528,70.61137686922517],[-50.11904284313224,70.61182278012294],[-50.117495393642415,70.612250797628],[-50.116162222469576,70.61254951675178],[-50.11479331359626,70.61309351690467],[-50.11470854543062,70.61336115758452],[-50.11491370152771,70.61411913776806],[-50.11560495256828,70.61454720460848],[-50.116634870013684,70.61483266046713],[-50.118075092476694,70.61517150382635],[-50.1200148487029,70.615421233474],[-50.12165580617563,70.61563971785596],[-50.122850919417836,70.61579128252545],[-50.125183122422925,70.61591615640684],[-50.12689959162102,70.6154033879877],[-50.12850943314138,70.61543463107459],[-50.130690125756985,70.61498421171724],[-50.132393464157325,70.6144803184873],[-50.13333869609762,70.61414141696588],[-50.13446689054449,70.61365537460544],[-50.135314159959194,70.61293751870804],[-50.1364377208039,70.61245149748902]]],"type":"Polygon"},"id":"0000000000000000015a","properties":{"area":311564.7516983326,"elevation":945.3686658817551,"region":"CW","year":2018},"type":"Feature"},{"geometry":{"coordinates":[[[-49.51221271612301,70.43350770745378],[-49.50792302069783,70.42980223984739],[-49.49416208340229,70.42940090718625],[-49.48031212998027,70.4286205611825],[-49.46688599046456,70.42477237702776],[-49.45308491692905,70.42417932142838],[-49.43959179768001,70.42491054031011],[-49.426798552962396,70.42868295869256],[-49.42666928620183,70.43059150464028],[-49.43281835100824,70.43501495481158],[-49.43896756364348,70.43943835524436],[-49.443422177237444,70.44390190664957],[-49.453544243899294,70.44821829160689],[-49.46685029983684,70.45150022764967],[-49.480361298277415,70.45076441440233],[-49.4766425678883,70.44704554785045],[-49.462600639035145,70.445502712819],[-49.45644273001928,70.44107931658037],[-49.46557929564889,70.43625902410643],[-49.47885867227197,70.43457789120825],[-49.49249009757225,70.43440851230548],[-49.505345759252215,70.43578635381644],[-49.49821999050173,70.4394115608064],[-49.49079569715531,70.4441917331595],[-49.49879975951758,70.4418774258987],[-49.508190716277376,70.43819426115489],[-49.51221271612301,70.43350770745378]]],"type":"Polygon"},"id":"00000000000000000122","properties":{"area":4389665.401880305,"elevation":1320.2762103594107,"region":"CW","year":2018},"type":"Feature"},{"geometry":{"coordinates":[[[-50.157239537652735,70.44158321290503],[-50.1560577342366,70.44142712408734],[-50.15384617692466,70.441685738529],[-50.151634391180885,70.4419443855478],[-50.1494225500305,70.4422029997364],[-50.14721102599151,70.44246156821663],[-50.14730906326454,70.4428406847482],[-50.145253323360535,70.44366557221805],[-50.14432143326566,70.44445927099868],[-50.142261338076196,70.44528425850119],[-50.14015225069894,70.44592190996588],[-50.13917119897258,70.44652381494691],[-50.13881004976355,70.44729973358702],[-50.13958143230993,70.44803996129548],[-50.14034854031681,70.44878015650717],[-50.14111970823469,70.44952484408648],[-50.14281874787714,70.44947136089087],[-50.14503040680094,70.44921270199264],[-50.1472956720943,70.44914578580651],[-50.149355768378356,70.4483209117139],[-50.151518428733944,70.44787044995773],[-50.15373023912986,70.4476118847457],[-50.155277651671966,70.44699204942732],[-50.15280720856803,70.44630533421851],[-50.15203578435628,70.44556070667032],[-50.15239691465527,70.4447893137518],[-50.15389084752145,70.44397770651318],[-50.1559508067748,70.44315278027483],[-50.15687830629865,70.44235908419608],[-50.157239537652735,70.44158321290503]]],"type":"Polygon"},"id":"0000000000000000014e","properties":{"area":336135.35953791696,"elevation":563.288766618853,"region":"CW","year":2018},"type":"Feature"},{"geometry":{"coordinates":[[[-49.38592652071117,69.09111767504962],[-49.385275485036416,69.09056469970575],[-49.38409383154369,69.09002519960426],[-49.382501914947795,69.09006976755438],[-49.38103483678526,69.0906806347971],[-49.379402881582266,69.09053353962982],[-49.377770756450325,69.09038637222729],[-49.37621896271853,69.09062266891495],[-49.37458703217005,69.0904755180233],[-49.37307543663144,69.09089913361429],[-49.371487980828704,69.09093928649544],[-49.370016420379336,69.09155467103963],[-49.370034395310455,69.09164382291831],[-49.37040883565346,69.09201391934549],[-49.37018138595194,69.0923171191033],[-49.37053370956576,69.09258468290996],[-49.37221032288902,69.09292360521148],[-49.37380669139174,69.09287902216711],[-49.37540305147756,69.09283442098864],[-49.37699479814311,69.09278982711702],[-49.37855123006429,69.09255794326764],[-49.38010727755127,69.09232605319687],[-49.38166357379207,69.09208975211415],[-49.383219744163185,69.0918578809624],[-49.38481602632493,69.09181329056806],[-49.38583286563862,69.09157250185608],[-49.38592652071117,69.09111767504962]]],"type":"Polygon"},"id":"00000000000000000053","properties":{"area":133170.71341681608,"elevation":426.14382785956946,"region":"CW","year":2018},"type":"Feature"},{"geometry":{"coordinates":[[[-49.21981160763624,69.5707028528407],[-49.21890638444427,69.56900848762133],[-49.215829580949375,69.56737190358943],[-49.21178972794434,69.56632852900837],[-49.206822225447205,69.56607434641248],[-49.2018948768214,69.56601195550738],[-49.197163923561206,69.56689480404854],[-49.19255320263221,69.5683485152888],[-49.19267357856319,69.56891924481239],[-49.19194658761866,69.57065383026755],[-49.191759434555856,69.57237503205575],[-49.19157659739,69.57409622852369],[-49.19138927176132,69.57582188652239],[-49.19175061490256,69.57752976233589],[-49.19675792569615,69.57797124294007],[-49.20148924657598,69.57708833922082],[-49.204472397203524,69.57567477064485],[-49.1993845165911,69.57485433672022],[-49.196307712595996,69.57321336872513],[-49.1954069268823,69.57151889001383],[-49.19613387938891,69.5697843381391],[-49.20066412252925,69.56795163242921],[-49.20535073966714,69.56687695035146],[-49.210478697436855,69.5678891966294],[-49.21301139470493,69.5695435086151],[-49.213372720351416,69.5712513650381],[-49.213189814292974,69.57297258112646],[-49.217996718362876,69.57246419881237],[-49.21981160763624,69.5707028528407]]],"type":"Polygon"},"id":"00000000000000000099","properties":{"area":532220.4516476743,"elevation":1178.0714295394791,"region":"CW","year":2018},"type":"Feature"},{"geometry":{"coordinates":[[[-50.77410272124448,71.3571882104116],[-50.773982183284254,71.35680915627654],[-50.773861859028735,71.3564301537539],[-50.77315273170141,71.35606899683056],[-50.77184640975407,71.35573009437765],[-50.770544430643554,71.35538673853351],[-50.76942070949523,71.35561416096682],[-50.76823450679242,71.35565430046395],[-50.76705279879262,71.3556944427452],[-50.76592902068778,71.35592183992004],[-50.764800925971606,71.35614926883558],[-50.76373972757488,71.35656397775337],[-50.76385576472145,71.35694296101128],[-50.76397592002202,71.35732197035216],[-50.76468944663024,71.35768317991159],[-50.76480983020211,71.35806224035352],[-50.76611187254993,71.35840112336726],[-50.76741394027228,71.35874439832556],[-50.768658103541554,71.3588915947022],[-50.76984428960484,71.35885592153423],[-50.771030273278164,71.35881578505236],[-50.77221194639996,71.35878008230054],[-50.77268442895567,71.35837880895349],[-50.77197563022119,71.35802203497704],[-50.77303695200052,71.35760291931747],[-50.77410272124448,71.3571882104116]]],"type":"Polygon"},"id":"0000000000000000018d","properties":{"area":104023.62337282365,"elevation":1034.0798788045727,"region":"CW","year":2018},"type":"Feature"},{"geometry":{"coordinates":[[[-48.25373389943056,69.42371753734596],[-48.25367157234493,69.42333403051639],[-48.25360913381182,69.42295502581152],[-48.25301148445032,69.42258938259508],[-48.252409668235984,69.42221933341386],[-48.252886748324684,69.42182687165284],[-48.251807683282955,69.42184922700221],[-48.25066621135928,69.42149245103225],[-48.2496182208455,69.4217020454863],[-48.24857026805148,69.42191607107505],[-48.24751792499491,69.422125630207],[-48.2465013484092,69.42252700693572],[-48.24656367460601,69.42290601420282],[-48.24662168823889,69.42328500167562],[-48.24668426195827,69.42366850305488],[-48.247285973388735,69.42403413810419],[-48.24734850341447,69.42441320076611],[-48.24795065824864,69.42478326412711],[-48.24854798691328,69.42515337656437],[-48.24861035297572,69.42553238436915],[-48.24972073082428,69.42570186733684],[-48.25083112333788,69.42587134174735],[-48.25187903771756,69.42565724394731],[-48.25182093522387,69.42527825716483],[-48.25283772090124,69.42487689607752],[-48.25277529075612,69.4244978902603],[-48.253256910583794,69.42410550089576],[-48.25373389943056,69.42371753734596]]],"type":"Polygon"},"id":"00000000000000000019","properties":{"area":97717.674726092,"elevation":1462.591115838897,"region":"CW","year":2018},"type":"Feature"},{"geometry":{"coordinates":[[[-49.72752477834796,68.65573104562725],[-49.72691844451901,68.65536537714334],[-49.72631193246954,68.65500421534395],[-49.7262272784683,68.65462514733366],[-49.72613810511483,68.65424611675108],[-49.72501436130556,68.65389837242185],[-49.724925243191265,68.65351489749999],[-49.72379700378975,68.65316706340666],[-49.72319058910645,68.65280588986164],[-49.722584041970165,68.6524402169085],[-49.72154515928046,68.65247144935083],[-49.7205463437952,68.6526943580354],[-49.71959215302379,68.65310458055238],[-49.71967670117359,68.6534836510501],[-49.71872246563629,68.65389386798518],[-49.71932899503817,68.65425955883696],[-49.71889205295868,68.65465193463876],[-49.71898111901712,68.65503096971739],[-49.71954306688412,68.65520489429456],[-49.720626504710715,68.65536539012408],[-49.72175462016475,68.6557131989395],[-49.72279834329292,68.65568198114272],[-49.72392197813335,68.65602980973762],[-49.72505016548267,68.65637759240522],[-49.72604889731302,68.65615459712156],[-49.72709230442676,68.65612347652882],[-49.72752477834796,68.65573104562725]]],"type":"Polygon"},"id":"0000000000000000028f","properties":{"area":92822.02527443017,"elevation":880.9254519523563,"region":"CW","year":2018},"type":"Feature"},{"geometry":{"coordinates":[[[-49.3381874630632,70.41454318159282],[-49.33680041636886,70.41343285808938],[-49.33183765057271,70.41413292296234],[-49.32809205773151,70.41518080935386],[-49.323084421366794,70.41568914142698],[-49.31778261379268,70.41486869042338],[-49.31343488374836,70.413263360264],[-49.3119231595486,70.41158232999393],[-49.31549500394537,70.40977636259552],[-49.3205024609196,70.40926807792664],[-49.325550283208095,70.40894695679314],[-49.3292512785793,70.40770738306465],[-49.32773510582788,70.4060307755239],[-49.32268747218921,70.40634735846633],[-49.31776916856038,70.40723474025265],[-49.31289538362177,70.40831385373254],[-49.31141043453879,70.40930374953437],[-49.30953328646894,70.41106951683868],[-49.31048284962965,70.412763994399],[-49.312560866143535,70.41443166309757],[-49.31464323515897,70.41609491583351],[-49.31781374780229,70.4175396925086],[-49.32307539017757,70.41817287674012],[-49.3281277689095,70.4178518345566],[-49.33321985012414,70.41772254511139],[-49.33679154292667,70.4159165758602],[-49.3381874630632,70.41454318159282]]],"type":"Polygon"},"id":"00000000000000000127","properties":{"area":491761.95937791746,"elevation":1373.332086981484,"region":"CW","year":2018},"type":"Feature"},{"geometry":{"coordinates":[[[-48.931878537258946,69.41178048473465],[-48.931731397335774,69.41102250196369],[-48.92899791462055,69.41089766425861],[-48.92630470101923,69.41096451453414],[-48.923571258468755,69.41083969094662],[-48.920913568951875,69.41109380611148],[-48.91836292657986,69.41191878928909],[-48.9157409270255,69.41236466868776],[-48.91319499943403,69.41318515521759],[-48.91053731457399,69.41343930265434],[-48.90802241350681,69.41445600874589],[-48.90544040393474,69.41508916810909],[-48.90450858664941,69.41587395433348],[-48.90415195040028,69.41683714853427],[-48.90379511003603,69.41779590431143],[-48.90506142608218,69.41871891149857],[-48.90790199124304,69.4194145081161],[-48.910675383903,69.41972667397063],[-48.91336870260878,69.4196642358788],[-48.916030987208394,69.41941004549584],[-48.918688370614,69.41915587946527],[-48.9213505496661,69.41890170758941],[-48.92177871725706,69.41831755848385],[-48.92321001747306,69.4173276046962],[-48.92248756658222,69.41639571916268],[-48.92499811008775,69.41537898069748],[-48.92588990903768,69.41440697233864],[-48.92678610510014,69.41343039233263],[-48.92929654317329,69.41241819111363],[-48.931878537258946,69.41178048473465]]],"type":"Polygon"},"id":"0000000000000000006b","properties":{"area":622211.6125582512,"elevation":1149.508874284308,"region":"CW","year":2018},"type":"Feature"},{"geometry":{"coordinates":[[[-48.98229754527963,69.31067042866047],[-48.982186261732345,69.31010410867505],[-48.98050052333378,69.3097607228021],[-48.97881933055187,69.30942187091205],[-48.97716969446104,69.30927471386504],[-48.97563565920914,69.30968941150236],[-48.97402609128259,69.30972954439558],[-48.97242063939721,69.30976972095426],[-48.97084664351835,69.31000159518243],[-48.96927259644602,69.3102289500013],[-48.96770282923512,69.31045640338229],[-48.966128924861515,69.31068827920187],[-48.96463497413929,69.31129467912425],[-48.964670871729105,69.31148644873213],[-48.965317434348684,69.3120393682169],[-48.96596385708608,69.31259673325566],[-48.96657476914213,69.31296243422659],[-48.968184555234586,69.31292226847377],[-48.96987015268759,69.31326563029972],[-48.971479780052995,69.31322549120404],[-48.973013737653375,69.31280634551085],[-48.97451201971509,69.31219540566566],[-48.97608613689582,69.31196799242886],[-48.97765557378687,69.3117405739288],[-48.97930108747342,69.31188772870934],[-48.9807993555866,69.3112812784622],[-48.98229754527963,69.31067042866047]]],"type":"Polygon"},"id":"00000000000000000064","properties":{"area":187708.8356366246,"elevation":1001.9251276124434,"region":"CW","year":2018},"type":"Feature"},{"geometry":{"coordinates":[[[-48.60818776333062,68.96761394559769],[-48.607059757809175,68.96725720222484],[-48.605539314536955,68.96767188715636],[-48.603916031896794,68.96752027816154],[-48.60229741971246,68.96736426894552],[-48.60060742592108,68.96682917977975],[-48.59901993465367,68.96686479536326],[-48.59746827088204,68.96709222835419],[-48.595911991205256,68.96731964405002],[-48.595978902646884,68.9676986442872],[-48.595550838096706,68.96827838034223],[-48.59511826652712,68.96886243334376],[-48.59363333511457,68.96946894358375],[-48.59214407779495,68.97007531125915],[-48.59065476304978,68.9706817813784],[-48.58916537374239,68.97128823601518],[-48.587675909869475,68.97189467516817],[-48.58777864535746,68.97246545785244],[-48.588933606120214,68.97300945430943],[-48.59002601203935,68.97317444465695],[-48.591649163234806,68.97333048979782],[-48.59327216555649,68.97348657970349],[-48.59492664425601,68.97382992622512],[-48.59648280689426,68.97360247502462],[-48.59796757590212,68.9729960578818],[-48.598400080461545,68.97241637337883],[-48.599885081020155,68.97180992762847],[-48.60137442615413,68.97120352988348],[-48.602863863860634,68.97059705315264],[-48.603291859917874,68.97001291064235],[-48.60478119439978,68.96940653223962],[-48.60627062144018,68.96880007484634],[-48.60775538843986,68.96819360228734],[-48.60818776333062,68.96761394559769]]],"type":"Polygon"},"id":"00000000000000000255","properties":{"area":320533.20057823043,"elevation":1218.472716207993,"region":"CW","year":2018},"type":"Feature"},{"geometry":{"coordinates":[[[-49.36442025398446,70.48984852951958],[-49.36293973003097,70.48835913847506],[-49.36202571519933,70.48685201353456],[-49.35997440299321,70.48538045947396],[-49.357927781462024,70.48390447752435],[-49.35473966042592,70.48245529398548],[-49.35552892071361,70.4809079811433],[-49.35518539093762,70.4793919208172],[-49.353704857598345,70.47790254736798],[-49.35060593468053,70.47683678609752],[-49.34602202263253,70.47676097475029],[-49.34807322715902,70.47823693509474],[-49.349553600745665,70.47972629860313],[-49.35046321300202,70.48122901734006],[-49.35194807426768,70.48271835870254],[-49.35285787240169,70.48422551926326],[-49.35434271341186,70.48571485106307],[-49.35582306320156,70.48720424712099],[-49.357303408777,70.48869357668607],[-49.35765137702533,70.49020963737496],[-49.357428289877255,70.49174359912132],[-49.35834250576766,70.49324635500949],[-49.3592565523861,70.49475350656704],[-49.3631895374894,70.4944592262886],[-49.36227533050571,70.49295648686751],[-49.36363091918652,70.49139578908624],[-49.36442025398446,70.48984852951958]]],"type":"Polygon"},"id":"0000000000000000011c","properties":{"area":397662.1548235892,"elevation":1406.241156483491,"region":"CW","year":2018},"type":"Feature"},{"geometry":{"coordinates":[[[-50.56629051856999,71.36607966081196],[-50.566174726975014,71.36570066078119],[-50.564337617465085,71.36556687641574],[-50.5625005264485,71.36543307065047],[-50.5607257024426,71.36549105607878],[-50.559004325906486,71.36573633091295],[-50.5571093784838,71.36541085048088],[-50.55539264290479,71.36565603752902],[-50.55367139129986,71.36590130558234],[-50.55195009757803,71.36614655457647],[-50.5502289705715,71.36639183653783],[-50.54862368222581,71.36701609723156],[-50.547018536347764,71.36763587281885],[-50.547727390497855,71.36799709684517],[-50.547901296321434,71.36856788017127],[-50.54807073474673,71.36913412498544],[-50.54883787598899,71.36968706333553],[-50.55067503403048,71.36982086008906],[-50.55245413596872,71.36976285188487],[-50.5541708137585,71.3695175948171],[-50.55529891319983,71.36929466218109],[-50.55453652082525,71.36874175871785],[-50.55436259399283,71.3681754363645],[-50.55596799961731,71.36755116890816],[-50.55757313224767,71.36692695035273],[-50.559178349718806,71.36630264901372],[-50.56095319225025,71.36624908375252],[-50.56279034613556,71.36638290784826],[-50.564453585448625,71.36594592968102],[-50.56629051856999,71.36607966081196]]],"type":"Polygon"},"id":"0000000000000000018a","properties":{"area":142751.03294012838,"elevation":1207.2847927461141,"region":"CW","year":2018},"type":"Feature"},{"geometry":{"coordinates":[[[-48.277224622626264,68.80459810501904],[-48.273576947117654,68.8048656840906],[-48.27011222145376,68.80627471014304],[-48.269737766590204,68.80723347578841],[-48.268368652895575,68.80859791653067],[-48.26753053352322,68.80994904566404],[-48.267740043674465,68.81128231482441],[-48.26742335633608,68.81262007773365],[-48.26868538560927,68.81393100183469],[-48.26836877532461,68.81527320800333],[-48.26963058614222,68.8165797040577],[-48.27089260187861,68.81789074469795],[-48.27162843364464,68.81921060041986],[-48.27236417790502,68.82053051874038],[-48.273880091377336,68.82011581172088],[-48.27524905428188,68.8187557949798],[-48.27451338067135,68.81743583279942],[-48.27325138396131,68.81612488046802],[-48.27251572967186,68.81480497768128],[-48.271779987881786,68.81348513750022],[-48.27104414311873,68.81216524199925],[-48.2708345041603,68.8108364096713],[-48.27062062517506,68.80950312687392],[-48.2714633000842,68.80815204508451],[-48.272827827091504,68.80678750068209],[-48.27629690931229,68.8053829133457],[-48.277224622626264,68.80459810501904]]],"type":"Polygon"},"id":"0000000000000000020b","properties":{"area":251030.99446141862,"elevation":1372.837803599511,"region":"CW","year":2018},"type":"Feature"},{"geometry":{"coordinates":[[[-49.3347004323218,69.19161243852109],[-49.334655603519174,69.1914206855236],[-49.33461548467167,69.19123340985865],[-49.33457546856542,69.19104168645008],[-49.33400460646989,69.19086774525046],[-49.333429482583874,69.19069381485731],[-49.332858823670215,69.19051992266876],[-49.33228346398789,69.19034155089463],[-49.33224336529791,69.19015427493784],[-49.332203369783514,69.18996255124804],[-49.3316279251615,69.18978862479914],[-49.33105729940494,69.18961472570454],[-49.33048197338133,69.18943634697258],[-49.32995152716723,69.18945422095786],[-49.329456447788424,69.18965489198007],[-49.32892580807998,69.18967270860813],[-49.32839064698307,69.18968609925227],[-49.32843071539713,69.1898733760511],[-49.32847103534251,69.19006508976815],[-49.32798038789997,69.19026579631092],[-49.327485525826056,69.19047089741959],[-49.326994924917905,69.1906759839844],[-49.32703517204183,69.19086331491471],[-49.32707512893014,69.19105504017121],[-49.32711554400904,69.19124230680242],[-49.32715550225125,69.19143403214993],[-49.327195752056994,69.19162136325693],[-49.327770920566095,69.19179970256954],[-49.32834157642609,69.1919736156149],[-49.328381648845685,69.19216089308256],[-49.32842197282622,69.19235260748376],[-49.32895702564071,69.19233928128753],[-49.32948762016843,69.1923259124878],[-49.33006292374364,69.19249979500026],[-49.33059352055467,69.19248642205606],[-49.33112848915661,69.19246858636123],[-49.33166370817393,69.19245518552567],[-49.332154302759015,69.19225008219053],[-49.33264478649705,69.1920494249736],[-49.33313963416492,69.19184430526641],[-49.33363020353702,69.19163919689727],[-49.334165401666404,69.19162578652552],[-49.3347004323218,69.19161243852109]]],"type":"Polygon"},"id":"00000000000000000061","properties":{"area":67720.62108928409,"elevation":643.163203190596,"region":"CW","year":2018},"type":"Feature"},{"geometry":{"coordinates":[[[-50.22223094082563,69.4120614544061],[-50.22218182938392,69.41186967756163],[-50.22164236441147,69.41188751787729],[-50.221102732744065,69.41190542160847],[-50.220518661902425,69.41173149320815],[-50.219930000752946,69.41156206523583],[-50.21934145160454,69.41138811947181],[-50.218757239333044,69.41121424955706],[-50.21816860205643,69.41104481455511],[-50.21758007711241,69.41087086176746],[-50.21699145573344,69.41070142206692],[-50.21645650382752,69.41071925566744],[-50.21591683019699,69.41073268989898],[-50.21532822271505,69.4105632434437],[-50.214744222274525,69.41038929207784],[-50.21420442348788,69.41040711749757],[-50.2136649800415,69.41042492777055],[-50.21308082823916,69.41025103515294],[-50.21254122115313,69.4102689066368],[-50.212050805897086,69.41047849018729],[-50.21156462523011,69.41068358271187],[-50.21102517194351,69.41070138298143],[-50.2104855519416,69.41071924665395],[-50.21053467419166,69.41090651136064],[-50.21058369151566,69.41109829152502],[-50.210632815419046,69.41128555629739],[-50.210681834416164,69.4114773365298],[-50.21073095997292,69.41166460136779],[-50.21131943467617,69.41183846462629],[-50.21190804835634,69.41200792789893],[-50.21249223559807,69.41218182586996],[-50.21308086515042,69.41235128446192],[-50.21362041278836,69.4123379265436],[-50.214155404444874,69.41232010370685],[-50.214744047899,69.41248955554457],[-50.2153327599622,69.41266345502434],[-50.215872251037744,69.41264563862744],[-50.21640741194453,69.41262774192121],[-50.21694690072711,69.41260992145828],[-50.21748638836088,69.41259209895416],[-50.21802144148822,69.41257871163575],[-50.21856092692921,69.4125608850664],[-50.21914960410598,69.41273031897059],[-50.21973369053068,69.41290425326237],[-50.22027334640562,69.41288635479009],[-50.220763820524276,69.4126813100303],[-50.221249895308745,69.4124717354866],[-50.221740326862125,69.41226656961378],[-50.22223094082563,69.4120614544061]]],"type":"Polygon"},"id":"000000000000000000c6","properties":{"area":77719.63896815923,"elevation":391.3955923368845,"region":"CW","year":2018},"type":"Feature"},{"geometry":{"coordinates":[[[-50.57584204081159,71.3562206058597],[-50.57572614533037,71.35584161119293],[-50.57561004539612,71.3554625644204],[-50.57442401826816,71.3554982352913],[-50.57312643202063,71.35515486606042],[-50.571882401714774,71.35500331261433],[-50.570642858468034,71.35485164891698],[-50.569398650284704,71.35470002392111],[-50.56821246669605,71.3547357138544],[-50.56703077913707,71.3547714123078],[-50.56596066707812,71.35519059198867],[-50.564774625136316,71.35522618993384],[-50.56359290055672,71.35526186235211],[-50.56240687745193,71.35529756022842],[-50.56122061515783,71.35533771734005],[-50.56192967063048,71.35569886408634],[-50.56317368664971,71.35585049626334],[-50.56435528974011,71.3558103727737],[-50.565541543441796,71.35577471229396],[-50.5667810816226,71.35592629845526],[-50.56808330515371,71.35626967144539],[-50.56932738736781,71.35642125514995],[-50.57050897826134,71.35638560566025],[-50.57163725328029,71.35615817289482],[-50.57288116965806,71.3563097943761],[-50.57412075615355,71.35646584314298],[-50.57530706742321,71.35642570656184],[-50.57584204081159,71.3562206058597]]],"type":"Polygon"},"id":"00000000000000000188","properties":{"area":58991.75178284979,"elevation":1221.0505081425242,"region":"CW","year":2018},"type":"Feature"},{"geometry":{"coordinates":[[[-49.70805653112721,69.83286683644387],[-49.70756146701866,69.83223805309228],[-49.70720486807578,69.8316048848207],[-49.70647330076093,69.83086469028191],[-49.705256016286626,69.83032514058738],[-49.70409657461132,69.83016907633686],[-49.70181359879116,69.82985249130492],[-49.69973137158613,69.8295938589311],[-49.697969918577726,69.82995951212936],[-49.69582052850547,69.83021364491637],[-49.6936713136858,69.83046334717412],[-49.69156656978542,69.83090479162826],[-49.6901932390497,69.83139080537562],[-49.68904728179443,69.83193044164024],[-49.689091989469915,69.83211770004009],[-49.688859828157476,69.83276872311184],[-49.6882668063691,69.83328598742617],[-49.6878075920459,69.83367839226008],[-49.68807526193231,69.83412873208037],[-49.68910080676343,69.83448099958329],[-49.6904562972895,69.83482435082159],[-49.69270363223702,69.83495369416292],[-49.694812762391095,69.8345077694885],[-49.69635583137449,69.83389241807244],[-49.69846036688658,69.83433387629113],[-49.69991406197999,69.83410200928444],[-49.70166197367813,69.83386122321896],[-49.703432216207474,69.83349999403545],[-49.70457844414534,69.83366053476865],[-49.706870246340785,69.83397716129585],[-49.707280660171165,69.83339298976216],[-49.70805653112721,69.83286683644387]]],"type":"Polygon"},"id":"000000000000000000eb","properties":{"area":316128.0378995418,"elevation":902.9397936962753,"region":"CW","year":2018},"type":"Feature"},{"geometry":{"coordinates":[[[-49.30511430839327,68.57952500482813],[-49.30451673652238,68.57915932319212],[-49.303401963647296,68.578811552865],[-49.30280443295892,68.57844586448203],[-49.30220675680849,68.5780802381464],[-49.30109217098722,68.57772800719314],[-49.29997281207749,68.57738018038111],[-49.298973951305335,68.57759865705287],[-49.29801538104325,68.57800445235202],[-49.29697646766991,68.57803119919228],[-49.295901605755084,68.57787065291255],[-49.29478248905057,68.57752283748992],[-49.29370777125119,68.57735783140828],[-49.29266878462285,68.57738910649188],[-49.29274919177518,68.5777680859375],[-49.29230763723626,68.57816052838437],[-49.29238353071795,68.57853953163944],[-49.29349820353971,68.5788917690817],[-49.2945772623837,68.57905232232108],[-49.29565198531215,68.5792128260385],[-49.2967310693813,68.57937336259754],[-49.29781023891852,68.57953838724794],[-49.29892497341588,68.57988620320967],[-49.30003962810807,68.58023845350624],[-49.30115449574048,68.5805907485981],[-49.30223366831528,68.58075124281712],[-49.30327262909997,68.58072007785451],[-49.304311640085956,68.58069328374118],[-49.304753064996824,68.58030091796239],[-49.30467279375839,68.57992181424149],[-49.30511430839327,68.57952500482813]]],"type":"Polygon"},"id":"0000000000000000027f","properties":{"area":110197.57680359928,"elevation":1062.313285486961,"region":"CW","year":2018},"type":"Feature"},{"geometry":{"coordinates":[[[-48.93406793012644,68.45753294834348],[-48.93351936077647,68.45735453459221],[-48.93248492340849,68.4573813108689],[-48.93148612799514,68.45759538321386],[-48.9304559868593,68.45762207893286],[-48.92938591434091,68.4574571502105],[-48.928355774576566,68.45748383012106],[-48.92732132142691,68.45751056732338],[-48.92629119356748,68.45753734944766],[-48.925328102531715,68.45794311322688],[-48.92429346153901,68.45796989132093],[-48.92322789968036,68.45780490338298],[-48.92215769633117,68.45763998204951],[-48.92112771566345,68.45766666142573],[-48.92016436930754,68.45807245247443],[-48.91920133547418,68.45847822707647],[-48.91817133293465,68.45850500187811],[-48.91875985394344,68.4588706560336],[-48.919825599196884,68.45903561536292],[-48.920859948725465,68.45900888107458],[-48.921890147496654,68.45898214000574],[-48.92285315468047,68.45857634595919],[-48.92388333180462,68.45854958983365],[-48.924882236158474,68.45833557294385],[-48.92588094154547,68.45812149486424],[-48.92691109401387,68.45809471588615],[-48.92794557187358,68.45806798184323],[-48.928975555063424,68.45804125115235],[-48.93001002654246,68.4580145014869],[-48.93108030739106,68.45817947954785],[-48.932074812553005,68.45796098002634],[-48.93310928135459,68.45793870208742],[-48.93406793012644,68.45753294834348]]],"type":"Polygon"},"id":"000000000000000001f8","properties":{"area":47096.889671240366,"elevation":1235.8328794068689,"region":"CW","year":2018},"type":"Feature"},{"geometry":{"coordinates":[[[-49.189503011605616,68.70326059053696],[-49.18882538151614,68.70251593660039],[-49.18919537112596,68.70174006022307],[-49.18747424643385,68.70102655984199],[-49.18575737005707,68.70030865082136],[-49.18366606442867,68.70036215628161],[-49.1815034373496,68.70003667574896],[-49.179452170847085,68.70028188819767],[-49.177441246710366,68.70071894942184],[-49.17550600274574,68.70153492030019],[-49.17558177911809,68.7019139771535],[-49.17416817875085,68.70271215144197],[-49.17379805112051,68.70348797661015],[-49.1744714311276,68.70423270190321],[-49.1746229546436,68.70499070300815],[-49.174774723465,68.70575325623275],[-49.174930801777535,68.70651124017692],[-49.175604115815695,68.70725591104086],[-49.17624168568432,68.70781329379537],[-49.17829289150728,68.70756803127934],[-49.180344072642,68.70732285610237],[-49.182355139953806,68.70688587740791],[-49.184366133179005,68.70644886955994],[-49.18630587057881,68.70563730967656],[-49.1882410739025,68.70482129896934],[-49.189132956323945,68.70403197241394],[-49.189503011605616,68.70326059053696]]],"type":"Polygon"},"id":"00000000000000000270","properties":{"area":401923.9419518441,"elevation":1126.3518392917695,"region":"CW","year":2018},"type":"Feature"},{"geometry":{"coordinates":[[[-49.93563995923457,70.74993001897349],[-49.93559110686045,70.74974272157864],[-49.93554185697628,70.74955098218419],[-49.9354930063639,70.74936368477907],[-49.934868590965046,70.74918976726744],[-49.93424438656157,70.74901590005466],[-49.93367360441965,70.74903375261707],[-49.933098438118705,70.74905156782467],[-49.932474048261746,70.74887764060558],[-49.93189870820575,70.74889551643012],[-49.93132808203772,70.74890884073308],[-49.93075273955948,70.74892671221615],[-49.93017757184017,70.74894451638033],[-49.929606766312695,70.74895789935564],[-49.929031797910476,70.74897575200298],[-49.92845645046794,70.74899361478614],[-49.927934623769886,70.74919868004777],[-49.92740843007898,70.74940382607662],[-49.92683342832513,70.74941721604331],[-49.926262625570985,70.7494350407318],[-49.92631141907596,70.74962679510728],[-49.92636057246,70.74981408285151],[-49.926409726722504,70.75000137059043],[-49.92645869894818,70.7501930598165],[-49.9265078549773,70.75038034754492],[-49.92655685467804,70.75057215472235],[-49.92603517550933,70.75077726614053],[-49.9260841277782,70.75096450119172],[-49.926703946086306,70.75113836652731],[-49.92732835868817,70.75131231758581],[-49.92795257878766,70.75148621330203],[-49.9285768081341,70.75166010650236],[-49.929201027346586,70.7518295428641],[-49.929825476826,70.75200348385431],[-49.930445174220424,70.75217739935621],[-49.93102042381741,70.75215959450479],[-49.93154664577897,70.75195443599468],[-49.93211734858545,70.75194111117828],[-49.93269256407543,70.75192318201427],[-49.933218790184405,70.75171813560566],[-49.93374042136622,70.7515129993362],[-49.93426660222129,70.75130783128174],[-49.93421756130271,70.75111614424594],[-49.93416851590648,70.75092879357021],[-49.93469032174538,70.75072370678302],[-49.9352162787466,70.75051414618454],[-49.93516742839553,70.75032684864048],[-49.93511818060241,70.7501351090955],[-49.93563995923457,70.74993001897349]]],"type":"Polygon"},"id":"0000000000000000015c","properties":{"area":94116.6116230011,"elevation":1324.7369235998337,"region":"CW","year":2018},"type":"Feature"},{"geometry":{"coordinates":[[[-49.10706334264236,68.74837331455477],[-49.10642996926029,68.74782037423982],[-49.105792225224604,68.7472630043829],[-49.10515485764079,68.74670562192567],[-49.104521568953814,68.74615267493031],[-49.103883910242,68.74559529834956],[-49.10377234495148,68.74502452052917],[-49.103660968817614,68.7444537969813],[-49.10511460267151,68.74384284322261],[-49.10605109887345,68.74324981264591],[-49.10545350375738,68.74287968006774],[-49.103843807099985,68.74273252577657],[-49.10238566217844,68.74334348174584],[-49.10093180270577,68.7439543524144],[-49.09947385986046,68.74456526823634],[-49.09801566043354,68.7451761153942],[-49.09809162833605,68.74555514642108],[-49.097155072846284,68.74615267625559],[-49.09622319832385,68.74675023751807],[-49.096334562688554,68.74731652477294],[-49.09644613495153,68.74788724633045],[-49.09603594648873,68.7484713874176],[-49.09614735367376,68.74904217451343],[-49.09625872830059,68.74960846428084],[-49.097418311387315,68.75015251146702],[-49.098992302090316,68.75011239234115],[-49.10056190648795,68.75007220785758],[-49.10209583415633,68.74984031792651],[-49.103665431052946,68.74980021604243],[-49.1051590736268,68.74937662168509],[-49.10665286779267,68.74895744514228],[-49.10706334264236,68.74837331455477]]],"type":"Polygon"},"id":"0000000000000000026d","properties":{"area":238227.9564925,"elevation":1147.7588099233524,"region":"CW","year":2018},"type":"Feature"},{"geometry":{"coordinates":[[[-47.84511532168071,68.77750457602731],[-47.84451337765502,68.77694281819173],[-47.84286338089674,68.77639875933107],[-47.84225710928732,68.7758413399281],[-47.84068286039301,68.77586812088238],[-47.83918909035289,68.77646565021789],[-47.83874316799454,68.77704532878606],[-47.83777115091464,68.77763390733966],[-47.837320803414244,68.77821361300289],[-47.836874806777956,68.77879328724364],[-47.836428970895355,68.77937301601703],[-47.836509225401514,68.77994373199637],[-47.83658511195976,68.78051447906138],[-47.83613923942394,68.78109420865488],[-47.83621512164966,68.78166495712723],[-47.83682138421291,68.78222684315567],[-47.83789603957991,68.78240065857443],[-47.83955054524309,68.78294026322072],[-47.841200197611364,68.7834842654632],[-47.842827736030166,68.7838365748216],[-47.842752044289455,68.78326582007931],[-47.84267180269695,68.78269504122639],[-47.84311773050315,68.78211534396861],[-47.84356363776091,68.78153564584437],[-47.844535664247864,68.78094702245288],[-47.843933816033115,68.78038519575588],[-47.843857762157405,68.7798144524082],[-47.84430361211214,68.77923475422261],[-47.84422353154061,68.77866403586381],[-47.844147645090914,68.77809323192719],[-47.84511532168071,68.77750457602731]]],"type":"Polygon"},"id":"000000000000000001d4","properties":{"area":215365.38869093507,"elevation":1518.1138938580793,"region":"CW","year":2018},"type":"Feature"},{"geometry":{"coordinates":[[[-49.964869348180706,68.76723974228578],[-49.96364329357851,68.76651293582063],[-49.96154723869435,68.76657982604695],[-49.959545216150374,68.76702568704907],[-49.95740945170132,68.76690088139148],[-49.95654424457444,68.76769010704533],[-49.95672703820194,68.76845263222657],[-49.95481423021376,68.76927314802508],[-49.952856593431214,68.76991077950298],[-49.9508099866142,68.77016492373039],[-49.95098824038092,68.77092299320276],[-49.95012306630996,68.77171673365386],[-49.94925799259918,68.77250595914268],[-49.94891481197637,68.77328185066797],[-49.950100802221705,68.77381693476218],[-49.95210300101639,68.77337104992564],[-49.95419439918428,68.77330858377864],[-49.95620103994916,68.7728627128563],[-49.95820303903534,68.77241673994882],[-49.96020517088286,68.77197090851433],[-49.96054413200545,68.7711950090275],[-49.95931784439987,68.77047266923786],[-49.960704524078764,68.7696610522932],[-49.96156966105264,68.7688717975606],[-49.963482562578804,68.76804684794098],[-49.964869348180706,68.76723974228578]]],"type":"Polygon"},"id":"00000000000000000049","properties":{"area":243714.97276499274,"elevation":651.4672986489513,"region":"CW","year":2018},"type":"Feature"},{"geometry":{"coordinates":[[[-48.728182354115965,68.51616116185009],[-48.726425493633144,68.5150597790807],[-48.72422265400185,68.514350814599],[-48.721047695847936,68.51404307086386],[-48.7178727925134,68.5137398674399],[-48.71480064131041,68.51400296799002],[-48.71175954106936,68.51445777452373],[-48.708718373262286,68.5149081359161],[-48.70574859813851,68.51574196607082],[-48.70277447912948,68.51657584483095],[-48.70284113418817,68.51695490084325],[-48.699934075041504,68.51816775733563],[-48.698065657311865,68.51935386927661],[-48.69826608170298,68.5204954099232],[-48.6979494839451,68.52164585476909],[-48.6986675503241,68.52277404785399],[-48.70145884739065,68.523848668213],[-48.70463373790554,68.52415631417216],[-48.70774179774124,68.52408500873787],[-48.710782903031586,68.52363014269118],[-48.713859728198734,68.52336703744179],[-48.716829448419524,68.52253327515723],[-48.71993746943753,68.5224573692275],[-48.72246128268341,68.52201601250052],[-48.72329502919301,68.52085215919168],[-48.724646387687756,68.51967940176704],[-48.72755351793902,68.51846207945502],[-48.72786578006731,68.51731159016633],[-48.728182354115965,68.51616116185009]]],"type":"Polygon"},"id":"000000000000000001ed","properties":{"area":1043904.8458204628,"elevation":1290.8630806845963,"region":"CW","year":2018},"type":"Feature"},{"geometry":{"coordinates":[[[-49.65019509080321,69.49508996217803],[-49.65006133784454,69.49452359692741],[-49.64938799192616,69.49397068528108],[-49.648175065173994,69.49343110186568],[-49.649664382359454,69.49281576323881],[-49.65007479516447,69.49223164380874],[-49.64886194306185,69.49169206767638],[-49.648188515093665,69.49113909968469],[-49.64643601947308,69.49061746594894],[-49.64481301940176,69.49066201750684],[-49.64318979844937,69.49071106543595],[-49.64152210443433,69.49056841707304],[-49.6399882504988,69.49099199063829],[-49.640032893334904,69.49118372215469],[-49.63962263017482,69.49176791733301],[-49.63975628893247,69.49233422451641],[-49.63880653455928,69.49293621836983],[-49.63839638063944,69.49352034628782],[-49.63798620717438,69.49410447337338],[-49.63974292381661,69.49462613784596],[-49.64149541447507,69.49514792144859],[-49.64320774580253,69.49548231561404],[-49.64491548534459,69.4958122735258],[-49.64658317881313,69.49595946451056],[-49.64816162112859,69.49572311056937],[-49.64978499317602,69.49567407214931],[-49.65019509080321,69.49508996217803]]],"type":"Polygon"},"id":"000000000000000000a4","properties":{"area":213160.88114673796,"elevation":959.227180663196,"region":"CW","year":2018},"type":"Feature"},{"geometry":{"coordinates":[[[-49.46817909235396,69.30865492751062],[-49.467474448989265,69.30791024624165],[-49.4662347704562,69.30718341910769],[-49.46446017792508,69.30646998352265],[-49.462765819991965,69.30613103693162],[-49.46049604600762,69.30562266148253],[-49.458230861383406,69.30511440499873],[-49.45604571241715,69.3049850746026],[-49.45398122676536,69.30542202587853],[-49.45184089976133,69.30548003111636],[-49.44965611455735,69.30535070903966],[-49.447426480669144,69.30502968495851],[-49.4452413939271,69.30490030650414],[-49.443181385878056,69.30533730824045],[-49.442811285042005,69.3061087506233],[-49.44458602991701,69.30682669749534],[-49.4463607699354,69.3075401212968],[-49.44867038164259,69.30823574687108],[-49.45090015791706,69.30855681865852],[-49.45320973939757,69.30925688558027],[-49.45543949236267,69.30957795173903],[-49.4576644649717,69.3098989578706],[-49.459934044993624,69.3104073408714],[-49.462123629119944,69.31053660886266],[-49.46426404140619,69.3104786969641],[-49.46636868171718,69.31022891392143],[-49.4672737772227,69.30943970454116],[-49.46817909235396,69.30865492751062]]],"type":"Polygon"},"id":"0000000000000000007a","properties":{"area":393143.2029677661,"elevation":701.179513497802,"region":"CW","year":2018},"type":"Feature"},{"geometry":{"coordinates":[[[-49.19743122257495,70.0989592268967],[-49.19576375072065,70.09899934597634],[-49.19421632060703,70.09961028429579],[-49.19425640507299,70.09980196556255],[-49.19326652448427,70.1003994976296],[-49.19282957364555,70.10097920093689],[-49.19128230113617,70.1015900980753],[-49.19084958817231,70.10217423975946],[-49.190412785414644,70.10275837794285],[-49.18998015709603,70.10333806530817],[-49.189547748176665,70.10392219319162],[-49.18911070777807,70.10450639231077],[-49.18923558068816,70.10507264779548],[-49.18987323899974,70.10543831359612],[-49.19142060716484,70.1048273767928],[-49.19300799735609,70.1044082240114],[-49.194760450106415,70.10474710505194],[-49.195750297936684,70.10414962579438],[-49.19395776604958,70.10361895683464],[-49.19272254730378,70.1030794590508],[-49.1931596650083,70.1024953031734],[-49.19359219827223,70.10191560649682],[-49.19402446906521,70.10133146712455],[-49.194461522532166,70.10074730791631],[-49.196008846745485,70.10013643102009],[-49.196998885595825,70.09954332194148],[-49.19743122257495,70.0989592268967]]],"type":"Polygon"},"id":"000000000000000000ef","properties":{"area":79170.50863947054,"elevation":1260.9878745318354,"region":"CW","year":2018},"type":"Feature"},{"geometry":{"coordinates":[[[-49.92579864742842,70.56172917150333],[-49.92451453048749,70.56118966968623],[-49.92442081382424,70.56087302659964],[-49.92436736882469,70.56062330475243],[-49.923702885878704,70.56032459022117],[-49.9219995408949,70.56037361342743],[-49.92024716512852,70.56023089780612],[-49.91914132467805,70.56039140668362],[-49.91802222085699,70.56048510776121],[-49.916412307225535,70.560913201551],[-49.91589066985639,70.56112275601066],[-49.91433885532695,70.56173363379789],[-49.91277831588226,70.56235345020842],[-49.91122202263765,70.56296883186558],[-49.91014285844548,70.5633210661564],[-49.909661296139745,70.56358416150492],[-49.90972371964759,70.56390973174443],[-49.908729262576635,70.56450720574689],[-49.909358145580846,70.56473017655415],[-49.91001356772734,70.56504671167963],[-49.9112398396997,70.56525633670162],[-49.91299214937175,70.5653945989308],[-49.91410267979178,70.56530983818264],[-49.91581037234944,70.56526083563669],[-49.91751822903994,70.56521174858831],[-49.919230422729065,70.56516267762197],[-49.919145798547824,70.56483718149813],[-49.92080441561683,70.56460085599562],[-49.921223691402574,70.56401671805978],[-49.92277979333596,70.56340135004042],[-49.92434051436828,70.5627815346605],[-49.924857932453634,70.56251845407049],[-49.925281458313854,70.56199230818588],[-49.92579864742842,70.56172917150333]]],"type":"Polygon"},"id":"0000000000000000014c","properties":{"area":221410.55299334388,"elevation":1007.6535892082863,"region":"CW","year":2018},"type":"Feature"},{"geometry":{"coordinates":[[[-50.23105539948377,70.09395610267097],[-50.22979348251075,70.0934210016741],[-50.22853152240683,70.09289040892719],[-50.22671219932163,70.0923731132802],[-50.22711363274824,70.0917889987594],[-50.22645797339524,70.09142780082166],[-50.224892979761954,70.09185591361425],[-50.22307364081358,70.09133863966078],[-50.22140595685598,70.09139212965779],[-50.21984093252782,70.09182464146984],[-50.21827560871564,70.09225274893033],[-50.21675961381828,70.09287250895076],[-50.21514095770336,70.0931133270923],[-50.213629274195206,70.09373313362177],[-50.213781055829614,70.09430391471803],[-50.212822232654375,70.09490592270575],[-50.2124163223386,70.0954900235718],[-50.21201521464607,70.09607418945566],[-50.2127195970981,70.09662708418915],[-50.212875740403845,70.09719337545668],[-50.21459252306275,70.09733168046624],[-50.216309126002464,70.09746991318463],[-50.21802611276056,70.09760811294473],[-50.2196936911148,70.09755462365888],[-50.22146398621591,70.09788015699827],[-50.22313163895434,70.09783108197259],[-50.22464776947982,70.09721125483532],[-50.226212882312545,70.09677875697182],[-50.22777800510696,70.09635069547211],[-50.228179378451976,70.09576200554308],[-50.22969543048959,70.09514217861782],[-50.230096832415526,70.0945580546553],[-50.23105539948377,70.09395610267097]]],"type":"Polygon"},"id":"00000000000000000117","properties":{"area":356041.0874245348,"elevation":255.06272778245034,"region":"CW","year":2018},"type":"Feature"},{"geometry":{"coordinates":[[[-49.68622924680606,68.74711137448627],[-49.68557792614451,68.7465584603785],[-49.685448840791636,68.74598767612197],[-49.68436077324062,68.7458316292441],[-49.68283575122444,68.7460679408335],[-49.68126620959432,68.7461125425496],[-49.67974097321436,68.74634888477931],[-49.67821605288882,68.74658519840966],[-49.6766911011572,68.74682149524003],[-49.675161600770934,68.74705792846902],[-49.67359648849074,68.7471069702861],[-49.672026848898355,68.74715146710196],[-49.67049727623962,68.74738784872378],[-49.6689723962465,68.74762423118163],[-49.6690570432583,68.74800320410819],[-49.66813862986937,68.7486051992503],[-49.66722440770641,68.74920272043573],[-49.667349415812,68.74977347020612],[-49.66800024726153,68.7503264188564],[-49.66956989397053,68.75028179754254],[-49.671184016790235,68.75042452872135],[-49.67275370118441,68.75037542641346],[-49.67436330268938,68.7505181560758],[-49.67597760232116,68.75066532961286],[-49.677547121318476,68.75061623779762],[-49.67907229425738,68.750379930862],[-49.680597250986814,68.75014355415044],[-49.68212219836639,68.74990727838627],[-49.68365181675911,68.74967088531939],[-49.685176701258484,68.74943457590845],[-49.68556913821074,68.74885038869988],[-49.685966118647094,68.74826628286996],[-49.68583666664404,68.74769550890149],[-49.68622924680606,68.74711137448627]]],"type":"Polygon"},"id":"000000000000000002a2","properties":{"area":288525.60565598635,"elevation":872.9059979870028,"region":"CW","year":2018},"type":"Feature"},{"geometry":{"coordinates":[[[-48.76971896097102,69.51189181062911],[-48.76798870751358,69.51136115257148],[-48.76632552893796,69.51120958571374],[-48.7646667157134,69.51105350101005],[-48.763003574557935,69.51090189579506],[-48.761340092774,69.51075028083783],[-48.7597170339272,69.51078597663756],[-48.75805393531709,69.5106343141909],[-48.75646635780489,69.51086175714792],[-48.75487441928626,69.51108917782581],[-48.753353917184924,69.51169557511868],[-48.75342521783165,69.51207463333083],[-48.75244879232937,69.51267210824857],[-48.75255574726468,69.51323850443357],[-48.75211878765581,69.51382256966181],[-48.752225702181406,69.51439335189751],[-48.752332831252424,69.51495968574753],[-48.75345210355529,69.51512465071009],[-48.75518660476018,69.5156597582496],[-48.75692120023015,69.51619034239185],[-48.75857998932181,69.51634202521487],[-48.760171874327824,69.51611457239558],[-48.76172800444494,69.5156998841827],[-48.76327995647656,69.5152807259535],[-48.764836164199046,69.51486605832707],[-48.766356748387764,69.51425959077837],[-48.76678920573521,69.51367541266472],[-48.76830985267775,69.51306897913199],[-48.76874243023619,69.5124848500171],[-48.76971896097102,69.51189181062911]]],"type":"Polygon"},"id":"0000000000000000006c","properties":{"area":304061.0436825636,"elevation":1326.2181450855103,"region":"CW","year":2018},"type":"Feature"},{"geometry":{"coordinates":[[[-49.065379599805226,70.16340212422192],[-49.06526365149862,70.16283142539572],[-49.06350670301961,70.16249251334254],[-49.06187030484104,70.16272433138937],[-49.06031394445445,70.16333525548906],[-49.058677428936726,70.1635626499987],[-49.05871765926675,70.16375446050806],[-49.057718885313264,70.16435192958612],[-49.05728187393608,70.16493159010355],[-49.05684043420769,70.16551575956557],[-49.05696062020378,70.1660820733601],[-49.057076579682544,70.16665283328057],[-49.05719699461766,70.16722358931146],[-49.05731756855908,70.16778989338188],[-49.05743354669084,70.16836065376677],[-49.058111287577674,70.16891806167602],[-49.05990810433406,70.1694442481326],[-49.06170076721998,70.16997485934183],[-49.0634176090749,70.17012199645204],[-49.063899249312556,70.16972961527185],[-49.063778655798416,70.16915886308179],[-49.06254369906557,70.16861928993372],[-49.06130395767011,70.16807533322063],[-49.06006874470545,70.16753575038706],[-49.05939099955547,70.16697835197255],[-49.05927519850461,70.16641203546486],[-49.060269373805816,70.16581450537976],[-49.06071092634459,70.16523037920005],[-49.06226707473111,70.16462396673592],[-49.06382329180802,70.16401308574595],[-49.065379599805226,70.16340212422192]]],"type":"Polygon"},"id":"000000000000000000f0","properties":{"area":120791.57603857748,"elevation":1367.1942110447935,"region":"CW","year":2018},"type":"Feature"},{"geometry":{"coordinates":[[[-48.557117967283965,69.02869914512284],[-48.554330830899296,69.0279990872851],[-48.55098221797857,69.02711615631571],[-48.5477312550442,69.02680850676691],[-48.54448071686271,69.02650077331904],[-48.541426219533776,69.02733022067846],[-48.53823784687881,69.02740156539566],[-48.53525036573509,69.0286144694184],[-48.53219599578839,69.0294438167981],[-48.529079069698696,69.0298942308485],[-48.52914143014132,69.03027321603815],[-48.528806835418784,69.03142813753935],[-48.52900324093417,69.03256965578407],[-48.530265145809935,69.03368445182397],[-48.53152267171731,69.03480367297121],[-48.53487133676825,69.03568211838021],[-48.53818894194151,69.03637324292119],[-48.541377065817784,69.0363019377525],[-48.544560856244615,69.03623504905494],[-48.5465543094168,69.03542347293595],[-48.54529671121642,69.03430874703628],[-48.54510059421819,69.03316721908388],[-48.545965567165204,69.03200333839466],[-48.54789192132956,69.0308128122184],[-48.55087958285574,69.02959991473752],[-48.553929453937144,69.02877049260671],[-48.557117967283965,69.02869914512284]]],"type":"Polygon"},"id":"00000000000000000266","properties":{"area":687248.7881157463,"elevation":1226.164083402767,"region":"CW","year":2018},"type":"Feature"},{"geometry":{"coordinates":[[[-48.01131935998369,68.52343837884152],[-48.01014670004642,68.52250647841096],[-48.00949118022373,68.5215700512446],[-48.007854580722075,68.52103051462312],[-48.00512573734294,68.52012977741735],[-48.00250832338846,68.51998709846534],[-47.99983277548609,68.51946986126052],[-47.99721528427608,68.51932714446149],[-47.99462453476222,68.5193761453614],[-47.99200692646583,68.51923794182345],[-47.98941185430026,68.51928699761666],[-47.98682110718382,68.519336086782],[-47.9842571496638,68.51957683367439],[-47.98174672100536,68.52019663323921],[-47.982402047997304,68.5211375414589],[-47.983570320298945,68.52206501825037],[-47.985206980146664,68.52260453854906],[-47.98788240106557,68.52312632354861],[-47.99055342125963,68.52364803753471],[-47.993175283746574,68.52378618819081],[-47.995792697453574,68.52392893709197],[-47.99841480176967,68.52406716085096],[-48.0009787357449,68.52382639121572],[-48.00359636288072,68.52396904645869],[-48.006186872426845,68.52392000990979],[-48.00878221086708,68.5238665038769],[-48.01131935998369,68.52343837884152]]],"type":"Polygon"},"id":"000000000000000001bc","properties":{"area":497032.2240064624,"elevation":1551.978357304137,"region":"CW","year":2018},"type":"Feature"},{"geometry":{"coordinates":[[[-50.552119644057726,71.79727027390518],[-50.55199917046644,71.79689123482993],[-50.55188329628545,71.79651221392552],[-50.55176304489374,71.79613322654693],[-50.55104056673628,71.79577206010076],[-50.549711849136315,71.79543312785165],[-50.548382830631674,71.79508979708896],[-50.547054248652735,71.79474644166834],[-50.54693823829348,71.79437188426934],[-50.545609327115535,71.79402853078362],[-50.54440095592342,71.79406414562231],[-50.54313024298596,71.79391256372347],[-50.54324594632301,71.7942915908762],[-50.543366248542625,71.79467063644832],[-50.54226953926673,71.79508528149329],[-50.54178342341564,71.79548219940892],[-50.54129747203203,71.79587904987334],[-50.541413337900146,71.79625801195301],[-50.540927179925184,71.79665492677874],[-50.54164970847586,71.79701607209758],[-50.542371921032476,71.7973728265574],[-50.542488028358775,71.79775183963956],[-50.542001858293546,71.79814875725623],[-50.542724456023905,71.79850989766975],[-50.54405321263431,71.79885328874173],[-50.54532383148312,71.7990048778805],[-50.546474291259,71.79877746671244],[-50.54774513225219,71.79892908879884],[-50.54901614855298,71.79908515430843],[-50.55016656819063,71.79885771655682],[-50.54944402110204,71.79849654331527],[-50.54993026898878,71.79809965474261],[-50.551022589564774,71.79768499192461],[-50.552119644057726,71.79727027390518]]],"type":"Polygon"},"id":"0000000000000000019b","properties":{"area":148353.89752083438,"elevation":1110.194364840457,"region":"CW","year":2018},"type":"Feature"},{"geometry":{"coordinates":[[[-49.63141339539211,68.34389716439419],[-49.6296653668387,68.34299193872687],[-49.626891827428665,68.34212248982185],[-49.62565675436277,68.34120385235626],[-49.624466094312844,68.34047707291009],[-49.62181728017975,68.3401782720969],[-49.61904831467482,68.33930427251812],[-49.61738507142941,68.3387825534003],[-49.614901379503884,68.33923741888808],[-49.61254253655296,68.34026302368791],[-49.612752065036645,68.34120838989783],[-49.611931447733774,68.34218935796726],[-49.61059827080816,68.34317923835367],[-49.60978233846561,68.34416026945411],[-49.60793616213527,68.34516798464391],[-49.60814125987926,68.34611333639552],[-49.610914899796136,68.3469873680029],[-49.61214563536693,68.34790149505194],[-49.61334054665421,68.34863274850112],[-49.615989444787246,68.34893151108358],[-49.61842854109215,68.34828940660626],[-49.620996867087285,68.3482135829584],[-49.62368565549246,68.34870410139646],[-49.626294434426605,68.34881556520877],[-49.62762321183628,68.34782121655147],[-49.628443511697554,68.34684463432028],[-49.629263930839215,68.34586810194008],[-49.63008003246058,68.3448870947583],[-49.63141339539211,68.34389716439419]]],"type":"Polygon"},"id":"00000000000000000238","properties":{"area":722914.3938860662,"elevation":966.3985314246463,"region":"CW","year":2018},"type":"Feature"},{"geometry":{"coordinates":[[[-48.90434793719029,68.93752391454265],[-48.903112771852754,68.93660090550229],[-48.901877694244725,68.9356733880707],[-48.90222551171684,68.93471023959063],[-48.90151649133733,68.93377377193872],[-48.90080754387147,68.932837420269],[-48.90009846612001,68.93190101267295],[-48.90097693141057,68.93092447579409],[-48.90079409954662,68.92997461990653],[-48.901141886560055,68.92901148340945],[-48.8984307234962,68.92869493033467],[-48.89593378828927,68.92951982324584],[-48.89343670026673,68.93034478995403],[-48.893472284286425,68.93053649376523],[-48.89259829208454,68.93151302610748],[-48.89119357838275,68.93249853688032],[-48.88978450851184,68.9334884159201],[-48.889436753693886,68.93445157392664],[-48.889619706828974,68.93540137686254],[-48.8913808304048,68.93631552011834],[-48.892620652088,68.93723854746895],[-48.894381845776685,68.93814822120456],[-48.89456483804664,68.93910246970523],[-48.897204594654696,68.93903555321046],[-48.89980868693222,68.93878138089048],[-48.90234596576337,68.93814374110246],[-48.90434793719029,68.93752391454265]]],"type":"Polygon"},"id":"0000000000000000003b","properties":{"area":443076.56399470905,"elevation":1130.610992083515,"region":"CW","year":2018},"type":"Feature"},{"geometry":{"coordinates":[[[-50.59778074363428,71.32243846293557],[-50.59642526531322,71.32190784578317],[-50.59465049769311,71.32196576760947],[-50.59293833100006,71.32221100395974],[-50.59122144921439,71.32245627051495],[-50.59127955585693,71.32264358898817],[-50.59145339732877,71.3232143630532],[-50.58985256361409,71.32383865310761],[-50.58825181474853,71.3244628604048],[-50.58724380470924,71.32506486099965],[-50.5862362842737,71.32567129527335],[-50.58699874853746,71.32621973652323],[-50.587765727102806,71.3267727113258],[-50.589121286755955,71.32730328520246],[-50.591069970235445,71.32781609800628],[-50.59289822560237,71.32794988435998],[-50.594672890898806,71.327891946623],[-50.59580101603332,71.32766903086254],[-50.59385242455911,71.32715621054176],[-50.59308528385331,71.32660326484674],[-50.592322837236935,71.32605478664834],[-50.59214910681161,71.32548846822556],[-50.59374531520065,71.32486420442676],[-50.59534631239922,71.32423992659032],[-50.59576547888247,71.32365132276293],[-50.59677305018528,71.3230449292124],[-50.59778074363428,71.32243846293557]]],"type":"Polygon"},"id":"00000000000000000187","properties":{"area":131943.38375856154,"elevation":1210.8468665586165,"region":"CW","year":2018},"type":"Feature"},{"geometry":{"coordinates":[[[-49.78336616852109,68.84641108802468],[-49.78104296651022,68.84552819799973],[-49.77881350551386,68.8450198658093],[-49.77627165350414,68.84547913914281],[-49.77386387557429,68.8465092156035],[-49.7739084249635,68.84669644291186],[-49.77307910369336,68.84767751116819],[-49.772771383925864,68.848640651878],[-49.77246380295282,68.84960829214674],[-49.77163414462924,68.85058930330338],[-49.77080040031431,68.85156582667656],[-49.77049726789835,68.85253342859687],[-49.770715557668865,68.85348324516622],[-49.769881869242774,68.85445982031005],[-49.77062652279769,68.85539625063578],[-49.77185274177712,68.85612305496787],[-49.77443908743324,68.8558555182228],[-49.776936212326966,68.85520446499694],[-49.777239445321754,68.8542412773805],[-49.778073224998565,68.85326031710717],[-49.77732850348931,68.85232831014605],[-49.77921022704559,68.85131610092336],[-49.778465734032714,68.85037971032021],[-49.78087367747412,68.8493541116275],[-49.781176716453324,68.84838647856616],[-49.78253686775386,68.84739210810586],[-49.78336616852109,68.84641108802468]]],"type":"Polygon"},"id":"0000000000000000004a","properties":{"area":361685.82262112544,"elevation":723.3947249774569,"region":"CW","year":2018},"type":"Feature"},{"geometry":{"coordinates":[[[-50.26647860359448,70.94885494890917],[-50.26457901045512,70.94834217287323],[-50.262679413216105,70.94782491915213],[-50.26083321937999,70.9474993832477],[-50.25898727987762,70.94717387779592],[-50.2570877239029,70.94665662147797],[-50.255188075736,70.9461394075795],[-50.25328868846197,70.94562210507424],[-50.25139333382952,70.94510933888333],[-50.25007355620594,70.94457425727869],[-50.251652085257945,70.94395443517874],[-50.25265094338201,70.94335240702962],[-50.250911838765816,70.9434059564957],[-50.249226227556136,70.94364676299675],[-50.24933332589466,70.94402577105599],[-50.24833452178763,70.94462771163025],[-50.24965426362085,70.94516280800825],[-50.250390120162116,70.94571126666477],[-50.251709973302404,70.94624634589339],[-50.25245015944522,70.94679488678582],[-50.25434980666278,70.9473121345112],[-50.256249451835174,70.94782490455144],[-50.25814909083341,70.94834217159644],[-50.25999511725071,70.94866768749279],[-50.26173394456803,70.94861863562394],[-50.26363367898623,70.94913138112952],[-50.265372731310784,70.94908234060003],[-50.26647860359448,70.94885494890917]]],"type":"Polygon"},"id":"00000000000000000173","properties":{"area":90514.06189572897,"elevation":1240.7864197530864,"region":"CW","year":2018},"type":"Feature"},{"geometry":{"coordinates":[[[-49.28596236718764,70.31320114494427],[-49.28367027392995,70.3130674323283],[-49.280856705512406,70.31313872632123],[-49.27804295922652,70.31321014946467],[-49.27510014944522,70.31271515064796],[-49.27237092982036,70.31316551196639],[-49.26968212901054,70.31380320106712],[-49.26985161867722,70.31456122297574],[-49.26949948595512,70.3155243648112],[-49.26858526091165,70.3165009094117],[-49.26879496171248,70.31745071162568],[-49.269004309822755,70.31840052482114],[-49.26977572449549,70.31933242644817],[-49.27280349931742,70.32021086459022],[-49.275742070653166,70.32071033471625],[-49.278600418462204,70.32083075565768],[-49.280682835979604,70.32001470700746],[-49.27765944104808,70.31913623523609],[-49.2746318128306,70.31825783186765],[-49.274422236064346,70.31730802582746],[-49.27421256708354,70.3163626729463],[-49.275126851310446,70.31538169376329],[-49.27773091284556,70.314365043738],[-49.28037496508526,70.31353561608553],[-49.283188759253065,70.31346426698597],[-49.28596236718764,70.31320114494427]]],"type":"Polygon"},"id":"00000000000000000129","properties":{"area":237511.5259185078,"elevation":1369.9892318625639,"region":"CW","year":2018},"type":"Feature"},{"geometry":{"coordinates":[[[-48.241052356871634,68.37501725093466],[-48.23996421742178,68.37466052090485],[-48.23990627297405,68.37428147515172],[-48.239848330402154,68.37390242969276],[-48.23979034183999,68.3735189538638],[-48.23921522516539,68.37315335899928],[-48.238644377116444,68.37278328801916],[-48.23758760835699,68.37261376341378],[-48.23652638886346,68.3724443370277],[-48.235500771417,68.37246663056514],[-48.23443957029099,68.37229718804322],[-48.23449747504769,68.37268066486652],[-48.234042570961925,68.37306860479485],[-48.23513056348553,68.37342538039991],[-48.235701376580224,68.3737954665047],[-48.2357594213795,68.3741744504455],[-48.23478729992806,68.37457582896975],[-48.23536243470223,68.37494587423586],[-48.235420313325285,68.37532492226426],[-48.23599117392963,68.37569500883382],[-48.236566530691505,68.37606510487821],[-48.237137212767564,68.37643081965652],[-48.237712423442154,68.37680085673713],[-48.238742527632574,68.37677862132556],[-48.239741349826225,68.37656903653158],[-48.23917058047885,68.37619890173242],[-48.23962545922849,68.37581094196817],[-48.24059756233478,68.37540964558416],[-48.241052356871634,68.37501725093466]]],"type":"Polygon"},"id":"000000000000000001c2","properties":{"area":83676.99815378798,"elevation":1484.1590031740593,"region":"CW","year":2018},"type":"Feature"},{"geometry":{"coordinates":[[[-48.69746372372684,69.3827874446409],[-48.69685261804096,69.38242180766014],[-48.695742413770745,69.38225685779138],[-48.6946320359397,69.38209184501261],[-48.69351719652999,69.38192688088118],[-48.69244253848279,69.38194915017718],[-48.69143485740311,69.38235489035856],[-48.69035570075797,69.38237720100327],[-48.690427192261716,69.38275623932246],[-48.6904941599101,69.3831397191279],[-48.68948625845941,69.38354100735006],[-48.68847847783896,69.38394684509385],[-48.688549757807316,69.38432583072309],[-48.68808166342257,69.38471823569522],[-48.68868803634213,69.38508391389318],[-48.689263230456966,69.38526223181691],[-48.69037353517216,69.38542723316358],[-48.69145265788809,69.38540498638595],[-48.69252731533063,69.38537816841485],[-48.69357094502481,69.3851641575896],[-48.6946499120301,69.38513744799046],[-48.69457851622527,69.38475834668384],[-48.695586209234634,69.38435708530791],[-48.69659406912836,69.38395125106238],[-48.69598313387988,69.3835856640649],[-48.696455739315795,69.38319323026944],[-48.69746372372684,69.3827874446409]]],"type":"Polygon"},"id":"00000000000000000056","properties":{"area":94081.66822467459,"elevation":1228.361207323107,"region":"CW","year":2018},"type":"Feature"},{"geometry":{"coordinates":[[[-48.62276925834641,68.9056324194398],[-48.61134950468391,68.90093254774293],[-48.597066871793814,68.89801179994701],[-48.58325274302971,68.89774872080078],[-48.56983523063324,68.89976875352284],[-48.55657385921238,68.90273850555252],[-48.54357544288011,68.90722878112201],[-48.53018055193354,68.90943604053564],[-48.51645529671117,68.9097392859591],[-48.50276138523081,68.91023422193092],[-48.48913443445426,68.91110373815519],[-48.47592202557245,68.91444807181708],[-48.47398672213634,68.91868866163655],[-48.48304756719091,68.92211326608287],[-48.49674601674883,68.9216227702304],[-48.49176977082587,68.92039652135537],[-48.49251442755279,68.91542017563403],[-48.50620838445399,68.91492520602962],[-48.51613424262179,68.91719044752651],[-48.529605191778735,68.91536221520396],[-48.54326790268488,68.9146754837399],[-48.556926028224154,68.91398880834107],[-48.5705531833614,68.91311036829565],[-48.58427826371154,68.91280270854203],[-48.5978071586444,68.91135343497614],[-48.61122912661058,68.90932900463439],[-48.62276925834641,68.9056324194398]]],"type":"Polygon"},"id":"00000000000000000283","properties":{"area":6183410.087616976,"elevation":1254.3232174348082,"region":"CW","year":2018},"type":"Feature"},{"geometry":{"coordinates":[[[-49.33364344034707,69.27723163135632],[-49.33356334588447,69.27685257219258],[-49.33290771890065,69.27629967871248],[-49.331177647460954,69.27577346868145],[-49.330522103070734,69.27522056535375],[-49.33040175308249,69.27464982167172],[-49.33028130654017,69.27408352669543],[-49.32859132216955,69.27374459833558],[-49.32690575115338,69.27341013921817],[-49.325220244692765,69.27307577830513],[-49.3237353260465,69.2736866300781],[-49.322170257388045,69.27391846766416],[-49.32060517741308,69.2741504058348],[-49.32064524411702,69.27434215662106],[-49.31969550019057,69.2749352169228],[-49.31928086507945,69.27551930759843],[-49.318870515970005,69.2761035028303],[-49.320061111900834,69.27664304498295],[-49.32071663215871,69.27719593260835],[-49.32232182385196,69.2771558085023],[-49.323927111472365,69.2771112178819],[-49.3255769745613,69.27725840020203],[-49.32718225769788,69.27721377273807],[-49.32886780640806,69.27755262627394],[-49.33047311851321,69.27750807949595],[-49.33207842213527,69.2774635145297],[-49.33364344034707,69.27723163135632]]],"type":"Polygon"},"id":"00000000000000000079","properties":{"area":190435.84051269467,"elevation":719.4790617246821,"region":"CW","year":2018},"type":"Feature"},{"geometry":{"coordinates":[[[-49.40974704059023,69.38940477396909],[-49.40966677474817,69.38902576675723],[-49.40958201830187,69.38864672149721],[-49.40950175798069,69.38826771459603],[-49.40941700719533,69.38788866964217],[-49.408797247676596,69.38752299106079],[-49.40771816885165,69.38755420797554],[-49.40655860720626,69.38720197085291],[-49.405484030398235,69.38723320918706],[-49.404324681897926,69.38688088974166],[-49.403290236954454,69.38709939135369],[-49.402215656881324,69.38713060504774],[-49.40122128794956,69.38753637202643],[-49.40022698452116,69.38794663469116],[-49.40030709907218,69.38832564606571],[-49.40039170971162,69.3887046960913],[-49.399397511835886,69.38911488887715],[-49.399482111515596,69.38949393979611],[-49.39956240962936,69.38987300576507],[-49.400186736926315,69.39023858143092],[-49.400267048920185,69.39061764743292],[-49.4008913276794,69.39097883584688],[-49.401511041739845,69.3913444324525],[-49.40267037970397,69.39169672414802],[-49.40275073608651,69.39207578966068],[-49.403869887645655,69.39223628797302],[-49.40490454469699,69.39201778150824],[-49.40598347220877,69.39198659759279],[-49.40701809733118,69.39176807574577],[-49.40801245480467,69.391357881698],[-49.40792771462633,69.39097883434663],[-49.40784297731337,69.39059978714688],[-49.40883735246202,69.39019397238307],[-49.40875709772487,69.38981496430647],[-49.40974704059023,69.38940477396909]]],"type":"Polygon"},"id":"00000000000000000083","properties":{"area":174073.8112562689,"elevation":929.8148429324747,"region":"CW","year":2018},"type":"Feature"},{"geometry":{"coordinates":[[[-49.50952832065571,69.3296304770108],[-49.50877916221669,69.32869855446984],[-49.50551958825253,69.32859595396347],[-49.50204594680308,69.3275481576209],[-49.49910746199545,69.3264868266209],[-49.49625815062996,69.32580460141122],[-49.492868954698196,69.32513573865873],[-49.4895249122633,69.3246541386803],[-49.48638993613502,69.32512236571864],[-49.48321511212711,69.32540331036967],[-49.48012051352453,69.3260587604745],[-49.47707038291689,69.32690600289222],[-49.47393578051118,69.32737422114657],[-49.47410520615455,69.32813228770173],[-49.47596455646043,69.32922475337342],[-49.47926894814398,69.32951455253917],[-49.48261309688576,69.32999617438712],[-49.48591750507196,69.33028600256976],[-49.489221457840394,69.33057583028207],[-49.49248558566697,69.33067398520019],[-49.49595479728216,69.3317218664349],[-49.49938838054626,69.33258244817763],[-49.502817450110165,69.33343859409314],[-49.50603672451317,69.33334939964325],[-49.50760642972025,69.33311756601316],[-49.50788725104812,69.33196261816998],[-49.50924283223722,69.33078095221998],[-49.50952832065571,69.3296304770108]]],"type":"Polygon"},"id":"00000000000000000087","properties":{"area":745835.8336069656,"elevation":716.043934731577,"region":"CW","year":2018},"type":"Feature"},{"geometry":{"coordinates":[[[-49.90887651324114,70.43381982738218],[-49.9086802128843,70.43306183174279],[-49.905755123952446,70.43276306085768],[-49.90278081100787,70.43227699824766],[-49.900047608179875,70.43273631854584],[-49.89722045265598,70.43281656726484],[-49.89434424382473,70.43270957790213],[-49.891561783622066,70.4329771041073],[-49.88877928393548,70.4332491501516],[-49.8860503644622,70.4337083555066],[-49.885675821724405,70.43448431274535],[-49.88478850202986,70.4354652899774],[-49.88446284296877,70.43642843228443],[-49.88470362054485,70.43737822155602],[-49.88664328201938,70.43827898939072],[-49.88858308444013,70.43917527928434],[-49.890522845880895,70.44007594603276],[-49.89236898902494,70.44059768107554],[-49.895441201246534,70.44146281675667],[-49.89841542368987,70.44195328619274],[-49.90143871014066,70.44262660993186],[-49.90119793674865,70.44168127151421],[-49.89982451606578,70.44076720028364],[-49.900145616788265,70.43979951824952],[-49.901599299956395,70.43880513532889],[-49.90192482358378,70.43783753864435],[-49.9033783060822,70.43684313852677],[-49.904832221837566,70.4358443109715],[-49.906290146604654,70.43484990597082],[-49.90887651324114,70.43381982738218]]],"type":"Polygon"},"id":"00000000000000000141","properties":{"area":609386.7150709105,"elevation":902.359147593853,"region":"CW","year":2018},"type":"Feature"},{"geometry":{"coordinates":[[[-48.976728062897344,70.02104983002653],[-48.97668805102382,70.02085804144754],[-48.976094984864886,70.020684144423],[-48.97550190199677,70.02050573955322],[-48.97490884784044,70.0203274503846],[-48.974315807452086,70.02015354633734],[-48.973722750699984,70.01997513444783],[-48.97312972745553,70.01980122571867],[-48.972536514650464,70.01962287315457],[-48.97194350396783,70.01944457228616],[-48.97135050649284,70.01927065653429],[-48.97075749322969,70.01909223294521],[-48.970164339469356,70.01891837651442],[-48.96957134357943,70.01873994824523],[-48.96901849440323,70.01875336176175],[-48.968465450953545,70.0187667191521],[-48.96790817844692,70.01878012995303],[-48.96735513318033,70.01879348315414],[-48.966802280370786,70.01880688831176],[-48.966284904556275,70.01900757808981],[-48.965767716498064,70.01921270754276],[-48.96580778635595,70.0193999290253],[-48.966400945936535,70.0195783085629],[-48.96699392089112,70.01975663171702],[-48.967586900814865,70.0199305650762],[-48.96818008651224,70.02010893759261],[-48.96821558205378,70.02029622409042],[-48.96825589070393,70.02048800468683],[-48.968849071412656,70.02066186914607],[-48.969441917869304,70.02084024672632],[-48.97003513989871,70.02101861200542],[-48.97058804130849,70.0210051948158],[-48.971145383678035,70.02099189203066],[-48.971698283268815,70.02097847065359],[-48.97225118195091,70.02096504719118],[-48.97280869502232,70.02095167407724],[-48.97336141844864,70.02093831043312],[-48.97395447230428,70.02111221849427],[-48.97451198703922,70.02109883891599],[-48.97506490550581,70.0210855228955],[-48.975617828347325,70.02107659225454],[-48.97617514704742,70.02106315231968],[-48.976728062897344,70.02104983002653]]],"type":"Polygon"},"id":"000000000000000000d8","properties":{"area":57455.16912690968,"elevation":1318.4622436969578,"region":"CW","year":2018},"type":"Feature"},{"geometry":{"coordinates":[[[-48.816428029102056,68.62100357562986],[-48.81500550808287,68.61893894975628],[-48.807964490689365,68.61758342062015],[-48.80106195175166,68.61699036786446],[-48.794123527965695,68.61620109064904],[-48.78732786813818,68.61617884227867],[-48.78063027107957,68.61671839497525],[-48.77390148797399,68.61707058621055],[-48.767306451599346,68.61818538606167],[-48.76061330689476,68.61872493608153],[-48.75405409645532,68.62002697566244],[-48.75120012287682,68.62162335844872],[-48.748002920390704,68.62417844538031],[-48.74636217350118,68.62669779597793],[-48.749171363708975,68.62777242909718],[-48.75590453548173,68.6274201795187],[-48.76243265904171,68.6259308197291],[-48.76125544453528,68.62519509156292],[-48.75668053852078,68.62301458390911],[-48.76202680159969,68.62078952236381],[-48.76855494545494,68.61930018107275],[-48.77514552512573,68.61818538953315],[-48.781843099668706,68.61764582353274],[-48.789053508589795,68.61995119815107],[-48.79606328571654,68.62111504578651],[-48.80289470623322,68.62132907051694],[-48.8096947422013,68.62135585462262],[-48.816428029102056,68.62100357562986]]],"type":"Polygon"},"id":"00000000000000000212","properties":{"area":1112492.5492252258,"elevation":1268.7223199407526,"region":"CW","year":2018},"type":"Feature"},{"geometry":{"coordinates":[[[-47.99807147097376,68.93294892324214],[-47.99559658471519,68.93051872058331],[-47.99470489412429,68.92805279576233],[-47.98911738373079,68.92606403593871],[-47.98205443399678,68.92486007679388],[-47.97528997505749,68.92574742873006],[-47.968721504127686,68.92796805285664],[-47.96426702371366,68.9301530003749],[-47.96039200076078,68.93270367411158],[-47.958630706492464,68.93521407799722],[-47.9589873431641,68.93768889010234],[-47.96093163071961,68.94013246149437],[-47.96551554069277,68.94252702071759],[-47.971026902110985,68.9439494549619],[-47.977960834815164,68.94419920919513],[-47.9838869028864,68.94485469187964],[-47.990794196862154,68.94491264796393],[-47.98956801491199,68.94379343622512],[-47.9825269286817,68.94278120032557],[-47.97551279679672,68.94195623593087],[-47.97303798337583,68.93952603845565],[-47.97215507992504,68.93706020334756],[-47.97285516558747,68.93456757487422],[-47.978843786043996,68.93197676641903],[-47.985550246652245,68.93070598124746],[-47.99250641772443,68.9311474200249],[-47.99807147097376,68.93294892324214]]],"type":"Polygon"},"id":"0000000000000000020a","properties":{"area":1539565.3157587198,"elevation":1438.0246401820953,"region":"CW","year":2018},"type":"Feature"},{"geometry":{"coordinates":[[[-49.98930981527297,70.26340197590521],[-49.98809249790668,70.26305860285468],[-49.98687072642607,70.26271079851828],[-49.98677249354939,70.26233175411313],[-49.985653280586234,70.26236301766461],[-49.98443140761732,70.26201959447985],[-49.98321422940646,70.26167184681594],[-49.98204141480692,70.26151579233897],[-49.98087307695977,70.2613596969218],[-49.97974945780575,70.26139540137284],[-49.97858111401599,70.26123483456314],[-49.97755557066045,70.26164957133277],[-49.97638725038106,70.26149344072117],[-49.97531271945296,70.2617164363179],[-49.9742915317789,70.26212666526986],[-49.97316783354387,70.26215786628302],[-49.97326584433278,70.26253691868276],[-49.97336403083795,70.26291590592635],[-49.9740240233474,70.26328155208763],[-49.97519222398719,70.26343764903665],[-49.97636490179566,70.26359370525562],[-49.977533303235916,70.26374971876326],[-49.97870603494366,70.26390587459427],[-49.97992327047545,70.26425365987826],[-49.98104702767968,70.26421795463995],[-49.98216634223011,70.26418672616614],[-49.983338923769224,70.26434279296872],[-49.98445823837073,70.26431154723754],[-49.98563103626894,70.26446764877586],[-49.98679918786515,70.26462372035718],[-49.98792296905936,70.2645880810595],[-49.98904211132002,70.26455686602175],[-49.98894420382037,70.2641778099506],[-49.98884612756176,70.2637988191256],[-49.98930981527297,70.26340197590521]]],"type":"Polygon"},"id":"00000000000000000134","properties":{"area":144316.5271771196,"elevation":819.9391134321708,"region":"CW","year":2018},"type":"Feature"},{"geometry":{"coordinates":[[[-50.22707349085046,71.4786274198706],[-50.22696636583619,71.4782438788998],[-50.22685062062193,71.47803878891607],[-50.22696648337703,71.47778461903798],[-50.22626174988954,71.47742342920512],[-50.22561078085083,71.47725400077869],[-50.22442026906682,71.4772896799478],[-50.22350615031542,71.47750369731146],[-50.22251633620951,71.4774189338215],[-50.221432741321166,71.4778336799362],[-50.220349284956946,71.47824835292504],[-50.21948848316177,71.47857835312799],[-50.218797335179865,71.4785961802894],[-50.218850935758546,71.4787834925998],[-50.21895780730248,71.4791624663491],[-50.21883303605595,71.47924720023575],[-50.21833367522768,71.47961288555415],[-50.21798583285238,71.47995617598593],[-50.219122862587916,71.48025494211406],[-50.219212102822816,71.48057596726845],[-50.22040713013866,71.48054030329192],[-50.221655478250696,71.48069640871796],[-50.22284618493915,71.48066075123782],[-50.223559712100744,71.48055819286562],[-50.223934418878876,71.4802460238237],[-50.225017900352455,71.47983132669843],[-50.22610133945328,71.47941662189756],[-50.22598981374112,71.47903762511002],[-50.22707349085046,71.4786274198706]]],"type":"Polygon"},"id":"00000000000000000185","properties":{"area":81206.46746140065,"elevation":1471.9852262234524,"region":"CW","year":2018},"type":"Feature"},{"geometry":{"coordinates":[[[-50.34827629700525,68.33050204883465],[-50.347669946277364,68.3301408264634],[-50.34654604722811,68.32979751144212],[-50.345476024994255,68.32964590012516],[-50.3444012988026,68.3294898445241],[-50.34333111655453,68.32933816456047],[-50.34226089811916,68.32918215220765],[-50.34128448059476,68.32940506889628],[-50.340307958402356,68.32963248576282],[-50.33933134587032,68.32985545400548],[-50.33825655329724,68.32970385715946],[-50.33718650182035,68.3295477393951],[-50.33728025863099,68.32992679716507],[-50.33737832020045,68.33030586324826],[-50.33798469480888,68.33066706532145],[-50.339010256158765,68.33063133362006],[-50.34008044871932,68.33078293055141],[-50.34110610572185,68.3307517422785],[-50.34217631302139,68.33090332287586],[-50.343299867702996,68.33124668819679],[-50.344321160777916,68.33121102623632],[-50.34544475516958,68.3315543743158],[-50.346421212793416,68.33133142699923],[-50.34744250078444,68.33129574163044],[-50.34734877045955,68.33091674096337],[-50.34827629700525,68.33050204883465]]],"type":"Polygon"},"id":"00000000000000000285","properties":{"area":69959.45747282822,"elevation":560.4777400781411,"region":"CW","year":2018},"type":"Feature"},{"geometry":{"coordinates":[[[-49.55823957540343,70.22232468854945],[-49.558105713479044,70.2217584153734],[-49.55741467329113,70.22120099641828],[-49.55568896388777,70.22105835178611],[-49.553963272660155,70.22091568715592],[-49.5522820581812,70.22096024184123],[-49.550650072170036,70.22119655790826],[-49.549013651279736,70.22142842174884],[-49.547466314344994,70.22204376143699],[-49.54583421854909,70.22228014213518],[-49.54428699188016,70.22289104874427],[-49.54433170175171,70.22308273204622],[-49.54334613362353,70.22368023446337],[-49.54179888224477,70.22429562130499],[-49.54137071878707,70.22487979789166],[-49.54094270742752,70.22546390869428],[-49.54107637413608,70.22603025045377],[-49.541772046332646,70.2265831453998],[-49.5424632337125,70.2271405089972],[-49.544278097558774,70.22766224724883],[-49.545914503785276,70.227425941772],[-49.54759562035619,70.22738130112435],[-49.549142876201586,70.22677042372838],[-49.550775073492986,70.22653407170664],[-49.55232224261613,70.2259187079247],[-49.55386952420692,70.22530338120578],[-49.555417034429645,70.22469247983305],[-49.55640240154256,70.22409056072568],[-49.55738783367731,70.22349302338655],[-49.5578157590729,70.22290885268522],[-49.55823957540343,70.22232468854945]]],"type":"Polygon"},"id":"0000000000000000012f","properties":{"area":303562.35026914254,"elevation":1172.2134004243426,"region":"CW","year":2018},"type":"Feature"},{"geometry":{"coordinates":[[[-48.642736975040656,69.86743826068],[-48.641590910736355,69.86691205430347],[-48.64095337571001,69.86643939772141],[-48.639196529431885,69.86590431581106],[-48.63743952871229,69.86537366342328],[-48.63678416917244,69.86481628521794],[-48.63502716810259,69.86428116366888],[-48.63492471352857,69.86371491048143],[-48.63422028125906,69.86332248346154],[-48.63368060059139,69.86297908388426],[-48.63354675522241,69.86268039668816],[-48.63251227083773,69.86262238084782],[-48.6313753344304,69.86291671990433],[-48.63141094441906,69.86310841693366],[-48.63158465786614,69.86359448883051],[-48.631553701073294,69.86386648665743],[-48.631691749230534,69.8641652481445],[-48.6317944522389,69.86473599912536],[-48.632900338005975,69.86517302805092],[-48.63303405823321,69.86546727552323],[-48.63414435355709,69.86590880868428],[-48.63535273876907,69.86645726921932],[-48.636034898753515,69.86673369173772],[-48.63778734592809,69.86726880377395],[-48.63954430458773,69.86779939894213],[-48.640632391864415,69.86805804083427],[-48.64194789922962,69.86775038170148],[-48.642736975040656,69.86743826068]]],"type":"Polygon"},"id":"000000000000000000b3","properties":{"area":92853.01638806706,"elevation":1471.2939140579433,"region":"CW","year":2018},"type":"Feature"},{"geometry":{"coordinates":[[[-47.67104545170564,68.75347896058567],[-47.66844578342015,68.75371086240123],[-47.66442353794306,68.75511546369361],[-47.660205279837214,68.75499504850096],[-47.656058394523576,68.75544543526688],[-47.65169295453386,68.75418352266271],[-47.649400906418826,68.7526985947396],[-47.64973086630812,68.75116912520832],[-47.649013042747306,68.7496575606062],[-47.64882115213193,68.7481369818039],[-47.64760394681938,68.7468215800297],[-47.643456965221276,68.747271903569],[-47.642507209627716,68.74805225143558],[-47.641650963586585,68.7495906834687],[-47.64132087495171,68.75112012134052],[-47.64203897829097,68.75263171558255],[-47.64327844013973,68.7541344659415],[-47.645044363070284,68.75563275452492],[-47.647336419026885,68.75711764480432],[-47.65068071709818,68.75858464087094],[-47.655019338990314,68.75965486067952],[-47.65931344096024,68.76034600551787],[-47.66133801649551,68.75973958577563],[-47.665337697670154,68.75814768279974],[-47.66881573919366,68.75656466612078],[-47.67071554654959,68.75500845525633],[-47.67104545170564,68.75347896058567]]],"type":"Polygon"},"id":"000000000000000001c9","properties":{"area":695479.3125242667,"elevation":1556.6372253956563,"region":"CW","year":2018},"type":"Feature"},{"geometry":{"coordinates":[[[-48.52617611325202,68.73744402506252],[-48.52391994310046,68.73653887179046],[-48.5201607544651,68.73605280734829],[-48.516401783647304,68.73556226231388],[-48.5126741014318,68.73526354234765],[-48.50891044750096,68.73477753475431],[-48.5053744197296,68.73562023636414],[-48.50183824588105,68.73645858665151],[-48.49827109114111,68.73710964157668],[-48.497414844470235,68.73827344829463],[-48.49659443030904,68.73962905948943],[-48.495769620559514,68.7409801050763],[-48.49547075259759,68.74232226562484],[-48.49569371559186,68.74365553271029],[-48.4953949023493,68.74499332023323],[-48.494570135957225,68.74634886005053],[-48.49636701715605,68.74764205336776],[-48.49960431783465,68.74814588739055],[-48.50330531653081,68.74825291422628],[-48.50693953213901,68.74798094422636],[-48.50942781990107,68.74716492730309],[-48.51077446973127,68.74579594434528],[-48.51316891207771,68.7444091588411],[-48.515559072178405,68.74302237773806],[-48.51795359119383,68.7416311811202],[-48.52034794093753,68.74024437982602],[-48.52273819161341,68.73885763764095],[-48.52617611325202,68.73744402506252]]],"type":"Polygon"},"id":"00000000000000000213","properties":{"area":1188396.2743263396,"elevation":1331.0101368778414,"region":"CW","year":2018},"type":"Feature"},{"geometry":{"coordinates":[[[-50.25492942059862,71.07812877219357],[-50.25232540880825,71.0772547391382],[-50.2491371544536,71.07639421351413],[-50.24595337809862,71.07553359723225],[-50.24334917881846,71.07465510520655],[-50.24074944786679,71.07377666227262],[-50.238729600233135,71.07288036931519],[-50.23670943632055,71.07198858373306],[-50.23368633318709,71.07169425401793],[-50.23066302763671,71.07140445106762],[-50.2275817882581,71.07092287576491],[-50.22455838762703,71.07062856513116],[-50.22153534325884,71.07033870273538],[-50.21845850878663,71.06985710517743],[-50.21532817274889,71.06918382203862],[-50.2155378006938,71.06994186975959],[-50.218141840974845,71.07082029955252],[-50.22132555376332,71.07168089187904],[-50.224402517447146,71.07216249913033],[-50.227586289960044,71.07302309526254],[-50.230774567683405,71.0738837192303],[-50.23395845893284,71.07474431712372],[-50.23655802857159,71.07562275557328],[-50.23916224434878,71.07650117781881],[-50.242350341390605,71.07736184196713],[-50.24548067590803,71.07803066841223],[-50.2486154580961,71.07869952417832],[-50.2514291526038,71.07823578575194],[-50.25455931997973,71.07890462662257],[-50.25492942059862,71.07812877219357]]],"type":"Polygon"},"id":"00000000000000000174","properties":{"area":356202.10427630326,"elevation":1421.97128776516,"region":"CW","year":2018},"type":"Feature"},{"geometry":{"coordinates":[[[-48.25413976059075,68.885758242128],[-48.25248534344756,68.8819768962522],[-48.24819586427482,68.8782491166406],[-48.239870537561785,68.87574755460702],[-48.228968142403716,68.87368298800064],[-48.21795408925052,68.870855893678],[-48.206971483570925,68.86821613685258],[-48.19637209955618,68.86804665731532],[-48.195903803490054,68.87187258638748],[-48.19702310895534,68.87566276839607],[-48.199720843158545,68.8794263256264],[-48.20452785484762,68.88314070753403],[-48.21144822565963,68.88681946481981],[-48.22138767838438,68.88947715868076],[-48.22478097097367,68.88750173162279],[-48.21370020109806,68.88429121782491],[-48.2078365030892,68.8805945895517],[-48.20566482880156,68.8768266358277],[-48.21043166034263,68.87348679741211],[-48.221271828842234,68.8751722939991],[-48.23222763117467,68.87762034712988],[-48.243313110274606,68.8808308758929],[-48.24918125390513,68.88452308704913],[-48.246086617827174,68.88840243305204],[-48.25098710140928,68.88925411755187],[-48.25413976059075,68.885758242128]]],"type":"Polygon"},"id":"00000000000000000040","properties":{"area":1860555.767693177,"elevation":1388.3880340499004,"region":"CW","year":2018},"type":"Feature"},{"geometry":{"coordinates":[[[-49.93238031287478,68.32772402361796],[-49.93037384083888,68.32797821849063],[-49.92828243433156,68.32785333811651],[-49.92623125173463,68.32792025055255],[-49.92426934635765,68.32836169476124],[-49.922177944577385,68.32824127951683],[-49.920216116913174,68.32868271779023],[-49.918343264493394,68.3295076428461],[-49.918427831190456,68.32988664277951],[-49.91758056084963,68.33067594493546],[-49.91570781654272,68.33149638244309],[-49.91486058689176,68.33229016383655],[-49.9145217152553,68.33306151881999],[-49.91470008056451,68.33381966479698],[-49.91589965523376,68.33454642237326],[-49.91701423056633,68.33488980161255],[-49.91906565589191,68.33482736597834],[-49.92115688684188,68.33495218189215],[-49.92303418099762,68.33412729591457],[-49.92388122782956,68.33333801863441],[-49.92575418834152,68.33251312859137],[-49.92762702383368,68.3316926551386],[-49.92949989457501,68.33086765040119],[-49.93035145667726,68.33007839815029],[-49.93068584288995,68.32930253167798],[-49.93204599746817,68.32849545051013],[-49.93238031287478,68.32772402361796]]],"type":"Polygon"},"id":"00000000000000000249","properties":{"area":347053.7792279907,"elevation":830.2648588913563,"region":"CW","year":2018},"type":"Feature"},{"geometry":{"coordinates":[[[-49.11722998114032,69.88403945929919],[-49.11667271079342,69.88364262083945],[-49.11648082441093,69.88310307492331],[-49.1147061252685,69.88257240083351],[-49.113007157184,69.88242527832288],[-49.11200390688411,69.88248772968359],[-49.1104299386656,69.88291131055631],[-49.10930602614773,69.88327695381821],[-49.10830734361808,69.88334381467149],[-49.10717463368497,69.88371395802749],[-49.106051005299484,69.88415985071298],[-49.104650904748894,69.88438728005043],[-49.10350929246593,69.88475740623578],[-49.102604065577935,69.88519881673878],[-49.102684276558925,69.88557787435239],[-49.10264419099115,69.88592564331103],[-49.102292059927414,69.88634928960448],[-49.103353224914514,69.88667033479298],[-49.10508772920239,69.88700922331104],[-49.106706565227924,69.88678183475126],[-49.107839157462166,69.88640274863457],[-49.10948899777391,69.8863626530478],[-49.111143226036724,69.8863225329168],[-49.11214649964537,69.88626453903755],[-49.11216446521308,69.88591679631593],[-49.113698333201796,69.88530589565354],[-49.115232292228654,69.8846949147477],[-49.1163515595659,69.88424901041594],[-49.11722998114032,69.88403945929919]]],"type":"Polygon"},"id":"000000000000000000e2","properties":{"area":166846.51941297392,"elevation":1238.6259712152366,"region":"CW","year":2018},"type":"Feature"},{"geometry":{"coordinates":[[[-48.92043654942949,69.83453899267576],[-48.92028482484423,69.83398600891795],[-48.91852345536047,69.83345546153983],[-48.916797813121505,69.83293821544201],[-48.916137864508286,69.83239416734098],[-48.91547336945232,69.8318367844794],[-48.914809077929064,69.83127933506384],[-48.91473776484818,69.83106982177746],[-48.9146975323583,69.83070860950306],[-48.91458616482515,69.83013782026458],[-48.914470064995704,69.82957154577231],[-48.91435870916682,69.82900075703391],[-48.9142874002474,69.82879563069608],[-48.91315029142582,69.82863067869413],[-48.91157639352857,69.8290498259862],[-48.91004244515145,69.82965625651484],[-48.910077886232166,69.82984800725558],[-48.91074237247966,69.83040534912412],[-48.91085382943536,69.83097169054328],[-48.91095654409253,69.83136855980192],[-48.9115896507906,69.83190813474877],[-48.91224511284757,69.83228273040729],[-48.912838230048415,69.8326393869041],[-48.91295413624314,69.83320572824705],[-48.913573836873475,69.83341086505892],[-48.91533985114765,69.83394146213296],[-48.91596415550443,69.83430710643168],[-48.91768948789763,69.8346460089872],[-48.91934401548632,69.83461033746183],[-48.92043654942949,69.83453899267576]]],"type":"Polygon"},"id":"000000000000000000ba","properties":{"area":102615.21935858301,"elevation":1350.8758630407217,"region":"CW","year":2018},"type":"Feature"},{"geometry":{"coordinates":[[[-49.99143682043595,69.46151290758577],[-49.99129865847032,69.46094211428554],[-49.99007680330495,69.46040703485342],[-49.98831541189675,69.45988980472065],[-49.98925633945435,69.45928780593012],[-49.988574009861104,69.45873491778751],[-49.988431449055234,69.45816855419628],[-49.989367637600616,69.45756660082652],[-49.9892295508129,69.45699580869845],[-49.98854730818326,69.45644737244037],[-49.98688391506523,69.45630466197046],[-49.985122531803,69.4557874093992],[-49.98345490359881,69.45564914210125],[-49.98174271795744,69.45531919584982],[-49.9802176711968,69.45574731094067],[-49.97859893300728,69.45579628260376],[-49.97864799320015,69.45598363128387],[-49.97933037975587,69.45653655094762],[-49.98000793623409,69.4570894601044],[-49.98176948300133,69.4576067112518],[-49.98353076323588,69.45812840403315],[-49.98474821780909,69.45866350397336],[-49.9838117008125,69.4592654924267],[-49.983410419232165,69.45984966886743],[-49.98409266703309,69.46040258202271],[-49.98477492749749,69.46095104231344],[-49.986536156708496,69.461472714217],[-49.98716938593694,69.46183393429445],[-49.988881577800335,69.46216389843967],[-49.990500345648655,69.46211482439747],[-49.99143682043595,69.46151290758577]]],"type":"Polygon"},"id":"000000000000000000ca","properties":{"area":175891.81450700207,"elevation":599.4373983078423,"region":"CW","year":2018},"type":"Feature"},{"geometry":{"coordinates":[[[-47.83742791123124,68.99445329019649],[-47.829847414318074,68.99344106880146],[-47.82205738068443,68.99090829518495],[-47.82063039941496,68.98826405909249],[-47.82026472493664,68.98560193903474],[-47.81936836645825,68.98294434230542],[-47.82218225203656,68.98022426034902],[-47.82234705623445,68.97755328559967],[-47.82251202379276,68.97487782442701],[-47.82108524247842,68.97223356318723],[-47.819132149318236,68.96959828731715],[-47.81770515772948,68.96695397583584],[-47.818400977483705,68.96426962656413],[-47.81212237176712,68.96495186837728],[-47.81195755825324,68.96762730351985],[-47.813379914003065,68.97027157980811],[-47.81586374043059,68.97289799045438],[-47.818351799634286,68.97552435441096],[-47.81924356102611,68.97817757294874],[-47.81802183903203,68.98087088777034],[-47.816264978703664,68.98357304422896],[-47.81503862018452,68.98626637869802],[-47.814873693102165,68.98893736772165],[-47.8193774679296,68.99076556233311],[-47.823934589811934,68.99297286946187],[-47.83162201273248,68.99474759862967],[-47.83742791123124,68.99445329019649]]],"type":"Polygon"},"id":"00000000000000000209","properties":{"area":663471.7176019328,"elevation":1476.198408319541,"region":"CW","year":2018},"type":"Feature"},{"geometry":{"coordinates":[[[-49.915052329121295,70.89724087539362],[-49.913268858337126,70.89710262742818],[-49.91143159838769,70.8967726890755],[-49.909696809097206,70.89682172157173],[-49.90786420691457,70.8964917116483],[-49.90602726931165,70.89616176189531],[-49.904145437262166,70.895640072703],[-49.9022592933166,70.89512277895821],[-49.900377452360694,70.89460110934355],[-49.899650426410616,70.89404815608333],[-49.89781782635819,70.89371815779674],[-49.89791602867359,70.89409722677067],[-49.898063130260184,70.8946679455038],[-49.89878993604115,70.89522085337912],[-49.898941668344335,70.89578720623302],[-49.90024366601564,70.89632232287089],[-49.90097057928406,70.896875220913],[-49.90285664231595,70.89739247820928],[-49.90358347658773,70.89794542940903],[-49.905317971564976,70.89789636080468],[-49.90705265873417,70.8978473253957],[-49.90884094593742,70.89799000601289],[-49.91057524572262,70.89794094297886],[-49.91226090730974,70.8977046566107],[-49.91394648684088,70.89746377918868],[-49.915052329121295,70.89724087539362]]],"type":"Polygon"},"id":"0000000000000000016e","properties":{"area":104023.62337279043,"elevation":1356.4348465226976,"region":"CW","year":2018},"type":"Feature"},{"geometry":{"coordinates":[[[-48.80252452265916,69.63317932733753],[-48.80132490455023,69.63263536729869],[-48.800923640853966,69.63340676908062],[-48.79943427580697,69.63420495062556],[-48.797396400102265,69.6350164951082],[-48.79536312594433,69.63582361934408],[-48.79328971398535,69.63644340012712],[-48.79114479033566,69.63668420521445],[-48.78892427375792,69.63654596396874],[-48.786601051181385,69.63583699201207],[-48.784273249998776,69.63512798931852],[-48.782057117189936,69.63498532507893],[-48.781111836206854,69.6357700918119],[-48.780710400932826,69.63654598607579],[-48.78030914448076,69.63731743039031],[-48.78100029909391,69.6380620735527],[-48.78219973371643,69.63860608748068],[-48.784380293760236,69.6385570611807],[-48.78656084071449,69.63850800186347],[-48.78867002052133,69.63807545818224],[-48.79081490814816,69.63783463580728],[-48.79299538250805,69.63778559693138],[-48.79514021126832,69.63754482804838],[-48.79724931444737,69.63711671641953],[-48.79874328480159,69.63631855906675],[-48.80023244209956,69.63552039281333],[-48.80117781121961,69.63473559767428],[-48.802123118356036,69.63395079682755],[-48.80252452265916,69.63317932733753]]],"type":"Polygon"},"id":"00000000000000000082","properties":{"area":197707.85351558222,"elevation":1379.3285125858135,"region":"CW","year":2018},"type":"Feature"},{"geometry":{"coordinates":[[[-49.574140784870885,69.71774173470871],[-49.5740960051494,69.71754999778733],[-49.57405608665497,69.7173627337807],[-49.57401130844136,69.71717099691591],[-49.57346292122803,69.71718883078267],[-49.572918951708004,69.71720219158605],[-49.57232579792325,69.71702828400733],[-49.57173720717573,69.716854407426],[-49.57114407004881,69.7166804951386],[-49.570595746970376,69.71669386709004],[-49.57005178550069,69.71670721714993],[-49.56950323417494,69.7167251007409],[-49.568954716075154,69.71673841324154],[-49.56841071726008,69.71675632613452],[-49.56786219720091,69.71676963448981],[-49.567318253490576,69.71678309219458],[-49.5668144509858,69.71698813519386],[-49.56631047005694,69.717193241149],[-49.56576190258019,69.7172111105128],[-49.56521356116965,69.71722446201993],[-49.56471411550204,69.71742959595862],[-49.56475426497418,69.71762130186812],[-49.564798858224606,69.7178086550082],[-49.564843564066734,69.7180003945555],[-49.56488796670864,69.71818769451637],[-49.56493267409273,69.71837943411906],[-49.5649728849038,69.71856668909278],[-49.56501723209889,69.71875844021778],[-49.56561055019741,69.71893231332517],[-49.56619898237936,69.71910627993049],[-49.566747535536,69.71909286013563],[-49.56729142032574,69.71907501837129],[-49.567839971517095,69.71906159443157],[-49.56838854436567,69.71904828634146],[-49.568932425970196,69.719030438403],[-49.569436421209886,69.71882532298432],[-49.56998479465878,69.71881195559565],[-49.57053333672146,69.7187985214222],[-49.57107740194045,69.71878071862487],[-49.57162577249489,69.71876734501224],[-49.5721297376158,69.71856222015698],[-49.57263352431555,69.71835715826408],[-49.57313727952219,69.71815197669736],[-49.57363685524446,69.71794686652747],[-49.574140784870885,69.71774173470871]]],"type":"Polygon"},"id":"000000000000000000d1","properties":{"area":73174.63084137165,"elevation":1031.9637165140728,"region":"CW","year":2018},"type":"Feature"},{"geometry":{"coordinates":[[[-49.462319968213556,70.26819993589542],[-49.46167321844704,70.26783426382005],[-49.46158394694675,70.26745526350135],[-49.46042019493669,70.26729473486347],[-49.459296667408566,70.26732596720703],[-49.458128272012566,70.26716538337304],[-49.456964380717935,70.26700489241865],[-49.455796211522525,70.26684434381089],[-49.45463234987222,70.26668383473606],[-49.45350866376831,70.26671508794774],[-49.45242947237624,70.26693358198402],[-49.451305942555805,70.26696475389747],[-49.45022671645548,70.26718323183704],[-49.44919233631731,70.26758905902786],[-49.44815764516796,70.26799927852908],[-49.448242430222486,70.26837835537677],[-49.44776963633122,70.26877516094754],[-49.44898270372856,70.26912301241923],[-49.450190946202056,70.26947076314693],[-49.450275770660056,70.26984983932199],[-49.450364791793014,70.27023329930303],[-49.451444037803995,70.27001031407471],[-49.45247850532626,70.26960458886617],[-49.453602334026066,70.26957334393374],[-49.45477043243661,70.26973385711229],[-49.45597880965941,70.27008167934325],[-49.45714714404417,70.27024222746061],[-49.458266449378016,70.27021541633219],[-49.45930553824487,70.26980522747871],[-49.46033992596204,70.26939499401394],[-49.4613745716597,70.2689891951303],[-49.46128529985205,70.26861019436619],[-49.462319968213556,70.26819993589542]]],"type":"Polygon"},"id":"00000000000000000131","properties":{"area":149745.36205530362,"elevation":1234.4675702763323,"region":"CW","year":2018},"type":"Feature"},{"geometry":{"coordinates":[[[-50.276141415465105,70.66259848022061],[-50.27483939231748,70.66206786946485],[-50.27377372694988,70.66172004095988],[-50.271896343586526,70.66120285740948],[-50.27104473298516,70.66084608691686],[-50.27260082160189,70.66022625036382],[-50.274152660344555,70.65960642461094],[-50.27570897807836,70.6589866603197],[-50.27469675853405,70.65882608322585],[-50.27459412703482,70.6584426585211],[-50.27325188416543,70.65848721314609],[-50.27207465828274,70.6583356126434],[-50.270362526579106,70.65838912063312],[-50.268699106350894,70.65862989560858],[-50.267040387863894,70.65887066453213],[-50.26543497943056,70.65930323482493],[-50.263878945710054,70.65992304940596],[-50.26346411917347,70.66050720845277],[-50.263054012414614,70.6610913788435],[-50.26316990629442,70.66152384679458],[-50.26290241437307,70.66205453208248],[-50.26341949899568,70.66241567701444],[-50.26368261678023,70.66279473781184],[-50.264293474936025,70.66296414447557],[-50.265506429545994,70.66312026877041],[-50.26733017430334,70.66345018005475],[-50.269046864386254,70.663396681065],[-50.27063906416899,70.66353045379543],[-50.27190515513431,70.66330751261998],[-50.273519438049185,70.66287492465693],[-50.27464312845739,70.6627768826055],[-50.276141415465105,70.66259848022061]]],"type":"Polygon"},"id":"00000000000000000164","properties":{"area":191512.29590209769,"elevation":957.8895320610974,"region":"CW","year":2018},"type":"Feature"},{"geometry":{"coordinates":[[[-48.72242122286062,69.65580482681108],[-48.72180577095726,69.65543474240437],[-48.72064212283817,69.65508246111118],[-48.71951835218685,69.65491299503667],[-48.71842581604795,69.65493978073866],[-48.71733327643829,69.65496655815748],[-48.716276515023296,69.65518052296612],[-48.715219752115324,69.6553945980485],[-48.71409161809865,69.65522958750167],[-48.713003628262506,69.65525188866228],[-48.71187534262469,69.65508692456173],[-48.71078297268507,69.65511370666803],[-48.709726158546744,69.65532774133021],[-48.70863380095521,69.65535000339823],[-48.70754576750841,69.65537676707993],[-48.706453232047885,69.6553990762954],[-48.70532497832509,69.65523406105326],[-48.70423241664771,69.65526085717764],[-48.704847801173564,69.65562644817217],[-48.70546772115152,69.65599660106761],[-48.70608297164322,69.65636225089297],[-48.7061543719098,69.65674126912847],[-48.707246969241396,69.65671896234645],[-48.708406139912654,69.6570712277873],[-48.70949874811219,69.65704890398337],[-48.710555468553494,69.65683493450905],[-48.71157660184632,69.65642907482295],[-48.71270477780205,69.65659410539386],[-48.713797184615636,69.65657181263852],[-48.71488980481691,69.65654506221264],[-48.71604904566949,69.65690177024454],[-48.71710605649245,69.65668774325951],[-48.718127084945095,69.65628195490866],[-48.71918387650653,69.6560679763821],[-48.720276462615054,69.65604118507183],[-48.72133303252842,69.65582713642145],[-48.72242122286062,69.65580482681108]]],"type":"Polygon"},"id":"00000000000000000085","properties":{"area":99535.67797685514,"elevation":1389.9107375271149,"region":"CW","year":2018},"type":"Feature"},{"geometry":{"coordinates":[[[-49.045701688391205,68.98689062092002],[-49.045665885654834,68.98669890302342],[-49.04563028021868,68.98651162087161],[-49.045590057813186,68.98631985370591],[-49.04555425691633,68.9861281359698],[-49.0455142324898,68.98594080459597],[-49.045478618149446,68.98574914080721],[-49.04544298511306,68.98555735919574],[-49.04487211026175,68.98538341709329],[-49.04430581876196,68.98520507628575],[-49.04373956549659,68.98503123298579],[-49.0437039471399,68.98483945121608],[-49.04366374278969,68.98464768409876],[-49.04313749075812,68.98466105207905],[-49.04260683659472,68.98467448648711],[-49.042076347611555,68.98468785484977],[-49.04154567247967,68.98470116735399],[-49.04101960240414,68.98471458121092],[-49.0405245188818,68.98491967216317],[-49.03999844308505,68.98493308216788],[-49.039467594477486,68.98494645080496],[-49.03897267803995,68.98515159013162],[-49.03848231059469,68.98535221360584],[-49.03795163669391,68.98536563031693],[-49.03742536340785,68.9853789767699],[-49.037461100140725,68.98557069610355],[-49.03749667143139,68.98576247951803],[-49.03753680100504,68.98594974887206],[-49.03757253957411,68.98614146836636],[-49.03708197463495,68.98634215117778],[-49.037117710355155,68.98653387090282],[-49.03715786763995,68.9867256403251],[-49.0371935947299,68.98691297831029],[-49.03776004431898,68.98709128432478],[-49.03832633577905,68.98726965215842],[-49.0388568841525,68.98725629816417],[-49.03938743168382,68.98724294215742],[-49.039953707909916,68.98741680377906],[-49.04048425774172,68.98740344362272],[-49.041010570984795,68.9873900857794],[-49.04157689112031,68.98756844066622],[-49.04210744251051,68.98755507436394],[-49.04263815910137,68.98754164201641],[-49.043204482694854,68.98771560856422],[-49.043735201583694,68.98770217206499],[-49.04422556992839,68.98750152941814],[-49.04472048669928,68.98729637072826],[-49.0452109933521,68.9870912788169],[-49.045701688391205,68.98689062092002]]],"type":"Polygon"},"id":"0000000000000000029a","properties":{"area":88249.51171410557,"elevation":1035.6619082184047,"region":"CW","year":2018},"type":"Feature"},{"geometry":{"coordinates":[[[-50.380867743892146,70.41918954820927],[-50.37963271527861,70.41884623670975],[-50.378393204226775,70.41850284093604],[-50.37715787446182,70.41815952292343],[-50.37592275221048,70.41781612927963],[-50.375249231953894,70.41745497804067],[-50.37463409180133,70.41728107828264],[-50.373501439865194,70.4173167327909],[-50.372480336535396,70.41773141330847],[-50.37134785582635,70.41776710363528],[-50.37145470519779,70.41814613013328],[-50.37043352616619,70.41856079651716],[-50.369408018653274,70.41897555136886],[-50.368386763915986,70.41939020361876],[-50.36792764973412,70.41978704983511],[-50.36746834752105,70.42018396029775],[-50.366442511869344,70.42059864235445],[-50.36711599519943,70.42095983352695],[-50.366656828182144,70.42135667589527],[-50.366197473115214,70.42175358250793],[-50.3673791993329,70.42190962539985],[-50.36840470247097,70.42149495029028],[-50.36953285706548,70.42145920843734],[-50.37071900234133,70.42161084554516],[-50.371954061540336,70.42195423107626],[-50.37313582908513,70.42211022877959],[-50.37426834635148,70.42207459147666],[-50.37534312025731,70.4218472101256],[-50.37642209360893,70.42162424495488],[-50.37749682250008,70.4213968480016],[-50.378575751153775,70.42117386716903],[-50.378468768739,70.42079484462134],[-50.378361790128956,70.42041582208022],[-50.3793828971593,70.4200011009925],[-50.380408484356785,70.41958644710536],[-50.380867743892146,70.41918954820927]]],"type":"Polygon"},"id":"00000000000000000151","properties":{"area":177794.34225899182,"elevation":355.6457026002929,"region":"CW","year":2018},"type":"Feature"},{"geometry":{"coordinates":[[[-49.9937197165028,70.74216225376406],[-49.99294404943437,70.74142202482788],[-49.99217243708954,70.74068183823414],[-49.99139649475367,70.73994161452784],[-49.99062533061437,70.73919695391446],[-49.98870320080475,70.7384924304509],[-49.98625954292944,70.73798853871726],[-49.98391428059586,70.73786369356218],[-49.981617891082365,70.73793056269501],[-49.97937489918561,70.73818923472133],[-49.977283530623964,70.73900970926213],[-49.977479689415425,70.73976771706346],[-49.97653436482393,70.7405569599212],[-49.976735097310545,70.74131505559511],[-49.97750641523888,70.74205525340064],[-49.97885315958107,70.742782020665],[-49.98019978439744,70.74350438732009],[-49.980975672576676,70.7442446024944],[-49.982897525436265,70.74495363957303],[-49.98419516390801,70.7454886886286],[-49.98663884474463,70.74599264241762],[-49.98898417478597,70.74611301988242],[-49.98935881563612,70.74534157677986],[-49.98972884295324,70.74456571005088],[-49.99182461245806,70.74374076074587],[-49.993345274517026,70.74293370793308],[-49.9937197165028,70.74216225376406]]],"type":"Polygon"},"id":"0000000000000000015f","properties":{"area":402134.61329819664,"elevation":1275.2192368093292,"region":"CW","year":2018},"type":"Feature"},{"geometry":{"coordinates":[[[-48.66796215697058,69.80353039256761],[-48.666205144013084,69.80299976176202],[-48.666098274209254,69.80242904202242],[-48.666544078163476,69.80184485576486],[-48.66588872418768,69.80128743838617],[-48.665781680016885,69.8007166650284],[-48.66677605380279,69.80012361861775],[-48.666668994486265,69.79955284653258],[-48.66656651329385,69.79898213662746],[-48.665429328020835,69.79881711768245],[-48.66377956386253,69.79885279263644],[-48.66216536526529,69.79908019034497],[-48.66223673953634,69.79945922351341],[-48.661242239788386,69.80005674254004],[-48.66024791677184,69.80064980499868],[-48.660354828001935,69.80122058196285],[-48.65990910787141,69.80180029843359],[-48.66001601701911,69.80237107629998],[-48.660118722075204,69.80294178311702],[-48.660774163328284,69.80349916354744],[-48.66198251452048,69.80404765097853],[-48.6630794042025,69.80402090337807],[-48.664729338490595,69.80398518293755],[-48.66641476193662,69.80413686260655],[-48.66751616711422,69.80411452976261],[-48.66796215697058,69.80353039256761]]],"type":"Polygon"},"id":"0000000000000000009c","properties":{"area":129532.7316136929,"elevation":1451.8851847760036,"region":"CW","year":2018},"type":"Feature"},{"geometry":{"coordinates":[[[-49.979562167895224,69.97585680779322],[-49.978911092928854,69.97549560624883],[-49.97936595429354,69.97509879479108],[-49.978166459120494,69.97475538938136],[-49.97806847586482,69.9743764087349],[-49.977974708764116,69.97399734354484],[-49.97677068945124,69.97364957191844],[-49.97667714162153,69.9732705589443],[-49.9756202739583,69.9734934697339],[-49.97456358013753,69.97371642556924],[-49.973408595190705,69.97356040305132],[-49.97230273864819,69.9735916309048],[-49.972400820803,69.97397066745415],[-49.971393201089484,69.97438531226766],[-49.97038075130581,69.97479554174424],[-49.969373233763264,69.97520577282879],[-49.96836531490412,69.97561600943534],[-49.9689673147976,69.97578993122109],[-49.970068680019224,69.97575870789319],[-49.97122358566214,69.9759148225821],[-49.972423193971224,69.97625810188315],[-49.97352900540088,69.97622693878],[-49.97468395265977,69.97638302645836],[-49.97578973920549,69.97635172840253],[-49.976895524739625,69.9763160873451],[-49.97799708925715,69.9762848571891],[-49.979053690722964,69.97606194166448],[-49.979562167895224,69.97585680779322]]],"type":"Polygon"},"id":"00000000000000000108","properties":{"area":90932.98420877484,"elevation":364.74562436229496,"region":"CW","year":2018},"type":"Feature"},{"geometry":{"coordinates":[[[-50.556828395184965,70.38122480587175],[-50.55672148397223,70.38084574376877],[-50.55661009510629,70.38046673062217],[-50.55650302023589,70.38008773441092],[-50.556391439460356,70.37970866930466],[-50.55571823739398,70.3793474877768],[-50.554482866678384,70.37900414426468],[-50.55437152474372,70.37862513001154],[-50.55369815102334,70.3782684077162],[-50.55302483250175,70.37790716273622],[-50.55184325009864,70.37775560899088],[-50.551954545833034,70.37813462474774],[-50.552061770262064,70.37850915562022],[-50.55217327352121,70.37888822336919],[-50.551718406870776,70.37928955846535],[-50.55126355936087,70.37968637236817],[-50.55080852485958,70.38008325075674],[-50.550920187843765,70.38046225380958],[-50.55103168342522,70.38084132273325],[-50.55113867293636,70.38122032259618],[-50.55226677155493,70.38118018937234],[-50.55350203128615,70.38152349998654],[-50.554741465271036,70.38186688347712],[-50.55586978395245,70.38182677514531],[-50.55637808373571,70.38162158700052],[-50.556828395184965,70.38122480587175]]],"type":"Polygon"},"id":"00000000000000000157","properties":{"area":64693.61563111707,"elevation":41.307290799044885,"region":"CW","year":2018},"type":"Feature"},{"geometry":{"coordinates":[[[-49.625313299716254,70.22946820780759],[-49.62466222682812,70.22910702303402],[-49.62311933032065,70.2297223603481],[-49.621572261101946,70.23033769092959],[-49.62166566320877,70.23071671937667],[-49.62124217102691,70.23130087215083],[-49.620256726198015,70.23189835142537],[-49.62039046826712,70.23246914221917],[-49.6188476693908,70.23308008838468],[-49.61842406418964,70.2336642335378],[-49.61743859731538,70.23426620058504],[-49.61757233144016,70.23483254147403],[-49.61826802362694,70.23538989998379],[-49.61952530359996,70.23592498543215],[-49.62120655879225,70.23588034918646],[-49.622887631458276,70.23583575863857],[-49.62456856533508,70.23578676069876],[-49.624992419418966,70.2352025851608],[-49.62373486375428,70.23466749276442],[-49.62247740907392,70.23412793702865],[-49.62234360478511,70.23355714727249],[-49.622209786882806,70.23299092869141],[-49.62263345653815,70.23240670776993],[-49.623057128711636,70.23182260374766],[-49.62348058340175,70.23123844545219],[-49.62390421369247,70.23065433927594],[-49.6243279961018,70.23007016724108],[-49.625313299716254,70.22946820780759]]],"type":"Polygon"},"id":"00000000000000000114","properties":{"area":101790.65396508678,"elevation":1126.6255660545555,"region":"CW","year":2018},"type":"Feature"},{"geometry":{"coordinates":[[[-50.05068019945267,70.63226324250307],[-50.04936941181339,70.63047511088413],[-50.04502178554102,70.62927122967722],[-50.038952809307084,70.63020762651836],[-50.03273243564642,70.6305821435611],[-50.02769809369069,70.63111277043245],[-50.02112531692428,70.63159885552169],[-50.015778987748945,70.63099236418572],[-50.00822967646026,70.62919984984764],[-50.00502803770028,70.62795576092842],[-49.997068577868276,70.62609188592627],[-49.99014805868528,70.62381325988315],[-49.98361994713594,70.62339406851288],[-49.98150189897695,70.62367945535057],[-49.98204602239243,70.62576187507902],[-49.984337856405986,70.62750982927929],[-49.991276170191696,70.62979290748648],[-49.996667378782234,70.6305910917536],[-50.00389987375079,70.62961453143762],[-50.01081147281159,70.63026999773717],[-50.01379463278667,70.63219635916384],[-50.018654972294954,70.63385513541955],[-50.026132916198094,70.6352775997906],[-50.03272345910981,70.63623183958929],[-50.03994299844636,70.6360936008864],[-50.04654232152886,70.63620954665251],[-50.047804180515456,70.63445270520435],[-50.05068019945267,70.63226324250307]]],"type":"Polygon"},"id":"00000000000000000158","properties":{"area":1144444.2817151712,"elevation":1037.6303342918525,"region":"CW","year":2018},"type":"Feature"},{"geometry":{"coordinates":[[[-49.23449547226037,68.99134525712833],[-49.23426343485715,68.99020375240727],[-49.232595852310794,68.98986931024353],[-49.22918470759133,68.98881250426241],[-49.22612553854702,68.98946799557727],[-49.2229062025225,68.98936095957339],[-49.219771416320974,68.98963298795167],[-49.21659223160472,68.9897176895589],[-49.21345739231037,68.98999419397019],[-49.21039407859972,68.99064518273484],[-49.207219163187496,68.9907299509418],[-49.20533295523896,68.99192493972149],[-49.20238984584679,68.99315122362424],[-49.20156483886259,68.99431949762563],[-49.20285824606738,68.9954298000079],[-49.20464173112333,68.99633945009909],[-49.20785677305769,68.9964465338403],[-49.21111188818047,68.99674081358272],[-49.214331412294754,68.99684779325325],[-49.21727438808428,68.99562160387897],[-49.22037348211265,68.9951578123315],[-49.22351267931439,68.99488583572524],[-49.22543467314881,68.99387802952072],[-49.22837745797997,68.9926518238143],[-49.23139640092377,68.9918090288538],[-49.23449547226037,68.99134525712833]]],"type":"Polygon"},"id":"00000000000000000013","properties":{"area":693650.3071001256,"elevation":893.8525493705381,"region":"CW","year":2018},"type":"Feature"},{"geometry":{"coordinates":[[[-49.78581864211231,68.6835647086826],[-49.78573404026026,68.68318573368705],[-49.784601325203695,68.6828379158873],[-49.78503841674727,68.68244552009713],[-49.78442743299265,68.68207983441353],[-49.78334395756597,68.68192380234491],[-49.78225580679844,68.68176330359215],[-49.78121243744403,68.68179444879446],[-49.780169062701,68.68183014830385],[-49.77912988822095,68.68186136859218],[-49.77804210850695,68.68170082477288],[-49.77699856948811,68.68173200303318],[-49.77604436901238,68.68214678173328],[-49.77500080654139,68.68217794484397],[-49.77509013858305,68.6825569918384],[-49.775174762087815,68.68293602499799],[-49.774742214092846,68.68332840330908],[-49.775348729042825,68.68369410607487],[-49.77543788815613,68.68407310114746],[-49.77604424681,68.68443874866685],[-49.77717692930903,68.68478207521808],[-49.77826047408471,68.68494260135567],[-49.77934858297146,68.68509863569686],[-49.78043199078038,68.68525920991728],[-49.78143539543481,68.68503619585404],[-49.78243409181181,68.68481327842214],[-49.78347321879329,68.68478209853436],[-49.78443191325462,68.68437178951254],[-49.78538607084125,68.68396163084856],[-49.78581864211231,68.6835647086826]]],"type":"Polygon"},"id":"0000000000000000029b","properties":{"area":134889.15002932612,"elevation":857.6676997245179,"region":"CW","year":2018},"type":"Feature"},{"geometry":{"coordinates":[[[-49.4822697664541,69.95754325003733],[-49.481587550081045,69.95699040183129],[-49.47920658890104,69.95629473382033],[-49.47690998086487,69.95597371768744],[-49.47461360178254,69.95565260124945],[-49.472361589921924,69.9555233243443],[-49.470194707169966,69.95577300627347],[-49.46789827454623,69.9554519675182],[-49.46560172784919,69.95513095765025],[-49.46352386125467,69.95575964883666],[-49.46131212967486,69.95581763293175],[-49.459104713058316,69.95588001923353],[-49.457022285475986,69.95650429987619],[-49.45477048679443,69.9563750415757],[-49.45494446165861,69.95713309338777],[-49.45511384690833,69.95789110831319],[-49.45584074311326,69.9586358067028],[-49.457115879773646,69.95936260072882],[-49.459412357958655,69.95968363931348],[-49.461579521321475,69.95943394668058],[-49.46374663399758,69.95918422183546],[-49.46608787839594,69.95969257107308],[-49.46833963592478,69.95982635623744],[-49.47055124822167,69.95976389094542],[-49.47267375391166,69.95932690965871],[-49.47488120429553,69.95926895419566],[-49.47717738185974,69.95959002669707],[-49.47815403312968,69.95898805902641],[-49.48019195370358,69.95817200875034],[-49.4822697664541,69.95754325003733]]],"type":"Polygon"},"id":"000000000000000000f2","properties":{"area":401281.3780756487,"elevation":932.0265288747195,"region":"CW","year":2018},"type":"Feature"},{"geometry":{"coordinates":[[[-49.79128992377465,68.28599130311126],[-49.79069246624536,68.28563011261127],[-49.78958215900727,68.2852822435939],[-49.78847619951857,68.28493450888313],[-49.78838720623659,68.28455547085287],[-49.78830233068643,68.28417640568777],[-49.78770479756986,68.28381526875552],[-49.78813295092535,68.28341838172602],[-49.78710744068556,68.28345406471499],[-49.78608624799314,68.28348532455796],[-49.78506502953365,68.28351645910166],[-49.78399929007106,68.28335593703157],[-49.78305859115514,68.28376621543957],[-49.782082061313965,68.28398914727354],[-49.78110105735314,68.28421211138225],[-49.78016439247966,68.28462234299315],[-49.78024930892219,68.28500134822686],[-49.78033406857649,68.28538041858101],[-49.780418649397326,68.28575943643798],[-49.77999515778962,68.28615180837656],[-49.781101065764325,68.28649961275255],[-49.78216660774237,68.28665573040996],[-49.783232295268164,68.28681621583625],[-49.78429820213195,68.28697230494083],[-49.78532383576365,68.28694108439016],[-49.78634482764995,68.28690984275123],[-49.78732572327902,68.2866869045668],[-49.78834688175502,68.28665570061679],[-49.78932806425871,68.28643717675433],[-49.79035352926102,68.28640154215893],[-49.79128992377465,68.28599130311126]]],"type":"Polygon"},"id":"0000000000000000023e","properties":{"area":129402.13375694785,"elevation":905.3409625550053,"region":"CW","year":2018},"type":"Feature"},{"geometry":{"coordinates":[[[-48.11548849622937,68.58426944621002],[-48.11228230353368,68.58376113522868],[-48.10806855933678,68.58346680766756],[-48.10390820753217,68.58354713548964],[-48.09975219198116,68.58363184891581],[-48.09559195568924,68.58371209786281],[-48.09151633757991,68.58436306966466],[-48.08744506533493,68.5850186057815],[-48.08339630281839,68.5858568628415],[-48.07937874538002,68.58689141848612],[-48.07529873981507,68.58754246027212],[-48.074892912644934,68.58831386739905],[-48.07355508551035,68.58986113952882],[-48.07326066386357,68.59139513864024],[-48.074522683728894,68.59289338712362],[-48.07885255333211,68.59395015170617],[-48.08318229771346,68.59501140446184],[-48.08745408654752,68.59568921239841],[-48.09172594108613,68.59636706999746],[-48.09591755723552,68.59647401463019],[-48.096733542542715,68.59493122157396],[-48.1007244370361,68.59370937993853],[-48.10465727244462,68.59210859385804],[-48.10859464352012,68.59050776201173],[-48.11252766722797,68.58890247494443],[-48.1133436367566,68.58736406718539],[-48.1146769528467,68.58581231391953],[-48.11548849622937,68.58426944621002]]],"type":"Polygon"},"id":"000000000000000001ce","properties":{"area":1173306.9795773202,"elevation":1487.2616686195895,"region":"CW","year":2018},"type":"Feature"},{"geometry":{"coordinates":[[[-47.79481228576711,68.84150165525313],[-47.793875792912466,68.83846500390632],[-47.78617483476025,68.83612398951898],[-47.77762671837242,68.83532133857823],[-47.769176802980105,68.83527671319024],[-47.760807034070325,68.83580738431883],[-47.75241066062131,68.83614180016842],[-47.74416568364495,68.83761775116018],[-47.73599664538839,68.8396689162825],[-47.735042484144465,68.84044484507834],[-47.72807294373787,68.84361524989698],[-47.725312517723324,68.84671432933939],[-47.722557024246505,68.84981337756543],[-47.72453681594057,68.85282772510776],[-47.729151978699235,68.85580193342199],[-47.73113640313246,68.85881633421394],[-47.73828858841803,68.86097898877624],[-47.74664498203603,68.86026554417484],[-47.75482304714688,68.85821433739223],[-47.76315271791635,68.85730914682863],[-47.76700963686267,68.8545712507245],[-47.77187020845908,68.85143654548094],[-47.78009285067431,68.84976881964482],[-47.788520460764374,68.84961717775063],[-47.79353237597404,68.84762396936864],[-47.79470071088008,68.84455169217873],[-47.79481228576711,68.84150165525313]]],"type":"Polygon"},"id":"00000000000000000223","properties":{"area":3406522.6024362193,"elevation":1507.3852302997682,"region":"CW","year":2018},"type":"Feature"},{"geometry":{"coordinates":[[[-48.66106834753752,69.75140794590521],[-48.66099715958581,69.75102893145228],[-48.660381628554454,69.75065885919106],[-48.659213304298504,69.75030658793256],[-48.65815219717971,69.75052059645421],[-48.65821896539539,69.75089960423358],[-48.6571934622436,69.75130539285115],[-48.65616778828615,69.75170673373466],[-48.65623922763454,69.75209024555046],[-48.65630597065619,69.75246925475125],[-48.65637745208692,69.75284826266311],[-48.65644893597674,69.75322727069769],[-48.65596722159914,69.75361969275971],[-48.656038701673765,69.75399870128949],[-48.65610995643462,69.75438215967694],[-48.656181269025865,69.75476123207177],[-48.65569969225619,69.7551535901419],[-48.655771001024746,69.7555326630311],[-48.655842294125215,69.75591161799568],[-48.65642645381286,69.75608999463768],[-48.65745200205802,69.75568427374498],[-48.65738066607256,69.75530520153475],[-48.657309523082915,69.75492618387482],[-48.6577908776212,69.75453376601975],[-48.65826803340854,69.7541413933844],[-48.65929363807058,69.75373559628989],[-48.659226843443555,69.75335658779682],[-48.65915531501198,69.75297758093704],[-48.66018104473935,69.75257183226881],[-48.659561248063525,69.75220618871026],[-48.66004287379918,69.75181375499605],[-48.66106834753752,69.75140794590521]]],"type":"Polygon"},"id":"00000000000000000093","properties":{"area":64993.61621318066,"elevation":1451.5993807707193,"region":"CW","year":2018},"type":"Feature"},{"geometry":{"coordinates":[[[-49.05503897857421,69.41809907720838],[-49.053264294087974,69.41738117433472],[-49.05311257068747,69.41662308342006],[-49.05188190811653,69.41588740253376],[-49.051730238824426,69.41512931183482],[-49.051578768471664,69.41437127564716],[-49.053041341446075,69.41357308201286],[-49.05127100230125,69.41285516584557],[-49.04903689486156,69.41252969616896],[-49.04684293801833,69.41239142945781],[-49.0446492240605,69.41225768561051],[-49.04249542229477,69.41231121087424],[-49.04033729654999,69.4123647076274],[-49.03814340622124,69.41222642536435],[-49.03614128293035,69.41303799880322],[-49.03413455511964,69.41385399706881],[-49.03428619232895,69.41461202891642],[-49.03497740850549,69.4153567582849],[-49.035668478964794,69.41610143129064],[-49.03743893988843,69.41681929720642],[-49.03974860225648,69.41752828008472],[-49.04205838226166,69.41823284206217],[-49.04429239382192,69.41855838131791],[-49.046522149785844,69.4188838901781],[-49.04860450754351,69.41845132729077],[-49.05076244567484,69.41839784530964],[-49.05291641638297,69.4183443248816],[-49.05503897857421,69.41809907720838]]],"type":"Polygon"},"id":"00000000000000000075","properties":{"area":428594.2663566811,"elevation":1096.4645796406794,"region":"CW","year":2018},"type":"Feature"},{"geometry":{"coordinates":[[[-49.81147184071008,70.141436619147],[-49.811378165981964,70.14105758658052],[-49.81072707290876,70.14069194984683],[-49.81063341370485,70.1403129170707],[-49.810539953936264,70.13993393729267],[-49.80942530643246,70.1399651092383],[-49.80835495748043,70.14018800913388],[-49.807240316544416,70.14021928247199],[-49.80621906116795,70.14062952974817],[-49.80519775925141,70.14104422291727],[-49.80529170203423,70.14142324693806],[-49.80482782462203,70.14181565645166],[-49.80436409361358,70.1422124525487],[-49.80501514456411,70.14257366450114],[-49.805666215466864,70.1429348737593],[-49.804644999871,70.14334961627301],[-49.804181246095865,70.14374195909389],[-49.804274817038106,70.14412099650234],[-49.80381122821068,70.14451784423278],[-49.803347265611805,70.14491024959604],[-49.804555721481705,70.14525804406381],[-49.8046493055692,70.14563708169118],[-49.80474326103875,70.14601610733126],[-49.80595142584962,70.14636390301683],[-49.80646431905941,70.14615880008174],[-49.80692789287141,70.14576194351265],[-49.80739180972735,70.14536952648695],[-49.80785554829633,70.1449727200442],[-49.808319237699294,70.14458024724739],[-49.808782944838775,70.14418343798334],[-49.80980430545373,70.14377317240206],[-49.80915314937965,70.14341198081048],[-49.80905950288803,70.14303294636692],[-49.80896585968423,70.1426539119782],[-49.8094295184793,70.1422571010199],[-49.8104507839264,70.14184683112923],[-49.81147184071008,70.141436619147]]],"type":"Polygon"},"id":"0000000000000000010f","properties":{"area":114457.93534742031,"elevation":827.425134190488,"region":"CW","year":2018},"type":"Feature"},{"geometry":{"coordinates":[[[-49.65727612117571,68.6744414281474],[-49.65723591441693,68.67425412281179],[-49.6571915745487,68.67406239642676],[-49.65715136913602,68.67387509120788],[-49.657106684215464,68.67368337668263],[-49.65706648015138,68.67349607158037],[-49.65654493949079,68.67350948042306],[-49.65602316767492,68.67352727857612],[-49.655461271049,68.67335344274596],[-49.65489499635755,68.67317945710023],[-49.65437329756561,68.67319292249492],[-49.65385157605272,68.67320626818588],[-49.65333417080041,68.67322408611653],[-49.6528527568766,68.67342923125871],[-49.65237567680866,68.67363428700854],[-49.65189390026247,68.67383944063248],[-49.65137687284708,68.67385279518778],[-49.65081045024639,68.67367885743927],[-49.65028868935167,68.67369675164086],[-49.650333369518236,68.67388402387364],[-49.65037347707832,68.67407577513208],[-49.650418158659846,68.67426304747906],[-49.65045826758383,68.67445479885751],[-49.649980985054334,68.67465991129946],[-49.64950404101034,68.67486501041628],[-49.64954419137391,68.67505231797172],[-49.64958865921893,68.67524409993008],[-49.64962892601309,68.67543578716057],[-49.650195197208376,68.6756096774709],[-49.6507569494574,68.67578360025838],[-49.650797110882166,68.67597090782613],[-49.65084175250683,68.67616262503762],[-49.651363401720985,68.6761447936149],[-49.65188500304552,68.67613140451498],[-49.65240683444793,68.67611362215],[-49.65288393890449,68.67590844779154],[-49.6534057177981,68.67589510593281],[-49.65396749685673,68.67606901588759],[-49.654533809992124,68.67624288882115],[-49.65505559402117,68.67622954075023],[-49.655532677525436,68.67602435711596],[-49.65600977488525,68.67581928961299],[-49.65649139067657,68.67561418561546],[-49.65696845009908,68.67540899716325],[-49.656923947572395,68.67521733500524],[-49.65688374196741,68.67503002929504],[-49.656839218996176,68.67483824952288],[-49.65679906071764,68.67464649964171],[-49.65727612117571,68.6744414281474]]],"type":"Polygon"},"id":"0000000000000000028e","properties":{"area":80018.98730554167,"elevation":909.6381976537502,"region":"CW","year":2018},"type":"Feature"},{"geometry":{"coordinates":[[[-49.92653007133924,68.4000461364971],[-49.926217997115074,68.39872181850933],[-49.92197276424791,68.398284829239],[-49.91853497821896,68.39686680811818],[-49.91663974985174,68.39539978569886],[-49.916800428643214,68.39386587323104],[-49.916443530619354,68.39235420900503],[-49.9196898423596,68.3907221671638],[-49.92353345464334,68.3894558234005],[-49.923694033695455,68.38792190780325],[-49.921375372739725,68.3868517128052],[-49.917308658734804,68.3871727953082],[-49.91346043846106,68.38843918395627],[-49.91424071236289,68.38955835695607],[-49.91459311765928,68.3910744376279],[-49.91340685940088,68.39263960102961],[-49.91324632407538,68.39416905015187],[-49.91308595323165,68.39570299864032],[-49.91240808711508,68.39725034835794],[-49.91173477648236,68.39879759097055],[-49.9100313134699,68.40038061003715],[-49.9114136162745,68.40186546572077],[-49.91433873456159,68.40329685970151],[-49.91841013742796,68.40297579234844],[-49.9222582356024,68.40170942607499],[-49.92623571710201,68.40101381964561],[-49.92653007133924,68.4000461364971]]],"type":"Polygon"},"id":"0000000000000000026a","properties":{"area":616832.0792867629,"elevation":869.6681547528902,"region":"CW","year":2018},"type":"Feature"},{"geometry":{"coordinates":[[[-48.390369812975365,69.4020641894804],[-48.387163574875736,69.40232275443513],[-48.38393086668084,69.40238968377174],[-48.38069346393747,69.40245653236147],[-48.37746072002494,69.40252343289663],[-48.3740315726332,69.40145327092914],[-48.37114654321668,69.40036965798635],[-48.3688011028799,69.3992727919728],[-48.36699056287472,69.39816689417778],[-48.36733848776078,69.39701648313749],[-48.37038404036232,69.39581247847707],[-48.36965721432728,69.39468429141456],[-48.36632630438537,69.39418046531652],[-48.363218187286684,69.39500983857278],[-48.363410062443364,69.39614692418789],[-48.36305783850756,69.39729736211166],[-48.362709892488304,69.39844781728104],[-48.36452024800621,69.39955365131213],[-48.36578668515313,69.40066844158231],[-48.36705762789453,69.40178767764927],[-48.37045095483147,69.40267062867444],[-48.37384433404319,69.40355344595059],[-48.37714406313702,69.4038656319618],[-48.3804438689003,69.40417774198447],[-48.3835831198409,69.40354009950364],[-48.3867533159541,69.40309419423814],[-48.38998639509589,69.40302287186027],[-48.390369812975365,69.4020641894804]]],"type":"Polygon"},"id":"000000000000000001af","properties":{"area":300425.03718112846,"elevation":1348.8260420867828,"region":"CW","year":2018},"type":"Feature"},{"geometry":{"coordinates":[[[-50.014146963232605,69.80068107110661],[-50.01400418253895,69.80011470359806],[-50.012305166514125,69.79997204450049],[-50.01061093180916,69.79983377190872],[-50.00896555429395,69.79988287980183],[-50.00722197966614,69.79955291161588],[-50.00562559188605,69.79979365105198],[-50.003975822144966,69.79984273529709],[-50.002330417734065,69.799891768016],[-50.00063588990414,69.79975350987851],[-49.99894140340449,69.79961534997076],[-49.99719779931358,69.79928532753841],[-49.995552431555986,69.79933440148784],[-49.99380908239157,69.79900439146382],[-49.99385799490208,69.79919618263511],[-49.994549210672915,69.799744598695],[-49.995793135870116,69.80028417065829],[-49.99429053557097,69.80089953571942],[-49.99548121002547,69.80124735220514],[-49.997180006892414,69.80138558569168],[-49.998919003521785,69.8017155370312],[-50.000662614699436,69.80204548782949],[-50.002312550762674,69.80199644178747],[-50.00400690868106,69.80213914584644],[-50.0057950586283,69.80265647069206],[-50.007445016835625,69.80260736650555],[-50.00904137745984,69.80236655451756],[-50.010543852804936,69.80174675349724],[-50.01204661017598,69.80112692440153],[-50.013692086645854,69.8010778997995],[-50.014146963232605,69.80068107110661]]],"type":"Polygon"},"id":"000000000000000001ac","properties":{"area":179527.82100844602,"elevation":482.9239700970255,"region":"CW","year":2018},"type":"Feature"},{"geometry":{"coordinates":[[[-49.42214777822731,68.67379489682527],[-49.42154584188299,68.67342918058229],[-49.42198729161537,68.67303233001533],[-49.42190684547428,68.67265333342124],[-49.42078324820047,68.67230552127326],[-49.41965958542494,68.67195320306809],[-49.41854041274038,68.67160541072239],[-49.417938417695105,68.67123974518681],[-49.41733627710689,68.6708741418087],[-49.416333148238444,68.67109266601413],[-49.41532981717012,68.67131112963935],[-49.414206201510005,68.67096332996591],[-49.413122547877514,68.67080277824695],[-49.41320285477711,68.67118177803101],[-49.412244058561846,68.6715920642232],[-49.411802563913774,68.6719844380555],[-49.41188285537034,68.67236343940036],[-49.41196333315544,68.6727424943031],[-49.413006599440045,68.67271575632077],[-49.41405011443966,68.67268450203402],[-49.41508893534049,68.67265333128869],[-49.416172496202066,68.6728138152203],[-49.417215940047626,68.67278709874934],[-49.41829970165798,68.6729476194276],[-49.41942329650185,68.67329545218247],[-49.42054683346223,68.6736477201456],[-49.42167065162214,68.67399547089127],[-49.42214777822731,68.67379489682527]]],"type":"Polygon"},"id":"00000000000000000260","properties":{"area":70873.96018496637,"elevation":1016.5567808184536,"region":"CW","year":2018},"type":"Feature"},{"geometry":{"coordinates":[[[-48.85705920066983,68.97972934512117],[-48.854691506015115,68.97844955443608],[-48.85285429834045,68.97715643461369],[-48.849220211425354,68.97762459597145],[-48.845371908752114,68.97695578415902],[-48.84180914369512,68.97780298377728],[-48.83827748981434,68.97884643121985],[-48.83471474219984,68.97969361338495],[-48.831080489145954,68.98016181907795],[-48.82726799075831,68.97968025738132],[-48.82380786200665,68.98110272453263],[-48.820066638384674,68.98100014528373],[-48.82010227679854,68.9811919268725],[-48.820878061775275,68.98250730984131],[-48.82271540549382,68.98380046418876],[-48.82547102337928,68.98430885921552],[-48.82921207725381,68.98440693401172],[-48.83295332498179,68.98450946263829],[-48.83585177350112,68.98577584964804],[-48.837225177901246,68.98459859455991],[-48.83803673399926,68.98324307966027],[-48.83990516665125,68.98186076708014],[-48.84350810929599,68.9812008463964],[-48.847427663397944,68.98225317895543],[-48.84873408557989,68.98355523407943],[-48.85085219518863,68.98350616828422],[-48.852189944790524,68.9821371995672],[-48.85565019274426,68.9807147456583],[-48.85705920066983,68.97972934512117]]],"type":"Polygon"},"id":"00000000000000000289","properties":{"area":693650.3071001559,"elevation":1127.8035652980393,"region":"CW","year":2018},"type":"Feature"},{"geometry":{"coordinates":[[[-50.54714784866311,71.7183308193746],[-50.546973803084704,71.71776452535082],[-50.545105587570205,71.71763073598744],[-50.54312119952611,71.71711797412256],[-50.54131514948445,71.71717145447832],[-50.53938893394237,71.71685038242319],[-50.537578523617036,71.71690385406977],[-50.535772496325976,71.7169573897049],[-50.533904245293726,71.7168236536786],[-50.53203580127388,71.71668984385958],[-50.530171772400436,71.71655609697802],[-50.528361586784726,71.71660963420995],[-50.52661368777348,71.71685485838601],[-50.526671622865045,71.71704659889447],[-50.52744735337553,71.71759503788512],[-50.52701943280673,71.71817919909324],[-50.52900372401739,71.71869197552432],[-50.53098792435487,71.71920479337379],[-50.53285637216601,71.719338564089],[-50.53466221945959,71.71928507609898],[-50.536414784945975,71.71903978349197],[-50.5382251687908,71.71898627382986],[-50.540089078857534,71.71912005937052],[-50.54189927056697,71.71906657391416],[-50.5436473848903,71.71882135292726],[-50.545457772043754,71.71876335963111],[-50.54714784866311,71.7183308193746]]],"type":"Polygon"},"id":"00000000000000000198","properties":{"area":153732.28655473367,"elevation":1190.9508483148645,"region":"CW","year":2018},"type":"Feature"},{"geometry":{"coordinates":[[[-48.602003198064054,68.6777500758222],[-48.598248507860895,68.67421400515627],[-48.579622954832445,68.67254188954927],[-48.56257139147533,68.66777949560743],[-48.565442945349936,68.66313756381298],[-48.54747731121188,68.66526012460496],[-48.529123732424495,68.66509961182366],[-48.54294234935199,68.66631689322708],[-48.55868750616644,68.66958099364331],[-48.576657639589996,68.67356302791886],[-48.588661538900254,68.6793909861857],[-48.576167227576576,68.68596818638561],[-48.55825058195215,68.68846973715122],[-48.539517772358764,68.68622685927035],[-48.535254836924764,68.67964523557322],[-48.53431847497263,68.67413816802424],[-48.515572348959395,68.67169910870399],[-48.525600939165564,68.66594232760293],[-48.50804530590932,68.67053080220366],[-48.52169928294909,68.67384837348428],[-48.531081116697294,68.67973881617908],[-48.53429619183281,68.68634276619211],[-48.55211033223724,68.68937491298217],[-48.57038812068779,68.68896025998045],[-48.586904702952545,68.68438966293218],[-48.602003198064054,68.6777500758222]]],"type":"Polygon"},"id":"0000000000000000021f","properties":{"area":2016021.2287438095,"elevation":1319.8148931446656,"region":"CW","year":2018},"type":"Feature"},{"geometry":{"coordinates":[[[-49.324109942446306,70.30918354575375],[-49.32402507917752,70.30880006242316],[-49.32221027798354,70.30827388286343],[-49.320395556631624,70.30774768163697],[-49.31914256715702,70.3072081664003],[-49.31901323997989,70.30664181245022],[-49.31728301125763,70.30649468197169],[-49.31568221715644,70.3069138235886],[-49.31403686846202,70.30715019593156],[-49.31359993255397,70.30772983910687],[-49.312039265490135,70.30834522460442],[-49.311040298668544,70.30894276111492],[-49.31004612644985,70.30954026857772],[-49.30848534316452,70.31015116373845],[-49.30692447561177,70.31076204244],[-49.305279248866846,70.31099397145296],[-49.30428025491749,70.31159590454524],[-49.30601051731678,70.31173862762596],[-49.30765598484521,70.31150674421262],[-49.309341395608364,70.3114665671689],[-49.31098682710788,70.31123476479335],[-49.3127615756185,70.31156912213493],[-49.3143669542621,70.31114555839856],[-49.31601230458857,70.31091370023083],[-49.31757292827069,70.31030272531422],[-49.31917384517324,70.30987917477167],[-49.32081904991606,70.30964726311778],[-49.32246461224818,70.30941544037698],[-49.324109942446306,70.30918354575375]]],"type":"Polygon"},"id":"0000000000000000012b","properties":{"area":186842.4003892191,"elevation":1327.1045525129723,"region":"CW","year":2018},"type":"Feature"},{"geometry":{"coordinates":[[[-49.49831810969422,70.4665229144929],[-49.498139822878976,70.46576037757895],[-49.49796130666575,70.4650023588974],[-49.497216654505316,70.46425772608592],[-49.49646772165704,70.46351304242941],[-49.49515678660733,70.46278618131518],[-49.49332380922597,70.46226003796973],[-49.49123263411378,70.46308046171433],[-49.48905210781518,70.46351751236838],[-49.4868315238704,70.46376723074663],[-49.48451716588665,70.46363792216525],[-49.48233681775514,70.46407486335204],[-49.48308136513044,70.4648195568927],[-49.48269332039202,70.46559542900042],[-49.48230551856805,70.46636690018151],[-49.48191759833348,70.46714270600478],[-49.4820914743239,70.46790074792716],[-49.48284064860256,70.46864542776487],[-49.48358536609538,70.46939012095244],[-49.48541794410194,70.4699162907873],[-49.487732193151,70.47004561071816],[-49.49000194837707,70.46998761175222],[-49.49222704770424,70.46973790683491],[-49.49440310678956,70.4692964501663],[-49.49667260366126,70.46923853256409],[-49.497720636720224,70.46882827746026],[-49.49810859105861,70.46805235238325],[-49.49793005511652,70.46729433282324],[-49.49831810969422,70.4665229144929]]],"type":"Polygon"},"id":"00000000000000000135","properties":{"area":403995.79551466263,"elevation":1337.808550985471,"region":"CW","year":2018},"type":"Feature"},{"geometry":{"coordinates":[[[-50.10002025051068,70.18619709542332],[-50.099966744410146,70.18600530846165],[-50.09991775929125,70.18581805733794],[-50.09986872798432,70.18562635289928],[-50.099262327418664,70.18545688404065],[-50.098651244325666,70.18528294222938],[-50.09860227150492,70.18509569081355],[-50.09855342406674,70.18490392074773],[-50.09799584662774,70.18492176360526],[-50.09743399227527,70.18493957434931],[-50.096827579448046,70.18476564242889],[-50.09627020000265,70.18478353136119],[-50.09576176832241,70.18498867042132],[-50.09525349876969,70.18519374238974],[-50.09474509475607,70.18540333125725],[-50.09423683251348,70.18560851761681],[-50.094285771664545,70.18579577039127],[-50.094334954771284,70.18598752907157],[-50.09438389563694,70.18617478186779],[-50.09443308048444,70.18636654057092],[-50.0939247688145,70.18657160798185],[-50.09341627661285,70.18677673896795],[-50.093465455018176,70.18696849804002],[-50.094076304737904,70.18713795557963],[-50.09412529231215,70.18732966193375],[-50.09417443192649,70.18751696754327],[-50.094223421238226,70.18770867392023],[-50.094272562570886,70.18789597955134],[-50.09483434173949,70.1878825818543],[-50.095391626103535,70.18786476395613],[-50.09599811106206,70.18803870242479],[-50.09655556886486,70.1880208148207],[-50.097117498860605,70.18800300770326],[-50.09767478289031,70.18798518121385],[-50.098232237041856,70.18796728728547],[-50.09878956550081,70.18795390992454],[-50.09930245883155,70.18774438941819],[-50.099248830110476,70.18755712067978],[-50.098642335818305,70.18738319553299],[-50.09859335791425,70.18719594383342],[-50.099101763484896,70.18698634151853],[-50.099052585740445,70.18679903744247],[-50.09900355910366,70.18660733261429],[-50.09951199506401,70.18640218222778],[-50.10002025051068,70.18619709542332]]],"type":"Polygon"},"id":"0000000000000000011b","properties":{"area":63788.80981811938,"elevation":585.8796758796758,"region":"CW","year":2018},"type":"Feature"},{"geometry":{"coordinates":[[[-49.047262353051124,69.71643968796995],[-49.04667801434669,69.71626130656688],[-49.045545554902,69.71610080326278],[-49.044412902526794,69.71593585102374],[-49.043316020814245,69.71596254478104],[-49.04222352047253,69.7159893443179],[-49.041090737261364,69.71582881650133],[-49.0399938733457,69.71585560306947],[-49.038901541846634,69.715882313446],[-49.037844733493884,69.71609634940788],[-49.036747659287876,69.71612305738837],[-49.03573093459551,69.71653335265046],[-49.0347143110605,69.71693907251964],[-49.03479006178686,69.71731811443189],[-49.03487037145543,69.71769720672623],[-49.03549469192892,69.71806278490124],[-49.03557045919697,69.71844182691837],[-49.03670298834089,69.71860679510705],[-49.03783572306887,69.71877180844227],[-49.038972802853074,69.7189323049559],[-49.03998943374922,69.71852655434247],[-49.041121977485965,69.71868710183384],[-49.04221460381508,69.71866031098547],[-49.04331142095136,69.71863357203239],[-49.04436828659898,69.71841949578337],[-49.04428801472001,69.71804046184005],[-49.04530922367905,69.7176302734139],[-49.04632587688933,69.71722453217622],[-49.04679412267594,69.71683211077595],[-49.047262353051124,69.71643968796995]]],"type":"Polygon"},"id":"000000000000000000a3","properties":{"area":121351.7169854317,"elevation":1299.7611759849028,"region":"CW","year":2018},"type":"Feature"},{"geometry":{"coordinates":[[[-50.48948712355028,68.36088635837592],[-50.48779718474393,68.36037356119662],[-50.48611161695126,68.35986074738805],[-50.48442601665452,68.35934347170263],[-50.484278868797574,68.3587772127155],[-50.48315506480461,68.35843385771301],[-50.481665742827914,68.35867910948303],[-50.48012747350515,68.35873260291841],[-50.47849108167127,68.35841155745128],[-50.4770016106109,68.35865231610028],[-50.47546316556898,68.35870582256814],[-50.47387577997991,68.35857207530876],[-50.47243547123944,68.35900463166907],[-50.47104876524508,68.35962884263768],[-50.46965761344646,68.36024871165093],[-50.46970645405496,68.36044045768992],[-50.47134295549369,68.36076593448146],[-50.472881447013954,68.36070803294645],[-50.47451799981197,68.36103347214178],[-50.476007358919325,68.36078824637116],[-50.477496441161136,68.36054746011828],[-50.479132961632416,68.36086851964143],[-50.48067152255626,68.36081497217931],[-50.48230803283911,68.36114050176779],[-50.48384643905285,68.36108698420034],[-50.48548290335001,68.36140803420622],[-50.48702115459129,68.36135454654277],[-50.488559737670265,68.36130102767031],[-50.48948712355028,68.36088635837592]]],"type":"Polygon"},"id":"00000000000000000299","properties":{"area":169640.25308772404,"elevation":517.4788269444209,"region":"CW","year":2018},"type":"Feature"},{"geometry":{"coordinates":[[[-48.900045076089455,68.72443687061347],[-48.897110933623374,68.72279146421721],[-48.898881157513294,68.721030074285],[-48.895041862143735,68.72017400640823],[-48.89040882569811,68.72066891192377],[-48.88647588532747,68.72210029328828],[-48.88365782066669,68.72388841572864],[-48.881361261101304,68.72566309556672],[-48.87906490522955,68.72743778628468],[-48.87435598533868,68.72755378784234],[-48.86958035424929,68.72728625525451],[-48.868746541695295,68.72845449620604],[-48.86749360374895,68.7302024723866],[-48.86624503382501,68.73195043339396],[-48.86447037187642,68.73370732549868],[-48.86426513331676,68.73543295725074],[-48.86719929839605,68.73707836995362],[-48.87190813626238,68.73696249336574],[-48.87661692827509,68.73684657434798],[-48.881325674416196,68.73673061290239],[-48.88362200256164,68.73495587575856],[-48.88696634083175,68.73315440420477],[-48.890306346242504,68.73135734392653],[-48.89505069817646,68.73142871804271],[-48.89682115090511,68.72966740221459],[-48.89702618833307,68.72794617143097],[-48.896705266626256,68.72623833172896],[-48.900045076089455,68.72443687061347]]],"type":"Polygon"},"id":"00000000000000000237","properties":{"area":1484695.1530348842,"elevation":1241.9371553963374,"region":"CW","year":2018},"type":"Feature"},{"geometry":{"coordinates":[[[-48.479525143493916,69.43581062569486],[-48.47733106140071,69.43566793416278],[-48.47520421970506,69.43590427745217],[-48.47297903077713,69.4355698222682],[-48.47091894165018,69.43618517970356],[-48.46882308216406,69.43661324362499],[-48.466727406575494,69.43703682914042],[-48.464631596846125,69.43746500421814],[-48.46253595488096,69.43788858287506],[-48.460506971091846,69.43869565444497],[-48.461180226781735,69.43944034312908],[-48.45968639763274,69.44023403411845],[-48.458736736043605,69.44101887195254],[-48.46042658573538,69.441362189919],[-48.46258491382218,69.44131759507448],[-48.464778698352426,69.44146029699766],[-48.466905772147896,69.44122399984971],[-48.46903728871145,69.44098762083476],[-48.47106610774209,69.44018504569279],[-48.4731929973429,69.4399486547488],[-48.4752531721889,69.43933332567606],[-48.47731772661559,69.43871791665819],[-48.47775927111871,69.43813384254561],[-48.47870885151792,69.43735348174549],[-48.479114766705074,69.43658207917828],[-48.479525143493916,69.43581062569486]]],"type":"Polygon"},"id":"00000000000000000050","properties":{"area":312242.05831079645,"elevation":1356.0478771871149,"region":"CW","year":2018},"type":"Feature"},{"geometry":{"coordinates":[[[-49.12912231096663,69.99582023150846],[-49.124654536920964,69.99573993695395],[-49.11998568825301,69.99470988533507],[-49.11539280617386,69.99406337277472],[-49.11088456265713,69.99379131828358],[-49.106376475347325,69.99352374904012],[-49.101908656138185,69.99343904032409],[-49.09743594355108,69.99335878079647],[-49.09308850866018,69.99384930944203],[-49.088856605651465,69.99490609816458],[-49.08854024005086,69.9960565356118],[-49.09106836492592,69.99751913944799],[-49.0947114167301,69.99895495225117],[-49.09835014121832,70.00039081154083],[-49.10199313034718,70.00182214728697],[-49.10674221378003,70.0032311996245],[-49.11030487744673,70.00428805449525],[-49.1135913873841,70.00401600399469],[-49.11603946855074,70.00243303630694],[-49.115169864342924,70.00093034234183],[-49.115958996462886,69.99938302901444],[-49.12018627245819,69.99832622045594],[-49.124386737579215,69.9997487060983],[-49.12561320256183,70.00028822242079],[-49.12695527566795,69.99873196133707],[-49.12774453436523,69.99718912299439],[-49.12912231096663,69.99582023150846]]],"type":"Polygon"},"id":"000000000000000000f8","properties":{"area":1084409.7669078894,"elevation":1266.9326237877124,"region":"CW","year":2018},"type":"Feature"},{"geometry":{"coordinates":[[[-49.86563653644024,70.04389376608727],[-49.86498549395493,70.04352811032405],[-49.86341594737091,70.0439562196608],[-49.861752845713504,70.04400526014474],[-49.860089367592714,70.04405429397127],[-49.85833263593835,70.04372430796961],[-49.856714038204416,70.04396066506553],[-49.854956988210304,70.04363065115464],[-49.85329372977859,70.04367977892215],[-49.851768774437744,70.04429512584468],[-49.85015467682245,70.04453143520587],[-49.84853594864806,70.044772272449],[-49.84701540778227,70.04538759469604],[-49.847109038883175,70.04576664333219],[-49.84831298086137,70.04611438904594],[-49.85002531318853,70.04625266657685],[-49.85178211064107,70.04658263488642],[-49.85353895439974,70.04691258249619],[-49.85520226931279,70.04686797055648],[-49.85696362299854,70.04719796738355],[-49.85848419676485,70.04658259364139],[-49.86010278261115,70.04634182959428],[-49.861623409356405,70.04572647608742],[-49.863143954272296,70.0451111068137],[-49.864669033752115,70.0444912934858],[-49.86563653644024,70.04389376608727]]],"type":"Polygon"},"id":"0000000000000000010a","properties":{"area":167841.47831581766,"elevation":538.9259440381016,"region":"CW","year":2018},"type":"Feature"},{"geometry":{"coordinates":[[[-48.94921996084842,69.29585278913795],[-48.947743936478716,69.2937927137765],[-48.94158612520377,69.29261104657657],[-48.935508214605576,69.29180396190243],[-48.929430536434865,69.2910013029214],[-48.92345968777648,69.29076500134083],[-48.9177475554852,69.29185749705702],[-48.91174117420131,69.29142939907884],[-48.90581062346017,69.2913847642948],[-48.899880113183265,69.291335733789],[-48.894092098808095,69.29204921587183],[-48.8883799908992,69.29313721802929],[-48.88259212345164,69.29384623465278],[-48.88330999110214,69.2947826294849],[-48.882641034701685,69.29689626563449],[-48.88779151409618,69.29848814893036],[-48.893944914131225,69.29967426901314],[-48.900098563762434,69.30086037214359],[-48.90625211874835,69.30204208427423],[-48.91226280374928,69.30247014482268],[-48.91808650861134,69.30194845228557],[-48.92405717963463,69.30218471844672],[-48.92992100707276,69.30185032917086],[-48.934134954112416,69.30136871831215],[-48.939164585008406,69.29953159946787],[-48.94365951462305,69.29770783566823],[-48.94921996084842,69.29585278913795]]],"type":"Polygon"},"id":"00000000000000000057","properties":{"area":2530206.024186887,"elevation":1000.8428593178405,"region":"CW","year":2018},"type":"Feature"},{"geometry":{"coordinates":[[[-49.71565021476405,70.43831464045293],[-49.71555672724739,70.43793560093972],[-49.71489672205793,70.4375699814023],[-49.713670372940534,70.4372221632382],[-49.712444059608444,70.43687433523804],[-49.711217980559994,70.43652655049556],[-49.71112420143309,70.43614752064678],[-49.7099023050947,70.43579971375678],[-49.70867631930754,70.43545190876489],[-49.70744999648245,70.4351041057245],[-49.70735628594387,70.43472507404137],[-49.7078290557294,70.43432819735486],[-49.70721807566933,70.43415425558061],[-49.7060408328954,70.43399820489441],[-49.70495279944254,70.43421674760958],[-49.70504646812683,70.43459578053937],[-49.70400754567032,70.4350060154783],[-49.70296855786608,70.43542069680444],[-49.7024958816999,70.43581303938375],[-49.703722174178985,70.43616088295792],[-49.7049485024448,70.43650871669558],[-49.70560400105321,70.43687433760657],[-49.70513116795495,70.43726675370874],[-49.70631287145092,70.43742730760395],[-49.70749026605048,70.43758781078367],[-49.70871635077829,70.4379356262155],[-49.70984907760589,70.43790438912369],[-49.71107521212206,70.43825218550722],[-49.71229708241956,70.43860004870449],[-49.71342965849823,70.4385688495223],[-49.714611129296316,70.43872489665654],[-49.71565021476405,70.43831464045293]]],"type":"Polygon"},"id":"0000000000000000013b","properties":{"area":106314.68303015573,"elevation":1104.1283999596544,"region":"CW","year":2018},"type":"Feature"},{"geometry":{"coordinates":[[[-50.419532715284895,68.49745521318002],[-50.4194836238906,68.49726352592197],[-50.418921782215314,68.49709407589323],[-50.41887294278713,68.4969067662118],[-50.41882367333674,68.49671502700514],[-50.41825751834371,68.49654556890566],[-50.41769112428299,68.49637173094492],[-50.417124799613624,68.49620221640893],[-50.417075729245866,68.49601052888613],[-50.41754386657458,68.49580538582961],[-50.41749495301028,68.49561363298416],[-50.41693316054137,68.4954441756398],[-50.41636679973934,68.49527033277644],[-50.41580050808989,68.49510081332767],[-50.415283216096434,68.49511865366468],[-50.41477043673698,68.49513654976428],[-50.41425314259077,68.49515438621164],[-50.41373600643399,68.49517215509431],[-50.41321871013196,68.49518998763554],[-50.41270592648452,68.4952078760073],[-50.41218862803059,68.49522570465881],[-50.4122376597358,68.49541739342425],[-50.41280409630909,68.49558686199136],[-50.41285297440657,68.49577861631614],[-50.41290211024835,68.49596591382435],[-50.41294673297677,68.4961531536136],[-50.41248296509111,68.49636272997066],[-50.412014773323314,68.49656785573123],[-50.41206364769231,68.49675961070092],[-50.41263011379628,68.49692908059882],[-50.41267915271426,68.497120769908],[-50.412728131244315,68.49730813360944],[-50.41328984281359,68.49748200016556],[-50.41333898575146,68.49766929820287],[-50.41338803170551,68.49786098758338],[-50.41395453083688,68.49803045256635],[-50.414520780565944,68.49820437221089],[-50.41503346353809,68.4981865428635],[-50.41555081877972,68.49816870367725],[-50.416068085954606,68.49814641928286],[-50.41658525465468,68.49812852422795],[-50.4170981175444,68.49811073911597],[-50.4175662929586,68.49790559529995],[-50.4180834798728,68.49788781215321],[-50.418600824781606,68.49786996143683],[-50.41906889514564,68.49766036925907],[-50.419532715284895,68.49745521318002]]],"type":"Polygon"},"id":"0000000000000000002c","properties":{"area":72702.965609086,"elevation":603.2537036131619,"region":"CW","year":2018},"type":"Feature"},{"geometry":{"coordinates":[[[-49.1764423029771,68.27524931109573],[-49.175822522575494,68.2746963473725],[-49.17570674480515,68.27413006378102],[-49.17512244526485,68.27376443851954],[-49.17354851407,68.27361283308827],[-49.17197876336499,68.27346569428683],[-49.17051631927675,68.27388928135237],[-49.168946697156095,68.27373766749909],[-49.16744827020445,68.27396957854933],[-49.165914576313284,68.2740096906068],[-49.16441610130713,68.27424156816367],[-49.16298934850879,68.27485246043528],[-49.161566822785026,68.27546338345103],[-49.16219110251992,68.2760162648584],[-49.16076849251129,68.27662718077528],[-49.16190132011933,68.27717115782515],[-49.1635110552592,68.2775056228768],[-49.16508511785669,68.27765273547709],[-49.166507560484916,68.2770463303817],[-49.16804584622837,68.2770016994059],[-49.16965552767974,68.27734064941298],[-49.17118959052149,68.27730054915583],[-49.17272341774235,68.27725588444719],[-49.17422170703545,68.2770285358124],[-49.173597422374485,68.27647108557086],[-49.17501989753817,68.27586020549988],[-49.1764423029771,68.27524931109573]]],"type":"Polygon"},"id":"000000000000000001e5","properties":{"area":208049.36699443546,"elevation":1176.2773694989933,"region":"CW","year":2018},"type":"Feature"},{"geometry":{"coordinates":[[[-49.058677485081326,68.81299456866034],[-49.05807999346698,68.81262900181872],[-49.058004228456234,68.81224996775316],[-49.05740219074703,68.8118842959383],[-49.056840487968884,68.81170593591798],[-49.0557523705255,68.81154537405786],[-49.054628692255726,68.81119314744053],[-49.05358090138917,68.81121988332401],[-49.05245707089653,68.81086320519911],[-49.05132889326188,68.81051084978213],[-49.05028095938662,68.81053762486633],[-49.04922881661377,68.81056439672403],[-49.04821641855886,68.81078293137678],[-49.047204166664095,68.81100139464797],[-49.04611630599203,68.81083643118058],[-49.04619205058286,68.81121540602891],[-49.0467895236782,68.81158107608324],[-49.04686531074514,68.81196454948251],[-49.04746736650054,68.81233020240565],[-49.04806488493235,68.81269586788542],[-49.04918854592793,68.81304814845639],[-49.05024079375382,68.81302137717908],[-49.05136449807497,68.81337364053071],[-49.052452683628836,68.81353861801867],[-49.05350057443633,68.81351189090495],[-49.05458858210388,68.81367241743537],[-49.05560071704184,68.81345834403585],[-49.05661298628306,68.81323981871172],[-49.057701030414606,68.8134048191967],[-49.058677485081326,68.81299456866034]]],"type":"Polygon"},"id":"00000000000000000264","properties":{"area":112941.08493985354,"elevation":1191.467543554557,"region":"CW","year":2018},"type":"Feature"},{"geometry":{"coordinates":[[[-49.62646830098016,69.84770226557856],[-49.626423688271814,69.84751499876455],[-49.62637892852971,69.84732322708356],[-49.62633431735618,69.84713596031567],[-49.625736931351966,69.8469620745925],[-49.62514379246294,69.84678366021794],[-49.6245508096396,69.84660974838104],[-49.62395344905889,69.84643585553592],[-49.623360119465886,69.8462619505857],[-49.62280731033682,69.84627977225502],[-49.622303486456424,69.84648495619916],[-49.62234806447912,69.84667222395062],[-49.62294103407328,69.84684614470845],[-49.622985571743925,69.84703786407434],[-49.62248190391268,69.84724298395342],[-49.62197347718032,69.84744813497869],[-49.6214695981242,69.84765319819694],[-49.621514172144344,69.84784046639457],[-49.62210711943076,69.84801884256085],[-49.62215189258525,69.84820616382042],[-49.62164799927649,69.84841122774498],[-49.62169252996578,69.84860294776192],[-49.62173730114142,69.84879026924442],[-49.621228834807106,69.84899541781137],[-49.6212733634018,69.84918713805388],[-49.62131793923945,69.84937440659078],[-49.621362662709856,69.84956618005076],[-49.62196008584005,69.84974008428625],[-49.62200462196463,69.84993180447087],[-49.62204920519068,69.85011907294589],[-49.62259767190765,69.85010572748877],[-49.62310176232755,69.8499005952884],[-49.623654655593555,69.84988277278212],[-49.62420292166388,69.84986936809017],[-49.62471137909355,69.84966420894047],[-49.62521527048005,69.84945913417228],[-49.625723539595135,69.8492540362719],[-49.6262275833662,69.84904889323525],[-49.62618282181914,69.84885712120827],[-49.62613820882434,69.84866985410096],[-49.62609364215993,69.84847813528498],[-49.626049030698404,69.84829086822376],[-49.62600446558608,69.84809914945556],[-49.62596007154984,69.84790736593655],[-49.62646830098016,69.84770226557856]]],"type":"Polygon"},"id":"000000000000000000f4","properties":{"area":58630.6048356282,"elevation":935.6465198130958,"region":"CW","year":2018},"type":"Feature"},{"geometry":{"coordinates":[[[-48.17965492738268,68.74233124225665],[-48.17957028544251,68.74176049982417],[-48.177996094470835,68.74179614900278],[-48.17642640342231,68.74182735999817],[-48.17482572339915,68.74166685175187],[-48.1733141037859,68.7420770845098],[-48.17179810746894,68.74249177600873],[-48.17028638511388,68.74290197604417],[-48.16874354372597,68.74312495349376],[-48.16725865693653,68.74372697492163],[-48.16571573423635,68.74394991874046],[-48.1657469623646,68.7441371808567],[-48.16478390610745,68.74473022567616],[-48.163298825021016,68.74533220588017],[-48.16286181628658,68.7459118849214],[-48.162424969211784,68.74649161812421],[-48.16353092779008,68.74685277168116],[-48.164551864331806,68.74663874284434],[-48.16551067143117,68.7460501726537],[-48.16699555723245,68.74544811291629],[-48.168480385108715,68.74484615564246],[-48.16996532186989,68.74424423787262],[-48.171450170818005,68.74364218672495],[-48.17293496186741,68.74304023803985],[-48.17447793748482,68.74281726873966],[-48.17602075603748,68.74259877919698],[-48.177590275517304,68.74256308397568],[-48.17921786362976,68.7429153579738],[-48.17965492738268,68.74233124225665]]],"type":"Polygon"},"id":"000000000000000001ef","properties":{"area":96480.0361226958,"elevation":1423.2018145607433,"region":"CW","year":2018},"type":"Feature"},{"geometry":{"coordinates":[[[-49.405426129467166,68.676554986588],[-49.40378533691622,68.67621614537728],[-49.40153774930843,68.67551602728322],[-49.39929030354998,68.67481599184822],[-49.397127767603905,68.67449495882357],[-49.39488034389613,68.67379480056218],[-49.39367645679928,68.67306357139714],[-49.39159395812143,68.6731215293248],[-49.38942696012054,68.67280046843528],[-49.38725984992406,68.67247943839254],[-49.385217371932626,68.67272911491668],[-49.385297796126196,68.6731081728652],[-49.38493653532549,68.6738840691733],[-49.38509265438275,68.6746420421903],[-49.38473146102393,68.67541349617734],[-49.384891950231115,68.67617151008534],[-49.38505253936992,68.67693402226845],[-49.38469131420026,68.67770547940047],[-49.38589517820635,68.67843679321565],[-49.38709927492383,68.67916803343762],[-49.38926174352099,68.6794891207561],[-49.391428975410996,68.67981020179754],[-49.393596074448304,68.68013119592683],[-49.395683166017854,68.6800732585811],[-49.39764498826783,68.67944456266129],[-49.39969171725375,68.67919481438832],[-49.40165807469633,68.67856608870856],[-49.403664828279425,68.67812913680402],[-49.404547816084474,68.67733982870769],[-49.405426129467166,68.676554986588]]],"type":"Polygon"},"id":"00000000000000000267","properties":{"area":486058.1914616871,"elevation":1015.613883911645,"region":"CW","year":2018},"type":"Feature"},{"geometry":{"coordinates":[[[-49.74590953403176,70.46154210769069],[-49.74458977428596,70.46081525090604],[-49.7426992726409,70.46010178891225],[-49.74364440291033,70.45931255574435],[-49.74402355949963,70.45853669127968],[-49.74553523394569,70.45772959409027],[-49.74478158057196,70.45698936067276],[-49.743461749738486,70.45626250851372],[-49.74105366498054,70.45575420189877],[-49.7389759122534,70.45657467375071],[-49.73666160597578,70.45644984514303],[-49.734441003930584,70.45670396035784],[-49.732269459604886,70.45714541192184],[-49.73009765257833,70.45758689669061],[-49.72801521541157,70.45840734527364],[-49.72877341720847,70.45915201439743],[-49.72896065793497,70.45991009855592],[-49.730280612880186,70.46063694873152],[-49.731600451843704,70.46136373479054],[-49.73292019911648,70.46209057471377],[-49.734244731076735,70.46281743246205],[-49.73655908168364,70.46294671379877],[-49.73873053085795,70.46250527760031],[-49.74104490829282,70.46263015388628],[-49.74335908713457,70.46275939526667],[-49.74548608337238,70.46212623985767],[-49.74590953403176,70.46154210769069]]],"type":"Polygon"},"id":"0000000000000000013c","properties":{"area":374137.2036850053,"elevation":1079.8883079709094,"region":"CW","year":2018},"type":"Feature"},{"geometry":{"coordinates":[[[-49.64628451159381,69.34674454348513],[-49.6461998103665,69.34636553218039],[-49.64458556218492,69.34641008334694],[-49.64293122296782,69.34626746756626],[-49.64119225692434,69.34574570117297],[-49.639448711621846,69.34522394805829],[-49.63770955618476,69.34470227001646],[-49.63704075644491,69.34414930909321],[-49.63543096296989,69.34419397046823],[-49.63382132754921,69.34423854884938],[-49.632211636343406,69.34428755814098],[-49.63064196464641,69.34452393611352],[-49.62907676941621,69.34475576096725],[-49.62750722096289,69.34499215737122],[-49.62755180823279,69.3451838430469],[-49.62929526121944,69.3457055581729],[-49.62942453812368,69.34627186747362],[-49.629553963292885,69.34684267938329],[-49.63129309136378,69.3473643406541],[-49.63294726869576,69.3475070388493],[-49.63460160526675,69.34765422019521],[-49.636300713678935,69.34798416807057],[-49.637999463314344,69.34831855683986],[-49.639609187679696,69.3482739968198],[-49.64117885391245,69.34803770201631],[-49.642788593373375,69.34798865677963],[-49.644398278703676,69.34794404248797],[-49.64587868372446,69.34732865198114],[-49.64628451159381,69.34674454348513]]],"type":"Polygon"},"id":"0000000000000000008d","properties":{"area":204070.86489303652,"elevation":683.4944639295782,"region":"CW","year":2018},"type":"Feature"},{"geometry":{"coordinates":[[[-48.94554120696331,68.98347941750826],[-48.9454653497071,68.98310042594355],[-48.94539408167827,68.98272142320803],[-48.944827687145256,68.9825430034445],[-48.94384237376094,68.98294876009152],[-48.94285686100242,68.98335457387239],[-48.941795679278066,68.9833813234305],[-48.94073872968184,68.98340806364187],[-48.94081011394884,68.98378712290791],[-48.939824681826586,68.98419285169341],[-48.939895881050504,68.98457635755784],[-48.940502553680744,68.98494200803847],[-48.94004303622286,68.9853344133928],[-48.94011900367755,68.98571346301297],[-48.940190378926005,68.98609690582566],[-48.93973102057565,68.9864893647969],[-48.94079215500388,68.98646257726891],[-48.94181334876137,68.98624406184747],[-48.94279882718045,68.98583831784777],[-48.94386010568838,68.98581594273364],[-48.943788674617466,68.98543250176849],[-48.94371300347269,68.98505344417747],[-48.94469840200928,68.98464768732538],[-48.94515766473334,68.98425533073997],[-48.94508196453892,68.98387177491749],[-48.94554120696331,68.98347941750826]]],"type":"Polygon"},"id":"0000000000000000028a","properties":{"area":59899.92764014998,"elevation":1067.3994240806287,"region":"CW","year":2018},"type":"Feature"},{"geometry":{"coordinates":[[[-49.990607324104616,70.65831780806886],[-49.989920743700274,70.65789860799002],[-49.989167179080134,70.65721638949339],[-49.98854277850154,70.65663218068555],[-49.9894389126513,70.65606594300016],[-49.98878354238019,70.6553568871889],[-49.98918492495946,70.65470142983638],[-49.988368830507916,70.65418862524695],[-49.98836439319718,70.6537695033714],[-49.98765976724465,70.65328793103305],[-49.9874502498245,70.65287768616012],[-49.98615715234226,70.65234260573708],[-49.98453407292858,70.65235153005004],[-49.98343712597053,70.65257444690553],[-49.98151523096229,70.6522890326407],[-49.97995458531068,70.65248527539337],[-49.979406062490824,70.6529222741369],[-49.97788999644915,70.65372042700582],[-49.978117303897875,70.65426891401003],[-49.977622493537226,70.65487977957798],[-49.97789015768912,70.65560216958669],[-49.97911187336951,70.65617294818925],[-49.97978075568257,70.6565341431266],[-49.98057879641518,70.6570558449709],[-49.98306709676319,70.65774702851574],[-49.98545710197331,70.65806362830476],[-49.98783819456817,70.65872354271099],[-49.98899773733826,70.65874582493959],[-49.990188175528,70.65890192033842],[-49.990607324104616,70.65831780806886]]],"type":"Polygon"},"id":"00000000000000000159","properties":{"area":232573.02604246384,"elevation":1162.7896291689342,"region":"CW","year":2018},"type":"Feature"},{"geometry":{"coordinates":[[[-48.596148479873534,68.76218759770398],[-48.59608154791963,68.76180414036412],[-48.59601454917189,68.76142506300644],[-48.59489979062629,68.76106834767548],[-48.594832994802935,68.76068932473825],[-48.593722484024916,68.76033260963855],[-48.59260780534739,68.75997587686989],[-48.59201917594337,68.75961024895706],[-48.59142606942896,68.75924012117105],[-48.59136371317258,68.75886116160467],[-48.590248949635566,68.75850435676307],[-48.5891342340106,68.75814766117824],[-48.58906718611561,68.75776864690131],[-48.58805512913174,68.75798265878652],[-48.58706954993532,68.75838848291643],[-48.58766262696848,68.75875413089236],[-48.5872034086464,68.75914645991281],[-48.58727026687765,68.75952553944772],[-48.5878589392825,68.75989562136171],[-48.58792562706784,68.76027464673474],[-48.5889737167231,68.76025232856837],[-48.59008381199492,68.76060909048743],[-48.5911987211828,68.76096140075752],[-48.592313591275456,68.76131808212334],[-48.59342832656541,68.76167481833713],[-48.59454309282729,68.76203154592774],[-48.59565334239563,68.7623882649439],[-48.596148479873534,68.76218759770398]]],"type":"Polygon"},"id":"00000000000000000228","properties":{"area":69959.45747279125,"elevation":1316.36090881116,"region":"CW","year":2018},"type":"Feature"},{"geometry":{"coordinates":[[[-49.550997967611266,69.88322795757135],[-49.550413902625394,69.88230039861632],[-49.54748853027866,69.88161817836445],[-49.54453668573446,69.88168508476177],[-49.54153127445358,69.88133276949388],[-49.53845014017524,69.88108754244301],[-49.53553828442695,69.88116784922266],[-49.53342020656143,69.88160479584445],[-49.530936431718054,69.88188130685498],[-49.52780612009879,69.88272847330967],[-49.52502827528643,69.88374517603383],[-49.52265151693998,69.88439618835129],[-49.519525547962,69.88524343615413],[-49.51957012908853,69.88543071624592],[-49.51982881815412,69.88656772425979],[-49.520341668421224,69.88750423427689],[-49.52391340168661,69.88855203217233],[-49.527266622997075,69.88865016059827],[-49.530347883310505,69.88894893262093],[-49.53296081843726,69.88926108080334],[-49.5360108995658,69.88803031960755],[-49.53817350012165,69.88778063304845],[-49.541138891532015,69.88770485622867],[-49.54414424492386,69.88724110065233],[-49.54688669140703,69.88621106144466],[-49.54781417966295,69.88542183758598],[-49.550850678123666,69.88419554068255],[-49.550997967611266,69.88322795757135]]],"type":"Polygon"},"id":"000000000000000000f6","properties":{"area":744833.3597034613,"elevation":932.1863749909052,"region":"CW","year":2018},"type":"Feature"},{"geometry":{"coordinates":[[[-49.18848632979284,68.48979449312954],[-49.187411804781796,68.48963397927011],[-49.18582419487601,68.48948683366284],[-49.18416107871144,68.48896067256798],[-49.18249781557004,68.48843006070577],[-49.180910302446314,68.48828285894601],[-49.179318491649205,68.48813571188965],[-49.177731030035496,68.48798859128071],[-49.17617918261232,68.48802870907195],[-49.17463200532598,68.48806884365425],[-49.17311595094489,68.48830073298713],[-49.17156874739651,68.48834083291734],[-49.17001674580425,68.48838544053625],[-49.168465031667516,68.48842552445848],[-49.169058096820365,68.4887912516748],[-49.169651159567515,68.48915685891832],[-49.17119858155157,68.48911671664327],[-49.172790400556615,68.4892638406374],[-49.17437792166494,68.48941101907903],[-49.175965276899284,68.48955812564078],[-49.17751705649055,68.48951807466413],[-49.17906880928731,68.48947788834812],[-49.18065620808718,68.48962505846345],[-49.1822436229008,68.48977221030741],[-49.18387125976383,68.4901110756734],[-49.18538283078231,68.48987920383519],[-49.187010349189435,68.49021809634057],[-49.18848632979284,68.48979449312954]]],"type":"Polygon"},"id":"0000000000000000003f","properties":{"area":97394.53883477052,"elevation":1140.6104885373172,"region":"CW","year":2018},"type":"Feature"},{"geometry":{"coordinates":[[[-48.44202848236497,68.35354665649642],[-48.440940483023,68.35318996025781],[-48.43984785903965,68.35283319633064],[-48.43875991914616,68.35247648342904],[-48.43818472803746,68.35210642366751],[-48.43760945628945,68.35174073774371],[-48.437546905654116,68.35136171356554],[-48.43748461785384,68.35097825053496],[-48.43742207126675,68.35059922694693],[-48.436847024268936,68.35023359371806],[-48.43678448929589,68.34985457049491],[-48.43620920695347,68.34948445025272],[-48.43521483066937,68.34969844321812],[-48.43527286746889,68.35007746198374],[-48.434309757643284,68.35047877261238],[-48.43437209410681,68.3508578606136],[-48.43391741638282,68.35125020510691],[-48.43346703576453,68.35164261664131],[-48.433529363043434,68.35202170596617],[-48.43410456861594,68.3523872913825],[-48.43519278651801,68.35274403250337],[-48.43628069112073,68.3531007739884],[-48.437341954931945,68.35327024168878],[-48.438398838214184,68.35343520263027],[-48.43945994884577,68.35360459948407],[-48.44051669443973,68.35376960744377],[-48.44157792792054,68.35393461207276],[-48.44202848236497,68.35354665649642]]],"type":"Polygon"},"id":"000000000000000001b7","properties":{"area":67215.94933665667,"elevation":1402.0063820658586,"region":"CW","year":2018},"type":"Feature"},{"geometry":{"coordinates":[[[-50.04812517435665,69.42959465009605],[-50.04797815929012,69.4290239080609],[-50.04783548928408,69.42845758189013],[-50.046618154698336,69.42792245113446],[-50.04539639930773,69.42738741023109],[-50.04471404387816,69.42683444470414],[-50.043590300476794,69.42667840141029],[-50.041927202453905,69.42654013788015],[-50.04031287268007,69.42658920270908],[-50.03874332749021,69.4268299510669],[-50.037173772739976,69.42707079993913],[-50.03560399315455,69.42731157892106],[-50.03403450893483,69.42754787795673],[-50.03364215288343,69.4281364939507],[-50.03324525235817,69.42872064064522],[-50.032848333019835,69.4293047865905],[-50.0329910165194,69.4298711141077],[-50.03420850079335,69.43040623088609],[-50.035430345935005,69.43094130385005],[-50.03704443798801,69.43089225534632],[-50.038663019248645,69.43084320701341],[-50.04032637801972,69.43098139273464],[-50.041846875371725,69.43055335660537],[-50.043416433799045,69.43031252138222],[-50.04503497575767,69.43026351850743],[-50.04664936635481,69.43021446641563],[-50.04812517435665,69.42959465009605]]],"type":"Polygon"},"id":"000000000000000000c7","properties":{"area":223159.8990256588,"elevation":538.0237424804814,"region":"CW","year":2018},"type":"Feature"},{"geometry":{"coordinates":[[[-50.08950142650171,71.78190420512742],[-50.08818130967602,71.78156086623744],[-50.08554612551501,71.7808697217953],[-50.08290632843234,71.78017856794585],[-50.0808773825289,71.7794740245014],[-50.08126543721191,71.77869812733441],[-50.07983829571954,71.7779757560419],[-50.077203042181644,71.7772846188761],[-50.076382480606455,71.77654438399408],[-50.07556218817692,71.7758041974402],[-50.07474168146322,71.77505950049925],[-50.07331919562741,71.77433711589886],[-50.07370704748487,71.7735612477526],[-50.07128590633709,71.77362816224122],[-50.06881119673884,71.7735077214169],[-50.066496748963075,71.77395366669883],[-50.06407992997533,71.77402056955347],[-50.06418697502558,71.77439954509344],[-50.065007618406206,71.77513976357812],[-50.06582333109548,71.77587995807681],[-50.06664396315354,71.77662468656642],[-50.06927931553288,71.77731134671284],[-50.07191908714926,71.77800246195602],[-50.07455427434411,71.77869368529893],[-50.07597688510743,71.77941600555101],[-50.07740366498561,71.78014287638453],[-50.08004347904057,71.78083405482577],[-50.08267880254074,71.78152070504045],[-50.08520709992576,71.78183285722866],[-50.08779339936824,71.78233232608426],[-50.08950142650171,71.78190420512742]]],"type":"Polygon"},"id":"00000000000000000192","properties":{"area":246957.6964771251,"elevation":1462.540531838604,"region":"CW","year":2018},"type":"Feature"},{"geometry":{"coordinates":[[[-49.74758192363039,70.493585195071],[-49.74602564796979,70.49190852411124],[-49.74389880034529,70.49024534092355],[-49.741771669702096,70.48858654263931],[-49.73964467272765,70.48692778154617],[-49.739787332251204,70.48520213328378],[-49.73879744626494,70.48351214215391],[-49.739510955468425,70.48177306671381],[-49.738521049078784,70.48008302386471],[-49.73696020448446,70.47840641161812],[-49.73653665319867,70.47669857128156],[-49.741312449926575,70.47522706727263],[-49.742070416083536,70.47367976562298],[-49.73720097217679,70.47477225994994],[-49.73223809229434,70.47548125126829],[-49.732287225982404,70.4756685043911],[-49.72930401299867,70.47746996538893],[-49.72916135802213,70.47919568926996],[-49.73128384169493,70.4808544462109],[-49.732840121776356,70.48253107748513],[-49.73440076590112,70.4842076824043],[-49.7342535896414,70.48592888174467],[-49.73467717020585,70.48763673529805],[-49.73453468962763,70.48936242010112],[-49.73609070548683,70.4910346087612],[-49.738784033059574,70.49268003284254],[-49.73977845768982,70.49437447355028],[-49.74483943737908,70.49404005812714],[-49.74758192363039,70.493585195071]]],"type":"Polygon"},"id":"00000000000000000150","properties":{"area":587671.3755583566,"elevation":1089.6895930154137,"region":"CW","year":2018},"type":"Feature"},{"geometry":{"coordinates":[[[-49.412489327660055,68.92270182626518],[-49.41191854229339,68.92252800430151],[-49.41082156477125,68.92236744713291],[-49.40972900872145,68.92220691928044],[-49.40871252827592,68.92242542820084],[-49.40765575233188,68.92245213816226],[-49.40660347726904,68.92248337737985],[-49.40554643971417,68.9225145817961],[-49.40453431391281,68.92273309817813],[-49.40355791093953,68.92313886266689],[-49.40258579343038,68.92354910451488],[-49.40152888645597,68.92358033173295],[-49.40055680698252,68.92398611358152],[-49.40063705060275,68.92436953026012],[-49.39966053703306,68.92477538593303],[-49.39974517884173,68.92515884174831],[-49.40035166890151,68.92551997108534],[-49.400431936119475,68.92590350671769],[-49.40051668513638,68.92628251687647],[-49.40112314433787,68.92664820753463],[-49.401734009683466,68.92701381612831],[-49.40287092772511,68.92736163485837],[-49.403883257914,68.9271431296293],[-49.4049400567492,68.92711639547491],[-49.40595244636233,68.92689342921852],[-49.40700923002456,68.92686667936631],[-49.40802590843389,68.92664818198556],[-49.40899788552346,68.92623796468231],[-49.40997440334599,68.9258277141326],[-49.41094647900965,68.92541741911594],[-49.411392569313904,68.92502505703821],[-49.41183829529081,68.92463270485865],[-49.41228426046226,68.92423584099929],[-49.41167786834621,68.92387013542584],[-49.411066756094435,68.92350451866527],[-49.41151281103582,68.92311215734175],[-49.412489327660055,68.92270182626518]]],"type":"Polygon"},"id":"00000000000000000028","properties":{"area":197989.83716184154,"elevation":901.6181831267206,"region":"CW","year":2018},"type":"Feature"},{"geometry":{"coordinates":[[[-49.86239480451497,70.32705565795781],[-49.86224752677176,70.32648484398447],[-49.8615430816905,70.32593196109815],[-49.85980859538794,70.32578923484242],[-49.858024892583245,70.3254592108216],[-49.85638388198483,70.32570001251567],[-49.85474303094744,70.32593639537521],[-49.85320016785746,70.32655178419003],[-49.851603731000466,70.32697983992527],[-49.84991840569337,70.32702884955046],[-49.848277382947906,70.32726516071065],[-49.846729970569015,70.32788501607209],[-49.84518712316468,70.32850030901137],[-49.84532989118885,70.32907115427346],[-49.8454726426816,70.32963742810692],[-49.845053425833214,70.33022154565954],[-49.844634386035814,70.33080571504462],[-49.8442151267841,70.33139428399265],[-49.84548136019924,70.33192940644045],[-49.847314156041016,70.33245109455285],[-49.84834416602002,70.33203640965536],[-49.849325156888206,70.3314389431162],[-49.85087255642829,70.33081912533032],[-49.852419871695815,70.3302037449018],[-49.85405620483433,70.32996742847348],[-49.85560357013249,70.32934761403246],[-49.85724447881222,70.32911128727133],[-49.85883647078122,70.3286831988134],[-49.860428401244455,70.32825509320422],[-49.86197567218127,70.32763971844804],[-49.86239480451497,70.32705565795781]]],"type":"Polygon"},"id":"00000000000000000137","properties":{"area":257417.2538050364,"elevation":978.4513884094397,"region":"CW","year":2018},"type":"Feature"},{"geometry":{"coordinates":[[[-50.14276532411491,69.37716897223936],[-50.14218111904088,69.37699954045321],[-50.14105741735041,69.37684345644527],[-50.139889006033684,69.37650012714506],[-50.138814375783326,69.3765313427448],[-50.13773978744541,69.37656699997683],[-50.136567088577635,69.37621923129954],[-50.13549250788913,69.37625487162778],[-50.13431970843748,69.37591148212147],[-50.13324511491828,69.37594277360617],[-50.13217053733814,69.37597838891743],[-50.13109578965209,69.37601406146564],[-50.13007036196694,69.37623703301347],[-50.129093685650375,69.37664726512813],[-50.12811272176142,69.3770619772549],[-50.12713602135987,69.37747664584558],[-50.12723408708678,69.37785122306748],[-50.1278674289872,69.37821687124463],[-50.12903557985545,69.37856024698017],[-50.13020841679073,69.37890356360694],[-50.131381164927305,69.37925138600227],[-50.1324066604517,69.37902395491119],[-50.13343237134145,69.37880101862726],[-50.13460515629622,69.3791488146499],[-50.135679677313995,69.37911312902631],[-50.136705357765635,69.37889016905072],[-50.13773085257056,69.37866726703314],[-50.138805534127904,69.37863161019929],[-50.13988025761584,69.37860039500957],[-50.14037082147242,69.3783907672196],[-50.14081215505425,69.37799388593324],[-50.14178869729877,69.37758368995134],[-50.14276532411491,69.37716897223936]]],"type":"Polygon"},"id":"000000000000000000be","properties":{"area":151348.77062230813,"elevation":440.66329268866815,"region":"CW","year":2018},"type":"Feature"},{"geometry":{"coordinates":[[[-49.93631334929413,70.25942002540113],[-49.93443612295962,70.25871099459593],[-49.93200144217346,70.25801979690603],[-49.9323669970192,70.25724393985317],[-49.931613351430535,70.25650369375012],[-49.929370531380364,70.25657058630676],[-49.9270295347704,70.25625400327664],[-49.92459479924629,70.25556288263994],[-49.922160189695894,70.25486726957736],[-49.92028731655096,70.25415824302793],[-49.920091082424015,70.25340020692236],[-49.918218388780446,70.25269115568145],[-49.91592619765131,70.25257077846291],[-49.913732486665154,70.25282494828076],[-49.911538549951324,70.2530791506425],[-49.91163679574292,70.25345813494417],[-49.9107092063553,70.25424744755641],[-49.91146283942877,70.25498765301604],[-49.91333568822001,70.25570106071851],[-49.915208464751984,70.25641005730738],[-49.91596194133765,70.25715025412241],[-49.916715663815566,70.25789050046288],[-49.91803094407307,70.25861732517879],[-49.92042108593783,70.25912126174335],[-49.92266397843795,70.25905433465464],[-49.92495147037612,70.25917918449261],[-49.92719436912381,70.25911230688983],[-49.92958456518199,70.25961616232641],[-49.93177838398286,70.2593620074482],[-49.9340212887174,70.25929514466809],[-49.93631334929413,70.25942002540113]]],"type":"Polygon"},"id":"0000000000000000011d","properties":{"area":348802.64092036104,"elevation":846.9878133919224,"region":"CW","year":2018},"type":"Feature"},{"geometry":{"coordinates":[[[-49.154583861460274,69.1094178012339],[-49.15382143267135,69.10911902494801],[-49.152786842461296,69.10933308679537],[-49.15059741670025,69.10901205506399],[-49.14839451860745,69.1086865323854],[-49.1461963336111,69.1083654584037],[-49.14399356273997,69.10803998551164],[-49.141755009358555,69.10752716009473],[-49.14034592385096,69.10787493589847],[-49.13860681324085,69.10779917518911],[-49.136444229663454,69.10766089688882],[-49.13432179729704,69.10771889983234],[-49.13439764251263,69.1080979159162],[-49.13407653205211,69.10863744610226],[-49.13250240278417,69.10928850394369],[-49.13323810810692,69.10977898042374],[-49.1355212104758,69.11048356830078],[-49.13674304172472,69.11121482645942],[-49.13883422204508,69.11096957836432],[-49.1409656642727,69.11091604796866],[-49.143097279253034,69.11086253899735],[-49.14526439590946,69.110996326798],[-49.14735566149501,69.11075112342368],[-49.149330943556954,69.10993505756693],[-49.15150262833188,69.11006884887078],[-49.15363414478137,69.11001529794133],[-49.154583861460274,69.1094178012339]]],"type":"Polygon"},"id":"0000000000000000004f","properties":{"area":220587.3482773851,"elevation":695.6784732224695,"region":"CW","year":2018},"type":"Feature"},{"geometry":{"coordinates":[[[-50.09870930416602,70.56818147095875],[-50.09828572175869,70.56720049177125],[-50.09706397819514,70.56632206478517],[-50.09492350659553,70.56537673160558],[-50.09177545959949,70.56433777223292],[-50.08943445940949,70.56349496411745],[-50.086446759635876,70.56320516248303],[-50.08324519320715,70.56248726012821],[-50.08056072665935,70.56242481877887],[-50.077791630228646,70.56289745396694],[-50.07503153053584,70.56316054683059],[-50.07357780944787,70.56415494000431],[-50.07246310084716,70.56510023017266],[-50.07180762718167,70.56611693880377],[-50.07240070077793,70.56701319511504],[-50.07327001892036,70.56813244958448],[-50.07471492754824,70.56923832949622],[-50.07633795307562,70.57021934720224],[-50.07833568766384,70.57126269058405],[-50.079575359118834,70.5716060710664],[-50.08248270440134,70.57206542195573],[-50.08541239193712,70.57274318988324],[-50.088832463129094,70.57264503806209],[-50.09215001833299,70.57216351986528],[-50.09531153643781,70.57111110976936],[-50.097509786781046,70.57012121990944],[-50.09844620086686,70.56933191307087],[-50.09870930416602,70.56818147095875]]],"type":"Polygon"},"id":"00000000000000000156","properties":{"area":829609.0059359177,"elevation":898.8885300619881,"region":"CW","year":2018},"type":"Feature"},{"geometry":{"coordinates":[[[-49.30950199895135,68.63627147504627],[-49.30922995982736,68.63494271197102],[-49.304347252919875,68.63412217870706],[-49.299740927221364,68.63463058114316],[-49.30045891087091,68.63556702136756],[-49.299772146008635,68.63730157159961],[-49.301685067863914,68.63896480987339],[-49.302037433026875,68.64067706279734],[-49.297703207566606,68.6425098097772],[-49.29282045719899,68.64168929041992],[-49.29213379068502,68.64342841362291],[-49.28832122416977,68.64524772321423],[-49.28531136520901,68.6459032004965],[-49.28410288965139,68.64765559647721],[-49.2823683448142,68.6494213659359],[-49.282720720780546,68.65112922221618],[-49.285596596276484,68.65238671315517],[-49.29040377757174,68.65282369820329],[-49.295009870051686,68.65231986681192],[-49.299660849118425,68.65199876779343],[-49.301912594407334,68.65021955544259],[-49.30312089049431,68.64847163688852],[-49.30589453952482,68.64667457635258],[-49.306059503124786,68.64495342010363],[-49.30466827926134,68.64327680216805],[-49.30171188378544,68.64164029015305],[-49.30500275560926,68.63982988318106],[-49.30621115792572,68.63807750476491],[-49.30950199895135,68.63627147504627]]],"type":"Polygon"},"id":"0000000000000000024e","properties":{"area":1052135.3702290265,"elevation":1067.619585713398,"region":"CW","year":2018},"type":"Feature"},{"geometry":{"coordinates":[[[-49.84890609113935,69.61876750815554],[-49.848861492986714,69.6185802485311],[-49.848812366021946,69.61838851349886],[-49.8487677694253,69.61820125393233],[-49.84871864410818,69.61800951895738],[-49.848674217102264,69.61782219441979],[-49.848085671416875,69.61764829761339],[-49.84803655284607,69.61745656255502],[-49.84799196431836,69.61726930298065],[-49.847448020483476,69.61728266327553],[-49.84690390197546,69.6173005374097],[-49.84635995616099,69.61731389359244],[-49.84586040130934,69.61752347466863],[-49.845316449211474,69.61753682689167],[-49.844772490082455,69.61755462792655],[-49.844277456473634,69.61775977731162],[-49.843733497159725,69.6177731235364],[-49.84318936247151,69.61779098359536],[-49.84323410026926,69.61798274833303],[-49.8432786533324,69.61817000937639],[-49.84278359355553,69.61837515366365],[-49.84228435005573,69.61858025933014],[-49.841784731201656,69.61878982631217],[-49.841833809787374,69.61897711271511],[-49.841878539384986,69.61916887809511],[-49.84192308448473,69.61935613977396],[-49.84197215888778,69.6195478771352],[-49.84147271582708,69.61975304514958],[-49.84151725904165,69.61994030706921],[-49.842110521691275,69.62011419094296],[-49.84269908927079,69.62028811271244],[-49.84328747317911,69.62046197929328],[-49.84333656107556,69.6206537164876],[-49.843381312657456,69.62084103094885],[-49.843925150205415,69.62082763345231],[-49.84442462289688,69.62061812369133],[-49.84492405674999,69.62041294521494],[-49.84541897040191,69.62020785822747],[-49.845963151141646,69.62019444081207],[-49.84650697673217,69.62017658263196],[-49.84705099308231,69.62015877524803],[-49.84759500274265,69.62014541669046],[-49.84809458981263,69.61994028002907],[-49.848049808982495,69.61974851619058],[-49.84745687621427,69.6195746445138],[-49.84741228757773,69.6193873843115],[-49.847911674343656,69.6191777446704],[-49.8484065355803,69.6189726474919],[-49.84890609113935,69.61876750815554]]],"type":"Polygon"},"id":"000000000000000000d0","properties":{"area":74083.63246670495,"elevation":848.15216869206,"region":"CW","year":2018},"type":"Feature"},{"geometry":{"coordinates":[[[-49.93924758493171,68.27980205199546],[-49.93893530432687,68.27847774646612],[-49.93709372441558,68.27719792922717],[-49.93422661932757,68.27595385273655],[-49.93136374046704,68.27470975380186],[-49.927787487213116,68.27482572894958],[-49.9242068918962,68.27494158879105],[-49.92036760441661,68.27392046283656],[-49.91678695975469,68.27403198669263],[-49.91321074134806,68.27414793090944],[-49.91300575885919,68.27549009587662],[-49.91433438614394,68.27678328076823],[-49.91566760289527,68.27807641336011],[-49.916996660463255,68.27936951595332],[-49.91730404811289,68.28069388804653],[-49.91607787994929,68.28206727090297],[-49.91383051602637,68.28347636668488],[-49.91260420911828,68.28484977781493],[-49.91291194744133,68.28617409786267],[-49.91671120564644,68.28700798034049],[-49.92020254224809,68.28651744964795],[-49.9238277775239,68.28658878464945],[-49.92727468331712,68.28590653106193],[-49.93054760935903,68.28446627197566],[-49.93403920712062,68.28397576629922],[-49.93659412176684,68.28389551890191],[-49.93679499580841,68.28255333486385],[-49.937508376678586,68.28119325082965],[-49.93924758493171,68.27980205199546]]],"type":"Polygon"},"id":"00000000000000000234","properties":{"area":1148158.154995641,"elevation":803.190394943542,"region":"CW","year":2018},"type":"Feature"},{"geometry":{"coordinates":[[[-48.62431206501157,68.67647479578086],[-48.62424960408228,68.67609572819588],[-48.624182795561005,68.67571671626125],[-48.623072340338574,68.67535997958687],[-48.62300555185782,68.67498096768837],[-48.621895145207276,68.67462422222081],[-48.62182837676467,68.67424521035875],[-48.62176584243568,68.67386171003476],[-48.62117727528415,68.67349613550036],[-48.62215394568314,68.67309031252421],[-48.62313037123028,68.67268904323464],[-48.62358518454086,68.67229653497995],[-48.62254184346666,68.67231886063334],[-48.62149826970235,68.67234562091683],[-48.6203880010124,68.67198886561448],[-48.61928212901357,68.67163216435227],[-48.61820307480514,68.6714671735608],[-48.61722663022989,68.6718685248025],[-48.61624992290977,68.67227431185066],[-48.61520656963458,68.67229658204533],[-48.615273414316015,68.67267564968954],[-48.61533601122609,68.67305908823377],[-48.615402678107266,68.67343810202004],[-48.61596015621851,68.67361646914732],[-48.61703475925962,68.67378147922584],[-48.61814522874861,68.67413819934542],[-48.61925538167966,68.67449492001968],[-48.620365795424526,68.67484718958059],[-48.62147166000519,68.67520394841124],[-48.621538426056205,68.67558296113783],[-48.62160531170282,68.67596640752896],[-48.62167226430577,68.6763454751222],[-48.62278256287304,68.67670216945811],[-48.62382596820157,68.67667540899848],[-48.62431206501157,68.67647479578086]]],"type":"Polygon"},"id":"0000000000000000020e","properties":{"area":91907.52256237474,"elevation":1322.68172109821,"region":"CW","year":2018},"type":"Feature"},{"geometry":{"coordinates":[[[-49.858368186987775,70.48187561579192],[-49.858319305146686,70.48168384423175],[-49.85770381403236,70.48150992151353],[-49.85765476742016,70.48132266873985],[-49.857605718665816,70.48113096207902],[-49.85699024752831,70.48095703655943],[-49.856945714020526,70.48076975576049],[-49.85689684676041,70.48057798388648],[-49.85628139556873,70.48040405558476],[-49.856232363254705,70.4802168024925],[-49.85618332908393,70.48002509551635],[-49.855567897866855,70.47985116441362],[-49.854952677296886,70.4796817376301],[-49.85433726393863,70.4795078015835],[-49.853721859571664,70.47933386306504],[-49.85367284847913,70.47914215543558],[-49.853623840483706,70.47895490169141],[-49.853057284434904,70.478968279333],[-49.85249110275727,70.47898609657355],[-49.85192491796806,70.478999457794],[-49.851403045587034,70.47920907180055],[-49.850885841688815,70.47941413735798],[-49.850368653248886,70.47961931907439],[-49.85041313066022,70.47980660150128],[-49.85046231546167,70.479998363056],[-49.8505113019768,70.48019007170129],[-49.851126506467416,70.48035951664649],[-49.85117569858349,70.48055127804228],[-49.85122469240706,70.48074298652949],[-49.85126937852238,70.4809303217421],[-49.85131837406742,70.48112203023639],[-49.85136736870343,70.48130928484893],[-49.85085031699208,70.48151440318433],[-49.85089480434555,70.48170613953702],[-49.8515100544392,70.48188003708498],[-49.85212551271469,70.482053985073],[-49.85274078078781,70.48222787767928],[-49.852789988918715,70.48241518488304],[-49.85283900080546,70.48260689306785],[-49.85340527141306,70.4825890748532],[-49.85397154079131,70.48257125449905],[-49.85454231766263,70.48255785810349],[-49.8551085846848,70.48254003345377],[-49.85567485311806,70.48252666055514],[-49.85624129202714,70.48250876657156],[-49.85681188750852,70.48249097269937],[-49.857329277589876,70.4822858214639],[-49.85784648395634,70.48208073348243],[-49.858368186987775,70.48187561579192]]],"type":"Polygon"},"id":"00000000000000000144","properties":{"area":77360.89701346811,"elevation":1046.1113821512397,"region":"CW","year":2018},"type":"Feature"},{"geometry":{"coordinates":[[[-49.230865774789905,70.39739349098747],[-49.22961258110002,70.39685393807527],[-49.227788976538484,70.39632329089099],[-49.22596965057313,70.39579713023294],[-49.22414591248349,70.39527095677941],[-49.22232637497061,70.39474476322188],[-49.2205072360644,70.39421414870206],[-49.21981599611913,70.39366119238707],[-49.219691309171736,70.39309044235304],[-49.21843375896422,70.39255093605962],[-49.21673928546095,70.39259097394114],[-49.21508493341969,70.39282284541807],[-49.215129556409345,70.3930146896185],[-49.21468808730339,70.39359875342046],[-49.215941119904855,70.39413830009279],[-49.21663228404718,70.39469127418693],[-49.21675727819289,70.39526201643855],[-49.21801464448756,70.3958060552674],[-49.21926750053365,70.3963455859268],[-49.21995868945783,70.3969029987666],[-49.22121614242908,70.39744250497934],[-49.222469357304874,70.39798206356627],[-49.224293156732735,70.39851271184116],[-49.22607207890036,70.39884717205068],[-49.22781125110492,70.39899425701807],[-49.22950561042701,70.39895416995881],[-49.230553559423306,70.39854841306332],[-49.230428752107656,70.39797760520372],[-49.230865774789905,70.39739349098747]]],"type":"Polygon"},"id":"00000000000000000110","properties":{"area":182318.37132419908,"elevation":1424.8381713200977,"region":"CW","year":2018},"type":"Feature"},{"geometry":{"coordinates":[[[-48.960207192464395,68.3842386367896],[-48.9574917395198,68.38354749593967],[-48.954704696142656,68.38247290510365],[-48.951917712016346,68.38140270127798],[-48.948760668847726,68.38109944436157],[-48.94553228429173,68.38042163979156],[-48.942375276649386,68.38011841805204],[-48.939289681234214,68.38019870784451],[-48.93616817256,68.38008728954713],[-48.93304684450537,68.3799757360854],[-48.929996753444094,68.38024332313593],[-48.92704926774824,68.3810816436611],[-48.925203229070604,68.38227224515066],[-48.92438706930245,68.38343603171778],[-48.92305388875548,68.38461320567349],[-48.92275075406297,68.38576370711647],[-48.92450763804317,68.3868606424507],[-48.92773592120421,68.38754287076121],[-48.930928853398186,68.3880333716162],[-48.934054602359495,68.38814487982599],[-48.937175890490956,68.38825632803658],[-48.940261611062525,68.38817605436105],[-48.94331600140284,68.38790848997472],[-48.94640185014342,68.38783274340109],[-48.949384982377794,68.38718617579734],[-48.952363646741006,68.38653511466359],[-48.95541823776674,68.38626755843914],[-48.95836109740538,68.38542926902183],[-48.960207192464395,68.3842386367896]]],"type":"Polygon"},"id":"000000000000000001e6","properties":{"area":1052135.3702289674,"elevation":1231.9706170454238,"region":"CW","year":2018},"type":"Feature"},{"geometry":{"coordinates":[[[-49.36668535955053,68.88442494819203],[-49.36599868904122,68.8836802456489],[-49.36478151084546,68.8829534186443],[-49.364094686396214,68.88220427442985],[-49.36498662566084,68.88141950022194],[-49.36535223454489,68.88064364242237],[-49.36571782127269,68.8798677846252],[-49.36397871691195,68.87915430839045],[-49.36183396063305,68.87902055280354],[-49.35980507383195,68.87945750693119],[-49.357780599125924,68.87989897000038],[-49.35575614735172,68.88033595813346],[-49.35380758243527,68.88115199230687],[-49.351783135923114,68.88158897641617],[-49.34975439774865,68.88202594490146],[-49.34768963262237,68.88227565132165],[-49.34570541805409,68.88290443646598],[-49.34586147659735,68.8836624022997],[-49.346548069887525,68.8844071261894],[-49.34881790230751,68.88510721009393],[-49.3510028729206,68.88543272706141],[-49.35315207619674,68.88556196871326],[-49.35517665326136,68.88512502729087],[-49.357245537643145,68.88487982324665],[-49.359430513630095,68.88520082713612],[-49.36161994351001,68.88552183650813],[-49.36372453130343,68.88546389529778],[-49.36579362338153,68.88521417180215],[-49.36668535955053,68.88442494819203]]],"type":"Polygon"},"id":"00000000000000000007","properties":{"area":411983.4717846417,"elevation":983.555207318251,"region":"CW","year":2018},"type":"Feature"},{"geometry":{"coordinates":[[[-48.78677953178234,69.53304131605803],[-48.78674375591938,69.53285403616199],[-48.786164081437285,69.53267565548178],[-48.78558424482819,69.53249733628934],[-48.785009279137725,69.53231894529397],[-48.78497351826017,69.53213166517295],[-48.78493777203036,69.53193988195916],[-48.78435811812618,69.53176599742824],[-48.784322395969205,69.531574332168],[-48.78428665588134,69.53138254894363],[-48.783707019917465,69.53120866196191],[-48.783127406471706,69.5310302695808],[-48.78255213371013,69.53085187875386],[-48.78200825740059,69.53086526540966],[-48.7814640207424,69.53087865951292],[-48.780924475053645,69.53089204591616],[-48.78096020237382,69.53107932664791],[-48.781539972513436,69.53125766399019],[-48.78211524807909,69.53143605897333],[-48.78215079656237,69.53162328532319],[-48.78218652010036,69.53181506907977],[-48.78222225880937,69.53200234974737],[-48.78171822018779,69.53220746864712],[-48.78121004393854,69.53240813304554],[-48.78070598783854,69.53261324843209],[-48.78019779422234,69.53281390928628],[-48.78023331528968,69.53300563951541],[-48.780813160651014,69.53317959522727],[-48.7813882885968,69.53335793943839],[-48.78196811717306,69.53353627574603],[-48.78254778360585,69.53371467353654],[-48.78258333937388,69.53390190032555],[-48.7826190703089,69.53409368453374],[-48.78319876917008,69.53426757673711],[-48.78323431658981,69.53445930665308],[-48.78327005366629,69.53465109085057],[-48.78380968123176,69.5346376958433],[-48.784353640950954,69.53462430258037],[-48.78489759980505,69.53461090725285],[-48.78540164568943,69.53441027979747],[-48.78590984072837,69.53420509693876],[-48.786413698834735,69.53400452973206],[-48.78637793790506,69.53381274638815],[-48.78634252334148,69.53362545669755],[-48.78630659315699,69.53343373719198],[-48.786271179798625,69.53324644757461],[-48.78677953178234,69.53304131605803]]],"type":"Polygon"},"id":"0000000000000000006f","properties":{"area":59539.60646102644,"elevation":1332.9956381453155,"region":"CW","year":2018},"type":"Feature"},{"geometry":{"coordinates":[[[-49.83219772309448,68.62561425303691],[-49.82591038075868,68.62332231349565],[-49.82326173405352,68.62092330484754],[-49.826329559842634,68.61834596675811],[-49.8231234608096,68.6180605825971],[-49.81650183559858,68.61884085972595],[-49.80983097060993,68.61942506957388],[-49.803030838058326,68.61944289986783],[-49.796409148558,68.62021873569822],[-49.789782897351444,68.62099463312418],[-49.78320109732933,68.62196224654039],[-49.77657053675969,68.62273365512678],[-49.769944260250334,68.6235095554293],[-49.76942707277609,68.62581939862673],[-49.770510552513166,68.62826740818105],[-49.77510344406875,68.63003770866456],[-49.78194831914064,68.63021158524158],[-49.78918983300561,68.63208885905115],[-49.79438453713549,68.62964080602143],[-49.80149230496857,68.63094734296823],[-49.80851535225941,68.63187929961467],[-49.81371026147402,68.62942681824967],[-49.81899896107732,68.62964973700211],[-49.82497399161057,68.62831648836601],[-49.83121233933302,68.62812478852182],[-49.83219772309448,68.62561425303691]]],"type":"Polygon"},"id":"0000000000000000000b","properties":{"area":2604046.4726007413,"elevation":867.8077041363432,"region":"CW","year":2018},"type":"Feature"},{"geometry":{"coordinates":[[[-48.7534297805864,69.79703799884825],[-48.753322651966535,69.79646717537376],[-48.75266267021041,69.7959098046315],[-48.75145880596763,69.7953658253114],[-48.75134735280135,69.79479499659796],[-48.749701987500025,69.79483071900631],[-48.74805219608407,69.7948708041035],[-48.746437952205305,69.79509822498717],[-48.74485939143966,69.79551291912338],[-48.74324964090592,69.79574036390208],[-48.74170682231164,69.79634675612603],[-48.741778149748534,69.79673023124604],[-48.74023524664591,69.79733672614448],[-48.739793722224256,69.79791639915103],[-48.739352327755086,69.7985005118005],[-48.74001244198898,69.79905793430302],[-48.73846951447668,69.79966434749362],[-48.739124896498474,69.80022177879249],[-48.73978486358293,69.80077914911404],[-48.74099345672695,69.80132761048372],[-48.74164875268211,69.80188497735128],[-48.743369889396014,69.80222389362459],[-48.745055494835874,69.80237993793959],[-48.746598458161834,69.80176906672233],[-48.748141129821306,69.80116262936738],[-48.74967970301703,69.80055616132579],[-48.75122240508819,69.79994974576681],[-48.75166389229556,69.79936558588527],[-48.75210533922698,69.79878592938161],[-48.752546783623266,69.79820176735784],[-48.75243986110999,69.79763099692026],[-48.7534297805864,69.79703799884825]]],"type":"Polygon"},"id":"0000000000000000009f","properties":{"area":323150.0778151208,"elevation":1427.2906328946344,"region":"CW","year":2018},"type":"Feature"},{"geometry":{"coordinates":[[[-49.007121392778814,68.8001881232518],[-49.00704992839677,68.79980459171992],[-49.00603338793299,68.80002305396616],[-49.00502121658118,68.80024155930846],[-49.003937444080435,68.800076588116],[-49.00292541239448,68.80029063375643],[-49.00190864711771,68.80050912975788],[-49.000936643358244,68.80091491984226],[-48.99991983338146,68.80113340136882],[-48.99887207950089,68.80116020693495],[-48.99778409705295,68.80099519060842],[-48.997859771796946,68.8013741618695],[-48.997931079774666,68.80175320046098],[-48.996954591881746,68.80216341067748],[-48.99703044203669,68.80254243704582],[-48.99605390644223,68.80294826093233],[-48.996651477281,68.80331387157452],[-48.99769916140098,68.80328714696833],[-48.998751744405084,68.80326039112117],[-48.99987531900604,68.80361267638177],[-49.00088751400747,68.80339865227823],[-49.00189966925212,68.80318012255046],[-49.0029877707299,68.80334510774391],[-49.003964221118,68.80293935228792],[-49.00497651170642,68.80272085402046],[-49.00546252865306,68.80252019413875],[-49.005912984890806,68.8021277607291],[-49.00584171635583,68.80174428113942],[-49.0068180556219,68.80133850639186],[-49.006742410161245,68.80095947555992],[-49.006670971267965,68.80058044155368],[-49.007121392778814,68.8001881232518]]],"type":"Polygon"},"id":"00000000000000000258","properties":{"area":108368.57137949899,"elevation":1189.132775159047,"region":"CW","year":2018},"type":"Feature"},{"geometry":{"coordinates":[[[-49.39700730115217,69.2814320809258],[-49.39696733255472,69.28124032537846],[-49.39639210228878,69.28106642277653],[-49.396347498752704,69.28087469311643],[-49.39630727881449,69.2806874504901],[-49.39577228129569,69.28070078814402],[-49.39523711586987,69.2807141882528],[-49.3947020257274,69.28073197031974],[-49.394206895067526,69.28093267404316],[-49.39367198709854,69.2809505056235],[-49.39313681387298,69.28096389778779],[-49.39264192894231,69.28116903344294],[-49.392146938509114,69.2813696655273],[-49.391611851259,69.28138755377783],[-49.39103665260881,69.28121362956503],[-49.390501470701906,69.2812270117644],[-49.390006556933294,69.28143213819358],[-49.38951153814677,69.28163276105023],[-49.389016607394126,69.28183788407837],[-49.3885263088427,69.28204297972438],[-49.38803119400058,69.28224816383488],[-49.38753614155152,69.28244877990099],[-49.38757639385893,69.28264052710253],[-49.38815160392112,69.28281446573261],[-49.388686635014494,69.28280103908897],[-49.38922185352274,69.2827876638474],[-49.389801363449706,69.28296158122744],[-49.3903365842634,69.28294820178945],[-49.390871707448014,69.28293031844933],[-49.39140675934557,69.28291699943931],[-49.39194178910969,69.28290356052067],[-49.392476839245894,69.28289023747118],[-49.39297176015045,69.2826851020348],[-49.39350697140013,69.28267171061152],[-49.39404191739307,69.28265387976093],[-49.39453700787056,69.28244879227722],[-49.3950319990123,69.28224815155532],[-49.395526884196855,69.28204300725561],[-49.39601747552589,69.28183787612109],[-49.39651234367462,69.28163272843733],[-49.39700730115217,69.2814320809258]]],"type":"Polygon"},"id":"00000000000000000072","properties":{"area":54994.59833424233,"elevation":683.7698479456487,"region":"CW","year":2018},"type":"Feature"},{"geometry":{"coordinates":[[[-48.51562596152256,69.83925224671005],[-48.51522005481072,69.83889551777844],[-48.5149392228473,69.83850311052912],[-48.51428806904977,69.83794572625739],[-48.51275420901839,69.83747756713134],[-48.51254009975658,69.83741064926917],[-48.51089022114013,69.83744634284425],[-48.51092609893577,69.8376380891668],[-48.50992703987128,69.83823111592739],[-48.50837531281352,69.83883312326711],[-48.50747013612595,69.83886876657687],[-48.507572833829876,69.83943956425668],[-48.506894903913114,69.83981411380411],[-48.50644905309129,69.84039823626412],[-48.50560617521488,69.84081741113577],[-48.50570444799671,69.8413881987341],[-48.50613251291466,69.8417359443034],[-48.50623500204635,69.84230668983629],[-48.50701095811518,69.84250293896486],[-48.50869651297982,69.84265899229806],[-48.5103507864607,69.8426233456148],[-48.511215885130476,69.84239142084003],[-48.511715262486085,69.84209274584032],[-48.512972835847044,69.84180734337927],[-48.513454262837975,69.84141489157113],[-48.51500610285308,69.84080844229705],[-48.515456327720244,69.84022435944816],[-48.51537175111933,69.83975615524771],[-48.51562596152256,69.83925224671005]]],"type":"Polygon"},"id":"00000000000000000090","properties":{"area":152690.76365328106,"elevation":1549.4655565211265,"region":"CW","year":2018},"type":"Feature"},{"geometry":{"coordinates":[[[-49.361107136349496,68.61022586934293],[-49.361066926803645,68.61003414699289],[-49.360509583186285,68.6098602941194],[-49.35995222659023,68.6096863213261],[-49.359390297393,68.60950799260078],[-49.35883297622938,68.60933413321966],[-49.35879284925167,68.60914678958717],[-49.35875265930735,68.60895506704931],[-49.358191001120325,68.6087811661347],[-49.35767345501669,68.6087945392189],[-49.357151900423034,68.60880786012089],[-49.35659460918407,68.6086339920509],[-49.35607289405129,68.60864737324749],[-49.35555553154976,68.60866079176118],[-49.35503371498812,68.60867861235154],[-49.3550739759119,68.60886589241653],[-49.35511413774441,68.60905761587802],[-49.35463257078083,68.60926271510492],[-49.35467266709624,68.60945005986541],[-49.35471282697311,68.60964178365614],[-49.35423116226546,68.60984238492838],[-49.354271319522326,68.61003410898496],[-49.35431149783631,68.6102259508618],[-49.35435157316859,68.61041317831116],[-49.35439173240811,68.61060490255598],[-49.35391006715546,68.61080562075749],[-49.35395022377502,68.61099734526812],[-49.353990381058374,68.61118906984203],[-49.35403063893205,68.61137635112384],[-49.35458797546078,68.61155023068375],[-49.35514975684307,68.61172864413588],[-49.355707108386945,68.61190251935258],[-49.35574728071193,68.61209424381714],[-49.355787390575586,68.61228158935155],[-49.35634475858352,68.61245546224632],[-49.35686655251436,68.61244208024274],[-49.35734816018677,68.61223697209516],[-49.35782530650436,68.61203626645539],[-49.358306898191465,68.61183115505631],[-49.35878848182517,68.61162604202441],[-49.35874828727157,68.61143431853182],[-49.3587079942841,68.61124703846342],[-49.35918956340041,68.61104192420626],[-49.359666770628316,68.61083676914973],[-49.36014840796865,68.61063614837914],[-49.36062995304794,68.61043102923766],[-49.361107136349496,68.61022586934293]]],"type":"Polygon"},"id":"0000000000000000024f","properties":{"area":77275.47916930677,"elevation":1064.6284966239493,"region":"CW","year":2018},"type":"Feature"},{"geometry":{"coordinates":[[[-49.99318910728393,68.33817611940438],[-49.99254249943965,68.33762322147894],[-49.991895930745045,68.33707476281201],[-49.990224004019,68.33655302513047],[-49.98855165263784,68.33603578704513],[-49.986968593801826,68.33589754063064],[-49.985385721676785,68.33575488694645],[-49.983802691639376,68.33561660399192],[-49.98226443222177,68.33566564148508],[-49.98128781421329,68.33588866877457],[-49.980395982935455,68.33649056778759],[-49.97899134650206,68.33710598882858],[-49.97758680803155,68.33772577233285],[-49.97609295411118,68.33796214577039],[-49.97459923710326,68.33820287926513],[-49.97468829349501,68.33858189999286],[-49.974309237393506,68.33916609678076],[-49.97444316020476,68.33973239612494],[-49.97508960278495,68.3402853157827],[-49.97624892973448,68.34082039445728],[-49.976895621234085,68.34137335969929],[-49.97801046970314,68.34171669309204],[-49.97963789066432,68.34204662047718],[-49.98126553327411,68.34237658138049],[-49.98280386091235,68.34232756894961],[-49.984386942645706,68.34246576245874],[-49.98583620753905,68.34203774988765],[-49.9872406159567,68.34142238234705],[-49.98761976491381,68.34083825049385],[-49.98902439302029,68.34021841152014],[-49.99042898461339,68.33960311773224],[-49.99187367077069,68.33917502335153],[-49.99229733345402,68.33877816537559],[-49.99318910728393,68.33817611940438]]],"type":"Polygon"},"id":"0000000000000000024d","properties":{"area":398265.931103548,"elevation":780.4284142558254,"region":"CW","year":2018},"type":"Feature"},{"geometry":{"coordinates":[[[-50.55205719740807,71.83835200221557],[-50.55187870568383,71.83778122697598],[-50.55109399323372,71.83723276476773],[-50.550920088166286,71.83666640782826],[-50.55134821607809,71.83607782392222],[-50.55178068812884,71.83549372398465],[-50.55160239176237,71.8349274007196],[-50.55081763500424,71.83437448322672],[-50.548819872894626,71.83386168319598],[-50.54803959259865,71.83331323775431],[-50.54621567702779,71.83337116790777],[-50.54428043462519,71.83304567759333],[-50.54239869027828,71.8329118814147],[-50.540699947234785,71.83334440332635],[-50.53893848598526,71.83358967036966],[-50.53729322674889,71.83421392562879],[-50.5380156573965,71.83457067099697],[-50.53819393161484,71.83514139539896],[-50.53776151304418,71.83572556149092],[-50.53915240279327,71.8362562088463],[-50.53993733515818,71.83680916773069],[-50.53950472021177,71.83739328582611],[-50.540896158066104,71.83792390439436],[-50.541016489982134,71.83830288908739],[-50.54295177596185,71.83862843302046],[-50.544949436869885,71.8391412013857],[-50.54677324298047,71.83908324967301],[-50.548534683922405,71.83883803098945],[-50.55029584441522,71.83859725987683],[-50.55205719740807,71.83835200221557]]],"type":"Polygon"},"id":"0000000000000000019f","properties":{"area":258610.8727174727,"elevation":1141.2091923559774,"region":"CW","year":2018},"type":"Feature"},{"geometry":{"coordinates":[[[-47.92086215867029,69.06143785530386],[-47.92008628583456,69.06117035026013],[-47.91844082800482,69.0608180435831],[-47.91684879454653,69.06084925710681],[-47.915203414941885,69.06049703085013],[-47.9136115781492,69.06052826301072],[-47.911966079241175,69.06017594383674],[-47.910374255567724,69.0602071393079],[-47.90878686847541,69.06023396570413],[-47.907141459419776,69.05988614472103],[-47.90554965087688,69.05991284915042],[-47.90398434117223,69.06013133840578],[-47.902365854192716,69.05997082083273],[-47.90077386546034,69.0600020880806],[-47.8991284155096,69.05964979995896],[-47.897616852640716,69.06024731171905],[-47.89834374156842,69.06066198625778],[-47.89946736108243,69.06106335861128],[-47.90045727707375,69.06152705489562],[-47.900639938942675,69.06180351981088],[-47.90223647154253,69.06177677619426],[-47.903832823457016,69.06174552271342],[-47.90542917572021,69.06171880542921],[-47.907052229965004,69.0618793738809],[-47.908648583894205,69.06185261998857],[-47.910244939516446,69.06182141157615],[-47.91178780955503,69.0614111425797],[-47.91338412280046,69.06138433475238],[-47.915007211939475,69.061544929215],[-47.916603716151684,69.06151370375042],[-47.918200039502395,69.06148695915769],[-47.91982316147631,69.06164749805716],[-47.92086215867029,69.06143785530386]]],"type":"Polygon"},"id":"00000000000000000229","properties":{"area":135385.64615738668,"elevation":1474.2029473909438,"region":"CW","year":2018},"type":"Feature"},{"geometry":{"coordinates":[[[-49.641642641743104,69.39705660501241],[-49.641553312213944,69.39667753398551],[-49.64142402978663,69.39610678699626],[-49.64075513081762,69.39555387018267],[-49.63954664962892,69.39501877606261],[-49.63780320245109,69.39449262314876],[-49.63614452086158,69.39434994068328],[-49.63453024707469,69.3943989474846],[-49.6330453193453,69.39500984278129],[-49.63147578508071,69.39524618064232],[-49.629857152307096,69.39529527409256],[-49.62824302902303,69.39533981315454],[-49.62667325126817,69.39557616274354],[-49.62510379707971,69.39581248337039],[-49.62361891002735,69.39642338655585],[-49.62428776283523,69.3969808206276],[-49.62549617054487,69.3975158617747],[-49.62723961870911,69.39803759968076],[-49.62889844753936,69.39818471881658],[-49.63055717357206,69.39832743407514],[-49.632215916256044,69.39847013015472],[-49.63387467558796,69.39861280705514],[-49.635488996978246,69.39856820493611],[-49.63705853249125,69.3983318873782],[-49.63854343169542,69.39771656334696],[-49.64002842066436,69.39710115927316],[-49.641642641743104,69.39705660501241]]],"type":"Polygon"},"id":"0000000000000000009a","properties":{"area":225886.903901699,"elevation":820.4328619657306,"region":"CW","year":2018},"type":"Feature"},{"geometry":{"coordinates":[[[-49.5269500049519,69.84624855994294],[-49.52591538071216,69.84561540534199],[-49.522954683227915,69.84474142649243],[-49.52048424257543,69.84470575807433],[-49.517795472635754,69.8449688058523],[-49.516087684100505,69.8448261582211],[-49.51429518804148,69.84554850593065],[-49.513608462348394,69.84603900089574],[-49.51185145812889,69.84694862932118],[-49.50932307353797,69.84796980877577],[-49.50789179029592,69.84896416507154],[-49.50722740251695,69.8496463834978],[-49.50658969316367,69.8505248508454],[-49.50749067129858,69.8507879423701],[-49.50918487460781,69.85093510308972],[-49.51166418214565,69.85095736195562],[-49.51450020889617,69.85126065195502],[-49.51639078841097,69.8509306722986],[-49.51896826316162,69.85009679414533],[-49.520622430570846,69.85005219609796],[-49.52222774168882,69.84981587304136],[-49.524894477454566,69.8493610466916],[-49.52496566724088,69.84868770492442],[-49.52619628844177,69.84779589092624],[-49.52681617553124,69.84711365102886],[-49.5269500049519,69.84624855994294]]],"type":"Polygon"},"id":"000000000000000000e7","properties":{"area":378597.0711817052,"elevation":975.2484638651617,"region":"CW","year":2018},"type":"Feature"},{"geometry":{"coordinates":[[[-50.30819358995384,70.69272419019947],[-50.30689141270416,70.69218912243441],[-50.306160017113775,70.69164060537355],[-50.30428733120915,70.69112340884303],[-50.30240987084722,70.69061058047424],[-50.300644109526495,70.69047234796328],[-50.2988739130135,70.69033859038218],[-50.297108187227515,70.6902003169171],[-50.295391417852976,70.69025382357472],[-50.29372821813702,70.6904946689479],[-50.291957781719695,70.69035644197568],[-50.29201141165776,70.69054813722914],[-50.291025960117196,70.69115016436818],[-50.29061565446428,70.69173430990955],[-50.29020104733914,70.69232288389038],[-50.28979070010856,70.69290702718094],[-50.2893759613361,70.69349114445065],[-50.28953666289256,70.69405744221055],[-50.29026326745838,70.69461041548922],[-50.292033738765916,70.69474415701583],[-50.293750375045555,70.6946951051501],[-50.295413615760914,70.69444987177123],[-50.29723305964961,70.69477535358362],[-50.299056748821314,70.69510090403082],[-50.300827035265556,70.69523912896156],[-50.30259279405334,70.6953773743931],[-50.304256173455265,70.69513209618553],[-50.30581218290378,70.69451232628055],[-50.30622688344214,70.69392814892397],[-50.30778313049893,70.69330834513117],[-50.30819358995384,70.69272419019947]]],"type":"Polygon"},"id":"00000000000000000167","properties":{"area":291356.20918694703,"elevation":944.7760997156163,"region":"CW","year":2018},"type":"Feature"},{"geometry":{"coordinates":[[[-49.261776248848285,68.83304714726137],[-49.261174192292245,68.83268151892796],[-49.260046055185676,68.83232923505207],[-49.25891339167394,68.83197696412957],[-49.25883748674632,68.83159798414286],[-49.25778515196344,68.83162472688971],[-49.25673743878791,68.83165593857386],[-49.255725081150445,68.83187443214568],[-49.254713053756326,68.8320929076371],[-49.25366052477802,68.83211968336869],[-49.25260834143293,68.83214644040605],[-49.25156042986963,68.83217767727419],[-49.250548118266096,68.83239168805447],[-49.24953585471088,68.83261019007739],[-49.24852375695849,68.8328287383026],[-49.247471414155605,68.83285990141258],[-49.246499300469786,68.83326564132341],[-49.24710572205492,68.8336313113917],[-49.248233914594294,68.83398363629493],[-49.249281791783524,68.83395686976326],[-49.250333992230196,68.83392563951489],[-49.25142672446286,68.83409059353204],[-49.2525146808369,68.83425112627208],[-49.25356695344019,68.83422437019473],[-49.254579078253926,68.83400590259197],[-49.255551197649815,68.83359566020303],[-49.25656362660145,68.8333771675062],[-49.257611296018084,68.83335040238588],[-49.25870399514954,68.83351091835873],[-49.259716040698194,68.83329241335984],[-49.26072825207629,68.83307395455073],[-49.261776248848285,68.83304714726137]]],"type":"Polygon"},"id":"00000000000000000293","properties":{"area":101052.54968297995,"elevation":1070.8702233250617,"region":"CW","year":2018},"type":"Feature"},{"geometry":{"coordinates":[[[-48.64593410893748,69.70806102389659],[-48.64531884718556,69.70769093647252],[-48.644150510522856,69.70733868602964],[-48.64408378591677,69.70695519576977],[-48.64346398630111,69.70658954244827],[-48.64284843805998,69.70621945450897],[-48.642777143326214,69.7058404055138],[-48.64216175710359,69.70547475536675],[-48.64154661991265,69.70510465333602],[-48.64147517757187,69.70472566783445],[-48.6414039097768,69.70434661886324],[-48.64078845140369,69.70397652334678],[-48.64017314361945,69.7036108657306],[-48.64010172822431,69.70323188025188],[-48.64003489192481,69.70284833563998],[-48.63890214503409,69.70268338623254],[-48.63777394887457,69.70251837273982],[-48.63671731499766,69.70273239160804],[-48.63678413885313,69.70311143363051],[-48.63739951441069,69.70348154557345],[-48.63856337509554,69.70383377628319],[-48.638086162194014,69.70422620145824],[-48.638157508296416,69.70460969215816],[-48.63822889770461,69.70498867907915],[-48.638844212875945,69.70535434553825],[-48.63945967829186,69.70572444990482],[-48.63953092008486,69.70610350031583],[-48.64014628384262,69.7064691618337],[-48.64131009924316,69.70682582165271],[-48.64138137416853,69.70720487171126],[-48.6425452610989,69.70756164009082],[-48.64316064994769,69.70793167551534],[-48.6437448110464,69.7081101170094],[-48.64483730791359,69.70808337760789],[-48.64593410893748,69.70806102389659]]],"type":"Polygon"},"id":"00000000000000000080","properties":{"area":69538.62434001037,"elevation":1436.8238580518334,"region":"CW","year":2018},"type":"Feature"},{"geometry":{"coordinates":[[[-50.27939202694097,70.47492831796133],[-50.2779428120544,70.47382695794018],[-50.27479481093805,70.4727745899412],[-50.27674785645824,70.47157064435768],[-50.27643567424278,70.47043354947793],[-50.27452737937815,70.46972454182036],[-50.27096882201528,70.4692608359073],[-50.267517676822905,70.46917608259297],[-50.26417322666207,70.46947036717062],[-50.26098040028433,70.47033547763493],[-50.26005743472907,70.47112911645658],[-50.258104336622175,70.47233316825539],[-50.25671764298161,70.47352369613617],[-50.25872853281639,70.4746117117775],[-50.25847433640415,70.47576219119946],[-50.25822037079693,70.47691705921525],[-50.25683361633157,70.47810764165223],[-50.26054784005168,70.47914219939244],[-50.26142626776372,70.48026141146156],[-50.262875483302864,70.48136280109401],[-50.26478412067333,70.48206733870005],[-50.26519418829457,70.48148319784974],[-50.26601475275113,70.48031049802314],[-50.26740171597269,70.47911986736119],[-50.270487294972696,70.47788024941944],[-50.27357735008876,70.47663617746637],[-50.27671662239336,70.47558384392892],[-50.27939202694097,70.47492831796133]]],"type":"Polygon"},"id":"00000000000000000155","properties":{"area":710724.9661293741,"elevation":458.5836599823432,"region":"CW","year":2018},"type":"Feature"},{"geometry":{"coordinates":[[[-49.00253735416868,70.04367975572548],[-49.0019041731936,70.04331408711526],[-49.00075379879032,70.0431536078737],[-48.99964345771037,70.0431803466532],[-48.99857331726259,70.04339435828453],[-48.997498759845634,70.04361287001846],[-48.99757899027315,70.04399188477525],[-48.9965443919127,70.04439761711548],[-48.99662018379039,70.04477663489193],[-48.99559015377474,70.04518241229182],[-48.995666126900296,70.04556148476192],[-48.99574633556089,70.04594050103294],[-48.9963793026923,70.04630614286162],[-48.9964550991275,70.04668516131619],[-48.997088464633286,70.04705079038823],[-48.99768147067441,70.04722919885056],[-48.99879181398131,70.0472024214861],[-48.999902153629975,70.0471756357221],[-49.00093663816414,70.04676994309399],[-49.001413694730616,70.04637746916464],[-49.00133801327221,70.04599850708729],[-49.00125771436253,70.04561949353764],[-49.00118201815379,70.04524041358762],[-49.0011017247677,70.04486140020124],[-49.00157876085919,70.04446904423222],[-49.00150285990457,70.04408552323065],[-49.00253735416868,70.04367975572548]]],"type":"Polygon"},"id":"000000000000000000f9","properties":{"area":80980.12026554118,"elevation":1311.6066168340042,"region":"CW","year":2018},"type":"Feature"},{"geometry":{"coordinates":[[[-48.99218785877399,68.6625979999472],[-48.989070856387066,68.66000732354254],[-48.98648034015662,68.6574031765821],[-48.980866186497316,68.65544561603033],[-48.973932245632774,68.65752804953559],[-48.96818454835877,68.66034623265115],[-48.9609607440783,68.6609080233913],[-48.95351860563415,68.66033283770703],[-48.946147744044815,68.66013659981999],[-48.938705325101616,68.65956140902144],[-48.9427855381287,68.66175079522836],[-48.946419609237225,68.66432813279994],[-48.94796255938922,68.66695901314978],[-48.94950968686208,68.66959439614813],[-48.95314403912591,68.67217170627994],[-48.9572998128564,68.67474017194962],[-48.96451475060966,68.67684487998022],[-48.97196591481117,68.67742010678927],[-48.9680597975343,68.67618490971611],[-48.960251702399724,68.67371014540628],[-48.96130864696529,68.6710123842302],[-48.95976123791976,68.66838147066798],[-48.9666639589288,68.66610741087601],[-48.97418196229576,68.66706164212808],[-48.981410201322234,68.66649972078108],[-48.98852681308569,68.66536270317857],[-48.99218785877399,68.6625979999472]]],"type":"Polygon"},"id":"00000000000000000246","properties":{"area":1988586.147382044,"elevation":1209.8414389397078,"region":"CW","year":2018},"type":"Feature"},{"geometry":{"coordinates":[[[-48.68344868151977,69.50147093327467],[-48.68225809117261,69.50092243222909],[-48.68161147574132,69.5003650467417],[-48.6809693879259,69.49980760206718],[-48.680322661792125,69.49925027537353],[-48.67913221677384,69.49870625332915],[-48.67794615152213,69.49816222890723],[-48.6767599684882,69.49761825884092],[-48.67502998594095,69.49708313187021],[-48.673402340638425,69.49711881663198],[-48.671779150082465,69.49715892925212],[-48.67015600553048,69.49719463862318],[-48.66863553695926,69.49780109227835],[-48.66870238241264,69.49818008252095],[-48.66880940114584,69.49875085305034],[-48.66891196363864,69.49931717745066],[-48.6684750359993,69.49990127881765],[-48.6685775963874,69.50046760426594],[-48.66922409074414,69.50102498405235],[-48.66987061506492,69.5015823614088],[-48.66997335140205,69.50215312643252],[-48.67116375360699,69.50269710883052],[-48.67181036783241,69.50325447889514],[-48.67245251358223,69.50381190301569],[-48.67415136215543,69.50415530108302],[-48.675774434363376,69.5041196205149],[-48.677433232997245,69.5042756394684],[-48.67906085439596,69.50423548014281],[-48.68068393594729,69.50419986194322],[-48.68224010272591,69.503785174211],[-48.68267711807504,69.50320101788233],[-48.683114249804156,69.50262129982436],[-48.68301174854283,69.50205058797567],[-48.68344868151977,69.50147093327467]]],"type":"Polygon"},"id":"00000000000000000067","properties":{"area":347693.1216998307,"elevation":1340.5085480202147,"region":"CW","year":2018},"type":"Feature"},{"geometry":{"coordinates":[[[-49.664192301515854,69.32600969904632],[-49.66414763415382,69.32581796407217],[-49.663612625487275,69.32583584448305],[-49.66307298719121,69.32584919058618],[-49.66249332235824,69.32567533154828],[-49.661913642912104,69.32550135236427],[-49.661378490914885,69.32551472226056],[-49.66084348527668,69.32553259226425],[-49.66030403974775,69.3255459809429],[-49.65976884283156,69.32556379382908],[-49.65923368702988,69.32557715564334],[-49.65869419636983,69.32559498726155],[-49.658159227835384,69.32560839809773],[-49.657668518341815,69.3258135553869],[-49.65717367521217,69.3260186689381],[-49.656638463764835,69.32603646999958],[-49.65610348317474,69.32604987306367],[-49.65614808784866,69.32624161035864],[-49.656727724887325,69.32641549526481],[-49.65676789689119,69.32660275306023],[-49.65681234137255,69.32679455510682],[-49.657391996118896,69.32696843751353],[-49.657971848040745,69.32714237070572],[-49.658551518775326,69.32731624853909],[-49.659135678672406,69.32749015437824],[-49.65971536542287,69.32766402762071],[-49.660250252901896,69.32764622680195],[-49.66078545315327,69.32763286131313],[-49.66136515413919,69.32780672792853],[-49.66190469039475,69.32778888632048],[-49.662439891916684,69.3277755146117],[-49.6629747367545,69.32776215261588],[-49.66350997788979,69.32774432780295],[-49.66404946860765,69.32773092711912],[-49.664004798673034,69.327539191636],[-49.6639604439426,69.327351893531],[-49.6639157755209,69.3271601581261],[-49.66387106650878,69.32697287182889],[-49.6638310472008,69.32678110185006],[-49.663786528840106,69.3265938686939],[-49.663741863411516,69.32640213344663],[-49.66369715735647,69.32621484730223],[-49.664192301515854,69.32600969904632]]],"type":"Polygon"},"id":"0000000000000000008b","properties":{"area":59539.60646099483,"elevation":656.4815057868988,"region":"CW","year":2018},"type":"Feature"},{"geometry":{"coordinates":[[[-48.80614525559992,69.6636127636697],[-48.806073868687854,69.66323368510808],[-48.80439730235364,69.66308209121878],[-48.802653609244494,69.66255146526481],[-48.800977107599614,69.66239983198743],[-48.79930498089429,69.66224818273241],[-48.79759265093069,69.66190487267122],[-48.79595611514775,69.66194056463559],[-48.794208153433395,69.66140989849818],[-48.79253614798492,69.66125828936815],[-48.79082380517794,69.66091496370497],[-48.78911602379825,69.66057606176764],[-48.78736797449476,69.6600409381647],[-48.785619987966825,69.65951029777273],[-48.78398342839193,69.65954603612234],[-48.78409056913914,69.66011675391339],[-48.78583855564508,69.6606519170422],[-48.78758644095288,69.66118250151432],[-48.7893298741893,69.66171312545734],[-48.79100661339501,69.66186476598251],[-48.792678825305295,69.66201632927374],[-48.794391100060025,69.6623596974804],[-48.79609889407395,69.66270310594615],[-48.79777537452325,69.66285467790247],[-48.79944770768591,69.66300628131191],[-48.801159969613096,69.66334963392585],[-48.80283218268675,69.6635012621713],[-48.80447318987612,69.6634611099106],[-48.80614525559992,69.6636127636697]]],"type":"Polygon"},"id":"00000000000000000097","properties":{"area":82264.64709499251,"elevation":1375.528688883058,"region":"CW","year":2018},"type":"Feature"},{"geometry":{"coordinates":[[[-49.31255629359742,70.27017533690692],[-49.30958214951499,70.2694841803591],[-49.30629592583587,70.26995234929153],[-49.30300949025181,70.2704160567615],[-49.29976778756994,70.27107156281238],[-49.296570652490644,70.27191436390842],[-49.29336889642838,70.27276161326036],[-49.290167201364746,70.27360439402186],[-49.286965635068334,70.27444709460264],[-49.28384884282329,70.275673371603],[-49.282417488928814,70.27685060385294],[-49.27985790768696,70.27806343489564],[-49.277864570768806,70.27925853386073],[-49.277557121066415,70.28040895355569],[-49.27724488774916,70.28156390105356],[-49.278060809631334,70.28268759403208],[-49.28122225013597,70.28165305832061],[-49.28321563072779,70.28045803072585],[-49.2852088039555,70.27926297650008],[-49.28837040056717,70.27822843815996],[-49.2892843923535,70.27725190350154],[-49.291277733810496,70.27605686455324],[-49.294394575407644,70.27483065544635],[-49.29751134404233,70.27360882267637],[-49.300708499286124,70.27276606559401],[-49.30391018276014,70.2719188286959],[-49.30702718978176,70.27069699884112],[-49.310438353772675,70.27079955069071],[-49.31255629359742,70.27017533690692]]],"type":"Polygon"},"id":"0000000000000000010d","properties":{"area":381375.6501891672,"elevation":1360.6813535624556,"region":"CW","year":2018},"type":"Feature"},{"geometry":{"coordinates":[[[-48.514270367912026,68.76956295076292],[-48.50585146089543,68.76955849732644],[-48.497366005664865,68.76917502344797],[-48.488911361255546,68.76897878482278],[-48.480555160154466,68.76935340892776],[-48.47229243589708,68.77029872764714],[-48.465095421649515,68.76816729342477],[-48.473197693797815,68.76627660168641],[-48.481553929995805,68.76589760606147],[-48.480581762319346,68.76324888034341],[-48.474388080040015,68.76395785404539],[-48.4660363268236,68.7643324138039],[-48.45755052414437,68.7639489419615],[-48.44910065485504,68.76375275307535],[-48.44081099477249,68.76450634519466],[-48.43270442774076,68.7663969601331],[-48.435576194859195,68.767859615707],[-48.444155426306025,68.7688183363864],[-48.45279718934287,68.77015604293248],[-48.46131405214033,68.77073122024628],[-48.46970148156046,68.77054841699672],[-48.478254096613064,68.77131096211251],[-48.48664179331041,68.77112813165753],[-48.49499798936432,68.77075356688343],[-48.503323191762796,68.77018725557484],[-48.511746329857154,68.77019170241799],[-48.514270367912026,68.76956295076292]]],"type":"Polygon"},"id":"00000000000000000041","properties":{"area":1265214.502139711,"elevation":1330.9470130497557,"region":"CW","year":2018},"type":"Feature"},{"geometry":{"coordinates":[[[-48.67179692136095,68.60996279780771],[-48.67013830983261,68.60943218159512],[-48.668541877258455,68.60927613124852],[-48.666883029197216,68.60874548619766],[-48.66532224884863,68.6087811537091],[-48.66379287022556,68.60900855225763],[-48.66229909062104,68.60942331141887],[-48.66070721605681,68.60926716807046],[-48.65921348961343,68.60968632656238],[-48.657719588456004,68.61010103619411],[-48.656225817978026,68.61051578409278],[-48.65469642147863,68.61074313603133],[-48.6547631574083,68.61112221302513],[-48.65486140446597,68.61169297832242],[-48.654963830213596,68.61226375134812],[-48.65506190529014,68.61283446351717],[-48.65568176218807,68.61339187056838],[-48.657242492140085,68.61335620444689],[-48.6588030921848,68.61331608776477],[-48.660399536438945,68.61347208081911],[-48.66196027539747,68.6134364790547],[-48.66352086645321,68.61339630889051],[-48.66501469400094,68.61298159749666],[-48.66654413616653,68.61275424792727],[-48.66803787197342,68.6123395039605],[-48.669531738488125,68.61192479824904],[-48.67105689595405,68.61169739197334],[-48.67095862862692,68.61112662771248],[-48.671377855949274,68.61054698843024],[-48.67179692136095,68.60996279780771]]],"type":"Polygon"},"id":"00000000000000000217","properties":{"area":264748.5351424574,"elevation":1308.7653286102523,"region":"CW","year":2018},"type":"Feature"},{"geometry":{"coordinates":[[[-48.26627738083966,68.99254480169255],[-48.26621486019751,68.99216128497737],[-48.265626543819344,68.99179563236873],[-48.265563867285024,68.99141217897953],[-48.26603227129,68.99102422777742],[-48.264975338111334,68.99104203335546],[-48.26388279164909,68.99087707890689],[-48.26282162251751,68.99089484902639],[-48.261733686048444,68.99072988891119],[-48.2606411166482,68.99056047339701],[-48.25964220116702,68.9909618003866],[-48.25861220015257,68.9911758242857],[-48.25755102564782,68.99119367236186],[-48.256520995231554,68.99140768086914],[-48.25552215945892,68.99180903359078],[-48.25558462682963,68.99218805529551],[-48.25458120731242,68.992593826406],[-48.25411294210333,68.99298173145658],[-48.2541710383347,68.9933652340382],[-48.255294723998816,68.99372199864979],[-48.255352602000094,68.99410101042132],[-48.25541512835515,68.9944844696482],[-48.25650308082971,68.99465397936271],[-48.25756433486221,68.99463158563307],[-48.25862560166228,68.99460930181617],[-48.25965574501329,68.99439527701777],[-48.26068575729835,68.99418574373273],[-48.261746999576125,68.99416343619907],[-48.26280823907008,68.99414112061399],[-48.263865068070615,68.9941188408693],[-48.263807059701655,68.99373983221604],[-48.264806015465595,68.99333847376437],[-48.26580476996201,68.99293717145382],[-48.26627738083966,68.99254480169255]]],"type":"Polygon"},"id":"0000000000000000022d","properties":{"area":155922.71240678726,"elevation":1355.9503011703275,"region":"CW","year":2018},"type":"Feature"},{"geometry":{"coordinates":[[[-47.67841189513667,68.70875866804917],[-47.67829147991827,68.70780891220177],[-47.676075334071804,68.70689475120047],[-47.67345775775004,68.70693936390181],[-47.670965184748894,68.70793371064676],[-47.66837437855477,68.70817007335532],[-47.66571234413307,68.70783113508169],[-47.66297430046802,68.70692597219475],[-47.66337577832498,68.70596726554265],[-47.663250879741014,68.70501742374955],[-47.66574801060084,68.70402313426597],[-47.663652202093246,68.7040543486624],[-47.66106154769566,68.70429063567573],[-47.65856892961553,68.70528504469537],[-47.65811850575207,68.70586473286222],[-47.65928671636699,68.70679665305416],[-47.658363729768986,68.70776427412892],[-47.65952745884059,68.70870071659614],[-47.66221637788573,68.70922683580396],[-47.66495430067903,68.71013202498794],[-47.66664857043353,68.71105509687791],[-47.669261698737756,68.71101047236534],[-47.671807992793894,68.71039512763518],[-47.674519066492714,68.71111307696376],[-47.67706506527913,68.71049769731101],[-47.67748882974486,68.70973075113797],[-47.67841189513667,68.70875866804917]]],"type":"Polygon"},"id":"000000000000000001c4","properties":{"area":310473.6707454234,"elevation":1581.5846026983054,"region":"CW","year":2018},"type":"Feature"},{"geometry":{"coordinates":[[[-50.1672367829824,69.95907718750439],[-50.16648764547383,69.95833700124109],[-50.16417797364807,69.95802485699578],[-50.16197059907274,69.95809624196579],[-50.1596161344406,69.95759680362877],[-50.157408913995695,69.95766371982008],[-50.15525079431021,69.95792230793307],[-50.15299447304215,69.95780190482097],[-50.15083625236721,69.95805609292864],[-50.14877614155171,69.95869378154974],[-50.14661783668724,69.9589523596914],[-50.1444106394879,69.95901924967019],[-50.14225246683884,69.95927793356364],[-50.14014335964519,69.95972377759708],[-50.14190026760739,69.96005375317598],[-50.14425477116735,69.96055317564159],[-50.146515349155905,69.9606735727158],[-50.14877154008968,69.96079397206705],[-50.15102794351037,69.96091438925784],[-50.15328876835058,69.96103473461501],[-50.15554503656212,69.96115514784667],[-50.157752229761414,69.96108827397366],[-50.16016022062524,69.96177942513482],[-50.162367585999206,69.96170808174762],[-50.164574819751,69.96164122305044],[-50.166179825254325,69.96140042142083],[-50.16653232574597,69.9606245002358],[-50.16523020364513,69.95990209862391],[-50.1672367829824,69.95907718750439]]],"type":"Polygon"},"id":"0000000000000000012c","properties":{"area":303562.35026921926,"elevation":220.0104609698018,"region":"CW","year":2018},"type":"Feature"},{"geometry":{"coordinates":[[[-49.71229704898356,69.66896365311409],[-49.71161482699528,69.66841067687439],[-49.709844518120114,69.6678890496554],[-49.70807426047831,69.66736728345545],[-49.7063887040024,69.66722464785114],[-49.704707686146406,69.66708190391282],[-49.70302651657592,69.66693920537382],[-49.70130076222866,69.66660476157323],[-49.699709042358,69.66684107823505],[-49.69811711949406,69.66707744213703],[-49.69652516244052,69.66731378842123],[-49.69493317119953,69.6675501170871],[-49.69498226914155,69.66774187428723],[-49.694023637789165,69.66833934695705],[-49.69361320751402,69.66892797863783],[-49.69320315221177,69.66951214667459],[-49.69333685305124,69.67007843077147],[-49.69401469833699,69.6706313866525],[-49.69469689486594,69.67118876721145],[-49.696467126066956,69.67171046370784],[-49.698148221652914,69.6718531344802],[-49.69982933432014,69.67199578579421],[-49.70146587240952,69.67194680863678],[-49.703057718493945,69.67171041958527],[-49.70464955358393,69.67147413082763],[-49.70615238319077,69.67085881283278],[-49.707833482042744,69.6710014886522],[-49.70933619504272,69.67038613738595],[-49.71088354435681,69.66995804343516],[-49.71133823790557,69.66956565289222],[-49.71229704898356,69.66896365311409]]],"type":"Polygon"},"id":"000000000000000000cd","properties":{"area":311333.056685558,"elevation":928.3815260588171,"region":"CW","year":2018},"type":"Feature"},{"geometry":{"coordinates":[[[-49.11206632419613,68.32786666775836],[-49.10817790923035,68.32644425539175],[-49.10282704730213,68.32544540240566],[-49.09762773525949,68.32520013200858],[-49.09674489651373,68.32331839215439],[-49.09894316367019,68.32135193038931],[-49.10318820113832,68.3193364608863],[-49.102381300557354,68.31783372167266],[-49.09893884866639,68.3160188799486],[-49.0936278313327,68.31520286020563],[-49.08846439185894,68.31514933671231],[-49.083336335803814,68.31528753347503],[-49.0782485237288,68.31561310529987],[-49.073191876543135,68.31612585325537],[-49.06828235124159,68.31739674041124],[-49.063448780486475,68.31905105828248],[-49.06432281174291,68.320932817551],[-49.06981633621436,68.32269411826336],[-49.07531441631912,68.32445544689475],[-49.07773129598633,68.32629709808624],[-49.081173627459606,68.32811192860724],[-49.08652456066997,68.32911529742945],[-49.091692715257516,68.32916879152673],[-49.096749342407236,68.3286559465952],[-49.10198879888107,68.32908850095335],[-49.10700965809156,68.32838394485806],[-49.11206632419613,68.32786666775836]]],"type":"Polygon"},"id":"000000000000000001f1","properties":{"area":1905366.4005841855,"elevation":1198.9956008135973,"region":"CW","year":2018},"type":"Feature"},{"geometry":{"coordinates":[[[-49.26449178960473,69.18148132671313],[-49.264451516686016,69.18129405770107],[-49.264415981577656,69.1811023194229],[-49.26437587668452,69.18091498618878],[-49.26384071173882,69.18092843283365],[-49.26330998090873,69.18094180221513],[-49.26277498094611,69.18095518050664],[-49.26224424838808,69.18096854587904],[-49.261669162662585,69.18079458624213],[-49.26109837357605,69.18062073137253],[-49.26056337824382,69.18063410130199],[-49.26003265027105,69.18064745837898],[-49.259461875365744,69.18047359699226],[-49.25888676876739,69.1802952429797],[-49.25831582243604,69.18012132353458],[-49.25778083501862,69.18013468294936],[-49.25725030212287,69.18014808317997],[-49.25671495899756,69.18016144927185],[-49.25622451576931,69.1803665638922],[-49.255729795893274,69.18057168753462],[-49.255769646970506,69.18075896927883],[-49.25634047534241,69.18093734677608],[-49.25691569633446,69.1811112637115],[-49.25695591146502,69.18129853459381],[-49.256460992254354,69.18150360745135],[-49.25597052023432,69.18170872149172],[-49.25600610684005,69.18189601420457],[-49.256581419396596,69.18207443402858],[-49.25711192374483,69.18205653523849],[-49.25764695391613,69.18204317848382],[-49.25821782524459,69.18222154890766],[-49.25875297373486,69.1822037403561],[-49.25928354959446,69.18219033460883],[-49.259858703941674,69.18236868769928],[-49.260389397793155,69.18235083018706],[-49.26088437074886,69.18215024443873],[-49.261414943150164,69.18213683067637],[-49.261950085749824,69.18211900999661],[-49.2624806563242,69.18210559222639],[-49.26305601741408,69.18228398593403],[-49.26358653866543,69.18226618070507],[-49.26408146157617,69.18206546578159],[-49.26404130560665,69.18187374887462],[-49.26400138935715,69.18168646889843],[-49.26449178960473,69.18148132671313]]],"type":"Polygon"},"id":"0000000000000000005f","properties":{"area":57721.60321031773,"elevation":672.4009500894566,"region":"CW","year":2018},"type":"Feature"},{"geometry":{"coordinates":[[[-49.6708050718409,69.8220044177521],[-49.67016733145082,69.82163882462841],[-49.66952536172883,69.82127763848807],[-49.668473024875084,69.82149614560099],[-49.66746514478977,69.82190635912214],[-49.66678296125788,69.82188403941448],[-49.66568606725262,69.82191526369381],[-49.6645445216506,69.8217547117333],[-49.66340297465936,69.82159872048838],[-49.662306085437066,69.82162991930583],[-49.66120919204078,69.82166110984045],[-49.66129827945938,69.82204014279878],[-49.66193593898367,69.82240132277309],[-49.66257361774065,69.82276250015866],[-49.662145504428544,69.82282050330907],[-49.66166402287501,69.82313704254608],[-49.66161039580996,69.823364494827],[-49.6627966556371,69.8237122694997],[-49.66391141630178,69.8238728118646],[-49.664656029474266,69.82408687643883],[-49.66575740830934,69.82405563766092],[-49.66685436314371,69.82402886485406],[-49.66795556378909,69.82399767423489],[-49.668459632585304,69.82379253398095],[-49.66853981386597,69.8235517586327],[-49.6693381769122,69.82333771204266],[-49.670345719287745,69.82292749681207],[-49.670256484021074,69.82254846846456],[-49.67034575684917,69.82240133248469],[-49.6708050718409,69.8220044177521]]],"type":"Polygon"},"id":"000000000000000000ea","properties":{"area":79269.8221257903,"elevation":916.6336602197401,"region":"CW","year":2018},"type":"Feature"},{"geometry":{"coordinates":[[[-47.787040069524586,68.90131603178692],[-47.7838203829262,68.90099051164646],[-47.780551989576516,68.9002859489464],[-47.777229948972725,68.89920238467803],[-47.77549082036931,68.89808764156422],[-47.77586543383183,68.89693715143184],[-47.777296851699944,68.89576887035858],[-47.780360329834856,68.8949529157951],[-47.783579729674464,68.89527388773259],[-47.781840740740165,68.89416360407755],[-47.77852319397772,68.89307563457429],[-47.77630688625073,68.89235323217714],[-47.77314103377301,68.89240671492739],[-47.77000183828948,68.89265198576678],[-47.76698738146118,68.89385151479773],[-47.76608222663174,68.89501080634012],[-47.763598573566796,68.89619697740179],[-47.76375026810792,68.89733849933798],[-47.76495858383123,68.89846221407589],[-47.76616700923834,68.89958592083887],[-47.76684912565606,68.90071849598941],[-47.76964043107012,68.90181098223478],[-47.77291345806772,68.90251553101167],[-47.77607953523254,68.90246195882888],[-47.77929896389391,68.90278754790369],[-47.78249609038391,68.90292129076074],[-47.78555956308949,68.90210522750853],[-47.787040069524586,68.90131603178692]]],"type":"Polygon"},"id":"000000000000000001e9","properties":{"area":611345.0630143407,"elevation":1512.9949123237416,"region":"CW","year":2018},"type":"Feature"},{"geometry":{"coordinates":[[[-50.16344662744221,70.94199682703382],[-50.1621265770497,70.94146625265626],[-50.160285065043524,70.94113627017315],[-50.15844349380949,70.94081078580044],[-50.156650837141115,70.94067247778821],[-50.15485822620299,70.94053426687925],[-50.15296325031552,70.94001698264707],[-50.151224175918216,70.94006612831275],[-50.149485128355984,70.94011959087221],[-50.147697011265016,70.93998132590039],[-50.14595791768012,70.94003041190072],[-50.14411626342718,70.93970488781419],[-50.14222123065085,70.93918760319109],[-50.14032610522431,70.93867036094802],[-50.13858690598901,70.93871942922496],[-50.13816346194097,70.93930800213158],[-50.13831968733861,70.9398743231384],[-50.1402144931777,70.94039160322615],[-50.142109764005,70.94090884748859],[-50.144004942183244,70.94142613412895],[-50.14579734877176,70.9415643012484],[-50.14758558507334,70.94170258882954],[-50.14948056558266,70.94221982158915],[-50.15127308591576,70.94235804315996],[-50.153114873044174,70.94268354822235],[-50.154907268964024,70.94282179303413],[-50.15664639254143,70.942772789861],[-50.15838561504645,70.94271924701381],[-50.160071126381936,70.94247847122196],[-50.161756598275474,70.94223767678503],[-50.16344662744221,70.94199682703382]]],"type":"Polygon"},"id":"00000000000000000176","properties":{"area":179677.1676438556,"elevation":1299.7078814739277,"region":"CW","year":2018},"type":"Feature"},{"geometry":{"coordinates":[[[-48.15868374619654,68.84972869305872],[-48.15809952024966,68.84935857410908],[-48.15698487400578,68.84900182631324],[-48.1558744378383,68.8486406574674],[-48.15581670571715,68.84826162819076],[-48.1547642514837,68.84828396991006],[-48.153653878080405,68.84792278398851],[-48.15254357161436,68.84756602435765],[-48.1514600023047,68.84739654256398],[-48.15038084408348,68.84722712998325],[-48.149266196180996,68.84686595042339],[-48.14821378997938,68.84688824266843],[-48.14716134657608,68.84690609212358],[-48.146082403104145,68.84673658354106],[-48.1450835287984,68.84713791620545],[-48.14514147878516,68.84752137556733],[-48.14572564107296,68.84789148408758],[-48.146840252405426,68.84824825784537],[-48.14637215561761,68.84864069299364],[-48.1469563624325,68.84901079721902],[-48.14806664348024,68.84936748439297],[-48.14914571355653,68.84953697875528],[-48.15020264795525,68.84951907414359],[-48.1512817374852,68.8496885520406],[-48.152365223570236,68.84985798121518],[-48.15341758092673,68.84983572074104],[-48.154469935571264,68.84981345229927],[-48.15546437512402,68.84941209070062],[-48.156547874231656,68.84958148725353],[-48.15763140223078,68.84975099340384],[-48.15868374619654,68.84972869305872]]],"type":"Polygon"},"id":"00000000000000000202","properties":{"area":104710.56053134952,"elevation":1424.703242577644,"region":"CW","year":2018},"type":"Feature"},{"geometry":{"coordinates":[[[-48.53082249947102,68.3045009698827],[-48.5296720812871,68.30376530056266],[-48.52704565544239,68.30344417677458],[-48.5244193063417,68.30312312045605],[-48.5218864457467,68.30337291276939],[-48.519322427758055,68.30343085972436],[-48.516664931717656,68.30291803715443],[-48.51406965950287,68.30278876115091],[-48.51144320305353,68.30246769972797],[-48.508910516730204,68.30271292852314],[-48.50631530397699,68.30258362245947],[-48.503782562018614,68.30282887331339],[-48.50128089527145,68.3032658152511],[-48.49884189923095,68.30408635295038],[-48.49845381153773,68.30485330848668],[-48.50008599204139,68.30538836803508],[-48.50271225802645,68.30570942488933],[-48.50531199693171,68.30584324318663],[-48.50787592888586,68.30578521672565],[-48.51043985981376,68.30572725964075],[-48.512910387119334,68.30509852793288],[-48.515474242823096,68.30504059346494],[-48.518038423599016,68.30498260170698],[-48.52056668135747,68.30473288763987],[-48.5230992839241,68.30448762190315],[-48.52566322838026,68.3044296672196],[-48.528258570827745,68.3045590219306],[-48.53082249947102,68.3045009698827]]],"type":"Polygon"},"id":"000000000000000001ba","properties":{"area":310473.670745513,"elevation":1407.747727700857,"region":"CW","year":2018},"type":"Feature"},{"geometry":{"coordinates":[[[-49.778719755890755,70.32332334640532],[-49.776940647297224,70.32298892330381],[-49.77450153957228,70.32229327202892],[-49.77220497845585,70.32216843898188],[-49.76985956554049,70.32185182586117],[-49.76751403791065,70.32153524107842],[-49.765311346184376,70.32178940585544],[-49.76310842754935,70.32204360284224],[-49.76085665799521,70.32210601963463],[-49.75869834217258,70.32254745825155],[-49.75649565834625,70.32280166300161],[-49.75429274153842,70.32305132853311],[-49.75222831698191,70.32387627886176],[-49.75016376051125,70.32469674690513],[-49.749789099766204,70.32546817745512],[-49.75053825113859,70.32621283834618],[-49.75128745121244,70.326957495975],[-49.753539167842945,70.32689061314456],[-49.75579104574954,70.32682820272493],[-49.75808758609245,70.32695752014065],[-49.76033929088389,70.326890652419],[-49.76254212169813,70.32664091007686],[-49.764887546599454,70.32695753480137],[-49.76713941291426,70.32689061724062],[-49.76944032247261,70.32701991756942],[-49.771687703755234,70.3269575280319],[-49.77384601537299,70.32651163022983],[-49.775348738890315,70.32570897727526],[-49.77684689447398,70.32490188119974],[-49.777783443768385,70.32411258422071],[-49.778719755890755,70.32332334640532]]],"type":"Polygon"},"id":"0000000000000000011e","properties":{"area":489047.5419388773,"elevation":1050.7037417868107,"region":"CW","year":2018},"type":"Feature"},{"geometry":{"coordinates":[[[-49.54318561132608,68.72132000565664],[-49.53637652319167,68.71903246596776],[-49.528858438585246,68.7182966903777],[-49.52154572335228,68.7185062457701],[-49.513902648820384,68.71719529484643],[-49.50634447832133,68.71626781320275],[-49.49898690052948,68.7162856387437],[-49.49296710845552,68.71760553344143],[-49.48606439699855,68.71971022812743],[-49.479077127131085,68.72143593601729],[-49.472089686040434,68.72316600342971],[-49.46497747166406,68.72432092350616],[-49.45811055452021,68.72661736515307],[-49.45678614461725,68.72779904652374],[-49.45631346276509,68.73048336512811],[-49.46399646239132,68.73198610805521],[-49.47151884982427,68.73272633145217],[-49.47908601595626,68.73365832065382],[-49.486483691511566,68.73382771987686],[-49.49368063389176,68.73305188151224],[-49.500873184150485,68.73227153100774],[-49.508030119615924,68.73130384149657],[-49.51497273176836,68.72938645556786],[-49.522085102085974,68.72822712959066],[-49.529317846834225,68.72763853157629],[-49.53546683798121,68.7268893474259],[-49.54167834854643,68.72403555608152],[-49.54318561132608,68.72132000565664]]],"type":"Polygon"},"id":"00000000000000000296","properties":{"area":4361720.685186486,"elevation":974.9486359206202,"region":"CW","year":2018},"type":"Feature"},{"geometry":{"coordinates":[[[-49.49748873894805,68.9254754536401],[-49.49658794143795,68.92378097042476],[-49.49410413557128,68.92213556850561],[-49.488985194260536,68.92055705568792],[-49.48491863668065,68.9189562035084],[-49.480856396675954,68.91735096942551],[-49.476789748688205,68.91574566388863],[-49.47378429817701,68.91410916838302],[-49.4688300872171,68.9132931585944],[-49.46441118766287,68.91494750997529],[-49.46307779156542,68.91612918197623],[-49.46133882896527,68.91789943805539],[-49.459599699159924,68.9196652308083],[-49.45944367097676,68.92139086303757],[-49.45770004835072,68.92316115750543],[-49.45332130675317,68.9250027415504],[-49.451582366274295,68.92676858897661],[-49.45450740948185,68.92802604111613],[-49.45925631276069,68.9278922448776],[-49.46404994251149,68.92795023098007],[-49.46892384556133,68.92838276080428],[-49.473793099578685,68.92881977877309],[-49.47862679552887,68.9290649835055],[-49.48346052944022,68.92931470321774],[-49.48828950853921,68.92955996835587],[-49.49190139012209,68.92907392364322],[-49.49416677214518,68.92729026546937],[-49.49748873894805,68.9254754536401]]],"type":"Polygon"},"id":"00000000000000000021","properties":{"area":2031567.7748488442,"elevation":889.3101654604228,"region":"CW","year":2018},"type":"Feature"},{"geometry":{"coordinates":[[[-50.02539280456074,68.71028367520158],[-50.02529921365231,68.70990465065663],[-50.02520999436426,68.70952564456275],[-50.02511640952364,68.70914662046007],[-50.025027196171244,68.70876761481368],[-50.024456278200795,68.70859369306335],[-50.023412938478536,68.70862937036114],[-50.02246311652594,68.70903962028957],[-50.02141975285992,68.70907528249298],[-50.020465510654226,68.70948550047422],[-50.01951562368617,68.70990017536931],[-50.01856150217452,68.71031043308581],[-50.017611735721594,68.71072514778437],[-50.017700845476206,68.71110415910682],[-50.01779448863029,68.71148312395441],[-50.018409811141616,68.71184436383288],[-50.01954245930281,68.71219218067966],[-50.020634904786846,68.71234822034157],[-50.0216292866285,68.71212526993648],[-50.022672777051866,68.7120896065437],[-50.02371628272881,68.71205838020644],[-50.02485321502401,68.7124062375869],[-50.02533041737993,68.71219663571937],[-50.02523681905146,68.71181760974217],[-50.02514759267903,68.71143860221942],[-50.025054000419395,68.71105957668404],[-50.024960226076146,68.71068049885646],[-50.02539280456074,68.71028367520158]]],"type":"Polygon"},"id":"0000000000000000001b","properties":{"area":95565.53341058057,"elevation":737.472138245064,"region":"CW","year":2018},"type":"Feature"},{"geometry":{"coordinates":[[[-49.873145644437855,70.30459515847187],[-49.87305204726451,70.30421605764226],[-49.87295400691126,70.30383710328194],[-49.87229855542607,70.30347145726013],[-49.87163845985748,70.30311023759144],[-49.87046582117572,70.30295418773916],[-49.86929299919988,70.30279807585063],[-49.86812468393461,70.30263759090589],[-49.867045750974206,70.30286055238203],[-49.86597089668897,70.30308348988657],[-49.86606454594006,70.30346252935156],[-49.86560096439332,70.30385490490481],[-49.865694611262725,70.30423394475814],[-49.86579273612166,70.3046174098795],[-49.8658863897236,70.30499644980377],[-49.866546256953704,70.3053576423432],[-49.866639926341016,70.30573668201778],[-49.8672998264235,70.30609787150622],[-49.86739331390429,70.30647685805141],[-49.867491474336006,70.3068558691924],[-49.86702338343374,70.30725273158542],[-49.867121541658406,70.30763174312678],[-49.867727762811064,70.30780568668224],[-49.86885619856336,70.30777444650026],[-49.868758011365536,70.30739543595128],[-49.86978804563273,70.3069807895939],[-49.869690020048544,70.30660171471095],[-49.86959629684466,70.30622267654627],[-49.87062196896489,70.3058124412382],[-49.87165190256805,70.30540223543487],[-49.872681971606326,70.30499195737494],[-49.873145644437855,70.30459515847187]]],"type":"Polygon"},"id":"00000000000000000133","properties":{"area":98171.43071300325,"elevation":937.7010752688176,"region":"CW","year":2018},"type":"Feature"},{"geometry":{"coordinates":[[[-49.203531348179276,68.3080638610667],[-49.202867044361895,68.30731918459256],[-49.20059286855707,68.30623561175591],[-49.19736445486767,68.30556223669517],[-49.19421627630485,68.30526800299455],[-49.191068289692915,68.30496925663128],[-49.18784441857871,68.30429588517976],[-49.18465610333364,68.3038098539182],[-49.18154364027891,68.30370286188936],[-49.17847137829974,68.3037875611647],[-49.17535894387922,68.30368054536896],[-49.1722819916407,68.30376081210345],[-49.17495746135779,68.30426465989484],[-49.17807009818018,68.30436724507196],[-49.18121802143441,68.30466599154134],[-49.18437062144526,68.304960323413],[-49.187518691536624,68.30525904268411],[-49.19074267794469,68.30593242375372],[-49.192504061609256,68.30702936555085],[-49.18965471116034,68.30825113420015],[-49.18665357502457,68.30871041016833],[-49.18830814271349,68.30923660228359],[-49.19126885443351,68.30858559235865],[-49.194305513185945,68.30831356473449],[-49.19741808982904,68.3084205783127],[-49.20049480730314,68.30833585967427],[-49.203531348179276,68.3080638610667]]],"type":"Polygon"},"id":"000000000000000001f7","properties":{"area":236398.95106838222,"elevation":1159.8732130594906,"region":"CW","year":2018},"type":"Feature"},{"geometry":{"coordinates":[[[-49.301729669029235,68.58591488105462],[-49.301689500753085,68.58572760661907],[-49.30113217196591,68.58554923309097],[-49.300574924208334,68.58537535390269],[-49.30053476549328,68.58518807936979],[-49.30101630600426,68.58498294356426],[-49.30097607128898,68.58479117279936],[-49.300935910687066,68.58460389859333],[-49.300900372255875,68.58441215810731],[-49.300342968631334,68.58423822502884],[-49.30030292324321,68.58404650783169],[-49.300262769014005,68.58385923373243],[-49.29974536890015,68.58387263681209],[-49.299223618620196,68.58388599688864],[-49.29866642025834,68.58371211075071],[-49.29810881086612,68.58353373680683],[-49.297587138710455,68.58355158717819],[-49.29706990479248,68.58356491590855],[-49.29655269014952,68.58357836045069],[-49.29607113751111,68.58378348002168],[-49.295589504344754,68.58398410147116],[-49.29562969667051,68.58417587333027],[-49.2956697068403,68.58436759179305],[-49.295705478510506,68.58455482611957],[-49.2957456727816,68.58474659817033],[-49.29526401866654,68.58494721878074],[-49.29478677860472,68.58515237544984],[-49.294826967018125,68.58534414797295],[-49.29538452314855,68.58551803942692],[-49.29542002155324,68.58570978159561],[-49.2954601433311,68.58589705766454],[-49.29601771588253,68.58607094681179],[-49.296579535480426,68.58624931798163],[-49.297136777468666,68.58642321361914],[-49.29769426251421,68.58660153930308],[-49.29825170231694,68.58677548406854],[-49.29829184706187,68.58696275980148],[-49.29833188261521,68.58715447865494],[-49.29884918901463,68.58714114538108],[-49.29937082437661,68.58712773345584],[-49.29988805583742,68.58710989975552],[-49.30036971159682,68.58690926211328],[-49.300846773480345,68.58670414961838],[-49.30132833990925,68.58649901220835],[-49.301288173521286,68.58631173744598],[-49.301252629543406,68.58611999637755],[-49.301729669029235,68.58591488105462]]],"type":"Polygon"},"id":"00000000000000000280","properties":{"area":75446.4737452769,"elevation":1062.1256361922713,"region":"CW","year":2018},"type":"Feature"},{"geometry":{"coordinates":[[[-49.910125018600255,68.43855051126057],[-49.90947846939075,68.4379975955997],[-49.90831466829822,68.4374624612071],[-49.908180787914084,68.43689619053012],[-49.90701690402807,68.43636111170942],[-49.90688770444463,68.43579029055597],[-49.90520668127396,68.4352730918947],[-49.90559009230469,68.43468448969575],[-49.90404725758437,68.43473356967496],[-49.902499909640554,68.43478255772061],[-49.90095705733909,68.43483160280044],[-49.89940971454158,68.43488067348423],[-49.8979516817786,68.43530871734026],[-49.89859825955847,68.43586167049497],[-49.89821933541421,68.43644582096962],[-49.89834850466156,68.4370165852019],[-49.900029678563406,68.43753380492187],[-49.90170627187065,68.43805555538245],[-49.90080991972938,68.43865309500228],[-49.89990919809848,68.43925504977061],[-49.901501155982984,68.43939770380456],[-49.903177905729045,68.43991499655343],[-49.904725038934245,68.43986596149534],[-49.906223451336736,68.43962960121641],[-49.90763685717595,68.43901431054478],[-49.909139512033796,68.43877349767784],[-49.910125018600255,68.43855051126057]]],"type":"Polygon"},"id":"00000000000000000256","properties":{"area":185186.79919281928,"elevation":893.8423638701745,"region":"CW","year":2018},"type":"Feature"},{"geometry":{"coordinates":[[[-49.40832010048414,68.50948584187962],[-49.40807924800874,68.50834885658887],[-49.40545288622009,68.50823291987246],[-49.40227351209682,68.50793860161345],[-49.39912993814806,68.50784046915038],[-49.395905976721686,68.50735885442045],[-49.39272217388593,68.5070646425411],[-49.389658903330655,68.50734106685991],[-49.38643934917623,68.50685945138613],[-49.38357203728261,68.50808575050773],[-49.383652349991806,68.50846472539523],[-49.38233686539457,68.5096464176505],[-49.384129566589706,68.51074334857368],[-49.38591767349111,68.51183585387446],[-49.38770558920542,68.51292835002741],[-49.39045252382435,68.51361500373704],[-49.39379675251662,68.51466738634521],[-49.394033224665414,68.51580441322422],[-49.39530830106332,68.51691476431694],[-49.39451041395199,68.51807857637017],[-49.39765393439715,68.5181811268108],[-49.4006816243729,68.51771734964333],[-49.401475329931465,68.51654912761695],[-49.401239022269536,68.51541203489512],[-49.40203279475366,68.5142437503348],[-49.40231369560025,68.51308880350349],[-49.404659165571225,68.51188040317109],[-49.40649184344334,68.5106853736984],[-49.40832010048414,68.50948584187962]]],"type":"Polygon"},"id":"00000000000000000235","properties":{"area":742118.9508394431,"elevation":1042.640276192705,"region":"CW","year":2018},"type":"Feature"},{"geometry":{"coordinates":[[[-49.43229230655479,68.94564842808762],[-49.43220751097934,68.94526934683361],[-49.43159661884838,68.94490376968717],[-49.430990135877124,68.94453810952945],[-49.43090555036315,68.94415908162534],[-49.42984867455767,68.94419031618443],[-49.4287916948303,68.94421704324301],[-49.427739388559,68.94424823459251],[-49.42668268721,68.9442794985174],[-49.42562588251344,68.9443062549439],[-49.42460915174092,68.94452469122395],[-49.4236326794246,68.94493497951225],[-49.422580330433505,68.94496613190728],[-49.42160380518424,68.94537640612047],[-49.42062714814431,68.94578217415307],[-49.41957036442863,68.94581338408463],[-49.4196551341402,68.94619240808282],[-49.41973532916139,68.9465714592281],[-49.41981569157893,68.94695044610191],[-49.42042665438365,68.94731612883567],[-49.42051135598414,68.94769959953882],[-49.421648262105194,68.94804738051185],[-49.421728494592344,68.94842643185483],[-49.42278548388438,68.94839970544508],[-49.42388228521955,68.94856022536443],[-49.42493917609401,68.94852898314545],[-49.42595588130348,68.94831049030654],[-49.42697256752061,68.94809199008105],[-49.42802926634925,68.9480607889156],[-49.42900139097113,68.94765054852313],[-49.42944722421853,68.94725812555498],[-49.42989312879999,68.94686125517798],[-49.43086985200317,68.94645547454779],[-49.43184186438516,68.9460452150686],[-49.43229230655479,68.94564842808762]]],"type":"Polygon"},"id":"00000000000000000020","properties":{"area":173298.26393604605,"elevation":889.3322189202571,"region":"CW","year":2018},"type":"Feature"},{"geometry":{"coordinates":[[[-49.13919996308399,69.35038764166072],[-49.139124246041995,69.35000857671196],[-49.137973696235385,69.34965634484871],[-49.13843300918865,69.34926396430427],[-49.137817485100484,69.34889829633765],[-49.13773732848434,69.34851930271586],[-49.136702876596885,69.34873771883785],[-49.13562824395758,69.34876446997399],[-49.13459356255539,69.34897855057956],[-49.13355478138441,69.34919706862566],[-49.13248012167665,69.34922379591151],[-49.13140545848953,69.34925051507241],[-49.13041107357867,69.34966077988861],[-49.12941230673983,69.3500665423744],[-49.12841799275843,69.35047234498747],[-49.12849371315811,69.35085135108633],[-49.12906901877247,69.35102528236511],[-49.13006783062597,69.35061952192467],[-49.13110226946342,69.35040548455686],[-49.13221690386087,69.35056598851325],[-49.1333317401689,69.35072653759423],[-49.134442152881206,69.3508915334409],[-49.13551669392723,69.35086473777962],[-49.13663156234304,69.3510252612052],[-49.13774627612737,69.35118584015859],[-49.13874064222102,69.35078002525213],[-49.13919996308399,69.35038764166072]]],"type":"Polygon"},"id":"00000000000000000078","properties":{"area":72265.62921608402,"elevation":980.7273450315655,"region":"CW","year":2018},"type":"Feature"},{"geometry":{"coordinates":[[[-48.77392381725188,69.4330638536629],[-48.77255927631366,69.4315699771215],[-48.76802871587871,69.43053105196616],[-48.764827156291005,69.43079411626206],[-48.76079176080333,69.43241275978768],[-48.756613496788866,69.43327343632888],[-48.75236842789939,69.43375052679991],[-48.748083214237504,69.43404034887376],[-48.74383818351714,69.43452191428068],[-48.739517347165226,69.43462001040747],[-48.7352009811765,69.43471815316822],[-48.73073728423685,69.43405820129203],[-48.72721906798047,69.43261342906484],[-48.72387480074758,69.43211853869911],[-48.72462403798838,69.43324665975817],[-48.72760712765774,69.43470030170005],[-48.73152658458912,69.43537361856596],[-48.73591438815143,69.43565454239777],[-48.740235249383005,69.43555650154448],[-48.744515956676906,69.43526662988356],[-48.74883688776716,69.43516850072906],[-48.75308643523939,69.4346869632797],[-48.75733146305066,69.43420979711674],[-48.76158103639002,69.4337282328527],[-48.765897505414834,69.43363010830207],[-48.770146999522936,69.43314857877937],[-48.77392381725188,69.4330638536629]]],"type":"Polygon"},"id":"00000000000000000062","properties":{"area":313151.05993621703,"elevation":1215.5332096864477,"region":"CW","year":2018},"type":"Feature"},{"geometry":{"coordinates":[[[-50.27854932206246,68.57451740111414],[-50.27850027316221,68.57432573091629],[-50.27793400490099,68.57415622521512],[-50.27788477688256,68.57396450280501],[-50.27784030131746,68.57377722117906],[-50.277273986288904,68.5736032691467],[-50.27670770340795,68.57342943250012],[-50.27614146644029,68.57325991988597],[-50.275575198436556,68.57308607877572],[-50.275008816205755,68.57291662715068],[-50.274442538436254,68.57274266395918],[-50.27387617088571,68.57257320786503],[-50.27335896248683,68.57259114654335],[-50.272841825838405,68.57260445633099],[-50.272319902673125,68.57262227647323],[-50.2723689255294,68.5728140655924],[-50.27241804672921,68.57300134544101],[-50.2724672311437,68.57319306922354],[-50.27251166571356,68.57338035216472],[-50.272560851703,68.57357207606518],[-50.27312704954316,68.57374148581145],[-50.27317608106472,68.5739332751103],[-50.272703441263616,68.57413842878661],[-50.27275263043755,68.57433015292148],[-50.27280157332894,68.57451738106144],[-50.27232898186972,68.57472697751182],[-50.27237794716327,68.57491432355589],[-50.27242695104587,68.57510599593289],[-50.27247157391231,68.57529333177742],[-50.27252076396905,68.57548505643669],[-50.27256970776455,68.5756722850905],[-50.27313604083577,68.57584625725984],[-50.27365315653105,68.57582838508996],[-50.274170455761215,68.57581056313683],[-50.274736899049635,68.57598001947846],[-50.275254015313344,68.57596214129835],[-50.27577572226186,68.57594876744598],[-50.276342178397094,68.5761182172976],[-50.27685931997138,68.57610045070847],[-50.27732761549708,68.57589527181955],[-50.27728307671866,68.57570354539772],[-50.277233913383874,68.57551626607675],[-50.27770213156232,68.57530664218322],[-50.277657494595694,68.57511942545432],[-50.2776084264163,68.57492763712061],[-50.278076718574795,68.57472257363929],[-50.27854932206246,68.57451740111414]]],"type":"Polygon"},"id":"0000000000000000001f","properties":{"area":69959.45747284756,"elevation":687.0875349073369,"region":"CW","year":2018},"type":"Feature"},{"geometry":{"coordinates":[[[-49.20425373999437,69.52531369601256],[-49.20254591748195,69.52497924643347],[-49.20021813896092,69.52427474027306],[-49.198434565988414,69.52355680973234],[-49.20044140999414,69.52274080414955],[-49.19869769759997,69.52221465977438],[-49.196490506799286,69.522080906379],[-49.194202890100954,69.52156808876195],[-49.19203595831853,69.521621589635],[-49.18986871500544,69.5216795715427],[-49.18777741070104,69.52211205950456],[-49.1856906071011,69.52254906555739],[-49.185770923150976,69.52292810065914],[-49.18484338225146,69.52371284973077],[-49.1850038705876,69.52447537161126],[-49.18570410447361,69.52522005981581],[-49.18640402296118,69.52596475597123],[-49.187648120986836,69.52669598503432],[-49.18943160614876,69.52741393418037],[-49.19175931746343,69.52811399679578],[-49.19300334684026,69.52884531085459],[-49.19533118766964,69.52954988521584],[-49.19765880126288,69.53025443347578],[-49.19990610260427,69.53057546365537],[-49.20211343251098,69.53071369333395],[-49.201957404274125,69.52995115264213],[-49.20396399417353,69.52913961739034],[-49.20380342005458,69.52837715315194],[-49.204186890413034,69.5276057298253],[-49.20402636501901,69.52684765263608],[-49.203870370153965,69.52608962080205],[-49.20425373999437,69.52531369601256]]],"type":"Polygon"},"id":"0000000000000000008c","properties":{"area":507677.4077630705,"elevation":1163.304147046271,"region":"CW","year":2018},"type":"Feature"},{"geometry":{"coordinates":[[[-48.608642727398326,68.49838719437815],[-48.607380937282414,68.4970806795401],[-48.6055973214042,68.49578752505094],[-48.60485251027165,68.49447214096493],[-48.60307336244098,68.49317897028722],[-48.599287547733894,68.49231393338101],[-48.595604312152936,68.49201516050792],[-48.59184979308495,68.49134180972467],[-48.588197805535344,68.49123478228519],[-48.58457707068253,68.49131504375126],[-48.58105438717803,68.49197055740858],[-48.57759402560394,68.49300057587038],[-48.57675119055457,68.49416442225493],[-48.575944282029425,68.49551552913752],[-48.57513255145011,68.49687107516222],[-48.57484264900649,68.49820882157739],[-48.57507013581722,68.49954207595138],[-48.5752975411021,68.50087090185116],[-48.57759410096575,68.50215070204044],[-48.58137977357711,68.50301573314678],[-48.5850986228761,68.50350180168181],[-48.5887551426752,68.5036088479501],[-48.592344831057254,68.5033368127864],[-48.59590318321109,68.50287303534559],[-48.59936351403707,68.50183852951167],[-48.60282368137933,68.50080848724133],[-48.60628397003026,68.49977397224568],[-48.608642727398326,68.49838719437815]]],"type":"Polygon"},"id":"00000000000000000221","properties":{"area":1482866.14761081,"elevation":1351.4170602253564,"region":"CW","year":2018},"type":"Feature"},{"geometry":{"coordinates":[[[-49.137335966456156,68.36741447285672],[-49.135133384513175,68.36670993127332],[-49.13314902848259,68.36714694434656],[-49.13094607254644,68.36644241057836],[-49.12881476314752,68.36611684982587],[-49.12668765463652,68.36579136660839],[-49.12459204602133,68.36565761464428],[-49.12250058661916,68.36552382340291],[-49.12044501705436,68.36557737081402],[-49.11838925375292,68.36563083353363],[-49.116298178170275,68.3654970545932],[-49.114242423248946,68.36555057247672],[-49.112257975537325,68.36598756836214],[-49.11394817078032,68.36670550265278],[-49.116115156400895,68.36721831484607],[-49.118211009815354,68.36735201613259],[-49.1203379780412,68.36767757915936],[-49.12243390200768,68.3678113336132],[-49.12452502642193,68.36794508403871],[-49.126616390099656,68.36808335057746],[-49.128671953116545,68.3680253979363],[-49.130692115945564,68.36778458270449],[-49.132747637161145,68.36772656851109],[-49.13483902962613,68.36786482666282],[-49.1369347108349,68.36799860446202],[-49.137335966456156,68.36741447285672]]],"type":"Polygon"},"id":"000000000000000001ff","properties":{"area":187015.80461693887,"elevation":1166.2228229610025,"region":"CW","year":2018},"type":"Feature"},{"geometry":{"coordinates":[[[-47.89000516359524,69.05905228000879],[-47.883557284233696,69.05859743774748],[-47.87716735665627,69.05852610372759],[-47.87088439557484,69.05920830329607],[-47.864677381849724,69.0604613195353],[-47.863219267547194,69.06143789771771],[-47.85929085393383,69.06378784350785],[-47.856428072096975,69.06612434653007],[-47.85301683425946,69.06838518801347],[-47.85058662883583,69.07003061281137],[-47.848660353661636,69.07159571909848],[-47.84675613168106,69.07326787867115],[-47.8459536216067,69.07518977993051],[-47.845686098140156,69.0771026528349],[-47.85023881317692,69.0791181722734],[-47.856098159689786,69.07901564912552],[-47.854773684670185,69.07718739375373],[-47.85290548922898,69.07525664127012],[-47.8568962691626,69.07327682552905],[-47.86083811617543,69.07091792238725],[-47.86584130297319,69.0685367810712],[-47.869832091200074,69.0665569243118],[-47.868556879198096,69.06505419487316],[-47.87195904457562,69.06270429034858],[-47.87749301427842,69.06031418238827],[-47.88379803519847,69.05962750688897],[-47.88955473430386,69.05963193935803],[-47.89000516359524,69.05905228000879]]],"type":"Polygon"},"id":"0000000000000000022a","properties":{"area":1002256.9073679282,"elevation":1469.4098147252223,"region":"CW","year":2018},"type":"Feature"},{"geometry":{"coordinates":[[[-48.04783499071429,68.79279045723332],[-48.047808233626455,68.79259869818955],[-48.047282079712176,68.79260762313602],[-48.046787047405424,68.79280826817465],[-48.04626088831475,68.79281718923765],[-48.04573474476734,68.79283054265402],[-48.045239876906614,68.79303123733355],[-48.04471371196885,68.79304015251691],[-48.04418754645477,68.79304906570364],[-48.04369247944944,68.79324969976615],[-48.043166308760085,68.79325860906921],[-48.04263998561738,68.7932720135384],[-48.04214523502001,68.7934682000812],[-48.04161890651688,68.79348160066739],[-48.04109272940514,68.79349050209328],[-48.04059780953453,68.7936911803127],[-48.04009832635116,68.79389183861268],[-48.040125178234725,68.79407910226823],[-48.04065136848126,68.79407020453888],[-48.04117755815231,68.7940613048128],[-48.04170356540843,68.79405234795682],[-48.042198664918665,68.79385172078663],[-48.04272481886137,68.7938382628812],[-48.04325100210914,68.79382935527845],[-48.04374608422401,68.79362872262013],[-48.04427226229642,68.7936198111336],[-48.04479843979259,68.7936108976504],[-48.045324418817934,68.79359749268599],[-48.04584622177535,68.79358861232139],[-48.04634565058927,68.79338793329038],[-48.04684069800423,68.79318728965555],[-48.047340110490424,68.79298660714697],[-48.04783499071429,68.79279045723332]]],"type":"Polygon"},"id":"000000000000000001ec","properties":{"area":17832.80288524874,"elevation":1450.9549603174607,"region":"CW","year":2018},"type":"Feature"},{"geometry":{"coordinates":[[[-49.918209407668286,70.1927475155743],[-49.91755384022058,70.192386289975],[-49.91643457064179,70.19241750907828],[-49.91527074867099,70.19226143334721],[-49.91424966586224,70.19267165494902],[-49.91317956371649,70.19289461224956],[-49.9120604551723,70.19292585097706],[-49.91089645939161,70.1927698059425],[-49.90977715414098,70.19280097460599],[-49.90865805176929,70.19283664083889],[-49.90763684472548,70.19324693431999],[-49.90652215473417,70.19327810147172],[-49.905402838572364,70.19330935487933],[-49.90550088847665,70.19368838009899],[-49.906107361862716,70.1938622813609],[-49.90727118989384,70.194018311437],[-49.908435067396006,70.19417890360992],[-49.90955440689496,70.194143174188],[-49.91067358048688,70.19411195463984],[-49.91178829972222,70.19408075635985],[-49.912858471026475,70.19385780922659],[-49.913977622338535,70.19382656463235],[-49.915047955245555,70.19360365438315],[-49.91606906332568,70.19319342713503],[-49.91713914794817,70.19297044884631],[-49.918209407668286,70.1927475155743]]],"type":"Polygon"},"id":"00000000000000000115","properties":{"area":52931.14006183193,"elevation":801.21629479378,"region":"CW","year":2018},"type":"Feature"},{"geometry":{"coordinates":[[[-49.028980055795955,69.99064318995626],[-49.026572065947285,69.98974693924805],[-49.02360662695041,69.98886845650738],[-49.02230471825127,69.9879454430782],[-49.02266597803029,69.98698227614466],[-49.02302263516117,69.98602356357175],[-49.02338383842793,69.98506039623601],[-49.023740439554636,69.98410168327942],[-49.02354866656585,69.98315186733156],[-49.02390539358455,69.98218870399393],[-49.024819587918394,69.98121662397524],[-49.027387996120154,69.9802000036472],[-49.02834228265964,69.97941516634654],[-49.025532890176066,69.97929479891782],[-49.022808472435095,69.97954890448982],[-49.02023572481296,69.98056561855311],[-49.0198387776479,69.98133705374953],[-49.02058342677394,69.98226896449917],[-49.02077948668114,69.98321878009374],[-49.019865606268034,69.984190879576],[-49.019508684813694,69.98515403402976],[-49.019700487400925,69.98610379230881],[-49.01879086868805,69.98707588388824],[-49.01842964073843,69.98803909475147],[-49.01862600308936,69.98898440226783],[-49.018817633599845,69.98993422883908],[-49.02067260674598,69.99084381839597],[-49.0235621499742,69.99134325631236],[-49.0263669399057,69.99146816290836],[-49.028980055795955,69.99064318995626]]],"type":"Polygon"},"id":"000000000000000000d6","properties":{"area":248369.19567485485,"elevation":1268.6064463388998,"region":"CW","year":2018},"type":"Feature"},{"geometry":{"coordinates":[[[-49.98003030376242,70.2865892550949],[-49.97998576225532,70.28640194937311],[-49.97993672930156,70.28621022184004],[-49.97988772219852,70.28602294785155],[-49.97927674326359,70.28584902237066],[-49.97871499206516,70.28586687501003],[-49.97815323964573,70.28588472552401],[-49.97754210385101,70.28571085819974],[-49.97698032916079,70.28572425076091],[-49.97641838002912,70.28574204199585],[-49.9758566274177,70.28575988383889],[-49.975294873586,70.28577772355648],[-49.97473738933227,70.28579114125202],[-49.974175435438006,70.28580892399812],[-49.97361367806052,70.28582675735522],[-49.97310087114469,70.28603186457022],[-49.97253910685322,70.2860496938441],[-49.97197714546138,70.28606313265249],[-49.971464317936096,70.2862682341688],[-49.97090254561799,70.28628605723354],[-49.970340772080796,70.28630387817276],[-49.96982792385252,70.28650897399092],[-49.969315264042464,70.28671412077026],[-49.96936421075917,70.28690585148905],[-49.96997495244418,70.287079764858],[-49.97058604994341,70.28724920979575],[-49.9711968091587,70.28742311825958],[-49.9718077749439,70.28759707701244],[-49.972418724250936,70.28777091538134],[-49.97302504231589,70.28794484799488],[-49.97358685190654,70.28792701705953],[-49.97414866027726,70.28790918399858],[-49.974710491421476,70.28789580234927],[-49.97527266764952,70.28787795257875],[-49.97583447246686,70.28786011313989],[-49.976396276063724,70.28784227157543],[-49.976958102865744,70.28782888142395],[-49.97747091252754,70.28762376071724],[-49.97803270809495,70.2876059129442],[-49.97859450244137,70.28758806304562],[-49.97910748915382,70.28738298937218],[-49.979058263252846,70.28719120873072],[-49.97900926080182,70.28700393436662],[-49.97952203310205,70.28679880653179],[-49.98003030376242,70.2865892550949]]],"type":"Polygon"},"id":"00000000000000000136","properties":{"area":71932.06213533673,"elevation":854.8662470495669,"region":"CW","year":2018},"type":"Feature"},{"geometry":{"coordinates":[[[-49.3004276748995,68.99091725076912],[-49.29936628646376,68.99094394672548],[-49.29834974505185,68.99116243204762],[-49.29725276925199,68.9910018863673],[-49.29619163258888,68.99103311158925],[-49.29505445642065,68.9906808458701],[-49.293913076493276,68.99032858322597],[-49.292856140777424,68.99035538927633],[-49.291799256752256,68.99038656932917],[-49.290697950531275,68.99022604905846],[-49.28964117765426,68.99025276651436],[-49.289721473837204,68.9906317935692],[-49.289797186203536,68.99101084348374],[-49.28987737705006,68.99139431726827],[-49.28995768118027,68.99177334493581],[-49.29056853280416,68.99213900776039],[-49.29170553216498,68.99249125725296],[-49.2927625065199,68.99246007815525],[-49.29390397107479,68.99281235174911],[-49.29504104563017,68.9931645748678],[-49.296138106195734,68.9933251387725],[-49.29723941550772,68.99348568211097],[-49.29825622832399,68.9932671400848],[-49.29927709232356,68.99304864288992],[-49.299767739317204,68.99284352930793],[-49.299156739156345,68.99247790557412],[-49.299607176862715,68.99208547203467],[-49.30005760024797,68.99169303724558],[-49.299977250791095,68.99130956847536],[-49.3004276748995,68.99091725076912]]],"type":"Polygon"},"id":"0000000000000000001e","properties":{"area":100138.04697099495,"elevation":881.6586368347685,"region":"CW","year":2018},"type":"Feature"},{"geometry":{"coordinates":[[[-48.50717588377634,68.58761384787543],[-48.507144755132835,68.58742653561329],[-48.50711353063133,68.58723479075752],[-48.50708223813672,68.58704754197852],[-48.50652938059424,68.5868691386666],[-48.506498161582,68.58667739390319],[-48.506466943086856,68.58648564920799],[-48.50591393722733,68.5863073070294],[-48.505882819845205,68.58611999500876],[-48.50585160683876,68.585928250406],[-48.50582032561022,68.58574100186692],[-48.50578911363168,68.58554925739885],[-48.50575790217009,68.58535751299901],[-48.505726787323646,68.5851702013076],[-48.50569106097994,68.5849784542461],[-48.505659782326205,68.58479120603512],[-48.50511133525942,68.58461286417484],[-48.504589649902755,68.58462176568243],[-48.50462085141536,68.58481351003186],[-48.504652053444744,68.58500525444954],[-48.504166074141416,68.58520590163573],[-48.50419717745737,68.58539321365528],[-48.504228541975735,68.5855848950355],[-48.5042596463048,68.58577220718641],[-48.50429084698861,68.58596395204958],[-48.503804846351635,68.58616459827428],[-48.503836044152465,68.58635634338165],[-48.50438903732767,68.58653469388766],[-48.50442014422511,68.58672200636686],[-48.50393422599495,68.58692708596438],[-48.50396533008594,68.58711439868418],[-48.50399653049171,68.58730614412822],[-48.50402780046975,68.5874933936311],[-48.50454954580788,68.58748449440134],[-48.50506684305922,68.58747109436256],[-48.50561970425892,68.58764950377825],[-48.506168221535695,68.587827844928],[-48.50668997211621,68.58781893759303],[-48.50717588377634,68.58761384787543]]],"type":"Polygon"},"id":"000000000000000001f4","properties":{"area":27892.33271793225,"elevation":1348.712078651685,"region":"CW","year":2018},"type":"Feature"},{"geometry":{"coordinates":[[[-50.58922826715781,68.41501535899361],[-50.58861725436517,68.41465420134945],[-50.58748915109419,68.41431083638857],[-50.5864592050409,68.4143509291835],[-50.58533098345118,68.41400761267069],[-50.58435456666296,68.41423505862782],[-50.58342696601992,68.41464976370482],[-50.582396878870696,68.41468538331736],[-50.58146952656963,68.415104569499],[-50.580541843746474,68.4155192553504],[-50.5796144717324,68.41593392104647],[-50.578686910328564,68.41634864645293],[-50.57930230462434,68.41670978391056],[-50.57940040827214,68.41708886653099],[-50.580015672549195,68.41745006728735],[-50.58011830680069,68.41782457638723],[-50.5807292837853,68.41818577417415],[-50.5817102042526,68.41795835359751],[-50.58263779606159,68.4175437238616],[-50.58356533070455,68.41712897050797],[-50.584590856784196,68.4170933561788],[-50.58562089403268,68.41705316029673],[-50.586548384279695,68.41663850431968],[-50.587578355311294,68.4166028019577],[-50.588505794820605,68.41618813284474],[-50.58891606714314,68.41579125798823],[-50.588818011953684,68.41541223423],[-50.58922826715781,68.41501535899361]]],"type":"Polygon"},"id":"00000000000000000017","properties":{"area":112026.58222783155,"elevation":520.6276078330984,"region":"CW","year":2018},"type":"Feature"},{"geometry":{"coordinates":[[[-47.9730067731483,69.16560697555006],[-47.970175356392076,69.16451446281766],[-47.966866616126055,69.16381439335841],[-47.963611533156666,69.16349335626747],[-47.96030276372895,69.16279326026009],[-47.956940650879055,69.16171415849792],[-47.953578657395816,69.16063504189927],[-47.95128203273405,69.15953362382456],[-47.94898562682903,69.15843672584941],[-47.94668923966237,69.15733530053846],[-47.94439271584455,69.15623840273662],[-47.944758337269555,69.15508794711003],[-47.94512854789013,69.1539375140103],[-47.942912440801145,69.15341129617607],[-47.93971516053549,69.15346929482716],[-47.9397732057361,69.15384830213226],[-47.93940309931207,69.1549942758891],[-47.940098602487076,69.1561224151392],[-47.941864482261614,69.15723272603348],[-47.94416082063683,69.15833416643363],[-47.946457363053334,69.1594355718548],[-47.94875375449616,69.1605325126547],[-47.95105017985636,69.16163391826777],[-47.953293138547096,69.16235174751537],[-47.956655357597135,69.16343087438224],[-47.95993723115947,69.16394372370446],[-47.96324596276177,69.16464377464575],[-47.966527593919004,69.16515210545022],[-47.969756165037296,69.16528591839524],[-47.9730067731483,69.16560697555006]]],"type":"Polygon"},"id":"00000000000000000250","properties":{"area":294062.0258036622,"elevation":1438.3784943506412,"region":"CW","year":2018},"type":"Feature"},{"geometry":{"coordinates":[[[-48.779199052499735,68.85140975864084],[-48.77860145145281,68.85103969204702],[-48.77852999885568,68.85066067080679],[-48.77898943619602,68.85026824532765],[-48.77891798028809,68.84988922479566],[-48.7788510895924,68.8495101984866],[-48.77877965699009,68.84912667991776],[-48.778186827744435,68.84876104204992],[-48.778115389080924,68.84838202218445],[-48.77751787783682,68.84801195325042],[-48.77692474401892,68.84764632041811],[-48.77587236673131,68.84767303631067],[-48.77478440442978,68.84750807065654],[-48.77373206614902,68.84753038976669],[-48.77275104064575,68.84793610330362],[-48.77176560350849,68.84834187006149],[-48.77071320425173,68.84836866471706],[-48.76973213228761,68.84876997667993],[-48.77032533706344,68.84914007542555],[-48.771448942624666,68.84949237094328],[-48.77257272517014,68.84984909251762],[-48.77263952151005,68.8502281217391],[-48.77376335357362,68.85058483434206],[-48.77383017033805,68.85096386356048],[-48.77495370228333,68.85132057671098],[-48.775020889114195,68.85169959640626],[-48.77610868757699,68.85186457161831],[-48.777125414545424,68.85165050633424],[-48.778249058526875,68.85200281295123],[-48.77873959800182,68.85180218554905],[-48.779199052499735,68.85140975864084]]],"type":"Polygon"},"id":"0000000000000000024b","properties":{"area":114770.09036396614,"elevation":1223.5284877197357,"region":"CW","year":2018},"type":"Feature"},{"geometry":{"coordinates":[[[-49.71848619521797,70.39431671681096],[-49.71825430019385,70.39336690242666],[-49.71802242583311,70.39241708821328],[-49.71552987135835,70.39153426560596],[-49.712658167418205,70.39142277505202],[-49.70965283155182,70.3907404674663],[-49.707057631418685,70.39176606366762],[-49.70715113370907,70.39214508689183],[-49.70568862267054,70.39314397953555],[-49.705358630169144,70.39410706945564],[-49.7038959446668,70.39510149115443],[-49.70356604981698,70.39606463075152],[-49.70379811799128,70.39701444331122],[-49.70289720047361,70.39799095543108],[-49.70200106658832,70.3989719988072],[-49.70392735472491,70.39987273943709],[-49.70585810831444,70.40077349774121],[-49.70665165768847,70.40170987815566],[-49.709144442838245,70.40259281506125],[-49.711311673535704,70.40215132539075],[-49.71107980701407,70.4012015619199],[-49.71197599859445,70.40022502162036],[-49.714004838314644,70.39921280591733],[-49.7149012263392,70.39823178284692],[-49.71523553266069,70.39726857995214],[-49.71782631656203,70.39624304655317],[-49.71815635595342,70.39527984942232],[-49.71848619521797,70.39431671681096]]],"type":"Polygon"},"id":"0000000000000000013f","properties":{"area":498095.60006906773,"elevation":1068.5131321498445,"region":"CW","year":2018},"type":"Feature"},{"geometry":{"coordinates":[[[-49.75022162661516,68.31415944944297],[-49.75009235217143,68.31358862497949],[-49.74996307449343,68.31302235984636],[-49.748299692058225,68.31250064835768],[-49.7466365568169,68.31197897026972],[-49.74509815167609,68.31202801926136],[-49.74347941097722,68.31169353495302],[-49.7419008713573,68.31155084882607],[-49.740233297342314,68.3110291971924],[-49.738783974597965,68.31145723977956],[-49.73733048129075,68.31188529295954],[-49.735751793348335,68.31174260032847],[-49.73430256341053,68.3121662071146],[-49.734387409781796,68.31254518464107],[-49.735024981714524,68.31309816270567],[-49.73515441854073,68.31366892256739],[-49.73527925239837,68.31423522687045],[-49.73536396148573,68.31461427040729],[-49.73690235521339,68.31456516151616],[-49.73839614813403,68.31432893021035],[-49.740059263621475,68.31485059402252],[-49.741722626313276,68.31537229124794],[-49.743345703451496,68.31570677409756],[-49.744884155657566,68.3156576927127],[-49.74637792458593,68.31542137317474],[-49.74787166327884,68.31518503723802],[-49.74932532981464,68.31475692121249],[-49.75022162661516,68.31415944944297]]],"type":"Polygon"},"id":"00000000000000000244","properties":{"area":228168.42665978117,"elevation":932.043909259434,"region":"CW","year":2018},"type":"Feature"},{"geometry":{"coordinates":[[[-48.349064946416824,68.47330921008412],[-48.34699611590875,68.47334932432972],[-48.34444093639165,68.47359905014618],[-48.34200630780774,68.47460238461255],[-48.342131125238254,68.47536037245811],[-48.34176116560867,68.47632353098516],[-48.341912698398886,68.47727333155446],[-48.34154713539367,68.47823206969326],[-48.341698673563485,68.47918187430972],[-48.341332896577995,68.48014056089633],[-48.34096733920946,68.48110373474078],[-48.34111904044428,68.48205348255613],[-48.341270523036385,68.48299886355221],[-48.34141775052605,68.48394860673686],[-48.343121169118646,68.48486723329792],[-48.34564943782486,68.48443018331716],[-48.34659024725479,68.48384160538839],[-48.34488677745141,68.48292302377678],[-48.34577441330095,68.48195094000539],[-48.34562270303473,68.48100113385658],[-48.34495376461467,68.48006477289545],[-48.34480209833765,68.479114969722],[-48.34516782653576,68.47815178064751],[-48.34449898299559,68.477215423346],[-48.34641634858257,68.4762210022778],[-48.346264654536895,68.47527120827567],[-48.347147823841496,68.47429911374157],[-48.349064946416824,68.47330921008412]]],"type":"Polygon"},"id":"000000000000000001cc","properties":{"area":214450.88597888843,"elevation":1438.5731449245677,"region":"CW","year":2018},"type":"Feature"},{"geometry":{"coordinates":[[[-49.876552387963876,68.7526094425184],[-49.873101063427356,68.7513787667709],[-49.86987725201257,68.75109337633344],[-49.86617164967866,68.75101759274308],[-49.86251074105655,68.75112900879779],[-49.85889429601979,68.75143225561366],[-49.85532255800692,68.7519272066655],[-49.851795644197196,68.75260947319127],[-49.84835752258119,68.75367076712905],[-49.845004368136316,68.75511104828371],[-49.843702270535665,68.75629713938838],[-49.84348809564837,68.75763932715499],[-49.8427525587503,68.75899935456027],[-49.8425428555638,68.7603415062802],[-49.843376621723536,68.76165697262246],[-49.845646267985934,68.76234814502622],[-49.849262691608274,68.76204939865794],[-49.851657420120134,68.76101931136313],[-49.8550060809815,68.7595790268027],[-49.858359255461394,68.75813872751037],[-49.86179740392844,68.75707747814323],[-49.86532451434719,68.75639525365],[-49.868945277697506,68.75609200470149],[-49.872294050229726,68.75465171790997],[-49.87477338274918,68.75400068782393],[-49.876552387963876,68.7526094425184]]],"type":"Polygon"},"id":"00000000000000000022","properties":{"area":929592.006812467,"elevation":745.126698927157,"region":"CW","year":2018},"type":"Feature"},{"geometry":{"coordinates":[[[-48.16320080329774,68.61361478597857],[-48.16147061952042,68.6125089672474],[-48.16077508641592,68.611376363711],[-48.160083827223836,68.6102482143765],[-48.16251421390788,68.60905316024198],[-48.159330391593684,68.6087365979354],[-48.1562936191836,68.60936975273445],[-48.15542860306358,68.61053362970469],[-48.15247674558353,68.61173307443319],[-48.149297402609335,68.61141646498945],[-48.14602884641941,68.61052906755171],[-48.14284957076214,68.61021249143919],[-48.139670201745965,68.6098959052389],[-48.13649073937512,68.60957930894135],[-48.13339615144579,68.60982902267827],[-48.13397142100293,68.61019918630863],[-48.1362231189909,68.61130055297461],[-48.13847950225029,68.61239746782503],[-48.141774940111986,68.61347661416899],[-48.145070093846996,68.614551204867],[-48.14830752326281,68.6152513130432],[-48.151517933821886,68.61575517517673],[-48.15475535121411,68.61645526024398],[-48.15779196260341,68.61582203915219],[-48.160944570003764,68.6159469010029],[-48.16077070839605,68.61480984589369],[-48.16320080329774,68.61361478597857]]],"type":"Polygon"},"id":"000000000000000001d2","properties":{"area":535441.3379130501,"elevation":1486.353226482504,"region":"CW","year":2018},"type":"Feature"},{"geometry":{"coordinates":[[[-49.24358314665566,68.89368650723392],[-49.24342695834612,68.89292840538467],[-49.24327080052491,68.89217042223345],[-49.241005577540015,68.89146587926795],[-49.23979727734601,68.89073459171796],[-49.238584479692435,68.89000331595965],[-49.23684970984304,68.88928536186742],[-49.23511065536646,68.88856746200126],[-49.23292592855251,68.88824193174302],[-49.23085671224996,68.88849163784232],[-49.228827927837415,68.88892420496154],[-49.22793168170893,68.88971347520297],[-49.22755708770592,68.89048933920891],[-49.226660682246425,68.89127410399625],[-49.22629077955325,68.89204999939838],[-49.22644660464697,68.89280805292641],[-49.22712896788223,68.89355274070317],[-49.22833744277312,68.89428851127977],[-49.22947001241208,68.89463630149079],[-49.23165489816045,68.8949617843962],[-49.233880078197416,68.89547463583973],[-49.23598913494878,68.89542108033262],[-49.238018098150086,68.89498408869832],[-49.240087132873526,68.8947387957857],[-49.24215626191039,68.89448914443545],[-49.24358314665566,68.89368650723392]]],"type":"Polygon"},"id":"0000000000000000029e","properties":{"area":396436.9256795714,"elevation":1026.7501336547093,"region":"CW","year":2018},"type":"Feature"},{"geometry":{"coordinates":[[[-49.44494267589295,69.28145440306278],[-49.444898046324404,69.2812626759034],[-49.44485797605251,69.28107536978176],[-49.44481798813935,69.28088361518013],[-49.444238124967036,69.28070968594812],[-49.44366293141343,69.28053584481741],[-49.44308772428713,69.28036188354913],[-49.44254812396809,69.28037530729578],[-49.442012974474416,69.28038864820307],[-49.441478012481575,69.28040204044224],[-49.44094296720236,69.2804198791751],[-49.44036761378702,69.28024597152552],[-49.439792350915035,69.28006761310958],[-49.439257310813026,69.28008544550153],[-49.43872235243846,69.28009882736492],[-49.43818703790174,69.28011221837755],[-49.43764752157108,69.28013000747364],[-49.437112560439445,69.28014338326032],[-49.43657743151694,69.2801568215512],[-49.4360021130091,69.27998289641391],[-49.435467153294,69.2799962660028],[-49.434972101382066,69.2802013903997],[-49.43448168108554,69.28040648590876],[-49.43398661213364,69.28061160691959],[-49.4340269535224,69.2807989044868],[-49.434066856633216,69.28099066176057],[-49.43411148438213,69.28117794339518],[-49.434151744186515,69.28136968959537],[-49.43419189993295,69.28155693396539],[-49.43477152932689,69.28173085089497],[-49.435306527931345,69.28171748405101],[-49.4358416925704,69.28170405066493],[-49.43637677263681,69.28168623126649],[-49.436911768488656,69.281672858363],[-49.43744695184228,69.2816595367981],[-49.437982112838135,69.28164609532979],[-49.43855712880794,69.28182002423355],[-49.43913698152996,69.28199397690105],[-49.43967198109734,69.2819805936049],[-49.44020706230972,69.28196275976758],[-49.44074222691521,69.28194930790346],[-49.44127741212313,69.28193597190084],[-49.441812490286765,69.2819181320015],[-49.44230726635655,69.28171749619823],[-49.44284233839199,69.28169965239823],[-49.443377682690574,69.28168624392038],[-49.44387252225744,69.28148115413066],[-49.44440750531849,69.28146775293231],[-49.44494267589295,69.28145440306278]]],"type":"Polygon"},"id":"00000000000000000071","properties":{"area":70447.62596534367,"elevation":672.4981094025713,"region":"CW","year":2018},"type":"Feature"},{"geometry":{"coordinates":[[[-49.38685835394886,69.59264610457795],[-49.386689030313946,69.59188811188982],[-49.38497671660164,69.59155368793263],[-49.382635665216604,69.59084907486049],[-49.38041947980071,69.59071977695618],[-49.37820340636292,69.59058599481595],[-49.37615227519681,69.59121475250099],[-49.3740205542797,69.59146447524043],[-49.3718848977479,69.59170971902095],[-49.36979334360744,69.5921467162289],[-49.36774656463673,69.59277544693931],[-49.36569552419222,69.59340421579631],[-49.36631976138625,69.59376540112014],[-49.36648927496205,69.5945278986813],[-49.3655663603003,69.59531266851343],[-49.36681929329042,69.59604397994347],[-49.36916026956886,69.59674399723872],[-49.37142093980213,69.59706508590898],[-49.37371734473403,69.59757788830453],[-49.37597833552641,69.59789895971696],[-49.37810978895936,69.59765368050505],[-49.379072807310656,69.59705171329352],[-49.37999588255666,69.59626689626458],[-49.38200237851432,69.59544643868607],[-49.384013534073254,69.59463043177567],[-49.385016842862285,69.59422465015058],[-49.38593536279605,69.59343536050993],[-49.38685835394886,69.59264610457795]]],"type":"Polygon"},"id":"000000000000000000a6","properties":{"area":439502.285861067,"elevation":1156.1473606562697,"region":"CW","year":2018},"type":"Feature"},{"geometry":{"coordinates":[[[-48.85493683587296,68.7644706446896],[-48.854307979096106,68.7639132595025],[-48.85367933373254,68.7633559262063],[-48.853572186220156,68.76278516493754],[-48.85297927556663,68.76241946470083],[-48.85144077924668,68.76264690354408],[-48.849799899141644,68.7623079876127],[-48.84822588774092,68.76234369106574],[-48.84676321398174,68.76295457771474],[-48.84515349702721,68.76280298948312],[-48.843583987790396,68.76283863188542],[-48.841938313130655,68.76249975883935],[-48.840368997004376,68.76253541895107],[-48.83872792796193,68.76219650013023],[-48.83932096215932,68.76256213285784],[-48.83838009673249,68.76315522077866],[-48.836912941256536,68.76376611954308],[-48.83806344617248,68.76431014126527],[-48.838696671668416,68.76486752747795],[-48.83932537829841,68.76542491951744],[-48.84093085605089,68.76557652097124],[-48.84260727836281,68.76610712898406],[-48.84428833536226,68.76663782715218],[-48.84596507933636,68.76716845019477],[-48.84764170254243,68.76770349753888],[-48.849287113171336,68.76804244492125],[-48.850749478476224,68.76743598024808],[-48.85221669095093,68.76682510237497],[-48.85315753436042,68.7662319698982],[-48.85252885395425,68.76567462887061],[-48.85346967091129,68.76507711534975],[-48.85493683587296,68.7644706446896]]],"type":"Polygon"},"id":"00000000000000000278","properties":{"area":291269.1137920837,"elevation":1246.7431533286767,"region":"CW","year":2018},"type":"Feature"},{"geometry":{"coordinates":[[[-50.20107243241815,71.4235441400908],[-50.20000239922507,71.42343709630268],[-50.19816519506581,71.42329885208909],[-50.19622537996112,71.42278159371321],[-50.19428124433314,71.42226885561789],[-50.19293448266869,71.421733707599],[-50.192774006909815,71.42116742606271],[-50.19366595708717,71.42069919027145],[-50.19433484673572,71.42035584081205],[-50.193451945379536,71.41995005280619],[-50.19393360288574,71.41954428611172],[-50.192827642676036,71.41925893121305],[-50.19110198695365,71.41949967058771],[-50.18948325094911,71.4201150800737],[-50.18934074066308,71.42024882023165],[-50.18905085864214,71.42070364910282],[-50.18743197295596,71.4213190366214],[-50.18581346101422,71.42193884830621],[-50.1863130014755,71.422250960445],[-50.186620483397014,71.42267901922054],[-50.18711987188404,71.42299119424597],[-50.188025216443414,71.42340144333347],[-50.18852902903922,71.4237180441198],[-50.19047304335489,71.42423525468564],[-50.19129816036902,71.42445377236902],[-50.19296134507448,71.42454296776329],[-50.19474497446445,71.42449384501802],[-50.196475024115,71.42424865449273],[-50.19820981040348,71.4240078617257],[-50.19999340173804,71.4239587971999],[-50.20107243241815,71.4235441400908]]],"type":"Polygon"},"id":"0000000000000000017f","properties":{"area":143171.4496548211,"elevation":1476.836510060337,"region":"CW","year":2018},"type":"Feature"},{"geometry":{"coordinates":[[[-49.97969591558275,68.56140321482798],[-49.979606756630496,68.56102416173462],[-49.979044760874935,68.56085028435399],[-49.97800593522395,68.5608859881075],[-49.97697141495501,68.56091714237552],[-49.9759369140905,68.56094840651144],[-49.974986980466554,68.5613630899823],[-49.974041692890864,68.56177333066744],[-49.97413093233221,68.56215232245427],[-49.974224517898065,68.56253133419875],[-49.973279367227605,68.56294606651043],[-49.97232948727193,68.56335634167232],[-49.97138424040604,68.56376650007701],[-49.971473287607736,68.56414556004181],[-49.97208426844784,68.56451120863058],[-49.97307411931165,68.56428820246693],[-49.97415756760903,68.56444432012611],[-49.97523684517364,68.56460034457524],[-49.975147578990494,68.56422135153302],[-49.975575714272075,68.56382453560093],[-49.976003662017966,68.56343210964884],[-49.976948966585574,68.56301741064578],[-49.97685984206238,68.56263835471532],[-49.97780529639045,68.56222814644383],[-49.978750524725505,68.5618134357075],[-49.97969591558275,68.56140321482798]]],"type":"Polygon"},"id":"0000000000000000000f","properties":{"area":64472.44120040066,"elevation":830.7293784369266,"region":"CW","year":2018},"type":"Feature"},{"geometry":{"coordinates":[[[-48.93239577555798,68.3432105064335],[-48.93174021903659,68.3424613516231],[-48.92964884243915,68.34232758855822],[-48.92759773811265,68.34237665383324],[-48.926710347869836,68.34316139734166],[-48.924797552444026,68.34397297163635],[-48.922884632239615,68.34478452004721],[-48.92090012947134,68.34521704703134],[-48.91891591265719,68.34564515901123],[-48.91898734238769,68.3460241558424],[-48.91809991603168,68.3468089558857],[-48.91721708726641,68.34759379435394],[-48.916329551492666,68.34837858515358],[-48.91441224952752,68.34919012892547],[-48.9145548385881,68.34994819687974],[-48.9152104237733,68.3506973179067],[-48.91740438565752,68.35140185277008],[-48.91953113656376,68.35172735113039],[-48.921551230076325,68.35148660693548],[-48.923464169942484,68.35067502336037],[-48.92551990901724,68.35062596686107],[-48.92640275718547,68.34984112270551],[-48.927290041243566,68.34905638052354],[-48.92920296778625,68.34824482712557],[-48.93115158054382,68.34762499117178],[-48.930531927743566,68.34706761996244],[-48.93141914894035,68.34628279097839],[-48.92922523769187,68.34557825451301],[-48.928569889728834,68.34482913457404],[-48.93048280180519,68.34401755945794],[-48.93239577555798,68.3432105064335]]],"type":"Polygon"},"id":"000000000000000001d5","properties":{"area":408325.4609364342,"elevation":1270.3136584519254,"region":"CW","year":2018},"type":"Feature"},{"geometry":{"coordinates":[[[-48.791978553351875,68.44904724784591],[-48.78864315643889,68.44779422884473],[-48.78698895833422,68.4472635648328],[-48.78324328867792,68.4465946971449],[-48.77949318965554,68.44592142128693],[-48.775845602854105,68.44581883157699],[-48.772265015724564,68.44609530463399],[-48.768791362263784,68.44694257955031],[-48.765348897050494,68.44798150409866],[-48.764934259174375,68.44856119873856],[-48.76258871942989,68.44995240351032],[-48.762825136734044,68.45128128701003],[-48.763583085135586,68.45259671975738],[-48.763819565926916,68.45392549144104],[-48.76509040307039,68.45522753240168],[-48.76636100471912,68.45653407015459],[-48.76866204060538,68.4578093405627],[-48.772514724543576,68.45905348016524],[-48.776300400318846,68.45991409625319],[-48.77998366727893,68.46020387101704],[-48.78349761972182,68.45954841982012],[-48.785909917334344,68.45853617295131],[-48.78876827090824,68.45713157426452],[-48.79059198756202,68.45575373591913],[-48.79087284712706,68.45441151881481],[-48.79063199434848,68.45308269224597],[-48.79142582707058,68.45173159273799],[-48.79118497522326,68.45040277464493],[-48.791978553351875,68.44904724784591]]],"type":"Polygon"},"id":"000000000000000001e4","properties":{"area":1494754.6828675556,"elevation":1277.5672396554382,"region":"CW","year":2018},"type":"Feature"},{"geometry":{"coordinates":[[[-50.4395184508436,68.44001305714686],[-50.43942029473336,68.4396340672787],[-50.43880944996161,68.43927287341924],[-50.43768111508785,68.43892954313355],[-50.43706599165339,68.4385683372614],[-50.436454952480446,68.43821159041937],[-50.436874178182556,68.43781480468623],[-50.437288887446876,68.43741796101531],[-50.436160813612254,68.43707455442646],[-50.43517969579563,68.43729752757277],[-50.434247809527044,68.43771220391888],[-50.4333202113998,68.43812687923995],[-50.43233929746854,68.43835432681786],[-50.43121108261121,68.43801094452044],[-50.43013195770778,68.43785933055041],[-50.42910196741464,68.43789497742888],[-50.428071814161434,68.43793068216665],[-50.42868730147154,68.43829184792541],[-50.42929814388061,68.43865301972319],[-50.428883380619745,68.43904544868126],[-50.429494428255225,68.43940667221648],[-50.430105309223244,68.43976784145093],[-50.4307205273315,68.44012901352146],[-50.43133162667362,68.44049022994191],[-50.432410527618984,68.44064184959427],[-50.43344062065245,68.44060617816288],[-50.434519809769576,68.44076227598092],[-50.435598895734465,68.44091380511784],[-50.43662451236376,68.44087817032607],[-50.437556471258844,68.44046347545199],[-50.438488398715016,68.44004877443608],[-50.4395184508436,68.44001305714686]]],"type":"Polygon"},"id":"000000000000000002a5","properties":{"area":113855.58765188784,"elevation":623.698097185092,"region":"CW","year":2018},"type":"Feature"},{"geometry":{"coordinates":[[[-49.81235472592039,70.34680947197894],[-49.81169487640367,70.34644825349723],[-49.812163181131915,70.34605137610299],[-49.81094118629344,70.34570358787066],[-49.80976848493235,70.34554752553302],[-49.80864037666308,70.34557871008424],[-49.80761020878377,70.34598898232201],[-49.80648206542476,70.34602460400959],[-49.805452208431745,70.34643484916506],[-49.804421942649675,70.34684509917854],[-49.8045157096843,70.3472240939134],[-49.80404744437986,70.34762099986884],[-49.80414120897252,70.34799999498544],[-49.80423480349775,70.34837905512735],[-49.804328401345224,70.34875811530047],[-49.80555007307578,70.34910585261774],[-49.80621008186252,70.34946703372363],[-49.80682105648758,70.34964098156154],[-49.807993753033344,70.34979701523136],[-49.80917096179918,70.34995758475294],[-49.81020090326988,70.34954731351212],[-49.81123101220684,70.34913263448786],[-49.81113749774843,70.34875363105813],[-49.81160565265704,70.3483611557631],[-49.81038391296225,70.348013350017],[-49.81085209823739,70.34761654162932],[-49.81188658308551,70.3472062850842],[-49.81235472592039,70.34680947197894]]],"type":"Polygon"},"id":"00000000000000000138","properties":{"area":107219.48884320067,"elevation":989.305083616497,"region":"CW","year":2018},"type":"Feature"},{"geometry":{"coordinates":[[[-48.87099836297128,69.22477028648915],[-48.869785558255785,69.22403902048724],[-48.86857263881698,69.22330769103446],[-48.86842999898046,69.2225496436214],[-48.86614686738661,69.22184068455957],[-48.86386830949409,69.22113162720026],[-48.86265537194934,69.22040037896528],[-48.862512748274,69.219642275452],[-48.86236552138931,69.218884299124],[-48.8627580224122,69.2181128900357],[-48.86104564685281,69.21758224791726],[-48.858945566966675,69.21782302951141],[-48.856809484896395,69.21787204184115],[-48.85470934896112,69.21811287833694],[-48.854780524392,69.21849187365902],[-48.853322507128574,69.21929002666361],[-48.85346964395577,69.22004806599286],[-48.853077358503846,69.22081949477915],[-48.85268932601585,69.22159092478927],[-48.85389775890661,69.22232225744887],[-48.855110706401156,69.22305801974473],[-48.855257738238315,69.22381600759968],[-48.855935569199765,69.22456065977822],[-48.85767913757464,69.22528307444416],[-48.85889182389967,69.22601438068075],[-48.861103664844244,69.22634441058855],[-48.86327524242009,69.22648254810348],[-48.865482563043685,69.22680813527825],[-48.86754692558805,69.22638002892785],[-48.86954032355501,69.22556844258416],[-48.87099836297128,69.22477028648915]]],"type":"Polygon"},"id":"0000000000000000004e","properties":{"area":434957.27773424215,"elevation":945.8105273427973,"region":"CW","year":2018},"type":"Feature"},{"geometry":{"coordinates":[[[-49.91082953225169,70.03036041211293],[-49.910686918278586,70.0297940931938],[-49.910544302275284,70.02922332172683],[-49.91040153246088,70.02865706821875],[-49.90859555209501,70.02813533169262],[-49.90679410074218,70.02761811440864],[-49.90554112641125,70.02708298785184],[-49.90484545772553,70.02653002452566],[-49.904702640105505,70.02595926186927],[-49.90303941425763,70.0260083520212],[-49.90142540284062,70.02624908776055],[-49.89986021933489,70.02667714818594],[-49.89819692347328,70.02672618327199],[-49.8983397773477,70.02729255208726],[-49.89737210975683,70.02789450633409],[-49.89585152052903,70.02850988446592],[-49.89433084951774,70.02912524682041],[-49.89392070732014,70.02970937771302],[-49.89406329061831,70.03028015153656],[-49.89309558370053,70.0308821308817],[-49.89323851536066,70.03144844102636],[-49.893934045327185,70.03200134302253],[-49.89564618487121,70.03213959662325],[-49.89735409988613,70.03228224740138],[-49.899160144081236,70.03279955352319],[-49.900823312826965,70.03275492128586],[-49.9023438552284,70.03213510262842],[-49.90395807138689,70.03189875723446],[-49.9055724390467,70.03165799412137],[-49.90719102786728,70.03142170125723],[-49.90880513752657,70.0311853023271],[-49.91041922700548,70.030944550787],[-49.91082953225169,70.03036041211293]]],"type":"Polygon"},"id":"0000000000000000010c","properties":{"area":335230.5537249071,"elevation":485.9109211429553,"region":"CW","year":2018},"type":"Feature"},{"geometry":{"coordinates":[[[-50.40844300862252,71.30170805805965],[-50.4082200167586,71.30094999552216],[-50.40799686264395,71.30019199825796],[-50.40777411187168,71.29943398713044],[-50.406958023095676,71.29869371539361],[-50.405722994978085,71.29853766030193],[-50.403582419558184,71.29936707062005],[-50.401277036081126,71.29963016147481],[-50.398802404140596,71.29932244972292],[-50.39621620285236,71.29863579128582],[-50.39422288782363,71.2979312446978],[-50.39340694449142,71.29719103554561],[-50.39377682618259,71.29641512211388],[-50.391948687795754,71.29628140283687],[-50.38969685866768,71.2967317505452],[-50.388738173960974,71.29752539917408],[-50.38896105104169,71.29828352587069],[-50.38977706974229,71.29902369187263],[-50.39117736213017,71.29974607894118],[-50.39258185012171,71.30046848962303],[-50.39398660844774,71.30119082230163],[-50.39598411474284,71.30189535611399],[-50.397977462166764,71.3025998947693],[-50.39938196377365,71.30332225906251],[-50.40185684875058,71.3036299110884],[-50.40433170409333,71.30393318769568],[-50.4061599091986,71.30407136432123],[-50.40593678896376,71.30331336491292],[-50.40748871172516,71.30250180576934],[-50.40844300862252,71.30170805805965]]],"type":"Polygon"},"id":"0000000000000000017b","properties":{"area":287753.6594597919,"elevation":1399.8448303388298,"region":"CW","year":2018},"type":"Feature"},{"geometry":{"coordinates":[[[-49.98168459102634,68.49087805664581],[-49.97908053129623,68.48867081423805],[-49.976476574031444,68.48645910418163],[-49.97696701446999,68.48415374103217],[-49.97333279884635,68.48197769949131],[-49.970211275523276,68.47978828201977],[-49.97431818043783,68.47736701612668],[-49.97326138380307,68.47510624927074],[-49.96915906067044,68.47313971518284],[-49.96309915917178,68.47390672591285],[-49.95740487128822,68.4717976060856],[-49.95202265754666,68.47101279088076],[-49.95195128454445,68.47292573785141],[-49.95352113321404,68.47516418579698],[-49.95044425177747,68.47755424517382],[-49.94788474626284,68.47992649840893],[-49.94429067699253,68.48232996658506],[-49.94379572856682,68.48463974781795],[-49.94845994760643,68.48678010603194],[-49.95261136131164,68.48893839231451],[-49.95573268322738,68.49113227493191],[-49.95570591000375,68.49323243944106],[-49.962127201806695,68.49398159465504],[-49.96859714425704,68.49492247751203],[-49.974657074884306,68.49415550640921],[-49.980159624745376,68.49321465240317],[-49.98168459102634,68.49087805664581]]],"type":"Polygon"},"id":"00000000000000000039","properties":{"area":2549176.309876739,"elevation":834.4683430132087,"region":"CW","year":2018},"type":"Feature"},{"geometry":{"coordinates":[[[-49.21882159203884,68.6097353875114],[-49.217631207376265,68.60900412280404],[-49.216436191640135,68.60827281608697],[-49.21428228830879,68.60794725093089],[-49.21204829318125,68.60724281151536],[-49.209814273883254,68.60654266265921],[-49.20862378634392,68.6058114011826],[-49.206470036260676,68.60548589864263],[-49.20435186846565,68.60535211188214],[-49.202425632844474,68.60616813762883],[-49.20045906529105,68.60679235311828],[-49.19841679285108,68.60703761943111],[-49.19641465020614,68.60747464081224],[-49.19708796468553,68.60821934611458],[-49.19932193216376,68.60891940316823],[-49.200436811834805,68.60927164490047],[-49.202630682874286,68.60978892268965],[-49.20474869152057,68.60992269556273],[-49.20694266211594,68.61043552698239],[-49.20902064642695,68.61037750433007],[-49.21121438896834,68.61089027928874],[-49.21333253793427,68.61102403878027],[-49.21545054187018,68.61115783002936],[-49.21764454884082,68.61167511864929],[-49.2186075374763,68.61126489955844],[-49.21845600753312,68.61050682453669],[-49.21882159203884,68.6097353875114]]],"type":"Polygon"},"id":"0000000000000000027b","properties":{"area":341566.76295579213,"elevation":1111.2263488080305,"region":"CW","year":2018},"type":"Feature"},{"geometry":{"coordinates":[[[-51.155315647791824,71.46739042465688],[-51.15501242235341,71.4672790005441],[-51.1536969398665,71.46694448968616],[-51.15238164107056,71.46660561653187],[-51.1511954157832,71.46664581547694],[-51.14987984667183,71.46631133972842],[-51.149509723495555,71.46624891028303],[-51.148444003636875,71.46628905676997],[-51.147440885882304,71.46620434166319],[-51.14637956344674,71.46661898672818],[-51.146442006614606,71.46681072310989],[-51.145978361283724,71.4672076048435],[-51.14551017714479,71.46760448403296],[-51.14643313868167,71.46784083105523],[-51.14711093888436,71.46805483444946],[-51.14754790407292,71.46830008326681],[-51.14788229871066,71.46855870650307],[-51.14855564586133,71.46877282059668],[-51.14987551373802,71.46911160880835],[-51.15112864933724,71.46925881972598],[-51.15219424589778,71.46883969028724],[-51.15306823137871,71.46849184266884],[-51.15380384903756,71.4684026760482],[-51.15444611530978,71.46838033941849],[-51.154740521355635,71.46824660383874],[-51.155271002120564,71.46803702711286],[-51.15484731419456,71.467791750312],[-51.155315647791824,71.46739042465688]]],"type":"Polygon"},"id":"00000000000000000197","properties":{"area":74142.67521244843,"elevation":289.889028637771,"region":"CW","year":2018},"type":"Feature"},{"geometry":{"coordinates":[[[-49.08358157409478,68.4473884780097],[-49.080593983983164,68.44536844124256],[-49.07388756718221,68.4455424137739],[-49.06707407894453,68.44514996799268],[-49.060108947491706,68.4439995200578],[-49.05329090698758,68.44360263867809],[-49.04658894395575,68.44377656317529],[-49.03969957331093,68.44300519331127],[-49.032917154190045,68.44280004943478],[-49.026393474895805,68.4439192713587],[-49.022701486289904,68.44630489180162],[-49.01904509026674,68.44887781951122],[-49.01745310175124,68.451397231518],[-49.01844308147979,68.45384973156314],[-49.02097592043007,68.45626204922642],[-49.02705352483146,68.45820174829247],[-49.033800335349596,68.45821960963237],[-49.04043984945548,68.45766672248226],[-49.046678020556165,68.45502690072223],[-49.052171709280785,68.45392998924613],[-49.055306526728295,68.45137040040052],[-49.05951146094578,68.44897140507133],[-49.06625809710923,68.44898480189258],[-49.073334640030296,68.45070599392095],[-49.07889939392388,68.44998811132089],[-49.08358157409478,68.4473884780097]]],"type":"Polygon"},"id":"0000000000000000021d","properties":{"area":1358951.0301262436,"elevation":1180.2662114709326,"region":"CW","year":2018},"type":"Feature"},{"geometry":{"coordinates":[[[-48.86475559492448,68.8510619617481],[-48.862017860832005,68.8505580738328],[-48.859351183309634,68.8504287842495],[-48.85654204836174,68.84954589560415],[-48.853737159183545,68.84865851886082],[-48.850963737976684,68.84796287977058],[-48.84847541272856,68.84878783293894],[-48.845666333545296,68.84790042219402],[-48.84303544911128,68.84796285213434],[-48.842125833339516,68.84875213378596],[-48.839673243906034,68.84976432527233],[-48.8382686859485,68.85075426310178],[-48.838973204124876,68.85169065284019],[-48.84125613744617,68.85258698920607],[-48.84406084028546,68.85347433391922],[-48.845817892653976,68.85438844312206],[-48.848627190540384,68.85527132073886],[-48.851257956258706,68.85520887017313],[-48.85272940708271,68.85459799128475],[-48.85307718623048,68.85363933299566],[-48.85553418139908,68.8526226263265],[-48.858200738945044,68.85274750148919],[-48.86065339258132,68.85173525650437],[-48.86342698831749,68.85243090101025],[-48.86440776656377,68.85202510080867],[-48.86475559492448,68.8510619617481]]],"type":"Polygon"},"id":"0000000000000000026c","properties":{"area":488801.69959799194,"elevation":1215.995691606665,"region":"CW","year":2018},"type":"Feature"},{"geometry":{"coordinates":[[[-49.77251720653601,68.86584835934646],[-49.77238331182785,68.8652775944047],[-49.771727931402886,68.86472467409877],[-49.771067997511885,68.86417167212699],[-49.770412512434724,68.86361881185499],[-49.76975247409308,68.86306586987395],[-49.769097024968474,68.86251288698855],[-49.767915467638254,68.86197338911637],[-49.76830785065577,68.86138925499317],[-49.769752671429345,68.8607738620426],[-49.769623268066084,68.86020312636082],[-49.76896334062167,68.85965018444179],[-49.76830783857654,68.85909726652828],[-49.766644519389445,68.85876282232894],[-49.76672916309186,68.8591418265821],[-49.7652845160416,68.85976168528047],[-49.76383963509957,68.86037703056158],[-49.763442949391454,68.86096117692327],[-49.76305045599682,68.86154529642624],[-49.762127374160464,68.86214730016857],[-49.76226117783412,68.86271800582422],[-49.76186881567737,68.86330217643739],[-49.76199824642557,68.86387297459316],[-49.76265355702381,68.86442587389692],[-49.76427674864785,68.86456860924801],[-49.76598461226689,68.86509033451644],[-49.76760767479514,68.86523297862875],[-49.769315485180016,68.86575472907211],[-49.77098319503007,68.8660846872841],[-49.77251720653601,68.86584835934646]]],"type":"Polygon"},"id":"0000000000000000004c","properties":{"area":190673.81546527517,"elevation":731.0566353823601,"region":"CW","year":2018},"type":"Feature"},{"geometry":{"coordinates":[[[-48.72226050763629,68.70260511335293],[-48.72166749737871,68.70223947087567],[-48.721600739483385,68.70185600170113],[-48.72100757407182,68.70149030277928],[-48.72041897938721,68.70112471530051],[-48.71983043174492,68.7007546284166],[-48.71923731789434,68.70038892284853],[-48.71812700581429,68.70003220717577],[-48.71707921724181,68.7000589471571],[-48.71607142827702,68.70027297463383],[-48.715094893210306,68.70067428927493],[-48.7141137591133,68.70108009840129],[-48.713137293706374,68.70148583321308],[-48.71216081344723,68.7018916791855],[-48.71114855094249,68.70210572926749],[-48.71006947396846,68.70194074075347],[-48.71066247859906,68.70230636854471],[-48.71072945006163,68.70268533615851],[-48.71184413668721,68.70304205495621],[-48.711911145762976,68.7034211404535],[-48.712990297299164,68.7035861153212],[-48.7140691144572,68.70375109123744],[-48.71517953935697,68.70410784240899],[-48.71619184426641,68.70389376215418],[-48.717235258609804,68.70386703334172],[-48.7182829934811,68.70384473554111],[-48.719259809506944,68.70343895320192],[-48.7203029863344,68.70341664418315],[-48.721350909026135,68.70338988007126],[-48.72180579798609,68.70299746552715],[-48.72226050763629,68.70260511335293]]],"type":"Polygon"},"id":"00000000000000000044","properties":{"area":135803.65274150297,"elevation":1325.877701634159,"region":"CW","year":2018},"type":"Feature"},{"geometry":{"coordinates":[[[-49.79897741822744,68.5517849389766],[-49.798759113523715,68.5508351341647],[-49.79698869370194,68.54993443110709],[-49.795218559455975,68.54903364256404],[-49.79603440518266,68.54805714810959],[-49.79633772131382,68.54709395982928],[-49.794050008823056,68.54620659855004],[-49.79318501394774,68.54699584533162],[-49.793920933537564,68.5479277802947],[-49.79206595334164,68.54894004985935],[-49.78964899754909,68.54977829300293],[-49.787147432653505,68.55023763285752],[-49.784645930731195,68.55069686232031],[-49.78201056669752,68.55058539545713],[-49.77959366488662,68.55142373845078],[-49.779638357200575,68.55161551190965],[-49.77933503738284,68.55257864483423],[-49.780588093269785,68.55349280241776],[-49.78028479029969,68.55445594113567],[-49.781537951019104,68.55537453746462],[-49.784262417314096,68.55586497446627],[-49.78676390945569,68.55540570881445],[-49.789354689464794,68.5553254455951],[-49.791900996620235,68.55505791117358],[-49.794446919795604,68.55478589819752],[-49.796520485863105,68.55472351780674],[-49.79630205995395,68.55377365099058],[-49.79815704923046,68.55276594119199],[-49.79897741822744,68.5517849389766]]],"type":"Polygon"},"id":"00000000000000000038","properties":{"area":466853.6345083788,"elevation":894.3803444408594,"region":"CW","year":2018},"type":"Feature"},{"geometry":{"coordinates":[[[-49.23438392789799,69.49000657536813],[-49.23414304948918,69.48886947407054],[-49.2301567213034,69.48802229063723],[-49.226370878990004,69.48812035313799],[-49.22238453409744,69.48726869906349],[-49.21839809813318,69.48641694660097],[-49.21461230943238,69.48651511688544],[-49.210746267102365,69.48623417141826],[-49.20684021622276,69.48576147979034],[-49.202893768163634,69.48510149938379],[-49.199067916510394,69.48500791626257],[-49.19532210368278,69.48529775674804],[-49.19173271383521,69.48634114055615],[-49.1919690402065,69.48747825747432],[-49.19332889598927,69.48878031354398],[-49.19739571131854,69.49001099546746],[-49.20146242134432,69.4912417581172],[-49.20444550365095,69.49249921991745],[-49.20843188431108,69.49335085438297],[-49.21233812089685,69.49382354362112],[-49.21616845092937,69.49391271612514],[-49.21995433438172,69.49381465792783],[-49.223624232249485,69.49315021222655],[-49.227209243880814,69.49210234023046],[-49.2307186237497,69.49067539363725],[-49.23438392789799,69.49000657536813]]],"type":"Polygon"},"id":"00000000000000000096","properties":{"area":1063077.4008573592,"elevation":1128.5586079010832,"region":"CW","year":2018},"type":"Feature"},{"geometry":{"coordinates":[[[-49.80855555314426,68.38695871507723],[-49.80225490984896,68.38429221708039],[-49.79463001095501,68.3849075209497],[-49.79347494686688,68.38666000464828],[-49.788467240813574,68.38967877714141],[-49.78543071574769,68.39225162334695],[-49.78041875396302,68.39527050000858],[-49.77583479413339,68.39789242267778],[-49.76927996721881,68.40095584828198],[-49.762038284447875,68.40327459534008],[-49.76062025871308,68.40618191224938],[-49.76126227651067,68.40902236551882],[-49.76036170351884,68.41191630288036],[-49.76203381039169,68.41472549855567],[-49.76902568404361,68.4158447750293],[-49.77649025432088,68.41447141922309],[-49.78064600959641,68.41224626706335],[-49.77794382056492,68.40946826182306],[-49.78154235601208,68.40706477096718],[-49.78934574809837,68.40720750590472],[-49.79178504149695,68.40426893758928],[-49.788052751997014,68.40152212160824],[-49.79520967283636,68.39881991736898],[-49.799186954708986,68.39583232944013],[-49.804194737033356,68.39281797126452],[-49.80663375241185,68.38987947006314],[-49.80855555314426,68.38695871507723]]],"type":"Polygon"},"id":"00000000000000000251","properties":{"area":2910404.881141961,"elevation":920.1925737653607,"region":"CW","year":2018},"type":"Feature"},{"geometry":{"coordinates":[[[-49.8494633803734,69.49501408037206],[-49.84941886151437,69.49482234636145],[-49.84936965855454,69.49463510319103],[-49.84932514126068,69.4944433692476],[-49.84874107916019,69.49426946488242],[-49.84869204992569,69.49408215661215],[-49.848647539198765,69.49389042261747],[-49.84860266489736,69.4937031510592],[-49.848553644351796,69.49351139266837],[-49.84850912966308,69.49332410898899],[-49.848464622030406,69.49313237513007],[-49.848420108850235,69.49294509151713],[-49.84837092436188,69.49275339827986],[-49.84778671917443,69.49257943775984],[-49.84719820182649,69.4924055032645],[-49.847153532837844,69.4922182844969],[-49.84710903834019,69.49202655053571],[-49.84656502858745,69.49204434753705],[-49.84602552878582,69.49206216701293],[-49.84544137968767,69.49188831508638],[-49.84489737777924,69.49190165555892],[-49.84440235847228,69.49210675325202],[-49.84390751423042,69.4923163522974],[-49.84395650232885,69.4925036616169],[-49.84454065679039,69.49267751974794],[-49.84458964360637,69.49286927916688],[-49.84463412699691,69.49305656382194],[-49.84467879500396,69.49324835156138],[-49.844723447094324,69.49343557126436],[-49.84477243714371,69.49362733081409],[-49.84427738178767,69.49383242835613],[-49.843782508664354,69.49403757704677],[-49.84382698833799,69.49422486220583],[-49.84387181969485,69.49441658543863],[-49.843920812451714,69.49460389527547],[-49.84450485108522,69.49477781924267],[-49.84504457402381,69.49476439090031],[-49.845588456369214,69.49474654704183],[-49.84617250946961,69.49492046431035],[-49.8467612495317,69.49509433877407],[-49.84730081624992,69.49507651675322],[-49.84784037543395,69.49506314292006],[-49.84837993999969,69.49504531683037],[-49.84892382417507,69.4950274603238],[-49.8494633803734,69.49501408037206]]],"type":"Polygon"},"id":"000000000000000000bf","properties":{"area":54085.59670883884,"elevation":788.7763641133263,"region":"CW","year":2018},"type":"Feature"},{"geometry":{"coordinates":[[[-49.12191661232692,69.71038870871531],[-49.121880799503664,69.71020138414036],[-49.12184059357519,69.71000967964935],[-49.12180060969113,69.70982241525009],[-49.1212120468615,69.70964403064941],[-49.120627906330746,69.70947014168792],[-49.12003936041796,69.70929175244683],[-49.11945504537821,69.70911780505998],[-49.119414861001935,69.70892610019644],[-49.11937484809596,69.70873433119435],[-49.1187907424836,69.70856043511395],[-49.118750564520944,69.7083687302039],[-49.11871041686862,69.70818141156143],[-49.11867024029341,69.70798970671206],[-49.11863009401085,69.70780238812841],[-49.11859447304078,69.70761073095548],[-49.11855432809219,69.70742341243184],[-49.11796584762162,69.70724501538804],[-49.11738156790936,69.70706667401589],[-49.116833142692045,69.7070845457986],[-49.116324773068726,69.70728511231363],[-49.11581646447143,69.70749029926144],[-49.115856397011655,69.70767756465747],[-49.11589674156918,69.70786932396187],[-49.1153883964463,69.7080743914876],[-49.11542851790242,69.70826171093434],[-49.11546866905623,69.70845341664659],[-49.1149602788311,69.70865409650051],[-49.115000427005825,69.70884580241245],[-49.11504059622363,69.70903762634325],[-49.11453236068238,69.70923824059648],[-49.11457233578639,69.70943001090245],[-49.1146078988979,69.7096172830914],[-49.11464823727859,69.70980904312003],[-49.115236709411725,69.70998295006466],[-49.11527686240782,69.71017465619042],[-49.11531265249274,69.71036636844961],[-49.11590114300956,69.71054027286318],[-49.11648532774104,69.71071868531993],[-49.11707383495332,69.7108925850912],[-49.11762239720741,69.71087921687874],[-49.11816640371988,69.7108657989523],[-49.11871496417671,69.71085242659218],[-49.11926335294559,69.71083911631891],[-49.11980735677281,69.71082569221474],[-49.120355914532524,69.71081231362524],[-49.12090428023271,69.71079887913696],[-49.121412632539396,69.71059379166186],[-49.12191661232692,69.71038870871531]]],"type":"Polygon"},"id":"000000000000000000a8","properties":{"area":73174.63084141727,"elevation":1271.575896114003,"region":"CW","year":2018},"type":"Feature"},{"geometry":{"coordinates":[[[-48.931615549631566,68.91909444120213],[-48.93150848202714,68.918523674985],[-48.92981409939378,68.91799305101466],[-48.929176226582186,68.91744013094089],[-48.928543132563355,68.91688275256877],[-48.92790549258998,68.91632538281462],[-48.9262109830377,68.91579472784602],[-48.92557781275199,68.91523728401432],[-48.9249401154659,68.91467996658099],[-48.923250186781345,68.91414933094309],[-48.9216671350403,68.91418494457125],[-48.92011986466825,68.91441684954366],[-48.91853697832258,68.91445698070231],[-48.91702522375916,68.91487610886936],[-48.91554934161681,68.91548258728207],[-48.91562064728617,68.91586165756061],[-48.91572768715241,68.91643242207479],[-48.916365228905235,68.91698978270239],[-48.917002983940804,68.91754719506042],[-48.91710987952634,68.91811790631749],[-48.91774768076994,68.91867531652535],[-48.918380751124445,68.91923268099394],[-48.918492280682365,68.91980350033947],[-48.91859922187665,68.92037421283962],[-48.9197631173181,68.92091821221263],[-48.92040087755916,68.92147117818588],[-48.92201947899542,68.92162279510877],[-48.9235311998285,68.92120361902879],[-48.92514979819081,68.92135519958784],[-48.926696937952244,68.92112781041558],[-48.92817305825054,68.92051688113067],[-48.92972029834413,68.92028951247121],[-48.93119629056097,68.919678551644],[-48.931615549631566,68.91909444120213]]],"type":"Polygon"},"id":"00000000000000000034","properties":{"area":355284.30363664794,"elevation":1134.8077124077902,"region":"CW","year":2018},"type":"Feature"},{"geometry":{"coordinates":[[[-49.01443880636057,68.63398841808223],[-49.01384559466639,68.63362282322143],[-49.012730883550475,68.63327051589002],[-49.01161619950276,68.63291382088865],[-49.01154488418777,68.63253480364844],[-49.01043008797806,68.63218254273087],[-49.00931532205208,68.63183027315928],[-49.00872205158673,68.63146460442834],[-49.008164772638324,68.63128624269085],[-49.00709005671501,68.63112570453383],[-49.00597537936308,68.63076903004007],[-49.00486073471179,68.63041672589324],[-49.0037815520443,68.63025617599386],[-49.00270690237137,68.63009122527089],[-49.001699085388466,68.63030973240758],[-49.00073150753446,68.63071547566095],[-48.99976389770228,68.63112121232719],[-48.999835213685756,68.63150028777582],[-48.99991105424853,68.63187935008129],[-49.00050419250364,68.63224493877527],[-49.001097184052554,68.6326105891946],[-49.00169021298088,68.63298073420785],[-49.00280491281792,68.63333294821891],[-49.00391982554607,68.63368520742863],[-49.00399102999783,68.63406422904296],[-49.00510582712803,68.63441654330481],[-49.00618503522886,68.63458152783545],[-49.007259712464474,68.63474202082365],[-49.008374421299116,68.63509875240052],[-49.00941768354107,68.6350720223201],[-49.01045676621606,68.63504528795933],[-49.011535845325575,68.63520579815928],[-49.01250359187489,68.63480002933478],[-49.013471123796066,68.63439420008241],[-49.01443880636057,68.63398841808223]]],"type":"Polygon"},"id":"00000000000000000245","properties":{"area":186101.30190485355,"elevation":1184.219243959919,"region":"CW","year":2018},"type":"Feature"},{"geometry":{"coordinates":[[[-48.603822326022325,68.34929714209228],[-48.60376005640949,68.34891811666559],[-48.60218612665046,68.34876205500997],[-48.60061198181259,68.348610414794],[-48.59897091071625,68.34807536326453],[-48.59739689306692,68.34791931025246],[-48.59582713291289,68.34776767835105],[-48.59425314938599,68.34761158923207],[-48.59261221422544,68.34708095675214],[-48.59097570991382,68.34654587480136],[-48.58985207630482,68.34600181986629],[-48.5887908857989,68.34583689379492],[-48.587248043649694,68.34587254501902],[-48.5857407002749,68.34609550581952],[-48.58583899446447,68.34666627574246],[-48.5874754606108,68.34719692540585],[-48.588599027964456,68.3477453774464],[-48.589660477146296,68.34791036033083],[-48.59129670146751,68.34844546897467],[-48.59287093965567,68.34859703539585],[-48.59444497776704,68.34875314101228],[-48.59601908644036,68.34890473469713],[-48.59756192536721,68.34886904785789],[-48.599100121228226,68.3488334073745],[-48.60070998682276,68.34917670262702],[-48.60224837243112,68.3491410809443],[-48.603822326022325,68.34929714209228]]],"type":"Polygon"},"id":"000000000000000001c7","properties":{"area":95565.53341060696,"elevation":1369.6848667403815,"region":"CW","year":2018},"type":"Feature"},{"geometry":{"coordinates":[[[-48.066327002975896,68.79319172431828],[-48.0652211210717,68.79283500620879],[-48.06414195087792,68.7926655463565],[-48.063067349433666,68.79249609565457],[-48.06201505348063,68.79251394140195],[-48.06096260664865,68.79253627634918],[-48.05985680790727,68.7921750818619],[-48.05880874478099,68.79219736293602],[-48.05772980449329,68.79202347436805],[-48.056650547246946,68.79185401956713],[-48.055602674164234,68.791876331549],[-48.054550393330416,68.79189412071062],[-48.05350251508822,68.79191641681926],[-48.05247685391857,68.79212601087673],[-48.05142896250412,68.792148291298],[-48.05040782776378,68.79235788790217],[-48.04935553336243,68.79237575554497],[-48.04833438696371,68.79258977124651],[-48.04891422119894,68.79295986291538],[-48.04999329811243,68.79312932311521],[-48.0510144680894,68.79291972936461],[-48.052066765748016,68.79289741482873],[-48.05311468758824,68.79287512964693],[-48.05419363630285,68.7930490543966],[-48.05524611600688,68.79302677086243],[-48.0562940380238,68.7930044616658],[-48.05731497784846,68.79279488424616],[-48.058367460016775,68.79277701135707],[-48.05941975391622,68.7927547589552],[-48.060467508931794,68.79273691538563],[-48.06154682752103,68.7929063409486],[-48.062594566644,68.79288404696554],[-48.06367373702909,68.79305351892056],[-48.06477962731582,68.79341468383525],[-48.065831937490266,68.79339238282813],[-48.066327002975896,68.79319172431828]]],"type":"Polygon"},"id":"000000000000000001f0","properties":{"area":56241.91679190195,"elevation":1450.6630090067224,"region":"CW","year":2018},"type":"Feature"},{"geometry":{"coordinates":[[[-50.83216454532061,71.8629037507994],[-50.832039842159126,71.86252475894885],[-50.83191936007885,71.8621501932532],[-50.83118812898414,71.861789038924],[-50.83045671286843,71.86143223111206],[-50.829783460824885,71.86125840758379],[-50.82863294451408,71.86149021725649],[-50.82747800415697,71.86171765823305],[-50.82632764514856,71.8619451013405],[-50.82517265228683,71.86217252550273],[-50.82529762795521,71.8625515077591],[-50.82420508445638,71.86296627383165],[-50.82311707620937,71.86338532651222],[-50.823241841610084,71.86376437600238],[-50.82336218244682,71.8641389470862],[-50.82348713944092,71.8645179301013],[-50.823005711517425,71.86491929048624],[-50.824280845193634,71.86506646776155],[-50.82555621280666,71.8652180881549],[-50.826835990665586,71.86536965739788],[-50.827928414078414,71.86495053920684],[-50.82901640402971,71.86453585595099],[-50.829502533462026,71.86413894056591],[-50.82998403207107,71.86373761158899],[-50.8310765260182,71.86332292405132],[-50.83216454532061,71.8629037507994]]],"type":"Polygon"},"id":"000000000000000001a6","properties":{"area":88295.21997462407,"elevation":1021.7894843521973,"region":"CW","year":2018},"type":"Feature"},{"geometry":{"coordinates":[[[-48.637323567463866,68.69695988080875],[-48.637292533507555,68.6967725814237],[-48.63725684413148,68.69658084997066],[-48.63722546365888,68.69639355988787],[-48.63666819233436,68.69621518671065],[-48.63611529894102,68.6960368734752],[-48.63555786068196,68.69585844165316],[-48.635522186057216,68.69566671013739],[-48.636012736350345,68.69546605712347],[-48.635981549132914,68.69527882153763],[-48.63542412881198,68.69510038949588],[-48.63487126855843,68.69492207177792],[-48.634313698417536,68.6947436989498],[-48.633756483540445,68.69456531479051],[-48.633234765931576,68.6945787235659],[-48.632748744598345,68.69477936505278],[-48.63225818004566,68.69498000617253],[-48.63173645231847,68.69499340926936],[-48.63117908372603,68.69481507818855],[-48.63065735837055,68.6948284772167],[-48.63013567835129,68.6948373771906],[-48.62961376918821,68.69485071792475],[-48.62909204154668,68.6948641110384],[-48.62856612540031,68.69487749419498],[-48.62808005894032,68.69507811922789],[-48.62811120401886,68.69526547418346],[-48.62814682142076,68.69545720726815],[-48.628178069252165,68.69564887806438],[-48.62873543665062,68.69582722152467],[-48.629288339650955,68.69600118478893],[-48.62984572235112,68.69617952394496],[-48.63039875956713,68.69635791652142],[-48.63095615766967,68.69653625137437],[-48.63147775306917,68.69652291480807],[-48.63199946713136,68.69651400985687],[-48.63252122628219,68.69650060583552],[-48.63304752017766,68.69648719852607],[-48.63356923222855,68.69647828764482],[-48.63409082384888,68.69646494120843],[-48.63464371333273,68.69664326267264],[-48.63520116316552,68.6968216984875],[-48.635758603612075,68.69700001427967],[-48.63631135088674,68.69717839285363],[-48.636833119624356,68.69716497257492],[-48.637323567463866,68.69695988080875]]],"type":"Polygon"},"id":"00000000000000000206","properties":{"area":60814.43035228461,"elevation":1325.7447576887232,"region":"CW","year":2018},"type":"Feature"},{"geometry":{"coordinates":[[[-48.40333247231153,69.03968638435855],[-48.402052675262716,69.03837543829732],[-48.39970710085784,69.03709123007476],[-48.39632709342301,69.036016515009],[-48.39242102458159,69.03495526146186],[-48.38954491051933,69.03367999679526],[-48.38719929860549,69.03239130005863],[-48.385919586474984,69.03108475151306],[-48.38463533460376,69.02977375123236],[-48.383355559395625,69.02846731224761],[-48.383137162380486,69.02713400017412],[-48.382383601900194,69.02581411621335],[-48.382695590176866,69.02447193961447],[-48.38038581092724,69.0233750458241],[-48.379979958553136,69.02414643617058],[-48.38072909367234,69.02546631318032],[-48.3804169867334,69.02680848722687],[-48.380635586073446,69.02814179383117],[-48.381919800152104,69.0294482635662],[-48.38319964737106,69.03075927190339],[-48.38448369283164,69.03207023266678],[-48.38629404500229,69.03336785088132],[-48.38810900148664,69.03466540129527],[-48.3915156263894,69.03592735945418],[-48.39386127726597,69.03721606502583],[-48.39673742164136,69.03848688604582],[-48.39955090134152,69.03938316974548],[-48.40333247231153,69.03968638435855]]],"type":"Polygon"},"id":"0000000000000000026e","properties":{"area":231826.43750817716,"elevation":1244.446931046354,"region":"CW","year":2018},"type":"Feature"},{"geometry":{"coordinates":[[[-50.655276435494194,71.42547039448702],[-50.65456758726931,71.4251092191417],[-50.654795016779445,71.42492643443639],[-50.654424720468484,71.42465887462814],[-50.65405023252379,71.42445379484997],[-50.653965528859906,71.4241906526136],[-50.65361769155199,71.42398996086112],[-50.65325635534477,71.42382948554055],[-50.652605334061725,71.4236600388169],[-50.65141938346931,71.42370013091227],[-50.65112503442809,71.42368680603244],[-50.65017513920779,71.4235485557429],[-50.649047148439,71.42377149756362],[-50.647976828373466,71.42419069041897],[-50.64679087066068,71.42422634512216],[-50.64554662134329,71.42407473342828],[-50.644302597121516,71.42392316387883],[-50.64404862893317,71.4241014765084],[-50.64416890786942,71.42448055600131],[-50.644877750521985,71.42484171141514],[-50.64572060455112,71.42481495710823],[-50.64643408670615,71.42500221781239],[-50.64737477890218,71.42514492854683],[-50.6486813272507,71.42548828001497],[-50.649988130446815,71.42582715247326],[-50.65123663204403,71.4259787587768],[-50.652422671431324,71.42594307101794],[-50.65361325671967,71.4259029870271],[-50.65480380053268,71.4258672963892],[-50.655276435494194,71.42547039448702]]],"type":"Polygon"},"id":"0000000000000000018e","properties":{"area":66011.68552630961,"elevation":1061.0842317325494,"region":"CW","year":2018},"type":"Feature"},{"geometry":{"coordinates":[[[-48.16008839406559,68.81747157598393],[-48.15387225397707,68.81473366108263],[-48.14672001278588,68.81278054916129],[-48.13860441225263,68.81141612121172],[-48.13060927816669,68.81080966562305],[-48.12266767404493,68.81058670450469],[-48.11469928093277,68.81017199978257],[-48.10675751580326,68.80994902617641],[-48.09893185263382,68.81047962853052],[-48.091302287116854,68.81234798658141],[-48.083788713913535,68.81497443418425],[-48.08381557070163,68.81516170535541],[-48.078981796832956,68.81811806281803],[-48.07730523047548,68.82101208400799],[-48.08024378273981,68.82304991688419],[-48.088301200804835,68.82403980974165],[-48.09624744358716,68.82426273290208],[-48.10410888981787,68.82391939495491],[-48.11213972211657,68.82471308273551],[-48.12002793727004,68.8245614991318],[-48.12783120286043,68.82383467038535],[-48.135893254935894,68.82482015085014],[-48.14369230367518,68.82409334233813],[-48.151580432400095,68.82393274011679],[-48.15926351024306,68.82244790998773],[-48.1599992502646,68.8203342869912],[-48.16008839406559,68.81747157598393]]],"type":"Polygon"},"id":"0000000000000000021a","properties":{"area":2634682.3134548096,"elevation":1416.6481525759632,"region":"CW","year":2018},"type":"Feature"},{"geometry":{"coordinates":[[[-49.476700426907385,69.86009857873468],[-49.47515758436308,69.8596883476425],[-49.47323126265894,69.85942970305933],[-49.47094374529733,69.85911312144245],[-49.46857587800342,69.85841302318828],[-49.46641764067802,69.85866272637219],[-49.46489269405681,69.85843527237927],[-49.463122402980275,69.85875193520391],[-49.461008684757516,69.859188890782],[-49.46074577949141,69.85969274296437],[-49.46012159876079,69.86015206437078],[-49.45965771776302,69.86055786614655],[-49.45873027104873,69.86134708963677],[-49.457954342882054,69.86206057824417],[-49.45812370140319,69.8628230693033],[-49.45939895801543,69.86354989313578],[-49.46102217063076,69.86414296814553],[-49.461338775823215,69.86476721616093],[-49.461280891978994,69.86528000860712],[-49.46211916127671,69.86577056842454],[-49.46432649480151,69.86571253867088],[-49.466315205999244,69.86552529760094],[-49.46838422631214,69.8648965559383],[-49.46961931196641,69.86461116956966],[-49.47165261080875,69.8637951227358],[-49.47368603342507,69.86297464935897],[-49.47571504115831,69.86215866952998],[-49.476646882313844,69.86136936048213],[-49.476472916126795,69.86060689538758],[-49.476700426907385,69.86009857873468]]],"type":"Polygon"},"id":"000000000000000000fc","properties":{"area":404044.4588601667,"elevation":998.1267930896657,"region":"CW","year":2018},"type":"Feature"},{"geometry":{"coordinates":[[[-49.73468624715983,68.71720419998438],[-49.7329025621731,68.71629901947594],[-49.73016032063632,68.71580849848193],[-49.72763627948764,68.7162678157523],[-49.72506788709553,68.71653534063354],[-49.72258846376831,68.71718190847076],[-49.720104869236884,68.71783295480141],[-49.71762570763765,68.7184794752115],[-49.71514189961576,68.71912610595948],[-49.7148342623919,68.72008927189496],[-49.71453113704999,68.72105240202046],[-49.7142234196421,68.72202001461777],[-49.71495912064166,68.72295202255165],[-49.71569922746809,68.72388393872303],[-49.71695674976391,68.72480251723469],[-49.7186556995993,68.72532423109175],[-49.72130885279401,68.72543574781527],[-49.72413597178985,68.72630519620932],[-49.726878373679604,68.72679570393407],[-49.72827396648941,68.72598858193739],[-49.72962515353212,68.7249942610656],[-49.73045434817257,68.72401323597163],[-49.730236051457084,68.72306789668616],[-49.730543685647845,68.72210028494209],[-49.73293804238474,68.72107470405638],[-49.73428928751354,68.72008026807471],[-49.73459688358281,68.71911714953396],[-49.734378512921324,68.71816738021813],[-49.73468624715983,68.71720419998438]]],"type":"Polygon"},"id":"00000000000000000005","properties":{"area":695479.312524245,"elevation":863.1848818979931,"region":"CW","year":2018},"type":"Feature"},{"geometry":{"coordinates":[[[-50.68326178253456,68.38274041001793],[-50.682494825545035,68.38181286970618],[-50.68070224571097,68.38092555021542],[-50.67993097198353,68.37999806854675],[-50.67829005799292,68.37967699842552],[-50.675676816221475,68.37957888582817],[-50.67331354686198,68.38043053597585],[-50.67049542260511,68.3795788710092],[-50.66767267119833,68.3787272329712],[-50.66690589821223,68.37779969698701],[-50.665113331193,68.37690788888561],[-50.66244674073047,68.37662692891142],[-50.66003439152885,68.37728694762802],[-50.6576220670863,68.37794685810191],[-50.65833555961146,68.37868707318408],[-50.65910237122634,68.37961452573174],[-50.66141220046376,68.38048409256434],[-50.66371753236738,68.38135363927073],[-50.66551019168211,68.38224542396081],[-50.6652514507853,68.38320862705304],[-50.66797152979405,68.3836857573397],[-50.670691571316276,68.38415839226468],[-50.67310401836749,68.38349403632381],[-50.67592211043384,68.38435012821124],[-50.67869582921587,68.38501007680318],[-50.681206195578376,68.38472913352409],[-50.683007635118194,68.38370805344258],[-50.68326178253456,68.38274041001793]]],"type":"Polygon"},"id":"00000000000000000016","properties":{"area":488801.6995979179,"elevation":466.3366065395573,"region":"CW","year":2018},"type":"Feature"},{"geometry":{"coordinates":[[[-49.8071687792979,70.23298193670124],[-49.80534503261329,70.23246022866597],[-49.805206742601825,70.23188947113697],[-49.80450680220071,70.23133653830453],[-49.80492143275857,70.23075239765355],[-49.804221361830876,70.23019952903672],[-49.803521299900396,70.22964653949603],[-49.80337860730851,70.22908026124242],[-49.80379768598376,70.22849609806816],[-49.804216940847496,70.22791198679751],[-49.802442205652454,70.22757752835787],[-49.80076550211044,70.22762654992006],[-49.79908452822316,70.22767563178485],[-49.797452422100655,70.22791196634805],[-49.79582047680663,70.22814833581401],[-49.79540137209864,70.22873241052446],[-49.794420278383065,70.22933440068203],[-49.79456295236924,70.22990073971728],[-49.793581960378766,70.23050265950151],[-49.79372461109495,70.23107345295445],[-49.79386299530821,70.23163975444353],[-49.794005661026084,70.23221054809541],[-49.79526743715741,70.23274561258407],[-49.795967577670375,70.23329857676225],[-49.79554838893293,70.23388265343141],[-49.79736776194132,70.23440444322881],[-49.79807226418518,70.2349573192288],[-49.79979784540994,70.23510001442051],[-49.80152364161884,70.23524274259992],[-49.80311099980768,70.2348146374428],[-49.80464954208921,70.23419929767141],[-49.80618781274759,70.23357943562719],[-49.8071687792979,70.23298193670124]]],"type":"Polygon"},"id":"00000000000000000116","properties":{"area":295419.0979519863,"elevation":943.8572893419383,"region":"CW","year":2018},"type":"Feature"},{"geometry":{"coordinates":[[[-49.74420633992271,69.66689903669553],[-49.74411714892602,69.66652003596546],[-49.74402796099242,69.66614103535022],[-49.743390214701236,69.66577985708815],[-49.74330121014623,69.66540079148606],[-49.742164105705626,69.66524027990737],[-49.74102699009073,69.6650842104787],[-49.73984534313145,69.6647364055406],[-49.738757369047356,69.66476762208482],[-49.73766484666728,69.66479880232377],[-49.736527633306856,69.66463831165048],[-49.73543965541149,69.66466950319632],[-49.73434732126784,69.66470071133683],[-49.73321029627663,69.6645446986756],[-49.732077471599105,69.66438414841085],[-49.73102980752098,69.66460711316121],[-49.72998611417733,69.6648300574937],[-49.73007543546493,69.66520905338487],[-49.72907674612991,69.66561931071574],[-49.729165695756706,69.66599831932949],[-49.72925484048005,69.66637738106965],[-49.72989256766939,69.66673855625909],[-49.731069806774244,69.66708635000597],[-49.73225162356974,69.66743416270383],[-49.733433086218234,69.6677864289145],[-49.73457009900008,69.66794250592837],[-49.73566258083703,69.66791129661237],[-49.73666143619468,69.66750104563465],[-49.73766044845728,69.66709084079018],[-49.73866377800925,69.66668060414557],[-49.739707099886786,69.66645760854999],[-49.740888831242636,69.66680541562748],[-49.7420258599144,69.66696155168556],[-49.7431182782306,69.66693028577853],[-49.74420633992271,69.66689903669553]]],"type":"Polygon"},"id":"000000000000000000dd","properties":{"area":149530.76737151688,"elevation":918.0337081339707,"region":"CW","year":2018},"type":"Feature"},{"geometry":{"coordinates":[[[-48.19298758493864,68.37810739523715],[-48.18984396485755,68.37779528957176],[-48.189902025093595,68.37817427804501],[-48.186981347474365,68.37937378559289],[-48.18612518978936,68.38053762402863],[-48.184751654471164,68.38170589613428],[-48.183378209960445,68.38287864262033],[-48.18252207638709,68.38403802764158],[-48.182178704249274,68.38518842362271],[-48.18132261914122,68.38634786142592],[-48.18200939349238,68.3874759909959],[-48.18166595552469,68.38862639406648],[-48.18235264477412,68.38975459065847],[-48.18303938124029,68.39088266890582],[-48.1842388404075,68.39200199653706],[-48.186446170077865,68.39290714898198],[-48.186784960477006,68.39175670954752],[-48.18609836375688,68.39062852156567],[-48.1859289051876,68.38949147188077],[-48.18678489396383,68.38833211475664],[-48.18712843860957,68.38718169076182],[-48.187471774196986,68.38603121379195],[-48.18729793461016,68.3848896702256],[-48.188158534996255,68.38373032049135],[-48.189014576682965,68.38257095492568],[-48.19090068824648,68.38138930498748],[-48.190731252040244,68.380252220692],[-48.19261745534989,68.37907054413274],[-48.19298758493864,68.37810739523715]]],"type":"Polygon"},"id":"000000000000000001c0","properties":{"area":330592.73041089665,"elevation":1482.9576107899813,"region":"CW","year":2018},"type":"Feature"},{"geometry":{"coordinates":[[[-49.24605797646901,68.6357096673342],[-49.24538453274787,68.63496497072704],[-49.24470679101569,68.63422034703274],[-49.24351166614805,68.6334889956042],[-49.24139353732886,68.63335526857418],[-49.2415496280713,68.63411779909468],[-49.23961891605552,68.6349337874265],[-49.23769255453625,68.63574534917292],[-49.2354943265372,68.63523254244453],[-49.2333359971878,68.63491150912307],[-49.231177840206556,68.63458599906852],[-49.22913551265727,68.63483125558098],[-49.22921139122969,68.63521469061011],[-49.22884560265887,68.6359861400426],[-49.22899744255107,68.63674418984859],[-49.22967078675898,68.63748883885428],[-49.229826716125174,68.6382513232477],[-49.229461088725415,68.6390228323403],[-49.23065605032985,68.63975407729892],[-49.23185126405181,68.640485366775],[-49.23400936724955,68.64080645001776],[-49.23616756365523,68.6411318791147],[-49.238134019609255,68.64050770771011],[-49.24029671412629,68.64082867170866],[-49.242338906305775,68.64058344124058],[-49.2433421339011,68.64036496464773],[-49.244229721321176,68.63957572908755],[-49.24407357351143,68.6388176899791],[-49.24548263665452,68.63801948715229],[-49.24532658162838,68.63725700823547],[-49.24569222049072,68.636485500547],[-49.24605797646901,68.6357096673342]]],"type":"Polygon"},"id":"00000000000000000252","properties":{"area":422957.5043293018,"elevation":1069.9486328141409,"region":"CW","year":2018},"type":"Feature"},{"geometry":{"coordinates":[[[-48.76356978750674,68.54238509981658],[-48.75804482398687,68.54061043678816],[-48.75511526199432,68.5387732302007],[-48.754254722963196,68.53688707385163],[-48.75339864096906,68.53500086029428],[-48.75305527104388,68.5331057289629],[-48.75323357603587,68.53119279901775],[-48.74984474104265,68.53261080137322],[-48.748631728501046,68.5345459964476],[-48.743615219269074,68.53562067570728],[-48.738095072030454,68.53384595840866],[-48.736721485381125,68.53197318717164],[-48.74000784012716,68.52998433859126],[-48.74453827463838,68.52911489238973],[-48.73928994309791,68.52886071370068],[-48.73420668694032,68.52955185619805],[-48.729230184090596,68.53081376167208],[-48.72794600456801,68.53236995180859],[-48.72776318989066,68.53428297599358],[-48.72913641690213,68.5361557801987],[-48.73310514073829,68.53796617406525],[-48.73752408557253,68.5393886634373],[-48.742977588854565,68.54077982982504],[-48.74829721177995,68.54141751375585],[-48.75351452993297,68.54147994280406],[-48.7588028853728,68.54192586148721],[-48.76356978750674,68.54238509981658]]],"type":"Polygon"},"id":"00000000000000000200","properties":{"area":937822.5312209288,"elevation":1284.7023820330091,"region":"CW","year":2018},"type":"Feature"},{"geometry":{"coordinates":[[[-48.442782108119495,68.40248528903456],[-48.44165840859004,68.40193683101694],[-48.44104752055081,68.40137947408279],[-48.43992364591543,68.40083544300461],[-48.43931738652656,68.40027359052081],[-48.438710893174914,68.39971617573066],[-48.437587320953725,68.39917218232883],[-48.436008577522934,68.3990161304752],[-48.43446586758227,68.3990473465658],[-48.43288722882306,68.39889568964638],[-48.4314337161364,68.39949771641476],[-48.429828407914904,68.39914993131922],[-48.428281108375046,68.39918556641778],[-48.426769418979134,68.39940848070142],[-48.42680046965198,68.3996002664019],[-48.428374705767766,68.39975630190025],[-48.429953278584144,68.39991238776255],[-48.431527221702986,68.40006851359382],[-48.43310582929383,68.40022456321289],[-48.43474227662614,68.40075966455248],[-48.43638327454062,68.40129475207176],[-48.43750243382316,68.40183875317645],[-48.43811325709567,68.40239612631443],[-48.4387198861381,68.40295797811301],[-48.439330763192785,68.40351534732169],[-48.4394198963683,68.40408170882047],[-48.43951342100876,68.40465245224549],[-48.44060603512018,68.40500914615221],[-48.4421220743476,68.40478620784994],[-48.44254561430394,68.40420652010722],[-48.442452023589894,68.40363577909106],[-48.44235843744048,68.40306503872651],[-48.442782108119495,68.40248528903456]]],"type":"Polygon"},"id":"000000000000000001c5","properties":{"area":136718.15545351454,"elevation":1399.7465798216015,"region":"CW","year":2018},"type":"Feature"},{"geometry":{"coordinates":[[[-50.80788923760571,71.85621956865559],[-50.807095521146245,71.85567109670967],[-50.8063018456378,71.85512262081735],[-50.80611897534663,71.85455635822841],[-50.80593169163345,71.85399001801689],[-50.80411231696105,71.8540480051164],[-50.8024134497723,71.85448059640483],[-50.800714508814046,71.85491757081374],[-50.80077695245387,71.8551092649157],[-50.79974695528288,71.85571573049397],[-50.79932326934538,71.8562998355468],[-50.7976867530941,71.85692412104062],[-50.79787406089226,71.85749492191965],[-50.7980569566871,71.85806124347785],[-50.79824425576332,71.85862752428235],[-50.79903344163117,71.85917596067962],[-50.799827093343566,71.8597244705696],[-50.80062096819194,71.86027291042559],[-50.80135223180531,71.8606341207306],[-50.80323405878863,71.8607634213777],[-50.80505761273777,71.86070543530793],[-50.80615022778391,71.86029074778276],[-50.805962884846366,71.85972440976336],[-50.80699291733013,71.85911802411299],[-50.80619911095966,71.85856954853982],[-50.80601639144508,71.85799881957993],[-50.807041916513406,71.85739235524086],[-50.80746558844993,71.8568081634227],[-50.80788923760571,71.85621956865559]]],"type":"Polygon"},"id":"000000000000000001a5","properties":{"area":183313.42624174454,"elevation":1013.3990272909856,"region":"CW","year":2018},"type":"Feature"},{"geometry":{"coordinates":[[[-47.64749249692222,68.82840076702733],[-47.64416583878043,68.82712105964505],[-47.64040704855217,68.82661269164751],[-47.63670133559397,68.82648335624529],[-47.63301827009867,68.82654134543407],[-47.6293349523321,68.82660373359822],[-47.62570087449545,68.82704522794286],[-47.62203993613699,68.82729939940792],[-47.61847702697799,68.82831159653756],[-47.618499343856946,68.82849884895796],[-47.617090257692034,68.8298589092715],[-47.616733506870204,68.83119668045997],[-47.61845479986705,68.83231146284405],[-47.6222852613494,68.83339499917976],[-47.62596836144152,68.83333252792637],[-47.62685129276481,68.831981501639],[-47.62563399604605,68.83067048643677],[-47.625990668076,68.82932825148292],[-47.629504289876586,68.82793706544493],[-47.633067228954616,68.82692486993548],[-47.63684410623353,68.8276249643687],[-47.63859658341043,68.82892694236818],[-47.63666132742914,68.83029593540923],[-47.63419530286072,68.83166930795302],[-47.63735676989958,68.83162027744572],[-47.641013457225526,68.83136608641668],[-47.64465193940237,68.83092464303725],[-47.64660964383862,68.82974744868577],[-47.64749249692222,68.82840076702733]]],"type":"Polygon"},"id":"000000000000000001d0","properties":{"area":465939.13179635303,"elevation":1556.8026219224869,"region":"CW","year":2018},"type":"Feature"},{"geometry":{"coordinates":[[[-48.18318216393433,68.96426959594882],[-48.183034908724416,68.963315402403],[-48.179240252651525,68.96282042748862],[-48.175445569765046,68.96232541340531],[-48.17168193123203,68.96201776597245],[-48.167860700608664,68.96133108201992],[-48.16406591480611,68.96083163276244],[-48.160275741697845,68.96033671233653],[-48.15653898833848,68.96022072432363],[-48.1527175517468,68.95952962758246],[-48.148980781653684,68.95941361901521],[-48.14530651064565,68.95967675108858],[-48.141690174471265,68.96032326857392],[-48.13806921891774,68.96096541484262],[-48.138657927998054,68.9613355315571],[-48.13991998245398,68.96264651405477],[-48.14326874782934,68.96372560985287],[-48.145770304971855,68.9627223216567],[-48.14930172175134,68.96150495460287],[-48.153007359205446,68.96143361741613],[-48.156712796778365,68.96136224488522],[-48.16050746886294,68.96185722240504],[-48.16430229747345,68.96235221571902],[-48.16812380520266,68.96304337107884],[-48.17188715958809,68.96334656949459],[-48.17568196379406,68.96384599907013],[-48.17941865904538,68.96396196570086],[-48.18318216393433,68.96426959594882]]],"type":"Polygon"},"id":"0000000000000000023c","properties":{"area":358027.8117728015,"elevation":1395.838919691283,"region":"CW","year":2018},"type":"Feature"},{"geometry":{"coordinates":[[[-49.639850047533834,69.4551185753706],[-49.636933750400175,69.45424458188344],[-49.634012938400346,69.45337501415031],[-49.63487364258824,69.45239403265543],[-49.63573423161713,69.45141749669193],[-49.63299192083185,69.4513060214181],[-49.63016481621189,69.45081108815387],[-49.627333267908114,69.45032051815546],[-49.624590951202194,69.4502090652499],[-49.62185301423319,69.4500930885559],[-49.61915083051596,69.45017339723636],[-49.61640861631008,69.4500574557918],[-49.61375530377405,69.45032497221285],[-49.61123143371228,69.45115884415978],[-49.60861835423696,69.45161367222688],[-49.608663021834694,69.45180539103629],[-49.608881516387065,69.4527507986068],[-49.61017909410636,69.45366936699754],[-49.61147677022749,69.45458792510047],[-49.612774187052544,69.4555064845117],[-49.6146114352371,69.45640717285815],[-49.617438574725526,69.45689774459329],[-49.62022548388667,69.45720090778148],[-49.62288308231839,69.45693339132359],[-49.62553625142515,69.45667029679721],[-49.62823857274291,69.45659451378226],[-49.630980740019076,69.45670598877018],[-49.633634031727446,69.45643846484722],[-49.63629157209448,69.45617086955461],[-49.638989312524046,69.45609508774896],[-49.639850047533834,69.4551185753706]]],"type":"Polygon"},"id":"000000000000000000ad","properties":{"area":704021.7588406663,"elevation":924.5907758203095,"region":"CW","year":2018},"type":"Feature"},{"geometry":{"coordinates":[[[-50.19958762816385,71.68621193769123],[-50.19948047559769,71.68583290821948],[-50.19936914852553,71.6854538373606],[-50.19865573089542,71.68509266512108],[-50.19794669812814,71.68473146559175],[-50.19723332788656,71.68437028703893],[-50.19712622731036,71.68399125579134],[-50.19641271272468,71.68363013897996],[-50.195703765395926,71.68326892953239],[-50.19559212610034,71.68288986871202],[-50.195485274062385,71.68251088868826],[-50.1953736431538,71.68213182758187],[-50.195864233941414,71.68173493246563],[-50.19635919559373,71.68133812949914],[-50.195043769669574,71.68099477684939],[-50.19389770289215,71.68121771568931],[-50.19400473075155,71.6815967494184],[-50.19291227319313,71.68201145077909],[-50.19301928836233,71.68239048494208],[-50.19373270636201,71.68275161678231],[-50.19383974021315,71.68313065030794],[-50.193349474000414,71.68352752570009],[-50.193456422334265,71.6839021056077],[-50.19416979951211,71.68426775451137],[-50.19548520458991,71.6846110619784],[-50.19499018204232,71.6850079790206],[-50.19570372069369,71.68536910199428],[-50.195810720496006,71.68574368013114],[-50.197014672362656,71.68571248647869],[-50.198330025733796,71.68605583616498],[-50.19958762816385,71.68621193769123]]],"type":"Polygon"},"id":"00000000000000000191","properties":{"area":51542.89490902338,"elevation":1450.699438596491,"region":"CW","year":2018},"type":"Feature"},{"geometry":{"coordinates":[[[-49.03817008883219,68.81065803425341],[-49.037532580869396,68.81010062916721],[-49.0358468485673,68.80957001609389],[-49.0341969669294,68.8092311512245],[-49.032587266555716,68.80908396714419],[-49.03104887798249,68.8093113690646],[-49.029399071401414,68.80897244767851],[-49.02771359575625,68.80844185577703],[-49.026063722498286,68.8081029596982],[-49.02448966431071,68.80814313535926],[-49.022915414737795,68.80818323931743],[-49.02126580048777,68.80784434056737],[-49.019691578781305,68.80788452586036],[-49.01815314625508,68.80811190214045],[-49.01875066646223,68.80848199520926],[-49.01938839546396,68.80903496449744],[-49.0209981866448,68.80918649985517],[-49.022683580837054,68.80971717360812],[-49.02425774415703,68.80967701868275],[-49.025907700752974,68.81001593747963],[-49.027557515890216,68.81035478321209],[-49.02920739257949,68.81069372756963],[-49.03081700630449,68.81084527822254],[-49.03246695501203,68.81118418445736],[-49.033929508717875,68.81057329766985],[-49.035543709762344,68.81072489704843],[-49.03719354246305,68.81106381129193],[-49.03817008883219,68.81065803425341]]],"type":"Polygon"},"id":"0000000000000000025a","properties":{"area":133974.64731730922,"elevation":1188.6396308245617,"region":"CW","year":2018},"type":"Feature"},{"geometry":{"coordinates":[[[-50.34378593902741,70.3679856669228],[-50.34311704354741,70.36762453104947],[-50.34301466792903,70.36724548111958],[-50.34234560677177,70.36688428982504],[-50.34280059586093,70.36648747977071],[-50.34213604073041,70.36612624524872],[-50.3409009320286,70.36578294256952],[-50.3407984030139,70.36540383942247],[-50.33956335152483,70.3650605260739],[-50.33838587886755,70.3649044777868],[-50.33725800389836,70.36494014206095],[-50.33612975284168,70.36497581115349],[-50.33623668348077,70.36535487471753],[-50.33634378981926,70.3657338726782],[-50.33588441906706,70.36613075707012],[-50.33598684427217,70.36650974549858],[-50.33609395276211,70.36688874386826],[-50.33620106504751,70.36726774225053],[-50.33574166233823,70.36766462636513],[-50.335282614961315,70.36806149572561],[-50.33651309204805,70.36840483553141],[-50.33662021936536,70.36878383396963],[-50.33769494871617,70.36855646894882],[-50.338822999375544,70.36852080210718],[-50.33989758811364,70.36829782275133],[-50.341128339225,70.36864117720384],[-50.34230995665842,70.36879724157878],[-50.343433724134975,70.36876163471423],[-50.343331138225864,70.36838253248011],[-50.34378593902741,70.3679856669228]]],"type":"Polygon"},"id":"0000000000000000014a","properties":{"area":96361.81908694483,"elevation":485.41617548310046,"region":"CW","year":2018},"type":"Feature"},{"geometry":{"coordinates":[[[-49.479001383073665,68.3264487129109],[-49.47892097195176,68.32606967959168],[-49.47884074471296,68.32569069973319],[-49.47824774446053,68.3253250082823],[-49.478167529951,68.32494602870142],[-49.47710180508467,68.3247899464434],[-49.47603599008955,68.32462936189467],[-49.474970208044304,68.32446888678402],[-49.473944723173545,68.32449566796693],[-49.47291897394796,68.32452682909145],[-49.4718533729286,68.32436626523166],[-49.47082764469968,68.32439752826765],[-49.46984232852031,68.32461598474816],[-49.46882123184877,68.32464725679999],[-49.467795726530646,68.32467399160494],[-49.467875967581485,68.32505302959935],[-49.46795156476165,68.32543204363478],[-49.46803181092332,68.3258110821903],[-49.468625003581224,68.32617668900637],[-49.469730922017334,68.32652454550853],[-49.470796582371364,68.32668500940555],[-49.47182216226724,68.32665825220336],[-49.47280761766147,68.32643533978812],[-49.47379297516178,68.32621686115709],[-49.47485882480853,68.3263773463843],[-49.47584416027264,68.3261588528477],[-49.476869968455574,68.3261276698307],[-49.477935669629254,68.3262881954857],[-49.479001383073665,68.3264487129109]]],"type":"Polygon"},"id":"0000000000000000020f","properties":{"area":89164.01442619614,"elevation":1064.6216074313406,"region":"CW","year":2018},"type":"Feature"},{"geometry":{"coordinates":[[[-48.78855409885511,68.7727557182402],[-48.786146091087694,68.77109691742902],[-48.78425987915293,68.76942474445246],[-48.77975625671903,68.76781496826852],[-48.775252704873694,68.76620524373408],[-48.770432393687656,68.76575042387952],[-48.7656121117067,68.76529112116295],[-48.76092994708084,68.7655943107258],[-48.756145385203446,68.76532685276037],[-48.75139637162116,68.76525105193545],[-48.74681687819434,68.76612056465598],[-48.74223738818817,68.7669945325797],[-48.73776055689914,68.76843479888183],[-48.73684629754101,68.76921959765315],[-48.73453670572878,68.77098987330623],[-48.73589218073855,68.7726754429595],[-48.73724765780058,68.77436095103454],[-48.74175143154371,68.77597066011629],[-48.74650469671979,68.7760509416697],[-48.751222524870165,68.77593947041967],[-48.75577080578858,68.7748737035356],[-48.760176310816426,68.77305440812061],[-48.76479169121455,68.77237219593881],[-48.76958052281728,68.77263975940178],[-48.77436525426391,68.772907272219],[-48.77898043403399,68.77222061426558],[-48.78383645167595,68.77287161826843],[-48.78855409885511,68.7727557182402]]],"type":"Polygon"},"id":"00000000000000000233","properties":{"area":891640.1442617042,"elevation":1248.0664552604674,"region":"CW","year":2018},"type":"Feature"},{"geometry":{"coordinates":[[[-48.40752825161533,68.47870918264077],[-48.40585164888603,68.47798235793292],[-48.403662298581516,68.47726889533705],[-48.4016244259859,68.4775052009557],[-48.399524284690536,68.47735807376614],[-48.397334827356914,68.47664463807435],[-48.39617552842645,68.4759088515501],[-48.3939862107221,68.47519093352898],[-48.39188569506538,68.47504825723965],[-48.38984806734758,68.47528455911899],[-48.38777903972838,68.4753291953801],[-48.38568313985933,68.47518205353543],[-48.38625832103241,68.47555213715373],[-48.38845238027875,68.4762655640583],[-48.38857273504808,68.4770236619214],[-48.38973211116031,68.47776388247522],[-48.391921449471944,68.47847732323007],[-48.391524693472206,68.47924868791313],[-48.39313881997402,68.47959204641407],[-48.39523912098537,68.4797392727393],[-48.397339350902,68.47988191744147],[-48.39952865865691,68.4805998622926],[-48.40162899292217,68.48074255958556],[-48.40357312227517,68.47993985249065],[-48.40564226214321,68.47989084536972],[-48.406096950748456,68.47950287865193],[-48.40752825161533,68.47870918264077]]],"type":"Polygon"},"id":"000000000000000001de","properties":{"area":276637.07039918815,"elevation":1441.3833432235092,"region":"CW","year":2018},"type":"Feature"},{"geometry":{"coordinates":[[[-49.8334552478712,68.32626586115788],[-49.833366108459515,68.32589134880425],[-49.832768483147994,68.32552569673805],[-49.8316580771191,68.32517787449446],[-49.830543561746026,68.32483451353289],[-49.830458768869114,68.32445546583864],[-49.83036951608496,68.32407645926436],[-49.82938843261189,68.32429495577603],[-49.82832273550893,68.3241388906209],[-49.82729718810146,68.32417008266722],[-49.826271477316034,68.32420133187938],[-49.82520579944542,68.3240452424637],[-49.82418043019983,68.3240764637477],[-49.82315471564405,68.32410768947122],[-49.82221829151633,68.32452241290757],[-49.821277369846605,68.32493261180026],[-49.820341061895775,68.32534281663385],[-49.82042570831854,68.32572187068422],[-49.82051051714563,68.32610086011509],[-49.820086834241366,68.32649333891763],[-49.82119713270231,68.3268411384464],[-49.82179462772595,68.32720228282109],[-49.82239660641494,68.32756794327071],[-49.82350698104554,68.32791572514407],[-49.82453252499356,68.32788006808623],[-49.82559834318711,68.3280406061031],[-49.826668495248875,68.32819671877458],[-49.82773863686635,68.32835270552665],[-49.828719732075186,68.32813428464486],[-49.82970080447685,68.32791129779793],[-49.830637044161,68.32750102603036],[-49.83157807994063,68.3270908126023],[-49.83251443951238,68.32668058110133],[-49.8334552478712,68.32626586115788]]],"type":"Polygon"},"id":"00000000000000000236","properties":{"area":188844.81004108148,"elevation":877.0046137846268,"region":"CW","year":2018},"type":"Feature"},{"geometry":{"coordinates":[[[-50.38529126393959,68.38650831043289],[-50.38458678303065,68.38576812634885],[-50.3823394607134,68.38508588121093],[-50.382143087150936,68.38432783085761],[-50.38092579604627,68.38360550653175],[-50.37970407955063,68.38288311406947],[-50.37951227291414,68.38212500518995],[-50.37829050928933,68.38140266849412],[-50.37623931165292,68.38147401810858],[-50.374183628321,68.38154539548111],[-50.37193627692544,68.38086313329525],[-50.369688963336166,68.38017639358857],[-50.3675394733367,68.37986874731413],[-50.36563110637811,68.38050635004025],[-50.36377178204332,68.38133579181456],[-50.36191214930041,68.38216515710526],[-50.36364241183124,68.38286525388956],[-50.3657470295358,68.38298567952917],[-50.36794532051537,68.38348062400057],[-50.37019270561395,68.38416734649799],[-50.3724357127055,68.38485397463826],[-50.37468317154751,68.38554069203555],[-50.376930588075965,68.38622743962706],[-50.37917793739071,68.3869140998635],[-50.38123352819185,68.38684272775227],[-50.3832891268741,68.38677144220829],[-50.38529126393959,68.38650831043289]]],"type":"Polygon"},"id":"0000000000000000000d","properties":{"area":346139.27651605825,"elevation":593.6433064725762,"region":"CW","year":2018},"type":"Feature"},{"geometry":{"coordinates":[[[-49.5012031626748,70.0182361136181],[-49.50056110468315,70.01787490872199],[-49.499963416808576,70.01770102050848],[-49.498813140458886,70.01754053398088],[-49.49774739988986,70.017759018742],[-49.49668163838084,70.01797749572577],[-49.49553117252652,70.01781693012846],[-49.494420905821066,70.01784813471376],[-49.4932704817211,70.01768766947362],[-49.49211987759359,70.01752714194565],[-49.49100961617996,70.01755832075472],[-49.489943988075076,70.01777680192278],[-49.48888258606522,70.01799532278397],[-49.48786146759865,70.0184055521082],[-49.48794639658927,70.01878457978178],[-49.48858839518692,70.01915022708373],[-49.48978350491741,70.01949804045657],[-49.49093382661084,70.01965859813872],[-49.49208875393099,70.01981906502208],[-49.493283773832765,70.02016691504308],[-49.49443414834852,70.02032744560341],[-49.49554453226642,70.02029624131325],[-49.4966504234205,70.02026949825195],[-49.49776079912889,70.02023827717633],[-49.4988665568189,70.02020701179455],[-49.49988774300588,70.01979675821141],[-49.49980298417259,70.01941772508593],[-49.49971380922006,70.01903870951416],[-49.50073505564421,70.01863295576905],[-49.5012031626748,70.0182361136181]]],"type":"Polygon"},"id":"000000000000000000fe","properties":{"area":115362.74116040226,"elevation":926.6030685473895,"region":"CW","year":2018},"type":"Feature"},{"geometry":{"coordinates":[[[-49.450949094772,69.5367156251102],[-49.450739480410725,69.53576587715207],[-49.448902277850074,69.53486512105123],[-49.44598168010117,69.53399114098748],[-49.44306100939037,69.53311266443797],[-49.44022052246798,69.53261774126663],[-49.43730431445212,69.53174376694274],[-49.43438362255357,69.530869762129],[-49.433754854607855,69.5305040828078],[-49.431003597729976,69.53038816543852],[-49.428252359658124,69.53027219543779],[-49.42558565039547,69.53053531338848],[-49.42521120739046,69.53130676116885],[-49.42487668130069,69.53226992661045],[-49.42563034126968,69.53320631149712],[-49.426379455830414,69.53413827048053],[-49.42767702013912,69.53505684441204],[-49.428970162427206,69.5359753703181],[-49.43189083721284,69.53685383562937],[-49.434726969476834,69.53734883660216],[-49.43747814545154,69.53746477363391],[-49.440274016181355,69.5377679609153],[-49.44306989023794,69.53807566207202],[-49.44573635079012,69.53781254208555],[-49.44828244609061,69.53697873555477],[-49.450949094772,69.5367156251102]]],"type":"Polygon"},"id":"000000000000000000b1","properties":{"area":538583.4630251394,"elevation":1095.6440389537022,"region":"CW","year":2018},"type":"Feature"},{"geometry":{"coordinates":[[[-50.58720813292018,71.87034157386162],[-50.586481456544526,71.8699804303131],[-50.5857545447929,71.86962363271516],[-50.585027917082115,71.86926248263634],[-50.58381032398753,71.86929813467289],[-50.58259754937843,71.86933384701658],[-50.581380325608905,71.86937398584885],[-50.58004707312408,71.86903058382556],[-50.57870923519134,71.8686916722646],[-50.57743400572022,71.86853564685968],[-50.57615874525149,71.86838401262709],[-50.575003656497316,71.86861141608178],[-50.57512421334696,71.86899044979123],[-50.574027175926865,71.86940517920914],[-50.574143110109794,71.8697841956004],[-50.57486997715281,71.87014538004338],[-50.57608744980205,71.87010522479719],[-50.577420498941706,71.87044860730543],[-50.57875377238823,71.87079191305843],[-50.58009174501315,71.87113082429505],[-50.58142491785605,71.87147417399161],[-50.58270021177555,71.87162583301901],[-50.583917513858154,71.8715900860282],[-50.585072472444686,71.87136268534111],[-50.58634778017008,71.87151431561685],[-50.58623161871987,71.87113530751706],[-50.586111247905436,71.87075626796246],[-50.58720813292018,71.87034157386162]]],"type":"Polygon"},"id":"000000000000000001a3","properties":{"area":92777.21083625985,"elevation":1196.5454017874417,"region":"CW","year":2018},"type":"Feature"},{"geometry":{"coordinates":[[[-50.172913206802235,70.40881320673569],[-50.172810629215945,70.40843420169048],[-50.172708055276274,70.40805519665888],[-50.171477389467924,70.40771187864183],[-50.17024666944671,70.40736397888338],[-50.169577864610716,70.40700282649766],[-50.16891339719312,70.40664169940794],[-50.16767834351612,70.40629827033854],[-50.16660357391481,70.40652124450189],[-50.165573613219,70.40693153135653],[-50.16444553409703,70.4069671654379],[-50.16331727726174,70.40700285641361],[-50.1621846986849,70.4070385105413],[-50.162287095007706,70.40741752181593],[-50.16295600243413,70.40777875890937],[-50.16305858797422,70.40815770444695],[-50.16428936335595,70.40850114382921],[-50.165520147550964,70.40884445539503],[-50.16562260785882,70.40922346499161],[-50.16680431105493,70.40937953528004],[-50.167932365069255,70.40934828531623],[-50.168958033896786,70.40893361788342],[-50.17003720658407,70.40871065504099],[-50.171218671261485,70.4088623019346],[-50.172400386108436,70.4090183280859],[-50.172913206802235,70.40881320673569]]],"type":"Polygon"},"id":"00000000000000000149","properties":{"area":80075.31445250496,"elevation":587.7682414932573,"region":"CW","year":2018},"type":"Feature"},{"geometry":{"coordinates":[[[-49.188990205284085,68.35954418765179],[-49.18887886183143,68.35897788295746],[-49.18730028995241,68.35883074242449],[-49.185721682875034,68.3586790893827],[-49.184178998776694,68.35872371660926],[-49.18263607543805,68.35876377843356],[-49.18105756252501,68.35861668356684],[-49.1794788844718,68.35846951695308],[-49.17797626304095,68.35870142939305],[-49.17639772425819,68.35854978635292],[-49.174854855559374,68.3585943721057],[-49.173352309693165,68.35882179267152],[-49.17184960233769,68.35905363742488],[-49.17030670733352,68.35909828929536],[-49.168844118024225,68.35951739496008],[-49.16887967958641,68.35970914943056],[-49.17042261638809,68.359664513815],[-49.1719609594649,68.35962443840667],[-49.17353965857158,68.35977157488038],[-49.17511803091663,68.3599187037267],[-49.176772316582706,68.36044935446742],[-49.178426800245795,68.36097554523542],[-49.18000510660538,68.36112268240859],[-49.18154816203748,68.36108253303708],[-49.18312666917731,68.36122968777144],[-49.1846294039798,68.36099783538603],[-49.18613210913706,68.36076596643868],[-49.187563428807756,68.3601550744021],[-49.188990205284085,68.35954418765179]]],"type":"Polygon"},"id":"000000000000000001fd","properties":{"area":155008.20969475477,"elevation":1156.8816606281587,"region":"CW","year":2018},"type":"Feature"},{"geometry":{"coordinates":[[[-48.84391821467386,69.09304398597351],[-48.84331631722458,69.09267839143195],[-48.843244834574605,69.09229931276306],[-48.842642965389096,69.09193371587125],[-48.84204109554549,69.0915679987573],[-48.84196965469864,69.09118903811066],[-48.841898383524,69.09081001386284],[-48.841826929023775,69.09043093569392],[-48.842098901062286,69.09027935228325],[-48.84149710475264,69.08990925152683],[-48.84039561704679,69.08974422449391],[-48.84044016301337,69.08997612543006],[-48.8401994817584,69.09027932146412],[-48.83974018094174,69.09066726235348],[-48.83875011347487,69.09107306099062],[-48.838553887264965,69.09131830957112],[-48.838625461769574,69.09169732597086],[-48.83866539411147,69.09192473557029],[-48.83843355944907,69.09222354096713],[-48.83849600216901,69.09257130673525],[-48.83777366226454,69.09286560604502],[-48.83838009271872,69.09323121634188],[-48.838451311507264,69.09361474405354],[-48.838522892253586,69.09399376190424],[-48.83954852190061,69.0937797319362],[-48.840614029725906,69.0937530183072],[-48.84160842619024,69.0933472068671],[-48.84270989749825,69.09351217182142],[-48.843204868623474,69.09330704039375],[-48.84316015772624,69.0930618195444],[-48.84391821467386,69.09304398597351]]],"type":"Polygon"},"id":"00000000000000000006","properties":{"area":63343.11805905506,"elevation":1058.165516454685,"region":"CW","year":2018},"type":"Feature"},{"geometry":{"coordinates":[[[-50.43785058768153,71.43028625333868],[-50.43672705555577,71.43032198301519],[-50.43542509338091,71.43018817051424],[-50.43352976332235,71.42986266676098],[-50.432718409338044,71.43008115112627],[-50.431215685924066,71.43012573174595],[-50.42926261248288,71.42961295611018],[-50.427371929101795,71.42928740033157],[-50.42564609351405,71.42953264364043],[-50.42386702982421,71.42958614626626],[-50.42191831974939,71.42907343347248],[-50.421080024792325,71.42907342229417],[-50.42025062449812,71.4295014258337],[-50.42011688863241,71.4298670919891],[-50.41928746822918,71.43029520800174],[-50.419746691289134,71.43064300237008],[-50.42010812216856,71.43103538256054],[-50.42024622804803,71.4315080285848],[-50.42014353781568,71.43197177851819],[-50.42150357617593,71.43250242826744],[-50.42299296974456,71.4328413204268],[-50.42367968669736,71.4328190577455],[-50.42529830783358,71.43315344953298],[-50.42713978951642,71.43328724136927],[-50.428981418108144,71.43342546603589],[-50.429797523133956,71.43341212210896],[-50.43091234577256,71.43298396701971],[-50.43237947340431,71.43274771841891],[-50.43399374117409,71.4321234255558],[-50.43560786376055,71.43150363557487],[-50.43717295277865,71.43090158139653],[-50.43776161900669,71.4306697702563],[-50.43785058768153,71.43028625333868]]],"type":"Polygon"},"id":"0000000000000000018b","properties":{"area":203094.72852348955,"elevation":1290.1893468254805,"region":"CW","year":2018},"type":"Feature"},{"geometry":{"coordinates":[[[-49.618151933287756,70.33177780753931],[-49.61618999655841,70.33068527438907],[-49.61154814576195,70.33023944708971],[-49.60672785864701,70.32903098962028],[-49.604114828633286,70.32757736584858],[-49.60431549262597,70.32604337475283],[-49.6045161573881,70.32450950258787],[-49.60471225229941,70.32297998710074],[-49.60660297225068,70.32140146982759],[-49.611057705893145,70.32108932400615],[-49.61513323970374,70.32154858684042],[-49.613643862911616,70.32006375975945],[-49.61440638284228,70.31851639220359],[-49.611886965743764,70.31744175685138],[-49.60729410232199,70.3171831291891],[-49.60292853621299,70.31787432150193],[-49.60254516486257,70.31864577310684],[-49.60122070490069,70.32021092156032],[-49.60158195574245,70.32172697122274],[-49.60194756061811,70.3232430659225],[-49.60174692970956,70.32477698613665],[-49.60266992374377,70.32627975108065],[-49.60246932247953,70.32781367496742],[-49.60226874599889,70.3293431464758],[-49.60319624847442,70.33084583928836],[-49.60580918315167,70.33230394791192],[-49.61040658314332,70.33255813578067],[-49.614910095127506,70.33243776137785],[-49.618151933287756,70.33177780753931]]],"type":"Polygon"},"id":"00000000000000000118","properties":{"area":419377.4943360919,"elevation":1187.2366506758267,"region":"CW","year":2018},"type":"Feature"},{"geometry":{"coordinates":[[[-48.988897052119526,68.48950019490461],[-48.985169316644374,68.48902752780394],[-48.98336769816697,68.48773885343606],[-48.98052738039642,68.48647248417315],[-48.97976035091893,68.48516152280908],[-48.98054073371397,68.48380595740873],[-48.98235991556135,68.48242361838453],[-48.97952389237333,68.48116169351532],[-48.97572485227498,68.48030556211344],[-48.97207276406935,68.4802074516097],[-48.968416377772094,68.48010931018122],[-48.964871281290506,68.48058199525791],[-48.96132640331354,68.48105469630539],[-48.95777705548683,68.48152287614909],[-48.95441048972444,68.48294532437554],[-48.953518414070196,68.48373012987966],[-48.954285424725036,68.48504556661509],[-48.955569626232354,68.48634761070382],[-48.95936887901792,68.48720372389054],[-48.96316805062178,68.4880598619731],[-48.967038560644426,68.48929958835713],[-48.96973180335714,68.4897989921268],[-48.973419542260345,68.49008878926874],[-48.97711169056774,68.49037416107386],[-48.98076804564335,68.49047230003076],[-48.98442459792006,68.49057039539724],[-48.98800530649399,68.49028945492249],[-48.988897052119526,68.48950019490461]]],"type":"Polygon"},"id":"00000000000000000219","properties":{"area":812078.4083123077,"elevation":1206.3045129047957,"region":"CW","year":2018},"type":"Feature"},{"geometry":{"coordinates":[[[-49.26611923662542,70.34117759395319],[-49.264906593156205,70.34082533534264],[-49.26317640991859,70.3406782088296],[-49.26144176413995,70.34053107239662],[-49.259751794038316,70.34057557056666],[-49.25806177534545,70.34061577902223],[-49.256327158376386,70.34046858319495],[-49.25463719643167,70.34051314137504],[-49.252947165121896,70.34055329180917],[-49.25134203666642,70.34097691856454],[-49.249647478459124,70.34101704121424],[-49.24808227361751,70.34162791127378],[-49.24816707780204,70.34200702007277],[-49.24716803179661,70.34260451447207],[-49.247293077216625,70.34317522761408],[-49.24741795429698,70.34374600519153],[-49.248104581593786,70.34429892243881],[-49.248233968399376,70.34486969011098],[-49.24835862331477,70.34543602528768],[-49.24961175184983,70.34598007651208],[-49.250820123700024,70.34633228808435],[-49.25255476332949,70.34647944258238],[-49.25424479742388,70.34643492012923],[-49.25593916916967,70.34639470347389],[-49.25758907717788,70.34616286529607],[-49.25923446668862,70.34593101877039],[-49.260799585653906,70.34531564155442],[-49.26236470309964,70.34470475441388],[-49.26280630660112,70.34412061132602],[-49.26437128801828,70.34350970302961],[-49.26424214369662,70.34294337995202],[-49.26411722932332,70.34237260456797],[-49.264554263258816,70.34178846688566],[-49.26611923662542,70.34117759395319]]],"type":"Polygon"},"id":"0000000000000000012e","properties":{"area":354231.47579846624,"elevation":1378.1753979942487,"region":"CW","year":2018},"type":"Feature"},{"geometry":{"coordinates":[[[-49.93563096258955,70.40935722904376],[-49.93497107689268,70.40899605229839],[-49.93374042957974,70.40864828775015],[-49.93308039431949,70.40828705020047],[-49.93354860106243,70.40789022361017],[-49.932317851424116,70.40754684887945],[-49.93109181021383,70.40719903309275],[-49.93042734972339,70.4068333607996],[-49.930895591682784,70.40644099665337],[-49.929669257620276,70.40609318207194],[-49.92844295922792,70.40574535765064],[-49.92731036302598,70.40578105377546],[-49.92608411397936,70.40543321028687],[-49.92490697110742,70.40527716676301],[-49.92382340967941,70.40550007459231],[-49.92274432704388,70.40571860876965],[-49.92284241182556,70.40610211180518],[-49.922374233564156,70.4064945029405],[-49.922472301094956,70.40687355256591],[-49.92369855291852,70.40722130805588],[-49.92492486563001,70.40756917165294],[-49.92558922357083,70.4079302965048],[-49.926249136071846,70.40829156650672],[-49.927475343007416,70.4086393569675],[-49.928608095593525,70.40860811392515],[-49.9297852568644,70.40876419453284],[-49.93091783609897,70.4087329991531],[-49.93209501647747,70.40888906168705],[-49.93332116274237,70.40923686997738],[-49.934502873721435,70.40939288356257],[-49.93563096258955,70.40935722904376]]],"type":"Polygon"},"id":"0000000000000000014f","properties":{"area":103600.2655911802,"elevation":902.3825828318462,"region":"CW","year":2018},"type":"Feature"},{"geometry":{"coordinates":[[[-47.98178675162626,68.65947224027535],[-47.98170658648459,68.65890592535402],[-47.98060508680983,68.65854474279645],[-47.97903987647564,68.65857148389036],[-47.97750159211275,68.65879440235133],[-47.975936540165264,68.65882116338494],[-47.974371319230364,68.65885240255602],[-47.972779381396435,68.65869191636307],[-47.971214327838844,68.65872305699655],[-47.96967596809306,68.6589415727425],[-47.968137579912586,68.65916007134688],[-47.96657233343194,68.65919133985855],[-47.96503389957036,68.6594098038308],[-47.96346879698198,68.65944097437797],[-47.963495617976,68.65962830587857],[-47.96511422041086,68.65998060885364],[-47.96667933885631,68.65994930177055],[-47.96824464806243,68.65992258324671],[-47.96980976946521,68.65989135854113],[-47.97145953538265,68.66043094619077],[-47.97305139620199,68.66059139324248],[-47.974589837684064,68.66037295726146],[-47.97612807000864,68.66015444893662],[-47.977693201291146,68.6601232526881],[-47.97928527009662,68.66028380086975],[-47.98079685778177,68.65987358862837],[-47.98178675162626,68.65947224027535]]],"type":"Polygon"},"id":"000000000000000001df","properties":{"area":100138.04697095441,"elevation":1527.910255956384,"region":"CW","year":2018},"type":"Feature"},{"geometry":{"coordinates":[[[-50.00405594048802,70.13714699881888],[-50.00173278912702,70.13683476651526],[-49.99899486450821,70.1371068058217],[-49.99625706410566,70.1373788468376],[-49.99356816758473,70.13784259334358],[-49.99054048890795,70.13697751231881],[-49.989184918081,70.13606344199572],[-49.99005435162393,70.13508239450488],[-49.989251847631685,70.13415492745398],[-49.98733874834045,70.13325416375434],[-49.987655491293665,70.13229102509509],[-49.98685296004464,70.13135904187101],[-49.98416402351959,70.13182281294412],[-49.98133230608338,70.13171575592976],[-49.978692584087426,70.13236677314784],[-49.978790613423236,70.1327458277791],[-49.978474059714564,70.13370898636501],[-49.97816211604187,70.13467216575883],[-49.97951755587574,70.13558632167535],[-49.982496138964585,70.13626407056042],[-49.98523415827739,70.13599210190506],[-49.988212744255,70.13666534869901],[-49.99124510987492,70.13753043203232],[-49.9914857311907,70.13847576021286],[-49.99061623871083,70.13945681820371],[-49.99330502109305,70.13899747368863],[-49.99599405597083,70.13853373219011],[-49.998731824128065,70.13826176164467],[-50.00151426678004,70.13817700842218],[-50.00405594048802,70.13714699881888]]],"type":"Polygon"},"id":"00000000000000000123","properties":{"area":250178.80730080284,"elevation":548.3964485403616,"region":"CW","year":2018},"type":"Feature"},{"geometry":{"coordinates":[[[-48.82816866889757,68.2833247523206],[-48.82601958510098,68.28280747492113],[-48.823014085988106,68.28326233410714],[-48.821172431741466,68.28445292103406],[-48.819326336368874,68.28563905385555],[-48.81748467716516,68.28682958622278],[-48.81615137416797,68.28800682174173],[-48.81482276709502,68.28917953620632],[-48.81348939802313,68.29035680495532],[-48.812668936426284,68.29152055910829],[-48.81133568798662,68.29269780245346],[-48.80949403903137,68.29388390113544],[-48.809699023152746,68.2950209644167],[-48.8093914045866,68.29617145056002],[-48.81164320418562,68.29725942395704],[-48.81417156058251,68.29700973506887],[-48.81089426658524,68.29594399227248],[-48.81120199421475,68.29479355711318],[-48.81304362521321,68.29360743281299],[-48.813863953896245,68.29244361708363],[-48.81417167138519,68.29129311988613],[-48.81601774781206,68.29010257027485],[-48.81734634524268,68.28892984166895],[-48.818167013980705,68.28776599160904],[-48.82103408302337,68.28654868640785],[-48.823901542736934,68.28533579711504],[-48.82683997293221,68.28450191586788],[-48.82816866889757,68.2833247523206]]],"type":"Polygon"},"id":"000000000000000001cf","properties":{"area":182443.2910567043,"elevation":1308.9562362393287,"region":"CW","year":2018},"type":"Feature"},{"geometry":{"coordinates":[[[-50.055389219985464,68.5074079661072],[-50.05422077013175,68.5068728453543],[-50.05253531100894,68.5063511283557],[-50.05187970621223,68.5058026768862],[-50.05019422569566,68.50528544117992],[-50.05005602553263,68.50471467937852],[-50.04893237448989,68.50437126831126],[-50.04742519473485,68.50460767505322],[-50.04583343326976,68.50446939963827],[-50.0442815190839,68.50451841042401],[-50.042823497384504,68.5049509668347],[-50.04131621474988,68.50518730631744],[-50.03976896021945,68.50524083149872],[-50.038310791355386,68.50566889688747],[-50.0389173009296,68.50603008249718],[-50.04060278348893,68.50654739146232],[-50.04125835293827,68.50710027454555],[-50.042854574771184,68.50723850431143],[-50.044357284932204,68.50700214271835],[-50.04581557853117,68.50656962109008],[-50.04732273276947,68.50633329688979],[-50.04896365958763,68.5066588170416],[-50.05060448820876,68.5069888263385],[-50.052151853081654,68.50693973998708],[-50.05384181521764,68.50745697126747],[-50.055389219985464,68.5074079661072]]],"type":"Polygon"},"id":"0000000000000000028d","properties":{"area":123000.61477255289,"elevation":821.0439213642547,"region":"CW","year":2018},"type":"Feature"},{"geometry":{"coordinates":[[[-50.25266872244701,68.45083536345953],[-50.25252599703473,68.45026907314218],[-50.25187055443235,68.4497161269619],[-50.25224515019152,68.44913193142429],[-50.25107245846721,68.44859688877496],[-50.251442392496806,68.44801269917059],[-50.25129971299672,68.44744641112518],[-50.24961416384829,68.44692915404214],[-50.24895871314253,68.44637626393546],[-50.247268671352735,68.44586342472728],[-50.24661329870001,68.44531052501324],[-50.24502134237143,68.4451722268672],[-50.24342948071252,68.44503847062887],[-50.24198021283013,68.44546659925271],[-50.24202474013487,68.44565832273635],[-50.24216754437682,68.44622460402971],[-50.242823031529404,68.44677757790357],[-50.24296586091759,68.44734385980775],[-50.243621211373735,68.44789677919675],[-50.244281199460744,68.44844525136122],[-50.24441940700875,68.44901153605943],[-50.24404934978748,68.44960014977205],[-50.244191882211915,68.45016644717079],[-50.24587736705418,68.45068372284034],[-50.2465329956235,68.45123224230638],[-50.248129296184544,68.45137043316444],[-50.24967220867136,68.45131692544685],[-50.251264043419724,68.45145513438608],[-50.25266872244701,68.45083536345953]]],"type":"Polygon"},"id":"00000000000000000011","properties":{"area":201647.84800999294,"elevation":700.0647645090488,"region":"CW","year":2018},"type":"Feature"},{"geometry":{"coordinates":[[[-48.97274627434484,69.4843880900523],[-48.97209065815613,69.48383073093711],[-48.97143956499337,69.48327330343118],[-48.969776428317104,69.48312170282661],[-48.96811765298703,69.4829745841631],[-48.96638305573004,69.48244385421853],[-48.96475980395072,69.48248402787057],[-48.96306113642662,69.482140697523],[-48.961402289955,69.48199356557272],[-48.959739120048866,69.48184191309117],[-48.95811588780869,69.48188201146388],[-48.95656850000259,69.48230123903262],[-48.95494541583778,69.482341355352],[-48.95343384178581,69.48294780855664],[-48.953473896328504,69.48313951614978],[-48.95250173674412,69.48373259918628],[-48.950990198091816,69.48434346613021],[-48.95218541067848,69.48488749297157],[-48.953919839532745,69.48541365719545],[-48.95558320963144,69.48556526075596],[-48.957241915918594,69.4857168565218],[-48.95890515317665,69.48586848565175],[-48.960604013994065,69.48620736468177],[-48.96222717085269,69.48616724885777],[-48.963810007518475,69.48593985787218],[-48.96543313624719,69.48589970562577],[-48.967020771979705,69.48566781836],[-48.968608036264314,69.48544042641146],[-48.97019111455944,69.48521295470887],[-48.971778671932135,69.48498113252337],[-48.97274627434484,69.4843880900523]]],"type":"Polygon"},"id":"00000000000000000070","properties":{"area":277699.9965471413,"elevation":1221.8795422323828,"region":"CW","year":2018},"type":"Feature"},{"geometry":{"coordinates":[[[-49.68386591768748,69.58327754944355],[-49.68210003121582,69.5827558615629],[-49.68147130415297,69.58239017232962],[-49.679839241228244,69.58243929097513],[-49.678122464378056,69.58210478243636],[-49.676445828543336,69.5819621613357],[-49.674773715352806,69.58181943291167],[-49.67319078572711,69.58205575786039],[-49.6716031252137,69.58229210003627],[-49.67002031909929,69.58252844304816],[-49.668522048235914,69.5831438141586],[-49.66702369860362,69.58375916978723],[-49.6653515216454,69.58361644915468],[-49.66602945253957,69.58416936374479],[-49.66615872334462,69.58473571902438],[-49.666836513694754,69.58528857765698],[-49.66751431899342,69.58584600202005],[-49.66814295143344,69.58620718477067],[-49.66986421898606,69.5865416738323],[-49.671625592001526,69.58706336624489],[-49.67325741181516,69.587018751113],[-49.674885281845285,69.58696967822037],[-49.676472684620904,69.58673337625919],[-49.67801088517947,69.58630977499894],[-49.67950928304958,69.58569435567544],[-49.68100762511747,69.58507903876664],[-49.68141769690034,69.58449492121429],[-49.68291158873818,69.5838750396485],[-49.68386591768748,69.58327754944355]]],"type":"Polygon"},"id":"000000000000000000c9","properties":{"area":278608.99817254505,"elevation":966.36016894087,"region":"CW","year":2018},"type":"Feature"},{"geometry":{"coordinates":[[[-49.15318362367734,68.91575015525397],[-49.152461248154495,68.91481374269138],[-49.14971010234345,68.9143142684756],[-49.14699445987499,68.91400217928258],[-49.14439488145909,68.9142608249547],[-49.141683705478364,68.91394867893125],[-49.138892430686745,68.91325750088417],[-49.13625245792287,68.91332888258609],[-49.13361717490322,68.91339575121565],[-49.13109334439847,68.9140333740437],[-49.12864539361747,68.91505449743991],[-49.128270646265534,68.91582592858717],[-49.1274054960817,68.91680248699701],[-49.12706683185496,68.9177656574427],[-49.12620177812209,68.91874664633286],[-49.12899313308923,68.91943779632271],[-49.131557045015036,68.91898740852348],[-49.13415672998961,68.91872884114363],[-49.13679204219664,68.91866192058627],[-49.13939603360813,68.9184033018786],[-49.14195560486422,68.91795290166276],[-49.144595543279785,68.9178816057725],[-49.147155021577795,68.91743572714125],[-49.14987069354744,68.91774782696956],[-49.15231874006073,68.91672665688517],[-49.15318362367734,68.91575015525397]]],"type":"Polygon"},"id":"0000000000000000000e","properties":{"area":493374.21315816906,"elevation":1060.29607637676,"region":"CW","year":2018},"type":"Feature"},{"geometry":{"coordinates":[[[-48.332544032791326,68.64727659740487],[-48.331933320823026,68.64671919273498],[-48.32895457495926,68.64773589446342],[-48.325917893972935,68.64837354343182],[-48.322912452338024,68.64919840085858],[-48.319902656661384,68.65002341193568],[-48.31695515399871,68.65123178677122],[-48.31400766193479,68.6524357768515],[-48.3110601252398,68.65364419388294],[-48.3101416703397,68.65442452469668],[-48.307189644832015,68.65562846627823],[-48.3058073399666,68.6568012464923],[-48.30338158001618,68.65799629426931],[-48.301473131244016,68.65918242980361],[-48.30061238566203,68.66034174944726],[-48.30220452422482,68.66050227919752],[-48.30411287019888,68.6593161938125],[-48.30601691319812,68.65813449974839],[-48.307925424541686,68.65694841239704],[-48.309829452593135,68.65576666169268],[-48.31277695095797,68.65455827527971],[-48.31572440448898,68.65335431584312],[-48.3186718688329,68.65214597164184],[-48.32161927379814,68.65094193650087],[-48.32459800166171,68.6499252878996],[-48.327603470292665,68.64910039265926],[-48.330582253275075,68.64808366334641],[-48.332544032791326,68.64727659740487]]],"type":"Polygon"},"id":"000000000000000001e7","properties":{"area":203476.85343398585,"elevation":1396.5736278800025,"region":"CW","year":2018},"type":"Feature"},{"geometry":{"coordinates":[[[-48.98072803301591,69.45063265594666],[-48.97903355202444,69.45029374311736],[-48.97679948681805,69.4499638424462],[-48.97448516807161,69.44925928913987],[-48.972715086470195,69.44854135215263],[-48.97364681556142,69.44775208725974],[-48.97565781797645,69.44694055450277],[-48.97712499369252,69.44614235016117],[-48.97601023336209,69.44598180660083],[-48.973847542017,69.44603088752262],[-48.971653722345735,69.44589711567221],[-48.96953115078231,69.44613794286214],[-48.96740421633386,69.4463787402534],[-48.965357412122394,69.44700301488076],[-48.963346416681055,69.44781450946887],[-48.96133530254001,69.44862609409303],[-48.96141108928309,69.44900510492877],[-48.96102321949844,69.44977653821901],[-48.96224943022924,69.45051224052082],[-48.964563689255556,69.4512168103143],[-48.9667219986335,69.45116332629034],[-48.968955849780194,69.45148882812559],[-48.97115431814001,69.451627091008],[-48.973316953817815,69.45157350552302],[-48.97543961766964,69.45133274994538],[-48.9776020589642,69.45127928146543],[-48.9797603384434,69.45122571842582],[-48.98072803301591,69.45063265594666]]],"type":"Polygon"},"id":"00000000000000000076","properties":{"area":306788.0485587653,"elevation":1175.4774835694118,"region":"CW","year":2018},"type":"Feature"},{"geometry":{"coordinates":[[[-49.434963221307136,70.41720524014403],[-49.43309044783097,70.41649177494025],[-49.430651310470566,70.4157917058565],[-49.429344774451586,70.41506039859007],[-49.42803826263592,70.4143336518167],[-49.42673169325495,70.41360226941048],[-49.425991465425746,70.41285765940695],[-49.42525126322928,70.4121129281777],[-49.4245111320185,70.41136831175554],[-49.42377085144258,70.41062363865537],[-49.423596959861094,70.40986557183663],[-49.42398490759443,70.40909412799448],[-49.422156600561756,70.40856795642239],[-49.422245861447884,70.40894700960693],[-49.42129161082752,70.40973622135297],[-49.42033299786652,70.41052549534845],[-49.420506788216294,70.41128356582313],[-49.421246987531596,70.41202825500513],[-49.42198723515975,70.41277294097746],[-49.42273182860322,70.41351755539576],[-49.42403383458829,70.41424441580143],[-49.424778739964815,70.41498907446656],[-49.4266470012285,70.41570252765382],[-49.42795349219531,70.41643385852849],[-49.42926006547462,70.41716517856659],[-49.43056660362017,70.4178919809816],[-49.433005591114764,70.41859206409359],[-49.43400459128266,70.41799455179482],[-49.434963221307136,70.41720524014403]]],"type":"Polygon"},"id":"0000000000000000011a","properties":{"area":156983.80855947422,"elevation":1316.6769884496193,"region":"CW","year":2018},"type":"Feature"},{"geometry":{"coordinates":[[[-48.855962316921016,70.0246393262398],[-48.85192693875786,70.02396606283297],[-48.84623254194564,70.02333729643232],[-48.8406809828126,70.02346212810103],[-48.835173937463146,70.02378322406149],[-48.82980967148108,70.02485792165987],[-48.82429829657169,70.02517449888887],[-48.82492707191118,70.02554011738164],[-48.82419112273135,70.02746198262314],[-48.82678197675188,70.02930803844565],[-48.82770496239259,70.03119428196501],[-48.828079637379176,70.03308936411055],[-48.82900252065147,70.03497111027659],[-48.830487556173956,70.03684395061737],[-48.83307830928654,70.03869001683857],[-48.83678370285855,70.04050932000044],[-48.8413007527301,70.04079025821507],[-48.846923683568804,70.04103997603221],[-48.85229234740788,70.03996531810509],[-48.855248825752895,70.03798989763435],[-48.85265363551369,70.03614387747085],[-48.853389531686446,70.03422197309564],[-48.85523563787628,70.03227335588255],[-48.855418411838954,70.03036489045105],[-48.85393345072455,70.02849647383219],[-48.85577944287638,70.02654784756162],[-48.855962316921016,70.0246393262398]]],"type":"Polygon"},"id":"000000000000000000d3","properties":{"area":1905973.4451325883,"elevation":1414.46022196967,"region":"CW","year":2018},"type":"Feature"},{"geometry":{"coordinates":[[[-47.64821041599717,68.61153243725512],[-47.64761726897491,68.61097061163233],[-47.64702426066946,68.61041315439164],[-47.64595849682567,68.61023929297028],[-47.64439792311658,68.6102660355088],[-47.64283717727157,68.61029282264657],[-47.641222954453674,68.60993608720689],[-47.63968442385255,68.61015455978081],[-47.63815061179612,68.61036855164893],[-47.6366567991966,68.61096611291696],[-47.63516760477881,68.61156362761815],[-47.6336781711702,68.61216118903248],[-47.63370055397455,68.6123484172997],[-47.63273267739144,68.6129370316176],[-47.63384301839616,68.61348994860597],[-47.63495793115792,68.61404288878518],[-47.635029369245814,68.61461365216057],[-47.63510046383365,68.61518442281172],[-47.63569360457054,68.615746244347],[-47.63576506500792,68.61631700933117],[-47.63733019634125,68.61629028540158],[-47.638868597348385,68.61607178849346],[-47.640357797754895,68.61547429111991],[-47.64194527116113,68.61563929370855],[-47.64239569672842,68.61505955717526],[-47.6438848745809,68.61446651070081],[-47.645374383469814,68.61386900937622],[-47.64686364076101,68.61327143684134],[-47.64731408996319,68.61269174218444],[-47.64776435127421,68.61211210898226],[-47.64821041599717,68.61153243725512]]],"type":"Polygon"},"id":"000000000000000001b1","properties":{"area":285782.09751979384,"elevation":1629.0339764787796,"region":"CW","year":2018},"type":"Feature"},{"geometry":{"coordinates":[[[-48.96730151297294,68.84279923112302],[-48.967261643856375,68.84261194703228],[-48.96722580599081,68.84242022617676],[-48.967190149432085,68.84223294001346],[-48.96715447804705,68.84204115534361],[-48.96711882605292,68.84184948858915],[-48.9665569268895,68.84167555219709],[-48.96599064368431,68.84149718113623],[-48.96542876356572,68.8413188596565],[-48.964866887465014,68.84114491669052],[-48.9643051881584,68.84096652691659],[-48.96426939067279,68.84077930450736],[-48.964233744188604,68.84058751967858],[-48.963671896538074,68.84040919151474],[-48.9631100525902,68.84023524185655],[-48.96258401838605,68.84024863042869],[-48.96209341402575,68.84044924974076],[-48.96160300002484,68.84065441984691],[-48.961076771336664,68.84066774875913],[-48.96055056058536,68.84068119353591],[-48.960064490890176,68.84088179378605],[-48.95957405077879,68.84108695680409],[-48.9590835884543,68.84128761958681],[-48.958592947827604,68.84149272529788],[-48.95862853861864,68.8416800131721],[-48.95866886981009,68.84187172383189],[-48.95870447568559,68.84206351037535],[-48.95874006827124,68.84225079841843],[-48.9582497552705,68.84245589321003],[-48.95828534510151,68.84264318149037],[-48.95884720796935,68.84282153216867],[-48.958887377661384,68.84301330708975],[-48.95892297321337,68.84320059541434],[-48.959484853060445,68.84337894375821],[-48.96001095669435,68.84336556708229],[-48.96050143736961,68.84316040183961],[-48.96102315854815,68.84314708722295],[-48.96154942099979,68.84313364079031],[-48.96203989823268,68.8429329687111],[-48.962566173872226,68.84291963627587],[-48.96309226460606,68.84290624791556],[-48.96361835451324,68.84289285756391],[-48.964144627676575,68.84287951915165],[-48.964670715931014,68.84286612481645],[-48.96523262636587,68.84304444996087],[-48.9657589010732,68.84303110544646],[-48.96628499086692,68.8430177050112],[-48.96681126392246,68.84300435651191],[-48.96730151297294,68.84279923112302]]],"type":"Polygon"},"id":"00000000000000000257","properties":{"area":82762.49544168856,"elevation":1214.0372085048018,"region":"CW","year":2018},"type":"Feature"},{"geometry":{"coordinates":[[[-49.049130501530215,69.01507212691345],[-49.04633015940067,69.01437651511951],[-49.043262366679315,69.01502753344937],[-49.04007852603381,69.01510780803112],[-49.03697504572586,69.01556706786846],[-49.033867062640354,69.01603082696377],[-49.03295743766623,69.01681566439623],[-49.03211907012706,69.0179839048438],[-49.02916276269071,69.01920569229166],[-49.02666105932728,69.02003067082916],[-49.02688414304416,69.02117216942776],[-49.025515118632164,69.02235388901379],[-49.0246813359352,69.02351774123518],[-49.025435009248376,69.0246458507542],[-49.026719253074624,69.02576061924474],[-49.02887731765658,69.0258988481265],[-49.03210115447518,69.02600586627058],[-49.03543221524375,69.02668807345331],[-49.038727455624354,69.02717415233107],[-49.04183554023742,69.02671487647521],[-49.04373504922786,69.02551986282036],[-49.04456888980343,69.02435604179782],[-49.046994615968494,69.02314757262938],[-49.046771639245605,69.02200606827294],[-49.046544257836274,69.02086451640484],[-49.046852058056565,69.01971408967042],[-49.04768588207815,69.01854574975533],[-49.04905029559871,69.01736409018159],[-49.048827285352125,69.01622259977938],[-49.049130501530215,69.01507212691345]]],"type":"Polygon"},"id":"000000000000000002a3","properties":{"area":944224.0502053973,"elevation":957.8785468640164,"region":"CW","year":2018},"type":"Feature"},{"geometry":{"coordinates":[[[-49.800114631533624,70.37961948867],[-49.79851365506306,70.37775557700458],[-49.794656558435186,70.37595412861349],[-49.793051424121316,70.37409020284599],[-49.793145003336114,70.37217726144199],[-49.79323426236271,70.37026428287281],[-49.79276152589732,70.36836921382839],[-49.791726916671415,70.3664874779289],[-49.789559863157486,70.36464140052692],[-49.789653528167904,70.36272841879281],[-49.793688866866816,70.36070401341829],[-49.79800970433213,70.35982108788689],[-49.79504911199238,70.35933056138762],[-49.78969804267,70.36062814913025],[-49.789791832355405,70.36100720812551],[-49.786318171560254,70.36301379596048],[-49.786224600667914,70.36492676276904],[-49.787263558479744,70.36680404170465],[-49.78716969193943,70.3687170251498],[-49.78764233971696,70.37061655200293],[-49.787548885175106,70.37252507396362],[-49.78802148134613,70.37442466879594],[-49.78962230111954,70.37628859633938],[-49.791223185324355,70.37815245658373],[-49.79395657130739,70.37998510701917],[-49.79884829108363,70.38137636761408],[-49.800114631533624,70.37961948867]]],"type":"Polygon"},"id":"00000000000000000140","properties":{"area":480904.28962164506,"elevation":1014.1025993931626,"region":"CW","year":2018},"type":"Feature"},{"geometry":{"coordinates":[[[-49.31428656143955,69.23943183841013],[-49.313590845822944,69.23868713879469],[-49.313965495610255,69.23791572454607],[-49.31219981262229,69.23720228733168],[-49.31310935545853,69.23641302840582],[-49.31241376443283,69.23566832676757],[-49.310117289860564,69.2349682112457],[-49.30781633129539,69.23426820067482],[-49.3066703976623,69.23391588125055],[-49.30444981507287,69.23359484419564],[-49.3023540233501,69.23384007445691],[-49.30029839097098,69.2342771252084],[-49.298322943480095,69.23509311337268],[-49.29634754853365,69.23590912796574],[-49.295437950490545,69.23669393559648],[-49.29506334586702,69.23746984148875],[-49.296294258188624,69.23819663812183],[-49.29591958100512,69.2389680464131],[-49.29657502352439,69.23952546773258],[-49.298831239013886,69.24003828422406],[-49.30105197466476,69.24035930736886],[-49.30326813066141,69.24068031898723],[-49.305404131977916,69.24062238283885],[-49.307544397042854,69.24056440221662],[-49.309720473049516,69.24069819902097],[-49.311816240582196,69.24045293449106],[-49.31391190034268,69.24020325516256],[-49.31428656143955,69.23943183841013]]],"type":"Polygon"},"id":"00000000000000000066","properties":{"area":458591.3199936836,"elevation":676.2751428952255,"region":"CW","year":2018},"type":"Feature"},{"geometry":{"coordinates":[[[-50.23800719375743,68.33580388735103],[-50.237913541215,68.3354249346662],[-50.23781986750012,68.33504586468047],[-50.2377263795753,68.33466684713336],[-50.237119805911824,68.33430567375984],[-50.23600050724826,68.33396232456046],[-50.23497502006999,68.33399797177172],[-50.23399853839707,68.33422089911596],[-50.23306647531018,68.33463566888634],[-50.2321345395439,68.33505036712374],[-50.23222810487727,68.33542932303459],[-50.23232180294493,68.33580388972966],[-50.23190260578923,68.33620077465788],[-50.23250915562531,68.33656197260446],[-50.23311553970412,68.33692311603855],[-50.23423493566121,68.33726649160685],[-50.234328383071876,68.33764551348487],[-50.23493500096633,68.3380067021123],[-50.23554129449268,68.33836790161497],[-50.236567010261304,68.3383366923616],[-50.237030561624174,68.33812708154935],[-50.23744978459407,68.3377347381886],[-50.237868916404054,68.33733783456603],[-50.23777541786806,68.33695881511396],[-50.23768158099168,68.33657980913593],[-50.23758808850025,68.33620079020898],[-50.23800719375743,68.33580388735103]]],"type":"Polygon"},"id":"00000000000000000263","properties":{"area":88249.51171408444,"elevation":644.4798328193472,"region":"CW","year":2018},"type":"Feature"},{"geometry":{"coordinates":[[[-49.130067691641365,68.5785217077831],[-49.12316493387914,68.57527101291339],[-49.127089068091685,68.57135148979813],[-49.12789599687175,68.56751664358431],[-49.118919927642644,68.56431943572592],[-49.10813791836863,68.56250464314952],[-49.09798459007521,68.56391370674216],[-49.08753231008682,68.56380662227669],[-49.07774914886713,68.56711529855099],[-49.069071593268184,68.57077179678434],[-49.05920802996682,68.5737013976093],[-49.05639005427349,68.5752977324103],[-49.061357538490306,68.57669791749156],[-49.071662578270434,68.57604689528362],[-49.075889632362035,68.578989887423],[-49.066133166447194,68.58248579879734],[-49.059934879611966,68.58550908949644],[-49.06582989203626,68.58897827854811],[-49.0764425596667,68.58984782132856],[-49.086903675059986,68.58995485132253],[-49.097217531165654,68.5893038582396],[-49.1074601490459,68.58827374271922],[-49.10730850756701,68.58484471170735],[-49.10708119666936,68.58103662825238],[-49.117016078128245,68.57848602363394],[-49.125920786645125,68.58129973052047],[-49.130067691641365,68.5785217077831]]],"type":"Polygon"},"id":"00000000000000000240","properties":{"area":5765939.599559688,"elevation":1152.70969775474,"region":"CW","year":2018},"type":"Feature"},{"geometry":{"coordinates":[[[-48.59591652278253,68.86712366050361],[-48.59529226049774,68.86656627347949],[-48.594137124259284,68.86601778407297],[-48.593512929522845,68.86546039039104],[-48.59192998209812,68.86549604957811],[-48.590449679051154,68.86610247391242],[-48.58887108241036,68.86613816187061],[-48.58732366651651,68.86636557194043],[-48.58577645736076,68.8665885207734],[-48.58416221600705,68.86643696741204],[-48.58248567466581,68.86590179570683],[-48.58096959990626,68.86631654970944],[-48.58156267635556,68.86668662978816],[-48.58324369005033,68.86721726098699],[-48.58334196948923,68.86778804110999],[-48.58238759412083,68.8683810871595],[-48.58403306554585,68.86872890197489],[-48.58561149025955,68.86869327832913],[-48.58719445847131,68.86865751916467],[-48.588773053390796,68.86862191407916],[-48.59038729256439,68.86877347860998],[-48.59196570246288,68.86873778290244],[-48.59351299832448,68.86851488259946],[-48.59506031629372,68.86828746660943],[-48.59548837211544,68.8677033464497],[-48.59591652278253,68.86712366050361]]],"type":"Polygon"},"id":"00000000000000000277","properties":{"area":149521.193422322,"elevation":1265.8006971303053,"region":"CW","year":2018},"type":"Feature"},{"geometry":{"coordinates":[[[-49.907561121668216,68.50983814184187],[-49.905273544868216,68.50895523391932],[-49.90505061483273,68.5080099102209],[-49.902245809654964,68.507144854674],[-49.90047545097034,68.50624412620962],[-49.89921816397012,68.50532998666316],[-49.89693060747799,68.50444709341417],[-49.89430401666556,68.50434009204292],[-49.891628720467885,68.50404137714712],[-49.88895762953446,68.50374258025293],[-49.886505148447256,68.50439358728639],[-49.884012537711854,68.50485292966405],[-49.88147081710977,68.50512045437262],[-49.87910750249694,68.50615043915673],[-49.87674419592219,68.50718055485552],[-49.87696276062573,68.5081258582657],[-49.87770287616778,68.50905784627616],[-49.87938396026424,68.5095795495324],[-49.88218876621444,68.51044464400715],[-49.884908828357574,68.51093514255727],[-49.887579761611676,68.5112294372067],[-49.890210842788576,68.51134087940736],[-49.89279250651384,68.5112606300889],[-49.89542328139965,68.5113676593975],[-49.897964962262556,68.51109562694317],[-49.90050226900252,68.51082364297267],[-49.90299933682851,68.51036431899745],[-49.90554101879391,68.51009231624852],[-49.907561121668216,68.50983814184187]]],"type":"Polygon"},"id":"00000000000000000037","properties":{"area":735717.4318550706,"elevation":861.2319534440177,"region":"CW","year":2018},"type":"Feature"},{"geometry":{"coordinates":[[[-49.04768575264416,70.0730919802584],[-49.0462187915989,70.0714108994375],[-49.0415277919985,70.07304742407959],[-49.036564797213316,70.07335952743901],[-49.03152149014681,70.07328816579863],[-49.02651393365017,70.07340854741003],[-49.0213147681412,70.07258364350206],[-49.01707405983571,70.0709694257518],[-49.01894247237569,70.06920815294447],[-49.02367359573444,70.0677588392649],[-49.028636519710936,70.06745123595287],[-49.027410379411016,70.06690720929211],[-49.02228670061719,70.06646130146399],[-49.017323740666704,70.06676899083615],[-49.01240104266338,70.06726841760776],[-49.00759414785257,70.06833411008436],[-49.00675129167074,70.06968968421144],[-49.0059932462205,70.07142427124313],[-49.008526106253235,70.07288687637605],[-49.01376549414719,70.0739079885553],[-49.01888898066687,70.0743539512357],[-49.024008068154885,70.0748043092107],[-49.02905128539238,70.07487558556834],[-49.034018758915394,70.07456350743368],[-49.03902190419993,70.07444305666397],[-49.04398918715756,70.07413538299696],[-49.04768575264416,70.0730919802584]]],"type":"Polygon"},"id":"000000000000000000f3","properties":{"area":579528.1232411148,"elevation":1322.9791629529661,"region":"CW","year":2018},"type":"Feature"},{"geometry":{"coordinates":[[[-49.885479519991,70.28399850839365],[-49.88481959893849,70.2836372998938],[-49.88360224011254,70.28328951848863],[-49.882478737828876,70.28332075279764],[-49.88126123635461,70.28297735310738],[-49.880137570475554,70.28300863485474],[-49.879013875342196,70.28303979015377],[-49.877939125804325,70.28326278740593],[-49.876864527060164,70.28348571175314],[-49.87579009902656,70.28370422768798],[-49.87475989034681,70.28411889849811],[-49.874857887970464,70.28449796504339],[-49.87383228739366,70.2849082002562],[-49.873364169450774,70.28530503917119],[-49.87346232290251,70.28568404175161],[-49.87299400614892,70.2860764912061],[-49.873092157370756,70.28645549419126],[-49.87318584402143,70.28683452571617],[-49.87384586240412,70.28720017453261],[-49.87450123101168,70.28756134279708],[-49.87515682222232,70.28792701466949],[-49.87637857802717,70.28827033171697],[-49.877502336271306,70.2882391444468],[-49.878621424271756,70.2882079244789],[-49.879700689760526,70.287984958957],[-49.880726141086626,70.28757474774699],[-49.88175172788809,70.28716446432855],[-49.88287541226072,70.28712878275459],[-49.88278176397373,70.28674980946452],[-49.8826838238184,70.28637079991914],[-49.88370932117623,70.28596050292307],[-49.88361566483381,70.28558153038114],[-49.88464130773872,70.28517127979003],[-49.884547639952984,70.28479230796074],[-49.88444948313002,70.2844132470734],[-49.885479519991,70.28399850839365]]],"type":"Polygon"},"id":"0000000000000000011f","properties":{"area":190461.62364131663,"elevation":945.9342492455906,"region":"CW","year":2018},"type":"Feature"},{"geometry":{"coordinates":[[[-50.657211717828346,70.92785703571198],[-50.6565205644886,70.92750037545497],[-50.65524974810664,70.92715701944238],[-50.653974339536596,70.92681810719525],[-50.65276156860116,70.92666647324738],[-50.651548637202325,70.92651489577126],[-50.650331305738725,70.92636329407078],[-50.649176354227436,70.92639892094125],[-50.64801718747641,70.9264345762029],[-50.648712582575484,70.92679580928056],[-50.6482445547668,70.92719261539925],[-50.64720544713785,70.92760731296764],[-50.64731692930047,70.92798638469992],[-50.64801253836428,70.92834755517418],[-50.648703754387256,70.92870870783679],[-50.6488196942686,70.92908327282571],[-50.64945298355378,70.92925719869734],[-50.650670088953426,70.92940882217121],[-50.65188317378103,70.92956040730245],[-50.653100513513344,70.92971206354791],[-50.654313247655885,70.92986364373795],[-50.65535673238608,70.92944891249684],[-50.65640021643876,70.9290297712532],[-50.656284189960886,70.92865080866383],[-50.65616830375749,70.92827618277353],[-50.657211717828346,70.92785703571198]]],"type":"Polygon"},"id":"0000000000000000017d","properties":{"area":95017.2490547471,"elevation":646.8831858407082,"region":"CW","year":2018},"type":"Feature"},{"geometry":{"coordinates":[[[-49.299861412572035,69.8895331067964],[-49.29969646530367,69.8887750146451],[-49.29904976681424,69.88835140716029],[-49.29805097607172,69.88787873188107],[-49.29623616905082,69.88716525873639],[-49.294782374657224,69.88660792868454],[-49.292767114091966,69.88649196870536],[-49.29060430649957,69.88673721048015],[-49.289306717795235,69.88694238917039],[-49.28797343343475,69.88737932521052],[-49.285940063276904,69.88819093407373],[-49.286020469367955,69.88856992263509],[-49.285900013610366,69.88913176129431],[-49.28516862213126,69.88973820056715],[-49.28533364929334,69.89049623293708],[-49.28494565687418,69.8912676782909],[-49.285373811941845,69.8918161163253],[-49.28603361641967,69.89229769606261],[-49.28637704141343,69.89275255130592],[-49.28804906459477,69.89289524021599],[-49.28976598970406,69.89304690432199],[-49.29173683200731,69.89298885615484],[-49.29298548629676,69.8925830994393],[-49.295148068265654,69.89233784451233],[-49.296494739482576,69.8919142688008],[-49.298537155613964,69.89109820693612],[-49.2994780110683,69.89030897828916],[-49.299861412572035,69.8895331067964]]],"type":"Polygon"},"id":"000000000000000000d7","properties":{"area":315572.11876257666,"elevation":1098.1401741138645,"region":"CW","year":2018},"type":"Feature"},{"geometry":{"coordinates":[[[-48.83737670862142,68.36827062859419],[-48.836110398245545,68.36696408008261],[-48.83240487994942,68.36648699238373],[-48.82866804459586,68.36581810512348],[-48.82486461342384,68.36476576894695],[-48.82109667633771,68.36390516001887],[-48.817257310468165,68.36266555711941],[-48.81348494096722,68.36180943657988],[-48.80971714133425,68.36094877633262],[-48.806051729610836,68.36065449043925],[-48.80238621120361,68.36036466426508],[-48.79885446580296,68.36083285116732],[-48.79905975339268,68.36196991764733],[-48.79878315900654,68.36331210346071],[-48.80005408205945,68.36461412251275],[-48.79977769625188,68.36595637225865],[-48.80053129339668,68.36727175210534],[-48.80231040761297,68.3685604338275],[-48.80614976335241,68.36980006699807],[-48.80998897666853,68.37103967002783],[-48.81376139731862,68.37190037822238],[-48.81743129347842,68.37219013423768],[-48.82095843136064,68.37172197603373],[-48.82456122433612,68.37163280599532],[-48.82798600550405,68.3705982686508],[-48.83148194453568,68.3699383526418],[-48.83491088074208,68.36889931276801],[-48.83737670862142,68.36827062859419]]],"type":"Polygon"},"id":"000000000000000001d9","properties":{"area":1262470.994003511,"elevation":1320.1810832111591,"region":"CW","year":2018},"type":"Feature"},{"geometry":{"coordinates":[[[-49.84322968208457,70.93493362672952],[-49.842551856970296,70.93457246259462],[-49.8412944578729,70.93422463214746],[-49.840036918689,70.93387685659246],[-49.839359175575744,70.93351567871396],[-49.84042030973031,70.93310541915999],[-49.84090205043303,70.93270854033045],[-49.83964460628268,70.93236521631593],[-49.83853421806683,70.9325837092592],[-49.83747286831894,70.9329939027716],[-49.83631358121369,70.93302963246873],[-49.836411684554164,70.93340859611254],[-49.83593004801673,70.93380105908035],[-49.83544857477576,70.93419790981365],[-49.83438729278342,70.9346081344517],[-49.83390577248951,70.935000525827],[-49.833424059570795,70.93539743501258],[-49.83236268213468,70.9358076453061],[-49.83130146810159,70.93621790107545],[-49.83139950325886,70.93659686770465],[-49.830918092387556,70.93699375668756],[-49.83217547602346,70.93734155417361],[-49.8333348223485,70.93731037601506],[-49.8344450916079,70.93708736149307],[-49.835604418799406,70.93705616613147],[-49.83676374132557,70.93702496200264],[-49.83792343729266,70.93698928266927],[-49.83898458383715,70.93657909875175],[-49.8400458683226,70.93616884232469],[-49.84110711297689,70.93575857841525],[-49.84216831780147,70.93534830702383],[-49.84322968208457,70.93493362672952]]],"type":"Polygon"},"id":"0000000000000000016b","properties":{"area":122937.00944055844,"elevation":1487.6321865821385,"region":"CW","year":2018},"type":"Feature"},{"geometry":{"coordinates":[[[-49.1853695741368,70.43897461465406],[-49.18528478834592,70.43859113980606],[-49.18467831582845,70.43841725443946],[-49.18350113935876,70.43825671375807],[-49.182413097184714,70.43847073694832],[-49.181360699638915,70.43888094979417],[-49.18022825939199,70.43890772394106],[-49.1803083924858,70.43928670217146],[-49.17926061728153,70.43969694637268],[-49.178774497094494,70.44008936464576],[-49.1788593101649,70.44046839006693],[-49.17837766879681,70.4408607995911],[-49.17845797686132,70.44123983287236],[-49.17854259225126,70.44161880488319],[-49.179189215366854,70.44198451757984],[-49.17984021059164,70.44235455504392],[-49.18044657831347,70.44252852483093],[-49.18149883197495,70.44212271758768],[-49.1826716938235,70.44228328259696],[-49.183197863199524,70.44207814550853],[-49.183683946667095,70.44168571238617],[-49.18303295891407,70.44132008036135],[-49.18238199170021,70.44095444564357],[-49.183434335533235,70.4405486785123],[-49.18334957515091,70.44016520237585],[-49.18326919111772,70.43978617163918],[-49.18431714013323,70.43938034167572],[-49.1853695741368,70.43897461465406]]],"type":"Polygon"},"id":"00000000000000000111","properties":{"area":70122.45050924498,"elevation":1467.509622708576,"region":"CW","year":2018},"type":"Feature"},{"geometry":{"coordinates":[[[-50.14205176453048,70.79220678603208],[-50.14184664202735,70.79144864440707],[-50.13881456719711,70.79096713371027],[-50.13588923931282,70.79086455557893],[-50.1331692406016,70.79151554094913],[-50.13034680783696,70.79179203079602],[-50.12762654776597,70.79244303415139],[-50.124799549511756,70.79271950885195],[-50.12213298894002,70.79355789577913],[-50.11946206523753,70.79440059456927],[-50.11684436019402,70.79543514587616],[-50.11704974035922,70.79618870741254],[-50.11673289279148,70.79715634245393],[-50.11641634127637,70.79811950962849],[-50.11839635420786,70.79901576084059],[-50.120853312819975,70.79951517962078],[-50.123626853871706,70.79905142898276],[-50.12336828556912,70.79810168006833],[-50.12368473957198,70.79713854978127],[-50.12228002532739,70.79622886061931],[-50.1248975819433,70.79519433313355],[-50.12751515391938,70.79416426690655],[-50.13028430196753,70.79370057282681],[-50.13331636501056,70.79418208368803],[-50.13613913756362,70.79391011227783],[-50.138966162634,70.79363366317548],[-50.14173520348203,70.79316993037882],[-50.14205176453048,70.79220678603208]]],"type":"Polygon"},"id":"00000000000000000169","properties":{"area":312070.87011832907,"elevation":1143.6576731966425,"region":"CW","year":2018},"type":"Feature"},{"geometry":{"coordinates":[[[-48.73751521573291,68.31469448202691],[-48.73594118450687,68.31453849007788],[-48.73430455085548,68.31400781251314],[-48.732663696292,68.31347717510695],[-48.73102724189202,68.31294208396905],[-48.72938635764186,68.31241147234995],[-48.72784776140956,68.31244713448598],[-48.72624255573167,68.31210822295354],[-48.72470414880299,68.31214390371213],[-48.72316591517264,68.31217962122669],[-48.72159173400727,68.31202796792007],[-48.720022215724235,68.31187634627588],[-48.718417025666696,68.31153303102012],[-48.71687846917784,68.3115686868422],[-48.71530437164703,68.31141707896944],[-48.71383306329991,68.31183178972935],[-48.71386855515495,68.31202353011912],[-48.715505134467435,68.31255414084991],[-48.71611593579666,68.31311151239878],[-48.71768997952674,68.31326317541084],[-48.7193266816586,68.31379823578996],[-48.72086935948969,68.31375812747265],[-48.722474557738394,68.31410147967055],[-48.724044224752625,68.31425307429416],[-48.72561834472275,68.31440913995503],[-48.72718788251307,68.31456076211015],[-48.72869512559712,68.31433337447586],[-48.73030029207658,68.3146766988163],[-48.73190567944383,68.31502005878876],[-48.73344410666271,68.31497986684761],[-48.73504938861246,68.31532325374879],[-48.73655643323054,68.31509584209523],[-48.73751521573291,68.31469448202691]]],"type":"Polygon"},"id":"000000000000000001ca","properties":{"area":181528.78834461875,"elevation":1350.659453436547,"region":"CW","year":2018},"type":"Feature"},{"geometry":{"coordinates":[[[-49.61872277455687,68.62364774294082],[-49.61842841796706,68.6223190114308],[-49.61358136131788,68.6216991460876],[-49.60869417971717,68.62088762893836],[-49.603932062988974,68.62064682876638],[-49.59933454348136,68.62116410988295],[-49.594866598330015,68.6222520779952],[-49.59014432431202,68.62219856153897],[-49.58555164641834,68.62271585015115],[-49.580829321257085,68.62266236744767],[-49.57615172936356,68.62279609247703],[-49.57392216042196,68.62457976749724],[-49.574296784068636,68.62628758861318],[-49.576753595181465,68.6279330042445],[-49.577649834374604,68.62962745970393],[-49.58114586953335,68.63124164104256],[-49.58507892442712,68.63246341346242],[-49.589716278651565,68.63213795600629],[-49.59448320172926,68.63237869786776],[-49.59895550275731,68.6312951442026],[-49.603423647462364,68.63020712999044],[-49.60793615401722,68.62931084269682],[-49.61274317704198,68.629743379152],[-49.6172556320528,68.62884712745854],[-49.617920159540006,68.62710810900505],[-49.618580006639675,68.62537345264164],[-49.61872277455687,68.62364774294082]]],"type":"Polygon"},"id":"00000000000000000036","properties":{"area":1786481.0480158692,"elevation":940.3086615926472,"region":"CW","year":2018},"type":"Feature"},{"geometry":{"coordinates":[[[-49.24072939556127,69.46084847228508],[-49.23960996832618,69.46068791549595],[-49.23853081150954,69.46071471094933],[-49.23744738263437,69.46074589321157],[-49.236328167814094,69.46058536449644],[-49.2352490084555,69.46061213518537],[-49.2342101178392,69.46083064475776],[-49.23320672726601,69.46123641169073],[-49.23212753202578,69.46126315872313],[-49.23220780961232,69.46164221551633],[-49.23228813834107,69.46202565746835],[-49.23236842140027,69.46240471455991],[-49.232988149497174,69.4627703445472],[-49.23306844639703,69.4631494016575],[-49.234227970887964,69.46349720152277],[-49.23430817006716,69.4638807076878],[-49.23538723921607,69.46384950588192],[-49.236551027492645,69.46420172690985],[-49.237630175809514,69.46417501117669],[-49.23870925029061,69.46414378433074],[-49.239208657418914,69.4639431435476],[-49.23912843011462,69.46356402482529],[-49.23796895654429,69.46321181506019],[-49.238428399068944,69.46281941987799],[-49.23834801961968,69.46244036562156],[-49.23935131828851,69.46203017684267],[-49.23927128558308,69.46165111277958],[-49.24026990909617,69.46124532346663],[-49.24072939556127,69.46084847228508]]],"type":"Polygon"},"id":"00000000000000000084","properties":{"area":90445.66172320626,"elevation":1107.0005928619419,"region":"CW","year":2018},"type":"Feature"},{"geometry":{"coordinates":[[[-48.991180081844206,68.67922152620585],[-48.99006540594172,68.67886930113696],[-48.989472164430964,68.67850366461391],[-48.988874756510164,68.67813802880555],[-48.98880328569482,68.67775897742378],[-48.9876886884828,68.6774022373354],[-48.986645227633396,68.6774290477526],[-48.98560174478537,68.67745573246128],[-48.98459398880245,68.67767430223236],[-48.98362188295868,68.67808002516777],[-48.982654294381796,68.67848584647894],[-48.98161094221054,68.67851255479557],[-48.98063877186461,68.67891837490534],[-48.9796667335078,68.67932412444155],[-48.980259857130676,68.67968980318898],[-48.98085736287815,68.68005991030091],[-48.980407085575855,68.68045228359851],[-48.98152170698857,68.68080458743383],[-48.98264105418756,68.68115680589962],[-48.98368433145613,68.68113003618849],[-48.984799208952566,68.68148236820495],[-48.985913768705515,68.68183908105121],[-48.986997500954466,68.6819996065855],[-48.98807654984056,68.68216458005519],[-48.9891556118819,68.6823295452016],[-48.98908428741453,68.68194604749118],[-48.99005191651757,68.68154029636848],[-48.991024044753985,68.6811345255943],[-48.990952714429966,68.68075552686338],[-48.990877019573084,68.68037647750465],[-48.99080551107428,68.67999742539104],[-48.990734187846606,68.6796184273996],[-48.991180081844206,68.67922152620585]]],"type":"Polygon"},"id":"00000000000000000232","properties":{"area":165982.2422394724,"elevation":1212.3935071640633,"region":"CW","year":2018},"type":"Feature"},{"geometry":{"coordinates":[[[-48.35703794104371,68.86129558158135],[-48.35564679759172,68.85922658896693],[-48.35372931674327,68.85716641559145],[-48.35180751011135,68.85511083239646],[-48.34679085096364,68.85350107482506],[-48.340940701651405,68.85324244027889],[-48.33529994463857,68.85431262650255],[-48.3296324037581,68.85519552032262],[-48.32389800977631,68.85569941828295],[-48.31826159851349,68.85676960565551],[-48.312620843307286,68.85783977506367],[-48.30710051176618,68.85967244765858],[-48.30151780980326,68.86112613593654],[-48.300211189434066,68.86286962119638],[-48.30001952738045,68.86496990110155],[-48.302463084403044,68.8670210659586],[-48.306485046718684,68.86903213722621],[-48.31255399584471,68.8706240457053],[-48.318444584322734,68.87107438658684],[-48.32427249901198,68.87114123962121],[-48.33003825363792,68.87082914789856],[-48.33577257918534,68.8703297487033],[-48.34135536900546,68.86887607797298],[-48.34588139056376,68.8674446872857],[-48.351334683786405,68.8652285247429],[-48.35685073585549,68.86339583835706],[-48.35703794104371,68.86129558158135]]],"type":"Polygon"},"id":"00000000000000000045","properties":{"area":3291752.5120720407,"elevation":1359.7606917542341,"region":"CW","year":2018},"type":"Feature"},{"geometry":{"coordinates":[[[-49.1287880976398,69.7777879962679],[-49.126433554515714,69.77708342186891],[-49.12415491571924,69.77675793999165],[-49.12180499899236,69.77605340376478],[-49.11945067040907,69.77534890084979],[-49.118193255436694,69.77461760611158],[-49.11913391753493,69.77382832906308],[-49.11787659404898,69.77309703304638],[-49.118268924103596,69.77232564450536],[-49.12030685174681,69.77150957672343],[-49.12234009055861,69.77069355093447],[-49.124498393915566,69.77044831711329],[-49.126103493455425,69.77022092921221],[-49.12382933996142,69.76989539708163],[-49.121675644564654,69.77014066853174],[-49.11944182393505,69.77000239825193],[-49.11736387417732,69.77062667061965],[-49.11524558826723,69.77106369893393],[-49.11532591446142,69.77144269622168],[-49.114384993237046,69.77222750617013],[-49.1145456799611,69.77299000717431],[-49.114701781540994,69.77374807430863],[-49.11541065819923,69.77449276801356],[-49.11611523376509,69.7752418516122],[-49.11682419999677,69.77598653987116],[-49.1180772725922,69.77671785375092],[-49.12035581688834,69.77704331275112],[-49.12267004557201,69.77756058918227],[-49.12490400464963,69.77769438345192],[-49.12717819516656,69.77801992483707],[-49.1287880976398,69.7777879962679]]],"type":"Polygon"},"id":"000000000000000000bc","properties":{"area":157711.7819997044,"elevation":1222.350863476441,"region":"CW","year":2018},"type":"Feature"},{"geometry":{"coordinates":[[[-49.18626572042148,70.23977317871338],[-49.18614547678973,70.2392068902108],[-49.18545862995478,70.23864948716957],[-49.18477652039647,70.2380965154636],[-49.18409402717431,70.23753916315701],[-49.183407520712485,70.23698619360196],[-49.182725288740954,70.23642888940282],[-49.182604888613305,70.23585803954991],[-49.18247992573153,70.23529176815411],[-49.18235509805639,70.2347210443667],[-49.18223471734375,70.23415019490531],[-49.18323369420204,70.23355717884446],[-49.183670608252044,70.23297302723225],[-49.18246661946019,70.23262074783862],[-49.18250670158668,70.23281251489419],[-49.182069889330535,70.23339221041053],[-49.18107095533837,70.23398972477212],[-49.18119574701532,70.23456044924393],[-49.18075874118891,70.2351445938276],[-49.180879025063035,70.23571093844807],[-49.18100401845014,70.23628171750758],[-49.1811244895804,70.23684799812808],[-49.180687440898694,70.23743214319951],[-49.180812244708285,70.23800286929021],[-49.18149462961856,70.23855584836667],[-49.182176722744686,70.23911322336642],[-49.18230170215736,70.23967949645403],[-49.18298384814168,70.24023686833077],[-49.184187873374974,70.24058915718453],[-49.1852714624572,70.24037070484985],[-49.18626572042148,70.23977317871338]]],"type":"Polygon"},"id":"00000000000000000101","properties":{"area":79170.50863947578,"elevation":1413.7565237122758,"region":"CW","year":2018},"type":"Feature"},{"geometry":{"coordinates":[[[-50.391855091820226,68.40404600115119],[-50.3905842506588,68.4031319177149],[-50.389313398358276,68.40222221507557],[-50.390610993551455,68.40122339888411],[-50.39139577827126,68.40023789494136],[-50.39012954468696,68.399328264456],[-50.3893713140017,68.39840075810191],[-50.38656222468293,68.39754463040052],[-50.38374858148864,68.39668401210248],[-50.383507679700685,68.39573868419453],[-50.38145206398428,68.39581006110512],[-50.37912444974647,68.39684452672378],[-50.37660491544769,68.39712549408023],[-50.37665390393167,68.39731275010612],[-50.37483915871325,68.39833391501341],[-50.37456716335957,68.39929708163366],[-50.374807932153495,68.40024236536608],[-50.37607884349793,68.4011520512212],[-50.37631960929631,68.40210184429962],[-50.37862049205945,68.40297579805525],[-50.380404024122335,68.40386762924986],[-50.38167039672954,68.40478173479919],[-50.384435113126145,68.40544611724306],[-50.387003546514094,68.40535697852421],[-50.38967008084643,68.40564680984349],[-50.39158317259734,68.40500917787055],[-50.391855091820226,68.40404600115119]]],"type":"Polygon"},"id":"000000000000000002a0","properties":{"area":525381.8080803937,"elevation":594.9441604404249,"region":"CW","year":2018},"type":"Feature"},{"geometry":{"coordinates":[[[-49.975473178016735,70.30181261067301],[-49.97527709632149,70.30105459501733],[-49.974567919769086,70.30050169217535],[-49.97246771608701,70.30113486252338],[-49.97012214286509,70.30082271516257],[-49.967874739114635,70.3008895960059],[-49.965627514559856,70.30095649560769],[-49.963330968717194,70.30083163947903],[-49.961083552649285,70.30089853561383],[-49.959032580602496,70.30171900707745],[-49.9569766391488,70.30254394703209],[-49.95492558642939,70.30336886776088],[-49.95502367580491,70.30374787567935],[-49.954091860917345,70.30453713264849],[-49.954849736608665,70.30528180476854],[-49.955046133107395,70.3060398743867],[-49.955242172985784,70.30679795653538],[-49.95655775606756,70.30752026619642],[-49.958907566526,70.307836842103],[-49.96105689096374,70.30739093586507],[-49.963255271797344,70.30713678604678],[-49.96474466284353,70.30632970509936],[-49.96342922842315,70.3056028835507],[-49.96379479671209,70.30482703169447],[-49.96584603541038,70.30400209277438],[-49.966773513413926,70.30321283230661],[-49.968829166357466,70.30238787342157],[-49.970880198756475,70.30156291734446],[-49.97317686412633,70.301687775443],[-49.975473178016735,70.30181261067301]]],"type":"Polygon"},"id":"0000000000000000013a","properties":{"area":300847.93283014925,"elevation":883.0001556140774,"region":"CW","year":2018},"type":"Feature"},{"geometry":{"coordinates":[[[-50.318079298352096,71.81167759066498],[-50.31719191182558,71.81075019426413],[-50.316246642132164,71.80963093049856],[-50.31651411489091,71.80847601998298],[-50.31557318872998,71.8073567893598],[-50.31462776523908,71.80623752764447],[-50.31428897839925,71.80510489316889],[-50.31031596701834,71.80407483983544],[-50.308764229083295,71.80297347932343],[-50.30842530681692,71.80183639125701],[-50.30809102018239,71.80069932706989],[-50.30714571407974,71.79958009781836],[-50.307413082243364,71.79842961033972],[-50.30586571812805,71.79732827161806],[-50.3024011487751,71.79800156600362],[-50.30201768156245,71.79877301056756],[-50.30053716142839,71.79996361658445],[-50.302088841484746,71.80106497748002],[-50.30424265418679,71.80214856756959],[-50.30458154395976,71.80328559779967],[-50.307341725804065,71.80435137345508],[-50.310101964976816,71.80541704969303],[-50.31044093259067,71.80654967868108],[-50.310779652368005,71.80768677279016],[-50.31172512904213,71.80880598994757],[-50.312059359639825,71.80994305481758],[-50.314217588539535,71.81102658832891],[-50.318079298352096,71.81167759066498]]],"type":"Polygon"},"id":"0000000000000000019e","properties":{"area":260403.66906220187,"elevation":1380.0896441892626,"region":"CW","year":2018},"type":"Feature"},{"geometry":{"coordinates":[[[-49.832737327841855,70.28341435073658],[-49.83034739634162,70.2829105028801],[-49.827587045014035,70.28317803022739],[-49.824639594647124,70.28269206324768],[-49.821830377658586,70.2827678655422],[-49.818931895997025,70.2824690695088],[-49.81602921013664,70.28217029706852],[-49.81326897754053,70.28244230039574],[-49.81045976022903,70.28252257710734],[-49.80784224842209,70.2833564478161],[-49.80803378178103,70.28411894895953],[-49.807708498118,70.28508208282018],[-49.80794468783435,70.2860274339477],[-49.807619203898206,70.28699063357027],[-49.80841282600402,70.28792255186825],[-49.80864924303599,70.28887229211165],[-49.810009227103784,70.28978644282047],[-49.812912214653394,70.29008963231117],[-49.81567671943016,70.2898176475535],[-49.81721964072234,70.28920225228539],[-49.819788098404686,70.28817221847258],[-49.82245458679379,70.28752565527554],[-49.825027476711135,70.28649560915488],[-49.82759585717292,70.28547005169138],[-49.83016884653977,70.28443995681486],[-49.832737327841855,70.28341435073658]]],"type":"Polygon"},"id":"00000000000000000121","properties":{"area":431592.3728119973,"elevation":973.8327199408928,"region":"CW","year":2018},"type":"Feature"},{"geometry":{"coordinates":[[[-49.33090569223349,69.25938632736025],[-49.329715162616644,69.2588467314877],[-49.32745420857393,69.25833392403243],[-49.32523360413784,69.25801287979426],[-49.32305321130036,69.25787909847544],[-49.32091270774998,69.25793709420995],[-49.31877682593999,69.25799503416157],[-49.31659647684773,69.2578612715465],[-49.3144559664106,69.25791928759661],[-49.31227563836107,69.257785458639],[-49.31030013656042,69.25860147458386],[-49.31099580152232,69.25934617103914],[-49.312226438145395,69.26007747875198],[-49.313457065752466,69.26080427510853],[-49.31468784851964,69.26153556356371],[-49.31591853735948,69.26226690676971],[-49.317684558181895,69.26298032102667],[-49.319369980229816,69.26331474177243],[-49.321550305709955,69.26344854000212],[-49.32369093536931,69.26339054695161],[-49.32587146990208,69.2635243323572],[-49.327971648909944,69.26327465694843],[-49.329946835767885,69.26246307241557],[-49.32978635555995,69.26170504226025],[-49.33016091688802,69.26092911059094],[-49.3294608725904,69.26018444164671],[-49.33090569223349,69.25938632736025]]],"type":"Polygon"},"id":"0000000000000000006a","properties":{"area":391325.19971705414,"elevation":708.2639447270851,"region":"CW","year":2018},"type":"Feature"},{"geometry":{"coordinates":[[[-49.74652957325289,69.86991744956632],[-49.74621754215688,69.86976587850171],[-49.74587407104158,69.86948945640776],[-49.74524523211377,69.86919068194729],[-49.74414401717754,69.86922185445599],[-49.74350618087187,69.8692709156252],[-49.74291330267504,69.8694493081913],[-49.74217744994133,69.86946708797241],[-49.74113399075326,69.86933782730739],[-49.74083983671484,69.86931551673932],[-49.739782872555345,69.8695384479237],[-49.73877072952181,69.86994875294562],[-49.7377585268927,69.87035893302594],[-49.73751332605496,69.87039460158482],[-49.7372544369497,69.87056407297355],[-49.737343860655805,69.87094311816519],[-49.737437483852936,69.87132208568757],[-49.73697815455788,69.87171894097949],[-49.737067215076785,69.87209799863633],[-49.73716103292818,69.87247701976361],[-49.73826239340217,69.87244578264999],[-49.73945743543982,69.87279362203498],[-49.740558804879804,69.87276236761478],[-49.74161551633265,69.8725438945513],[-49.742717062467804,69.87251267678869],[-49.74300672033115,69.87252605180564],[-49.74362665033021,69.87248589063331],[-49.744326747148165,69.87227194054957],[-49.74478593662439,69.87187951338662],[-49.745245327616225,69.87148268591781],[-49.74479924066477,69.87117495868361],[-49.74484390688652,69.87095200573302],[-49.74506256422746,69.87072460502931],[-49.74607025751841,69.87031439864316],[-49.74652957325289,69.86991744956632]]],"type":"Polygon"},"id":"000000000000000000ee","properties":{"area":106328.08636464784,"elevation":715.5697713859306,"region":"CW","year":2018},"type":"Feature"},{"geometry":{"coordinates":[[[-49.89647588019791,68.71205839193267],[-49.89586479561127,68.71169723863315],[-49.89477684105946,68.71153664468922],[-49.8937288738368,68.7115723800563],[-49.89277456282735,68.71198257614782],[-49.891775926863225,68.71220552992652],[-49.89068782811916,68.71204953126487],[-49.88964452628872,68.71208068323436],[-49.88860105868666,68.71211189234461],[-49.88764665576406,68.71252661555872],[-49.88669238711786,68.71293682252427],[-49.885738271227034,68.71334707578143],[-49.885827483976065,68.71372608983988],[-49.88591669965391,68.71410510412288],[-49.88648291827446,68.71427902403674],[-49.8875709318761,68.71443512174085],[-49.888703574633396,68.71478288118675],[-49.88974680666332,68.71475168397879],[-49.890790381663436,68.71472046657259],[-49.89188280617062,68.71487655320541],[-49.89283705664185,68.71446630891568],[-49.89379127854191,68.71405161337158],[-49.89474564945955,68.71364140896081],[-49.8946564644788,68.71326233507723],[-49.89561079055951,68.71285212510747],[-49.89552143723078,68.71246867248068],[-49.89647588019791,68.71205839193267]]],"type":"Polygon"},"id":"00000000000000000018","properties":{"area":101967.05239504065,"elevation":776.123771067416,"region":"CW","year":2018},"type":"Feature"},{"geometry":{"coordinates":[[[-48.58329276515489,69.60454743043465],[-48.58325707571853,69.60435574046585],[-48.58267750523862,69.60418184301379],[-48.58210216940885,69.60400351339307],[-48.58152247807488,69.60382505355689],[-48.58094281275236,69.6036467094852],[-48.58036315581876,69.60346836314307],[-48.57981916718762,69.60348170502715],[-48.579275247630946,69.60349065954749],[-48.57873108584542,69.60350406083298],[-48.5781869757277,69.60351295671916],[-48.57764317305262,69.60352634488765],[-48.577099008811054,69.6035397399955],[-48.57655489654433,69.6035486297054],[-48.57601109141562,69.60356201170033],[-48.57546257853251,69.60357539050297],[-48.57491865326646,69.60358432854248],[-48.57437448496262,69.60359771333766],[-48.573866171318166,69.60379833915236],[-48.57335344930255,69.60400345633707],[-48.572809512592826,69.604012386374],[-48.57226533245188,69.60402576316395],[-48.57175247340024,69.60422643481179],[-48.571244312679916,69.60442710592513],[-48.570731553824835,69.6046322138029],[-48.57076702624543,69.60481946678632],[-48.571346820919096,69.60499778843645],[-48.57192645239887,69.60517617132486],[-48.57250174575144,69.60535454172509],[-48.57304578422249,69.60534122762725],[-48.57355865547435,69.60514055114912],[-48.57410261716198,69.60513161834919],[-48.574646459803986,69.60511824366021],[-48.57519066233455,69.60510485792238],[-48.5757346218708,69.60509591894862],[-48.57628299768336,69.60508260271081],[-48.57682700858747,69.60506915625851],[-48.57737115513664,69.60506026561374],[-48.57795071108826,69.60523418456305],[-48.578494671287906,69.60522523515989],[-48.5790387008002,69.60521189838533],[-48.579582659598564,69.60520294486646],[-48.580126687510244,69.60518960397513],[-48.580670886131884,69.60517619750489],[-48.58118351524974,69.60497555719428],[-48.581691960787076,69.60477484161544],[-48.58223597686382,69.60476149272095],[-48.582779992089804,69.6047481417679],[-48.58329276515489,69.60454743043465]]],"type":"Polygon"},"id":"0000000000000000006e","properties":{"area":71356.62759067352,"elevation":1453.312671420734,"region":"CW","year":2018},"type":"Feature"},{"geometry":{"coordinates":[[[-48.99360128713154,68.90781293433857],[-48.99021259960209,68.90675168153867],[-48.9864488923604,68.90646629288595],[-48.98282828868447,68.90693897404316],[-48.97924761404411,68.907598863869],[-48.975591241163706,68.90788427738015],[-48.97208169329447,68.90892327685285],[-48.96864376742194,68.91034567630385],[-48.968336046481156,68.91150061008689],[-48.9685946367891,68.91282942351228],[-48.966739857033616,68.91421176087256],[-48.96699400259344,68.91554503061897],[-48.966721906991175,68.91688716396386],[-48.968033041641306,68.91818926877517],[-48.967765218712756,68.91953590740063],[-48.971568983245724,68.92001308183394],[-48.973004757870385,68.91921037301569],[-48.97380315205898,68.91785482614888],[-48.97354879646844,68.9165259972636],[-48.97329024677978,68.91519717338849],[-48.973562136668384,68.9138505845826],[-48.97436050242436,68.91249498239479],[-48.97779839471141,68.91107255453964],[-48.981231845538964,68.909650100515],[-48.98481695891328,68.90898565652977],[-48.988250436995116,68.90756324802179],[-48.99208977806501,68.90823209187778],[-48.99360128713154,68.90781293433857]]],"type":"Polygon"},"id":"00000000000000000288","properties":{"area":486058.1914617662,"elevation":1125.8051599251232,"region":"CW","year":2018},"type":"Feature"},{"geometry":{"coordinates":[[[-49.60151517843593,68.56936714982581],[-49.59751074507176,68.567770816007],[-49.59558003890661,68.56610758318885],[-49.59727896199016,68.56434170399564],[-49.599495262784394,68.56255810764635],[-49.59808163494296,68.5608814560817],[-49.59615074823135,68.559218279576],[-49.594219876091216,68.55755947275114],[-49.59177203408233,68.55591404763945],[-49.5929537275005,68.55416164500357],[-49.58924376415734,68.5538851488326],[-49.58702749563834,68.55566878442039],[-49.5832550786369,68.55749702257934],[-49.578715633431436,68.55820601005871],[-49.5754606704897,68.56001644420127],[-49.57479624101374,68.561755446145],[-49.576205234120835,68.56343208418762],[-49.57969220601252,68.56504627478411],[-49.581618478900126,68.56670953767194],[-49.580958542615285,68.56844412956441],[-49.58029429640161,68.5701831881324],[-49.58118604841193,68.571873121575],[-49.58585485337025,68.57173941078229],[-49.59072856739316,68.57255101236],[-49.595272507796494,68.57184195417436],[-49.59981615634026,68.57113742454641],[-49.60151517843593,68.56936714982581]]],"type":"Polygon"},"id":"0000000000000000025c","properties":{"area":1385928.8601320165,"elevation":964.6190778374533,"region":"CW","year":2018},"type":"Feature"},{"geometry":{"coordinates":[[[-49.50113635714432,69.02226024752689],[-49.49937947107272,69.02154231494703],[-49.49611538300096,69.02125243110287],[-49.49272638644171,69.02039185891458],[-49.48962721504875,69.02086007354315],[-49.486612883150705,69.02171173636886],[-49.48359859620019,69.02255894118014],[-49.4817258790728,69.02375851335454],[-49.478796206146804,69.02498919065181],[-49.4756168040913,69.02507837469123],[-49.47259803622993,69.02592563959485],[-49.472682784761915,69.02630904905199],[-49.4734630714943,69.02743282282177],[-49.47371285837399,69.02856980592772],[-49.47608053822953,69.02965342280545],[-49.47898349748007,69.03071912658879],[-49.480780500280545,69.03162436739177],[-49.483348984648345,69.03116946799597],[-49.48575248343728,69.02995217130164],[-49.48823598386156,69.02911833140138],[-49.490639495841336,69.027905442059],[-49.49360934216688,69.02686645449924],[-49.495771909029145,69.02699575607559],[-49.49764473530827,69.02579626584661],[-49.49845624165009,69.02462799391286],[-49.50032470267321,69.02342854263559],[-49.50113635714432,69.02226024752689]]],"type":"Polygon"},"id":"00000000000000000051","properties":{"area":756750.9942324052,"elevation":672.0767235881817,"region":"CW","year":2018},"type":"Feature"},{"geometry":{"coordinates":[[[-49.91717482371752,70.04448681318007],[-49.915368936068816,70.0439650982315],[-49.913197445958225,70.04421927215424],[-49.91098118322669,70.0442862250702],[-49.908765063954355,70.04434862666368],[-49.90649537512748,70.04422374629935],[-49.904372890488645,70.04466963824281],[-49.90225014943829,70.04511556445986],[-49.90012768165798,70.04555699480792],[-49.8980051610027,70.04600296499179],[-49.89597640814918,70.04682343210703],[-49.89394750968521,70.04764387115095],[-49.895708764628075,70.04797835548156],[-49.898116559244926,70.04866948343535],[-49.90052468599657,70.04936062575328],[-49.90283879942345,70.04967726992125],[-49.90501034430013,70.04942309211677],[-49.907324870500105,70.04973520092219],[-49.90939821512801,70.04910200051684],[-49.91152081965413,70.04865610088791],[-49.91359876001,70.04802291665895],[-49.91572118815503,70.04758140877891],[-49.91663979317342,70.04679223324499],[-49.915895144874874,70.04604754484417],[-49.91625634924287,70.04527610900979],[-49.91717482371752,70.04448681318007]]],"type":"Polygon"},"id":"00000000000000000128","properties":{"area":365089.145554701,"elevation":498.9941889521498,"region":"CW","year":2018},"type":"Feature"},{"geometry":{"coordinates":[[[-50.62973037684235,71.79527706428617],[-50.625560976933826,71.79368515438195],[-50.61957695418324,71.79215121206099],[-50.61359723414705,71.79061282363045],[-50.60882598001937,71.78904324477105],[-50.610707788528146,71.78726407302211],[-50.60775582927377,71.78563647845581],[-50.60722080057965,71.7839331231992],[-50.60559319314031,71.78264448228174],[-50.60014875149169,71.78280941095733],[-50.596996087496635,71.78443700479242],[-50.59692459907176,71.78615822201566],[-50.60108511688949,71.78775010566393],[-50.60162016543822,71.78945346139348],[-50.59840505378165,71.7908893436045],[-50.599546672765484,71.79257483757502],[-50.60189663775073,71.79422030148214],[-50.60242734408386,71.79592363116171],[-50.60417523653574,71.79759136954831],[-50.60652511398128,71.79923673992194],[-50.60766668827122,71.80092233089252],[-50.61365068672581,71.80246070064109],[-50.619282643617375,71.80285757726855],[-50.62461126612459,71.80231353004048],[-50.62468269644094,71.80059229217808],[-50.625962494465064,71.79883096925363],[-50.628450523879295,71.79703398432477],[-50.62973037684235,71.79527706428617]]],"type":"Polygon"},"id":"000000000000000001aa","properties":{"area":1285883.1782085083,"elevation":1065.44397306529,"region":"CW","year":2018},"type":"Feature"},{"geometry":{"coordinates":[[[-50.33245981978347,71.82501035229556],[-50.33174191463932,71.8246491627893],[-50.33052897940597,71.82468483558434],[-50.329311649460095,71.82472052680502],[-50.328156675004756,71.82494346655649],[-50.327055362916994,71.82535816436646],[-50.325958609022855,71.8257728791673],[-50.326070034372165,71.82615187941607],[-50.325575056225624,71.82654878091537],[-50.325084632619706,71.82694558768684],[-50.32519604963482,71.82732458819264],[-50.324094768016174,71.82773931662476],[-50.3235996039382,71.82813175798148],[-50.3237156046024,71.82851078401534],[-50.32322071190689,71.82890761166637],[-50.32333210787185,71.82928661284988],[-50.32344811106698,71.82966563877721],[-50.324165842495184,71.83002681182722],[-50.32537888830178,71.82999113612718],[-50.326538160614035,71.82976820406385],[-50.327033008843244,71.82937136627257],[-50.32631065090788,71.82901018091893],[-50.326805670019944,71.82861327801642],[-50.326689826996024,71.82823430633806],[-50.32597190375797,71.82787309184152],[-50.32707336615909,71.82745840280077],[-50.32817478463748,71.82704370592019],[-50.32927167052838,71.82663342979001],[-50.33037300148465,71.82621871726448],[-50.33026149964863,71.82583971969835],[-50.33135838062285,71.82542502756397],[-50.33245981978347,71.82501035229556]]],"type":"Polygon"},"id":"00000000000000000199","properties":{"area":70367.25652798504,"elevation":1393.9120323042316,"region":"CW","year":2018},"type":"Feature"},{"geometry":{"coordinates":[[[-48.89204980825621,69.92873753027132],[-48.89197410693028,69.92835849843884],[-48.89186687693169,69.92814890394335],[-48.89132284357258,69.92787688782519],[-48.89126957074213,69.92761380226516],[-48.89119352067458,69.9272347802376],[-48.891122243249896,69.92685574933826],[-48.89098858868259,69.9265258106898],[-48.8903597960477,69.92615563790369],[-48.88982924355553,69.92593275734394],[-48.88924069641375,69.925754344024],[-48.88813468617101,69.92578111114638],[-48.88817488979439,69.9259728755915],[-48.88824628988549,69.92635184355373],[-48.888183904583016,69.92640093447993],[-48.88776917639755,69.92673983358625],[-48.8878449851354,69.92712330798624],[-48.88788940135288,69.92733730888548],[-48.88730544775238,69.92756477454051],[-48.88737666657955,69.9279438073417],[-48.88745247347363,69.92832728235305],[-48.887528275306494,69.92870625236719],[-48.88764869252127,69.92892035784709],[-48.888259693206194,69.92920571500584],[-48.88833533823358,69.92958474885695],[-48.888861560007555,69.929821032209],[-48.88949042149315,69.93018670781385],[-48.8906719642405,69.9305434790009],[-48.89118915042325,69.93033829642899],[-48.8911134568909,69.92995926363419],[-48.89103759298111,69.92958029484316],[-48.89109557793188,69.92952230959646],[-48.89151470971769,69.92918340099055],[-48.89199181898801,69.92879101076859],[-48.89204980825621,69.92873753027132]]],"type":"Polygon"},"id":"000000000000000000c1","properties":{"area":63834.1642829676,"elevation":1354.3338206353665,"region":"CW","year":2018},"type":"Feature"},{"geometry":{"coordinates":[[[-48.77025380706501,68.81689186927838],[-48.768541587240115,68.81616950784449],[-48.76735102289032,68.81543370287379],[-48.76668664570656,68.81468457992099],[-48.76444824277052,68.81397560824236],[-48.76326212706791,68.81323989376655],[-48.76213839300804,68.81288317423166],[-48.75997131552141,68.81255313574539],[-48.75783532916678,68.8124149063505],[-48.75563245124475,68.8118932090344],[-48.75349672093439,68.811754967571],[-48.75146328153567,68.8121830360755],[-48.75153031314644,68.81256652746202],[-48.74956818924636,68.81337362067879],[-48.748654083224785,68.81415840182079],[-48.74931842841415,68.81490753519245],[-48.74945671890133,68.81566564976214],[-48.750121129430376,68.81641478156897],[-48.75183352236953,68.81713711382622],[-48.75302387520446,68.81787287116173],[-48.75526247735836,68.8185818504652],[-48.757362662847164,68.81853280046548],[-48.75939599081215,68.81810471528512],[-48.76146069011554,68.81786393643101],[-48.76356536612059,68.81781490490076],[-48.76562982774118,68.81757412767396],[-48.76773466750378,68.81752058885436],[-48.769870428279994,68.81766330415084],[-48.77025380706501,68.81689186927838]]],"type":"Polygon"},"id":"0000000000000000027d","properties":{"area":430273.5260257817,"elevation":1246.5435280403017,"region":"CW","year":2018},"type":"Feature"},{"geometry":{"coordinates":[[[-50.594044234116375,70.9803362242333],[-50.591497921745955,70.97965399199191],[-50.59185022672329,70.97887803878034],[-50.59336637277128,70.97806655793295],[-50.5909272939306,70.97776332907343],[-50.58838098402257,70.97708106099807],[-50.58699421591658,70.9763587354729],[-50.584617585438835,70.9762427214875],[-50.58229430215081,70.97631859128343],[-50.57997122596764,70.97638995740266],[-50.57765249907419,70.97646570790161],[-50.57555661728818,70.97729513828946],[-50.57636374712119,70.97803532121664],[-50.57775052566133,70.9787532728679],[-50.57623892840772,70.97956922455896],[-50.575302639184926,70.98036297807117],[-50.57379089635418,70.9811745021769],[-50.57575721583221,70.98187460877264],[-50.57714416644962,70.98259696953096],[-50.578941202862225,70.98273077671467],[-50.58137583522898,70.98303395863262],[-50.58369903775809,70.98296265425984],[-50.58608004236122,70.9830740917573],[-50.58822948792625,70.98243203474581],[-50.59043658668283,70.98198164585966],[-50.59270202857083,70.98171855820615],[-50.593691780617185,70.98111213075047],[-50.594044234116375,70.9803362242333]]],"type":"Polygon"},"id":"00000000000000000179","properties":{"area":404836.5255935885,"elevation":873.75875266769,"region":"CW","year":2018},"type":"Feature"},{"geometry":{"coordinates":[[[-49.68313011758191,68.53525949509861],[-49.68308984009137,68.5350677527672],[-49.683045406850376,68.53487603455396],[-49.68300508869297,68.53468873544391],[-49.68244333706144,68.53451481110736],[-49.681885932411845,68.53434091349372],[-49.681364155863484,68.53435429592531],[-49.680847020119444,68.53437213660993],[-49.680329742660575,68.53438547931397],[-49.679812443590066,68.53440338084862],[-49.679255057968014,68.53422947268811],[-49.67869334025368,68.5340555333354],[-49.6781759055482,68.53406893269091],[-49.67765877155431,68.53408676137649],[-49.6770969057275,68.53391288035468],[-49.676539548158026,68.53373896147731],[-49.676022278921145,68.53375228798821],[-49.67550064783613,68.53377014419374],[-49.674983215444044,68.53378353153137],[-49.674510676037244,68.53398867835023],[-49.67399319443222,68.5340065050176],[-49.67347610005761,68.53401987486905],[-49.6735163027826,68.53421161927989],[-49.67356070626774,68.53439889691164],[-49.67308380355245,68.53460400978724],[-49.67260654832012,68.5348091328441],[-49.67265108562574,68.53500090701003],[-49.67320860840183,68.5351747773751],[-49.67377047830882,68.53534867475437],[-49.67433235567074,68.53552256993055],[-49.67488973932327,68.53569649850077],[-49.67493415599555,68.53588377630878],[-49.674974373275674,68.53607552107943],[-49.67553627461079,68.53624941169475],[-49.67605345570315,68.53623159112493],[-49.67657059260361,68.53621821170357],[-49.677087933099116,68.5362003224876],[-49.677605251407186,68.53618699211582],[-49.678122428557,68.53616916374587],[-49.67859966126228,68.5359640208733],[-49.67911678984483,68.53595063184265],[-49.67967855300183,68.53612457033088],[-49.680196070768986,68.5361067223395],[-49.68071320050678,68.53609332730379],[-49.681230512598795,68.536079983263],[-49.681707555293556,68.53587489426207],[-49.68218025026825,68.53566977473876],[-49.682657438426105,68.5354646177883],[-49.68313011758191,68.53525949509861]]],"type":"Polygon"},"id":"0000000000000000025b","properties":{"area":82762.49544174838,"elevation":932.5384218003356,"region":"CW","year":2018},"type":"Feature"},{"geometry":{"coordinates":[[[-50.47261401376528,68.32977966186597],[-50.47256487953064,68.32958794359897],[-50.47251584108957,68.32940066708022],[-50.47246686633206,68.3292088832813],[-50.47190481124895,68.32903946121418],[-50.47139213299916,68.32905729980662],[-50.47087927053632,68.32907508460261],[-50.47031741102199,68.32890570797137],[-50.469760080664905,68.32873176000066],[-50.46919805235123,68.32856232709258],[-50.468636277899726,68.32838843650552],[-50.46812360827679,68.32840626283033],[-50.46761069068295,68.32842854268272],[-50.46710250269197,68.3284464209647],[-50.46663863963961,68.32865146767153],[-50.466125804065136,68.32866935211021],[-50.46561312532097,68.32868716896118],[-50.46510028761198,68.32870504953382],[-50.46458760673657,68.32872286251994],[-50.46412813644405,68.32893246390624],[-50.463615449644685,68.3289502732159],[-50.46310260387373,68.32896814624489],[-50.462638879853024,68.32917323122568],[-50.46217508339883,68.32938282201128],[-50.46222404616797,68.32957010184657],[-50.462736905293866,68.32955223216703],[-50.463249763352344,68.32953436055408],[-50.46381171372627,68.3297083255984],[-50.46436891061096,68.32987773895891],[-50.46493093977086,68.33004719225623],[-50.46544364688304,68.33002937806387],[-50.46595635293025,68.33001156193927],[-50.466518305320896,68.3301853986263],[-50.467080196239785,68.33035490893717],[-50.467588422414615,68.33033703086171],[-50.46805212427129,68.33013192841935],[-50.46856507553667,68.33010964699851],[-50.46907777890514,68.33009181912277],[-50.46959063910359,68.33007392365563],[-50.47010334033893,68.33005609191494],[-50.47061173954057,68.33003825439835],[-50.471124621804,68.33002047067373],[-50.47158828725509,68.32981535616155],[-50.47210098052303,68.32979751688012],[-50.47261401376528,68.32977966186597]]],"type":"Polygon"},"id":"0000000000000000028c","properties":{"area":57156.41950397314,"elevation":476.2375540457071,"region":"CW","year":2018},"type":"Feature"},{"geometry":{"coordinates":[[[-49.5471630049869,68.74908679181338],[-49.54381436726009,68.74822620093484],[-49.53946669628014,68.74758851618145],[-49.535194876352804,68.7473298521365],[-49.53092752394582,68.74707120855169],[-49.526704703205326,68.74699992782116],[-49.5224775317015,68.74692860216547],[-49.51833511609329,68.74724068383036],[-49.51414799554395,68.74736106381162],[-49.51009018121723,68.74804778333022],[-49.50623312876409,68.74968872875043],[-49.50237599871327,68.7513252313587],[-49.50246076090519,68.75170427010745],[-49.500694862996774,68.75328279435236],[-49.5015510232152,68.75478545915729],[-49.5039723283366,68.75624366578947],[-49.50840448362246,68.75726475274956],[-49.512841454188376,68.7582814088683],[-49.517108709506914,68.75854453489382],[-49.521380668921125,68.75880317262694],[-49.5256078185334,68.7588700476003],[-49.52971459092196,68.75837061305504],[-49.533732279624914,68.75749220959568],[-49.53766961252999,68.75623473102351],[-49.540643904390556,68.75538296531859],[-49.54345317140835,68.7537732587947],[-49.54625799683281,68.75216801633678],[-49.54697140938304,68.75061628340514],[-49.5471630049869,68.74908679181338]]],"type":"Polygon"},"id":"00000000000000000009","properties":{"area":1943775.5144908219,"elevation":958.6068548911253,"region":"CW","year":2018},"type":"Feature"},{"geometry":{"coordinates":[[[-49.55578256526581,68.44094504690484],[-49.55267003699607,68.4385549503557],[-49.54655230838226,68.4366375705665],[-49.54046992896889,68.43490743878496],[-49.53385266378891,68.43548265076278],[-49.5286846525857,68.43315500335865],[-49.52239275178625,68.43524186151704],[-49.51553027082975,68.43467996546653],[-49.5088729045753,68.43506348584779],[-49.502255451780734,68.43563873748637],[-49.50233591067833,68.43601775457748],[-49.49822445916631,68.43861742894985],[-49.49978525142528,68.44105208153736],[-49.50391875247355,68.44341098068823],[-49.50650946923537,68.4458144303217],[-49.5085874562278,68.44823573203492],[-49.51014381325262,68.4506703450112],[-49.51301072996738,68.45192335890177],[-49.519837835021804,68.4522979116452],[-49.524149767399805,68.45064362485122],[-49.52258893236842,68.44820891524908],[-49.52618315917455,68.44562709643941],[-49.52926431156469,68.44305869393824],[-49.53637220824148,68.44475759276486],[-49.54295381933062,68.44399059950499],[-49.54588333120472,68.4431433888077],[-49.55070814699989,68.44147565391098],[-49.55578256526581,68.44094504690484]]],"type":"Polygon"},"id":"00000000000000000230","properties":{"area":2662574.64617272,"elevation":989.8228420414124,"region":"CW","year":2018},"type":"Feature"},{"geometry":{"coordinates":[[[-47.81533283939265,68.61624569316974],[-47.81473548424504,68.61568387446106],[-47.8146596106419,68.61511308446651],[-47.814062117717576,68.61455120880709],[-47.81398644343836,68.6139804751855],[-47.81338880017273,68.61342309319944],[-47.812791376189196,68.61286121409721],[-47.811150308220654,68.61231721022321],[-47.809562919236264,68.61215668317091],[-47.80797557558766,68.61199170522782],[-47.80633446986122,68.61145214048985],[-47.804773782803245,68.61147887767288],[-47.80323985364365,68.61169740487585],[-47.80170155355395,68.61191594449173],[-47.80016304516739,68.61213441151217],[-47.800738465691026,68.6125044916657],[-47.80237479598354,68.61304847548138],[-47.80141169466685,68.61363714654362],[-47.7999223983353,68.61423464558838],[-47.8000026250638,68.61480540529317],[-47.800595653924184,68.61536275775124],[-47.80119321782401,68.61592468493878],[-47.80283412535742,68.61646863814735],[-47.802388232748044,68.61704836028215],[-47.80298586381607,68.61761016386079],[-47.80459998389643,68.61796246837422],[-47.80618735389921,68.61812294457471],[-47.8076990306078,68.61771272411913],[-47.80931321828172,68.61806497363179],[-47.81087379073787,68.6180382552998],[-47.81238553527509,68.61763247138569],[-47.81389725527559,68.61722223833084],[-47.81436973591216,68.6168342857906],[-47.81533283939265,68.61624569316974]]],"type":"Polygon"},"id":"000000000000000001b8","properties":{"area":347968.28194015694,"elevation":1589.7463935849212,"region":"CW","year":2018},"type":"Feature"},{"geometry":{"coordinates":[[[-48.775997153046305,69.64924105500624],[-48.775925931203446,69.64886197896547],[-48.77530602223181,69.64849192835206],[-48.77425384864057,69.64871042797947],[-48.773161289114036,69.648732662902],[-48.772140232510004,69.64913846149037],[-48.77112349443363,69.64954425716488],[-48.77119481414455,69.6499232718688],[-48.771266136302394,69.65030228670754],[-48.771337460907326,69.65068130168108],[-48.77140877200564,69.65106482054034],[-48.77093619253337,69.65145716098111],[-48.770463616150174,69.65184961801594],[-48.76998632478641,69.65223757506382],[-48.76951369880724,69.65262991120647],[-48.769584987559654,69.65301343173282],[-48.76911252985061,69.65340582110281],[-48.769732321001676,69.6537714604874],[-48.770311935978675,69.65394990030403],[-48.77133303821818,69.65354405898027],[-48.77180582255249,69.65315165267936],[-48.77173448194086,69.65277263683001],[-48.77220707330605,69.6523802932337],[-48.772679630564845,69.65198783018978],[-48.772608280210264,69.65160881523589],[-48.7725369323038,69.65122980041659],[-48.77246560260113,69.65084628198123],[-48.772938315928265,69.65045387292167],[-48.77395939827108,69.65005257196923],[-48.77497629698872,69.64964681024176],[-48.775997153046305,69.64924105500624]]],"type":"Polygon"},"id":"00000000000000000081","properties":{"area":54085.59670889499,"elevation":1376.6155434203517,"region":"CW","year":2018},"type":"Feature"},{"geometry":{"coordinates":[[[-49.93545261834043,68.79644688249454],[-49.93531435577177,68.79587613360258],[-49.93465439814813,68.79532319976535],[-49.93399901609418,68.7947702195872],[-49.93229120287141,68.79424849269276],[-49.931631196212315,68.79370005723601],[-49.93097137733252,68.79314710872136],[-49.92926357210618,68.79262541201267],[-49.927644782232726,68.79248272600938],[-49.926164569363884,68.79291081491431],[-49.924728665552344,68.79353060124694],[-49.92329287396666,68.79415042576323],[-49.9233819502704,68.79452951317174],[-49.92351570817013,68.79509573913568],[-49.923127796742406,68.79568441779102],[-49.923265940399006,68.79625066670694],[-49.92392145700861,68.79680356795151],[-49.924059651521915,68.7973743806137],[-49.9247196003286,68.79792730093001],[-49.926382931083396,68.79825724006055],[-49.927952615344736,68.79820823350016],[-49.929526489458965,68.79815917785851],[-49.930962365945106,68.79753940248926],[-49.932398335278975,68.79692399313532],[-49.933972296874686,68.79687493948211],[-49.93545261834043,68.79644688249454]]],"type":"Polygon"},"id":"0000000000000000004d","properties":{"area":220852.4049633045,"elevation":645.997784497954,"region":"CW","year":2018},"type":"Feature"},{"geometry":{"coordinates":[[[-48.85871371962138,69.58399545520781],[-48.85461126003678,69.58256412843421],[-48.848809968566776,69.58079385442781],[-48.84315126780728,69.57978162269669],[-48.83742581107712,69.57839038257562],[-48.831843097369486,69.57776168087383],[-48.82636715375192,69.57769922313776],[-48.82089595756374,69.57763228257734],[-48.81553174041642,69.57814070624437],[-48.810167298682174,69.57864454384341],[-48.80483879142543,69.57934464635441],[-48.806760608856926,69.58082506576345],[-48.80222562990521,69.5828361223896],[-48.805306992319245,69.58467324135471],[-48.81096539105707,69.58568548710718],[-48.816436937103525,69.58574787538114],[-48.82202415986797,69.58638107707404],[-48.81893838164615,69.58454391243016],[-48.815313280612415,69.58272462030926],[-48.81549593390536,69.58081169906276],[-48.82075312641873,69.5797370230423],[-48.82622444898092,69.57979947704257],[-48.831807476551454,69.58043266702522],[-48.83717170579958,69.57992428899344],[-48.84283018036892,69.58093651952102],[-48.84852006263023,69.58213607071072],[-48.85425447718474,69.58352721267548],[-48.85871371962138,69.58399545520781]]],"type":"Polygon"},"id":"0000000000000000007d","properties":{"area":699476.7507137255,"elevation":1326.9296521092397,"region":"CW","year":2018},"type":"Feature"},{"geometry":{"coordinates":[[[-48.29592605953746,68.83930775056953],[-48.29586369942513,68.83892428599543],[-48.295279256326694,68.83855417799501],[-48.295743137426065,68.83816619048075],[-48.29465951705143,68.8379968112223],[-48.29357607763401,68.8378273604955],[-48.29246559875401,68.83747062617113],[-48.29138219545751,68.83730115862285],[-48.290298638961175,68.83713174584281],[-48.28918823559805,68.8367749860252],[-48.288136006864754,68.83679728527427],[-48.28708360829275,68.83681963966427],[-48.28599991586713,68.83665013886004],[-48.28494768694375,68.83667241397711],[-48.2838952881769,68.83669474423115],[-48.28395774871911,68.83707376898708],[-48.28348954540684,68.83746613214898],[-48.28355200203957,68.83784515760142],[-48.284136076293265,68.83821525901531],[-48.28472473051299,68.83858536847578],[-48.284782646422514,68.83896438400546],[-48.28484512708533,68.83934340997224],[-48.285955464100596,68.83970458626456],[-48.28654401331712,68.8400747523153],[-48.28713268764139,68.84044041826726],[-48.28771687558141,68.84081050671652],[-48.288305294143576,68.84118061139118],[-48.289415701379895,68.84153732684214],[-48.290499278318244,68.84170681153458],[-48.2915515279538,68.84168444001709],[-48.29254609806115,68.84128315565948],[-48.293535889670764,68.84088179965627],[-48.29452583144041,68.84048049160727],[-48.295520303598735,68.84007918654855],[-48.29545776476512,68.83969566646554],[-48.29592605953746,68.83930775056953]]],"type":"Polygon"},"id":"00000000000000000208","properties":{"area":187930.3073289592,"elevation":1371.5842745769157,"region":"CW","year":2018},"type":"Feature"},{"geometry":{"coordinates":[[[-49.70658041134823,70.15795310010043],[-49.701421309156174,70.15752503256165],[-49.69537472930593,70.15807353203036],[-49.68973849884084,70.16032979513272],[-49.68880629789989,70.16111909041945],[-49.686518966717394,70.16328175750535],[-49.684231409012824,70.16544444382578],[-49.68138641229928,70.16762043769927],[-49.67742244197642,70.16983213238571],[-49.67290099346187,70.17205725438879],[-49.66726004239975,70.17431357979466],[-49.66143211286351,70.17580737782603],[-49.659702024482705,70.17795666041756],[-49.663973746013454,70.17936578801017],[-49.6700293343128,70.17881281118682],[-49.67603554445678,70.17807707357545],[-49.6820419589993,70.17733679729369],[-49.68800388938683,70.17640488017817],[-49.69409937784703,70.17604815419006],[-49.700012176293164,70.17492893881365],[-49.70174242649444,70.17277963396073],[-49.69900453109214,70.17075520601425],[-49.70184937569266,70.16857918192854],[-49.70525160963647,70.1663852513333],[-49.705305145198146,70.16428501867705],[-49.705915957830406,70.16216700992952],[-49.70652698273071,70.16005332451911],[-49.70658041134823,70.15795310010043]]],"type":"Polygon"},"id":"00000000000000000130","properties":{"area":2031741.4531425629,"elevation":990.9728687745845,"region":"CW","year":2018},"type":"Feature"},{"geometry":{"coordinates":[[[-50.04374208010448,68.65161079098819],[-50.043420968114006,68.65028646870414],[-50.042578129198695,68.64897546031045],[-50.040696352254606,68.64770020242145],[-50.03682585435766,68.646866321746],[-50.03286622874475,68.6456579553092],[-50.03012831407516,68.64517186290298],[-50.026668067354194,68.64604589639416],[-50.02486232613685,68.64724981656589],[-50.02362263300234,68.64862767769937],[-50.0229002124673,68.64998771573529],[-50.02478180215624,68.65126746721745],[-50.02302060566544,68.65265873172915],[-50.02542406741294,68.65392063060594],[-50.02522329327386,68.65526283399825],[-50.02606613393864,68.65657381785542],[-50.02534379772089,68.65793382384722],[-50.02462138536948,68.65929382924458],[-50.027408239542126,68.65997164945554],[-50.031006820866814,68.65966400203823],[-50.03328979670085,68.65825484686616],[-50.036611796074915,68.65681012725611],[-50.0379407178045,68.65581130798942],[-50.04126264215247,68.65436652029734],[-50.04354581096245,68.65295745468381],[-50.04374208010448,68.65161079098819]]],"type":"Polygon"},"id":"00000000000000000026","properties":{"area":958856.0935985642,"elevation":778.6930635729457,"region":"CW","year":2018},"type":"Feature"},{"geometry":{"coordinates":[[[-49.769065827842624,68.57389311868212],[-49.76655983271306,68.57206043040686],[-49.76068281917909,68.57147632421153],[-49.75450693942592,68.56956334572425],[-49.75052933259744,68.56815427545224],[-49.74461208659566,68.56738281167063],[-49.73856548794692,68.56603619165232],[-49.732862339483376,68.56621015159271],[-49.727288468353564,68.56695032028708],[-49.72750248439685,68.5679000813856],[-49.72382816441068,68.57011185963789],[-49.71954745418005,68.57195790972757],[-49.716385956099636,68.57415176570304],[-49.71149880755179,68.57563663860296],[-49.71456232796341,68.57764325916088],[-49.71399594172971,68.57976135724296],[-49.71654208240429,68.5817857966597],[-49.722165073976875,68.5812328443292],[-49.72644575292192,68.57938673246635],[-49.73228267632562,68.57978361111228],[-49.73794568470258,68.5794224659291],[-49.74352411774369,68.57867781326722],[-49.74905333778856,68.57774579358288],[-49.75441766020225,68.57605580345884],[-49.76007623648262,68.57569462404757],[-49.76569471356079,68.57514167435397],[-49.769065827842624,68.57389311868212]]],"type":"Polygon"},"id":"0000000000000000003c","properties":{"area":2321465.1345730615,"elevation":888.5684668884371,"region":"CW","year":2018},"type":"Feature"},{"geometry":{"coordinates":[[[-49.40474376782102,68.53458171939873],[-49.401957116358204,68.53370772569762],[-49.39693600642082,68.53461295380446],[-49.39163867182405,68.53418932156185],[-49.38717940930298,68.53278914580905],[-49.38729991793588,68.53087621835823],[-49.38638574686642,68.52899444941],[-49.385988887595154,68.52709489507012],[-49.38387533408254,68.52696561736161],[-49.378698267049316,68.52711270998998],[-49.37364165377366,68.52782619984991],[-49.368741105793134,68.5292976868845],[-49.36750592931522,68.53085839605232],[-49.366346588324,68.53279811601077],[-49.36259635061886,68.53481357659363],[-49.36091970115738,68.53676667982708],[-49.36390734248345,68.53859045664645],[-49.368807876878236,68.53711895358865],[-49.374185689361674,68.53792153121154],[-49.37872947929797,68.53970072495929],[-49.38414724557841,68.54069517955213],[-49.387134964935626,68.54251889390925],[-49.39187494267083,68.54276858095034],[-49.39677997368289,68.54129263238555],[-49.39697616742608,68.53976322906925],[-49.39761391912672,68.53783685317057],[-49.400842239690036,68.53583921426087],[-49.40474376782102,68.53458171939873]]],"type":"Polygon"},"id":"0000000000000000027c","properties":{"area":1615469.0408599174,"elevation":1041.8759447884072,"region":"CW","year":2018},"type":"Feature"},{"geometry":{"coordinates":[[[-50.18880537194028,70.50121474329839],[-50.18245566649984,70.50102301066298],[-50.1761638780273,70.50102300554082],[-50.169867589085364,70.5010230101022],[-50.163112182263625,70.4993151157907],[-50.160846989110524,70.49728181744456],[-50.15744463811643,70.49527971320566],[-50.15089872150923,70.49432988333086],[-50.14460677030238,70.49432987408356],[-50.138569241934356,70.49527515588925],[-50.13222398499245,70.49508347386708],[-50.12644053538797,70.49697861111237],[-50.1251963397652,70.49873545484994],[-50.12632444896217,70.50080447414516],[-50.12461214857427,70.5029582138574],[-50.12791189116965,70.50457691450299],[-50.134511555101795,70.50571842806089],[-50.14116447219347,70.50704725832546],[-50.147514090525185,70.50723895888615],[-50.153707771091064,70.50685997128039],[-50.15995064308332,70.50667265925598],[-50.166095353743096,70.50610636388689],[-50.17228902026111,70.50572735536252],[-50.178429055785564,70.50516104969444],[-50.184622854044534,70.50478204234976],[-50.18823486909511,70.50333279274761],[-50.18880537194028,70.50121474329839]]],"type":"Polygon"},"id":"00000000000000000152","properties":{"area":2264276.547089656,"elevation":659.9924147039048,"region":"CW","year":2018},"type":"Feature"},{"geometry":{"coordinates":[[[-48.70898589955391,69.55427557950792],[-48.70888324748655,69.55370482847911],[-48.70823220447367,69.55314740381652],[-48.70758571726148,69.55259003712868],[-48.70693473464445,69.5520326075356],[-48.70628813678515,69.55147529962619],[-48.705637214557676,69.55091786510309],[-48.70499048787646,69.5503604979555],[-48.70325586027017,69.54982537213736],[-48.70162842974717,69.54986547868675],[-48.69992955712038,69.54952216406768],[-48.69829748943949,69.54955785071269],[-48.69833310800367,69.54974958424471],[-48.69735205035036,69.55034259885622],[-48.6969149655643,69.55092231977318],[-48.69593415394944,69.55151981913083],[-48.69495315312526,69.55211287254363],[-48.69506016393588,69.55268362848538],[-48.69516270344395,69.55324993875706],[-48.69472565431225,69.5538340942239],[-48.694832668670315,69.55440485153301],[-48.695479277064145,69.5549622667499],[-48.69613025260285,69.55551968598377],[-48.696776732172054,69.55607704194873],[-48.69738780758361,69.55644271446857],[-48.69909111751184,69.55678607921926],[-48.7007542965258,69.55693762866196],[-48.7023151431688,69.55652295930128],[-48.70390694029338,69.55629550674901],[-48.705503420422346,69.55606815137756],[-48.70702389838781,69.55546163690326],[-48.70746535879143,69.5548820599595],[-48.70898589955391,69.55427557950792]]],"type":"Polygon"},"id":"00000000000000000074","properties":{"area":330422.090817968,"elevation":1351.1032223007114,"region":"CW","year":2018},"type":"Feature"},{"geometry":{"coordinates":[[[-50.75427755935883,71.73788394738523],[-50.750892956284964,71.73684503288638],[-50.74733465041331,71.73714825377492],[-50.74341059645613,71.73631886060068],[-50.73961142948303,71.73586397028944],[-50.73574999123873,71.73522187385747],[-50.73212894301951,71.73533337122903],[-50.728387836331926,71.73507025982505],[-50.72489191788166,71.7355608080831],[-50.721271145782744,71.73567668254444],[-50.71921998924163,71.73688964198364],[-50.717775250210934,71.73808014708605],[-50.720548729615345,71.73913701422437],[-50.7191041147514,71.74033198282737],[-50.71705299191643,71.74154042646929],[-50.719224457463035,71.74261958274559],[-50.72302812974875,71.74307441092763],[-50.726706746708786,71.74315017063412],[-50.73038998721416,71.74322597696747],[-50.73401079487141,71.74311006281062],[-50.73751133493585,71.74261954765414],[-50.7407661955964,71.7413710012328],[-50.74438704458603,71.74125507211163],[-50.74522994338408,71.74008229217814],[-50.748485189403425,71.73883377600282],[-50.75198532275654,71.73833880994316],[-50.75427755935883,71.73788394738523]]],"type":"Polygon"},"id":"000000000000000001a9","properties":{"area":783003.8035310407,"elevation":1040.1398136983273,"region":"CW","year":2018},"type":"Feature"},{"geometry":{"coordinates":[[[-48.36035544427603,69.12808806459051],[-48.35972677049255,69.12753068938206],[-48.359133680930384,69.12716054495621],[-48.35747502850178,69.12681718554273],[-48.3557848944415,69.12628209814329],[-48.354157445520386,69.12612609857845],[-48.35249849945944,69.1257782530456],[-48.35096904402019,69.1261929411988],[-48.349430711370644,69.12622414426312],[-48.34851213190995,69.12624197133918],[-48.347245825991834,69.12626879292418],[-48.345743190057696,69.12687074433586],[-48.34424031011471,69.12747274325538],[-48.344142309055286,69.12778927517995],[-48.34423585990119,69.12836010788925],[-48.34432939939166,69.12893082307788],[-48.343999591722266,69.12926974305634],[-48.34445440200968,69.12969336872938],[-48.345613779863385,69.13024183291388],[-48.34674181912268,69.13060301325903],[-48.34840519352637,69.13094639176748],[-48.35006850039038,69.13129413315889],[-48.351637960183844,69.13107120520533],[-48.353145146797914,69.13046925861937],[-48.35471480237465,69.13024185099633],[-48.35628450099885,69.13001886283277],[-48.35785400032154,69.12979592038306],[-48.35936122876591,69.12918946233602],[-48.359945360954505,69.12885950695207],[-48.36030655011862,69.12840912000912],[-48.36035544427603,69.12808806459051]]],"type":"Polygon"},"id":"00000000000000000262","properties":{"area":277981.2010681877,"elevation":1246.832577208292,"region":"CW","year":2018},"type":"Feature"},{"geometry":{"coordinates":[[[-48.796147874363136,69.1688353460728],[-48.79554586417881,69.16846970726324],[-48.79494403977293,69.16810400240142],[-48.79433762940687,69.1677384194888],[-48.793271729339814,69.16776066857847],[-48.79217044577411,69.16759567268497],[-48.791073429078146,69.16743517251122],[-48.79004342531119,69.1676491798618],[-48.788977707350384,69.1676714507062],[-48.78791197103976,69.16769821436903],[-48.7868819439627,69.1679123165334],[-48.785851879753956,69.16812629324347],[-48.78481736061586,69.16834032264137],[-48.783787260625,69.16855890311282],[-48.78269044992552,69.16839389089672],[-48.78165588899608,69.16860789706688],[-48.78172720384111,69.16898697603034],[-48.78179850286942,69.16936593724164],[-48.78236484212117,69.1695443406651],[-48.78343048389467,69.16951756491999],[-48.78449630852433,69.16949083532485],[-48.785597801512395,69.16965582797057],[-48.78666342591989,69.16963352869617],[-48.78772924900608,69.16960677468171],[-48.78875917079606,69.16939272974264],[-48.78982497912582,69.16936595986378],[-48.79092632922407,69.1695309747311],[-48.79202786109112,69.16969591734832],[-48.79309350799031,69.16966918654896],[-48.79408798256616,69.16926786530263],[-48.79515360663397,69.16924111889004],[-48.796147874363136,69.1688353460728]]],"type":"Polygon"},"id":"00000000000000000014","properties":{"area":97717.67472609381,"elevation":986.3988957144945,"region":"CW","year":2018},"type":"Feature"},{"geometry":{"coordinates":[[[-48.881089349233946,69.97433180937237],[-48.88089754695755,69.97338199348879],[-48.879604363010124,69.97245898922836],[-48.880523017935445,69.97148692517838],[-48.878752901626655,69.97095624972448],[-48.876059339049604,69.9713977204598],[-48.8733304724006,69.97165191637188],[-48.870601540300484,69.97190606126863],[-48.869647282111465,69.9726908359049],[-48.86761839382133,69.97368971116143],[-48.8666996751612,69.97466624368872],[-48.865781262508364,69.9756383740882],[-48.865968603969,69.97658813441616],[-48.86615578439935,69.97753345393059],[-48.86689603713942,69.97846986690232],[-48.8687419537184,69.97937951412361],[-48.86948236825576,69.9803159160512],[-48.87221136264141,69.98006175878835],[-48.874828713228155,69.97923678132588],[-48.87752209605575,69.97879536256498],[-48.87981406157273,69.9791208333724],[-48.87962227172362,69.97817551723115],[-48.87832923286263,69.97725248742847],[-48.87924775603375,69.97628043790981],[-48.88072376644995,69.97529046834639],[-48.881089349233946,69.97433180937237]]],"type":"Polygon"},"id":"000000000000000000cb","properties":{"area":434759.193157519,"elevation":1360.712218913985,"region":"CW","year":2018},"type":"Feature"},{"geometry":{"coordinates":[[[-50.40601720412262,68.37643077934784],[-50.404844446961334,68.37589567569346],[-50.40315887211904,68.3753829088775],[-50.40250339446149,68.37483439658415],[-50.401330623184656,68.37429933091653],[-50.40015798297321,68.37376869813126],[-50.39847229442686,68.37325589061014],[-50.39683593562774,68.37293035470042],[-50.395346616540955,68.37317121058625],[-50.3939509029953,68.37379542327037],[-50.39409804270794,68.37436177134968],[-50.394240697173785,68.37492806172443],[-50.39438793281559,68.37549885303925],[-50.39504788542116,68.37604727938489],[-50.39621604128004,68.37657790044723],[-50.39738881988673,68.37711301265443],[-50.3990744071941,68.37762585260582],[-50.399734356290594,68.37817432517475],[-50.39936437917559,68.37876288103791],[-50.40002402322196,68.37931136734012],[-50.4017096229686,68.37982412622182],[-50.4028825041892,68.3803592618968],[-50.403957096088305,68.38051083998414],[-50.40549992520938,68.38045738266958],[-50.40586555394097,68.37987324366692],[-50.405718373893464,68.3793024443142],[-50.404545754019644,68.37877182825477],[-50.40337299859059,68.37824115101624],[-50.40323037812308,68.37767040928122],[-50.404621488117435,68.37705054624413],[-50.40601720412262,68.37643077934784]]],"type":"Polygon"},"id":"0000000000000000000c","properties":{"area":220852.40496333444,"elevation":579.5318105540989,"region":"CW","year":2018},"type":"Feature"},{"geometry":{"coordinates":[[[-49.23964572532004,70.43973261697067],[-49.239520827410175,70.43916191096],[-49.23939149367034,70.43859560314249],[-49.23926658749828,70.4380247792313],[-49.2391418855362,70.43745400910674],[-49.23796454959059,70.4372934771386],[-49.236140961470824,70.43676732036216],[-49.23452674075351,70.4371864902478],[-49.23282777171411,70.43723106661604],[-49.2311688724793,70.43746291665322],[-49.22951013471055,70.4376948019402],[-49.22785568605235,70.43792672407268],[-49.22615695596617,70.437966825155],[-49.22449794771135,70.43819871896682],[-49.22283927671319,70.43843058372649],[-49.22126532647718,70.43904145468153],[-49.2196063813908,70.43927334769076],[-49.21803248087597,70.43988423812915],[-49.218077036449976,70.44007603258373],[-49.21981609629611,70.44022313733485],[-49.221559501190995,70.4403702774796],[-49.22325860015261,70.44033016487118],[-49.22495743723412,70.440285590454],[-49.22670094906623,70.44043717769667],[-49.228524609982706,70.44096333259395],[-49.23022367265963,70.44091875227507],[-49.231922607256045,70.4408786057541],[-49.23366596551596,70.44102578780588],[-49.23536489644873,70.44098560223443],[-49.23706395818982,70.4409410623022],[-49.23819645804394,70.44091433056767],[-49.23920423241682,70.44031681934887],[-49.23964572532004,70.43973261697067]]],"type":"Polygon"},"id":"00000000000000000124","properties":{"area":244749.9724226644,"elevation":1431.4445906817584,"region":"CW","year":2018},"type":"Feature"},{"geometry":{"coordinates":[[[-50.10056419936343,70.43010097472936],[-50.10051534770286,70.42991367015517],[-50.10046177974246,70.42972201220014],[-50.10041273060451,70.42953465505278],[-50.09979735393868,70.42936082497731],[-50.099181960076464,70.42918687450644],[-50.098566624488875,70.42901737550169],[-50.097951274543526,70.42884353800297],[-50.09733141323632,70.4286696152326],[-50.0967162543175,70.42849570743054],[-50.09615428617549,70.42851358704652],[-50.09563702590046,70.42872312876293],[-50.095124201545445,70.42892817967675],[-50.09455789943204,70.42894602297719],[-50.09399154763744,70.42895941019468],[-50.09347428258092,70.42916906227813],[-50.092961627077344,70.42937415829198],[-50.09244426857268,70.42957923491709],[-50.09249779579645,70.42977101335731],[-50.092546954482316,70.4299583075072],[-50.09259596297305,70.43015000301024],[-50.0926494448037,70.4303373275182],[-50.09269845509104,70.43052902302865],[-50.09331384079979,70.43070300019122],[-50.09336280917925,70.43089024160244],[-50.09341634755404,70.43108201987742],[-50.094031678624866,70.43125142235749],[-50.09464726624173,70.43142532889303],[-50.09521325693882,70.43140749824578],[-50.095779667580686,70.43139410665032],[-50.09634153356613,70.43137629405787],[-50.09690789302367,70.43135844424536],[-50.0975231309333,70.43153235182872],[-50.098089492552425,70.43151449755966],[-50.09804043507656,70.4313228035232],[-50.0979914015825,70.43113544551427],[-50.09850424710539,70.43093038467457],[-50.09902152837971,70.43072083294197],[-50.099534328844875,70.43051565061373],[-50.10005164054562,70.43031054922692],[-50.10056419936343,70.43010097472936]]],"type":"Polygon"},"id":"00000000000000000148","properties":{"area":69217.64469621581,"elevation":688.4122626988199,"region":"CW","year":2018},"type":"Feature"},{"geometry":{"coordinates":[[[-48.99499262290846,68.94233973443441],[-48.993641499544545,68.94084598307944],[-48.99229035578664,68.93935216916769],[-48.98988247770131,68.93788510595668],[-48.98754595374082,68.93679709733654],[-48.98310023669199,68.93576259211625],[-48.97865454262917,68.93472807651028],[-48.97432017200536,68.93426433026703],[-48.97002161286985,68.93398783047196],[-48.96571858971989,68.93371582809799],[-48.961643127771346,68.93458091195703],[-48.960804795477245,68.93574474951718],[-48.96004231388061,68.93729203773862],[-48.958218377252905,68.93886614664216],[-48.957455992874294,68.94041341808429],[-48.9582765298775,68.94192058689787],[-48.95909681846589,68.94342776511662],[-48.95780362309738,68.94498398832332],[-48.96225380369875,68.94601849996957],[-48.96651676850556,68.94610324586013],[-48.97070840080213,68.94580894854258],[-48.974971362452926,68.94589367220382],[-48.979162863247986,68.94559935663862],[-48.98328306500913,68.94492161660803],[-48.98739881669722,68.94424825715048],[-48.99144319181363,68.94319141876957],[-48.99499262290846,68.94233973443441]]],"type":"Polygon"},"id":"00000000000000000292","properties":{"area":1554197.359151821,"elevation":1114.7248807332724,"region":"CW","year":2018},"type":"Feature"},{"geometry":{"coordinates":[[[-49.6338838285738,69.47398943560907],[-49.63374992332378,69.47341864559665],[-49.63362067735465,69.47285239012122],[-49.633486785659365,69.47228160073308],[-49.63335755296784,69.47171534588317],[-49.63322367482514,69.47114455711994],[-49.63255497913415,69.47059158830443],[-49.63188163872792,69.47003865037732],[-49.63120816158702,69.46948577456217],[-49.6294603129706,69.46896404490984],[-49.62770790933223,69.46843787807305],[-49.62595553178065,69.46791614030114],[-49.62433674899762,69.46796079014919],[-49.62271356944666,69.46800977520623],[-49.62109512663443,69.46805437671686],[-49.619561101913995,69.46847805938513],[-49.61802713963404,69.46890611071504],[-49.61815635445611,69.4694723642116],[-49.61882989904264,69.47002528856939],[-49.61949875017123,69.47058269322868],[-49.621251173627286,69.47110439415793],[-49.623003502439985,69.47162613904284],[-49.62475590429279,69.47214786313071],[-49.62542931478814,69.47270077085894],[-49.62717712027628,69.47322694972347],[-49.62892972245117,69.47374862461987],[-49.63068206232014,69.47427040824417],[-49.632349820978774,69.47441307524025],[-49.6338838285738,69.47398943560907]]],"type":"Polygon"},"id":"000000000000000000b4","properties":{"area":264064.9721667718,"elevation":959.7684058596592,"region":"CW","year":2018},"type":"Feature"},{"geometry":{"coordinates":[[[-48.9369219190465,69.94787594708154],[-48.934732339692644,69.94525845059394],[-48.92772270225445,69.94351941681421],[-48.91961159924465,69.94180712047574],[-48.911500396944966,69.94009032316852],[-48.90434366608058,69.93759327733486],[-48.89835066747286,69.93534588941468],[-48.89652677028489,69.93453874974571],[-48.893249428037834,69.934806344579],[-48.89200525264458,69.93692891139696],[-48.88921838465313,69.93966230649612],[-48.88643125108112,69.9423912560375],[-48.88363999836591,69.94512469562343],[-48.88306037227422,69.9478045907909],[-48.88413928385103,69.95044887774085],[-48.88687285672749,69.95304851003942],[-48.89071666801865,69.95562588967809],[-48.895666283529394,69.95818093928725],[-48.90172168625427,69.96070478309188],[-48.90328220457968,69.96295217163302],[-48.910911880639226,69.96220304666926],[-48.9186884408645,69.96221195859704],[-48.92395474988195,69.9607538146325],[-48.9206595370718,69.95816311898918],[-48.92632244112636,69.95593801614291],[-48.93246267963628,69.95331609077436],[-48.93635086675606,69.95055589220988],[-48.9369219190465,69.94787594708154]]],"type":"Polygon"},"id":"000000000000000000df","properties":{"area":4108380.9739082674,"elevation":1349.2294288454598,"region":"CW","year":2018},"type":"Feature"},{"geometry":{"coordinates":[[[-49.64889759273498,68.34356272983725],[-49.648812866927834,68.34318371399931],[-49.64872814385393,68.34280469843374],[-49.64813503086469,68.34243904035834],[-49.64805032074345,68.34206002504371],[-49.64693987232417,68.34171222844702],[-49.646342293694275,68.34135103972709],[-49.64574942991589,68.34098542569113],[-49.644723711679795,68.34101662751354],[-49.643693683134295,68.34104779162935],[-49.6426681392098,68.34107903092104],[-49.64168723564601,68.34129750120233],[-49.641767381462955,68.3416765540577],[-49.64185199692427,68.34205557253985],[-49.64091135305769,68.34246580548248],[-49.63996586887966,68.34287607846284],[-49.640050622560175,68.34325503427466],[-49.64013540042715,68.34363410801153],[-49.64072846101055,68.3439952425677],[-49.64179874912075,68.34415581700392],[-49.64273943929221,68.34374557663165],[-49.64380972713123,68.34390613519133],[-49.64491558447632,68.3442539409902],[-49.64590108680605,68.3440309703814],[-49.64692653256807,68.34400421301608],[-49.647871778004586,68.34359395509777],[-49.64889759273498,68.34356272983725]]],"type":"Polygon"},"id":"0000000000000000023b","properties":{"area":95565.53341059641,"elevation":971.5219380484507,"region":"CW","year":2018},"type":"Feature"},{"geometry":{"coordinates":[[[-48.16800775266054,69.01398858334348],[-48.1646142971002,69.01272219825836],[-48.16334795533863,69.01141120707253],[-48.16208158021778,69.0101002706649],[-48.16187656922983,69.00876696752765],[-48.16220193342168,69.00742479803961],[-48.16146632018835,69.00610493142294],[-48.159143136286346,69.00481624922963],[-48.157876792383334,69.00350524381066],[-48.15820212956287,69.00216304082153],[-48.15852778533422,69.00082083201718],[-48.159914606847416,68.99945639088598],[-48.15879519437834,68.999095178976],[-48.15834934209908,68.9996793321975],[-48.15696256665784,69.00103937703867],[-48.156106444268275,69.00239492965585],[-48.15578098986382,69.00373712795198],[-48.155455318235624,69.00507927338502],[-48.155660614834545,69.00640812465718],[-48.155865620162956,69.00774142265239],[-48.15607081809572,69.00907466040557],[-48.15627600293876,69.01040346480328],[-48.157011512752156,69.01172780377583],[-48.159869912414266,69.01300314606654],[-48.16373147423702,69.01388160510207],[-48.16759313222687,69.014760022747],[-48.16800775266054,69.01398858334348]]],"type":"Polygon"},"id":"0000000000000000022b","properties":{"area":301328.6436249269,"elevation":1359.7750767252548,"region":"CW","year":2018},"type":"Feature"},{"geometry":{"coordinates":[[[-48.86316821551349,68.43300341944511],[-48.86289182550327,68.43148287632677],[-48.861063494458556,68.4300024586767],[-48.856871947389656,68.4297259748349],[-48.85277860856507,68.43002024448228],[-48.84861817986261,68.42993110716769],[-48.844596166839096,68.43060438322902],[-48.84054283812831,68.43108597856393],[-48.83662321867848,68.43232557087659],[-48.832703745628066,68.43356521477294],[-48.83277503068249,68.43394424148714],[-48.82995686347133,68.43554057017678],[-48.82971605816017,68.43707011773537],[-48.82792801336104,68.43863967533017],[-48.827687224410596,68.4401691650945],[-48.828480968162715,68.4416763274046],[-48.83178510988261,68.44273765655845],[-48.8361193457509,68.44377216034061],[-48.84024845468463,68.44366960016207],[-48.84416790328781,68.44242992830868],[-48.8482257466807,68.44194837803384],[-48.85218094897483,68.44090048677513],[-48.8529345822409,68.43935320357771],[-48.8547183439498,68.43778800176094],[-48.85753641497565,68.43619164615446],[-48.85932003602161,68.43462200605788],[-48.86316821551349,68.43300341944511]]],"type":"Polygon"},"id":"000000000000000001f2","properties":{"area":1507557.720836442,"elevation":1262.6591508943152,"region":"CW","year":2018},"type":"Feature"},{"geometry":{"coordinates":[[[-49.21464803962613,68.95691211415857],[-49.21456777938988,68.95653304899481],[-49.214491936874026,68.95615402805872],[-49.214416096881145,68.95577500733357],[-49.213278929754736,68.95542278385084],[-49.21319869604659,68.95504371895706],[-49.21312287979511,68.95466469833325],[-49.212066159087925,68.95469146607192],[-49.21096904811172,68.95452648063917],[-49.20999273613577,68.954936733687],[-49.20897160344682,68.95515518998103],[-49.20787467447811,68.95499023375987],[-49.20689793926542,68.95540047585142],[-49.205841173841286,68.95542719642577],[-49.20486015624688,68.95583743371917],[-49.20387923150644,68.95624321835993],[-49.20395949287871,68.95662222460287],[-49.202978580852275,68.95703250284741],[-49.20305425074274,68.95741152990848],[-49.20366081547576,68.95777713413547],[-49.20374091390727,68.95815620571604],[-49.20487366746679,68.95850846403083],[-49.20601068236442,68.95886070416893],[-49.20608640512466,68.95923973096228],[-49.207107608289675,68.95902574093942],[-49.20808871116141,68.95861548601218],[-49.20906507467191,68.95820969034537],[-49.21004611118326,68.9577994219986],[-49.21102717495811,68.95739364649451],[-49.21204379860107,68.957175194783],[-49.213100625509824,68.95714842751381],[-49.21415757332143,68.95711720629896],[-49.21464803962613,68.95691211415857]]],"type":"Polygon"},"id":"00000000000000000003","properties":{"area":140376.16630170261,"elevation":978.7727734851563,"region":"CW","year":2018},"type":"Feature"},{"geometry":{"coordinates":[[[-49.912127200360636,70.94160444476924],[-49.91207364451772,70.94141276200034],[-49.911444759026104,70.94123881657177],[-49.91081608639948,70.94106492146433],[-49.91018744053643,70.9408954782399],[-49.90955878660658,70.94072157806659],[-49.90892554399678,70.9405477044115],[-49.9082967054868,70.94037374629545],[-49.907717200165834,70.94039160450897],[-49.90713747338377,70.94040495325798],[-49.906508677481256,70.94023110586134],[-49.905928969876236,70.94024890447433],[-49.90539834533194,70.9404540131495],[-49.90481883380285,70.94047186040763],[-49.90423893996317,70.940489717715],[-49.90428819322934,70.94067696518654],[-49.90433708254079,70.94086867929907],[-49.90439058061943,70.94105602804326],[-49.90501938496457,70.94122988414681],[-49.905068469020534,70.94141719651257],[-49.90511736687101,70.94160891041687],[-49.90574621795384,70.94178288160249],[-49.90579528363018,70.94197007580213],[-49.905848813372934,70.9421618785208],[-49.90589770326473,70.94234913780376],[-49.905946814011635,70.94254090435125],[-49.906575655020305,70.94271029989794],[-49.90662477247293,70.94290206625844],[-49.9066736707067,70.94308932533345],[-49.907306792581345,70.94326327362202],[-49.90793568045687,70.94343711814386],[-49.908515467795525,70.94341931227946],[-49.90904575013027,70.94321420522527],[-49.90962554737429,70.9432008495595],[-49.91020512272038,70.94318298442946],[-49.91073596758803,70.94297791205851],[-49.91126659902505,70.94277278496033],[-49.911213021417126,70.94258098393213],[-49.91116408668348,70.94239372615846],[-49.91169470030317,70.94218859751489],[-49.911645541447655,70.94199683261378],[-49.911596604599374,70.94180957497353],[-49.912127200360636,70.94160444476924]]],"type":"Polygon"},"id":"0000000000000000016d","properties":{"area":64395.57637358773,"elevation":1435.6180290720167,"region":"CW","year":2018},"type":"Feature"},{"geometry":{"coordinates":[[[-50.54022731127,71.33342122607164],[-50.539522671796604,71.33306004327524],[-50.53839451469796,71.33328299356054],[-50.53732431266938,71.33370218031509],[-50.537440186250286,71.3340811747685],[-50.53637445412638,71.33449585279071],[-50.53530439142589,71.33491055698866],[-50.53482736735178,71.33530743031028],[-50.534943207839866,71.33568642627698],[-50.535054763252155,71.33606545577601],[-50.535170612298685,71.33644445152528],[-50.53469355358669,71.33684132410207],[-50.5348094011791,71.33722032002201],[-50.53551392542651,71.33758158963109],[-50.535629791667695,71.33796058494201],[-50.536811590970494,71.33792490774448],[-50.538109116769874,71.33826828108576],[-50.53923717430802,71.33804082788573],[-50.53912124553446,71.3376618349722],[-50.53900999793993,71.33728279441553],[-50.53889386920445,71.33690374924305],[-50.53877795331231,71.33652475600123],[-50.53925513741758,71.3361279226429],[-50.538550602514185,71.33576666962472],[-50.53784162262113,71.33540551304723],[-50.53772573401508,71.33502651897601],[-50.53820269793208,71.33462963654338],[-50.53927289693443,71.33421496426537],[-50.53915716972355,71.3338359052136],[-50.54022731127,71.33342122607164]]],"type":"Polygon"},"id":"00000000000000000183","properties":{"area":60793.02664642911,"elevation":1256.914368736287,"region":"CW","year":2018},"type":"Feature"},{"geometry":{"coordinates":[[[-50.70560624882195,71.87969678721838],[-50.705543963420595,71.87950502578677],[-50.70548608764497,71.87931774561447],[-50.705423407688855,71.87912599823804],[-50.705365534171804,71.87893871797844],[-50.70530325349934,71.87874695636415],[-50.70469656607733,71.8787692916054],[-50.7041481253425,71.8789743719911],[-50.70353741833207,71.8789922073509],[-50.70286846165204,71.87882277346124],[-50.70226216462764,71.87884508538586],[-50.70165567337346,71.878862941889],[-50.7009867343318,71.87869350026443],[-50.700375816149766,71.87871127184796],[-50.69976932574327,71.87872912127152],[-50.69916283387132,71.87874696841044],[-50.69861434571985,71.87895654886188],[-50.69800363047822,71.87897436325662],[-50.69733471409922,71.87880490661666],[-50.69672843047232,71.87882279642561],[-50.696179914724404,71.87903236847471],[-50.69563578567757,71.87924190104164],[-50.69508727087853,71.87944706792226],[-50.695145247118894,71.87963880453901],[-50.69520764549278,71.8798261022955],[-50.69527023624022,71.88001785314134],[-50.695876579216815,71.87999556769121],[-50.69648289766617,71.87997768124914],[-50.697151845390614,71.8801471414039],[-50.69782078080421,71.88032100010331],[-50.6984317401448,71.8802987193269],[-50.69903809480078,71.88028094112359],[-50.69970685629428,71.88045033893903],[-50.70037584226952,71.88061978584483],[-50.70098220303493,71.88060200037283],[-50.70159314305258,71.8805841089471],[-50.70219950088428,71.88056631889104],[-50.70281043794745,71.88054842284666],[-50.70341699687872,71.8805261609341],[-50.70396527027379,71.88032103164726],[-50.70451395087514,71.88011148497453],[-50.70505779395256,71.87990187048703],[-50.70560624882195,71.87969678721838]]],"type":"Polygon"},"id":"000000000000000001a4","properties":{"area":56921.28394300621,"elevation":1249.8222069568476,"region":"CW","year":2018},"type":"Feature"},{"geometry":{"coordinates":[[[-48.73794775237231,68.5651175976273],[-48.73735905251377,68.56474754375677],[-48.73729225862823,68.56436851012953],[-48.73618651610377,68.56401179344849],[-48.73559782236246,68.56364611123922],[-48.735013674150906,68.56328053991237],[-48.73397456700022,68.56330278573876],[-48.73297132451226,68.56351680907581],[-48.73199941367574,68.56392261552706],[-48.730964757255975,68.56394932988869],[-48.729890104426545,68.56378436317104],[-48.72885114877288,68.56380662439092],[-48.72784785561831,68.56402072813616],[-48.726844527131696,68.56423470676765],[-48.72580569944987,68.56426149512845],[-48.724802359656856,68.56447557667994],[-48.7238302734983,68.56488132554138],[-48.72279127903815,68.56490365863756],[-48.72337994020872,68.56527371066808],[-48.724485763680285,68.56562597121734],[-48.72552462072395,68.56560368898971],[-48.72656368588162,68.5655769570842],[-48.7275670527389,68.56536286229849],[-48.728637248737144,68.56552785242802],[-48.72971180521295,68.56569289337514],[-48.73071498293834,68.5654788390961],[-48.731785201521845,68.56564380483987],[-48.73278853938829,68.56542978957722],[-48.733827582921066,68.56540300270792],[-48.73486659541062,68.5653807040082],[-48.73586989389545,68.56516666623357],[-48.736944475362684,68.56533165061958],[-48.73794775237231,68.5651175976273]]],"type":"Polygon"},"id":"000000000000000001fa","properties":{"area":99223.54425886906,"elevation":1293.4496547235976,"region":"CW","year":2018},"type":"Feature"},{"geometry":{"coordinates":[[[-50.55281979803281,70.96980382489978],[-50.552766211378376,70.96961209315262],[-50.55212845520362,70.96944260952995],[-50.55154876628623,70.9694604704291],[-50.5509692518231,70.96947826328557],[-50.55038496068443,70.96949616803023],[-50.549805413023314,70.96951847697697],[-50.54917233919695,70.96934453039985],[-50.54859244330953,70.96936232814787],[-50.54800832740252,70.9693801580214],[-50.54742860288969,70.9694025238706],[-50.546906898442685,70.96960759788101],[-50.54632719736771,70.96962543907115],[-50.54574749495582,70.96964327807322],[-50.545221313157676,70.96985284898344],[-50.544699750170984,70.9700624878681],[-50.544173579802965,70.97026753463162],[-50.54359385747636,70.97028536543715],[-50.54301413381351,70.97030319405457],[-50.5424925383383,70.97051282531726],[-50.541966159995496,70.97071793023854],[-50.54202408166387,70.9709096832115],[-50.542077817427135,70.97109694984543],[-50.54213574118781,70.97128870278571],[-50.54277327757975,70.97145817569515],[-50.54341099906279,70.97162758016161],[-50.543990756513864,70.9716097502033],[-50.544512330542595,70.97140463438882],[-50.54509208054537,70.97138680025137],[-50.5457296399507,70.97155626102779],[-50.546309392055825,70.97153842231789],[-50.54683560195264,70.97132884781811],[-50.5474153464858,70.97131100491112],[-50.54799508968158,70.97129315981589],[-50.54851667708344,70.97108362761823],[-50.549042794359394,70.97087844804261],[-50.549622523870084,70.97086059675975],[-50.550260304021364,70.97103009086749],[-50.55084003563268,70.97101223501149],[-50.551361588040635,70.9708026930213],[-50.55188787587842,70.97059755558308],[-50.55182987101732,70.97040580594536],[-50.551772012909105,70.97021851091884],[-50.55229813739223,70.97000891737018],[-50.55281979803281,70.96980382489978]]],"type":"Polygon"},"id":"0000000000000000017e","properties":{"area":61693.66407822575,"elevation":896.6458847146545,"region":"CW","year":2018},"type":"Feature"},{"geometry":{"coordinates":[[[-50.27232444343167,71.37958632708055],[-50.27097332339213,71.37905118762579],[-50.269029248848724,71.37853392446017],[-50.26767800545094,71.37800334243387],[-50.2669199064838,71.37745035149946],[-50.26675506181714,71.37687965019305],[-50.26600123894147,71.37633114845337],[-50.265243449353854,71.37577820195415],[-50.26567148346021,71.37519402754798],[-50.265506482654345,71.37462327232431],[-50.26474829211707,71.3740748563709],[-50.26345531374422,71.37372706261388],[-50.261729569785324,71.37397231874873],[-50.26011539245925,71.37459214115536],[-50.2602760412427,71.37515840771758],[-50.26044091092603,71.37572916777951],[-50.26060578988599,71.37629992760009],[-50.260177985621304,71.37688407424025],[-50.26093157158821,71.37743700520721],[-50.26050336702944,71.37802116555503],[-50.26185454138135,71.37855626288702],[-50.26320557218833,71.37909129637566],[-50.26396372541932,71.3796397849645],[-50.2659079707967,71.38015704503867],[-50.26666593382662,71.3807099882587],[-50.26844520381437,71.38065646383774],[-50.270170522693725,71.38041568239446],[-50.27189630156759,71.38017046677943],[-50.27232444343167,71.37958632708055]]],"type":"Polygon"},"id":"0000000000000000017c","properties":{"area":160763.78157611712,"elevation":1451.2234030849122,"region":"CW","year":2018},"type":"Feature"},{"geometry":{"coordinates":[[[-48.681401962037704,69.22673675176968],[-48.68079987248822,69.22637107438675],[-48.68073315490411,69.22599206954952],[-48.67962716981949,69.22582707460509],[-48.67852566354249,69.22566213224083],[-48.67741989270674,69.22549717456849],[-48.676385416436496,69.22571121224891],[-48.67531975326227,69.22573343278532],[-48.674285078091586,69.22594751869505],[-48.674352050835076,69.22632651695562],[-48.67335311077599,69.22673228579532],[-48.67342007162475,69.22711128489583],[-48.67295629215849,69.22750369748653],[-48.67355829669252,69.22786940856422],[-48.67362526437489,69.22824840822598],[-48.673161467235836,69.22864082208767],[-48.67322843125996,69.2290198223558],[-48.673299676675875,69.22939882975906],[-48.67336664527787,69.22977783040034],[-48.674436936421074,69.22975556834682],[-48.675573909149286,69.23010780614412],[-48.67664404202627,69.23008559103555],[-48.67767851363865,69.22987149634213],[-48.678713152674426,69.22965744844149],[-48.67921252841156,69.22945676856276],[-48.67967625870025,69.2290644520822],[-48.67960936342737,69.22868539089094],[-48.67953802282029,69.22830638674516],[-48.67947099855928,69.22792288834967],[-48.6804698448477,69.22752157660756],[-48.68040312867903,69.22714257097635],[-48.681401962037704,69.22673675176968]]],"type":"Polygon"},"id":"00000000000000000027","properties":{"area":122260.71861080715,"elevation":1073.836725754169,"region":"CW","year":2018},"type":"Feature"},{"geometry":{"coordinates":[[[-49.72930854228443,68.86217399870675],[-49.729268342686204,68.8619867930364],[-49.72922375678695,68.86179499606577],[-49.7291791619738,68.8616077628009],[-49.72860839737918,68.86143386849987],[-49.72804220030351,68.86125993484693],[-49.7274712653383,68.86108598313807],[-49.72690052378111,68.86091208210405],[-49.726334186344495,68.86073820660943],[-49.72576346013397,68.86056430109295],[-49.72523730397964,68.86057762732455],[-49.72471113646266,68.86059551520681],[-49.724184978462134,68.8606088374589],[-49.72365880890571,68.86062672136094],[-49.72313704548709,68.86064006752387],[-49.722610873896876,68.86065794746234],[-49.72208489791408,68.8606713147048],[-49.72160326001988,68.86087642580497],[-49.721117054120434,68.86108157215422],[-49.72116173955703,68.86127330636751],[-49.721206273534115,68.86146054181971],[-49.721250797118415,68.86165234096799],[-49.721291088133306,68.8618440473905],[-49.72080942084191,68.8620491560411],[-49.72085413950969,68.86223644479071],[-49.72142487336018,68.8624103709505],[-49.721464818113986,68.86260208948572],[-49.72150954285786,68.86278937823312],[-49.72208029376447,68.86296330195256],[-49.72264665548863,68.86313719551404],[-49.723217421746426,68.86331111475093],[-49.72374345239485,68.863297743412],[-49.72426967844635,68.86327985935357],[-49.72479589297521,68.86326653696642],[-49.725322116986845,68.86324864892738],[-49.72584814393806,68.86323526963213],[-49.72632978949587,68.86303014305088],[-49.72681126356493,68.86282507968],[-49.72733766131025,68.86280723692116],[-49.72786367663246,68.8627938499802],[-49.72834529599703,68.86258871647964],[-49.72882690719893,68.86238358135319],[-49.72930854228443,68.86217399870675]]],"type":"Polygon"},"id":"00000000000000000047","properties":{"area":78189.98188139388,"elevation":784.5786231884056,"region":"CW","year":2018},"type":"Feature"},{"geometry":{"coordinates":[[[-48.61300825311128,69.3641127658522],[-48.61068502446932,69.36321206051053],[-48.6068501706447,69.36291319183118],[-48.60301985810095,69.36261890384834],[-48.599216336242264,69.36251191854119],[-48.59528319265755,69.36164684707877],[-48.59141733662504,69.36116081220344],[-48.587582305125956,69.36086653703595],[-48.58727923873535,69.36220426485501],[-48.58697590204413,69.36354644186399],[-48.58775176224391,69.36486186577102],[-48.58852770826623,69.36617728808814],[-48.588224585194745,69.36751952959594],[-48.58792124336984,69.36886171832563],[-48.58708293549614,69.3702127532231],[-48.586240248757264,69.3715638937025],[-48.585941414643365,69.37290608572826],[-48.587252421763814,69.37420813348105],[-48.59108718429291,69.37450693153124],[-48.5936109928606,69.37349913601258],[-48.59606808794126,69.3721079285048],[-48.5995952975848,69.37069883082496],[-48.60205213256085,69.36930763224646],[-48.60565068618436,69.36827758481654],[-48.60810316087173,69.36688632077939],[-48.61055566126243,69.36549950913744],[-48.61300825311128,69.3641127658522]]],"type":"Polygon"},"id":"0000000000000000005b","properties":{"area":915819.1375491233,"elevation":1250.2907070192293,"region":"CW","year":2018},"type":"Feature"},{"geometry":{"coordinates":[[[-49.51792048522428,68.29614020721127],[-49.51689919290772,68.29617141809801],[-49.51583347214442,68.2960108938185],[-49.51480788068638,68.29604205501666],[-49.513866972241665,68.29644786710003],[-49.51288148321954,68.29667082555962],[-49.51181594325444,68.29651032275882],[-49.510754533904105,68.29634979272757],[-49.509728937734366,68.29638103320525],[-49.508663245062884,68.29622045279908],[-49.5076421090423,68.29625164722246],[-49.50772233321066,68.29663071583916],[-49.507802720305854,68.29700972021924],[-49.508395706510115,68.29737087142986],[-49.508475945970204,68.29774994060926],[-49.50954170206564,68.29791052330016],[-49.510602989458995,68.29807101046923],[-49.511588481515744,68.29785250880465],[-49.51265414974964,68.29800857344601],[-49.51367527170059,68.29798178218826],[-49.51466057033768,68.2977633226971],[-49.51560604559511,68.29735303289354],[-49.51666736168446,68.29751359024608],[-49.51713992112799,68.29730850371281],[-49.517059736183626,68.29692949260087],[-49.517492303177896,68.29653264708247],[-49.51792048522428,68.29614020721127]]],"type":"Polygon"},"id":"00000000000000000203","properties":{"area":65386.943912501825,"elevation":1055.2278147150944,"region":"CW","year":2018},"type":"Feature"},{"geometry":{"coordinates":[[[-49.81781725235891,68.72652374484414],[-49.81768334026394,68.7259529837367],[-49.81703243862853,68.7254000142495],[-49.81637703152752,68.72484708249947],[-49.81729087979307,68.7242451208621],[-49.81563678520055,68.72391514778194],[-49.814156280962706,68.72434325999922],[-49.81258670761744,68.72438781918727],[-49.81102147966572,68.72443683043144],[-49.80945642761437,68.72448587676121],[-49.80906409358987,68.7250700396126],[-49.80762813545736,68.72568987248445],[-49.8067185687134,68.72628740376408],[-49.80580421923319,68.72688936136332],[-49.80489035720114,68.7274913541007],[-49.80449786971117,68.72807550660544],[-49.80515327228023,68.7286284321818],[-49.80633047127948,68.72916794662106],[-49.80741843784432,68.72932403776994],[-49.80907277806544,68.7296539957399],[-49.81068711318706,68.72979671838225],[-49.812162935637915,68.72936863989338],[-49.812600041964934,68.72897625413212],[-49.81403589213932,68.72835643112725],[-49.81547165176708,68.72774103853058],[-49.81690316835528,68.72712121452015],[-49.81781725235891,68.72652374484414]]],"type":"Polygon"},"id":"00000000000000000031","properties":{"area":221766.90767537584,"elevation":801.4160628309095,"region":"CW","year":2018},"type":"Feature"},{"geometry":{"coordinates":[[[-50.15781456774413,68.6167584852553],[-50.15371223477466,68.61498378809493],[-50.15480021838464,68.61303514086673],[-50.149516245434796,68.61282556596062],[-50.144370427976234,68.61318676055163],[-50.13931832299255,68.61392692009677],[-50.13426177051931,68.61466716707929],[-50.129303299265544,68.61578195098065],[-50.12443826449843,68.61728022248302],[-50.119613601135754,68.61896575755353],[-50.11781662872523,68.62016970995828],[-50.11412433710727,68.62220303541311],[-50.10939343355781,68.62426762466346],[-50.107261958850096,68.62624744667211],[-50.1072082646617,68.62816042861395],[-50.1118815162601,68.62800884589629],[-50.1173127763288,68.62878466484626],[-50.12213737490141,68.62709914761814],[-50.127381462787284,68.6271169701249],[-50.12965096662474,68.62570787864664],[-50.133860537507566,68.6236567244619],[-50.13764172410369,68.62200689730017],[-50.14255566574803,68.62069587815229],[-50.14761236847002,68.61996009371978],[-50.15030549332756,68.61814974196724],[-50.15526399906914,68.61703049647026],[-50.15781456774413,68.6167584852553]]],"type":"Polygon"},"id":"0000000000000000002d","properties":{"area":1648391.1384942953,"elevation":758.860666351823,"region":"CW","year":2018},"type":"Feature"},{"geometry":{"coordinates":[[[-50.46683480764449,71.37756628368169],[-50.4661257866163,71.37720961497742],[-50.46482824940092,71.37686619378658],[-50.463526274194415,71.3765228594028],[-50.46222863597523,71.37617948275397],[-50.461524105017816,71.37581835982009],[-50.46081509072994,71.37545721321673],[-50.46070359631895,71.37507811561085],[-50.460587629319065,71.3746991151985],[-50.46047617276123,71.37432013524894],[-50.45976719537468,71.37395886614999],[-50.4590627765515,71.37359773240553],[-50.45787660209656,71.37363336712698],[-50.4567484494964,71.37386078055293],[-50.45556228314247,71.37389651559275],[-50.455673652483405,71.37427549869949],[-50.45578974090485,71.37465455456153],[-50.4564941432286,71.3750157027734],[-50.456605743985264,71.37539473732758],[-50.45731469004301,71.37575590262516],[-50.45801936149055,71.37611709628199],[-50.45932123399083,71.37646047586911],[-50.46061902713707,71.37680381064483],[-50.46132790386399,71.377165023883],[-50.46203234221705,71.37752169336223],[-50.463276602493806,71.37767776137137],[-50.46446259208536,71.37764210042943],[-50.46564878489421,71.37760648265578],[-50.46683480764449,71.37756628368169]]],"type":"Polygon"},"id":"00000000000000000186","properties":{"area":67097.48866901438,"elevation":1238.9614580541415,"region":"CW","year":2018},"type":"Feature"},{"geometry":{"coordinates":[[[-50.21540394165897,71.82437270467685],[-50.214632703410146,71.82382421708795],[-50.212037430250156,71.82332479747956],[-50.209388667306364,71.82263362620787],[-50.207346343728005,71.8219291232796],[-50.20834065238911,71.8211354077058],[-50.20811785316439,71.8203773368723],[-50.20608017728135,71.81967279351736],[-50.2046441371921,71.81895046434653],[-50.20216047350497,71.81883002946738],[-50.19973466825135,71.81889691028604],[-50.19753193612504,71.81972633227423],[-50.1953247378875,71.82055122814201],[-50.196760587086004,71.82127363892617],[-50.19515967763878,71.82208521478594],[-50.19477163227818,71.82286107373078],[-50.194388260425434,71.82363244110604],[-50.194606620242524,71.82439053843508],[-50.19422311880422,71.82516642315781],[-50.19504836050466,71.82590662898644],[-50.197643331343286,71.82640603328603],[-50.200069307725386,71.8263346949545],[-50.2026644633277,71.82683413665552],[-50.20514345600734,71.82695451190942],[-50.20768527755754,71.82726661555431],[-50.20988810577363,71.82644176233141],[-50.21226048944838,71.82618310151562],[-50.21463262553995,71.82592447083822],[-50.215020598292135,71.82514860248712],[-50.21540394165897,71.82437270467685]]],"type":"Polygon"},"id":"00000000000000000196","properties":{"area":455818.47063020925,"elevation":1458.1781221585293,"region":"CW","year":2018},"type":"Feature"},{"geometry":{"coordinates":[[[-49.83465914278237,68.29093641502271],[-49.8326124534378,68.29099883366936],[-49.8306103115904,68.29125298984482],[-49.828648234694256,68.2916944855073],[-49.8267756579936,68.29251941592788],[-49.82481804796682,68.29296086876896],[-49.8249026341585,68.29333989273006],[-49.823538218468386,68.2941469885637],[-49.82217819158673,68.29494959018584],[-49.82183922526129,68.29572553052415],[-49.82047494298192,68.29652814570694],[-49.82013606437363,68.29730401929325],[-49.81979700348225,68.29807539955036],[-49.82048365573036,68.29882010153868],[-49.82061306527411,68.29938645457645],[-49.82261524019897,68.29913223354434],[-49.824661926668206,68.29906987412475],[-49.826155550450046,68.29883350733212],[-49.82751566639865,68.29802641838053],[-49.828367412626896,68.29723717430151],[-49.82921910612321,68.29644792602753],[-49.831091865059385,68.29562739670406],[-49.83194360114083,68.29483818626163],[-49.832282426323644,68.2940622735151],[-49.832621396231616,68.29329085483958],[-49.83346854557466,68.29249712073569],[-49.833807460061465,68.29172570152554],[-49.83465914278237,68.29093641502271]]],"type":"Polygon"},"id":"0000000000000000022c","properties":{"area":291269.11379225116,"elevation":879.0280539641471,"region":"CW","year":2018},"type":"Feature"},{"geometry":{"coordinates":[[[-49.417166917246384,68.38848822947223],[-49.416533688985815,68.38793525297724],[-49.4148705211513,68.38740907627167],[-49.413287583654586,68.38726192339736],[-49.41166437514809,68.38692745654853],[-49.41012616211291,68.38697209499277],[-49.40846267593413,68.38644591764907],[-49.40679968940755,68.3859242044426],[-49.405653447055016,68.38538464372108],[-49.404583488899775,68.38522412489127],[-49.403080575021605,68.38545596567573],[-49.40161811278498,68.38587963574335],[-49.400195619166084,68.38649053554226],[-49.40078858045171,68.38685615708482],[-49.40142177043485,68.38740907498186],[-49.40308068980428,68.38793524799172],[-49.40371379483744,68.3884882212643],[-49.40525675933986,68.38844356412524],[-49.40687971933824,68.3887824964468],[-49.40846279610131,68.38892516528098],[-49.41004563626683,68.38907232168518],[-49.4115886352133,68.38902771069546],[-49.41321163552147,68.38936219165518],[-49.41471450971915,68.38913030233479],[-49.41621719294255,68.38889846088546],[-49.417166917246384,68.38848822947223]]],"type":"Polygon"},"id":"0000000000000000003e","properties":{"area":167811.24766368204,"elevation":1048.166797964529,"region":"CW","year":2018},"type":"Feature"},{"geometry":{"coordinates":[[[-49.272491449446385,69.0945645866258],[-49.27130518105983,69.09402500376723],[-49.270172669724964,69.0936772165916],[-49.2679698592138,69.0933516761416],[-49.2660748675461,69.09311086988204],[-49.26443389187218,69.09325801396933],[-49.26262335240119,69.09330258893225],[-49.26071499831389,69.09316437833957],[-49.25940411014159,69.09320004863129],[-49.25724126915479,69.09306633233345],[-49.255538053185795,69.09377081349615],[-49.25519902322154,69.0937797523236],[-49.25323262329871,69.09460020414832],[-49.25126160020222,69.09541620334691],[-49.25301417386113,69.09613414327659],[-49.25313438514164,69.09670488502783],[-49.25484682523969,69.09694122804322],[-49.25640748189293,69.09699921049493],[-49.25845422886345,69.09656220367712],[-49.25999259759435,69.09604050112006],[-49.261530782323575,69.09590673377453],[-49.26369816220891,69.0960404926692],[-49.26578926457324,69.095790783416],[-49.26763100225038,69.09564811644253],[-49.269187182063796,69.09541619320531],[-49.27110909003816,69.09565253050017],[-49.271586261889915,69.09535382624647],[-49.272491449446385,69.0945645866258]]],"type":"Polygon"},"id":"0000000000000000005c","properties":{"area":240478.4214804449,"elevation":573.676240928438,"region":"CW","year":2018},"type":"Feature"},{"geometry":{"coordinates":[[[-48.88520497128214,69.76517768097509],[-48.879831861304304,69.76587775855066],[-48.87445424517555,69.76657780737965],[-48.86885356955583,69.76613640477046],[-48.86336452341494,69.76626570608165],[-48.85769249915937,69.76544078026384],[-48.8545799715944,69.76360808716507],[-48.859846325760905,69.76233720374175],[-48.86525525798468,69.76182887828267],[-48.870119966873816,69.7613339206666],[-48.866641928288814,69.76046443678663],[-48.86112143795168,69.76040197041297],[-48.85563241217878,69.76052680726076],[-48.85021903488494,69.76103518927593],[-48.8448458708366,69.76173526508971],[-48.843896092085046,69.76252005387047],[-48.839873906649494,69.76452215919036],[-48.840792508803226,69.7664083897751],[-48.8465759316233,69.76779967624604],[-48.85191353180421,69.76691228421159],[-48.85754969998135,69.76754548121062],[-48.86307455200294,69.76760783984757],[-48.868603835502824,69.76766583914183],[-48.873976933679984,69.76697023065586],[-48.879506467502004,69.7670326624682],[-48.884843804549995,69.76614081886791],[-48.88520497128214,69.76517768097509]]],"type":"Polygon"},"id":"000000000000000000b0","properties":{"area":623120.6141835663,"elevation":1373.0712433760152,"region":"CW","year":2018},"type":"Feature"},{"geometry":{"coordinates":[[[-48.239130375504395,68.38267793906715],[-48.23586630686107,68.38160337470596],[-48.231777314480716,68.38187530688883],[-48.22788909256796,68.3834805860009],[-48.22376873990529,68.38356533935517],[-48.219769076420356,68.38441257223465],[-48.22051364535363,68.38591978405589],[-48.219202728753764,68.38747153518531],[-48.215225140736315,68.38850606753475],[-48.211310124701356,68.38991960542235],[-48.20735931265876,68.39114583984959],[-48.2033551166452,68.39198858723898],[-48.19929276153466,68.39245233047431],[-48.195087936940595,68.39197077604173],[-48.19105240649388,68.39262178229068],[-48.19477117027628,68.3933084598498],[-48.19906549700838,68.39436081243136],[-48.20315871487494,68.39408881531575],[-48.20725231282391,68.39381231115505],[-48.21122536832234,68.39277784231615],[-48.21517612797597,68.39155610338919],[-48.21912231384977,68.39032980103222],[-48.22203855337031,68.38912583159042],[-48.225927136675,68.38752054709015],[-48.22981093202068,68.38591531670126],[-48.23375715691872,68.38469352527072],[-48.23773030752988,68.38365900171203],[-48.239130375504395,68.38267793906715]]],"type":"Polygon"},"id":"000000000000000001b4","properties":{"area":615003.0738625142,"elevation":1484.8888457671076,"region":"CW","year":2018},"type":"Feature"},{"geometry":{"coordinates":[[[-48.043977719680704,68.74501114828021],[-48.03939833772078,68.74242932628441],[-48.03189822257659,68.74143047178543],[-48.024451555652014,68.74081068568334],[-48.01747751291378,68.74342373507949],[-48.014195617360336,68.74615270644506],[-48.0109135441176,68.74888609351272],[-48.00658383669938,68.75163741236312],[-48.002775732476735,68.75437967632843],[-48.003159297566334,68.75703736379914],[-48.00983896198249,68.75957908394484],[-48.017232139643305,68.75981986291183],[-48.02443364733549,68.75873183896226],[-48.030917119967825,68.75631941454621],[-48.02371571401071,68.75740749769065],[-48.016545585723804,68.75869168776124],[-48.009009506429756,68.75750110102261],[-48.01176962551643,68.75477658283825],[-48.015051674287044,68.75204759638254],[-48.01990769672009,68.7492830062102],[-48.02266330501809,68.74656291228024],[-48.02646683101713,68.7438205718508],[-48.03255807085458,68.74237135083692],[-48.040116294941335,68.74374924178841],[-48.04103040849662,68.74640234021844],[-48.043977719680704,68.74501114828021]]],"type":"Polygon"},"id":"00000000000000000224","properties":{"area":908558.444434962,"elevation":1502.8708449893845,"region":"CW","year":2018},"type":"Feature"},{"geometry":{"coordinates":[[[-48.60643990894665,68.79113605774799],[-48.60634192125522,68.79056979747435],[-48.60571750636284,68.79000791525793],[-48.60410793099267,68.78985634018723],[-48.602600656478785,68.79027107156188],[-48.601062246865425,68.79049839243115],[-48.59951950568874,68.79072137083077],[-48.59804343854872,68.79132781859273],[-48.5965674810813,68.79193430549316],[-48.59660318288736,68.79212601760517],[-48.597222950096054,68.79268344471025],[-48.59732559151588,68.79325420166542],[-48.596897646483306,68.79383384627562],[-48.59752178259596,68.79439571737007],[-48.59761993709732,68.79496197814238],[-48.599296548667375,68.79549711982187],[-48.59991627784341,68.79605448442432],[-48.600509351985316,68.79642463165659],[-48.60198530537963,68.79581816189219],[-48.60293507224316,68.79522508461314],[-48.603884976522075,68.7946320557252],[-48.60378673218094,68.79406130136171],[-48.60473655489109,68.79346814980588],[-48.605164724885,68.79288409168919],[-48.605588304919245,68.79229991527997],[-48.605490148172755,68.79173359884915],[-48.60643990894665,68.79113605774799]]],"type":"Polygon"},"id":"00000000000000000243","properties":{"area":177870.77749639537,"elevation":1308.065210534616,"region":"CW","year":2018},"type":"Feature"},{"geometry":{"coordinates":[[[-50.0189896211814,70.52557927679257],[-50.018837929737835,70.525012908229],[-50.01812015831964,70.52446001414805],[-50.01740204767719,70.52390712945729],[-50.01782117411448,70.52332297245634],[-50.01653252830176,70.52278780626841],[-50.01638542350444,70.52221706742716],[-50.01680454725592,70.52163291362258],[-50.01494963782772,70.52111121500216],[-50.01423171008166,70.52055831667056],[-50.013513650921496,70.52000981654716],[-50.011658769107875,70.51948814379143],[-50.009955398341845,70.51953715996454],[-50.00839910009232,70.52015695479648],[-50.008448207073414,70.52034872305016],[-50.00859978086776,70.52091503459812],[-50.00874705660609,70.52148576737345],[-50.00832792545495,70.52206995053774],[-50.00847954228413,70.52264071669347],[-50.00862642125254,70.52320700846218],[-50.00820746405449,70.52379558037502],[-50.00835905843954,70.52436189299942],[-50.00850618001039,70.52493269207977],[-50.00808715719645,70.52551680983203],[-50.00823862050477,70.52608764230038],[-50.00952270779005,70.52662267670705],[-50.010240722221624,70.52717559914016],[-50.012095798880274,70.52769285189393],[-50.013750084256074,70.52745657842408],[-50.01535980420437,70.52702396793592],[-50.01691167334918,70.52640419847991],[-50.01799965050573,70.5261812274952],[-50.0189896211814,70.52557927679257]]],"type":"Polygon"},"id":"0000000000000000014b","properties":{"area":259226.86543107565,"elevation":824.9891561297421,"region":"CW","year":2018},"type":"Feature"},{"geometry":{"coordinates":[[[-48.742339847874455,69.40024483312965],[-48.74209473942333,69.3989204344651],[-48.74130560000938,69.3976005939525],[-48.7394458873886,69.39631190228705],[-48.738661246644725,69.39499644188572],[-48.73478185908948,69.39451043738805],[-48.730973681109596,69.39440788468129],[-48.72713458373093,69.39411804040303],[-48.72329058700464,69.39382372205253],[-48.71948705999732,69.39372115888094],[-48.71581718938452,69.39437664954953],[-48.71211614306488,69.3948404140191],[-48.712151792798245,69.39503216014674],[-48.71347605247355,69.39633421151879],[-48.71587525877757,69.39761400817703],[-48.71773915650829,69.39890713158978],[-48.71851955309013,69.40022255881418],[-48.718764776956334,69.40155134280317],[-48.72062863355278,69.40284000748028],[-48.72303192618782,69.40411979564186],[-48.72697829186573,69.40498486078728],[-48.730822165308744,69.40527469845163],[-48.734558722996645,69.40499826055768],[-48.73815738934995,69.40396372579542],[-48.741216349306534,69.40294259259781],[-48.74204575645989,69.40158704966927],[-48.742339847874455,69.40024483312965]]],"type":"Polygon"},"id":"00000000000000000063","properties":{"area":1096710.4609956571,"elevation":1207.6115039626363,"region":"CW","year":2018},"type":"Feature"},{"geometry":{"coordinates":[[[-49.495196649300226,69.55401694061862],[-49.49502745222536,69.55325887923188],[-49.49426926559642,69.55232695377093],[-49.49459909950525,69.55136377964035],[-49.491674052755144,69.55048977687188],[-49.48983260206312,69.54958458831524],[-49.488534913967705,69.5486660394836],[-49.486697691180524,69.54776080755968],[-49.486483589369485,69.5468155157102],[-49.48572998646809,69.54587909828695],[-49.486060086961885,69.54491595225748],[-49.48330433955756,69.54479992786038],[-49.48050834260958,69.5444967648876],[-49.47771276745253,69.54419353660786],[-49.475001404392636,69.54426490555774],[-49.47241511327008,69.54490701294878],[-49.472000447782946,69.54549113966422],[-49.47221011073516,69.54644095842656],[-49.47296815094211,69.5473729024334],[-49.47480516721909,69.54827806028081],[-49.47773058074964,69.54915206651452],[-49.480655481163865,69.55002603744926],[-49.48349601350912,69.550520979779],[-49.48642129700897,69.55139495415189],[-49.48934644860622,69.55226899991496],[-49.49227161490348,69.5531429345599],[-49.495196649300226,69.55401694061862]]],"type":"Polygon"},"id":"000000000000000000a5","properties":{"area":408596.23059866903,"elevation":1091.3674808762175,"region":"CW","year":2018},"type":"Feature"},{"geometry":{"coordinates":[[[-49.54887092120517,68.70167763218676],[-49.54809959047726,68.70055395248916],[-49.54733251485987,68.69943025134334],[-49.54760449114456,68.69827979305497],[-49.54438948221813,68.6979899541743],[-49.541339606242474,68.69845817009913],[-49.537959513530886,68.69741023597776],[-49.53470872889111,68.69693313292474],[-49.531739085834225,68.69778033088596],[-49.52877390118494,68.69863205015339],[-49.52572819883332,68.69910024335435],[-49.52276288900978,68.69994744317022],[-49.51987779820528,68.70117821817166],[-49.519079619634084,68.70234645224978],[-49.51880762315939,68.70350137397173],[-49.52113973606499,68.70457604824585],[-49.5245198263716,68.70562832895361],[-49.52789977089679,68.70667627971814],[-49.53107452434841,68.70677436751097],[-49.5324748658091,68.70597173039965],[-49.534838107324575,68.70475882093328],[-49.53784364329887,68.70409891446889],[-49.54049675030296,68.70421035988505],[-49.54286015519343,68.70299752768268],[-49.5457406807553,68.70176679772678],[-49.54887092120517,68.70167763218676]]],"type":"Polygon"},"id":"00000000000000000291","properties":{"area":817108.1732287323,"elevation":974.4301899557177,"region":"CW","year":2018},"type":"Feature"},{"geometry":{"coordinates":[[[-50.53866215447034,71.33021511349163],[-50.53341363548637,71.32865892504572],[-50.5263905913586,71.32715613189762],[-50.51977342327284,71.3269778343666],[-50.51332096197483,71.32737018557438],[-50.5071005546066,71.32851619657313],[-50.50654747228188,71.33063873527502],[-50.50539722258876,71.33277466731239],[-50.50543285906355,71.33487933325932],[-50.504879869566814,71.33700184702651],[-50.50550424780571,71.339084259003],[-50.50909383652756,71.34107751610651],[-50.51504671946474,71.34299937946652],[-50.520776638786444,71.34415876754646],[-50.52728697698282,71.34395809062283],[-50.5296190551146,71.34178198480154],[-50.524767597492904,71.34155014640734],[-50.51768627910067,71.339855704589],[-50.515871663341564,71.33780894178614],[-50.5140613244601,71.33576225676578],[-50.51225097771268,71.33371104461831],[-50.51398544856306,71.3315528474488],[-50.51809226041982,71.3293232698692],[-50.52448219503845,71.32874357673636],[-50.53133146708594,71.32968002932252],[-50.538412359174735,71.33137003401058],[-50.53866215447034,71.33021511349163]]],"type":"Polygon"},"id":"00000000000000000182","properties":{"area":829036.7559708273,"elevation":1254.0543043010343,"region":"CW","year":2018},"type":"Feature"},{"geometry":{"coordinates":[[[-48.47744707816707,69.39870193651377],[-48.47738003393432,69.39831850399658],[-48.4756990537989,69.39797514816419],[-48.47401363931082,69.39763182312237],[-48.47239934613841,69.39766304830556],[-48.47071830525661,69.39731969777674],[-48.469130929854245,69.39754261525373],[-48.467547758981105,69.39777003035663],[-48.46592914717706,69.3978012869541],[-48.46434628302521,69.39802865770177],[-48.46276312100687,69.39825163552027],[-48.46117597592213,69.39847457355407],[-48.459624080871684,69.3988893157574],[-48.457974168927976,69.39873323888843],[-48.45804117103812,69.39911223236177],[-48.458678692243254,69.39967410898635],[-48.458237277205065,69.40025377437017],[-48.458335423027606,69.40082451426925],[-48.4584289982037,69.40139086565496],[-48.45852715391592,69.40196160632007],[-48.460243978936425,69.40249668116611],[-48.46189380193777,69.40265274210975],[-48.463512294741435,69.40261710216782],[-48.46513095112707,69.40258138046778],[-48.46678082181052,69.40273750300496],[-48.46833265964174,69.40232274450587],[-48.46991568754054,69.40209983103186],[-48.47143630172274,69.40149785176516],[-48.47301914569178,69.40127046510429],[-48.474606536420204,69.40104744922844],[-48.47612274197224,69.40044102311866],[-48.47656427071426,69.39986134677751],[-48.47700577855576,69.39928166945268],[-48.47744707816707,69.39870193651377]]],"type":"Polygon"},"id":"0000000000000000004b","properties":{"area":335876.1005701977,"elevation":1334.2105534547952,"region":"CW","year":2018},"type":"Feature"},{"geometry":{"coordinates":[[[-48.69926503894036,68.42002744515966],[-48.696518172220216,68.41914007108176],[-48.69738333111822,68.41816349838975],[-48.69721831466765,68.41721816262407],[-48.697053346782255,68.41626833400919],[-48.69585379596514,68.41534093335692],[-48.69517157843362,68.41440444621304],[-48.694489429092286,68.4134680755045],[-48.691813944430635,68.41295977585378],[-48.68923652886153,68.41302211283397],[-48.686726092764104,68.41346365191949],[-48.68421554675152,68.41390502716753],[-48.681807798712555,68.41491283443018],[-48.68183889540938,68.41510456553183],[-48.68252113781317,68.416040928374],[-48.682168923012156,68.41699966640297],[-48.68233833321251,68.41794943656342],[-48.68198604919219,68.41891267253777],[-48.68215098171629,68.41986244993231],[-48.68335046549792,68.42078542071604],[-48.684545567411234,68.42170850405891],[-48.685227749581294,68.42264487688477],[-48.68694012026547,68.42355902868103],[-48.68955304271505,68.42368832311075],[-48.69206359732583,68.42324692575886],[-48.693445967234744,68.42226137554138],[-48.69585382345877,68.42124915254084],[-48.69840009077885,68.4209994754787],[-48.69926503894036,68.42002744515966]]],"type":"Polygon"},"id":"000000000000000001d8","properties":{"area":618661.0847108877,"elevation":1339.4618055155076,"region":"CW","year":2018},"type":"Feature"},{"geometry":{"coordinates":[[[-49.344140265436025,69.81351430933466],[-49.343422236354975,69.81276963838523],[-49.34088062107885,69.81379078362795],[-49.33833897440974,69.81481193815819],[-49.335801678331244,69.81583308929952],[-49.333862106305624,69.816640153197],[-49.3333448637375,69.81723319924406],[-49.330803086856186,69.81825438346176],[-49.329358283833066,69.81924875566197],[-49.32852895839164,69.8199979059105],[-49.32690573239873,69.82067120574186],[-49.32557264477941,69.82161652449577],[-49.32577775904866,69.8225662809991],[-49.32645088988389,69.82311920973642],[-49.327610277710676,69.82387728279151],[-49.33031708577741,69.82361419616382],[-49.33188228536194,69.8231950185109],[-49.33236380797188,69.82239243976426],[-49.331605826225875,69.82146041655224],[-49.33024124793081,69.82075145616665],[-49.33113753366949,69.81979270749214],[-49.33265818685048,69.81916400153041],[-49.33368815895365,69.81835691867852],[-49.33571268225171,69.81752305778181],[-49.33816516104792,69.81653760966358],[-49.34070663465598,69.81551646806962],[-49.343248440229104,69.81449532486519],[-49.344140265436025,69.81351430933466]]],"type":"Polygon"},"id":"000000000000000000ce","properties":{"area":184895.85796307566,"elevation":1122.3734476467012,"region":"CW","year":2018},"type":"Feature"},{"geometry":{"coordinates":[[[-48.637029311506694,69.40149336125641],[-48.635816482628904,69.40075760099661],[-48.633591305742044,69.4004276570924],[-48.631366185478846,69.40009767880174],[-48.62914118325132,69.39976328188779],[-48.62698745230549,69.39981229208682],[-48.62486491402255,69.40005307329052],[-48.6227067239848,69.40009768953529],[-48.620584298167856,69.40033846131482],[-48.61839469634513,69.40019577354899],[-48.61624109096573,69.40024479366716],[-48.614082869906845,69.40028939725647],[-48.611995992561795,69.400717525719],[-48.6098065315244,69.40057926270474],[-48.60768399518586,69.40081557579086],[-48.6055971359831,69.40124366482428],[-48.607247016638404,69.40139527722488],[-48.609472042836714,69.4017297165286],[-48.61166160685413,69.4018679852256],[-48.61381548000456,69.40182335537064],[-48.61604033029758,69.40215331763606],[-48.618198586037416,69.40210424614416],[-48.620388002388125,69.40224694695884],[-48.62257744054499,69.40238961426242],[-48.62476691815355,69.40253236605463],[-48.6268893166043,69.40229159535507],[-48.62911452545551,69.40262602920536],[-48.631237068727,69.40238524807071],[-48.633395134295796,69.4023361280522],[-48.63554885252657,69.402291587407],[-48.637029311506694,69.40149336125641]]],"type":"Polygon"},"id":"00000000000000000054","properties":{"area":249520.9461610371,"elevation":1255.763662601919,"region":"CW","year":2018},"type":"Feature"},{"geometry":{"coordinates":[[[-50.55993186880842,71.81843316535902],[-50.55854064568592,71.81790255147337],[-50.55672150239207,71.81795602964664],[-50.55478610463912,71.81763053897461],[-50.55278844643281,71.81711777782407],[-50.55079526621544,71.81660495844083],[-50.54940398160425,71.8160742800931],[-50.54813310701488,71.8159226929762],[-50.546255850625585,71.81578890235855],[-50.54426257308771,71.8152761343247],[-50.542269387480644,71.81476334180711],[-50.540878241333104,71.81423265622843],[-50.5395493814717,71.81388932896648],[-50.53778810247358,71.81413458276205],[-50.53790843762914,71.81451362734352],[-50.53747595030762,71.8151022179289],[-50.53583508920275,71.8157220268537],[-50.53661979034882,71.8162705254415],[-50.53800671348893,71.81680561605435],[-50.53818505428748,71.81737187984],[-50.53835883635996,71.81793824233954],[-50.53908127155188,71.81829942432903],[-50.54102088205674,71.8186249518968],[-50.54301419337017,71.81913770789359],[-50.54494938695119,71.8194587685397],[-50.54688899759706,71.81978429169284],[-50.54864604796035,71.81953904008756],[-50.55064363293051,71.82005180035256],[-50.552463005932196,71.81999387269667],[-50.554219975545,71.81975307918276],[-50.55598134074652,71.81950783115187],[-50.557742661822736,71.81926256361189],[-50.559441559526604,71.81883003173046],[-50.55993186880842,71.81843316535902]]],"type":"Polygon"},"id":"000000000000000001a0","properties":{"area":275642.4379917491,"elevation":1115.5854298502857,"region":"CW","year":2018},"type":"Feature"},{"geometry":{"coordinates":[[[-49.350333824753655,68.60117392416558],[-49.34917904841689,68.60063437347337],[-49.34905864653712,68.60006365163783],[-49.347899250353926,68.59952406319762],[-49.34778339810186,68.59895331681037],[-49.347662936094395,68.59838703904995],[-49.34754691232623,68.59781624039954],[-49.34742662464861,68.59724989939166],[-49.345750103619544,68.5967237476039],[-49.34407330464204,68.5961975871959],[-49.342396736063726,68.59567134284688],[-49.34084038106596,68.59571154051268],[-49.33923971065404,68.59556433716855],[-49.337603138360926,68.59522993998432],[-49.33604703781089,68.59527451575137],[-49.33616289094922,68.59584087689697],[-49.33628332343011,68.59641159300024],[-49.33639924763218,68.59698233412331],[-49.33807576913595,68.59750853496612],[-49.33975235837193,68.59803471622824],[-49.34039015893859,68.59858762867145],[-49.34102782490436,68.59914060323402],[-49.341665579516786,68.5996979544443],[-49.34334203980867,68.60022410613216],[-49.34450153909315,68.6007636690662],[-49.345580489615685,68.60092423143112],[-49.3472572909552,68.60145039079276],[-49.34881792536484,68.60140579311006],[-49.350333824753655,68.60117392416558]]],"type":"Polygon"},"id":"00000000000000000254","properties":{"area":197075.33444968404,"elevation":1060.993624038109,"region":"CW","year":2018},"type":"Feature"},{"geometry":{"coordinates":[[[-49.368455775016045,68.89278128025647],[-49.36784924651782,68.89241563635181],[-49.36776459398075,68.89203658869796],[-49.36663192777151,68.89168880146492],[-49.36549938942407,68.89133655969356],[-49.36489293884163,68.89097090417039],[-49.364322170119856,68.89079705237505],[-49.36326969152651,68.89082374907929],[-49.36217726666157,68.8906632088715],[-49.36108485476076,68.89050266020733],[-49.36002799940136,68.89052941094229],[-49.358935440409496,68.89036890995953],[-49.3578430795992,68.89020845393608],[-49.35682638227123,68.89042684499755],[-49.355814089693126,68.89064538598413],[-49.354842101934196,68.89105563865297],[-49.35492250062789,68.89143464217034],[-49.353945898950535,68.89184491383155],[-49.35402593721885,68.89222392931485],[-49.35463699797365,68.89258954312221],[-49.354717234804895,68.89296861217507],[-49.35532375605966,68.89333424841422],[-49.355930109791494,68.89369982889934],[-49.35601037050714,68.89407889803496],[-49.35714307632784,68.89443115411332],[-49.35823985971045,68.89459172136955],[-49.35929213862234,68.89456495628953],[-49.36034451224707,68.89453373756693],[-49.361441667137,68.89469426878455],[-49.36249394346604,68.8946674795449],[-49.363506004143076,68.89444901777556],[-49.36448272422932,68.89403873049082],[-49.3654949250609,68.89382030776211],[-49.36650708632144,68.89360175987947],[-49.36756399087536,68.89357057910968],[-49.367479338098384,68.89319153052223],[-49.368455775016045,68.89278128025647]]],"type":"Polygon"},"id":"00000000000000000002","properties":{"area":204391.35614613985,"elevation":983.2710130531007,"region":"CW","year":2018},"type":"Feature"},{"geometry":{"coordinates":[[[-49.107959431905186,69.49152711226839],[-49.10780344046644,69.49076461221145],[-49.107107738743636,69.49001991172854],[-49.104824783157945,69.48950713341952],[-49.10262202384069,69.48936889939999],[-49.100459315470985,69.48942690140251],[-49.09825208652801,69.48928867022381],[-49.096089321976244,69.489342103138],[-49.09388667314703,69.48920835602195],[-49.091723917170235,69.48926184094138],[-49.08955684351149,69.48931541659107],[-49.08751006057025,69.48993962797593],[-49.085499092453134,69.49075569402262],[-49.08557482641414,69.49113472771795],[-49.085730795553104,69.49189272608415],[-49.08534300033096,69.49266416968092],[-49.08604314434138,69.49340883226299],[-49.08673850155867,69.49415795718315],[-49.08797373735863,69.49488923715653],[-49.088129999368036,69.4956472906845],[-49.090448587512654,69.49635182660664],[-49.091683877097026,69.49708314153992],[-49.093926641228414,69.49740865325273],[-49.0960937264914,69.49735515212228],[-49.09822081431258,69.49710984895393],[-49.1002319350893,69.49629833714924],[-49.101159513481846,69.4955090637208],[-49.102086886796044,69.49472423411686],[-49.10300989537084,69.49393952289047],[-49.10502089759276,69.49312343208747],[-49.106487872628,69.49232528764917],[-49.107959431905186,69.49152711226839]]],"type":"Polygon"},"id":"0000000000000000007e","properties":{"area":583124.5426678576,"elevation":1166.830574838631,"region":"CW","year":2018},"type":"Feature"},{"geometry":{"coordinates":[[[-48.21391432211687,68.37310875090799],[-48.21334332485348,68.37273864623603],[-48.212340129170705,68.37294819594919],[-48.21134123113817,68.37315781363522],[-48.21034235862559,68.37337185470061],[-48.209281117349946,68.37320239711701],[-48.20825113865366,68.3732246456882],[-48.20725237205854,68.37343428824956],[-48.20622221629838,68.3734565844269],[-48.2051922221949,68.37347880984913],[-48.20416649881198,68.37349667236585],[-48.2031365144975,68.37351900006786],[-48.20210652755619,68.37354131998008],[-48.20216441539026,68.37392030832491],[-48.2011922850066,68.37432160990451],[-48.20022030247902,68.37472295967711],[-48.200790980525916,68.37509306561513],[-48.20185223657876,68.37526247225938],[-48.202824391661515,68.37486116522611],[-48.20385013051455,68.37483888226068],[-48.204880002830976,68.37481661222456],[-48.20591003681333,68.37479427143708],[-48.20688228616806,68.3743929904783],[-48.20791217766229,68.37437512815102],[-48.208911111753935,68.37416110461498],[-48.209914550289085,68.37395151685774],[-48.210940076326466,68.37392924340679],[-48.211912030548596,68.37352787211931],[-48.212915252861144,68.37331832537376],[-48.21391432211687,68.37310875090799]]],"type":"Polygon"},"id":"000000000000000001c1","properties":{"area":59899.92764020103,"elevation":1481.5505747126435,"region":"CW","year":2018},"type":"Feature"},{"geometry":{"coordinates":[[[-49.695691200050604,68.86566104458652],[-49.69564670110804,68.86546930156459],[-49.69508048012836,68.86529541590102],[-49.69450952033547,68.86512151105504],[-49.69446499332152,68.86493421376112],[-49.69442490258448,68.86474249943922],[-49.69385412328453,68.86456852735341],[-49.69328337392659,68.86439467078543],[-49.69275730806432,68.8644080447269],[-49.69223103921129,68.86442592734869],[-49.691664678473344,68.8642519753567],[-49.69109395045173,68.86407811001429],[-49.690567888839844,68.86409147570494],[-49.69004178727627,68.86410928527556],[-49.689475284401425,68.86393538937094],[-49.688904577717366,68.86376151525448],[-49.68837833469496,68.86377481971657],[-49.68785207354977,68.86379268582135],[-49.687285980649655,68.86361432353534],[-49.68671510975051,68.86344038766714],[-49.686188853524854,68.86345824750404],[-49.68566279954598,68.86347159470355],[-49.68513654128694,68.86348945056004],[-49.68465508115327,68.8636945922589],[-49.68417342720553,68.8638996793498],[-49.68421362317904,68.86409144896827],[-49.68425807150404,68.86427874891561],[-49.68430282956312,68.86447048297582],[-49.68486912611671,68.86464434698976],[-49.68543982761324,68.86481823787278],[-49.6860061616752,68.86499221520967],[-49.68657687852701,68.86516610161051],[-49.68710317044837,68.86514824041012],[-49.687629258349425,68.8651348878831],[-49.68819998887905,68.86530876774212],[-49.688766351910765,68.86548273414125],[-49.68933709779546,68.86565660951773],[-49.68990345389773,68.86583045370065],[-49.690474051686635,68.86600438938805],[-49.69104500630085,68.8661783110068],[-49.69161118313132,68.86635665919276],[-49.692137330277596,68.86633884382724],[-49.69262352165875,68.86613369230636],[-49.693105143877915,68.86592857508238],[-49.69358659449805,68.86572352103012],[-49.69411288908773,68.86570563336225],[-49.69463898093171,68.86569225438792],[-49.69516511005108,68.86567442753866],[-49.695691200050604,68.86566104458652]]],"type":"Polygon"},"id":"00000000000000000046","properties":{"area":75446.4737452892,"elevation":809.5139098453412,"region":"CW","year":2018},"type":"Feature"},{"geometry":{"coordinates":[[[-47.91568510636978,68.52353649740523],[-47.9155290779476,68.52239943685358],[-47.91230949746948,68.52169493162562],[-47.90956263027739,68.52060691510546],[-47.91044113762671,68.51944750104032],[-47.909763344136664,68.51831487297966],[-47.906575168244174,68.51780209990478],[-47.90341366354016,68.51748108392269],[-47.90024772684608,68.51715997281303],[-47.897059371586764,68.51664716841094],[-47.89397824084879,68.51689243317243],[-47.890865753991655,68.5169504482871],[-47.88895274108095,68.51813209447509],[-47.888069822287925,68.51929143796833],[-47.89063827127345,68.51905070690366],[-47.893773155628004,68.51918444463071],[-47.89685873974016,68.51893478226184],[-47.899966786088015,68.51887678930201],[-47.903208392904666,68.51976858679883],[-47.90595973466935,68.52086105689325],[-47.90557184737481,68.52181981123759],[-47.90875998936847,68.52233256532065],[-47.91202862288276,68.52341611978962],[-47.91322362243528,68.5245353208795],[-47.91532384092216,68.52468700608362],[-47.91568510636978,68.52353649740523]]],"type":"Polygon"},"id":"000000000000000001b5","properties":{"area":306815.6598972192,"elevation":1559.8399591081923,"region":"CW","year":2018},"type":"Feature"},{"geometry":{"coordinates":[[[-48.21577796567457,69.06082697602278],[-48.20749762942462,69.05890062469986],[-48.199217022521495,69.05697436204463],[-48.190820605130355,69.05428995469187],[-48.18507704006903,69.05154759753016],[-48.184582182963794,69.04877404119598],[-48.18319543636239,69.04629477994432],[-48.183868809266805,69.04377096493987],[-48.18656202129635,69.04090818166792],[-48.19201990695439,69.0383174441883],[-48.19978315715879,69.03682810321757],[-48.20172758619566,69.0356419732771],[-48.19375894401443,69.0358025110037],[-48.18591095430562,69.03672109793173],[-48.17883443969252,69.03873656865069],[-48.17744766105222,69.04009220483444],[-48.17618583242035,69.04221020688497],[-48.1759004475522,69.04436396028073],[-48.17632845681486,69.04658459372241],[-48.176047599704184,69.04875174866903],[-48.17799614596493,69.05100355437771],[-48.18154129574544,69.05322421651425],[-48.18783747618715,69.05595763387096],[-48.19625622386561,69.05865539136323],[-48.2044743004974,69.06001545056317],[-48.21269245545137,69.06137990390464],[-48.21577796567457,69.06082697602278]]],"type":"Polygon"},"id":"00000000000000000282","properties":{"area":998047.8213451427,"elevation":1330.724629670176,"region":"CW","year":2018},"type":"Feature"},{"geometry":{"coordinates":[[[-49.45449854439369,68.27872294004007],[-49.45437809285609,68.27815664253275],[-49.45272392716314,68.2776304672816],[-49.45114974269459,68.27748777245003],[-49.44957565724337,68.27734061912713],[-49.448041692580624,68.27738519270613],[-49.44662827087354,68.27800059854978],[-49.44508988428308,68.27804072658884],[-49.44351572474898,68.27789806089096],[-49.441981886877,68.27794261912528],[-49.440488016490264,68.27817453144473],[-49.4389941911478,68.27841080326976],[-49.4390700610108,68.27878982241724],[-49.43816931718943,68.2793874062549],[-49.43982370949672,68.2799090730987],[-49.44045238436533,68.2804664908772],[-49.44202651023822,68.28060914027218],[-49.44348456580098,68.28018556349618],[-49.445018533474915,68.28014098863066],[-49.446672858462435,68.28066707858157],[-49.44816657143769,68.28043078582573],[-49.44966051169445,68.28019890581629],[-49.45119875616739,68.28015429718123],[-49.452179774385705,68.27993584523998],[-49.453085034496006,68.27933836205077],[-49.45449854439369,68.27872294004007]]],"type":"Polygon"},"id":"00000000000000000215","properties":{"area":171469.2585118915,"elevation":1083.7889465099743,"region":"CW","year":2018},"type":"Feature"},{"geometry":{"coordinates":[[[-49.40000826851551,68.5665802609484],[-49.397413036318234,68.5641722877586],[-49.39585700513078,68.56173765770744],[-49.392748781955916,68.55934311688083],[-49.38660865452814,68.55741680157182],[-49.37971050719413,68.5568460069229],[-49.37300853628933,68.55722505788236],[-49.36650717420606,68.55855381694843],[-49.359649064305636,68.55817034303544],[-49.352786568423724,68.55779134922759],[-49.34573223658451,68.55646252589784],[-49.33903016869219,68.55683705916213],[-49.33742929818335,68.55917368701418],[-49.33897671777956,68.56160832185752],[-49.342601737351394,68.56398947413939],[-49.34467099759088,68.56641079250365],[-49.34829604486672,68.56879191988716],[-49.35343751050799,68.57093675335388],[-49.36034010149684,68.57150750350834],[-49.367363348762844,68.57264906638622],[-49.37430605079086,68.57340712390949],[-49.3808519834857,68.57227005732463],[-49.38755402580863,68.57189098565568],[-49.39414007640828,68.57094567072848],[-49.40000827975351,68.56906392398959],[-49.40000826851551,68.5665802609484]]],"type":"Polygon"},"id":"00000000000000000284","properties":{"area":3549642.276874273,"elevation":1047.917441912995,"region":"CW","year":2018},"type":"Feature"},{"geometry":{"coordinates":[[[-48.31953249651895,68.72000010014645],[-48.317931795584336,68.7198439919637],[-48.316330946407916,68.71968792849867],[-48.314761209811486,68.71971915740826],[-48.31328525677197,68.72032559530423],[-48.31174695688695,68.72054852670298],[-48.31020392039432,68.72077149483341],[-48.308665743828456,68.72099444675364],[-48.30715839641818,68.7214046397311],[-48.305646882181215,68.72181935038493],[-48.30413961414338,68.72222956557684],[-48.302628178589764,68.72264429836262],[-48.30115204902422,68.72324628441366],[-48.301736119616315,68.72361640346693],[-48.30330576941656,68.72358521340426],[-48.30484414348451,68.72336220273814],[-48.30638250387617,68.72313929287454],[-48.30786297435741,68.72253282626349],[-48.30933907472577,68.72193082355862],[-48.31081947762325,68.72132887797268],[-48.31238897691474,68.7212977023946],[-48.3138963288426,68.72088295526261],[-48.315465792509556,68.72085174469808],[-48.31703535270378,68.72081601936044],[-48.318578172083306,68.72059315585632],[-48.31953249651895,68.72000010014645]]],"type":"Polygon"},"id":"000000000000000001fb","properties":{"area":83676.99815381969,"elevation":1375.7995480129616,"region":"CW","year":2018},"type":"Feature"},{"geometry":{"coordinates":[[[-48.70590023733862,68.68735055434422],[-48.70468726916285,68.68642746114229],[-48.70402741577825,68.68567832020531],[-48.70138306460876,68.6855490685566],[-48.698707607085474,68.68523247419937],[-48.69609455648743,68.68529484724836],[-48.69335223058356,68.68459481900274],[-48.6910959232563,68.68369405757406],[-48.68988320689076,68.68276653712253],[-48.68919197646663,68.68183012196933],[-48.6885007983866,68.68089370522345],[-48.686935732750186,68.68092942591626],[-48.68449200360205,68.68194163607359],[-48.68198600037927,68.68257040244167],[-48.68201729253619,68.68276206689448],[-48.68270828571776,68.68369851878819],[-48.68339945966696,68.68463940255923],[-48.68565592156801,68.68554016352392],[-48.68774278850124,68.68549108061934],[-48.69025334552534,68.68485788796292],[-48.69292882346553,68.68517446388945],[-48.69570680739528,68.6860662882401],[-48.69848922086804,68.68695368557351],[-48.700745564552335,68.68785440673754],[-48.702934908494996,68.68837614179282],[-48.705543548982014,68.68831370733562],[-48.70590023733862,68.68735055434422]]],"type":"Polygon"},"id":"0000000000000000003d","properties":{"area":242800.47005288117,"elevation":1318.9426965623873,"region":"CW","year":2018},"type":"Feature"},{"geometry":{"coordinates":[[[-48.7237054832939,68.74587173804603],[-48.72245674177359,68.74475696253165],[-48.720155880716064,68.7436689491021],[-48.716811627780835,68.74260321296214],[-48.71350300268273,68.74172477777309],[-48.710189861547214,68.74085083076962],[-48.70688135356863,68.73997236909372],[-48.703639503417854,68.73947739849675],[-48.70036189647875,68.73879072917421],[-48.69708446093868,68.73810398377469],[-48.693878549511574,68.73780077478173],[-48.690703686173485,68.73768486822534],[-48.687631241073504,68.73813520252403],[-48.68940608973089,68.73924106677849],[-48.691176237883525,68.74034242610186],[-48.69190295415524,68.7414706237938],[-48.693151553809855,68.7425853894902],[-48.6933567523742,68.74372695198409],[-48.69663429056832,68.74441363225085],[-48.69994271140088,68.74528762289077],[-48.70318454298515,68.74578258860645],[-48.706461933312305,68.74646929520907],[-48.70963695203879,68.74658522808757],[-48.71278068580389,68.74651389473756],[-48.7159553911503,68.7466298101332],[-48.71916604988765,68.74693307688518],[-48.722340837884985,68.74704896415872],[-48.7237054832939,68.74587173804603]]],"type":"Polygon"},"id":"0000000000000000023d","properties":{"area":796989.1135632619,"elevation":1294.5983686361787,"region":"CW","year":2018},"type":"Feature"},{"geometry":{"coordinates":[[[-50.78895595026691,71.41739500782917],[-50.7858746903582,71.41711404169322],[-50.78321248191737,71.41815302749795],[-50.782797829673,71.4187416115113],[-50.780728956830984,71.41976280010458],[-50.7786553725755,71.42078394874517],[-50.775993163129854,71.42182289654278],[-50.77557412235973,71.42239810824016],[-50.77463309624721,71.42320521870302],[-50.77486972967038,71.42394988588498],[-50.77511485075905,71.42471690438656],[-50.7747000487032,71.42530099547034],[-50.77493633137262,71.42605459926196],[-50.77636780845267,71.42677700109493],[-50.777081303743664,71.42713367112778],[-50.778798139665206,71.42688840368528],[-50.78046587334139,71.42645141636373],[-50.78080910075192,71.42568000585472],[-50.779984104199976,71.4249353292772],[-50.782062144583364,71.42390978951573],[-50.7847331228096,71.42286630821336],[-50.78684241434937,71.42204583808926],[-50.7886527750745,71.42197449305357],[-50.78787679812707,71.42142607557598],[-50.7858300497046,71.4207437558962],[-50.785611676641295,71.41996789634642],[-50.787069684951774,71.41898687386758],[-50.78869279695356,71.41833582908961],[-50.78895595026691,71.41739500782917]]],"type":"Polygon"},"id":"00000000000000000190","properties":{"area":261691.7990343478,"elevation":856.0010266659372,"region":"CW","year":2018},"type":"Feature"},{"geometry":{"coordinates":[[[-50.37742988539425,71.70222904673248],[-50.37726047282442,71.70166270239143],[-50.377090948227774,71.70109190402822],[-50.37571768732696,71.70056130263772],[-50.37615017746535,71.69997717780336],[-50.37417030332649,71.69945993020413],[-50.37219500438261,71.69894708313298],[-50.37202557691312,71.69838079843831],[-50.371856038551726,71.69781005971434],[-50.37004554826109,71.69786351360634],[-50.36829769403304,71.69810882813539],[-50.36654528468794,71.69834958048246],[-50.36473932862785,71.69840311540273],[-50.36304466655904,71.69883563545042],[-50.36129234030641,71.69907638185101],[-50.3614084084958,71.69945546431786],[-50.36157796132228,71.70002174545085],[-50.363553008218126,71.70053900635257],[-50.365532996447044,71.70105179965195],[-50.36750843765872,71.70156906441076],[-50.36767777582125,71.7021353524303],[-50.367245221494635,71.70271950469801],[-50.36681276367391,71.70330810917558],[-50.36818617964568,71.70383872044705],[-50.36993861919626,71.70359796601798],[-50.37180238542983,71.70373173761895],[-50.37366656501988,71.70386547422356],[-50.37536093001003,71.70343737620318],[-50.37699738822399,71.70281317420563],[-50.37742988539425,71.70222904673248]]],"type":"Polygon"},"id":"00000000000000000193","properties":{"area":232615.32571989862,"elevation":1258.2821907646667,"region":"CW","year":2018},"type":"Feature"},{"geometry":{"coordinates":[[[-49.35703146136525,68.69088213716608],[-49.355265759782675,68.68997691732389],[-49.35201494295159,68.68949531403219],[-49.34864826984306,68.68844301306338],[-49.34535772684775,68.68776967220047],[-49.342147014968205,68.68747540986904],[-49.33894097979836,68.6871855463499],[-49.33565017873839,68.68651223516778],[-49.33247970243453,68.68640968993296],[-49.329349456695006,68.68649438761624],[-49.32629946045522,68.68695809120939],[-49.32549220254032,68.68812638756945],[-49.32520689158407,68.68928134987019],[-49.32596501468819,68.69040498937193],[-49.326723043787155,68.69152869174442],[-49.328007231180884,68.69263898399667],[-49.328765258401035,68.69376274494687],[-49.33004512013394,68.69487304796357],[-49.33289443361442,68.69593873552401],[-49.335177369151,68.69683055188544],[-49.338232065737884,68.69636682742632],[-49.340082553423784,68.69517180362432],[-49.34192859622771,68.6939722732165],[-49.3448224638075,68.6927460260845],[-49.347716470859325,68.69152420656827],[-49.3506103093672,68.69029800191315],[-49.35386102505801,68.69077958589224],[-49.35703146136525,68.69088213716608]]],"type":"Polygon"},"id":"00000000000000000265","properties":{"area":812535.6596683192,"elevation":1043.719169183151,"region":"CW","year":2018},"type":"Feature"},{"geometry":{"coordinates":[[[-48.635062895024916,68.54294703660224],[-48.63253463937941,68.54338840456572],[-48.630041935034065,68.54401719484775],[-48.627544938614626,68.5446459323189],[-48.62511905322996,68.54565814036371],[-48.62268887083298,68.54666592095184],[-48.620258605991175,68.54767809220965],[-48.61782855322948,68.54868583478834],[-48.61789541654828,68.54906491594143],[-48.61702129300702,68.5500369467165],[-48.61718630386991,68.55098672064139],[-48.618385891836816,68.55191429864715],[-48.621145919459664,68.55280160782344],[-48.62380360449232,68.55312266131884],[-48.62646569674273,68.55344372613088],[-48.628476778302385,68.5530156713235],[-48.625783492053806,68.55250285704695],[-48.62302332826773,68.55161552333186],[-48.62026768136888,68.55072808108162],[-48.61854642035337,68.54981401797662],[-48.62045494080345,68.54881515061507],[-48.62288507652252,68.5478074153184],[-48.624276345101315,68.54682194418126],[-48.626706539717354,68.54580975708133],[-48.62919916505333,68.5451810351174],[-48.63162929429084,68.54417324963336],[-48.634188898232146,68.54392356377925],[-48.635062895024916,68.54294703660224]]],"type":"Polygon"},"id":"000000000000000001ea","properties":{"area":150435.696134409,"elevation":1320.9987689883544,"region":"CW","year":2018},"type":"Feature"},{"geometry":{"coordinates":[[[-49.23841049167466,68.91750702158168],[-49.23776833304369,68.916954058455],[-49.23712193558304,68.91639672189896],[-49.23598924666144,68.91604444511098],[-49.2343259558246,68.91570998849635],[-49.23266723609394,68.91537111018266],[-49.23108415532915,68.91541120903076],[-49.2295413573179,68.91564308147846],[-49.22803423477053,68.91606674964137],[-49.22657165289079,68.91667762083894],[-49.22502872711893,68.91690944343829],[-49.223481567300915,68.91714137669452],[-49.22201886603618,68.91775669989386],[-49.22209452010787,68.91813575613091],[-49.22221058146239,68.91870654283935],[-49.22285718789399,68.9192594932512],[-49.223499292014445,68.91981684328171],[-49.22410576115589,68.92018249373403],[-49.22568873595284,68.9201378684664],[-49.22731186256169,68.92028946463492],[-49.22889485344851,68.92024492085045],[-49.230437593653555,68.92001306551714],[-49.23198046771793,68.91978112886163],[-49.233563474659164,68.91974103130252],[-49.235070735925916,68.9193174191017],[-49.23653765763269,68.91870649916214],[-49.236947956840986,68.91812233153377],[-49.23841049167466,68.91750702158168]]],"type":"Polygon"},"id":"0000000000000000029c","properties":{"area":248287.486325143,"elevation":1020.6828401860362,"region":"CW","year":2018},"type":"Feature"},{"geometry":{"coordinates":[[[-48.55910217879715,69.90741852462943],[-48.558999548404024,69.90684774063398],[-48.55726950352624,69.90650442763231],[-48.55554359899708,69.90615660947897],[-48.556306311196586,69.90577763338318],[-48.5551691559868,69.90561255766335],[-48.553835904195154,69.90563933256601],[-48.55318486559613,69.90565274941032],[-48.55189618324716,69.90587123254578],[-48.551927380680304,69.90606298939473],[-48.55115597404321,69.90644197494734],[-48.550411177973615,69.90685668873112],[-48.54994317681747,69.90732484611486],[-48.54973803364457,69.90781094120763],[-48.55009926603,69.90819439214174],[-48.55042464926101,69.90856005233519],[-48.55078590442373,69.90894350190516],[-48.551387944585336,69.90921109606124],[-48.55172240165836,69.90958565839303],[-48.552025530400485,69.90967484302209],[-48.55368425102483,69.90963913352758],[-48.555303064540894,69.90941618581473],[-48.5560923569027,69.90920218139097],[-48.55659609643071,69.90891237438335],[-48.55788924589965,69.90840848805036],[-48.55865180033365,69.90800266100561],[-48.55910217879715,69.90741852462943]]],"type":"Polygon"},"id":"000000000000000000a1","properties":{"area":115666.80354503829,"elevation":1549.961472254389,"region":"CW","year":2018},"type":"Feature"},{"geometry":{"coordinates":[[[-49.418758751686816,69.98402144691262],[-49.41561086162155,69.98238939969976],[-49.41633317451186,69.98065484273528],[-49.415949627994145,69.97895146672128],[-49.41279710709432,69.9773194176611],[-49.41241359845066,69.97561159750808],[-49.407392675720594,69.97555359648219],[-49.40229137119856,69.97511663187876],[-49.39693159977716,69.97354257706759],[-49.39195529736242,69.9736718382562],[-49.39216462910243,69.97462164829793],[-49.39033643221737,69.97638298263078],[-49.391825923035576,69.97805957249103],[-49.393310678546534,69.97973624023679],[-49.39369434829266,69.9814440671375],[-49.39131309093689,69.98322325891094],[-49.38837443675097,69.98501579394991],[-49.389863994587515,69.98669242860969],[-49.39177693947614,69.98778489973262],[-49.396672896080396,69.98727659040124],[-49.40186787661108,69.98809259456579],[-49.40446285285283,69.98973801700053],[-49.40902016321848,69.99018831971865],[-49.408123877488805,69.9886900833437],[-49.41272118948821,69.98685292766953],[-49.41748805300832,69.98577388091422],[-49.418758751686816,69.98402144691262]]],"type":"Polygon"},"id":"000000000000000000f1","properties":{"area":1379376.4619533878,"elevation":953.272109490948,"region":"CW","year":2018},"type":"Feature"},{"geometry":{"coordinates":[[[-49.86565006856197,68.29797287676467],[-49.86560540061054,68.29778560947481],[-49.86556073336841,68.2975983422511],[-49.86551623755359,68.2974065691143],[-49.86496314417217,68.29723268503666],[-49.86440575972821,68.29705877584988],[-49.86385302204113,68.29688487518544],[-49.86334012994369,68.2969027351375],[-49.862827396189694,68.29692052821183],[-49.86231897162246,68.29693390135034],[-49.86185071501976,68.29713902356389],[-49.86133799699701,68.29715692861461],[-49.86082525552464,68.29717471412005],[-49.8608698872922,68.2973619825578],[-49.86091434823453,68.29755375703286],[-49.8604460683238,68.2977588745867],[-49.85997812185856,68.29796397832149],[-49.85950982646491,68.29816909276835],[-49.85954999271033,68.29835640383482],[-49.85959460519346,68.29854811418923],[-49.859639071380734,68.29873544850768],[-49.859683685307076,68.29892715900019],[-49.85972385423994,68.2991144703416],[-49.85976846957736,68.29930618097342],[-49.85981309797498,68.29949345062445],[-49.86032569337552,68.29948005744183],[-49.860794017625416,68.29927049862117],[-49.86130230873761,68.29925707866335],[-49.86185972274659,68.29943100154223],[-49.862417144060025,68.29960492223886],[-49.86292545181384,68.29958705517748],[-49.86343823911153,68.29956926187648],[-49.8639510137735,68.2995559076945],[-49.86441929601116,68.29935077727728],[-49.864887570504685,68.29914564530608],[-49.86535566680357,68.29893601806522],[-49.86531099903472,68.29874875028092],[-49.865266513792335,68.2985615352283],[-49.86522631673971,68.29836978452512],[-49.865181810446416,68.2981824519988],[-49.86565006856197,68.29797287676467]]],"type":"Polygon"},"id":"00000000000000000231","properties":{"area":58985.4249281227,"elevation":858.7265384847209,"region":"CW","year":2018},"type":"Feature"},{"geometry":{"coordinates":[[[-50.310516574326456,71.08926314089234],[-50.309821001879406,71.08890199706968],[-50.30912987218622,71.0885407569733],[-50.308492326320945,71.08837131955231],[-50.30727041065656,71.0882152814884],[-50.30615564400987,71.08843820859788],[-50.30504077413031,71.08866564773011],[-50.30392595972627,71.08888855857704],[-50.302757732428354,71.08892422636323],[-50.30158949978861,71.08895988531528],[-50.30042108428926,71.08899560099324],[-50.29919938503632,71.0888395516612],[-50.29797759227588,71.08868789499233],[-50.29680946716933,71.08871911565164],[-50.295587516521216,71.08856750576828],[-50.294472627820724,71.08879046604295],[-50.29511036265227,71.08896434982742],[-50.296336781441944,71.08911598859336],[-50.297612032075705,71.08945934938015],[-50.298780193930014,71.08942812282825],[-50.30005549698239,71.0897714637133],[-50.30122377689015,71.08973581653699],[-50.3023922289757,71.08970009496379],[-50.30356049819716,71.08966443011717],[-50.304782090190194,71.08982051090625],[-50.30595056433249,71.0897848803729],[-50.307118827458666,71.08974918866298],[-50.30828708523793,71.08971348811882],[-50.309401891238885,71.08949054586499],[-50.310516574326456,71.08926314089234]]],"type":"Polygon"},"id":"00000000000000000178","properties":{"area":54488.564623821105,"elevation":1408.3785690735247,"region":"CW","year":2018},"type":"Feature"},{"geometry":{"coordinates":[[[-49.157197067020924,68.78065720023761],[-49.1571211243117,68.78027814186088],[-49.155997413162574,68.77992593089256],[-49.1559216261379,68.7795424279809],[-49.15479778017636,68.7791901542965],[-49.15524374475868,68.77879776764776],[-49.15468195574825,68.77862390537936],[-49.1536342137927,68.7786506170245],[-49.15258612016371,68.77867733122098],[-49.15150267200202,68.77851682802783],[-49.150414640549144,68.77835183658487],[-49.14936673667349,68.77837858015846],[-49.148394679929645,68.77878887528344],[-49.1473467534335,68.77881560354156],[-49.14637459732415,68.77922138651675],[-49.14540262041218,68.7796315968567],[-49.14547838336486,68.7800106604922],[-49.1450280395205,68.78040302354556],[-49.14562989717975,68.78076867063557],[-49.146227572135416,68.78113432306954],[-49.147355759676906,68.78148659548528],[-49.14847942934552,68.78183887724833],[-49.149603129725826,68.78219115026215],[-49.14967878140143,68.7825701599825],[-49.150726860818146,68.78254341452634],[-49.151814729651484,68.78270841597576],[-49.152786713162634,68.78229815845584],[-49.15379461879368,68.78207964580193],[-49.15480675498464,68.78186561610212],[-49.15577883793342,68.78145539161186],[-49.15675110177426,68.78104959449533],[-49.157197067020924,68.78065720023761]]],"type":"Polygon"},"id":"00000000000000000268","properties":{"area":159580.72325514088,"elevation":1140.2669020852427,"region":"CW","year":2018},"type":"Feature"},{"geometry":{"coordinates":[[[-48.08854660005513,69.16951758653003],[-48.07998509168106,69.16949081730228],[-48.07151276222699,69.17003487018012],[-48.06312080506801,69.17114514730899],[-48.0547019096412,69.17206816517425],[-48.04631457129488,69.17317849103362],[-48.03794916640748,69.17447603884969],[-48.029699961511376,69.17653619280844],[-48.02576690320734,69.17889511536826],[-48.02408565328248,69.1819718458523],[-48.02667208434731,69.18496837482147],[-48.03299522228002,69.18789351371186],[-48.041788435988664,69.18944089056947],[-48.05049705178894,69.1904174101534],[-48.05906740205089,69.19044412649747],[-48.05192857108262,69.18924909677469],[-48.04405821105004,69.18673415178179],[-48.03720446836235,69.18381791853155],[-48.03141653681135,69.18087940668606],[-48.032562553873824,69.1778159352866],[-48.04092774849471,69.17651388841573],[-48.04929297660401,69.17521629479789],[-48.057711725266124,69.17429327566316],[-48.06601471625132,69.17261217515531],[-48.074433561815106,69.17168912587438],[-48.082852175923826,69.17077059316982],[-48.08854660005513,69.16951758653003]]],"type":"Polygon"},"id":"00000000000000000271","properties":{"area":1113072.490252124,"elevation":1401.3974169531118,"region":"CW","year":2018},"type":"Feature"},{"geometry":{"coordinates":[[[-49.729455615426154,69.33956535381198],[-49.72883132917321,69.33920420438783],[-49.72874231670044,69.33882516545583],[-49.72762300621379,69.33866910015755],[-49.72655269448487,69.33870034971287],[-49.7254780622158,69.33873149812588],[-49.7244479359421,69.33895005230553],[-49.72341792613732,69.33917298335008],[-49.7224368524584,69.33958323200466],[-49.721317759756296,69.33942272075052],[-49.72015386948748,69.33907491535393],[-49.71903907518994,69.33891881103987],[-49.717964437610995,69.33895002048354],[-49.718053639062944,69.33932905363368],[-49.71814284352695,69.33970808693643],[-49.718232051003156,69.34008712039171],[-49.71885637638458,69.34044825131446],[-49.71997120946745,69.34060880689006],[-49.72104574903512,69.34057764738462],[-49.72212045107485,69.3405464148888],[-49.72323963064985,69.34070247110685],[-49.72435449914222,69.3408629925691],[-49.72538457047217,69.34064005449821],[-49.726459098058946,69.34060885408822],[-49.72748465363748,69.34038587258195],[-49.72847015160876,69.33997561656565],[-49.729455615426154,69.33956535381198]]],"type":"Polygon"},"id":"0000000000000000008f","properties":{"area":74083.63246676988,"elevation":637.640238869738,"region":"CW","year":2018},"type":"Feature"},{"geometry":{"coordinates":[[[-50.18412793855454,71.44545163119719],[-50.18277665268103,71.44491656453775],[-50.181844815649555,71.4444973893285],[-50.18171997362823,71.44406487642522],[-50.18180477136212,71.44361003512034],[-50.182076694920376,71.44321323733975],[-50.18191610735166,71.44264689719031],[-50.18294626423676,71.44204048925737],[-50.1824557071916,71.44168372565917],[-50.18272769899759,71.441282406716],[-50.183757847508176,71.44068044701025],[-50.18272777056528,71.44053330900586],[-50.18083699168235,71.44020334072945],[-50.17997184710553,71.440024938007],[-50.17835334158293,71.43989557875018],[-50.17662338122931,71.44013641080372],[-50.176761515198656,71.44061798360664],[-50.176667863544914,71.44107727148449],[-50.176409115281736,71.44147861337913],[-50.17478606840049,71.44209838980048],[-50.17492425271112,71.44258441793973],[-50.174826166404344,71.44303927369253],[-50.17498665029664,71.44361007442458],[-50.17472815573246,71.44400694586137],[-50.17489306285383,71.44457320322412],[-50.17476820233627,71.44495668495671],[-50.17559329136011,71.44493440785168],[-50.177537359472076,71.44545171422946],[-50.179481488385534,71.44596887898707],[-50.18104664422751,71.44591983659966],[-50.18288821080054,71.4460581440709],[-50.183378889749335,71.44566569189217],[-50.18412793855454,71.44545163119719]]],"type":"Polygon"},"id":"00000000000000000180","properties":{"area":156674.9059228657,"elevation":1487.1486987157627,"region":"CW","year":2018},"type":"Feature"},{"geometry":{"coordinates":[[[-49.004303346234806,70.05774376165768],[-49.00255524244424,70.05740489030212],[-49.00045046720758,70.05802465568745],[-48.998305731853385,70.05845721517981],[-48.99616091336962,70.05888974325177],[-48.99409181935829,70.05970126351909],[-48.992027395840495,70.06051286055659],[-48.98988245597022,70.06094535068192],[-48.98781353469454,70.06175694456142],[-48.98574446708132,70.06256850934709],[-48.983675446890906,70.06338009905996],[-48.98375570683794,70.06375906276025],[-48.98279695442543,70.06454387264672],[-48.981838137796075,70.0653286765437],[-48.98255167978925,70.06607334998878],[-48.983742289979524,70.06642562022367],[-48.98604313682782,70.06675562050768],[-48.98826384249075,70.06670205291567],[-48.99044896330357,70.06645682919181],[-48.99267389848495,70.0664033748502],[-48.99085007446047,70.06568537817411],[-48.98847337017408,70.06498087724522],[-48.986649800357505,70.06426294815341],[-48.98871861515077,70.06345137996041],[-48.98967288452282,70.06266658739841],[-48.9917420109414,70.06185502083959],[-48.99381081734514,70.06104348921666],[-48.99587541563611,70.06023192075104],[-48.99798472256806,70.05960765890512],[-49.00008932107692,70.05898782076525],[-49.002158327570385,70.05817626960568],[-49.004303346234806,70.05774376165768]]],"type":"Polygon"},"id":"000000000000000000e6","properties":{"area":189556.8178281544,"elevation":1325.7574822826575,"region":"CW","year":2018},"type":"Feature"},{"geometry":{"coordinates":[[[-48.4486947051062,68.69167587019354],[-48.446019278776426,68.69135029750933],[-48.44325024585027,68.69045847475499],[-48.44413760948853,68.68948645445427],[-48.44300053453359,68.68893800675964],[-48.44038753795725,68.68899591170236],[-48.43783682319743,68.6894329112998],[-48.43529073124094,68.68986992365119],[-48.43274019202023,68.69030693850661],[-48.4302208609322,68.6909356340347],[-48.42770568498047,68.69155991908066],[-48.42521763904294,68.69237592837904],[-48.42276050971639,68.69338368698531],[-48.42135160400498,68.69436915405987],[-48.42098598732172,68.69533231032291],[-48.4221542103135,68.69606806178007],[-48.42470481306837,68.69563102155504],[-48.42719303159897,68.69481508075519],[-48.42973923669371,68.69437805174637],[-48.432320956787954,68.69412833929665],[-48.43487154407471,68.69369133892083],[-48.437390943400665,68.69306705263352],[-48.43990595518825,68.69243839134639],[-48.4424565866516,68.69200136057758],[-48.44510077563699,68.69213509638259],[-48.447745003378984,68.6922688995843],[-48.4486947051062,68.69167587019354]]],"type":"Polygon"},"id":"0000000000000000021c","properties":{"area":356198.80634878244,"elevation":1329.1679498603337,"region":"CW","year":2018},"type":"Feature"},{"geometry":{"coordinates":[[[-49.31927633376871,68.3298465802216],[-49.31853155611372,68.32872283872497],[-49.31881260624205,68.32757243366018],[-49.31909345168631,68.32642197743368],[-49.318384494967496,68.32548554073921],[-49.31527206198413,68.32538298135479],[-49.31223104175989,68.32565944164442],[-49.309310182057104,68.32650221898008],[-49.30938600790779,68.32688128831103],[-49.30756664029224,68.32807631800497],[-49.30626017851881,68.32925791787135],[-49.30597924481273,68.3304083947997],[-49.305185665269114,68.33157220451407],[-49.30439174392273,68.33274051727035],[-49.30256811995926,68.33393554813966],[-49.30279999200232,68.33507258038226],[-49.30200630710154,68.33623643571974],[-49.30275092087952,68.33736015550967],[-49.30400834497932,68.33847043275458],[-49.30712525229549,68.33857299009618],[-49.30843615394498,68.33739578743945],[-49.309229862886504,68.33622750326478],[-49.30951088467946,68.3350770579711],[-49.30927905613739,68.33394002504255],[-49.31109840796787,68.33274496930753],[-49.31394315558848,68.33152315949374],[-49.31686832852961,68.3306759499335],[-49.31927633376871,68.3298465802216]]],"type":"Polygon"},"id":"00000000000000000214","properties":{"area":514407.77553568454,"elevation":1099.3612756295859,"region":"CW","year":2018},"type":"Feature"},{"geometry":{"coordinates":[[[-49.667050628690056,68.83269045894767],[-49.66591785991865,68.83233817113478],[-49.665307143752266,68.8319769846346],[-49.664736288167056,68.83180306055026],[-49.6636437515795,68.83164257137456],[-49.662506661669326,68.83129479046369],[-49.66137415706521,68.83094696567133],[-49.66032178847743,68.83097815004933],[-49.65927380744321,68.83100935633801],[-49.65826615002678,68.83122786222877],[-49.65721359872257,68.83125908779301],[-49.65625057023619,68.83166936246556],[-49.656335174208444,68.83204834850088],[-49.65589381521138,68.83244521140647],[-49.65545687932567,68.83283765755031],[-49.655015306948094,68.83323446508912],[-49.65510008379527,68.83361350589404],[-49.65571100285027,68.8339791716471],[-49.656321799587175,68.83434033641898],[-49.65641115609857,68.8347193425021],[-49.65745890665436,68.83469261560253],[-49.658596089613816,68.83504044024689],[-49.659733117798716,68.8353882029375],[-49.660780933602744,68.83535700548506],[-49.66183330106343,68.83532576517932],[-49.662881294564336,68.83529460489949],[-49.663933654298525,68.8352633486882],[-49.66494125462354,68.83504486542495],[-49.665904629848384,68.83463463407692],[-49.66581972857751,68.83425115283644],[-49.66678305806006,68.8338409157906],[-49.66669810306692,68.83346188118455],[-49.666613499570154,68.83308283503439],[-49.667050628690056,68.83269045894767]]],"type":"Polygon"},"id":"0000000000000000002f","properties":{"area":178785.28020839975,"elevation":843.6225120657335,"region":"CW","year":2018},"type":"Feature"},{"geometry":{"coordinates":[[[-48.99476954914289,70.14488351907066],[-48.99301742311042,70.14454460175475],[-48.991340693483885,70.14458473409948],[-48.9897085710417,70.14481659580167],[-48.988072134319545,70.14504398944368],[-48.98647563407809,70.14546318022808],[-48.9849151031397,70.14606959141786],[-48.9833186664659,70.14648880195645],[-48.981722344680065,70.14690793113819],[-48.980166060963825,70.14751879615085],[-48.978609881853025,70.14812531088292],[-48.97868578422438,70.14850875587895],[-48.977686902129534,70.1491017803965],[-48.97668354896837,70.14969930582043],[-48.97679946841871,70.1502656126713],[-48.97747733121138,70.15082306828617],[-48.97851615960589,70.15041723871647],[-48.97951504810943,70.1498197021944],[-48.98107578032002,70.14921329377563],[-48.98263195604443,70.14860236470378],[-48.984188270924264,70.14799597919668],[-48.985748920853915,70.14738506940922],[-48.98730507011608,70.14677865101469],[-48.98890164351248,70.14635945112087],[-48.990497983152956,70.14594029791722],[-48.992134251546624,70.14570843545296],[-48.993770883525876,70.14548105070791],[-48.99476954914289,70.14488351907066]]],"type":"Polygon"},"id":"000000000000000000ec","properties":{"area":119886.77022560606,"elevation":1391.2396162254067,"region":"CW","year":2018},"type":"Feature"},{"geometry":{"coordinates":[[[-47.96239853182431,68.65926712410905],[-47.961301657750155,68.65891042236275],[-47.96023141480196,68.65873643764269],[-47.959187987911754,68.65875876092822],[-47.95814472521989,68.65877658043777],[-47.95712788534143,68.65898616506935],[-47.95608444302355,68.65900846484827],[-47.955040998673795,68.65902632354465],[-47.953993187954104,68.65904409069464],[-47.952923011257774,68.65887471836184],[-47.95187956674963,68.65889698632483],[-47.95083612095705,68.65891481320827],[-47.95088973929955,68.65929385076302],[-47.95094317873024,68.65967283334724],[-47.95100116357769,68.66005638836484],[-47.95001127629922,68.66045324723079],[-47.95058638558334,68.66082335286774],[-47.95116167855722,68.66119339373513],[-47.95171009966629,68.6613762788727],[-47.95270016276267,68.66097491123854],[-47.95369002600735,68.66057803260938],[-47.9546798580331,68.66017671390293],[-47.95569660135871,68.65996720971629],[-47.95674008389029,68.65994934613455],[-47.95781016272891,68.66011875209632],[-47.958826875321975,68.65990922477805],[-47.95987035064051,68.65988690430873],[-47.96091365700524,68.65986907183219],[-47.961930331370716,68.65965952163786],[-47.96239853182431,68.65926712410905]]],"type":"Polygon"},"id":"000000000000000001db","properties":{"area":71788.46289697954,"elevation":1528.158673061551,"region":"CW","year":2018},"type":"Feature"},{"geometry":{"coordinates":[[[-47.690433608582524,69.27637989420363],[-47.6903846517187,69.27600091722528],[-47.69033105062428,69.27562191050353],[-47.6902819585338,69.27523844060224],[-47.689693317159815,69.27486830955094],[-47.68862305614559,69.27488611647047],[-47.687499423180775,69.27452496387457],[-47.68637582284618,69.27416380263874],[-47.68525653133705,69.27380255156726],[-47.68413299620492,69.27344137308653],[-47.68408382193884,69.27305784685362],[-47.68349533880573,69.27268780965346],[-47.682933311255574,69.27250940927348],[-47.681863157301585,69.2725272833748],[-47.681912158393686,69.27290631669257],[-47.681426146087595,69.27329419432375],[-47.68147532687116,69.2736732838577],[-47.68152878557701,69.2740522925038],[-47.682112949083596,69.27442685737262],[-47.6827016389981,69.2747969569559],[-47.682750658459064,69.27517599127745],[-47.68387425462612,69.27553718177701],[-47.6849935938631,69.2758983267574],[-47.68609484576668,69.27607227933554],[-47.687191684989195,69.27624169330298],[-47.68826200752583,69.27622389730975],[-47.689359005616495,69.27639778791176],[-47.690433608582524,69.27637989420363]]],"type":"Polygon"},"id":"0000000000000000024a","properties":{"area":75901.63571747686,"elevation":1571.9207173194907,"region":"CW","year":2018},"type":"Feature"},{"geometry":{"coordinates":[[[-49.86506129814941,70.23666967240213],[-49.86431218872604,70.23592501111327],[-49.86187759650617,70.23523378253265],[-49.859639093516805,70.23529621665581],[-49.85720900428255,70.23460061413903],[-49.85533610029968,70.2338916221473],[-49.85458701957,70.23315138020293],[-49.85383781434473,70.23240674677406],[-49.85252683643354,70.23168439912702],[-49.85177754796887,70.23093970356166],[-49.84939652427657,70.2304357763432],[-49.84902637861336,70.23121171432217],[-49.84921356085938,70.23196974052338],[-49.84884355971361,70.23274116033096],[-49.84959727485249,70.23348584357812],[-49.851465499230294,70.23419481693026],[-49.85053363756043,70.23498407147063],[-49.85128711196308,70.23572875986528],[-49.852036349126365,70.23646895453551],[-49.852785462163446,70.23721366432734],[-49.85521568233637,70.23790476977906],[-49.854845624810565,70.23868072624857],[-49.85648200821655,70.23843987976129],[-49.85862686850372,70.23799849113327],[-49.860673535501356,70.2371735140626],[-49.86277379113913,70.23654482340773],[-49.86506129814941,70.23666967240213]]],"type":"Polygon"},"id":"00000000000000000119","properties":{"area":214891.38059285126,"elevation":914.5563767069223,"region":"CW","year":2018},"type":"Feature"},{"geometry":{"coordinates":[[[-49.62434571522007,68.80013010031067],[-49.62426084124077,68.79975108945825],[-49.623128394744654,68.79940322233671],[-49.62199570387945,68.79905103047429],[-49.621384875851,68.79868979044993],[-49.62077850294549,68.79832413385182],[-49.620693690190876,68.79794512232145],[-49.62008279669779,68.79757949693459],[-49.61947646974953,68.79721383558747],[-49.61842846251826,68.79724502024456],[-49.61733613107986,68.79708897726884],[-49.61632825778522,68.79730750542814],[-49.61532486183181,68.79753043808579],[-49.61540959162674,68.79790945225058],[-49.61444189819663,68.798319707587],[-49.6150529471848,68.79868084802867],[-49.61618555310864,68.7990332135347],[-49.61679629590589,68.79939435859286],[-49.616881055407625,68.79977337326439],[-49.61696595026684,68.80015688650097],[-49.61652438007323,68.80054922079161],[-49.61765695840334,68.80089707759595],[-49.618789678272854,68.80124930611055],[-49.618874312126195,68.80162838569996],[-49.62001151978422,68.80197619076998],[-49.62105937406472,68.80194500639432],[-49.62210720267066,68.80191369634115],[-49.62311487750046,68.80169525442527],[-49.624078183455374,68.80128502290935],[-49.6239934721335,68.8009059463919],[-49.623908651632675,68.80052248951128],[-49.62434571522007,68.80013010031067]]],"type":"Polygon"},"id":"00000000000000000000","properties":{"area":127573.12833282645,"elevation":843.0214323786014,"region":"CW","year":2018},"type":"Feature"},{"geometry":{"coordinates":[[[-49.468428755408425,68.34964046777105],[-49.467835689634505,68.34927481641375],[-49.46775554103063,68.34889581113555],[-49.46716234152762,68.34853022203438],[-49.46656923885338,68.3481690073255],[-49.46553933723191,68.34819571753636],[-49.46447366244015,68.348035231876],[-49.46344798876291,68.3480664030108],[-49.46242233207827,68.34809768409305],[-49.46139226361849,68.34812442741472],[-49.460366760584314,68.34815562853511],[-49.45938113409056,68.34837411152938],[-49.458395831872195,68.34859257617096],[-49.45847602189514,68.3489716393145],[-49.4585563753072,68.34935063826806],[-49.458123742717255,68.34974751357487],[-49.45819962418084,68.35012654198711],[-49.45776705543189,68.35051897565587],[-49.45733463414253,68.35091134376525],[-49.457414816986294,68.35129040941588],[-49.45800776683195,68.35165598962078],[-49.45856077380723,68.35182989964373],[-49.45959089914931,68.35179868384034],[-49.46061646909222,68.3517719300532],[-49.4616821207841,68.35193251222606],[-49.46270777311547,68.35190130158723],[-49.46369763086527,68.35168277577135],[-49.464642975776506,68.35127248781197],[-49.46566869504546,68.351245749121],[-49.46661382930833,68.35083551215033],[-49.46756358334962,68.35042529313392],[-49.46799617605455,68.35003288099956],[-49.468428755408425,68.34964046777105]]],"type":"Polygon"},"id":"00000000000000000207","properties":{"area":151350.19884645037,"elevation":1051.4208443271766,"region":"CW","year":2018},"type":"Feature"},{"geometry":{"coordinates":[[[-49.29752489651601,68.75341653305574],[-49.29744901628624,68.75303749851768],[-49.29736870568554,68.75265404281348],[-49.29676669966585,68.7522884356464],[-49.29616476499748,68.75192720633159],[-49.29504103444597,68.7515749384641],[-49.29391279219226,68.751222684801],[-49.29278912296528,68.75087039939002],[-49.29170123349743,68.75070991012363],[-49.29065792534225,68.75073662044312],[-49.28960979666626,68.75076785446839],[-49.28852192863131,68.7506073403749],[-49.287514151220236,68.75082577915475],[-49.286546555911336,68.75123161402755],[-49.285578980408154,68.751641822467],[-49.28565921867259,68.75202083908765],[-49.28573491697599,68.75239987862757],[-49.28633677076179,68.75276553314595],[-49.28641720874667,68.75314460367427],[-49.28701925431252,68.75351019154303],[-49.287581071467216,68.75368411069252],[-49.28866895815914,68.75384907806861],[-49.28975261033347,68.75400966885378],[-49.29080052690601,68.75397844492385],[-49.29184832905018,68.7539516575356],[-49.292896311893315,68.75392491570511],[-49.29397980586113,68.75408542009845],[-49.29502771580091,68.75405416419603],[-49.29607553232381,68.75402746263977],[-49.29708335433846,68.75380896052347],[-49.29752489651601,68.75341653305574]]],"type":"Polygon"},"id":"00000000000000000035","properties":{"area":143119.67443788642,"elevation":1070.5307966943797,"region":"CW","year":2018},"type":"Feature"},{"geometry":{"coordinates":[[[-48.30779611445576,68.74522521021709],[-48.30752400002264,68.74351737534852],[-48.30385878536738,68.74359312268629],[-48.29908301339809,68.7433122658579],[-48.29514551760543,68.74168019989595],[-48.29330391491861,68.7399991221332],[-48.29146245352368,68.73832252302722],[-48.29014695670514,68.73663248831414],[-48.28882717030428,68.73494698886752],[-48.28908124728372,68.73322570275886],[-48.28985725244541,68.73149115151435],[-48.29325056623159,68.72970308897052],[-48.29611767942209,68.7279283351747],[-48.294307244042066,68.72644346379168],[-48.29091403742716,68.72822711725931],[-48.2885684980733,68.72999293150744],[-48.28622297457826,68.73175870256762],[-48.2854471789777,68.73348884609523],[-48.28571475101275,68.7352011324471],[-48.28703458510218,68.73689115052963],[-48.288876162387396,68.73856773137288],[-48.29123949113236,68.74023546932966],[-48.292559378494964,68.74192097223477],[-48.29544885505785,68.74357978274729],[-48.298864616982975,68.7452252072561],[-48.30317659012365,68.74589407717951],[-48.30779611445576,68.74522521021709]]],"type":"Polygon"},"id":"000000000000000001fc","properties":{"area":369916.3470296978,"elevation":1376.761988187007,"region":"CW","year":2018},"type":"Feature"},{"geometry":{"coordinates":[[[-50.314155380281576,70.67288119750806],[-50.31404828944542,70.67250214634633],[-50.31307606762827,70.67253337034715],[-50.31192560554987,70.67221681452763],[-50.310726147079855,70.67206519166369],[-50.30958006871996,70.67209640473784],[-50.30843882157252,70.6721320746214],[-50.307698499096574,70.6721543737337],[-50.30703410586673,70.67214540385439],[-50.305995059625815,70.67256009967129],[-50.30602623777397,70.67267163162232],[-50.30578564283541,70.67297931067054],[-50.30558488417887,70.67314424705728],[-50.3056918380106,70.67352330364463],[-50.30542423381275,70.67375520192552],[-50.30553136262593,70.67413419310917],[-50.3059415499806,70.67442404947477],[-50.30600852978407,70.67466038328784],[-50.30668628684373,70.67502158219663],[-50.306998470686906,70.67524006117503],[-50.307622714411444,70.6754095008607],[-50.30855911345414,70.6755343518264],[-50.309700531400765,70.67549868176211],[-50.310846781338185,70.67546746850945],[-50.311836474162305,70.67528016190715],[-50.31272385326076,70.6750616879743],[-50.312616976100266,70.67468268796142],[-50.31308502798883,70.67428577804755],[-50.31297814908113,70.67390677835469],[-50.31288891620752,70.67359913368844],[-50.31368717377883,70.67327805848151],[-50.314155380281576,70.67288119750806]]],"type":"Polygon"},"id":"00000000000000000166","properties":{"area":97080.41702664568,"elevation":916.2377225519284,"region":"CW","year":2018},"type":"Feature"},{"geometry":{"coordinates":[[[-48.915165876469686,68.49251457933688],[-48.91013597239979,68.49340638957291],[-48.90503471957527,68.49391472874694],[-48.89989779965251,68.49423129201884],[-48.89945193834039,68.49462366520137],[-48.90473163644493,68.49506515390338],[-48.909221830381966,68.49685774391979],[-48.908022307778545,68.49879745841334],[-48.90527118330933,68.50077279576593],[-48.90041515047922,68.50260998894964],[-48.895028500123104,68.50159772825307],[-48.88971758789889,68.50096902008532],[-48.886262006201676,68.49914972170161],[-48.883943197392156,68.49787439169167],[-48.88222636005485,68.49982303259017],[-48.88516497199589,68.50165566022905],[-48.88858509629974,68.50328779227604],[-48.89393605703577,68.5041037620848],[-48.89925120064797,68.50473694641714],[-48.90453076571041,68.50517396942676],[-48.909422546707034,68.50352856200102],[-48.909070187814486,68.50162893732534],[-48.9097525306412,68.49970709029152],[-48.91094746071753,68.49776736723237],[-48.91369885842272,68.49579201354173],[-48.91489815152709,68.4938567449359],[-48.915165876469686,68.49251457933688]]],"type":"Polygon"},"id":"0000000000000000021b","properties":{"area":564705.4246991812,"elevation":1228.069731467691,"region":"CW","year":2018},"type":"Feature"},{"geometry":{"coordinates":[[[-49.79946346404217,69.73425382698127],[-49.79882136067805,69.73389261548631],[-49.797635222212314,69.73354483325551],[-49.79644928608285,69.73319697661475],[-49.79581145077557,69.73283579084233],[-49.79681471755408,69.73242109156295],[-49.797813570423216,69.7320108634151],[-49.798272911456856,69.73161397118734],[-49.79763072924105,69.73125282076411],[-49.797541687999136,69.73087383919408],[-49.79689952730087,69.73050811666533],[-49.79576255415037,69.73035209638665],[-49.794759175622715,69.73076228346946],[-49.79375578537544,69.73117258153235],[-49.79266335552284,69.73120822177351],[-49.79275251367273,69.73158725908297],[-49.79284623167765,69.73196632291784],[-49.79184292534122,69.73237654292515],[-49.79248049785555,69.73273769275518],[-49.79257420180053,69.7331212086058],[-49.793760266282035,69.73346458032904],[-49.794397881727214,69.73383017376561],[-49.79503570928318,69.73419581754888],[-49.79617705886159,69.73435188327439],[-49.797318614761075,69.73450799302478],[-49.798411169500596,69.73447676956079],[-49.79946346404217,69.73425382698127]]],"type":"Polygon"},"id":"000000000000000000fb","properties":{"area":71356.62759072258,"elevation":852.5633447649786,"region":"CW","year":2018},"type":"Feature"},{"geometry":{"coordinates":[[[-49.230602616996535,70.16924797592914],[-49.230517916873815,70.16886898701519],[-49.22988026085309,70.16850334377808],[-49.22979557557144,70.1681243546999],[-49.229153502621706,70.16775871787641],[-49.22907308565275,70.1673796657003],[-49.22898841818391,70.16700067651992],[-49.230022907205516,70.16659485534463],[-49.22994267600896,70.16621585762155],[-49.229300654531954,70.16585022210872],[-49.22818134000664,70.16587699509884],[-49.227106588128606,70.16609544397848],[-49.22607206727198,70.16650124449228],[-49.22503775796404,70.16691147953233],[-49.225122361082036,70.16729047071571],[-49.22408775134192,70.16769625735752],[-49.22305347372031,70.16810202615089],[-49.22313360091821,70.16848102772549],[-49.22377579852981,70.16884674432951],[-49.224975230218945,70.16919895236103],[-49.22449814851644,70.16959134150892],[-49.22458294937319,70.16997038742926],[-49.22518033469382,70.17014881153735],[-49.226299665877995,70.17012200824601],[-49.22741429531094,70.17009076384659],[-49.228573724768275,70.17025136732899],[-49.22964833694401,70.17003730648129],[-49.22956809794434,70.16965830762318],[-49.230602616996535,70.16924797592914]]],"type":"Polygon"},"id":"00000000000000000100","properties":{"area":90932.98420877306,"elevation":1325.128896576123,"region":"CW","year":2018},"type":"Feature"},{"geometry":{"coordinates":[[[-49.24976330313458,70.14130731910092],[-49.2486485064295,70.14133403712373],[-49.24757396357122,70.14155254983102],[-49.246459345278105,70.14157930495628],[-49.24529974998956,70.1414187743846],[-49.24410033047416,70.14106653825405],[-49.24290527223461,70.1407187352663],[-49.24170572755032,70.1403664264301],[-49.240590979352014,70.14039320172988],[-49.239476227400445,70.14041996860152],[-49.238276822987615,70.14007213823054],[-49.237077202970944,70.1397198566453],[-49.23592239292149,70.13955929741228],[-49.23600263499057,70.1399384027516],[-49.236087301848734,70.14031738068866],[-49.236167528229466,70.14069636814473],[-49.236252395907144,70.14107539991265],[-49.23577513565703,70.14146778798248],[-49.23641732800261,70.14183348372687],[-49.23705490160611,70.14219913262929],[-49.23713959500999,70.14257811067223],[-49.23833919094787,70.14293045734118],[-49.239538800523086,70.14328267646349],[-49.23961892111611,70.14366172741985],[-49.240733750215455,70.14363045395312],[-49.24193308248982,70.14398278271408],[-49.24300796878248,70.1437642469656],[-49.244122699103364,70.14373751825818],[-49.245157213973044,70.14333173286995],[-49.246191808608245,70.14292148788293],[-49.247221805972345,70.14251569775323],[-49.24825615300955,70.14210550260682],[-49.249286271856434,70.14169975172864],[-49.24976330313458,70.14130731910092]]],"type":"Polygon"},"id":"000000000000000000fd","properties":{"area":131649.2457947493,"elevation":1305.2956332471767,"region":"CW","year":2018},"type":"Feature"},{"geometry":{"coordinates":[[[-48.82791019316038,69.2865779019873],[-48.82723233228437,69.28583319828387],[-48.82494478794384,69.28512419065542],[-48.82272865233528,69.28479430258514],[-48.82044116000122,69.28408528796461],[-48.81815807585935,69.28338074190049],[-48.81701204100424,69.28302398792619],[-48.81476472895029,69.2825067164044],[-48.81258414700238,69.28236851150815],[-48.810550883104156,69.28298827641459],[-48.8106935649283,69.28374640506146],[-48.810296624014875,69.28451778161397],[-48.81043947711975,69.28527584840165],[-48.81004698040341,69.28604728284562],[-48.81018964909689,69.28680529736202],[-48.81086736403268,69.28754995424202],[-48.813083595934536,69.28787991128277],[-48.81537123065367,69.2885889309355],[-48.81765863881695,69.28929792448707],[-48.818835771639264,69.2898419594152],[-48.82094510275096,69.28960116837247],[-48.823054219525105,69.28936040969813],[-48.82458811827792,69.28894126391351],[-48.824980548469675,69.28816977500136],[-48.826982491470034,69.28736271052763],[-48.82791019316038,69.2865779019873]]],"type":"Polygon"},"id":"0000000000000000005d","properties":{"area":375872.17208601243,"elevation":1019.816938900126,"region":"CW","year":2018},"type":"Feature"},{"geometry":{"coordinates":[[[-50.66831042126575,71.31695816718123],[-50.66542100533497,71.31533065159846],[-50.65969090681153,71.31417128994627],[-50.65425537304473,71.313961677277],[-50.648882047582674,71.31393940304237],[-50.64385235703808,71.3150586291929],[-50.638826865149404,71.31617335594272],[-50.633917371938644,71.31766717993231],[-50.628829480536226,71.31859467567507],[-50.6238620141468,71.3198967671323],[-50.61871646721606,71.32063251717834],[-50.61362864350072,71.32155999381494],[-50.60813478932252,71.32115866940038],[-50.60281078414236,71.32132813546883],[-50.60470146170734,71.32164916539546],[-50.6101949824319,71.32205050652419],[-50.61592482162533,71.32320989177407],[-50.62112881650075,71.32266138981349],[-50.62627456269831,71.32192562865629],[-50.63182605367212,71.3225142035476],[-50.6364903221745,71.32408829941217],[-50.641578177094246,71.32316529279971],[-50.647013879001925,71.32337483563224],[-50.65103577110909,71.32286204734469],[-50.653466104215056,71.32106508045284],[-50.65849157561967,71.31995025489628],[-50.66328493899948,71.31807300275382],[-50.66831042126575,71.31695816718123]]],"type":"Polygon"},"id":"00000000000000000184","properties":{"area":1150564.319123078,"elevation":1208.5264725036632,"region":"CW","year":2018},"type":"Feature"},{"geometry":{"coordinates":[[[-50.292417270652535,71.08159348412676],[-50.29236368870431,71.08140173901059],[-50.29172590582549,71.0812323126084],[-50.291088420196544,71.08105841584032],[-50.29050430267208,71.08107620983502],[-50.28992000632537,71.08109406716858],[-50.28933588613465,71.08111185674372],[-50.2887517926729,71.08112976201946],[-50.28816766981544,71.08114754717577],[-50.28758336812842,71.08116539566817],[-50.28694591387708,71.080991481978],[-50.2863081803373,71.0808220334654],[-50.28572409000689,71.08083992733289],[-50.28513997029806,71.08085770108045],[-50.284502159317626,71.08068379061223],[-50.28386465714367,71.08051438450985],[-50.28328036574441,71.08053221680827],[-50.282700809679184,71.08054560456708],[-50.28211651573561,71.08056343246223],[-50.28153260350511,71.08058124498058],[-50.28094830689488,71.08059906845546],[-50.28036421448337,71.08061694209363],[-50.279779915205104,71.08063476114754],[-50.279833592493375,71.08082656252857],[-50.28047125344602,71.08099591960674],[-50.28110886735713,71.08116991212972],[-50.28174636958476,71.08133932956989],[-50.282384180075766,71.08151325137868],[-50.28302170109762,71.08168266364332],[-50.28365953064952,71.08185658027503],[-50.28371294548155,71.08204387349367],[-50.283766454960045,71.08223562127961],[-50.28435058490935,71.08221773496959],[-50.28493474156422,71.0821999643608],[-50.285518868842864,71.08218207363183],[-50.286103200343355,71.08216423306011],[-50.286687147440155,71.08214640345604],[-50.287271476271165,71.08212855846389],[-50.2878554207,71.0821107244423],[-50.28843956935833,71.08209294057626],[-50.289077243785435,71.08226678273611],[-50.2896613947425,71.08224899427064],[-50.29024551629696,71.08223108568579],[-50.2908832356456,71.08240503838799],[-50.29146738756823,71.08238724311349],[-50.291413811543734,71.08219549770729],[-50.29136033171529,71.08200820687023],[-50.29188644621131,71.08179863932489],[-50.292417270652535,71.08159348412676]]],"type":"Polygon"},"id":"00000000000000000177","properties":{"area":52687.28976028377,"elevation":1404.6304171729441,"region":"CW","year":2018},"type":"Feature"},{"geometry":{"coordinates":[[[-50.533605569401104,71.69219601861094],[-50.53343157697449,71.69162526345285],[-50.53265109933747,71.69107680496076],[-50.530671285862596,71.69056400727177],[-50.52995339679572,71.69020277699786],[-50.528031403574424,71.68988175489154],[-50.526225637302645,71.68993526189513],[-50.5245935971395,71.69055951286705],[-50.522961519853034,71.69117934487052],[-50.52109778550052,71.69104556851731],[-50.51929167688711,71.69110358186026],[-50.51748579766444,71.69115710731384],[-50.51585821073644,71.69177681887616],[-50.51597418908131,71.69215589666555],[-50.516750055538886,71.6927088033077],[-50.51692386054438,71.69327510696328],[-50.517699853785444,71.69382360726934],[-50.51967984354977,71.69433638109348],[-50.52154346559618,71.69447018863542],[-50.52340750055266,71.69460396080925],[-50.5252134606221,71.69455043547514],[-50.52696135868368,71.69430521273654],[-50.52870939495521,71.69405990487489],[-50.53034132854472,71.6934400812082],[-50.53197343580565,71.69281589063478],[-50.533605569401104,71.69219601861094]]],"type":"Polygon"},"id":"00000000000000000195","properties":{"area":219169.35313495106,"elevation":1201.1210733523317,"region":"CW","year":2018},"type":"Feature"},{"geometry":{"coordinates":[[[-50.63003348061509,70.99084188913277],[-50.62997989360747,70.99065455582186],[-50.62992212925288,70.99046285632593],[-50.62986411673438,70.99027550761632],[-50.629226363650915,70.9901016577348],[-50.62864670851564,70.99012389387494],[-50.62812066557924,70.99032905901556],[-50.62759899600931,70.99053864045835],[-50.62701898997087,70.99055648173474],[-50.62643493613877,70.99057429132918],[-50.625855308540075,70.9905921141884],[-50.62521773508666,70.99042270243652],[-50.624638109581326,70.99044052072968],[-50.62411640243156,70.99065009021659],[-50.623590081841385,70.9908597082805],[-50.623068575405604,70.99106480548507],[-50.62254223465801,70.991274419878],[-50.621962582960414,70.99129222799293],[-50.62138292992138,70.99131003392266],[-50.621440829341445,70.99150178821006],[-50.62149895103168,70.99168907384164],[-50.62155226474615,70.99187635786262],[-50.62161016732033,70.99206811209855],[-50.62166829213087,70.99225539767833],[-50.62172619683916,70.9924471518789],[-50.62120003179451,70.99265229283715],[-50.62125810945163,70.992843981264],[-50.621837802551184,70.99282617598753],[-50.62242171692561,70.99280833219069],[-50.62300142279993,70.99278600196773],[-50.623581111749424,70.99276819011877],[-50.62421894749514,70.99293766080673],[-50.62485636654906,70.99311154562832],[-50.62549422095675,70.99328101112566],[-50.62607814167085,70.9932631535128],[-50.626599889125366,70.99305357758492],[-50.627121787620915,70.99284845446701],[-50.627647943038475,70.99263889034805],[-50.628169660362694,70.99242930896798],[-50.62869575149443,70.99222414389031],[-50.6292754611151,70.99220190781662],[-50.629855125362994,70.99218407226914],[-50.62979731365582,70.99199677542921],[-50.62973934138414,70.99180502394958],[-50.629685578407575,70.99161775648396],[-50.62962776981494,70.99143045959244],[-50.62956980070116,70.99123870806123],[-50.62951181850181,70.9910514770791],[-50.63003348061509,70.99084188913277]]],"type":"Polygon"},"id":"0000000000000000017a","properties":{"area":72501.31325981695,"elevation":861.9931416254346,"region":"CW","year":2018},"type":"Feature"},{"geometry":{"coordinates":[[[-49.84790261477512,68.877892365153],[-49.84785814302518,68.87770512424274],[-49.84728736686628,68.8775311336547],[-49.84671662138596,68.87735725856793],[-49.846145883591795,68.87718338123321],[-49.845574967418194,68.87700944887928],[-49.84504886837802,68.87702730737264],[-49.844522779547795,68.8770407177585],[-49.84399649238887,68.87705851950234],[-49.843515013777626,68.87726366675538],[-49.84298872055732,68.87728146467734],[-49.842462623979024,68.87729486726569],[-49.84198094124253,68.87749995645221],[-49.84149943639565,68.87770509678904],[-49.841544034661254,68.87789683841154],[-49.84158863367367,68.87808858008701],[-49.84110711411444,68.87829371921374],[-49.841151536415836,68.87848096224485],[-49.841196133641006,68.87867270423229],[-49.841240743475026,68.87886000014214],[-49.84181148914011,68.87903389808446],[-49.84185609260447,68.87922564007293],[-49.84190070855569,68.87941293597893],[-49.842471471315285,68.87958683146486],[-49.843042241763314,68.87976072470283],[-49.84356857607654,68.87974737287675],[-49.8440947347658,68.8797295201481],[-49.84462088113029,68.87971611157116],[-49.84514703776354,68.87969825486604],[-49.84567321630569,68.87968051392251],[-49.846154722033965,68.87947535848164],[-49.84663640567332,68.87927025418584],[-49.8471625501808,68.87925238983979],[-49.84768868291034,68.87923896964453],[-49.847644220657024,68.87904728208517],[-49.847073251470654,68.87887335506225],[-49.847028783892014,68.87868611358732],[-49.84751025864479,68.87848095368399],[-49.84746561327694,68.87828921356427],[-49.8474211547341,68.87809752626654],[-49.84790261477512,68.877892365153]]],"type":"Polygon"},"id":"00000000000000000052","properties":{"area":63557.93848847376,"elevation":614.5329909567937,"region":"CW","year":2018},"type":"Feature"},{"geometry":{"coordinates":[[[-48.57866866409303,68.87438300488027],[-48.57846806215235,68.8732415340651],[-48.578271864482915,68.87210001147577],[-48.578075614451556,68.87096287156207],[-48.57471789702958,68.86989275981541],[-48.57241260860611,68.86880022479977],[-48.570174109235815,68.86808682612829],[-48.56691448831278,68.86758739441645],[-48.563654823331916,68.8670879507128],[-48.56049340081941,68.86715933431185],[-48.55736753581572,68.86741789520337],[-48.55644456925811,68.86820271639438],[-48.55611448565049,68.86935765809396],[-48.5568368452613,68.87048581200408],[-48.55650681161537,68.8716362607933],[-48.55722925817224,68.87276441750078],[-48.55742554786352,68.87390594089796],[-48.55814792122012,68.87503404325942],[-48.55887476334786,68.87616220901148],[-48.56064944775506,68.87726806226274],[-48.56295465477972,68.8783605824535],[-48.566084990342176,68.87810193243229],[-48.56931333306996,68.87840963114058],[-48.57240813297004,68.87795926254424],[-48.57432107742377,68.87676865101996],[-48.57622956326791,68.87558250396744],[-48.57866866409303,68.87438300488027]]],"type":"Polygon"},"id":"0000000000000000027a","properties":{"area":885695.8766334597,"elevation":1259.7845209752065,"region":"CW","year":2018},"type":"Feature"},{"geometry":{"coordinates":[[[-49.4435737256136,68.47204728184282],[-49.44349350364711,68.47166828063574],[-49.443413102010695,68.47128922644156],[-49.44333288525868,68.47091022575934],[-49.44273539656524,68.47054459829069],[-49.442655010426165,68.47016554460208],[-49.44154028824376,68.4698132833355],[-49.440430184022446,68.46946548088168],[-49.43935555360051,68.46930492401378],[-49.43836558193789,68.46952345055038],[-49.437371262910446,68.4697419333584],[-49.43642126655044,68.47015216844765],[-49.435467177375294,68.47055797156423],[-49.434512788469064,68.4709681571927],[-49.43356322353479,68.47137841518622],[-49.43260869603144,68.47178421022569],[-49.43165906804128,68.47219445545562],[-49.431739277016426,68.47257339881632],[-49.432332353342886,68.47293915628663],[-49.432412575130364,68.47331809989306],[-49.433447163174826,68.47328693489878],[-49.43447714930128,68.47326011435233],[-49.435511730154445,68.47322893374549],[-49.43662652787526,68.47358124687064],[-49.43769681478676,68.47374173742608],[-49.43873106391361,68.47371054373379],[-49.43968080828124,68.47330030118644],[-49.44067524387384,68.47308180049244],[-49.44166516987301,68.47286332059953],[-49.44261950585272,68.47245308332185],[-49.4435737256136,68.47204728184282]]],"type":"Polygon"},"id":"0000000000000000022f","properties":{"area":156837.2151188762,"elevation":1006.4349974946471,"region":"CW","year":2018},"type":"Feature"},{"geometry":{"coordinates":[[[-49.736447620058385,68.63502740471188],[-49.73584095084038,68.63466625963274],[-49.73471306448242,68.63431842477355],[-49.734106469097554,68.63395282873],[-49.733500020461875,68.63359160955147],[-49.73341534321341,68.63321256151646],[-49.7333307013485,68.63282906970984],[-49.733241511515594,68.63245005959595],[-49.73211776927827,68.63210224493582],[-49.73202860067603,68.63172323466684],[-49.73090490671143,68.63137541083627],[-49.72977672478192,68.6310276155519],[-49.72865309077477,68.63067977412314],[-49.7275248070818,68.63033202598398],[-49.726441328388724,68.63017595869358],[-49.72536206788846,68.63001541375225],[-49.72436330228613,68.63023831537744],[-49.72332430567353,68.63026959967561],[-49.72340898146044,68.63064858619661],[-49.72297651300001,68.6310409986655],[-49.7235785253416,68.63140661285719],[-49.72418491128207,68.63177225242804],[-49.7247913488347,68.63213344567562],[-49.72539795363518,68.63249913348639],[-49.726525963387495,68.63284691271159],[-49.72661069749238,68.63322589942153],[-49.72773893964613,68.63357372233541],[-49.72886269342594,68.63392157368979],[-49.72946890253421,68.63428276033345],[-49.73007544160301,68.63464837674036],[-49.73111446354322,68.63461722461392],[-49.73219797468694,68.63477320462925],[-49.73328167164785,68.63493379086984],[-49.73432051362744,68.63490256172338],[-49.73540407541098,68.63505863449663],[-49.736447620058385,68.63502740471188]]],"type":"Polygon"},"id":"00000000000000000295","properties":{"area":137632.65816561738,"elevation":878.5271942595674,"region":"CW","year":2018},"type":"Feature"},{"geometry":{"coordinates":[[[-49.17043597228963,68.73907614221382],[-49.17024429781816,68.73812629985186],[-49.169530799017316,68.73718993039027],[-49.169860668140295,68.73622674789218],[-49.16967341709708,68.73527695523664],[-49.16739047542546,68.7343851373579],[-49.16562908184599,68.73347545957604],[-49.16294033621983,68.73316778116309],[-49.16036283209747,68.73342638320604],[-49.15793721171208,68.73444309421534],[-49.157972770034334,68.73463483809621],[-49.158164460322126,68.73558461465676],[-49.156786782277926,68.73657454856409],[-49.15645220739435,68.73753770652138],[-49.15507435392549,68.73852762632997],[-49.1531702911675,68.73953095133868],[-49.15336200764621,68.74048067854018],[-49.15459730197501,68.74140371164827],[-49.15635867874441,68.74231337237231],[-49.1591632480434,68.74319185975415],[-49.161968008104296,68.74407029255856],[-49.16477738710234,68.74495321406066],[-49.167394951852046,68.74488185320767],[-49.16772483158937,68.74391872682952],[-49.16910264006147,68.7429287240705],[-49.16995893105482,68.7419522249087],[-49.169245492549976,68.74101578273213],[-49.16957979521775,68.7400526395344],[-49.17043597228963,68.73907614221382]]],"type":"Polygon"},"id":"00000000000000000259","properties":{"area":647925.1714969818,"elevation":1133.1498267962895,"region":"CW","year":2018},"type":"Feature"},{"geometry":{"coordinates":[[[-50.089710779635574,70.72944488644801],[-50.08960830128634,70.7290658872006],[-50.08898399856512,70.72889198591072],[-50.08778894466399,70.72873588584812],[-50.086643068098994,70.7287715740623],[-50.08554608829476,70.72899454453767],[-50.08440019218978,70.72903021577257],[-50.08330772899188,70.72925313547263],[-50.082210688981185,70.72947608165829],[-50.08116725006453,70.72988633029634],[-50.0801192670927,70.73030106039478],[-50.07897324054912,70.73033223601401],[-50.07907592573403,70.73071122911288],[-50.07803257204318,70.73112150848338],[-50.07813507028042,70.73150056754329],[-50.07823774766543,70.73187956126753],[-50.078910914209835,70.73224079978996],[-50.08015954884559,70.73258856504656],[-50.081305435439575,70.73255287392604],[-50.08245156825174,70.73252168116817],[-50.083597444874364,70.73248597274024],[-50.084796852233254,70.7326420848131],[-50.085894015883305,70.7324191203483],[-50.086986400174936,70.73219612982888],[-50.08803436185522,70.73178146998815],[-50.08850257526948,70.73138906726994],[-50.0889751006601,70.73099223938124],[-50.0888724245104,70.73061318692093],[-50.088769953972985,70.73023418704896],[-50.08866728523935,70.72985513454162],[-50.089710779635574,70.72944488644801]]],"type":"Polygon"},"id":"00000000000000000163","properties":{"area":129241.4714631245,"elevation":1201.7017106792896,"region":"CW","year":2018},"type":"Feature"},{"geometry":{"coordinates":[[[-49.39527724565266,69.94137010827043],[-49.39497850936308,69.94004574978875],[-49.391924076929676,69.93879278098139],[-49.39009570108335,69.93807481314815],[-49.38597996708836,69.93704037854201],[-49.382203096896326,69.93752195623124],[-49.37846652408763,69.93819079801709],[-49.3745602532141,69.93810605289919],[-49.370818981854455,69.93877494812813],[-49.36708244834382,69.93944377621985],[-49.36343033630958,69.94049168998697],[-49.36355520124977,69.94106245368835],[-49.36330110254848,69.94240018842672],[-49.363042477243624,69.94374238939919],[-49.364995455248994,69.94502653850728],[-49.365842651702906,69.94633754756548],[-49.366689944482886,69.94764855358461],[-49.370511433490925,69.94735871292792],[-49.37467159338616,69.94858497143807],[-49.3786669752004,69.94905315458662],[-49.38278726731926,69.9500876712815],[-49.38597105743018,69.94943222060243],[-49.38401799759282,69.94814794296602],[-49.38317083162994,69.94683700004262],[-49.38177076858722,69.94553937826242],[-49.38533805927304,69.94411247352404],[-49.388989871443684,69.94306014582538],[-49.39273095736826,69.94239126673345],[-49.39527724565266,69.94137010827043]]],"type":"Polygon"},"id":"000000000000000000f5","properties":{"area":1061789.6215822587,"elevation":1007.1678462993043,"region":"CW","year":2018},"type":"Feature"},{"geometry":{"coordinates":[[[-49.11109879065235,69.46970426973016],[-49.110907013385805,69.46875447830033],[-49.10854800315804,69.46786264986108],[-49.11105846002174,69.46684597909426],[-49.1098590790535,69.46630190933413],[-49.10704091988364,69.46580256192593],[-49.10418271228082,69.46511134614946],[-49.10140471628178,69.46479926399577],[-49.09854643656467,69.46410806577775],[-49.09588414201738,69.4643667165928],[-49.09329808985666,69.46500437846176],[-49.090519880106406,69.46469221375006],[-49.08773743588054,69.46438011884982],[-49.0850753464252,69.46463867568151],[-49.08414783156726,69.46542350594719],[-49.08542329269965,69.46634654318785],[-49.08723806893419,69.46725172919268],[-49.089053021853026,69.46816139665698],[-49.09191114134439,69.46885256331296],[-49.09472934631461,69.4693519749974],[-49.09758777542683,69.47004314835489],[-49.10032552928985,69.47016801652697],[-49.10303230881146,69.4700966640108],[-49.105734432410095,69.47002977948372],[-49.10847668904444,69.47015015464854],[-49.11109879065235,69.46970426973016]]],"type":"Polygon"},"id":"0000000000000000007c","properties":{"area":501314.39638545836,"elevation":1143.1484367095013,"region":"CW","year":2018},"type":"Feature"},{"geometry":{"coordinates":[[[-50.004256671653145,69.8110707319826],[-50.00397118052991,69.81074078119507],[-50.003828739344705,69.81016999968362],[-50.003141891974366,69.80964828586829],[-50.00323108228934,69.80919790372903],[-50.002941370690856,69.80885901548614],[-50.0019914798512,69.80866284714335],[-50.000542309286246,69.8085156539857],[-49.9997038601912,69.80835064386605],[-49.997915783951434,69.80782901123968],[-49.99627038167585,69.80788246525833],[-49.994674056200466,69.80811884223291],[-49.99326938547452,69.80781116972463],[-49.991623989990586,69.80786468900298],[-49.99167305225385,69.8080519655011],[-49.9914368078965,69.80840862092427],[-49.990482598613724,69.80901062565904],[-49.990629623053984,69.80957697399992],[-49.99132073977329,69.81012987641084],[-49.99272094899663,69.81046877714917],[-49.994040845704625,69.81084772503927],[-49.99578435087915,69.8111777650245],[-49.997380675193796,69.81093698932686],[-49.99912422686064,69.81126698953109],[-50.00091679853338,69.81178864279761],[-50.002566686099776,69.811739621485],[-50.00367683219154,69.81128031730343],[-50.004256671653145,69.8110707319826]]],"type":"Polygon"},"id":"000000000000000001ad","properties":{"area":162791.54718617958,"elevation":479.25733959172885,"region":"CW","year":2018},"type":"Feature"},{"geometry":{"coordinates":[[[-47.5913478848789,68.79273244690945],[-47.59017960594818,68.79179604613812],[-47.58743278633553,68.79089086336623],[-47.58478412807404,68.79074369941122],[-47.58215768224478,68.79078378523907],[-47.5795534493234,68.79102016378658],[-47.57704759884052,68.79201455830598],[-47.57663727256485,68.79297323492689],[-47.57623147155412,68.7939319453948],[-47.57477349521085,68.79490850997732],[-47.574367592139936,68.79586721816854],[-47.57395745143322,68.79682588678028],[-47.573551600124766,68.79778908564823],[-47.57366746820132,68.79873886669499],[-47.57431416162424,68.79967972979274],[-47.576534785069946,68.80059835634604],[-47.57770302348353,68.80153021691746],[-47.57865727416547,68.80075437575803],[-47.57959373248887,68.79978676867911],[-47.58105197785938,68.79881020060877],[-47.581457734166065,68.79784703306389],[-47.581863393411204,68.79688830004845],[-47.58279520780321,68.79592070008047],[-47.583727299675665,68.7949530888837],[-47.586237734678825,68.79395871943625],[-47.588770488272125,68.7931560335571],[-47.5913478848789,68.79273244690945]]],"type":"Polygon"},"id":"000000000000000001cb","properties":{"area":408325.46093634993,"elevation":1556.8806944113308,"region":"CW","year":2018},"type":"Feature"},{"geometry":{"coordinates":[[[-49.57717726021119,70.02838060263433],[-49.575469506616045,70.02823784845886],[-49.572566677262884,70.02774290130459],[-49.56974855101231,70.02763144841663],[-49.56702394129661,70.02789455028481],[-49.56433967138184,70.02834937665965],[-49.56438430649115,70.02854107925252],[-49.563496775128186,70.02951767172434],[-49.56094621154553,70.03053875793488],[-49.55950144678271,70.0315331861287],[-49.559171313632746,70.0324963273362],[-49.55939010603628,70.03344163095059],[-49.55905552273967,70.03440479250904],[-49.559278524035854,70.03535459562549],[-49.560607321864346,70.03626871339688],[-49.56138313190825,70.03720067482291],[-49.56318018631694,70.03772684507877],[-49.56608761807654,70.03821736566209],[-49.56890583460365,70.03833326354084],[-49.571723782004184,70.03844478450591],[-49.572744996222525,70.03803898256476],[-49.57252215562701,70.03708917267281],[-49.57340923352702,70.0361126488167],[-49.574296659201146,70.03513165619952],[-49.572963506300674,70.03421748675797],[-49.57274494880847,70.03326772526603],[-49.57418534445037,70.03227779547427],[-49.57562550027696,70.03128346419376],[-49.57707032065256,70.03028908782703],[-49.575736979672016,70.02937495925573],[-49.57717726021119,70.02838060263433]]],"type":"Polygon"},"id":"00000000000000000105","properties":{"area":597624.2395015603,"elevation":857.3775041748719,"region":"CW","year":2018},"type":"Feature"},{"geometry":{"coordinates":[[[-50.24438819850421,70.82865991904411],[-50.24412515708867,70.82771459436687],[-50.24014306794143,70.82802220699745],[-50.236428656581694,70.82927969074049],[-50.23245126470852,70.82959185751513],[-50.2287857503697,70.83103654915796],[-50.228366766087504,70.83162519994987],[-50.226431509364446,70.8330164372596],[-50.22622627349573,70.83435866059972],[-50.22659637079392,70.83568743292848],[-50.22638672855589,70.83702963004838],[-50.22675680720989,70.8383539481303],[-50.22770233538082,70.83966047450625],[-50.22922273086143,70.84095367955628],[-50.230747770535764,70.84224225921066],[-50.23389136299654,70.84310289484604],[-50.2373516577891,70.84299588621201],[-50.235251485336164,70.84172504803175],[-50.2343061920136,70.84041853963427],[-50.23278555041612,70.83912538413497],[-50.23126058966977,70.83783670780092],[-50.22974012368522,70.83654358941638],[-50.231100004927264,70.83517018216044],[-50.23072982886595,70.83384135423165],[-50.23035977975206,70.83251698035802],[-50.23402524770588,70.83107231676347],[-50.23810973980637,70.83113915846813],[-50.24187768685668,70.83006896296042],[-50.24438819850421,70.82865991904411]]],"type":"Polygon"},"id":"00000000000000000170","properties":{"area":340891.26793583966,"elevation":1015.4500593195874,"region":"CW","year":2018},"type":"Feature"},{"geometry":{"coordinates":[[[-49.97736822290892,70.15130463191738],[-49.97731934628212,70.15111286871691],[-49.97671270511984,70.15093893800278],[-49.97615550310592,70.15095680862346],[-49.97564694258387,70.15116193495584],[-49.97508953717256,70.15117974880745],[-49.974483105956764,70.15100586172213],[-49.973876854877304,70.15083190701635],[-49.97327046352949,70.15066246821786],[-49.97271287294151,70.15067588518843],[-49.972204654167115,70.15088098706885],[-49.97169627695214,70.15109060552541],[-49.971188039742174,70.15129570389144],[-49.970679793363374,70.15150080050036],[-49.97012220147793,70.15151866075472],[-49.96956475807286,70.15153200057092],[-49.9690075319159,70.15154984416006],[-49.96844566650625,70.151567664386],[-49.96793721710275,70.15177281665675],[-49.96742892999032,70.151977901985],[-49.96747809585767,70.15216965578163],[-49.96808448871971,70.15233911851605],[-49.968133464259324,70.1525308194333],[-49.967624991248485,70.15273597066563],[-49.96766971883889,70.15292775596447],[-49.9677186709952,70.15311500394051],[-49.96776784202686,70.15330675781298],[-49.968374266764,70.15347621962809],[-49.96898072164558,70.15365013216272],[-49.96958718522805,70.15382404226837],[-49.97019346091668,70.15399789721174],[-49.97075094053075,70.15398010209925],[-49.97125941091817,70.15377493993208],[-49.97176770066385,70.15356984119543],[-49.97232497125434,70.1535519873704],[-49.972882437237146,70.15353418417018],[-49.973395148371615,70.15332904817777],[-49.97390357996464,70.15312387684533],[-49.97441183092899,70.15291876894672],[-49.97496927886319,70.15290095781046],[-49.97552672559474,70.15288314456794],[-49.97547751504469,70.15269584621741],[-49.97542865048441,70.15250408226002],[-49.975936873839245,70.15229896908933],[-49.97644972614421,70.15209387516956],[-49.97695793111648,70.15188875846891],[-49.976909056417945,70.15169699506389],[-49.97686003431969,70.15150975001576],[-49.97736822290892,70.15130463191738]]],"type":"Polygon"},"id":"00000000000000000125","properties":{"area":82789.7318915681,"elevation":588.6374876994819,"region":"CW","year":2018},"type":"Feature"},{"geometry":{"coordinates":[[[-50.77204690950718,71.39801578371201],[-50.77044162717959,71.39672710078504],[-50.76809163501909,71.39611173612903],[-50.763467656058104,71.39549635714569],[-50.75813892715639,71.3956702495642],[-50.753225030459106,71.39716405782394],[-50.756025498733386,71.39852854415975],[-50.75299777401238,71.40022744259457],[-50.74796784317117,71.40134221919553],[-50.74956425099836,71.40275574147073],[-50.75481251732829,71.4041871956941],[-50.75470536153043,71.40564081441673],[-50.75630196520069,71.40700533321791],[-50.75913784327115,71.40838320823084],[-50.76377527728542,71.40976106397895],[-50.76798912599008,71.40981896468769],[-50.76765040443843,71.40872650200703],[-50.76474308330288,71.40710339448896],[-50.76314205038397,71.40581917238318],[-50.75904876928769,71.40423173590494],[-50.75854926167483,71.40272898069232],[-50.756921696868226,71.40137342506581],[-50.7577511618515,71.40019623282771],[-50.76261152023522,71.39851076531035],[-50.76789554591423,71.39814952758462],[-50.77204690950718,71.39801578371201]]],"type":"Polygon"},"id":"0000000000000000018f","properties":{"area":501908.35875393194,"elevation":896.4648312332411,"region":"CW","year":2018},"type":"Feature"},{"geometry":{"coordinates":[[[-48.40040731292484,68.78121014105768],[-48.396393953416705,68.7791990732737],[-48.38574555376997,68.77847225408806],[-48.37506616577959,68.77755812635812],[-48.36442227107776,68.77683125014153],[-48.35673921424902,68.77489610108823],[-48.34884216683119,68.7716319498677],[-48.343107764578654,68.77194410803408],[-48.35047851117356,68.77522156297978],[-48.34479327169952,68.77915451505515],[-48.33445697547844,68.78032723787781],[-48.32365702522244,68.77864614606594],[-48.31832857039323,68.77494510713959],[-48.32731374357829,68.77189506663616],[-48.336075774682506,68.77075803342723],[-48.32558779986048,68.77097650921462],[-48.31543009811732,68.77329071573111],[-48.31363741800655,68.77523493380467],[-48.31686586972568,68.77898055222425],[-48.32670715265708,68.78125474327052],[-48.33719936183218,68.78103175759597],[-48.347754155238,68.78118783436776],[-48.35794315342537,68.77906529582395],[-48.36834178416746,68.77827152953955],[-48.379016931889225,68.77919018685495],[-48.38975880221608,68.78048330808119],[-48.40040731292484,68.78121014105768]]],"type":"Polygon"},"id":"0000000000000000020c","properties":{"area":1057622.386501302,"elevation":1347.706211938268,"region":"CW","year":2018},"type":"Feature"},{"geometry":{"coordinates":[[[-50.47380445131701,71.34292803930161],[-50.47368863498979,71.34254897877791],[-50.472395428326216,71.34220566097036],[-50.47109776118432,71.34186231239698],[-50.47098181896687,71.34148331572943],[-50.47027741893164,71.34112654402094],[-50.470165786073565,71.34074751488082],[-50.470049866718185,71.34036851749508],[-50.47112009723756,71.33994938120728],[-50.472190212872334,71.33953463965716],[-50.47326049531799,71.3391199427034],[-50.4737420296505,71.33872308794693],[-50.472497901823054,71.338571462785],[-50.471316198738464,71.33860717818412],[-50.470130170385005,71.33864279864612],[-50.46894845626239,71.33867849616493],[-50.46787831614846,71.33909321560883],[-50.466696570879904,71.33912889602796],[-50.466808134445756,71.3395079275204],[-50.46691949378207,71.33988690677168],[-50.46703556474179,71.34026595841327],[-50.46655387216391,71.34066279170875],[-50.466669941592464,71.34104184352412],[-50.46678130762846,71.34142082272487],[-50.46748597684305,71.34178199855735],[-50.46819478106862,71.34214320522094],[-50.468306388285384,71.34252223548867],[-50.46960405554784,71.34286560707301],[-50.47090155340677,71.34320891593069],[-50.47208332720379,71.34317327054049],[-50.47326938667915,71.3431375842824],[-50.47380445131701,71.34292803930161]]],"type":"Polygon"},"id":"00000000000000000181","properties":{"area":77905.13785065274,"elevation":1264.0177161740407,"region":"CW","year":2018},"type":"Feature"},{"geometry":{"coordinates":[[[-48.734719297662366,69.82073806212065],[-48.73461229800835,69.82017178070076],[-48.7329222026329,69.8200156928472],[-48.7329982210523,69.82039917726179],[-48.7320039235597,69.82099223800078],[-48.73046084507954,69.82159865455488],[-48.72891349162456,69.82220510354328],[-48.727192424286905,69.82186176288073],[-48.725435431219424,69.82133111096468],[-48.72381680791656,69.82155851758718],[-48.72205995096476,69.82102343887266],[-48.72041014634837,69.82106363016284],[-48.72102978859742,69.82142924070018],[-48.72168992796756,69.82198658754832],[-48.722345367182626,69.82254405338279],[-48.72410672981859,69.82307913561701],[-48.72476223700352,69.82363647339405],[-48.726416396724325,69.82360080711267],[-48.728066377671006,69.82356066613923],[-48.729751974566334,69.82371231095816],[-48.731370656484856,69.8234893425962],[-48.732949138957,69.8230702241267],[-48.73339057681608,69.82248607366908],[-48.734384899917146,69.82189300265817],[-48.734277924238995,69.82132221581705],[-48.734719297662366,69.82073806212065]]],"type":"Polygon"},"id":"000000000000000000b2","properties":{"area":108625.69423038822,"elevation":1437.5060524657576,"region":"CW","year":2018},"type":"Feature"},{"geometry":{"coordinates":[[[-49.36526302313526,68.46262517600188],[-49.36450938766413,68.46150154726567],[-49.361178509182515,68.46044920661234],[-49.35792342136427,68.45978031173958],[-49.354672579481374,68.45910694931858],[-49.351417431304604,68.45843365411716],[-49.34824265057871,68.45814377401508],[-49.34506771057271,68.45784950747469],[-49.341932979320546,68.45774694140655],[-49.33883832645771,68.45783170053913],[-49.33581951487702,68.45829990068722],[-49.33280068629561,68.458763592298],[-49.332002638043804,68.45993189345761],[-49.331204439538894,68.46109569715733],[-49.33144065829944,68.46223282848148],[-49.33322442953577,68.46332974987128],[-49.33552080666557,68.46440880763771],[-49.33782162197566,68.46549242960495],[-49.34103664927878,68.46597400516397],[-49.34413584505533,68.4658847649943],[-49.34719464629909,68.46561279857303],[-49.35028946782257,68.4655236148969],[-49.35338832410888,68.46543890683294],[-49.356523190463584,68.46554142034906],[-49.35946165072372,68.46469419179023],[-49.36240466150571,68.46385142420168],[-49.36526302313526,68.46262517600188]]],"type":"Polygon"},"id":"0000000000000000023f","properties":{"area":970744.6288553426,"elevation":1067.3653850459345,"region":"CW","year":2018},"type":"Feature"},{"geometry":{"coordinates":[[[-49.822169273399474,68.77243015964454],[-49.82212468076943,68.77224290691487],[-49.82208008209634,68.77205109124299],[-49.82203549092363,68.77186383862066],[-49.82146911895457,68.77168996163583],[-49.82142471167844,68.77149819876445],[-49.82137994133452,68.77131089335778],[-49.82085835199686,68.77132431945965],[-49.8203765948761,68.77152942918426],[-49.81985498343783,68.77154729675597],[-49.819328821885826,68.77156063953251],[-49.81880702320005,68.77157845036719],[-49.81828540867353,68.77159631203108],[-49.81780380898158,68.77180146560151],[-49.81728202009972,68.77181482542369],[-49.81675601824969,68.77183265647383],[-49.81627894352078,68.7720377646916],[-49.815752587939045,68.77205560405883],[-49.81518625136681,68.77188170154818],[-49.81466464305181,68.77189510431519],[-49.81418316834548,68.7721001803404],[-49.813705885999745,68.7723097898861],[-49.813224394983465,68.77251486266934],[-49.81326875919077,68.77270218298341],[-49.8133134542922,68.77289393648405],[-49.81283632933234,68.7730990330471],[-49.81287647371432,68.77328626376095],[-49.81344720865753,68.7734602011838],[-49.81349190671439,68.77365195490526],[-49.81353189454261,68.77383925057617],[-49.81405827330382,68.77382586502128],[-49.81457994003383,68.77380801939621],[-49.815150697872156,68.77398195008624],[-49.815672349315115,68.77396854563544],[-49.816153846463905,68.77376346384887],[-49.8166311342512,68.77355384535882],[-49.817152775052875,68.77354043531028],[-49.81772354297882,68.77371435538699],[-49.81828977532866,68.7738883133287],[-49.81881143780735,68.77387045178834],[-49.81933781120986,68.77385704619873],[-49.819859309165636,68.77383924565241],[-49.81981490972292,68.77364748154982],[-49.819770332140656,68.77346022771606],[-49.820251783608086,68.77325513170817],[-49.820729008855174,68.7730499443941],[-49.8212104440956,68.7728448451436],[-49.821687691992395,68.7726353270777],[-49.822169273399474,68.77243015964454]]],"type":"Polygon"},"id":"0000000000000000001d","properties":{"area":72702.96560902086,"elevation":756.9396686159839,"region":"CW","year":2018},"type":"Feature"},{"geometry":{"coordinates":[[[-49.21760424624446,70.43016341890718],[-49.21699342715526,70.4299894914371],[-49.21586089068881,70.43001625741627],[-49.21472835037182,70.43004301481601],[-49.21368027935979,70.4304532435197],[-49.21263249004163,70.43085906552946],[-49.21158446554047,70.43126482640116],[-49.21053215374206,70.43167503086529],[-49.209444358549696,70.43189353306136],[-49.20835166856817,70.43211204625348],[-49.2072192056441,70.43213880020805],[-49.206171220009075,70.43254457662704],[-49.20503873091401,70.43257131400414],[-49.20398625831042,70.43298159011444],[-49.202938174467995,70.43338734371916],[-49.201890498854006,70.43379758621064],[-49.200838036296645,70.43420338698476],[-49.19979021200865,70.43460910786774],[-49.20039658538455,70.43478750283278],[-49.20148928817532,70.43456899439973],[-49.20258159589723,70.43435048846291],[-49.20362953232411,70.43394468358699],[-49.20472198540928,70.43372621567796],[-49.20580991651402,70.43350774808209],[-49.2069025018012,70.43328919986769],[-49.2080352194908,70.43326250225252],[-49.20912759392878,70.43304400199636],[-49.21017554688528,70.4326382046758],[-49.2112234090268,70.43222801121044],[-49.21235586739434,70.43220122695762],[-49.21340841940729,70.4317954520386],[-49.214456182733414,70.43138523576347],[-49.215504159088674,70.43097945459819],[-49.21655209764715,70.43057366604188],[-49.21760424624446,70.43016341890718]]],"type":"Polygon"},"id":"00000000000000000112","properties":{"area":67408.03307015386,"elevation":1444.5663452831186,"region":"CW","year":2018},"type":"Feature"},{"geometry":{"coordinates":[[[-49.924657252229764,68.7111799160704],[-49.924612715491705,68.71098824516089],[-49.92456799640296,68.71080096651188],[-49.924523437971565,68.71060917801455],[-49.92395704067461,68.71043529639005],[-49.92338628181299,68.7102613910957],[-49.92282006301986,68.71009188479016],[-49.92225387328909,68.709918049121],[-49.921732016637925,68.70993138503077],[-49.921210345327175,68.70994921645827],[-49.92064398406669,68.70977532166717],[-49.920122314571294,68.70979314900008],[-49.91960064303359,68.70980652952845],[-49.91907897150526,68.70982435292368],[-49.9186018094151,68.7100295194373],[-49.91808013191105,68.71004733905079],[-49.91755845334453,68.71006515669525],[-49.91760295686636,68.71025250214984],[-49.91764762355845,68.71044422744995],[-49.91717041413027,68.71064927145709],[-49.917214915976984,68.71083661723355],[-49.917259580933866,68.7110283428605],[-49.916782542078806,68.71123343834465],[-49.916305333364434,68.71143859727486],[-49.91634999264513,68.7116303233851],[-49.91692073886535,68.71180425805879],[-49.91748693829589,68.71197811618491],[-49.91800865687902,68.71196029892921],[-49.918530374399545,68.71194247970438],[-49.91909677210968,68.71211638400992],[-49.91961849244598,68.7121030055449],[-49.92014021081307,68.71208518025628],[-49.92066192811708,68.71206735299852],[-49.921139110406564,68.7118621786982],[-49.921660821733035,68.71184434765851],[-49.92218253344971,68.71183095950423],[-49.92265953460825,68.71162140017657],[-49.92318124052468,68.71160800824],[-49.92370294384034,68.71159016948118],[-49.92418011363831,68.71138510242767],[-49.924657252229764,68.7111799160704]]],"type":"Polygon"},"id":"00000000000000000025","properties":{"area":62643.43577633209,"elevation":766.4715909090908,"region":"CW","year":2018},"type":"Feature"},{"geometry":{"coordinates":[[[-49.104539452759155,69.89181617157885],[-49.1038304429648,69.89107592249911],[-49.10166769754198,69.89131667241642],[-49.100602044380636,69.89153519831005],[-49.0985687223975,69.89213720498002],[-49.09731559556564,69.89256977045454],[-49.095745962708754,69.89277928763187],[-49.09361911902689,69.89321184215348],[-49.0915678886398,69.89402782401858],[-49.089516706112875,69.89484383101856],[-49.088642704122705,69.89525858500019],[-49.088058514389886,69.89583381099244],[-49.08766162240417,69.8966051867749],[-49.09002956421896,69.89730973084215],[-49.09131814805094,69.89747920474433],[-49.093503143969144,69.89799199192129],[-49.094742775153044,69.89796524661399],[-49.09689649565989,69.89828627828088],[-49.09918413703192,69.89861180342656],[-49.099852879833385,69.89855386094447],[-49.09974150576142,69.89803212282459],[-49.09738236327187,69.89732759544164],[-49.095019178278335,69.89662747716552],[-49.09365927774468,69.89607457247483],[-49.09460441017654,69.89528979951025],[-49.09665563791784,69.89447377401235],[-49.09870676868952,69.89366222483608],[-49.10083828378115,69.89322519288439],[-49.102836004828426,69.89243151085006],[-49.10399087063662,69.89238691090252],[-49.104539452759155,69.89181617157885]]],"type":"Polygon"},"id":"000000000000000000e3","properties":{"area":184351.68860317644,"elevation":1238.0796226778311,"region":"CW","year":2018},"type":"Feature"},{"geometry":{"coordinates":[[[-50.45307846344879,70.60487542049006],[-50.45240087738264,70.60451428033578],[-50.452324884342325,70.60443844986207],[-50.45112991181902,70.60428682423138],[-50.45009989782418,70.60470157653037],[-50.4490163518103,70.60492897779883],[-50.44793266319431,70.6051519168599],[-50.446849272914285,70.60537935455497],[-50.445765538929436,70.60560227791088],[-50.44473573674184,70.60601697948826],[-50.44484710492207,70.6063960269549],[-50.44494080014387,70.60659665548411],[-50.4455427655941,70.60681961828968],[-50.44506102702892,70.60714962678549],[-50.444030940778184,70.60756427124754],[-50.44414268098987,70.60794330579303],[-50.44482024738492,70.60830448322918],[-50.44487838510001,70.60838476982538],[-50.4460732578971,70.60854079597081],[-50.4471032282815,70.60812168313547],[-50.448244886762126,70.60808599723279],[-50.44938636671919,70.60805036843587],[-50.450420897190604,70.60763564150622],[-50.45145086205109,70.60722095296674],[-50.45253901555162,70.60699348884197],[-50.453051865555395,70.60678841419399],[-50.45294471284746,70.60640939221433],[-50.45226255341455,70.60622212797651],[-50.451620400874525,70.6059902467966],[-50.45101403910061,70.60570480670374],[-50.452048461273485,70.60529018618824],[-50.45307846344879,70.60487542049006]]],"type":"Polygon"},"id":"00000000000000000165","properties":{"area":92801.46616212217,"elevation":621.0791569992264,"region":"CW","year":2018},"type":"Feature"},{"geometry":{"coordinates":[[[-49.68309433500712,68.81482725858635],[-49.68296505867955,68.8142610157301],[-49.682309593657706,68.81370364823636],[-49.68165393192007,68.81315067081542],[-49.680169230837286,68.8135787458588],[-49.678595073538276,68.8136233160825],[-49.676891776059236,68.8131016217662],[-49.67523282104751,68.81276719234012],[-49.67369908572098,68.81300356726781],[-49.67225429345551,68.81361886631099],[-49.67080940722835,68.81423871392253],[-49.66936483867794,68.81485408966934],[-49.669449574392424,68.81523305691643],[-49.66957873587024,68.81579936499946],[-49.66918206641584,68.81638799392688],[-49.669311228842936,68.81695430343409],[-49.669440703090174,68.81752504713448],[-49.67009164667098,68.8180780032977],[-49.67074717160653,68.81863092183107],[-49.671924329686554,68.81917042383358],[-49.67301691415221,68.81933100122941],[-49.674720035809095,68.81985270915489],[-49.67625401677548,68.81961638661375],[-49.67786829495709,68.81975904842744],[-49.67944230931918,68.81971444644162],[-49.68089169090781,68.81909465040073],[-49.682421003797785,68.8188582952766],[-49.68281790632469,68.81827422922545],[-49.682688593171115,68.81770786479301],[-49.68255916389889,68.81713712013244],[-49.68242990420515,68.81656631118275],[-49.682300632358654,68.81600006596419],[-49.68217138547935,68.8154292579924],[-49.68309433500712,68.81482725858635]]],"type":"Polygon"},"id":"0000000000000000002b","properties":{"area":351626.2927883839,"elevation":823.353807631483,"region":"CW","year":2018},"type":"Feature"},{"geometry":{"coordinates":[[[-48.937577224868825,69.67368582946332],[-48.93563762177704,69.67220541186504],[-48.93432213554144,69.6710905978866],[-48.93002802838111,69.67157665471102],[-48.925658089088074,69.67167929183542],[-48.921252472282916,69.67159447656384],[-48.91718136144365,69.67321767040568],[-48.91475114435743,69.67480058976302],[-48.912316454637214,69.67638364195925],[-48.912615270001254,69.6779041810649],[-48.910729132041844,69.67947376050103],[-48.91212018792426,69.6809675756927],[-48.91296740899259,69.68247469382838],[-48.91639650047514,69.68315691494504],[-48.920802046370994,69.6832417099563],[-48.92521215601475,69.68332642439817],[-48.92713841459216,69.68194856962431],[-48.92855201208227,69.68076693334771],[-48.92421784296938,69.68106117891374],[-48.91958480692725,69.67983942874284],[-48.91710117860194,69.67837234638769],[-48.91570542506429,69.67687852892186],[-48.91923252391878,69.67526879361405],[-48.923339494605415,69.67383297695696],[-48.92770912386554,69.67373043092273],[-48.93237783741459,69.67514394801739],[-48.93561975111442,69.67487640872721],[-48.937577224868825,69.67368582946332]]],"type":"Polygon"},"id":"0000000000000000009d","properties":{"area":549491.4825295162,"elevation":1338.5416970597207,"region":"CW","year":2018},"type":"Feature"},{"geometry":{"coordinates":[[[-48.555062133350404,68.5194385996196],[-48.54897564893896,68.51728933082708],[-48.54140379763275,68.51555473591837],[-48.53402420270764,68.51496163268388],[-48.526773558901944,68.51512217854321],[-48.51955432027269,68.51547889469646],[-48.51252685593156,68.51696830791916],[-48.50568644251869,68.51959912640233],[-48.505748854297245,68.51998261799795],[-48.50308680194298,68.52270711780035],[-48.501454878524854,68.52541376616644],[-48.499827297459284,68.52812046646031],[-48.49871689624421,68.53081374753359],[-48.49553313951709,68.53355168501483],[-48.498565375338195,68.53615137022346],[-48.50516934779487,68.5382916695337],[-48.51252223373274,68.53869747656924],[-48.51962576253939,68.53758718844371],[-48.52675577706799,68.5366596688507],[-48.53372535141194,68.53478680521991],[-48.54007519416177,68.53540665075748],[-48.542737244005664,68.53267767482684],[-48.54957300834262,68.53004675757985],[-48.550192926184636,68.52755415119364],[-48.55233327292101,68.5248385797969],[-48.55395642585142,68.52213192748073],[-48.555062133350404,68.5194385996196]]],"type":"Polygon"},"id":"00000000000000000222","properties":{"area":4705573.7049223995,"elevation":1377.8596982222,"region":"CW","year":2018},"type":"Feature"},{"geometry":{"coordinates":[[[-48.38579912901955,69.36843806085201],[-48.38516601984414,69.36788064018572],[-48.38345818770049,69.3673455875066],[-48.38174576736834,69.36681050762718],[-48.38003808213312,69.36627541515485],[-48.378865274520805,69.365726978271],[-48.37930670149763,69.36514720700868],[-48.38082725041115,69.36454528086426],[-48.3807291209821,69.36397451007966],[-48.3811751494142,69.36339485956151],[-48.381077017242475,69.36282408990655],[-48.382058081755304,69.36223097586843],[-48.38142469510234,69.36167361584532],[-48.37971702415239,69.3611385329322],[-48.37810273591038,69.36116975400972],[-48.37658223461039,69.36177615043388],[-48.37667587325488,69.36234246755232],[-48.376773899920536,69.36291323954026],[-48.37632796012783,69.36349293034228],[-48.37642615447834,69.36406364019946],[-48.3765197090428,69.36463446096873],[-48.37607839389847,69.36521415974242],[-48.376711568240545,69.36577149141611],[-48.376805137223656,69.36634231337437],[-48.377438358096164,69.366899642817],[-48.37753642409527,69.36747041795593],[-48.37870920823321,69.3680144287507],[-48.379342255965796,69.36857631631105],[-48.38105026072576,69.36911135599959],[-48.38168331026228,69.36966879571874],[-48.38323520636817,69.36925413742308],[-48.38481808248826,69.36903114196393],[-48.38579912901955,69.36843806085201]]],"type":"Polygon"},"id":"0000000000000000001c","properties":{"area":165892.79662796736,"elevation":1350.8419207851382,"region":"CW","year":2018},"type":"Feature"},{"geometry":{"coordinates":[[[-48.43783681268,68.51806071452069],[-48.43777431850841,68.5176817185432],[-48.43771199096739,68.51730265957896],[-48.43713231718541,68.5169325884125],[-48.437069836828414,68.51655359303933],[-48.437007523096,68.51617453468052],[-48.43694504680327,68.51579553985543],[-48.437399806456895,68.51540312663488],[-48.436820181520524,68.51503305575626],[-48.43675787592073,68.51465399849792],[-48.436695407769385,68.51427500477304],[-48.435660884838505,68.51429728508562],[-48.434621855686096,68.51431955249859],[-48.43355615858536,68.514154535739],[-48.432584056559776,68.51455590554917],[-48.43264646398925,68.51493490116742],[-48.43270887344958,68.51531389705991],[-48.43277146555334,68.51569294781251],[-48.432829293331174,68.51607643438105],[-48.43237436643903,68.51646440068988],[-48.4324369568731,68.51684345248799],[-48.43353391918612,68.5172045712282],[-48.43463516852399,68.51756131787525],[-48.435214919084345,68.51792702255047],[-48.43576347951279,68.5181053247544],[-48.436797813062725,68.51808305267886],[-48.43783681268,68.51806071452069]]],"type":"Polygon"},"id":"000000000000000001d7","properties":{"area":71788.46289697602,"elevation":1403.0031936127746,"region":"CW","year":2018},"type":"Feature"},{"geometry":{"coordinates":[[[-48.539094196127024,68.30469275234391],[-48.53906278116409,68.30450102114725],[-48.538514506311344,68.3043226732562],[-48.53800158954483,68.3043360106061],[-48.53748885132606,68.30434940043754],[-48.536976013270674,68.30435835833893],[-48.53646327361528,68.30437174429818],[-48.53591930523257,68.30419333325673],[-48.53537518127619,68.30401498348897],[-48.534862446986494,68.30402836341852],[-48.53434961332012,68.30403731142081],[-48.53383687759496,68.30405068747815],[-48.53332396180914,68.30406400717516],[-48.532811126213566,68.30407294936799],[-48.532298388292446,68.30408631961642],[-48.53178564960958,68.30409968792884],[-48.531816911238884,68.30428699045316],[-48.53236101779598,68.30446535451185],[-48.53290925553893,68.30464372714977],[-48.53342216706928,68.30463029126483],[-48.53393485041364,68.30462141014462],[-48.53444777682782,68.30460808816218],[-48.53496068615746,68.30459464646636],[-48.535473367576415,68.30458575953843],[-48.53598611248884,68.30457237732405],[-48.53653025245693,68.30475072492254],[-48.53704299967018,68.30473733872496],[-48.53755568232292,68.30472844394579],[-48.53806842810091,68.30471505387655],[-48.53858145178524,68.30470614628607],[-48.539094196127024,68.30469275234391]]],"type":"Polygon"},"id":"000000000000000001bd","properties":{"area":15089.294749034962,"elevation":1408.4857893479827,"region":"CW","year":2018},"type":"Feature"},{"geometry":{"coordinates":[[[-48.74229096492625,68.36792731534273],[-48.74225964487009,68.36773555263343],[-48.74171112662013,68.36755715448179],[-48.741193927125444,68.36757051700035],[-48.74068120315485,68.36758387250087],[-48.74013271584354,68.36740558587671],[-48.73958421868185,68.36722717937135],[-48.73907150004863,68.3672405288273],[-48.73858993736827,68.367441209048],[-48.73811281510501,68.3676463768276],[-48.737595475616196,68.36765529511574],[-48.737082746385106,68.36766863706713],[-48.736601130705644,68.36787380453238],[-48.73608826173376,68.3678827121653],[-48.73553975198771,68.36770878342831],[-48.73499145836513,68.3675304125796],[-48.73444282921231,68.36735204905398],[-48.73389455053112,68.36717367398558],[-48.73338166451359,68.36718706562662],[-48.73286877771925,68.36720045533579],[-48.7323560530054,68.36721377951396],[-48.73238716409602,68.36740111344689],[-48.73242288574121,68.36759287323312],[-48.73194142391647,68.36779346630232],[-48.731459791461624,68.36799412132928],[-48.73097812183361,68.36819926888329],[-48.731013863585076,68.36838653516816],[-48.73156233004373,68.3685649764925],[-48.73207506551263,68.36855153758836],[-48.732587980355376,68.36853815092559],[-48.73313628025153,68.36871653185347],[-48.73368493063972,68.3688949012418],[-48.73423324547947,68.36907327794987],[-48.7347817306537,68.36925158894634],[-48.73532579256977,68.36942552629597],[-48.73584316995474,68.36941661672095],[-48.73635575550681,68.36940322534342],[-48.73686868330817,68.36938982259812],[-48.73735013396308,68.36918921139312],[-48.73783176789103,68.36898404075995],[-48.738313545942184,68.36878341683364],[-48.73879497320707,68.36858280070798],[-48.739272107029926,68.36837763016433],[-48.73978945985684,68.36836870554761],[-48.740302200540405,68.36835535343747],[-48.740814940448494,68.36834199939666],[-48.741332318858746,68.36832857474063],[-48.74180923605583,68.36812795312488],[-48.74229096492625,68.36792731534273]]],"type":"Polygon"},"id":"000000000000000001d1","properties":{"area":64472.44120048516,"elevation":1347.59584717608,"region":"CW","year":2018},"type":"Feature"},{"geometry":{"coordinates":[[[-49.638721733437045,69.32559501235315],[-49.638097559789635,69.32523382655675],[-49.63801271797123,69.32485483409685],[-49.63792375409062,69.32447579917115],[-49.63837408896833,69.32407895879334],[-49.63828476704253,69.32369993615653],[-49.63712535107969,69.32335209310031],[-49.63601064267597,69.32319158708374],[-49.6349405459935,69.32322275007195],[-49.63386598731547,69.32325399177395],[-49.63275108735896,69.32309797410242],[-49.63167633974258,69.32312914615575],[-49.63064638951959,69.323347593059],[-49.63073559135465,69.32372661980176],[-49.62975002173176,69.32413692190029],[-49.628764584654995,69.32454715250591],[-49.62938448256364,69.32490833539786],[-49.63054833086409,69.32525615550054],[-49.631168225294424,69.32562178018031],[-49.630182754357456,69.32603202130534],[-49.630762383126836,69.3262059464344],[-49.631837080002185,69.32617472862614],[-49.63290712519085,69.32614353632663],[-49.634026411750774,69.32630398103159],[-49.63514113318152,69.32646011956739],[-49.636171335641315,69.32624157478344],[-49.63720135182193,69.32602308728791],[-49.63827156636089,69.32599190766716],[-49.638721733437045,69.32559501235315]]],"type":"Polygon"},"id":"00000000000000000089","properties":{"area":106807.69097974093,"elevation":655.8217523669333,"region":"CW","year":2018},"type":"Feature"},{"geometry":{"coordinates":[[[-49.890968766086694,69.60930533831792],[-49.890924221200244,69.6091180801446],[-49.89033122406228,69.60894415105453],[-49.89028649071527,69.6087523891331],[-49.89023741947117,69.60856510764481],[-49.890192879596434,69.60837339857692],[-49.89014380997815,69.60818611714454],[-49.89009907978869,69.60799435534399],[-49.890054544524574,69.60780709722295],[-49.88946158600985,69.6076331649827],[-49.88891752590815,69.6076465771107],[-49.88837363465825,69.60766437295896],[-49.8877848637646,69.60749046950146],[-49.88724080666988,69.60750832615564],[-49.88669691464929,69.60752166482767],[-49.88610835178274,69.60735225826153],[-49.88556429412517,69.60736565773996],[-49.88506489989283,69.60757070034988],[-49.884520837277215,69.60758854671593],[-49.88397677351672,69.60760639102394],[-49.88348191660872,69.60781156943948],[-49.88352640076709,69.60799882936905],[-49.884119497135764,69.60817272089425],[-49.884164180088376,69.6083644843831],[-49.88421320364914,69.60855176768801],[-49.8842576962959,69.60874347843635],[-49.88375828586039,69.60894863453811],[-49.88380747552168,69.6091358530278],[-49.88439590136378,69.60930978538924],[-49.88498903636053,69.60948367376375],[-49.88557767056152,69.6096576542419],[-49.88616628895933,69.60983151451529],[-49.88671040028121,69.60981366210466],[-49.88725434434481,69.60980032357278],[-49.887798261578844,69.60978241425032],[-49.88834220170156,69.60976462074221],[-49.888886310601556,69.6097512109651],[-49.88943024853834,69.60973341334291],[-49.88997435545094,69.60971999945117],[-49.890469213553686,69.60951046522177],[-49.890968766086694,69.60930533831792]]],"type":"Polygon"},"id":"000000000000000000cf","properties":{"area":59539.60646098078,"elevation":824.316031812474,"region":"CW","year":2018},"type":"Feature"},{"geometry":{"coordinates":[[[-49.782541205802254,69.39487161016525],[-49.78249669832451,69.39468435680864],[-49.78245202079151,69.3944926009816],[-49.782407514814174,69.39430534769696],[-49.78186801108016,69.3943186729459],[-49.781328320360096,69.39433651068005],[-49.780748648188315,69.39416266958476],[-49.78016446773526,69.3939886818209],[-49.779624972045646,69.39400656604623],[-49.77913461483142,69.39421166399788],[-49.77859494271489,69.39422504180295],[-49.77805543965613,69.39424292006998],[-49.77756487360566,69.39444795969156],[-49.77702538436118,69.39446138445697],[-49.77644122395075,69.39429194890025],[-49.775906040053506,69.3943053431715],[-49.77541115015177,69.39451040157313],[-49.77491608493289,69.39471552320822],[-49.774425694294045,69.39492072278576],[-49.77447011953727,69.39511242803839],[-49.77451492283789,69.39529967173432],[-49.77401983362475,69.39550479037091],[-49.77406894026119,69.39569657554225],[-49.77464860591531,69.39587044408546],[-49.77523277302387,69.39604433704056],[-49.77581694820692,69.39621822767954],[-49.77640096473837,69.39639218093505],[-49.77693621438533,69.39637433536964],[-49.777475599723864,69.39635652642714],[-49.77801532066723,69.39634315302628],[-49.7785058972241,69.39613799363582],[-49.77904527519902,69.39612017873634],[-49.77958498906094,69.39610679937465],[-49.78007538001193,69.39590169950968],[-49.7806149173346,69.39588381371632],[-49.78114996402052,69.3958704668273],[-49.78164499617737,69.39566532311954],[-49.78213987223937,69.39545579305599],[-49.782090873326354,69.39526851296344],[-49.782046197728924,69.3950767568704],[-49.782541205802254,69.39487161016525]]],"type":"Polygon"},"id":"000000000000000000a0","properties":{"area":61357.609711749195,"elevation":767.6813841791565,"region":"CW","year":2018},"type":"Feature"},{"geometry":{"coordinates":[[[-48.185086037705936,68.33942470987957],[-48.18500140591826,68.3388538880006],[-48.18337394565426,68.33831885075084],[-48.181746335731354,68.33777930968411],[-48.18020347348187,68.33781050959976],[-48.17874972892285,68.33841246657732],[-48.17832160820542,68.33899216528253],[-48.17686345568699,68.33959414482294],[-48.17643543632998,68.34017377599211],[-48.17549459954004,68.3407624504453],[-48.1760920145111,68.34132429066395],[-48.175151291826005,68.34191290116298],[-48.17523587934654,68.34248366945509],[-48.17532063515361,68.34305437550275],[-48.17540983272816,68.34362066537747],[-48.17703751422284,68.34416023503596],[-48.17860690013281,68.34431634416063],[-48.18014550752958,68.34428509486081],[-48.18166157963275,68.34406664862325],[-48.181059504167685,68.34350481556373],[-48.18148763488076,68.34292510250526],[-48.18191574628312,68.34234538878256],[-48.18183100986999,68.341774624366],[-48.18277174702718,68.34118602227723],[-48.18319997936741,68.34060636145209],[-48.18414524097305,68.340013271151],[-48.185086037705936,68.33942470987957]]],"type":"Polygon"},"id":"000000000000000001b0","properties":{"area":191588.31817727422,"elevation":1510.5895078522235,"region":"CW","year":2018},"type":"Feature"},{"geometry":{"coordinates":[[[-50.25629846221202,70.85044710884394],[-50.25498287601107,70.84991196579541],[-50.253096897427774,70.84939469958556],[-50.25236097760815,70.848846205812],[-50.2516252128294,70.84829330653828],[-50.249734569802264,70.84778050692921],[-50.24899890356424,70.84722759551799],[-50.24710822979615,70.84671482965373],[-50.24532900350274,70.84657653965996],[-50.24365246981714,70.84681736669616],[-50.24181532039187,70.84649186449622],[-50.2399782205352,70.84616634046398],[-50.23814548943696,70.84583636656008],[-50.23824804249176,70.84621538947657],[-50.2384086090988,70.8467861580562],[-50.23741411592987,70.84738814530262],[-50.237570188688224,70.84795443371019],[-50.238305986954956,70.84850738595858],[-50.24019660429099,70.84902014264046],[-50.24208280946869,70.84953737000245],[-50.24397332363563,70.8500546663474],[-50.245757111949416,70.85018842715218],[-50.247647758232645,70.85070567871107],[-50.249533910502834,70.85122294662774],[-50.251157170739106,70.8507903932149],[-50.25283812984666,70.85054957631229],[-50.25456834720478,70.85049609234842],[-50.25629846221202,70.85044710884394]]],"type":"Polygon"},"id":"00000000000000000172","properties":{"area":197689.91627985126,"elevation":1013.2052381462817,"region":"CW","year":2018},"type":"Feature"},{"geometry":{"coordinates":[[[-50.34144060172374,68.56702613788417],[-50.34139132817501,68.56683886905685],[-50.34134232525789,68.56664714297663],[-50.341293397678356,68.56645986080072],[-50.340776148170484,68.56647764853757],[-50.34025873787053,68.56649549985953],[-50.33969249653137,68.56632155722404],[-50.339126177101605,68.5661521217304],[-50.3386089558908,68.56617001893997],[-50.33814079661345,68.56637513176341],[-50.3376680168193,68.56658469208926],[-50.337199841712106,68.56678980180376],[-50.336731732478924,68.56699935381906],[-50.3362590395628,68.56720451767521],[-50.33579084077144,68.5674096227338],[-50.33583980339287,68.5676013508763],[-50.335889037634885,68.567788621775],[-50.33541621159339,68.56799817472681],[-50.33546528386626,68.5681855114397],[-50.33551424579096,68.5683772399888],[-50.33504620368748,68.56858239493219],[-50.33509516334335,68.5687741237695],[-50.33514421008713,68.56896134327468],[-50.33518885364159,68.5691531815071],[-50.33571048351704,68.56913530567701],[-50.33622776968717,68.56911741957119],[-50.33674507970777,68.5690996491245],[-50.337262363725316,68.56908175912406],[-50.33777948692354,68.569063932706],[-50.33829695346237,68.5690460908876],[-50.33881841709798,68.56902826879019],[-50.33928661896088,68.56882315279918],[-50.339755083096044,68.56861357793933],[-50.34022326916393,68.5684084588541],[-50.3406958750975,68.5681988369825],[-50.34064678904841,68.56801161954091],[-50.340597789093685,68.5678198927656],[-50.34054867968852,68.56763255783193],[-50.34049968134126,68.56744083117357],[-50.34097218170028,68.56723571803828],[-50.34144060172374,68.56702613788417]]],"type":"Polygon"},"id":"0000000000000000001a","properties":{"area":57156.419504031255,"elevation":622.6876050550954,"region":"CW","year":2018},"type":"Feature"},{"geometry":{"coordinates":[[[-49.450057260771054,69.08179369279895],[-49.450017075175346,69.08160195614099],[-49.45001263823811,69.08160191945436],[-49.44999486766038,69.08153504504183],[-49.44942414973576,69.08136112690843],[-49.44938388836303,69.08117383741812],[-49.44934389604283,69.08098215410173],[-49.448773008486086,69.0808081802293],[-49.44872858484669,69.08061646014585],[-49.448688330179834,69.08042917070414],[-49.44811748119005,69.08025531223902],[-49.44754680552303,69.0800813870148],[-49.44697586723831,69.07990302357241],[-49.44640520725669,69.07972909387861],[-49.44636072217707,69.07954182063729],[-49.44632056962192,69.07935008374075],[-49.44574976135289,69.07917621613181],[-49.445179126405684,69.07900228176686],[-49.44460814688682,69.07882835636006],[-49.444037361986005,69.07865448204235],[-49.44346683301592,69.07847609380359],[-49.44293618774156,69.0784939524556],[-49.44244564070174,69.07869459906743],[-49.44195943904756,69.07889972810595],[-49.441468979396234,69.07910487187294],[-49.440978676908344,69.07930994944783],[-49.44102312070364,69.07949722415333],[-49.441063232395926,69.07968896243915],[-49.441072187591736,69.0797424867408],[-49.44105873290196,69.07975138803006],[-49.441098928390645,69.07993867921144],[-49.44166982832324,69.08011706635503],[-49.44171427904433,69.08030434110928],[-49.44175439765428,69.08049607947075],[-49.44232521103797,69.08066996367246],[-49.44290046903429,69.08084388254841],[-49.44347121542931,69.08102220944478],[-49.44404632364855,69.08119618831476],[-49.44461716835659,69.08137006353795],[-49.445192375511816,69.08154842055457],[-49.44576307038422,69.08172235580946],[-49.44629813660956,69.08170897067072],[-49.44682884697628,69.08169109951251],[-49.447399555820034,69.0818650282261],[-49.44797479324415,69.08204337413083],[-49.448545517803204,69.08221729835722],[-49.44908077859399,69.08220395597925],[-49.44957123170018,69.08199878464795],[-49.450057260771054,69.08179369279895]]],"type":"Polygon"},"id":"00000000000000000058","properties":{"area":76796.16309767163,"elevation":404.52545041915636,"region":"CW","year":2018},"type":"Feature"},{"geometry":{"coordinates":[[[-49.67269571776366,70.21556919624653],[-49.67195105551906,70.21482890149464],[-49.67121078211759,70.21408431078032],[-49.67046607778843,70.21333962142035],[-49.67084521748684,70.21256815875059],[-49.6706623799354,70.21181017443422],[-49.67103707038532,70.21103428132189],[-49.67029671978757,70.21029408842685],[-49.66796448887201,70.20997746544444],[-49.66563696682918,70.20966083687829],[-49.66339852392953,70.20971881706572],[-49.66120903755383,70.20997299701229],[-49.65915334063892,70.21079346575432],[-49.657097691602466,70.21161395897786],[-49.65616127562541,70.21240321580999],[-49.654101326462815,70.21321922463635],[-49.65316493955526,70.21400851584447],[-49.65390947056391,70.21475316068774],[-49.65464959409781,70.21549782433388],[-49.655951708421355,70.21622467590095],[-49.657811208608614,70.216933669684],[-49.66014340205179,70.21725474982573],[-49.66256467545024,70.21795032320526],[-49.66489223628843,70.21826691031836],[-49.66722450769593,70.21858349196323],[-49.66950735614193,70.21871284071568],[-49.67044394426704,70.21792360177756],[-49.67138027232882,70.21713430393737],[-49.67231673337488,70.21634505346083],[-49.67269571776366,70.21556919624653]]],"type":"Polygon"},"id":"00000000000000000113","properties":{"area":514382.1047035583,"elevation":1035.5972332699293,"region":"CW","year":2018},"type":"Feature"},{"geometry":{"coordinates":[[[-49.13003217103018,69.65159989994004],[-49.12983579194915,69.65065009890593],[-49.12854716384907,69.64973152060055],[-49.12625071543916,69.64921429824648],[-49.123405818773364,69.64871486395887],[-49.120596556176345,69.64840275018184],[-49.117791711825525,69.64809057584846],[-49.1149869537032,69.6477784653277],[-49.11226265602012,69.64784979491063],[-49.109457813400645,69.64753764147558],[-49.106768925873865,69.6477962454145],[-49.104160404965505,69.64843396554372],[-49.10162757122242,69.649450640524],[-49.101667641470385,69.64963788678482],[-49.1024079052638,69.65057435007864],[-49.10314820758897,69.65151069278969],[-49.10607332298844,69.6523936732836],[-49.10895392157925,69.65308479907844],[-49.11183886251021,69.6537759266181],[-49.11460805796131,69.65389635916732],[-49.11745301347695,69.65439574585788],[-49.12018189956842,69.65432889257451],[-49.1229064099876,69.65426199399184],[-49.12567553844732,69.65438239672645],[-49.12770002470418,69.6535663839216],[-49.12968424500577,69.65256303884446],[-49.13003217103018,69.65159989994004]]],"type":"Polygon"},"id":"000000000000000000aa","properties":{"area":630392.6271864133,"elevation":1259.2540152010179,"region":"CW","year":2018},"type":"Feature"},{"geometry":{"coordinates":[[[-48.644137321856626,68.64302259669984],[-48.64214399147718,68.64059240803714],[-48.634938092405065,68.63827809590593],[-48.63294482275506,68.63584789223312],[-48.63112094029372,68.63436302189831],[-48.62434765342616,68.63451905856168],[-48.62183726694551,68.63209784058326],[-48.6193267725695,68.62968092349561],[-48.61785523707472,68.62723289411646],[-48.61742705554741,68.62476702887214],[-48.62220285711868,68.62217629080817],[-48.62880684098209,68.62107045404778],[-48.62561855917689,68.62076277661916],[-48.61901469596425,68.62186863184942],[-48.612348305668355,68.62259542862988],[-48.612120800825025,68.62431666353],[-48.61359234754173,68.62676022287683],[-48.61453773296337,68.62921722106687],[-48.61653088523795,68.63165191169526],[-48.62008026924774,68.6340464233002],[-48.62259521525148,68.63646768162506],[-48.623023213522735,68.63893805046497],[-48.623973130526565,68.64139496508278],[-48.62857045593661,68.64376728804109],[-48.634599123415846,68.6453413266153],[-48.641372665220494,68.64518527395647],[-48.644137321856626,68.64302259669984]]],"type":"Polygon"},"id":"0000000000000000021e","properties":{"area":1033845.3159877318,"elevation":1316.7196077668932,"region":"CW","year":2018},"type":"Feature"},{"geometry":{"coordinates":[[[-49.87772514024758,69.67159006865003],[-49.87704298077486,69.6710371335404],[-49.87690017930376,69.67046635755942],[-49.87512563870008,69.66994463124779],[-49.874443225431605,69.66939169756516],[-49.873756491758854,69.668838790131],[-49.87198196721632,69.66832154315493],[-49.87029637223682,69.66817889338989],[-49.868521606148384,69.66765716590959],[-49.866885268048755,69.66770616379166],[-49.86529776709078,69.66794696138028],[-49.86370588156645,69.66818331901054],[-49.86211831378683,69.66841963037226],[-49.860620136054095,69.66903942611044],[-49.85903266791127,69.66927575624227],[-49.859170852438,69.66984651075857],[-49.85930923944124,69.67041286722545],[-49.85890336335576,69.67100143586622],[-49.85958564417388,69.67155437751619],[-49.86027230934508,69.67210728782247],[-49.86150294785012,69.67264243914295],[-49.86313942879664,69.67259333275543],[-49.86486959559893,69.67292329422537],[-49.86650610668968,69.67287426762525],[-49.868142606723474,69.67282967362338],[-49.869823617816614,69.67296788772622],[-49.87146030505998,69.67291885780368],[-49.87309662184191,69.67286982155264],[-49.87468856413521,69.67263354311378],[-49.87623133459138,69.67220537833448],[-49.87772514024758,69.67159006865003]]],"type":"Polygon"},"id":"000000000000000000d9","properties":{"area":319514.0713136771,"elevation":829.9465436356985,"region":"CW","year":2018},"type":"Feature"},{"geometry":{"coordinates":[[[-49.36420175616448,68.36004803451401],[-49.36396549225836,68.35891095943586],[-49.363216303053306,68.35778725257896],[-49.362507294637744,68.35685527084495],[-49.35938600336799,68.3567527916431],[-49.35614872073084,68.35607942037556],[-49.35283557105388,68.3550270622508],[-49.34975438556862,68.3551162738913],[-49.346592844049304,68.3548219674853],[-49.34351166149612,68.3549111556344],[-49.340430389129544,68.3549958973909],[-49.33746948063708,68.35565136746541],[-49.33454412715034,68.35649414385975],[-49.33367037694759,68.35728338881492],[-49.33390664353976,68.35842046279092],[-49.33413846105349,68.35955756380436],[-49.33642607544392,68.36063666009025],[-49.338200742951805,68.36173355134974],[-49.34143801631902,68.36240245737787],[-49.34459957592268,68.36269674275988],[-49.34764055355745,68.36242027381552],[-49.350686290327666,68.36214381855038],[-49.35376737499829,68.36205911536908],[-49.356888791389544,68.36216168469734],[-49.36001022280255,68.36226418267285],[-49.36289528678628,68.36122970878387],[-49.36420175616448,68.36004803451401]]],"type":"Polygon"},"id":"0000000000000000020d","properties":{"area":879294.3576489049,"elevation":1067.1511066611317,"region":"CW","year":2018},"type":"Feature"},{"geometry":{"coordinates":[[[-50.153743558060114,70.65961537727004],[-50.15316822738504,70.65928093689728],[-50.153110481824456,70.65907137965343],[-50.15243720531955,70.65871016561637],[-50.15119291460916,70.65836677404349],[-50.151041334085015,70.65816613326172],[-50.15047518423187,70.65783172796141],[-50.150412584001856,70.65781384621893],[-50.149739280339176,70.65763112036903],[-50.14865571528186,70.65766225731514],[-50.1480225751487,70.6575061961822],[-50.14739832603311,70.65751067643477],[-50.146939038267845,70.6575374387856],[-50.14579757054601,70.65757309071284],[-50.14474940622247,70.65777821538195],[-50.14458917350029,70.6577826834212],[-50.143550133768734,70.65819735439732],[-50.14365258453888,70.65857639120827],[-50.14375503899992,70.6589554280042],[-50.14442836604967,70.65931661470248],[-50.14567701593374,70.65966442715171],[-50.14687640956648,70.659820505749],[-50.14801798714522,70.65978484614685],[-50.14864673218774,70.65958412789868],[-50.14966804099871,70.65936563613585],[-50.1508807879885,70.65970013880704],[-50.150983364752015,70.65970459009124],[-50.15158082145143,70.6596777813261],[-50.15259757824914,70.65964659693698],[-50.153743558060114,70.65961537727004]]],"type":"Polygon"},"id":"00000000000000000162","properties":{"area":67643.10323792271,"elevation":1029.2683356464183,"region":"CW","year":2018},"type":"Feature"},{"geometry":{"coordinates":[[[-49.45806129624272,69.81354110183243],[-49.45679064412244,69.812814256125],[-49.45551978373517,69.81208295995123],[-49.45535029859298,69.81132491414833],[-49.45407956236041,69.81059360694509],[-49.45171162900192,69.80989357410203],[-49.44942397960798,69.8095724592962],[-49.44727035691732,69.80982222627858],[-49.44511649156879,69.81007190783504],[-49.44295838841102,69.81032162667306],[-49.443002930916606,69.81050889133742],[-49.441522634060554,69.81131155267258],[-49.440595001702555,69.81210079084953],[-49.43966750031092,69.81289007688522],[-49.439837033386475,69.81364806449464],[-49.440006519521695,69.81441062183912],[-49.43998418801868,69.8149680114025],[-49.44125051418087,69.81569927752356],[-49.44259269664154,69.81606042991368],[-49.444233690643635,69.81618976913458],[-49.44597718596049,69.81635028645329],[-49.4481308820271,69.81610061512954],[-49.45032925408727,69.81604268026935],[-49.45235807366442,69.8152221554184],[-49.45447188088027,69.81478515278489],[-49.45658543531508,69.8143481838743],[-49.45806129624272,69.81354110183243]]],"type":"Polygon"},"id":"000000000000000000d5","properties":{"area":382847.2253311703,"elevation":1074.5729132469771,"region":"CW","year":2018},"type":"Feature"},{"geometry":{"coordinates":[[[-50.18270539419244,68.3483607501151],[-50.182005349256826,68.34762048312771],[-50.180373321354544,68.34729060422885],[-50.17813928429834,68.34660384893837],[-50.17594985168015,68.34610440925002],[-50.17389858538767,68.34617131315153],[-50.17179856256695,68.34605093858457],[-50.16975176703009,68.3461178456005],[-50.16770069206737,68.34618915014657],[-50.16560018060174,68.34606875856124],[-50.163549070112545,68.34613567644439],[-50.161591534911075,68.34658153271259],[-50.16168531196885,68.34696055454496],[-50.16187253358146,68.34771861201406],[-50.16154255707875,68.34849448949008],[-50.16224270724976,68.3492347164911],[-50.162938251018105,68.34997494073309],[-50.16415108826853,68.35069733604591],[-50.16629590245396,68.3510093933936],[-50.168347032473875,68.3509381242005],[-50.17039834695477,68.35087120056991],[-50.17249411907815,68.35099159966023],[-50.17450074976474,68.35073300170528],[-50.17650284591412,68.35047430875503],[-50.178553945695434,68.35040744509111],[-50.180422401600005,68.34958255081561],[-50.18233094474918,68.34894485119874],[-50.18270539419244,68.3483607501151]]],"type":"Polygon"},"id":"0000000000000000025d","properties":{"area":398265.9311036149,"elevation":694.3241121326843,"region":"CW","year":2018},"type":"Feature"},{"geometry":{"coordinates":[[[-50.23516230683063,70.79972924943759],[-50.2319159966997,70.79849403627357],[-50.2276263391767,70.79766912066002],[-50.22334119177838,70.7968441782416],[-50.21920758029955,70.79658561224961],[-50.215181096253254,70.79670596882559],[-50.21126156704026,70.79720537351993],[-50.20760506880553,70.79865015764668],[-50.20394410361145,70.80009492988582],[-50.201433705240085,70.80150842827851],[-50.20294962994934,70.80279712726036],[-50.20389511393416,70.80410808007187],[-50.20713673873745,70.80534771196665],[-50.211163378994954,70.80522287067159],[-50.21529695912896,70.80548147771165],[-50.21906047852027,70.80441580455984],[-50.22298450810763,70.80391632200224],[-50.21927013997543,70.80307357177014],[-50.21717416840007,70.80179825463121],[-50.21623342931515,70.80049177179295],[-50.21356693916569,70.79923427836059],[-50.217223352851946,70.79778952030283],[-50.221303464330404,70.79785643126431],[-50.225432581458044,70.79811504574306],[-50.229253859227136,70.79933683862868],[-50.23291493421668,70.79998784780547],[-50.23516230683063,70.79972924943759]]],"type":"Polygon"},"id":"0000000000000000016c","properties":{"area":505707.9179550538,"elevation":1057.399113380856,"region":"CW","year":2018},"type":"Feature"},{"geometry":{"coordinates":[[[-50.17578040774418,71.73633223356522],[-50.17177617852793,71.73511041348625],[-50.17380504671451,71.7337146895754],[-50.17100914572629,71.73245722471091],[-50.17183418357352,71.73109722631303],[-50.17265911974823,71.72973722210374],[-50.171673717754075,71.72843065881489],[-50.17008607030135,71.7271375657531],[-50.16849429598649,71.72584881564187],[-50.16630041290057,71.72457351235242],[-50.16290258761408,71.7233339235969],[-50.16252366571347,71.72200958423016],[-50.160936259347274,71.72071642510149],[-50.15692743716922,71.72159485636506],[-50.15764079350504,71.7219560516538],[-50.155607390852865,71.72335178702434],[-50.15840334923225,71.72460927224722],[-50.16119923612413,71.7258667217628],[-50.16157815575046,71.7271910611075],[-50.163772227453066,71.72846636171535],[-50.16234509898686,71.72983974077624],[-50.16151572986898,71.73119975185404],[-50.15948689839684,71.7325954774439],[-50.160472350909636,71.73390203203722],[-50.16376315082778,71.73476262858257],[-50.16836927195542,71.73597100983535],[-50.171771859666684,71.73721064093586],[-50.17578040774418,71.73633223356522]]],"type":"Polygon"},"id":"00000000000000000194","properties":{"area":549043.8805527348,"elevation":1388.0022121779034,"region":"CW","year":2018},"type":"Feature"},{"geometry":{"coordinates":[[[-49.313555349317504,69.50147980921643],[-49.313394827843766,69.50072177006479],[-49.312690101279834,69.49997710651422],[-49.31144157637793,69.4992457998471],[-49.310741636604995,69.49850110547712],[-49.31057654379002,69.49774308938224],[-49.310955529034146,69.49696720411303],[-49.310250990301306,69.49622253276605],[-49.31116965054988,69.49543774402576],[-49.31046515180346,69.49469307530109],[-49.310844096196234,69.49391719310893],[-49.31176265130114,69.49313240241067],[-49.30997462207239,69.49241451287821],[-49.3077717150692,69.4922851544729],[-49.305604730931016,69.4923386979716],[-49.303482283462614,69.49258834098262],[-49.30143977695999,69.49321264788723],[-49.299437656393266,69.49402867535204],[-49.299522532467634,69.49440767054182],[-49.29859946781657,69.49519695073865],[-49.299304150488204,69.49594160173207],[-49.30000851850546,69.4966862609319],[-49.3007131202471,69.49743097108832],[-49.301417576096206,69.49817562507936],[-49.30212207586388,69.49892027646547],[-49.304449806042236,69.49962033079295],[-49.30569399118921,69.5003516455882],[-49.307981294409785,69.5008644624594],[-49.31026879609874,69.50137279387941],[-49.31251630225805,69.50169833677957],[-49.313555349317504,69.50147980921643]]],"type":"Polygon"},"id":"00000000000000000095","properties":{"area":383144.18508882617,"elevation":1104.3026084977678,"region":"CW","year":2018},"type":"Feature"},{"geometry":{"coordinates":[[[-50.219368087766064,68.41299985009582],[-50.21876159755524,68.41263869558873],[-50.21866805724219,68.41225960178065],[-50.21754451124235,68.41191630231046],[-50.217450833052425,68.41153727372453],[-50.216844404698584,68.41117611213777],[-50.21623349410221,68.41081488406175],[-50.215114175401844,68.4104715258741],[-50.21502053959803,68.4100924969887],[-50.21389674255481,68.40974474062332],[-50.213290406281054,68.4093835651031],[-50.2137095669452,68.40899112516476],[-50.212679588069555,68.40902232297927],[-50.21156023385057,68.40867900298767],[-50.21048575626032,68.40852292282966],[-50.209500227145874,68.4087503085667],[-50.20851912863203,68.40897330928301],[-50.20758715562703,68.40938356499083],[-50.20819362343759,68.40974914240478],[-50.20828729000038,68.41012378504512],[-50.20889378559051,68.41048936006298],[-50.20950458893733,68.41085062013613],[-50.21062383218731,68.41119390665463],[-50.21174760389724,68.41153724871654],[-50.21287124561209,68.41188064730603],[-50.21399507556172,68.4122239716908],[-50.21460133203405,68.41258521201154],[-50.21469513151953,68.4129641778308],[-50.21525686504752,68.41313815345426],[-50.216331562887206,68.41329419873922],[-50.217361471800395,68.41325847934718],[-50.21834267029621,68.41303553115863],[-50.219368087766064,68.41299985009582]]],"type":"Polygon"},"id":"00000000000000000290","properties":{"area":112941.08493991518,"elevation":693.8401151752944,"region":"CW","year":2018},"type":"Feature"},{"geometry":{"coordinates":[[[-50.27685931297471,70.32918264590143],[-50.276805728908876,70.32899535246297],[-50.276190369145844,70.3288214248062],[-50.275579601072195,70.32865202578276],[-50.274964258934276,70.32847809317958],[-50.27434892568566,70.32830415809437],[-50.273787068574464,70.3283220341888],[-50.27322518332928,70.32833979027397],[-50.27266332373094,70.32835766212526],[-50.272101462887825,70.32837553185499],[-50.27153977263338,70.3283933339223],[-50.27102677264379,70.32859848273785],[-50.27046507542195,70.32861628072966],[-50.26990320511949,70.32863414214016],[-50.26939026555733,70.32884373904561],[-50.268882079453824,70.32904882683948],[-50.268369211738154,70.32925390087307],[-50.26842263773551,70.32944571638707],[-50.26847632731952,70.32963294704507],[-50.268525254607916,70.32982468502493],[-50.268578774183595,70.33001198122965],[-50.26862790198598,70.33020377157392],[-50.26868122468035,70.33039101543699],[-50.26873482816668,70.3305827654435],[-50.26935027533622,70.3307522046735],[-50.269961139851,70.33092608324684],[-50.27057651404928,70.33110003685736],[-50.27113844337229,70.33108217315181],[-50.2717001995982,70.33106437286554],[-50.27226212643359,70.3310465049171],[-50.272774715660546,70.33083691117812],[-50.27333654559246,70.33082355848686],[-50.273898464209104,70.330805684341],[-50.27446020973847,70.33078787361768],[-50.27502662664952,70.33077007257704],[-50.27553488103742,70.33056044423401],[-50.27604340724669,70.33035532027229],[-50.27655622610454,70.3301502195189],[-50.276502559255434,70.3299584720844],[-50.27645364839403,70.32977119020107],[-50.27639998341387,70.32957944277692],[-50.27634660071531,70.32939220148637],[-50.27685931297471,70.32918264590143]]],"type":"Polygon"},"id":"00000000000000000146","properties":{"area":75551.28538741494,"elevation":644.2574494002995,"region":"CW","year":2018},"type":"Feature"},{"geometry":{"coordinates":[[[-48.44980947622604,68.50236023527151],[-48.44767812983617,68.50202579036188],[-48.44554667180891,68.50169137598746],[-48.44347313216404,68.501735968103],[-48.44143539194581,68.50197235838083],[-48.44149789538128,68.5023513404276],[-48.44007083645252,68.50314508108163],[-48.43863953021692,68.50393879425354],[-48.43824710838933,68.50471019694209],[-48.437854663114905,68.50548159966203],[-48.437462374945156,68.50625305699143],[-48.43706538056953,68.50702445476952],[-48.43719030401127,68.50778254855109],[-48.437315138426584,68.50854502080635],[-48.43795718634568,68.50928969578301],[-48.439116578006136,68.5100299254344],[-48.441158804637,68.5097935901331],[-48.44320117023742,68.50955727896826],[-48.44523899163106,68.5093209326272],[-48.447187567665765,68.50851823591128],[-48.449194261477224,68.50809023173635],[-48.448552163160024,68.50734105178759],[-48.446358163342765,68.50662759010686],[-48.444159962717286,68.50591414456564],[-48.443517823761646,68.50516950353501],[-48.444427436240034,68.5043846301994],[-48.44637610344111,68.50357756602587],[-48.448320227545665,68.50277490235511],[-48.44980947622604,68.50236023527151]]],"type":"Polygon"},"id":"000000000000000001d6","properties":{"area":299499.6382007728,"elevation":1402.1271770242092,"region":"CW","year":2018},"type":"Feature"},{"geometry":{"coordinates":[[[-47.9686726038367,68.66658447264338],[-47.96754444196052,68.66603152412311],[-47.96589893026903,68.6654920214475],[-47.964307142820736,68.66533148208529],[-47.96268838428117,68.6649792202473],[-47.961065318820744,68.66463140751108],[-47.959420031436046,68.66408739644565],[-47.95777446621064,68.66354780722557],[-47.956262813371204,68.66395805198391],[-47.954639729965926,68.66360579424168],[-47.952994307806925,68.66306626680071],[-47.95134895483099,68.66252672049752],[-47.94978382178866,68.66255347528973],[-47.94829898036412,68.6631554553715],[-47.948352390377956,68.66353444172856],[-47.947389375560014,68.66412304550406],[-47.9479912426425,68.66468493412515],[-47.949583222541285,68.66484541784779],[-47.95117505422223,68.66500594599145],[-47.95282491901807,68.66554546318537],[-47.95447033422706,68.66608949163],[-47.95611581959145,68.66662906797396],[-47.957680845734494,68.66659781602685],[-47.95925041260209,68.66657111827999],[-47.96086904887345,68.66691893322539],[-47.96243426342217,68.66689211585],[-47.96399948579524,68.66686096537389],[-47.96551101083406,68.6664506963564],[-47.967134086032864,68.66680295448083],[-47.9686726038367,68.66658447264338]]],"type":"Polygon"},"id":"000000000000000001dd","properties":{"area":199818.8425858309,"elevation":1528.1422311550507,"region":"CW","year":2018},"type":"Feature"},{"geometry":{"coordinates":[[[-50.28957223399233,68.55408138040832],[-50.28891233065786,68.55352845146827],[-50.2877351818394,68.55299780144337],[-50.286036185785015,68.55248058532992],[-50.284341756170114,68.55196329356238],[-50.28264279772617,68.55145054644439],[-50.280948341248894,68.55093328008607],[-50.279396600299016,68.55098675715321],[-50.27774656458062,68.55066123366103],[-50.27605227692643,68.550144026166],[-50.2744514173203,68.55000573397143],[-50.272993257607595,68.55043824412606],[-50.271584294948035,68.55105806281725],[-50.2716779900273,68.55143710522484],[-50.27182041299043,68.55200343315686],[-50.2724849170147,68.55255630643872],[-50.27262770969437,68.55312262163447],[-50.27375586252027,68.55347044033583],[-50.27540569657302,68.55379602749476],[-50.2769574179424,68.55374242629183],[-50.27855818090438,68.55388070489556],[-50.28015905449734,68.5540144558212],[-50.28180889826263,68.5543444762836],[-50.28336065190287,68.55429092048924],[-50.28496165668262,68.55442917720804],[-50.286468679667,68.55418393590347],[-50.28802042902367,68.55413044506524],[-50.28957223399233,68.55408138040832]]],"type":"Polygon"},"id":"00000000000000000024","properties":{"area":210792.87513062262,"elevation":682.2106809394364,"region":"CW","year":2018},"type":"Feature"},{"geometry":{"coordinates":[[[-49.36939202966419,69.35559584583368],[-49.36926726179299,69.35502510054813],[-49.36914689203903,69.35445884394568],[-49.36848245519137,69.3539013635012],[-49.36889719896304,69.35331730170745],[-49.368776826521284,69.3527509282747],[-49.36811685854672,69.35219805386446],[-49.36745682755401,69.35164067461847],[-49.365722183379766,69.35111446233482],[-49.36505784253251,69.35056153586936],[-49.364397829522176,69.3500085929768],[-49.36286842002194,69.35043218643453],[-49.36295319604958,69.35081126787688],[-49.36253863258668,69.3513909145724],[-49.362123785383815,69.351975073729],[-49.36170908612957,69.35255916762426],[-49.36183385097796,69.35312997032449],[-49.36195423184575,69.35369628484628],[-49.36153968928879,69.35428043295266],[-49.36166462812258,69.35485117272133],[-49.361785015061926,69.35541748873325],[-49.36244493316442,69.35597039470417],[-49.3631092724603,69.35652778667199],[-49.36376908340619,69.35708075201934],[-49.364429092115515,69.35763365040059],[-49.36562423491952,69.35817320227633],[-49.367318694506366,69.35851210960345],[-49.368808104621024,69.35789675726643],[-49.36922262113513,69.3573170870187],[-49.3691023132122,69.35674626177891],[-49.36897744985711,69.35617996423223],[-49.36939202966419,69.35559584583368]]],"type":"Polygon"},"id":"0000000000000000007b","properties":{"area":207706.87139456623,"elevation":871.854855273006,"region":"CW","year":2018},"type":"Feature"},{"geometry":{"coordinates":[[[-48.660466550972615,69.13142346161953],[-48.65923120467565,69.13050041302421],[-48.65966370975652,69.12992072280566],[-48.65789794680131,69.12900664077156],[-48.6569480936581,69.12822184147639],[-48.65709534485583,69.12750389377493],[-48.65486569105378,69.1269821922224],[-48.653233712548605,69.12682617060813],[-48.65064294756919,69.12726756310073],[-48.64869009912541,69.12769119971927],[-48.64645587134283,69.12774470055065],[-48.643900862277725,69.12837341632064],[-48.64393203395494,69.12856069351399],[-48.64427991970875,69.12927422971497],[-48.64473470827588,69.13006793394443],[-48.644306643497785,69.13064763020957],[-48.64483724970121,69.13124512391113],[-48.64529204978387,69.13192735098227],[-48.64652742225845,69.1328548321509],[-48.64936328883128,69.13374219547143],[-48.650535960817564,69.13429066127362],[-48.651708740025455,69.13447791504797],[-48.65430394720307,69.13439766556228],[-48.65683665130178,69.13357272979124],[-48.65808077762774,69.13300203739723],[-48.65979747546407,69.13216816707593],[-48.660466550972615,69.13142346161953]]],"type":"Polygon"},"id":"0000000000000000029d","properties":{"area":403670.1782906483,"elevation":1115.6516634400068,"region":"CW","year":2018},"type":"Feature"},{"geometry":{"coordinates":[[[-49.976458778053235,70.47675655858589],[-49.976311343982935,70.47619024792957],[-49.97503166154404,70.47565516734208],[-49.975446302902476,70.47506654771806],[-49.97529927955016,70.47450022418252],[-49.97463493534335,70.47413457357507],[-49.97283321684354,70.47380464421018],[-49.97113433050272,70.47385812209527],[-49.96958265642251,70.47447344283522],[-49.96802644281801,70.47509335044953],[-49.96637660944609,70.47532968242265],[-49.9664258017492,70.4755213813158],[-49.96544016053221,70.47612338957569],[-49.966153592623655,70.47667632594018],[-49.96573432601793,70.47726043115608],[-49.96701877366105,70.47779554724306],[-49.96773209702071,70.47834842412048],[-49.96958279234504,70.47887019245483],[-49.97029603628788,70.47942312299006],[-49.97100966291839,70.47997158400703],[-49.97167843092647,70.48033716798173],[-49.97323023641905,70.47971743668008],[-49.97478193036483,70.47909757120605],[-49.975200993605284,70.4785134394378],[-49.97505395053847,70.47794711475667],[-49.974906889528064,70.47737633613357],[-49.976458778053235,70.47675655858589]]],"type":"Polygon"},"id":"00000000000000000147","properties":{"area":187747.20620220806,"elevation":759.7608929946115,"region":"CW","year":2018},"type":"Feature"},{"geometry":{"coordinates":[[[-48.18427444118337,68.560020902505],[-48.1842166821045,68.55964186730102],[-48.18364132880661,68.55927178792987],[-48.18358340081862,68.55889269815248],[-48.18254440199663,68.55891057354526],[-48.18153224138308,68.55912465565787],[-48.180551136005604,68.55952592115595],[-48.18060918574683,68.5599049496124],[-48.18015000226007,68.5602973450589],[-48.18020770208189,68.56067638229688],[-48.18026574977204,68.56105541177638],[-48.180323799354994,68.56143444152829],[-48.17986007123282,68.5618268236568],[-48.17887901426358,68.5622281339381],[-48.17945866237236,68.56259376163058],[-48.18052439720058,68.5627632063749],[-48.18159014553468,68.56293264295203],[-48.18262910702371,68.56291040567048],[-48.1836993871038,68.56307983938962],[-48.18364128243346,68.56270080963495],[-48.18410067289856,68.56231288790339],[-48.1830036063055,68.56195167453754],[-48.18294586111094,68.56157263735771],[-48.18289228451743,68.56119362187334],[-48.183351440301045,68.56080121646572],[-48.1832935274295,68.56042224326676],[-48.18427444118337,68.560020902505]]],"type":"Polygon"},"id":"000000000000000001c8","properties":{"area":61728.93306425377,"elevation":1488.7751711226815,"region":"CW","year":2018},"type":"Feature"},{"geometry":{"coordinates":[[[-49.62128676941546,69.68854360639625],[-49.621153059889686,69.68797279352236],[-49.62102368961721,69.68740652845054],[-49.62034142881392,69.6868535821036],[-49.6192534656643,69.68688035165704],[-49.617657079246115,69.68711666667126],[-49.61614991445433,69.68773203860529],[-49.616194412023184,69.68792371591293],[-49.616872254108806,69.68847670345077],[-49.61700603423098,69.68904745542838],[-49.61659123553894,69.68963160822112],[-49.616176586098845,69.69021569535244],[-49.61631040926462,69.69078199801369],[-49.61644419108171,69.69135275193457],[-49.61602953245363,69.69193695751602],[-49.61616331513442,69.69250771240907],[-49.61629260296428,69.6930739845986],[-49.61642639934102,69.69364474000157],[-49.618151993908434,69.69397923740698],[-49.61919996198868,69.69375627400689],[-49.620163065893664,69.69315871100052],[-49.62057330644964,69.69257463173847],[-49.62098805422251,69.69199046547018],[-49.6208586869187,69.69141962877707],[-49.62072499160792,69.69084893162432],[-49.62004718535281,69.69029601324819],[-49.620457359424215,69.68971181801452],[-49.620327994549264,69.6891455512812],[-49.62128676941546,69.68854360639625]]],"type":"Polygon"},"id":"000000000000000000cc","properties":{"area":126805.72673758073,"elevation":1003.2292698376134,"region":"CW","year":2018},"type":"Feature"},{"geometry":{"coordinates":[[[-48.87843619344536,68.52432127704421],[-48.87708507523761,68.52264024733256],[-48.8736649732665,68.52100823267006],[-48.87041427608432,68.52032602024723],[-48.86586150119958,68.52100825326468],[-48.86144258732995,68.52245298252791],[-48.85702801820948,68.52389767115437],[-48.856613397122814,68.52448184558348],[-48.852265756830064,68.52630565456437],[-48.84998711317966,68.5280759129477],[-48.84719565096532,68.52985955508068],[-48.84543441310577,68.53162090802033],[-48.843677443964644,68.53337773964691],[-48.8429506555266,68.53511234543971],[-48.84378459443995,68.53680682152807],[-48.845653003503756,68.53847896336077],[-48.85007640840557,68.53989694827682],[-48.854638041607885,68.53921029529411],[-48.85919958339208,68.53852804071491],[-48.860956524954474,68.53676670957991],[-48.86271789101605,68.53500528866354],[-48.86602642470888,68.5332083319268],[-48.86933967563218,68.53141127161018],[-48.873687152679196,68.52958754432197],[-48.875961330106584,68.52781276332692],[-48.87823554716054,68.52604255370731],[-48.87843619344536,68.52432127704421]]],"type":"Polygon"},"id":"00000000000000000218","properties":{"area":1767276.4910625147,"elevation":1245.4539144324472,"region":"CW","year":2018},"type":"Feature"},{"geometry":{"coordinates":[[[-49.640902387813625,68.52812051420061],[-49.640732987863124,68.5273624265329],[-49.64004613523565,68.52661777834496],[-49.63935961820994,68.52587755928784],[-49.637682895457445,68.5253514071273],[-49.635569404209875,68.525226512855],[-49.633335272120775,68.5245264857031],[-49.63109687026094,68.5238308361499],[-49.628858425780805,68.52313521631346],[-49.62817602834115,68.52239055947024],[-49.62748933401572,68.52164586990835],[-49.62529551024936,68.52114203101392],[-49.62326662713381,68.5213916514137],[-49.62119772301896,68.52145411415162],[-49.61925340425912,68.52208286335728],[-49.61734943010123,68.52290331651527],[-49.61743418668162,68.5232823255919],[-49.61915085586059,68.52399577311765],[-49.620354694306265,68.52472264882982],[-49.62052431439659,68.52548066677926],[-49.622758238858026,68.52617634193126],[-49.624996729521314,68.52687639124291],[-49.62723523026069,68.52757202731635],[-49.629473666783454,68.52826757540365],[-49.631712031158166,68.5289677138947],[-49.63382130512145,68.52909258634112],[-49.63585017143478,68.52884288465822],[-49.63804847872657,68.52935118099508],[-49.64003287419267,68.52890970006214],[-49.640902387813625,68.52812051420061]]],"type":"Polygon"},"id":"00000000000000000272","properties":{"area":455879.6019636077,"elevation":938.9399868866963,"region":"CW","year":2018},"type":"Feature"},{"geometry":{"coordinates":[[[-50.0825539965302,70.97109692575211],[-50.08229531000818,70.97015165153087],[-50.07928999399101,70.96985731928802],[-50.07643619963172,70.97012930319464],[-50.07332807141566,70.96945599020263],[-50.07016666701659,70.96859093164812],[-50.068168883244546,70.96769466210843],[-50.06617125706819,70.96679836730335],[-50.0641691861627,70.9659020809138],[-50.06106549159427,70.9652287642875],[-50.0581092630104,70.96512171920014],[-50.05831432891585,70.965879771486],[-50.05973241014953,70.96679391582397],[-50.0582474249711,70.9677928079704],[-50.05966542453852,70.96870690079535],[-50.0605036977087,70.9696343562006],[-50.06076247479014,70.97058414505481],[-50.0638167619077,70.97106573694067],[-50.066875850030435,70.9715518074339],[-50.06993468007237,70.9720378302955],[-50.072989183735125,70.9725194249501],[-50.076150692249264,70.97338450628179],[-50.07926311212383,70.97405782143632],[-50.080743738938324,70.97305896884318],[-50.08106915394497,70.97209576548214],[-50.0825539965302,70.97109692575211]]],"type":"Polygon"},"id":"00000000000000000175","properties":{"area":376916.7652079446,"elevation":1439.816201973747,"region":"CW","year":2018},"type":"Feature"},{"geometry":{"coordinates":[[[-49.004606338312435,68.59094029637504],[-49.00394200046943,68.59019118615069],[-49.00178832917503,68.58986562937201],[-48.99963889688559,68.58954015378086],[-48.99748967955683,68.58921458109243],[-48.995483098385264,68.5896471739608],[-48.99340517969404,68.58970063693971],[-48.99132724861948,68.58974968987985],[-48.98928492370575,68.58999494849137],[-48.98734964490227,68.59080651566659],[-48.98697514736885,68.59157792621268],[-48.985561731504525,68.59237611764166],[-48.98570872318499,68.59313863248141],[-48.986373284357775,68.59388331676915],[-48.98651577796659,68.59464134966863],[-48.986141382066954,68.59541719607485],[-48.986805672309345,68.59616189198648],[-48.9888836050655,68.59610836844142],[-48.991037290052645,68.59643390710178],[-48.993079788295525,68.59619312779644],[-48.99512187872768,68.59594783174506],[-48.99709280665099,68.59532807015378],[-48.99909512829263,68.59489552785195],[-49.00103033422641,68.59407952776613],[-49.00192197899929,68.59329468000031],[-49.001779377616984,68.5925366532934],[-49.00371016349285,68.59172511818261],[-49.004606338312435,68.59094029637504]]],"type":"Polygon"},"id":"00000000000000000227","properties":{"area":440333.05585856567,"elevation":1188.538281843607,"region":"CW","year":2018},"type":"Feature"},{"geometry":{"coordinates":[[[-49.99132090948841,69.50696451347196],[-49.991227228484995,69.5065854741024],[-49.99059398034661,69.50621981096414],[-49.9905003141146,69.50584077152989],[-49.99094639588472,69.50544840941244],[-49.99030850270875,69.50508279087423],[-49.989229449226144,69.50511843579444],[-49.98805242684021,69.5047706144242],[-49.98696870145106,69.50480628746932],[-49.98588946517493,69.50483752208068],[-49.98480606995137,69.50486871584563],[-49.983771547096815,69.50509172334505],[-49.983865271427355,69.50547070115552],[-49.984502723770746,69.50583636066435],[-49.984596462937695,69.50621533840736],[-49.985229605005436,69.5065765772293],[-49.98532787221866,69.50695557507638],[-49.9859608534343,69.50731675847587],[-49.98713814147288,69.50766453333416],[-49.98669235788536,69.50806143992116],[-49.985702419449034,69.50847168260327],[-49.98629090723846,69.50864557889224],[-49.9873744491835,69.50860992410873],[-49.98840891749333,69.5083869553667],[-49.9888994468102,69.50818183170901],[-49.98934989967822,69.50778499074835],[-49.99033542181856,69.50737475546822],[-49.99132090948841,69.50696451347196]]],"type":"Polygon"},"id":"000000000000000000c5","properties":{"area":80446.64384428371,"elevation":599.0107584244685,"region":"CW","year":2018},"type":"Feature"},{"geometry":{"coordinates":[[[-48.02610583811013,68.56468510396698],[-48.02443802669782,68.56395383396621],[-48.01989874769105,68.56499282079295],[-48.018534252294764,68.56635278251008],[-48.01618420917965,68.56811414931654],[-48.01153331092445,68.56839507443172],[-48.00672201552399,68.56753450986564],[-48.004207026945664,68.56815430553242],[-47.99974798355317,68.56976399640601],[-47.995346880404675,68.56813195557018],[-47.99406270488044,68.5664420250683],[-47.99330027363061,68.56474306260493],[-47.991498668884425,68.56306194589986],[-47.98687446362637,68.56353466100043],[-47.98690585241014,68.56372197218933],[-47.986107532586416,68.56545207235871],[-47.98583109179399,68.56717328623475],[-47.98711545337539,68.56886327962908],[-47.99187334486396,68.56934484672473],[-47.996765005404406,68.57077177920792],[-48.00152275966157,68.57125338436411],[-48.00625400322949,68.57154321258294],[-48.01082451528893,68.57069598321193],[-48.015305765135885,68.56927348883002],[-48.01984530942108,68.56823454486265],[-48.023234172179144,68.56645539972868],[-48.02610583811013,68.56468510396698]]],"type":"Polygon"},"id":"000000000000000001e3","properties":{"area":551902.386730191,"elevation":1502.329444481228,"region":"CW","year":2018},"type":"Feature"},{"geometry":{"coordinates":[[[-50.70650268368924,71.69888026321526],[-50.705057949541164,71.69816231352353],[-50.7042150916721,71.69742656582508],[-50.70337249629659,71.69668634577938],[-50.70313167688565,71.6959327418831],[-50.70228878562523,71.69519253004576],[-50.70204804679493,71.69443452223807],[-50.70180730283162,71.69368091565174],[-50.700482747879356,71.69333758132072],[-50.697834135912785,71.69265978744431],[-50.695247872087734,71.69216485310504],[-50.692839949955676,71.69224059323508],[-50.69055229077164,71.69269545297782],[-50.69139507401641,71.69343119179567],[-50.6940439681422,71.69411347934272],[-50.696090517663876,71.69481350878208],[-50.696929006672306,71.69555372422819],[-50.697771726092824,71.69628944375906],[-50.69921649304789,71.69700744433666],[-50.69825320675123,71.69780111879142],[-50.697892065954385,71.69857701152814],[-50.69813292525061,71.69933507510996],[-50.69837359042354,71.70009308622129],[-50.700960119203266,71.70058359863827],[-50.703488280213584,71.70088681076722],[-50.70565537800027,71.70005294232418],[-50.70614140417205,71.69965607167596],[-50.70650268368924,71.69888026321526]]],"type":"Polygon"},"id":"0000000000000000019d","properties":{"area":226340.53851360007,"elevation":1096.4048764066558,"region":"CW","year":2018},"type":"Feature"},{"geometry":{"coordinates":[[[-48.59971112295352,68.72815125450389],[-48.59908682918399,68.72759389279926],[-48.59846710451997,68.72703652879585],[-48.598368929997584,68.72646573492956],[-48.59725414010932,68.72610904897684],[-48.59578720623759,68.72671544850733],[-48.59424881124878,68.72694289753511],[-48.592777393457915,68.72754932012754],[-48.59130579027065,68.72815129366467],[-48.589771802074665,68.72837869317219],[-48.58983422704781,68.72875768586425],[-48.588362773461455,68.72936411727831],[-48.58741741177037,68.72995726527945],[-48.58646779411049,68.73055028017805],[-48.584996150276545,68.73115667721581],[-48.58509422444894,68.73172753905726],[-48.58519228658139,68.73229828358319],[-48.585816563988516,68.73285564879515],[-48.586958117016835,68.73340406111548],[-48.588563432700326,68.73355576129079],[-48.59013295719514,68.73352007555394],[-48.59173822544606,68.7336761185317],[-48.59216202286324,68.73309196351846],[-48.59363343078162,68.73248555134387],[-48.595104879110146,68.73188355787238],[-48.59657648965834,68.73127710623984],[-48.59811041861948,68.73104969392494],[-48.59801223374086,68.73047889545634],[-48.59791423623347,68.72990815194538],[-48.59781600924796,68.72934185194335],[-48.59876134391836,68.72874430762411],[-48.59971112295352,68.72815125450389]]],"type":"Polygon"},"id":"00000000000000000205","properties":{"area":278466.0758233204,"elevation":1311.5965470357353,"region":"CW","year":2018},"type":"Feature"},{"geometry":{"coordinates":[[[-48.75134743202995,69.25388820153883],[-48.74956819030826,69.25297857926446],[-48.7483196060394,69.25205549824908],[-48.74571549573495,69.25249696096219],[-48.74297307668367,69.25218040056106],[-48.74022643957658,69.25186378250798],[-48.73744837814199,69.25135547904328],[-48.73473734833032,69.25122613680578],[-48.73206191938774,69.25128856313815],[-48.72945778201532,69.25173001588259],[-48.72695605962132,69.25274219790552],[-48.72709431801296,69.2535002325394],[-48.72512792814434,69.25449912809334],[-48.725836917763495,69.25543551378378],[-48.72494051564051,69.25640757913163],[-48.72671980543931,69.25731725828335],[-48.72903861719699,69.25821799963906],[-48.7308176636927,69.25912770374599],[-48.733564444454046,69.25944422917351],[-48.73624002541811,69.2593862970047],[-48.738950926385186,69.25951114191511],[-48.740413743038964,69.25871743954119],[-48.74184491175462,69.25773197121143],[-48.74274125699534,69.25675545629777],[-48.74470765219911,69.25575659190083],[-48.747204989811934,69.25474881363971],[-48.7498134236812,69.2543073911691],[-48.75134743202995,69.25388820153883]]],"type":"Polygon"},"id":"000000000000000001ae","properties":{"area":625847.6190597088,"elevation":1055.6734864704806,"region":"CW","year":2018},"type":"Feature"},{"geometry":{"coordinates":[[[-48.41458270784747,68.39758477027358],[-48.41455140849932,68.39739299156633],[-48.41452028938879,68.39720126752637],[-48.414488905695876,68.3970139830921],[-48.41394502593311,68.3968356618599],[-48.413913732470135,68.39664388333547],[-48.41388269764455,68.39645659038005],[-48.41385140519825,68.39626481200152],[-48.413820207491376,68.39607758240648],[-48.41327617267221,68.39589920435493],[-48.41275886775236,68.39590816597475],[-48.41224594322189,68.3959215076853],[-48.411728800932515,68.39593040218044],[-48.411216054687515,68.39594379461283],[-48.41069874725802,68.39595274841567],[-48.4101859995853,68.39596613697367],[-48.4096688547919,68.39597502365497],[-48.40915592598781,68.39598835373884],[-48.40860745706024,68.39581006917265],[-48.40809479679073,68.39581895576542],[-48.40757756678276,68.39583232862887],[-48.407064561673046,68.39584121995568],[-48.4065473302324,68.39585458891015],[-48.406034503577686,68.3958635309647],[-48.405548499809896,68.3960686759321],[-48.405062575075924,68.39626932512662],[-48.405093708655464,68.39645655659073],[-48.40564218436749,68.39663497331203],[-48.40618618483389,68.39681338196853],[-48.406730176941295,68.39699167073596],[-48.406761416790296,68.39718345087579],[-48.4067925641722,68.39737068236633],[-48.407341148281354,68.39755352362394],[-48.40788517981281,68.39773192596202],[-48.40791633624491,68.39791915744694],[-48.40794758636654,68.39811093773224],[-48.40849145423344,68.39828928331787],[-48.409039992293,68.39846768729043],[-48.40958387507013,68.39864602870827],[-48.41009667743759,68.39863264251312],[-48.410614039953536,68.39862369111997],[-48.411126840893274,68.39861030105003],[-48.411612939301364,68.39840968382703],[-48.41209885014466,68.39820901033717],[-48.41261182102879,68.39819566926444],[-48.413129008786896,68.39818677152735],[-48.41361058377799,68.39798602375325],[-48.41409664973131,68.39778539784835],[-48.41458270784747,68.39758477027358]]],"type":"Polygon"},"id":"000000000000000001e2","properties":{"area":85506.00357796215,"elevation":1399.1694415611378,"region":"CW","year":2018},"type":"Feature"},{"geometry":{"coordinates":[[[-49.638351765720174,70.0392830527584],[-49.63757152052101,70.03835111235334],[-49.63568065498382,70.03745036594006],[-49.634900406099,70.03651847817844],[-49.63523042915138,70.03555529518692],[-49.635007468690944,70.0346054379159],[-49.635890398161486,70.03362892887745],[-49.63400423136535,70.03272820930822],[-49.63276012136163,70.03218866213687],[-49.630075664437044,70.0326434848928],[-49.63131974070811,70.03318305484511],[-49.62932647757129,70.0341907913705],[-49.62673578496243,70.03502459155473],[-49.624604423753745,70.03546606055752],[-49.62372148685266,70.03644711301429],[-49.62339138713614,70.03740580480863],[-49.6208408336043,70.0384313280329],[-49.61825013242506,70.03926519104071],[-49.61787108859827,70.0400411377384],[-49.61911512694547,70.04057619105903],[-49.621933208498625,70.04069215901228],[-49.62484080361924,70.0411826323033],[-49.627752591306916,70.04167315699466],[-49.63052600899808,70.0415973797989],[-49.633255080870626,70.04132977630731],[-49.63580112136329,70.0403086794955],[-49.638351765720174,70.0392830527584]]],"type":"Polygon"},"id":"00000000000000000102","properties":{"area":447426.4745398298,"elevation":831.3984378103913,"region":"CW","year":2018},"type":"Feature"},{"geometry":{"coordinates":[[[-47.87101369590137,68.69850720065307],[-47.87090678509065,68.69774467832559],[-47.8697832076582,68.69719619705185],[-47.86774529985628,68.69761536398029],[-47.86575660573195,68.69841354386418],[-47.86377232108744,68.6992117199441],[-47.861783550074364,68.70000989974947],[-47.86183697048538,68.7003889765391],[-47.86089608277908,68.70116922955653],[-47.85890724289499,68.7019674256478],[-47.85691845486695,68.70276564935226],[-47.85702549883938,68.70352368544442],[-47.855036873912354,68.70432187674179],[-47.853048101598475,68.7051244738207],[-47.85103705460228,68.70573096517928],[-47.84902153541443,68.7063373407132],[-47.849650318437654,68.70709098723016],[-47.84870498498357,68.70786681113077],[-47.85082295483629,68.7080228949253],[-47.851817327646074,68.70762155867196],[-47.85380597114492,68.70682341684723],[-47.855794833883834,68.70602524007647],[-47.85778356767732,68.7052270355625],[-47.85976799480365,68.70442888994798],[-47.86123493418263,68.70363962041678],[-47.86269758924598,68.70285030504898],[-47.863638481598294,68.70207003726465],[-47.86562735307375,68.70127182788032],[-47.86761157051251,68.70047368486591],[-47.86913206895037,68.70006789238953],[-47.869546661896976,68.69929646441281],[-47.87101369590137,68.69850720065307]]],"type":"Polygon"},"id":"000000000000000001dc","properties":{"area":248287.486325159,"elevation":1527.0218967496328,"region":"CW","year":2018},"type":"Feature"},{"geometry":{"coordinates":[[[-49.728171517173806,70.1220439622673],[-49.72752042140598,70.12168283750933],[-49.72631640447012,70.12133501218578],[-49.72524632907759,70.12155794945969],[-49.72413599219918,70.12158913438748],[-49.7231104044152,70.1219993885032],[-49.72208921713779,70.12240961137327],[-49.72218283375175,70.12278864144801],[-49.72116179096719,70.12319891098436],[-49.72014051561239,70.1236091203689],[-49.71911496158496,70.12401939972182],[-49.718093808467856,70.12442964795183],[-49.718187541980846,70.12480861599384],[-49.71716633753582,70.12521885783212],[-49.71669815389808,70.12561125815732],[-49.71679169836214,70.12599029222606],[-49.71688541812989,70.12636926146257],[-49.71795114144007,70.12615080904342],[-49.71897237137624,70.12574056160669],[-49.719993392546144,70.12533037197036],[-49.721018986882314,70.12492008629368],[-49.722084626807465,70.12469715096387],[-49.7232931995741,70.12504498799757],[-49.72445246006959,70.12520551850642],[-49.725473723647745,70.12479527877647],[-49.72653931024764,70.1245723110969],[-49.72705223029888,70.12436719926588],[-49.726958527683735,70.12398817149975],[-49.72686926597221,70.12360911955705],[-49.72733316480996,70.12321669907026],[-49.727239463026216,70.1228376717989],[-49.72715039775252,70.12245867339338],[-49.728171517173806,70.1220439622673]]],"type":"Polygon"},"id":"0000000000000000012d","properties":{"area":105409.87721709501,"elevation":946.704432161145,"region":"CW","year":2018},"type":"Feature"},{"geometry":{"coordinates":[[[-48.015894336075576,68.47934683139643],[-48.015814041783244,68.47877607510645],[-48.01573394020685,68.47820980617783],[-48.015649155529715,68.47763903234308],[-48.014534355866715,68.47709053118099],[-48.01497143525127,68.47651083598495],[-48.0139101210281,68.47633690618807],[-48.01238527550374,68.4765598822458],[-48.010886835412016,68.47697016502404],[-48.009388510703836,68.47738036887189],[-48.00789031540753,68.47779061166537],[-48.006365315206104,68.4780090893394],[-48.00484046649827,68.47822760518503],[-48.003346641099945,68.47863781780087],[-48.001848281250375,68.47904811290971],[-48.000376906867615,68.47964558534584],[-48.000457036312156,68.48021640587196],[-48.000019902618824,68.48079605048778],[-48.00165647835575,68.48133556689085],[-48.00328863725926,68.48187516316511],[-48.00478681497047,68.4814694073413],[-48.00639210642483,68.48181716104405],[-48.007916990245974,68.48159868957924],[-48.00944200337581,68.48137570679918],[-48.01099396951446,68.48134894320948],[-48.01246535065285,68.48074697759432],[-48.013963654797614,68.48033680033127],[-48.015461894827425,68.47992648900903],[-48.015894336075576,68.47934683139643]]],"type":"Polygon"},"id":"000000000000000001b3","properties":{"area":249201.98903726722,"elevation":1574.3088917764983,"region":"CW","year":2018},"type":"Feature"},{"geometry":{"coordinates":[[[-49.64503144988003,70.71773078103023],[-49.644937821085605,70.7173517785318],[-49.64427328688268,70.71699062944708],[-49.64417967427193,70.71661162660895],[-49.64303390915104,70.71664281718088],[-49.64179419066103,70.7162950065762],[-49.64064825878401,70.71632624399312],[-49.63950215955503,70.71635296550363],[-49.63840076788823,70.71657589379431],[-49.63730376928125,70.71679440369002],[-49.636202532968696,70.71701736909588],[-49.63515005183384,70.71742311801613],[-49.63409769388213,70.71783336678199],[-49.63304094324633,70.71824368231667],[-49.63313455488003,70.71862262667572],[-49.633228194017256,70.71900168902553],[-49.63217572684332,70.7194119242054],[-49.63279577676066,70.71958580540013],[-49.633986412786754,70.71974633742298],[-49.635226011596785,70.72009415912164],[-49.63637194716233,70.72006291016238],[-49.637517902359015,70.72003177054519],[-49.63871280512252,70.72018780219898],[-49.63985889945773,70.72016103417526],[-49.640911277445745,70.71975086327083],[-49.64201259399033,70.71952786390314],[-49.64320765908618,70.71968836743454],[-49.643114051260355,70.71930936372303],[-49.64302044681493,70.71893035999986],[-49.64407288436844,70.7185201020573],[-49.64455434584818,70.71812769108892],[-49.64503144988003,70.71773078103023]]],"type":"Polygon"},"id":"00000000000000000154","properties":{"area":140049.12064474012,"elevation":1451.3277878270617,"region":"CW","year":2018},"type":"Feature"},{"geometry":{"coordinates":[[[-49.12362427444129,69.53862411697783],[-49.12354398467118,69.53824512836388],[-49.122924310922016,69.53787945079229],[-49.121800614227794,69.53771442807948],[-49.12067681112101,69.53755396416221],[-49.119512961323146,69.53720165374561],[-49.11835366636283,69.5368493816619],[-49.117189902707125,69.53649717092149],[-49.11602598230671,69.53614489721292],[-49.11486209491636,69.53579261434042],[-49.11424244310355,69.53542696525062],[-49.11362262024059,69.53506125990745],[-49.11245864887097,69.5347090224824],[-49.11238288116674,69.53433002400352],[-49.11284676513012,69.53393762612775],[-49.112770804465676,69.53355857438613],[-49.11218666782402,69.5333802052488],[-49.11117880510939,69.5337860021395],[-49.11125924280943,69.53416498449158],[-49.11079537497376,69.53456188055348],[-49.110871308338574,69.5349409337018],[-49.11095157612482,69.53531998090773],[-49.11157134657296,69.53568557981485],[-49.11219132543967,69.53605123008914],[-49.11226709649516,69.5364302294735],[-49.11343079017794,69.5367824798317],[-49.11459470661371,69.53713477483805],[-49.115758466308684,69.53748700687298],[-49.1168419078983,69.53746030230512],[-49.118005903731515,69.53781257023839],[-49.119129534444,69.53797311926273],[-49.12025320761815,69.53813804495668],[-49.12141711327456,69.53849034997818],[-49.12254079497149,69.5386508726254],[-49.12362427444129,69.53862411697783]]],"type":"Polygon"},"id":"00000000000000000098","properties":{"area":70447.62596525594,"elevation":1190.5558382091074,"region":"CW","year":2018},"type":"Feature"},{"geometry":{"coordinates":[[[-49.118500873203125,69.93472160721966],[-49.11640055670254,69.93313418533484],[-49.11660127866296,69.93095812803611],[-49.113270237787326,69.92882217921884],[-49.111174475860395,69.92677100079072],[-49.109729804300535,69.92518362351504],[-49.10941773858634,69.92313238864342],[-49.1089136842391,69.92128184773478],[-49.109029744626156,69.91918609267908],[-49.10965838909565,69.9168807108209],[-49.11106298649578,69.91509263890714],[-49.1172030712145,69.91265352565688],[-49.11487990206219,69.91214072824113],[-49.10953791382372,69.91363452782582],[-49.10830288240129,69.91515949452362],[-49.10759846555334,69.91708139679223],[-49.10641653377331,69.91939568497689],[-49.10689365230429,69.92166983121051],[-49.107179224308105,69.92362290137983],[-49.10772322488389,69.92565181476267],[-49.10856609176751,69.92760042571335],[-49.11001053774983,69.92917448475656],[-49.11151346080466,69.93104728899762],[-49.112070627783844,69.93316538575189],[-49.11343521116317,69.93492670419471],[-49.11657013961823,69.93610392120351],[-49.118500873203125,69.93472160721966]]],"type":"Polygon"},"id":"000000000000000000de","properties":{"area":355160.4971281576,"elevation":1205.24714759124,"region":"CW","year":2018},"type":"Feature"},{"geometry":{"coordinates":[[[-50.3179364981657,70.72734914334471],[-50.317254296145684,70.72698795759652],[-50.317147233107704,70.72660888911363],[-50.31704484890932,70.72623435152224],[-50.31636249255718,70.72587310975902],[-50.316255478177986,70.72549415872925],[-50.31500245131214,70.72515081182034],[-50.313754012376165,70.72480741341403],[-50.3125543090191,70.72465136126479],[-50.31135509198475,70.72449974093198],[-50.31015541823506,70.72434367000157],[-50.30895605566028,70.72419209647389],[-50.30780989034485,70.72422771211725],[-50.30661045290162,70.72407166570677],[-50.30557134388413,70.72448639157848],[-50.304532479711476,70.7248966424927],[-50.304639497979494,70.72527565316784],[-50.30417140870472,70.72567249674846],[-50.303707680134536,70.72606936336533],[-50.303239383463,70.7264662695738],[-50.30334638883113,70.72684528122515],[-50.30402417266225,70.72720643829328],[-50.30470635525919,70.7275676169512],[-50.304813297931744,70.72794217331476],[-50.30606213892444,70.7282855144016],[-50.30731501679279,70.72862888309047],[-50.308514526781124,70.72878499076039],[-50.309660516216674,70.7287492661404],[-50.31080632578324,70.72871359844814],[-50.311952507236285,70.72867790883623],[-50.313098508829746,70.72864227615183],[-50.31429805131467,70.72879833836261],[-50.3153903894379,70.72857538698318],[-50.31653637576645,70.72853972833437],[-50.31700467516593,70.72814283246103],[-50.317468406140556,70.72774597657546],[-50.3179364981657,70.72734914334471]]],"type":"Polygon"},"id":"0000000000000000016a","properties":{"area":211199.4777568498,"elevation":991.6762910243876,"region":"CW","year":2018},"type":"Feature"},{"geometry":{"coordinates":[[[-48.56667359161966,68.81722182428535],[-48.56650868835648,68.8162720298168],[-48.56385105449674,68.81614272667554],[-48.561255875638935,68.8163924936087],[-48.558629562336165,68.81645042917575],[-48.55600306475893,68.81650837848598],[-48.55337217447234,68.81656633119441],[-48.5507770233523,68.81681607440915],[-48.54818637238697,68.8170657706218],[-48.5455242004503,68.81693646884372],[-48.54289780875917,68.81699446040757],[-48.54027139904157,68.81705240227886],[-48.53767623715397,68.81730207273269],[-48.53780545623655,68.81806014672156],[-48.53743982336294,68.81902332217727],[-48.53760485661317,68.81997306198292],[-48.53931261336903,68.8206999803418],[-48.542005925596285,68.82102101854045],[-48.54463239676061,68.82096305376548],[-48.54728990650527,68.82109232788444],[-48.54992093656398,68.82103438258189],[-48.55248042718232,68.82059294042413],[-48.5550443207917,68.8201559505453],[-48.55770636703195,68.82028526223745],[-48.560265933884494,68.8198482835233],[-48.56279868464744,68.81921953923808],[-48.56526029148673,68.81820729170445],[-48.56667359161966,68.81722182428535]]],"type":"Polygon"},"id":"00000000000000000241","properties":{"area":470511.6453566688,"elevation":1300.197422334236,"region":"CW","year":2018},"type":"Feature"},{"geometry":{"coordinates":[[[-50.02586097499479,69.6380843162895],[-50.02521878379695,69.63772317657366],[-50.02566919116804,69.63732635055774],[-50.02557110679834,69.63694726680254],[-50.02493348866458,69.63658614544858],[-50.0248354194181,69.63620706157262],[-50.024197804622695,69.63584148631134],[-50.02301178933842,69.63549809349627],[-50.02346200174136,69.63510122271622],[-50.024451912414285,69.63468656249174],[-50.024902305365075,69.63429419110577],[-50.024808592273374,69.63391507464723],[-50.023716138945105,69.63394630127392],[-50.02253459456527,69.63360299002224],[-50.021491055913835,69.63382588215545],[-50.02050112344347,69.63423618836323],[-50.01950681309955,69.63465085446086],[-50.01841884980361,69.63468206001832],[-50.01851244099113,69.63506106265861],[-50.018610405146255,69.6354401498771],[-50.017616010562904,69.63585480313144],[-50.01770978684364,69.63623385938122],[-50.01671985469759,69.63664407478313],[-50.016813428099034,69.63702307927248],[-50.0174556715689,69.63738430809627],[-50.018637365666905,69.63773211400925],[-50.019823438297806,69.63807987710581],[-50.020911358028904,69.63804427564665],[-50.02204855435152,69.63820033685775],[-50.02318557167929,69.63835633657821],[-50.02432262714298,69.63851244528584],[-50.02541058188695,69.63848126104568],[-50.02586097499479,69.6380843162895]]],"type":"Polygon"},"id":"000000000000000000fa","properties":{"area":123169.72023619308,"elevation":592.9292524125103,"region":"CW","year":2018},"type":"Feature"},{"geometry":{"coordinates":[[[-50.07705159930442,68.38832318675715],[-50.07322548636714,68.38749382726564],[-50.0694932150634,68.38704343648196],[-50.06585011692427,68.38696762662435],[-50.06225614983187,68.38708798246152],[-50.05874695828707,68.38758296559017],[-50.0552421107757,68.3880779278273],[-50.05169262688746,68.38838560443038],[-50.048094089172686,68.38850159779768],[-50.044771941028316,68.38975459420303],[-50.044905867180766,68.39032534777918],[-50.04470950373704,68.39166751800725],[-50.04656915124566,68.39294284125282],[-50.048941318074334,68.3942002678096],[-50.050287976476255,68.39549346308625],[-50.05406913779093,68.39613555106047],[-50.05766788476073,68.39601961167403],[-50.06140004873334,68.39646997272075],[-50.06499861726589,68.39634958081555],[-50.06845874430543,68.39566732628069],[-50.07205734082022,68.39554691791867],[-50.07556204209808,68.39505196315986],[-50.07524552076452,68.3937276693843],[-50.075437299546934,68.39238093215144],[-50.07563342376015,68.39103877449979],[-50.07685522348984,68.38966535192012],[-50.07705159930442,68.38832318675715]]],"type":"Polygon"},"id":"0000000000000000025f","properties":{"area":1124381.0844819497,"elevation":777.5507152599359,"region":"CW","year":2018},"type":"Feature"},{"geometry":{"coordinates":[[[-50.0743982172883,70.65529895932842],[-50.074295851699524,70.65492437362666],[-50.07419326792915,70.65454539891351],[-50.07295360402386,70.65419757574341],[-50.0717094841837,70.65385423108926],[-50.071036175335614,70.6534930667512],[-50.070416389911124,70.65331914376273],[-50.06922130694599,70.65316305739228],[-50.06798165959885,70.65281971389642],[-50.067687244468694,70.65279742963449],[-50.066541335874774,70.65282865401005],[-50.0653463003293,70.65267253729763],[-50.06473997793608,70.65291336274572],[-50.06398192202571,70.65293566987677],[-50.06294279236106,70.65335033324547],[-50.06304538439414,70.65372936727019],[-50.06314357123215,70.65410391559689],[-50.06324617054902,70.65448294959442],[-50.06359849628324,70.65475495856221],[-50.064240412888786,70.65500022976217],[-50.06518128224101,70.65526329989932],[-50.065261577315624,70.65557096000003],[-50.06619340833676,70.65554422520695],[-50.066782154921015,70.65588306777316],[-50.06740194029023,70.65605255163827],[-50.068601329573276,70.65620863168121],[-50.06974303871765,70.6561773611984],[-50.07093810937507,70.65633350957438],[-50.07208413650776,70.65629779830941],[-50.073230030447625,70.65626659797023],[-50.07315862043786,70.65600349419573],[-50.07393018481058,70.65569580914348],[-50.0743982172883,70.65529895932842]]],"type":"Polygon"},"id":"0000000000000000015d","properties":{"area":117523.5102003996,"elevation":1080.7861543597674,"region":"CW","year":2018},"type":"Feature"},{"geometry":{"coordinates":[[[-48.51337855689417,68.32965924961547],[-48.51171517540828,68.32893245964846],[-48.50953478785396,68.32822340755382],[-48.50741658794484,68.32788902019111],[-48.50530307343851,68.32755453961452],[-48.503122552096066,68.32684108432605],[-48.500942079359255,68.32613208915096],[-48.49876610189277,68.32541863320705],[-48.49812400610628,68.32466954347876],[-48.49799914281418,68.32391148369086],[-48.4988997919326,68.3231311018243],[-48.50082612027846,68.32232405606204],[-48.501214114737984,68.32155257991238],[-48.49922534022394,68.32198069297009],[-48.497205369220815,68.3222170297224],[-48.4952745461463,68.32301964495886],[-48.49437387881479,68.32380443245536],[-48.4945031036083,68.32456249803577],[-48.495140801527555,68.32531165580296],[-48.49629121435759,68.32604741696954],[-48.49847172196747,68.32675642279634],[-48.50058523930896,68.32709082729916],[-48.50273470325829,68.32761251157856],[-48.50488401902072,68.32813871966262],[-48.50699746721844,68.32846865930614],[-48.509115547632945,68.32880311709316],[-48.51129606923983,68.32951660719087],[-48.51337855689417,68.32965924961547]]],"type":"Polygon"},"id":"000000000000000001bf","properties":{"area":128487.63104483084,"elevation":1388.5793653036424,"region":"CW","year":2018},"type":"Feature"},{"geometry":{"coordinates":[[[-50.14490128587874,70.8217081633829],[-50.143492158956654,70.82079403000967],[-50.140455489099125,70.82031249314106],[-50.137316259427976,70.81944742520847],[-50.134756634879224,70.81856898087032],[-50.13564867057996,70.81758793167792],[-50.13538979022063,70.81664263909207],[-50.135131311980565,70.81569733346724],[-50.13314681998985,70.81480101130269],[-50.131158115235536,70.8139047525007],[-50.12828198480113,70.81398944309352],[-50.12785851847282,70.81457359888563],[-50.12639160032202,70.81557242166205],[-50.125499606273024,70.81655340229071],[-50.12575827544537,70.81749876242448],[-50.126592128224004,70.81843074526398],[-50.12627114433915,70.81939385425645],[-50.12710503241006,70.82032138044723],[-50.12794324302696,70.8212533340783],[-50.128777067997255,70.8221807994007],[-50.12961084639225,70.82311278044249],[-50.13217040425029,70.8239912078363],[-50.1341592992438,70.82488748432604],[-50.136040945020575,70.82540470113416],[-50.13892156375832,70.82532000347211],[-50.141645943645834,70.82466451398197],[-50.1431175365091,70.82366567730057],[-50.14400941824139,70.82268469579603],[-50.14490128587874,70.8217081633829]]],"type":"Polygon"},"id":"0000000000000000016f","properties":{"area":503906.64309155825,"elevation":1123.387433461308,"region":"CW","year":2018},"type":"Feature"},{"geometry":{"coordinates":[[[-50.349685474390355,70.59129304625257],[-50.34952495182485,70.59072227892659],[-50.34900762587375,70.59032098125677],[-50.34828085910977,70.58977249529046],[-50.34800887929105,70.58943359126532],[-50.34811590887935,70.58917941889511],[-50.347794667549614,70.58867548830996],[-50.347286219663374,70.58827868592519],[-50.347179418050146,70.58789965361258],[-50.345819394017255,70.58777923439098],[-50.34485181820282,70.58777926058406],[-50.344111369438615,70.58783276173102],[-50.342631058672154,70.58804232131881],[-50.34268455975956,70.58822960509265],[-50.34204250789998,70.58866218916225],[-50.34163221355091,70.5892463403805],[-50.340780521403055,70.58962534378077],[-50.340941093569526,70.59019165151228],[-50.34146282622701,70.59068660686316],[-50.34216723463993,70.59114586898554],[-50.34188208246798,70.59149815223788],[-50.34181050431804,70.59192175946627],[-50.3414005236902,70.59250589703709],[-50.34269792941008,70.59304103756385],[-50.34399999419758,70.5935716049812],[-50.344677778224806,70.59393278636308],[-50.34633216256161,70.5936920505337],[-50.346742309282476,70.59310343119472],[-50.3471525349768,70.59251926507996],[-50.348704362200046,70.59189497289773],[-50.349685474390355,70.59129304625257]]],"type":"Polygon"},"id":"0000000000000000015e","properties":{"area":152056.14457531963,"elevation":720.5956496039719,"region":"CW","year":2018},"type":"Feature"},{"geometry":{"coordinates":[[[-48.03513548024607,68.80313997395433],[-48.03505076780992,68.80256927626796],[-48.034439865291155,68.80200739215016],[-48.03383354697975,68.80144552441615],[-48.032696388201984,68.80089705785848],[-48.03208996857117,68.80033524663939],[-48.032005154988354,68.79976449511167],[-48.03087248695792,68.79921597896056],[-48.030787705638765,68.79864522795249],[-48.03122937754731,68.79806555289791],[-48.030622879014494,68.79750368333272],[-48.030538110201576,68.79693293400165],[-48.03150582177787,68.79634434341774],[-48.029931668483265,68.79637549708043],[-48.02843802118622,68.79697304017219],[-48.02846463512205,68.79716480407559],[-48.0280232628175,68.79774446159021],[-48.02810797740327,68.7983152131535],[-48.02818832188817,68.79888600182726],[-48.02774674604634,68.7994657229852],[-48.02835760433858,68.80002757054238],[-48.028963933770356,68.80058939749378],[-48.0290488354916,68.80115565434872],[-48.03018156750403,68.80170862189172],[-48.0318445485478,68.80224819836442],[-48.03350339250437,68.80278772956531],[-48.03513548024607,68.80313997395433]]],"type":"Polygon"},"id":"000000000000000001eb","properties":{"area":90993.01985035809,"elevation":1450.1504735595893,"region":"CW","year":2018},"type":"Feature"},{"geometry":{"coordinates":[[[-50.43042180618886,70.67040635997745],[-50.43036394892819,70.6702191030592],[-50.42973954718476,70.67004521275214],[-50.42911527145624,70.66987577436095],[-50.42854468141525,70.66989362226806],[-50.42797388802008,70.66991141586256],[-50.42740291944423,70.66992927302326],[-50.42683232552989,70.66994711447285],[-50.42626152826484,70.6699649016075],[-50.425744210368286,70.67017004202924],[-50.42522699894929,70.67037963509087],[-50.42470966174399,70.67058477191897],[-50.424192430818536,70.67079436138722],[-50.42367524821499,70.67099942890631],[-50.423728628857916,70.67119118731358],[-50.42378227064453,70.67137847772905],[-50.4238402794367,70.6715657891484],[-50.42446448072007,70.67173965164189],[-50.424518130050984,70.6719269418568],[-50.42457152032304,70.67211870005521],[-50.42462496949706,70.67230593809316],[-50.42410769917497,70.67251552718452],[-50.424165713981836,70.67270283855947],[-50.42479003530309,70.67287229764212],[-50.42541427962465,70.67304615647879],[-50.42603861892613,70.6732156105195],[-50.42660929622033,70.67319777241701],[-50.42718017431412,70.67317998432452],[-50.427755389282936,70.67316209709573],[-50.428326062696435,70.67314425251914],[-50.42889693691217,70.6731264579503],[-50.42941411665482,70.67292137251093],[-50.42935611515509,70.6727295427743],[-50.42873196919135,70.67256015452519],[-50.42867834067087,70.67236834544688],[-50.429195505539546,70.67216326072393],[-50.4291420763035,70.67197150397512],[-50.42908859100463,70.67178426738134],[-50.42960591271194,70.67157911549073],[-50.429547941748126,70.67138740378279],[-50.42949425264609,70.67120011519259],[-50.43001164237842,70.67099055959189],[-50.42995812445573,70.67080320544959],[-50.42990451866589,70.67061151474458],[-50.43042180618886,70.67040635997745]]],"type":"Polygon"},"id":"00000000000000000168","properties":{"area":66196.85123723345,"elevation":835.969425521643,"region":"CW","year":2018},"type":"Feature"},{"geometry":{"coordinates":[[[-49.35193924506379,70.12916067734184],[-49.349245824886,70.12713179483784],[-49.34599082544646,70.1251163022822],[-49.340510638510516,70.12315873491009],[-49.33893194294916,70.12110311183963],[-49.34236541816329,70.1189181542148],[-49.343016445723904,70.11680454711818],[-49.34422038282312,70.11467308673313],[-49.34208463219988,70.11263080694852],[-49.33883388513649,70.11061976826481],[-49.33348310655676,70.10923301063711],[-49.32744533880352,70.10976806247278],[-49.32157271908555,70.11106120100817],[-49.32114012254968,70.11164535406958],[-49.319931642874444,70.11377680755355],[-49.31928064185878,70.11589041774415],[-49.320859281374275,70.11794611677566],[-49.32466282913175,70.11994820310196],[-49.330143035164824,70.12190130370792],[-49.33450860426766,70.12389005269907],[-49.33664455753324,70.12593228895338],[-49.33822302928695,70.12798795511931],[-49.33980141517289,70.13004361939944],[-49.34026977502702,70.13213042533758],[-49.34331091572406,70.133196158367],[-49.3473061701879,70.1309933679409],[-49.35193924506379,70.12916067734184]]],"type":"Polygon"},"id":"00000000000000000104","properties":{"area":1464428.208377536,"elevation":1181.7411733461854,"region":"CW","year":2018},"type":"Feature"},{"geometry":{"coordinates":[[[-49.4172605858113,69.91052656088988],[-49.4171178842246,69.9098977528045],[-49.41696195349457,69.9091932370689],[-49.41627051174452,69.90879193828269],[-49.414023326869575,69.9086626133728],[-49.41287734253025,69.90850207212883],[-49.41063002489656,69.90837275973313],[-49.4084270388754,69.90843076964417],[-49.407365927078395,69.90864922529562],[-49.40524769755449,69.90908622769041],[-49.40316990172961,69.90971500192842],[-49.4032101194307,69.90990224601487],[-49.40274622291403,69.91029464958592],[-49.40177849875078,69.91094119714366],[-49.4007931866783,69.91148967817732],[-49.39983443970911,69.91213178575553],[-49.400561233353606,69.91287644515143],[-49.40126124126267,69.91357653352526],[-49.40253221012335,69.91430340395651],[-49.40425794770627,69.91449956232637],[-49.40601035712851,69.91497227996054],[-49.407147323992255,69.9149945836666],[-49.40918959116349,69.91417849298978],[-49.411227421925425,69.91335805493215],[-49.41335436515087,69.91292106430643],[-49.414277372689114,69.91227893261077],[-49.415307521243086,69.91172157280015],[-49.416226137315306,69.91108394929226],[-49.4172605858113,69.91052656088988]]],"type":"Polygon"},"id":"000000000000000000e9","properties":{"area":327611.53058001294,"elevation":990.3371895540168,"region":"CW","year":2018},"type":"Feature"},{"geometry":{"coordinates":[[[-49.976146389691934,70.70184302929307],[-49.975277069388774,70.70072380051903],[-49.97278880649473,70.70003266726948],[-49.96930167462957,70.69994348642997],[-49.965770130550666,70.69966257212367],[-49.962184992062646,70.69919438487425],[-49.95865327475345,70.69891343618932],[-49.95506840043434,70.69844519993607],[-49.95163482044812,70.6985432918826],[-49.94825042825205,70.69882870275683],[-49.94496396331323,70.69949751829476],[-49.94182918134012,70.70073271140603],[-49.94040683658206,70.70191436924082],[-49.939559512786424,70.70308270658336],[-49.94042907681841,70.70420640808305],[-49.94186933306479,70.70530779352626],[-49.9450310257156,70.7063601293893],[-49.94866503598069,70.70702002462038],[-49.952397264516044,70.70805903980231],[-49.955933351503006,70.70833992324879],[-49.95956763186012,70.70899547234816],[-49.96310377694282,70.70927637293389],[-49.96514583174062,70.70826416866937],[-49.96832963160297,70.7072207555067],[-49.96922579064233,70.70623973519577],[-49.96778564162256,70.70513831790393],[-49.970920400280576,70.70390314898597],[-49.974157890642054,70.70304701075175],[-49.976146389691934,70.70184302929307]]],"type":"Polygon"},"id":"0000000000000000015b","properties":{"area":1091122.2486243802,"elevation":1266.7044056667821,"region":"CW","year":2018},"type":"Feature"},{"geometry":{"coordinates":[[[-50.46120745148637,71.41433159000336],[-50.46055184579916,71.41414433342035],[-50.4597941225529,71.41360921499913],[-50.4595978290217,71.41355572843237],[-50.45796114842192,71.41347544799137],[-50.45618207866685,71.4135289568602],[-50.45445647947489,71.4137697567927],[-50.45273509712865,71.4140150263142],[-50.451014061352865,71.4142602632603],[-50.449292851392144,71.41450102690321],[-50.447683103363,71.41512087321162],[-50.446224979780744,71.41568714071934],[-50.446002027455094,71.4160751032178],[-50.44614471278552,71.41656114208476],[-50.44587723383396,71.41708733465607],[-50.44639881078348,71.41740393227772],[-50.448351975812756,71.41791670337133],[-50.4501355362854,71.41786320132047],[-50.45186117267836,71.4176179442771],[-50.45358697592153,71.41737272028399],[-50.45505834184251,71.41680639474559],[-50.45643630865874,71.41638278928515],[-50.45746645686212,71.41629806876989],[-50.45869709451147,71.41593243871033],[-50.45972720993808,71.41584770325609],[-50.45976718128206,71.41551770956535],[-50.46019077743953,71.41493358675186],[-50.46120745148637,71.41433159000336]]],"type":"Polygon"},"id":"00000000000000000189","properties":{"area":165857.28863900102,"elevation":1293.8414079028914,"region":"CW","year":2018},"type":"Feature"},{"geometry":{"coordinates":[[[-49.964459239079375,70.27883936832107],[-49.96329105838912,70.27867882210553],[-49.9621673153192,70.27871448331892],[-49.96104354609482,70.2787456825199],[-49.95987523804401,70.27858962827376],[-49.95875166654727,70.27862086291611],[-49.957676921231176,70.27884382222229],[-49.956553154450525,70.27887944093139],[-49.95552756248797,70.27928977011142],[-49.95450637421585,70.27969994327307],[-49.953480900114464,70.28011464655792],[-49.952406226516295,70.2803376202123],[-49.95133153100089,70.28056058604012],[-49.95020784163106,70.28059175569213],[-49.94918242530802,70.28100202831922],[-49.948156792920294,70.28141669455076],[-49.94825486157597,70.28179575400041],[-49.948352933695524,70.28217481348376],[-49.94901286972888,70.28253595137842],[-49.95023027081588,70.28288376256275],[-49.9513538542334,70.28284808689402],[-49.952526601349845,70.28300412550553],[-49.95364593495778,70.28297296969394],[-49.95476953325444,70.28294172172043],[-49.955844128715576,70.28271879622795],[-49.95691887471161,70.28249579773815],[-49.95804246654873,70.2824646428576],[-49.95911717700144,70.28224162837218],[-49.960187226531225,70.2820187023621],[-49.96121285335347,70.28160400495932],[-49.96111477239061,70.28122500596707],[-49.96102116122125,70.28084597585799],[-49.962042448686205,70.28043569221846],[-49.963067820394095,70.2800255006573],[-49.96297418310901,70.27964647193166],[-49.96399535978999,70.2792317212893],[-49.964459239079375,70.27883936832107]]],"type":"Polygon"},"id":"00000000000000000139","properties":{"area":176889.5364460046,"elevation":861.3714095530095,"region":"CW","year":2018},"type":"Feature"},{"geometry":{"coordinates":[[[-49.38929762378942,69.47694584951863],[-49.387549441394604,69.47641966482193],[-49.386345704791495,69.47588013653552],[-49.38514183125437,69.47534054525872],[-49.38347854935278,69.47519341448586],[-49.381855321326974,69.475238021571],[-49.38027687984444,69.47546989289162],[-49.37865362200635,69.47551446358338],[-49.37711531654298,69.47593811137085],[-49.375492205931145,69.47598269954379],[-49.37378877983037,69.47564376180634],[-49.37229052545701,69.47625917017753],[-49.37071209987359,69.47649098914766],[-49.3707520511161,69.4766827493431],[-49.37141666464543,69.47723568261823],[-49.372080950453295,69.47778862430707],[-49.373744340351834,69.47793577052377],[-49.37536739871564,69.47789114913095],[-49.376945863285876,69.4776592785969],[-49.37864920688244,69.47799374175953],[-49.380232151328514,69.47776187410743],[-49.38189540696389,69.47790899025206],[-49.383474081569084,69.47767265132282],[-49.385097207340486,69.47763254046043],[-49.386635488489425,69.47720892377609],[-49.38825866403126,69.4771643273302],[-49.38929762378942,69.47694584951863]]],"type":"Polygon"},"id":"00000000000000000092","properties":{"area":152257.7722476046,"elevation":1051.6632585907012,"region":"CW","year":2018},"type":"Feature"},{"geometry":{"coordinates":[[[-50.76309767517458,71.72174647280693],[-50.761710876742505,71.72121582813679],[-50.759717604943006,71.72070754018308],[-50.758995159419555,71.72034637034268],[-50.75706439470746,71.72002522568512],[-50.75513353407064,71.71970424177998],[-50.75332762539324,71.71976216239645],[-50.7514591847263,71.7196284302655],[-50.74977376931839,71.72006539642207],[-50.748146240892055,71.72068968113294],[-50.74633588146822,71.72074767926371],[-50.74452987309379,71.72080561784468],[-50.744592166926914,71.72099291667864],[-50.74537706933829,71.72154131684415],[-50.7461574656103,71.72208981825078],[-50.74815074644065,71.72260260961238],[-50.74893543538082,71.72315112452135],[-50.75092431100875,71.72365946727595],[-50.751107012675526,71.7242257970625],[-50.75068799272298,71.72481434071989],[-50.75087069959049,71.7253806703851],[-50.7522574912073,71.72591128982268],[-50.75358175891034,71.72625014869442],[-50.755392185101535,71.72619220285843],[-50.7572025974583,71.72613423649634],[-50.75888812505269,71.72570166306349],[-50.75936978218718,71.72530489588343],[-50.758584935154495,71.72475636528758],[-50.75900412669241,71.72416778566783],[-50.75942328446234,71.72358360646113],[-50.76105071972101,71.72295492365625],[-50.76147001125352,71.72237079004722],[-50.76309767517458,71.72174647280693]]],"type":"Polygon"},"id":"000000000000000001a8","properties":{"area":272056.8453023574,"elevation":1033.9681499502954,"region":"CW","year":2018},"type":"Feature"},{"geometry":{"coordinates":[[[-48.24552468842852,68.46121166053211],[-48.24546240890911,68.4608281497158],[-48.24537757953444,68.4602618997041],[-48.24477109360965,68.4597000223595],[-48.24416935799271,68.45914264069454],[-48.24356281016144,68.45858525398035],[-48.24295624011865,68.45802343384548],[-48.242871642443596,68.45745712281882],[-48.24226527984312,68.4568952380716],[-48.24217599466135,68.4563245482138],[-48.241573872904304,68.45576711289253],[-48.24200212941353,68.45518743239134],[-48.241912842110054,68.45461662661609],[-48.242858239719325,68.4540280775084],[-48.24173901748901,68.45347963248487],[-48.24019175599008,68.4535107894962],[-48.238729040060065,68.45411278688334],[-48.23875579787832,68.45430452530333],[-48.238845129398264,68.45487083808716],[-48.2389341689859,68.45544159112978],[-48.23850168777475,68.45602124242487],[-48.238073516109424,68.45660096752637],[-48.23764553780564,68.45718506038632],[-48.23824742962728,68.45774245967976],[-48.23885384218947,68.4582998685502],[-48.239460329870454,68.45886170694722],[-48.240062301677064,68.45941910047374],[-48.241698816330114,68.45995421626745],[-48.24333994203042,68.46049375613099],[-48.2444591672698,68.46104220544053],[-48.24552468842852,68.46121166053211]]],"type":"Polygon"},"id":"000000000000000001e1","properties":{"area":126658.62562080451,"elevation":1475.961035689292,"region":"CW","year":2018},"type":"Feature"},{"geometry":{"coordinates":[[[-50.175842863160796,68.46372660513404],[-50.171486179440194,68.46291504820859],[-50.16853435622177,68.46148817145978],[-50.16971174455595,68.45991852101142],[-50.16881985017747,68.45842026263173],[-50.16793238853101,68.45692201714039],[-50.16962247673403,68.4553390000955],[-50.16976514498913,68.45380506135787],[-50.165970413705026,68.45316744090411],[-50.16166292480763,68.45254758323668],[-50.157587148654855,68.45287314871116],[-50.15369445464709,68.45395671675381],[-50.14971255829035,68.454661214709],[-50.14980610065501,68.45504029365226],[-50.149146253505144,68.45659208008551],[-50.150033613768635,68.45809028416494],[-50.152468310137195,68.45953505952684],[-50.15335563151951,68.46103326570622],[-50.15715041737617,68.4616754316702],[-50.16164510282678,68.46305331843966],[-50.162532404929564,68.46455150538561],[-50.160329610683846,68.46615232063282],[-50.163794306974815,68.46756592067565],[-50.168057286186944,68.46799398920326],[-50.17026441800403,68.46639316001918],[-50.17350178904146,68.46475668171746],[-50.175842863160796,68.46372660513404]]],"type":"Polygon"},"id":"00000000000000000008","properties":{"area":1003666.7264896317,"elevation":726.2147587309288,"region":"CW","year":2018},"type":"Feature"},{"geometry":{"coordinates":[[[-49.40417305240823,68.78465258248396],[-49.403004983956826,68.78411301292029],[-49.40235838725154,68.78355563186298],[-49.400663843167756,68.78302945027919],[-49.39896936810778,68.78250324880696],[-49.39727934571038,68.78197706556128],[-49.39558493725545,68.78145538700836],[-49.39389050514173,68.78092919035883],[-49.39324822673523,68.78037182058554],[-49.39159398167505,68.78003739654832],[-49.389944161617976,68.77970299152213],[-49.38841027138646,68.77993480459816],[-49.38676033172991,68.77960042641261],[-49.38522643376846,68.77983232194826],[-49.38526652577212,68.78001956054933],[-49.38538682298459,68.78059033749786],[-49.38550728991034,68.78116105053758],[-49.386675535373634,68.78170062239175],[-49.387843830466196,68.78224018515128],[-49.3890121751903,68.78277973881544],[-49.390180476479024,68.78332372823998],[-49.39187481702907,68.7838499194788],[-49.39304315724624,68.78438950589536],[-49.39421136260503,68.78492902985978],[-49.394858075152584,68.78548194034958],[-49.39647218755887,68.78562910383037],[-49.39808211656614,68.7857762639193],[-49.39961600232177,68.78553990876762],[-49.40118991655154,68.78549978061304],[-49.40271938747405,68.78526347089398],[-49.40417305240823,68.78465258248396]]],"type":"Polygon"},"id":"00000000000000000297","properties":{"area":252859.99988556615,"elevation":997.4592263203072,"region":"CW","year":2018},"type":"Feature"},{"geometry":{"coordinates":[[[-47.7041185030858,69.1130876284049],[-47.70183995680481,69.11198630625644],[-47.69956572172587,69.11088037577095],[-47.69834850955831,69.10976113987756],[-47.69664957160906,69.10867758915325],[-47.69645784380073,69.1075539008196],[-47.695838059696534,69.10659516316554],[-47.69515582533542,69.10546262320997],[-47.69287266220681,69.10434779742079],[-47.69427282965277,69.10280500383878],[-47.696203621516254,69.10124425495442],[-47.69598505850118,69.09991546158541],[-47.69542771224566,69.09972816272362],[-47.69124959764149,69.1003703166272],[-47.68714715467314,69.1015787077971],[-47.685220948580586,69.10313497399957],[-47.68435578681749,69.10466885365607],[-47.68503803617424,69.10581929385356],[-47.685720225624,69.10692963734077],[-47.68636237926568,69.10770553133655],[-47.68756652339007,69.10882474874585],[-47.688235162281536,69.10974775040404],[-47.68996545441699,69.11069755013439],[-47.6939026864435,69.11216017565961],[-47.69773769731119,69.11286024655318],[-47.70205394423209,69.11316788806155],[-47.7041185030858,69.1130876284049]]],"type":"Polygon"},"id":"00000000000000000042","properties":{"area":524764.35846719,"elevation":1503.996474051759,"region":"CW","year":2018},"type":"Feature"},{"geometry":{"coordinates":[[[-49.38707253930396,69.65085526288743],[-49.38703230688585,69.6506635192696],[-49.38699234479427,69.6504762151893],[-49.38694757118825,69.6502844325121],[-49.386403513371434,69.65030229904691],[-49.38585954584216,69.65031571300077],[-49.385271086801026,69.65014178129442],[-49.38468236683652,69.64996340775004],[-49.38413831338182,69.64998126575803],[-49.38359435063837,69.64999467118979],[-49.38304584444853,69.65000803532233],[-49.38250204948826,69.65002137215114],[-49.38191325941409,69.64984743794228],[-49.381329211288325,69.6496735941662],[-49.38078506122475,69.64968693555363],[-49.380236750164634,69.649700342492],[-49.379692696928146,69.64971818374018],[-49.3791888043018,69.6499188137945],[-49.37868500147829,69.65012394608868],[-49.37818099861201,69.65032902316433],[-49.37767717810082,69.65053415196601],[-49.37717334874587,69.65073927902175],[-49.376669242828214,69.6509399648123],[-49.376714105435745,69.65113168602807],[-49.37730270153435,69.65130558820728],[-49.37788686139215,69.6514839526373],[-49.37847530447575,69.65165791464233],[-49.379059382558765,69.65183177046619],[-49.37960793502405,69.6518184216344],[-49.38015194368515,69.6518050313763],[-49.380740579536315,69.65197891982307],[-49.38128459059177,69.6519655253037],[-49.381788408028186,69.65176038357295],[-49.382332434548985,69.65174710303104],[-49.38287653051424,69.65172925195971],[-49.38338023670218,69.65152855518086],[-49.3838842172163,69.65132345959209],[-49.38443265309102,69.65130558837424],[-49.38497683594691,69.65129223334024],[-49.38548060580856,69.65108707869283],[-49.38602461292594,69.65107378417146],[-49.38656859751761,69.65106036965072],[-49.38707253930396,69.65085526288743]]],"type":"Polygon"},"id":"000000000000000000bb","properties":{"area":64993.61621312974,"elevation":1179.6134076990377,"region":"CW","year":2018},"type":"Feature"},{"geometry":{"coordinates":[[[-49.846524948452405,68.70978424094717],[-49.84591412222928,68.70942306721996],[-49.84634651875103,68.70902615761922],[-49.84626178125414,68.70864722540195],[-49.846172654650495,68.70826815182147],[-49.84556169865094,68.70790248025459],[-49.84442909402059,68.70755914611819],[-49.84334098483211,68.70739864677856],[-49.842297667541324,68.70742986030136],[-49.84134338250481,68.7078445865213],[-49.840389240139224,68.70825479662956],[-49.83934116395415,68.70828597587257],[-49.838342389140266,68.70850894690385],[-49.83729901326463,68.70854012256918],[-49.836300045764204,68.70876314379298],[-49.836389349621044,68.70914209350641],[-49.837000222511335,68.7095033611839],[-49.83708936426947,68.7098868207522],[-49.838217614910306,68.7102301923476],[-49.83922081533241,68.71001169068003],[-49.840308846072475,68.71016772607082],[-49.841441506234084,68.71051554066587],[-49.8425696650731,68.71086338732466],[-49.843702200910265,68.71121113140472],[-49.84474568491944,68.71117546299247],[-49.84522714637473,68.71097036659748],[-49.84461630831653,68.71060918629037],[-49.84557047722949,68.71019450053882],[-49.846524948452405,68.70978424094717]]],"type":"Polygon"},"id":"00000000000000000030","properties":{"area":108368.57137949373,"elevation":796.9407922947521,"region":"CW","year":2018},"type":"Feature"},{"geometry":{"coordinates":[[[-49.91214058232661,68.26731208233208],[-49.91149844108572,68.26675916668913],[-49.9098306274293,68.26624195671977],[-49.90816749368342,68.26572017800093],[-49.906548843491365,68.2653902569003],[-49.90514424003658,68.26601004978019],[-49.90369948226275,68.26643808954867],[-49.902210148080215,68.26667441775851],[-49.90076532133057,68.26710254414276],[-49.89919135461732,68.26695984300726],[-49.89761294453215,68.26682160761217],[-49.898210277164004,68.26718277220013],[-49.89885249185423,68.26773573751582],[-49.89898619535573,68.26830200225635],[-49.90013664700281,68.26883711547163],[-49.90073853176245,68.26920278617087],[-49.902357180361435,68.26953272750364],[-49.90393579850134,68.26967102710546],[-49.90555451238691,68.27000093101752],[-49.907088416238025,68.26995188563934],[-49.90857772790891,68.2697155678781],[-49.91006700940548,68.26947923378489],[-49.91100346069014,68.26906452289145],[-49.91189081976573,68.2684670366028],[-49.911761445225274,68.26789623369146],[-49.91214058232661,68.26731208233208]]],"type":"Polygon"},"id":"0000000000000000022e","properties":{"area":196160.83173767442,"elevation":809.5050237385444,"region":"CW","year":2018},"type":"Feature"},{"geometry":{"coordinates":[[[-49.893122365870404,68.49482883492155],[-49.89247592226309,68.49427590256384],[-49.89087950775307,68.49413770904155],[-49.88933213698704,68.49418670187426],[-49.88773574566369,68.49404402896386],[-49.88623324965488,68.49428034005446],[-49.8847258800066,68.49452113241512],[-49.883307833735515,68.49513651266487],[-49.88180523928444,68.49537733586625],[-49.880298105682996,68.49561362436197],[-49.87888006689923,68.49622901210334],[-49.87896917270909,68.49660801051917],[-49.878068504219435,68.49720996622666],[-49.878715224943285,68.49776289142443],[-49.87936630657453,68.49831583698817],[-49.880917911049366,68.49826675704782],[-49.882509868425124,68.49840950137117],[-49.883927779375895,68.49778969553392],[-49.88543500183708,68.49755336653456],[-49.886937684100545,68.49731250292332],[-49.88844486744925,68.4970762584753],[-49.88994766495933,68.4968398574714],[-49.891454792201394,68.49659913696827],[-49.89235544956002,68.49599708021523],[-49.89222174548136,68.49543077788623],[-49.893122365870404,68.49482883492155]]],"type":"Polygon"},"id":"00000000000000000033","properties":{"area":185186.79919288273,"elevation":866.2522720088508,"region":"CW","year":2018},"type":"Feature"},{"geometry":{"coordinates":[[[-48.487988465608986,69.50652302056648],[-48.486806744795125,69.50597906667039],[-48.485148039122876,69.50582299477738],[-48.483422325387814,69.50528785017725],[-48.48176351372471,69.50513180283986],[-48.480135828637984,69.50516751304023],[-48.47854399109297,69.5053904832871],[-48.47695222144858,69.50561787512308],[-48.47532456218471,69.50564902784113],[-48.47370134116575,69.50568473253925],[-48.47210958992142,69.50590768576863],[-48.47329125904791,69.5064561357393],[-48.473389359000485,69.50702690915374],[-48.472403813307615,69.507620008046],[-48.474062632828684,69.50777160726103],[-48.475788125968066,69.50830669352379],[-48.477446938009294,69.50846275660858],[-48.47907009316476,69.50843157601686],[-48.48076463706785,69.50877494347402],[-48.48239220472338,69.50873923548781],[-48.48401526493081,69.5087035595599],[-48.485674163746026,69.50885964573227],[-48.48726598334765,69.50863665918595],[-48.48774311006578,69.5082442568907],[-48.486561378947,69.50769579682598],[-48.48646342511438,69.5071294615291],[-48.487988465608986,69.50652302056648]]],"type":"Polygon"},"id":"00000000000000000060","properties":{"area":187708.83563662285,"elevation":1443.7693908329045,"region":"CW","year":2018},"type":"Feature"},{"geometry":{"coordinates":[[[-49.17719153518506,68.8824629108112],[-49.176437933503884,68.88133924757985],[-49.17567978123324,68.88021110278908],[-49.17292868269919,68.87971169909115],[-49.169771541326334,68.87979642981624],[-49.16668587641048,68.88026012301995],[-49.163680540244435,68.8811029286524],[-49.16075081836475,68.88232475375615],[-49.15985013602337,68.88310949713355],[-49.15902506967563,68.88427776683922],[-49.1582001115538,68.88544608743165],[-49.155270666991456,68.88666789000563],[-49.15339328426256,68.88786294320875],[-49.15151606887969,68.88905796246088],[-49.149634287183254,68.89025303005818],[-49.15039244121852,68.89138112995525],[-49.15359393345196,68.89148819760509],[-49.156947195246694,68.89235319452762],[-49.160144271702414,68.89246024875555],[-49.16307837544035,68.89123844286433],[-49.16608830497101,68.89039571708106],[-49.16916960047049,68.88993196624567],[-49.17225517486053,68.8894681925439],[-49.175340994360674,68.889004457798],[-49.176767993103574,68.88820624649772],[-49.175483550285016,68.8870914880742],[-49.1752516909955,68.8859544184754],[-49.175545993306834,68.88479950810606],[-49.176371003531344,68.88363123342627],[-49.17719153518506,68.8824629108112]]],"type":"Polygon"},"id":"0000000000000000028b","properties":{"area":953369.0773261474,"elevation":1075.8706206792335,"region":"CW","year":2018},"type":"Feature"},{"geometry":{"coordinates":[[[-49.58780332606641,68.85430367714196],[-49.58719256723872,68.85393806727129],[-49.586581640819716,68.85357240192333],[-49.58544902366258,68.8532245992803],[-49.58435204128486,68.853064142444],[-49.58325960933934,68.85290352692316],[-49.58220730062275,68.85293478915224],[-49.58115480268127,68.85296599030022],[-49.58014699227019,68.85318447460709],[-49.57917957874951,68.85359470952366],[-49.57926414706582,68.85397371754087],[-49.578296524050835,68.85438401136311],[-49.57732903196212,68.85479423396433],[-49.57793983720164,68.8551598224618],[-49.57802457831012,68.85553888534595],[-49.57916170817006,68.85589116325988],[-49.58029418264949,68.85623896570746],[-49.581431432990684,68.8565867801077],[-49.58243901868901,68.85636829727534],[-49.5834066667268,68.85595809104699],[-49.584459100659075,68.8559268201238],[-49.585426696227756,68.85551659996375],[-49.586478942927656,68.85548537837727],[-49.587446486032775,68.85507514428765],[-49.587361952747166,68.85469607528835],[-49.58780332606641,68.85430367714196]]],"type":"Polygon"},"id":"0000000000000000002a","properties":{"area":113855.5876518896,"elevation":885.9663267875126,"region":"CW","year":2018},"type":"Feature"},{"geometry":{"coordinates":[[[-49.33444168270047,69.11669503084538],[-49.33407607860058,69.11612877809951],[-49.33191345763865,69.11564716795347],[-49.32979097068299,69.11570065911918],[-49.327663943671496,69.1157586428231],[-49.325621593825936,69.11619563669984],[-49.32349894863858,69.11625359796858],[-49.321532593840146,69.11706960183608],[-49.321207237325815,69.1174352734893],[-49.321202639173,69.11802830999265],[-49.32038225324562,69.11860353136254],[-49.319320857033006,69.11922338424769],[-49.31735430697965,69.12003938555378],[-49.315887428833165,69.12067258349872],[-49.315619898258056,69.12140833642808],[-49.31573583877253,69.12179625778003],[-49.31722506984533,69.1219478448573],[-49.31844250777684,69.12209504850442],[-49.32037757184375,69.12184979251595],[-49.32163960953625,69.12201028967536],[-49.323690847835415,69.12157327272314],[-49.32582230151025,69.12151534857747],[-49.327953740499815,69.12145739214466],[-49.32779305110714,69.12069488418446],[-49.32753006637196,69.12014642235809],[-49.32861367224187,69.11952664441039],[-49.33058441535379,69.11871057888665],[-49.332635762215745,69.11827359264089],[-49.33300587638898,69.11749770533322],[-49.33444168270047,69.11669503084538]]],"type":"Polygon"},"id":"00000000000000000055","properties":{"area":298736.15097378124,"elevation":508.07949705699394,"region":"CW","year":2018},"type":"Feature"},{"geometry":{"coordinates":[[[-49.990286392552704,68.70203881285283],[-49.99019720235843,68.70165975249768],[-49.99010348627773,68.70128073816969],[-49.98949251665033,68.70091954500442],[-49.988877197318686,68.70055833009961],[-49.98826643450768,68.70019273992776],[-49.987133751186974,68.69984939754521],[-49.98609036442439,68.69988059751267],[-49.985002174459844,68.6997245199168],[-49.98395878760838,68.69975570381439],[-49.982960031383556,68.69997866007054],[-49.98196109465763,68.70020167425152],[-49.98096230056077,68.70042461610906],[-49.97987429717998,68.70026855063077],[-49.978924613315726,68.70068321357475],[-49.97797035694807,68.70109347077445],[-49.97806388941154,68.70147249231994],[-49.97815305751736,68.70185149437665],[-49.978242228553285,68.70223049665931],[-49.97885761704825,68.70259613917007],[-49.978946640226766,68.70297520671274],[-49.97955767803884,68.7033363822424],[-49.980173101029855,68.70369757504922],[-49.98026231024033,68.70407657752122],[-49.98139929718265,68.70442439122012],[-49.98253178495909,68.7047722415028],[-49.98361999890348,68.70492828839586],[-49.984574125958794,68.70451360980462],[-49.985523865415175,68.7041033501718],[-49.986478274335376,68.70368864623883],[-49.98742813455945,68.70327842644569],[-49.988426814809976,68.70305550210885],[-49.98942563768953,68.70283250544303],[-49.98933192810998,68.7024534897886],[-49.990286392552704,68.70203881285283]]],"type":"Polygon"},"id":"00000000000000000023","properties":{"area":196160.8317375478,"elevation":756.501955363152,"region":"CW","year":2018},"type":"Feature"},{"geometry":{"coordinates":[[[-49.38859745396592,70.0481165309682],[-49.38787058618859,70.04737189128977],[-49.38556521012876,70.04705083724913],[-49.38325989212744,70.04672974736836],[-49.38099902831642,70.04659600894679],[-49.378778392323746,70.04665396080217],[-49.37660254968446,70.04690364433694],[-49.37450664872093,70.04752791881201],[-49.37237084998958,70.0479693834921],[-49.37019491864635,70.04821463749278],[-49.3681034383039,70.04884336587645],[-49.36874116466531,70.04920459789308],[-49.368910559079985,70.04996264227833],[-49.37074765577058,70.05068054363748],[-49.37147011011152,70.05142070066658],[-49.37219696568961,70.05216541134565],[-49.37347661778316,70.05289674208157],[-49.37419896249943,70.0536414042831],[-49.374925872136,70.05438159763283],[-49.37620572965468,70.05511290667522],[-49.378042804100126,70.05582629188433],[-49.38022324968327,70.05558110221348],[-49.38235913681246,70.05514410406121],[-49.38440582480027,70.05432809427242],[-49.38590421579033,70.05352540318586],[-49.3851772574425,70.05278074668563],[-49.38611821199817,70.05199155346129],[-49.387058991242306,70.05120668870012],[-49.38799999179178,70.0504174194318],[-49.387825920458326,70.04965939752817],[-49.38821391216536,70.04888795751889],[-49.38859745396592,70.0481165309682]]],"type":"Polygon"},"id":"000000000000000001ab","properties":{"area":530668.6093379246,"elevation":1069.7734436964877,"region":"CW","year":2018},"type":"Feature"},{"geometry":{"coordinates":[[[-48.398873318969656,69.10614931187364],[-48.398248976798534,69.10546258089077],[-48.39815087763934,69.10502114033793],[-48.39642980080476,69.10429876935775],[-48.39430703912715,69.10434335099252],[-48.39218019284192,69.10438793990105],[-48.390021929342716,69.10424079292208],[-48.388024310599704,69.10504790241112],[-48.386022220404314,69.10585053178677],[-48.38607558252565,69.10623399102212],[-48.384617574285116,69.10702328558268],[-48.38467543891119,69.10746919317276],[-48.38372133395074,69.10805332282735],[-48.38379706823728,69.10863296773253],[-48.38332892920879,69.10902539648717],[-48.38345369642059,69.10978342096362],[-48.38411364768445,69.1105325628889],[-48.38633885493411,69.1110587490523],[-48.38843895410136,69.11082238659094],[-48.39050804040648,69.11039883350244],[-48.392545786901366,69.10978348187865],[-48.39468178597665,69.10973885586812],[-48.39512305635063,69.10927512624907],[-48.39555559712618,69.1085750492779],[-48.39756229600488,69.10776790504296],[-48.397985841053945,69.10711248447731],[-48.39843625459766,69.10660407497866],[-48.398873318969656,69.10614931187364]]],"type":"Polygon"},"id":"0000000000000000025e","properties":{"area":324510.87289281125,"elevation":1249.2414784303794,"region":"CW","year":2018},"type":"Feature"},{"geometry":{"coordinates":[[[-49.74406812830956,68.27295286833983],[-49.74394315631321,68.27238657130339],[-49.7438138958036,68.27182024814336],[-49.74266340955046,68.27128073162149],[-49.74112951218648,68.27132978814706],[-49.73959563970162,68.27137438667303],[-49.7380661794649,68.27142337065706],[-49.736532131062816,68.2714679993379],[-49.73495369835929,68.27132978113883],[-49.733334951323855,68.27099531431142],[-49.73184571795688,68.27123164212385],[-49.73035200041227,68.27146799121168],[-49.72886254726208,68.27170435109821],[-49.72894733685048,68.27208334976746],[-49.73009774709153,68.27262291749284],[-49.730735400921105,68.27317587864643],[-49.73239414411544,68.2736931298162],[-49.734057372067845,68.27421476459023],[-49.73554677632003,68.27397852926427],[-49.73720992212461,68.2745001909359],[-49.73878407191962,68.27464286340474],[-49.74040280637704,68.2749728406651],[-49.74189663962605,68.27473649732435],[-49.74228009561196,68.2741523495854],[-49.7431717191056,68.27355485693488],[-49.74406812830956,68.27295286833983]]],"type":"Polygon"},"id":"00000000000000000226","properties":{"area":185186.79919281573,"elevation":944.3302354992619,"region":"CW","year":2018},"type":"Feature"},{"geometry":{"coordinates":[[[-49.20938162210627,68.61475635029193],[-49.209341739543824,68.61456905161236],[-49.20930599203006,68.6143773643734],[-49.20926576470754,68.61419007643586],[-49.20874855842935,68.61420340330136],[-49.208226833334706,68.6142167484648],[-49.207669555776434,68.6140384577469],[-49.20711197705506,68.61386455443946],[-49.20655469499134,68.61368614162133],[-49.2059929594104,68.61351224354142],[-49.20543540318157,68.61333833372072],[-49.204877980753174,68.6131599785913],[-49.20432062238597,68.61298611802499],[-49.20379891790001,68.61299944647777],[-49.20328175008642,68.61301287064967],[-49.2027600439498,68.61302619516434],[-49.202238173824334,68.61303958189065],[-49.20172100354068,68.61305300019755],[-49.20123951615489,68.61325810515316],[-49.20075802072525,68.61346320847773],[-49.200276298390776,68.61366387762875],[-49.20031197606462,68.61385556666237],[-49.20086934809729,68.61402956148933],[-49.201431098982866,68.61420785950148],[-49.20146675012523,68.61439516952042],[-49.201506975864234,68.61458695631867],[-49.202064352242466,68.61476082888105],[-49.20210004535474,68.61495251792611],[-49.20214027694663,68.61514430477277],[-49.20266197159708,68.6151264859816],[-49.20317918357708,68.61511306425386],[-49.203736638736146,68.61529142706769],[-49.20425820801988,68.61527804539362],[-49.20477990283486,68.61526021858268],[-49.205297298206766,68.6152468424904],[-49.205818864915855,68.61523345490215],[-49.2063406136678,68.61522011891994],[-49.20685800657148,68.61520673696084],[-49.20737957079823,68.61519334345849],[-49.20786122449543,68.61498826978946],[-49.20834285043039,68.61478307671177],[-49.20886006906947,68.61476975140229],[-49.20938162210627,68.61475635029193]]],"type":"Polygon"},"id":"0000000000000000027e","properties":{"area":61728.93306434706,"elevation":1109.3085493274834,"region":"CW","year":2018},"type":"Feature"},{"geometry":{"coordinates":[[[-49.41445148294888,70.13287069348108],[-49.41423720762838,70.13192091878965],[-49.41123636010841,70.13104692756562],[-49.40836462462835,70.13073925382218],[-49.405617801468075,70.13100229540666],[-49.40291566686337,70.1314526797033],[-49.39999947250551,70.13095773886278],[-49.39730159479429,70.13141257605797],[-49.39459944739207,70.13186297888342],[-49.39198196034868,70.13269235699647],[-49.38940902026636,70.13371347450891],[-49.38957849799311,70.13447152797795],[-49.389792538171456,70.13542131439908],[-49.390563993078224,70.1363532550893],[-49.39133986364676,70.13728963100152],[-49.39322596722975,70.13819482488215],[-49.39511213005885,70.1390956077823],[-49.397899256673504,70.13902424221655],[-49.40064598023709,70.13876114382157],[-49.4033480745489,70.13831077069754],[-49.404935579034,70.13788718524599],[-49.407508665811946,70.13686601809088],[-49.41008154456142,70.13584492397128],[-49.41265436603372,70.13482372036498],[-49.414112325050674,70.13382939025176],[-49.41445148294888,70.13287069348108]]],"type":"Polygon"},"id":"00000000000000000103","properties":{"area":631102.0545833398,"elevation":1199.1856667657348,"region":"CW","year":2018},"type":"Feature"},{"geometry":{"coordinates":[[[-48.320442077760305,69.2995093169846],[-48.3201032167723,69.2974224423459],[-48.31922034638141,69.29534449173354],[-48.314052175506134,69.29335575839364],[-48.30805935563084,69.29290982263333],[-48.302159798945766,69.29303026000852],[-48.29641652470289,69.29409598403365],[-48.290855997330944,69.29630764469825],[-48.28847931428057,69.2982607191292],[-48.286673331523204,69.30039216514689],[-48.286477104205666,69.30248792977422],[-48.287886185237866,69.30455701277388],[-48.289839342335505,69.30660818154485],[-48.29071333571805,69.30868614514925],[-48.289977513342315,69.31079525789897],[-48.286561790435925,69.31296239875313],[-48.28367686342714,69.31511613385814],[-48.2894604200581,69.31423769347398],[-48.29288053412672,69.31207055209872],[-48.29361184418111,69.30996140137609],[-48.29703196633703,69.30779876462373],[-48.302119761222386,69.30597942291843],[-48.307929887363734,69.30528826118866],[-48.31355275380611,69.30346005676132],[-48.318640754513574,69.30164072246146],[-48.320442077760305,69.2995093169846]]],"type":"Polygon"},"id":"00000000000000000004","properties":{"area":1778461.6800148466,"elevation":1340.92169188948,"region":"CW","year":2018},"type":"Feature"},{"geometry":{"coordinates":[[[-49.04176401468186,68.51312006123268],[-49.039699533061125,68.51050706589928],[-49.035566072636115,68.50794303628615],[-49.02824855229354,68.50775132415053],[-49.02103825313326,68.50812592243817],[-49.01386789802646,68.5086921833676],[-49.006729035097756,68.50945023822933],[-48.99955868607097,68.5100120582897],[-48.99256673087259,68.51152816388309],[-48.991817675475964,68.51307102799828],[-48.99387775996172,68.51568851805874],[-48.99956337033621,68.51821234764655],[-49.004209522068386,68.52076296540024],[-49.01093389219197,68.52326006216259],[-49.01739961733479,68.52442831472165],[-49.02436019031181,68.5227249888898],[-49.018518804866694,68.52211408695011],[-49.012828997652186,68.51959022846634],[-49.00536447624795,68.5186359283365],[-49.000196400840046,68.51609870109823],[-49.00708131689455,68.51401633237326],[-49.014077618709315,68.5125002888222],[-49.02114070252594,68.51136764172003],[-49.02838681361228,68.51118032819028],[-49.03603414732739,68.51307992576233],[-49.041648197401535,68.51522024220729],[-49.04176401468186,68.51312006123268]]],"type":"Polygon"},"id":"00000000000000000210","properties":{"area":1307281.626894651,"elevation":1183.197334666547,"region":"CW","year":2018},"type":"Feature"},{"geometry":{"coordinates":[[[-49.18314445360287,68.30918750090053],[-49.17908210786224,68.30948632020214],[-49.175131347684335,68.3103557969454],[-49.17118068331925,68.31122538438437],[-49.167301152254524,68.31247387607837],[-49.163238954798395,68.31277260710057],[-49.158842203475984,68.31136801621703],[-49.159569175507286,68.30982522012377],[-49.16131715280243,68.30825110407682],[-49.16460798163725,68.30663696339819],[-49.168407081901506,68.30500933170568],[-49.171773695083104,68.30377860773787],[-49.1677828031431,68.30445647219608],[-49.16383656628743,68.30532595714763],[-49.15988578143974,68.30619551832736],[-49.158133159898306,68.30776508036219],[-49.15638089028366,68.3093391613744],[-49.15514130891075,68.3108953568407],[-49.15544001714107,68.31241150178359],[-49.15774974991425,68.31368676395246],[-49.16188792086071,68.31376258864577],[-49.165914520091,68.31327654931727],[-49.16994092092812,68.31278601451788],[-49.17385601093244,68.31172473886097],[-49.17780685008371,68.31085524396671],[-49.181904670419335,68.3107482038753],[-49.18314445360287,68.30918750090053]]],"type":"Polygon"},"id":"000000000000000001f6","properties":{"area":309559.1680334951,"elevation":1158.9932549415662,"region":"CW","year":2018},"type":"Feature"},{"geometry":{"coordinates":[[[-49.18557905837026,69.19632127147541],[-49.1849682058064,69.19596000511439],[-49.18435716648161,69.19559441722448],[-49.18481219196751,69.19520198101283],[-49.184201341277394,69.19483632872684],[-49.18465596375088,69.19443952059137],[-49.18511096343345,69.1940470839957],[-49.18503064759924,69.19366808257618],[-49.18548546013184,69.19327570936859],[-49.184343968351385,69.19292335812374],[-49.18479877876837,69.19253098755357],[-49.18418799643951,69.19216533692837],[-49.183041840094816,69.19181756053979],[-49.18189601217863,69.19146526338801],[-49.180870168036705,69.19168375375014],[-49.17984478904962,69.19189777858458],[-49.178814635868555,69.19211626241659],[-49.17782926267741,69.1925220572038],[-49.17790502517997,69.19290113416592],[-49.17691514679446,69.19330687751967],[-49.17699533597691,69.1936858828589],[-49.177071089834186,69.19406496089367],[-49.17661618048368,69.1944618081649],[-49.17776219073149,69.19480958448965],[-49.17730746665852,69.19520648810968],[-49.17791833819585,69.1955676045612],[-49.17852911725266,69.19593328411757],[-49.1780743290749,69.19632568956737],[-49.1792158779737,69.19667797561713],[-49.1803217149139,69.19684296007821],[-49.18142769560478,69.19700348839064],[-49.182573592644836,69.1973557395415],[-49.18359930202495,69.19713724633868],[-49.18462926351269,69.19691873715874],[-49.185124417338294,69.19671808362163],[-49.18557905837026,69.19632127147541]]],"type":"Polygon"},"id":"0000000000000000005a","properties":{"area":163165.79175196568,"elevation":746.2843808066453,"region":"CW","year":2018},"type":"Feature"},{"geometry":{"coordinates":[[[-48.83958858156974,69.77158982646847],[-48.83947715627919,69.77101907913323],[-48.83882150972454,69.77046166612098],[-48.838710108945016,69.76989091894087],[-48.83757309072833,69.76972595614475],[-48.836003400087726,69.77014511074448],[-48.83446492635207,69.770751531701],[-48.83285528616037,69.77098341822932],[-48.83131686528714,69.7715898600542],[-48.82978293147834,69.77219634242677],[-48.82934164302717,69.77278043491562],[-48.82835587994455,69.77337349838048],[-48.82736604924804,69.77397104748498],[-48.82692904545873,69.7745551360128],[-48.826487667634055,69.77513483448608],[-48.82659916779333,69.775705583597],[-48.82616213330806,69.77628978871407],[-48.826822013385694,69.7768471464429],[-48.82747754737198,69.77740449896834],[-48.82912748201957,69.77736441326857],[-48.83070140800598,69.77694523576123],[-48.83231127949716,69.77671782336083],[-48.83388529351709,69.77629866545054],[-48.8348708607289,69.77570562639882],[-48.83586075807396,69.7751080788168],[-48.83739910966808,69.77450165080977],[-48.83783621421927,69.77391752025822],[-48.83937443661712,69.77331107160968],[-48.839263007043044,69.77274032308823],[-48.83915158325346,69.77216957483469],[-48.83958858156974,69.77158982646847]]],"type":"Polygon"},"id":"000000000000000000ae","properties":{"area":257701.96078932265,"elevation":1372.674220096758,"region":"CW","year":2018},"type":"Feature"},{"geometry":{"coordinates":[[[-48.565398308083076,68.56494819420375],[-48.564292577538964,68.56459146286548],[-48.56212098310973,68.56406978242696],[-48.55998053890119,68.56373974796881],[-48.55783571133125,68.56340530149593],[-48.55576222086265,68.56345435680464],[-48.553684283643975,68.56349900158662],[-48.55160643937321,68.56354804736276],[-48.552257408973595,68.5642971448292],[-48.55186496640966,68.56506862993106],[-48.55199418227911,68.56582664767477],[-48.553162770133106,68.56656238285203],[-48.55173560342688,68.56735609250725],[-48.55134326434737,68.56812751727071],[-48.54939471319517,68.56893459702013],[-48.54744605119884,68.56974176787783],[-48.54647395141529,68.5701430371353],[-48.5460815895814,68.5709145049716],[-48.54812829133696,68.57067813762225],[-48.55007683731382,68.56987101913728],[-48.55202554119341,68.56906836085007],[-48.55396968237369,68.56826129656739],[-48.55591820900155,68.5674542068166],[-48.55793382964228,68.56702612103453],[-48.56007416896357,68.56735608156404],[-48.5620853140373,68.56693248402205],[-48.564096281980774,68.56650442471786],[-48.56396704476899,68.56574640709742],[-48.565398308083076,68.56494819420375]]],"type":"Polygon"},"id":"000000000000000001f5","properties":{"area":246458.48090099523,"elevation":1352.6669856882024,"region":"CW","year":2018},"type":"Feature"},{"geometry":{"coordinates":[[[-48.27522697752613,69.32614350189235],[-48.2740898115849,69.32578235285136],[-48.27298838303041,69.325617371867],[-48.27191370290044,69.32563515162906],[-48.27083909621725,69.3256574795275],[-48.26982688514838,69.32605874662433],[-48.27042441146738,69.32642883494638],[-48.269947296195895,69.3268212420343],[-48.2689350376165,69.32722262126774],[-48.26792291546922,69.32762393028733],[-48.26690610476494,69.32802522115237],[-48.266968652147824,69.32840422577173],[-48.267031031152435,69.32878329369684],[-48.266018811771225,69.32918458974196],[-48.266616359990714,69.32955469576004],[-48.26775335356361,69.32991141355996],[-48.26781145118569,69.3302904627179],[-48.268885911098046,69.3302681664279],[-48.26996072500977,69.33024585377218],[-48.271097687038115,69.33060704680359],[-48.2721411642444,69.33039299641125],[-48.27318916720821,69.33018345063981],[-48.27369282706919,69.32998280370836],[-48.27416994117456,69.32959038230653],[-48.27518222270268,69.32918908249975],[-48.274584727513016,69.32881894920631],[-48.27398284280776,69.32845329596283],[-48.273924840704346,69.32807430492258],[-48.27386229599842,69.32769080182882],[-48.27433961033391,69.3273028741236],[-48.27427712208427,69.32692380986965],[-48.27475416782036,69.32653138798179],[-48.27522697752613,69.32614350189235]]],"type":"Polygon"},"id":"000000000000000002a1","properties":{"area":128623.7299882508,"elevation":1342.9985005831063,"region":"CW","year":2018},"type":"Feature"},{"geometry":{"coordinates":[[[-49.275947152935224,68.67173473751666],[-49.27426602001501,68.67120410231871],[-49.273628484384965,68.67065113568339],[-49.27303092578961,68.67028554451102],[-49.27142573749554,68.67013840242672],[-49.269900791539776,68.67037024974722],[-49.268299975516975,68.67022311340878],[-49.266734761329595,68.67026767527028],[-49.2652498318948,68.67068690402354],[-49.263724785937995,68.67091868302839],[-49.262199912868766,68.67115061648187],[-49.26075062169869,68.67176594821852],[-49.26083090118187,68.67214501571435],[-49.25990350333342,68.67274250451146],[-49.26054112627658,68.67329540718681],[-49.26113858339903,68.67366105406829],[-49.26270372901659,68.67362094646883],[-49.26438471291291,68.67414710947526],[-49.265989945788846,68.67429428188264],[-49.267550702113624,68.67424969776499],[-49.2690757251694,68.67401782218883],[-49.27060524608729,68.67378590751876],[-49.27204993647637,68.67317498905226],[-49.27349910298703,68.67256415134986],[-49.274943946274696,68.67194881322519],[-49.275947152935224,68.67173473751666]]],"type":"Polygon"},"id":"0000000000000000026b","properties":{"area":202562.35072201473,"elevation":1083.2423231211612,"region":"CW","year":2018},"type":"Feature"},{"geometry":{"coordinates":[[[-48.44296039175052,69.12411948932883],[-48.43972742993366,69.12393216350127],[-48.43597287647744,69.1238206861912],[-48.432311983870036,69.12427999167595],[-48.429600870811086,69.12452973476245],[-48.42758986634363,69.12476156229839],[-48.424495245770444,69.12539918762214],[-48.42358999531,69.1263713392305],[-48.42122674564891,69.12769567201497],[-48.42177961777298,69.12831550214753],[-48.42255096938585,69.12921623625788],[-48.42314866644673,69.13010356469505],[-48.42382194929721,69.13093299936168],[-48.425694653873606,69.13198975749864],[-48.428459517145775,69.13250256124564],[-48.43228984369908,69.1329930652884],[-48.436004236833426,69.13352815249054],[-48.43866177155071,69.13266754812676],[-48.43734651083489,69.13197640371507],[-48.433400185254165,69.13073233135952],[-48.431076840756525,69.12962199161953],[-48.43145152425321,69.12867665893],[-48.42867792421983,69.12744151837326],[-48.431674405767275,69.12613495348472],[-48.435005299235385,69.1247927913593],[-48.43791277866255,69.1250469734514],[-48.44051687759559,69.12460999362094],[-48.44296039175052,69.12411948932883]]],"type":"Polygon"},"id":"0000000000000000003a","properties":{"area":389021.6426144537,"elevation":1247.2332501494463,"region":"CW","year":2018},"type":"Feature"},{"geometry":{"coordinates":[[[-49.58409346071242,69.80131421293414],[-49.58400861756095,69.80093517194317],[-49.583371161016586,69.80056956059134],[-49.58328195464826,69.8001905396668],[-49.58209575052455,69.79983828842175],[-49.58090952605303,69.79949047922769],[-49.579723505186394,69.79914259589081],[-49.578666782282085,69.79936112325295],[-49.577614361608205,69.79958407438437],[-49.57651298081608,69.79961082180428],[-49.575460719337514,69.79983381048943],[-49.57444832962633,69.80024401869342],[-49.573351425954804,69.80027522683507],[-49.57233917177406,69.80068547352872],[-49.57133150874469,69.80109129517245],[-49.571416265026436,69.80147472955947],[-49.57150528841845,69.80185375749974],[-49.57214302409751,69.80221495781869],[-49.57332902015491,69.80256723779895],[-49.574515105687354,69.80291505688679],[-49.57570122474474,69.80326286655341],[-49.576887515130146,69.80361517150598],[-49.5780334420769,69.80377117739366],[-49.57917514247365,69.80393169906252],[-49.580272030660204,69.80390051221268],[-49.58077588264476,69.80369540385536],[-49.57958984368252,69.80334757035529],[-49.58005355475727,69.80295518487473],[-49.581061214264466,69.80254496817237],[-49.58207338639106,69.80213465967466],[-49.583085545436006,69.8017244620916],[-49.58409346071242,69.80131421293414]]],"type":"Polygon"},"id":"000000000000000000db","properties":{"area":161347.78850119543,"elevation":956.6678681999122,"region":"CW","year":2018},"type":"Feature"},{"geometry":{"coordinates":[[[-50.373251679280735,70.8039119222217],[-50.372043388979954,70.80376026389668],[-50.37089269843138,70.80379594570427],[-50.369688914965025,70.80363988917547],[-50.368538601856564,70.80367553983494],[-50.36744601561875,70.80389846696151],[-50.36640248148595,70.8043131985907],[-50.365251949201166,70.80434888994606],[-50.36420872966555,70.8047635929343],[-50.36316526757475,70.80517823639197],[-50.36206818459183,70.80540121952271],[-50.36086429348711,70.80524961342029],[-50.361551158659516,70.80561080434109],[-50.36165806249551,70.80598983974836],[-50.361189922107016,70.80638666464272],[-50.36072165999164,70.8067790334977],[-50.361979245216816,70.80712241216418],[-50.36318756631745,70.80727855305936],[-50.364338051135874,70.80724282568002],[-50.365376988448574,70.80682809934262],[-50.366420482160294,70.80641344081765],[-50.367463733290805,70.8059987227648],[-50.36850714819013,70.80558404968143],[-50.36965773393375,70.8055483340318],[-50.37069662510636,70.80513814325187],[-50.371793694344674,70.80491069535032],[-50.37231530558986,70.80470560476395],[-50.372783588203504,70.80430873140931],[-50.373251679280735,70.8039119222217]]],"type":"Polygon"},"id":"00000000000000000171","properties":{"area":89613.42446405806,"elevation":852.2117223444687,"region":"CW","year":2018},"type":"Feature"},{"geometry":{"coordinates":[[[-49.60905545340828,69.34227657768892],[-49.60901542806849,69.34208925073526],[-49.60843114747626,69.34191086910396],[-49.60785149679215,69.34173701930878],[-49.60727183175036,69.34156304935829],[-49.60669219706958,69.34138919499227],[-49.60611238119826,69.34121528519916],[-49.605577335475296,69.34123305229139],[-49.60508252309826,69.34143374914241],[-49.6045874609819,69.34163884024248],[-49.60405242627292,69.34165671943745],[-49.60347262122482,69.34148279887562],[-49.602937451767126,69.34149617164962],[-49.60244255829851,69.34170130836944],[-49.60194765625849,69.34190644339071],[-49.60141247574188,69.34191981039427],[-49.60083287081216,69.34174593221354],[-49.60029334480375,69.34176376511363],[-49.600337764216654,69.34195100843856],[-49.60038250981546,69.34214280719021],[-49.60042263578524,69.34233007158555],[-49.600467193675655,69.34252181726639],[-49.60051197209129,69.34270904917027],[-49.60109143134434,69.34288299369582],[-49.6011361625412,69.343074674616],[-49.601176129250405,69.34326200379068],[-49.60175577309128,69.34343588109456],[-49.60180034382871,69.3436276267002],[-49.6018451045296,69.34381942549275],[-49.60242476623429,69.34399330027937],[-49.60300443594173,69.34416717278053],[-49.60358411365198,69.34434104299623],[-49.60416382171116,69.34451502879725],[-49.60469891928123,69.34449714937524],[-49.60523844823444,69.34448374905311],[-49.60577351413381,69.34447043256657],[-49.60626843328454,69.34426528360206],[-49.60676353307615,69.34406018608017],[-49.60729861720821,69.34404229684401],[-49.607833671057755,69.344028972574],[-49.60779353640222,69.34383726047565],[-49.607213820944025,69.34366328958187],[-49.607169345106875,69.34347604773235],[-49.60712473248386,69.3432843036736],[-49.60708006893018,69.34309700875839],[-49.60757494873451,69.34289185547259],[-49.60807000917246,69.34268675362775],[-49.608565061036785,69.34248165008324],[-49.60905545340828,69.34227657768892]]],"type":"Polygon"},"id":"0000000000000000008a","properties":{"area":81355.64546961703,"elevation":691.8888016060052,"region":"CW","year":2018},"type":"Feature"},{"geometry":{"coordinates":[[[-50.29550287949777,71.84479981968383],[-50.29478052438118,71.84443861463863],[-50.29345605624813,71.84409526240901],[-50.29212723603497,71.84375192593384],[-50.291409394289005,71.84339079719048],[-50.291904370833876,71.84299386584124],[-50.29178844524574,71.84261483591584],[-50.2922835324999,71.84222247422855],[-50.29217181409196,71.84184348330001],[-50.29206028366687,71.84146442670377],[-50.293161679405344,71.84104973080011],[-50.29365678278467,71.84065284541921],[-50.29238588571555,71.84049680565177],[-50.291226405299476,71.84072421426727],[-50.28990222338255,71.84038083307311],[-50.28863136484049,71.84022476380677],[-50.28736052318711,71.84006868456419],[-50.286201218556705,71.84029610930014],[-50.285099746047685,71.84071087527369],[-50.28521122780746,71.84108541760011],[-50.28532281842674,71.84146441303743],[-50.285438622386096,71.84184344742945],[-50.28494373105811,71.84224029333667],[-50.28505514023039,71.8426193541512],[-50.2857730655089,71.84298056326227],[-50.285884677591255,71.84335955788255],[-50.2866070350367,71.84372073685383],[-50.28671848263991,71.8440997962716],[-50.28682990526898,71.84447873764728],[-50.2880472163465,71.8444430591633],[-50.28937162712149,71.84478645554161],[-50.29064236752058,71.84494253272074],[-50.29191341547944,71.84509413353625],[-50.293130668841314,71.84506293550236],[-50.29434360071647,71.84502723609982],[-50.29550287949777,71.84479981968383]]],"type":"Polygon"},"id":"0000000000000000019c","properties":{"area":121461.95235084364,"elevation":1414.9535705868495,"region":"CW","year":2018},"type":"Feature"},{"geometry":{"coordinates":[[[-49.15155166363054,69.22922049455511],[-49.15143579920408,69.22865415820166],[-49.15078471306615,69.22809677597623],[-49.15013370844869,69.22754389279778],[-49.15001766702735,69.22697311954383],[-49.148836180424716,69.22643354606447],[-49.14871571137193,69.22586272651104],[-49.14753413935558,69.22532320753113],[-49.14688287672323,69.22476582120122],[-49.146232049563224,69.22421292345487],[-49.14562122024249,69.22384725979383],[-49.144020207513506,69.22388743025331],[-49.14241935438271,69.22392751840853],[-49.140930214902134,69.224538426769],[-49.13944527577855,69.22514931257452],[-49.13952108549858,69.22552835195351],[-49.139636874446666,69.22609913163963],[-49.13922226153941,69.22667874006484],[-49.13986877484109,69.22723618033716],[-49.140519899541225,69.22778909914767],[-49.141170916496286,69.22834646325587],[-49.142887538310795,69.22887267871077],[-49.14460886379723,69.2293988562905],[-49.14632549257802,69.22992947916472],[-49.14804679449302,69.23045568048077],[-49.14964770299197,69.23041554029572],[-49.15113252059601,69.22980460711929],[-49.15155166363054,69.22922049455511]]],"type":"Polygon"},"id":"0000000000000000005e","properties":{"area":230431.91202846903,"elevation":833.6558061300772,"region":"CW","year":2018},"type":"Feature"},{"geometry":{"coordinates":[[[-48.360605257244536,68.63638750262683],[-48.35846040426871,68.63605298330666],[-48.35634673807268,68.63590588376637],[-48.35425990486729,68.6359504493689],[-48.35223999600194,68.63637403285354],[-48.35021550583349,68.63679769681377],[-48.3481911098477,68.63722126800512],[-48.34622905045648,68.63802840589521],[-48.34629154203374,68.63840738830623],[-48.34485124803294,68.63920114961083],[-48.343406501214076,68.63999482549602],[-48.34300965521865,68.64076631430115],[-48.343129867082204,68.64152434110433],[-48.34272862845731,68.64229575998503],[-48.34432505020127,68.64245182484015],[-48.346438674613644,68.6425989480198],[-48.34855668147714,68.64274611006843],[-48.35060789002271,68.64250980616018],[-48.35156217989107,68.6419166951913],[-48.35039389818456,68.64118096604979],[-48.34923014197712,68.64044080312122],[-48.34858792217729,68.63969165344967],[-48.35002830274849,68.63889790676062],[-48.351990220740014,68.63809532739349],[-48.353952176468304,68.63729265779726],[-48.35603912227852,68.63724809709079],[-48.35809032838732,68.63701172897999],[-48.36017723658116,68.63696710553823],[-48.360605257244536,68.63638750262683]]],"type":"Polygon"},"id":"000000000000000001e8","properties":{"area":206220.3615702911,"elevation":1394.074309265221,"region":"CW","year":2018},"type":"Feature"},{"geometry":{"coordinates":[[[-49.89069667076825,68.73439851262873],[-49.89042472036884,68.73326145244275],[-49.887156279933485,68.73278873720554],[-49.884021348415125,68.73288684791734],[-49.88075291538151,68.73241416544768],[-49.87766276058483,68.7327039816434],[-49.874617285808604,68.73318113515055],[-49.871527158483346,68.73346653958882],[-49.86843678741737,68.73375193992737],[-49.86539134651748,68.73422899562327],[-49.86243493562002,68.73508519768994],[-49.85938940490733,68.73556229183254],[-49.859478659949666,68.73594132486822],[-49.860789405074286,68.73704719799841],[-49.863148345461504,68.7381173704644],[-49.864981160014736,68.73920988593244],[-49.866202942218585,68.73993668333891],[-49.86960534416265,68.7409756611867],[-49.87196399125115,68.74205029437717],[-49.87510326698611,68.74195223196614],[-49.87819353189465,68.7416668374345],[-49.881239099144416,68.74118969178653],[-49.884150781069245,68.74014626156244],[-49.887062586001335,68.73909843142964],[-49.88888630282083,68.73789446631852],[-49.889662196942936,68.73672613121977],[-49.89044258265771,68.73555342415786],[-49.89069667076825,68.73439851262873]]],"type":"Polygon"},"id":"0000000000000000002e","properties":{"area":930506.5095245835,"elevation":749.2227703912532,"region":"CW","year":2018},"type":"Feature"},{"geometry":{"coordinates":[[[-49.52446181681118,69.74126352116193],[-49.52382866160684,69.74090231125581],[-49.523739446056645,69.7405188113741],[-49.52310615177212,69.74015766336501],[-49.52247311189681,69.73979199702076],[-49.52129152950278,69.73944418704025],[-49.52010968436383,69.73909192791548],[-49.52002066252752,69.73871293115334],[-49.51883880516205,69.73836511327161],[-49.51774639094985,69.7383918213255],[-49.51664936975069,69.73842305507958],[-49.51559712954141,69.73864157548135],[-49.51458938780946,69.73905178135786],[-49.51467415026284,69.73943085267678],[-49.51421487260842,69.73982767340678],[-49.51429944015012,69.74020669193781],[-49.51548113701967,69.74055449431897],[-49.51657819265043,69.74052772086706],[-49.5177597663281,69.74087556961902],[-49.518941543168346,69.74122334435445],[-49.520123117481646,69.74157562549786],[-49.521304791311955,69.74192344613526],[-49.5213940396922,69.74230249680024],[-49.52093026392318,69.74269930526451],[-49.520470928643874,69.74309176084445],[-49.520555608935766,69.74347077745622],[-49.52160801017924,69.74325222061144],[-49.522071719132995,69.74285986089218],[-49.522530918570276,69.74246301371502],[-49.522990399354676,69.74207060496833],[-49.52345412788751,69.74167378998438],[-49.52446181681118,69.74126352116193]]],"type":"Polygon"},"id":"000000000000000000d2","properties":{"area":100444.67960214983,"elevation":1045.7624857305939,"region":"CW","year":2018},"type":"Feature"},{"geometry":{"coordinates":[[[-49.347431145744466,69.57232152545414],[-49.34555366316483,69.5712290826991],[-49.34204890857988,69.57017670919718],[-49.33962751826863,69.5690976293421],[-49.339921881374444,69.56794267711525],[-49.33967674229287,69.56680563457536],[-49.34268661576796,69.56557935542861],[-49.34469318780223,69.56476337747536],[-49.34390401423773,69.56363966317502],[-49.34148266541576,69.56256058260621],[-49.338432515924815,69.56359506592864],[-49.33505269212952,69.56310906605918],[-49.33183320380374,69.56338549629676],[-49.33153885647322,69.56454041350159],[-49.331244584514586,69.56569088156661],[-49.33094565746758,69.56684575969645],[-49.33227917124865,69.56795607319614],[-49.33144074451776,69.56911988079683],[-49.33277405114008,69.57023020417189],[-49.334107312091604,69.5713405815371],[-49.33489663925364,69.57246423027493],[-49.33556105144966,69.57302161700757],[-49.338985445091524,69.57369047364016],[-49.3421649668783,69.57322675940311],[-49.34533965869634,69.57276299868371],[-49.347431145744466,69.57232152545414]]],"type":"Polygon"},"id":"000000000000000000ac","properties":{"area":472226.34437397105,"elevation":1146.5656212801384,"region":"CW","year":2018},"type":"Feature"},{"geometry":{"coordinates":[[[-49.20828037017701,69.9393367741423],[-49.205868058141775,69.93844496547919],[-49.20220705910985,69.93949283206138],[-49.19850611428217,69.94034900627048],[-49.19484059699698,69.94139247024457],[-49.19125990993487,69.94281489946741],[-49.1908721285976,69.94359074107957],[-49.18894563096219,69.94497306853464],[-49.188673708414896,69.94631086431029],[-49.188958951037634,69.94763963230486],[-49.19034587751784,69.94893724153704],[-49.19173259200354,69.9502348501776],[-49.195883996534384,69.95146552516928],[-49.198849394205006,69.95234397043247],[-49.20300082917492,69.95357470554579],[-49.205685048010004,69.95312430862528],[-49.20539976060902,69.95179998312993],[-49.201328727740965,69.95094828524189],[-49.197257436810155,69.9500965505868],[-49.193106082899945,69.94887036824545],[-49.19171931152994,69.94756826889618],[-49.190885294987304,69.94625731273968],[-49.192811777585455,69.94487495813394],[-49.193632197336306,69.94351939380002],[-49.19721303179911,69.94209695920142],[-49.20087372613811,69.94104906691433],[-49.20453911627814,69.94000562256703],[-49.20828037017701,69.9393367741423]]],"type":"Polygon"},"id":"000000000000000000dc","properties":{"area":280037.3991304336,"elevation":1173.9106579997128,"region":"CW","year":2018},"type":"Feature"},{"geometry":{"coordinates":[[[-48.61725765354334,68.42176643997422],[-48.61361903176896,68.42165945949108],[-48.61000737550543,68.42174416721896],[-48.60646218294728,68.42220793619843],[-48.60295294980815,68.4228589586342],[-48.599537304481004,68.42408076765848],[-48.59911817037195,68.42466490885673],[-48.5977981914793,68.42602931112883],[-48.59854280086658,68.42734477125818],[-48.599283001438465,68.42866023165683],[-48.5989977719216,68.43000238381423],[-48.596126053968085,68.43140263100916],[-48.59687072701869,68.43271799776205],[-48.59967549974422,68.43398881093474],[-48.60248476254583,68.43525520266125],[-48.606194746378954,68.43574128548723],[-48.60709546313707,68.43496089822924],[-48.60532080237942,68.433667805591],[-48.60302883281182,68.4323835961835],[-48.605378640613374,68.43099683287835],[-48.604638399458224,68.42968138853763],[-48.6033766859113,68.4283748391787],[-48.60314922946869,68.42704600606164],[-48.602408880234904,68.42573057061779],[-48.603728934321154,68.42436611466165],[-48.6071087005148,68.42295258683677],[-48.61058692997464,68.42210983579915],[-48.61422991942635,68.42221684214076],[-48.61725765354334,68.42176643997422]]],"type":"Polygon"},"id":"000000000000000001d3","properties":{"area":371745.3524538426,"elevation":1361.0666747264697,"region":"CW","year":2018},"type":"Feature"},{"geometry":{"coordinates":[[[-49.542102100789904,69.49374772337642],[-49.54034958936508,69.49322604708547],[-49.539136653810736,69.49268645733451],[-49.540090966445206,69.49208892742824],[-49.53942210541794,69.49153159480042],[-49.53875318958866,69.49097859154438],[-49.53862390567652,69.49041231580746],[-49.53849469198521,69.48984159050138],[-49.53782567718703,69.48928864901482],[-49.53615790128572,69.4891414760993],[-49.53449478036919,69.4889988213432],[-49.53278698056907,69.48866435639455],[-49.53116395223053,69.48870891664129],[-49.5295407470559,69.48875352311988],[-49.529625451610144,69.4891325693641],[-49.52921523701564,69.48971664429031],[-49.52934461162228,69.49028748349166],[-49.52947386794926,69.49085381987746],[-49.529598721504165,69.49142450729565],[-49.5291884914314,69.49200870155981],[-49.53094102803996,69.4925303829509],[-49.53160972727192,69.49308775518311],[-49.53227871253027,69.49364072817026],[-49.53403107224492,69.49416238496782],[-49.535783463166965,69.49468858878222],[-49.53740219709066,69.49464400784986],[-49.539025244685064,69.49459938957135],[-49.540692949346926,69.49474215787565],[-49.5411477127461,69.49434971775645],[-49.542102100789904,69.49374772337642]]],"type":"Polygon"},"id":"000000000000000000af","properties":{"area":226795.90552708498,"elevation":1033.7521058392417,"region":"CW","year":2018},"type":"Feature"},{"geometry":{"coordinates":[[[-48.67330411921596,68.67495424688298],[-48.672091230517324,68.6740311779246],[-48.66983508969874,68.67313042983595],[-48.6672264311419,68.67318838625772],[-48.6647516379702,68.67401335461017],[-48.66197803566923,68.67312153436421],[-48.65933384678764,68.67299223029703],[-48.656560331982455,68.67210486447847],[-48.65384920545083,68.67159651567098],[-48.65110679622071,68.67089645747004],[-48.64853372133542,68.67114614244505],[-48.645987605971335,68.67158761159246],[-48.64321425470763,68.67069579378015],[-48.640538713466455,68.67037921497698],[-48.64067244525428,68.67113722620272],[-48.64083751251427,68.67208701576601],[-48.642572103911256,68.67300112360059],[-48.64534556998202,68.67388852569252],[-48.64795433303269,68.67383051165045],[-48.6506296433842,68.67414708669169],[-48.65327391228324,68.67427644016615],[-48.65598056492821,68.67478924855915],[-48.65869172998148,68.67529756920904],[-48.661398302283146,68.67580590330397],[-48.664078141748114,68.67612695989851],[-48.66682067415589,68.67682259148158],[-48.669594338752226,68.67771439562438],[-48.669982124045475,68.67693856430148],[-48.67242571589659,68.67593071012162],[-48.67330411921596,68.67495424688298]]],"type":"Polygon"},"id":"00000000000000000211","properties":{"area":417470.4880570321,"elevation":1320.3171395258444,"region":"CW","year":2018},"type":"Feature"},{"geometry":{"coordinates":[[[-48.597918570031666,68.29038348724059],[-48.59580490660121,68.29004908901051],[-48.59362447111164,68.28934006430643],[-48.59144834529353,68.28862663953832],[-48.589267982846444,68.28791761141571],[-48.58760475900925,68.2871952619365],[-48.58696256186223,68.28644608005231],[-48.58632498931622,68.28570144405685],[-48.586708507623975,68.28493004905653],[-48.58657916375146,68.2841719493207],[-48.5874754597271,68.2833871418192],[-48.58539305553935,68.28324450947248],[-48.5834086269947,68.2836725359615],[-48.58148676066701,68.28447966695272],[-48.58161611825043,68.28523770813905],[-48.580719915976005,68.2860224703362],[-48.58136197821899,68.28676718713838],[-48.58199954283252,68.28751627763054],[-48.582128933639126,68.28827432360994],[-48.58328378393328,68.28901007846653],[-48.58494701144442,68.28973248379553],[-48.58706074375533,68.29006249350343],[-48.58917429301199,68.29039690966226],[-48.5913236933858,68.29091858682158],[-48.59337033641629,68.29086960034253],[-48.59545272749083,68.29101225101562],[-48.59750382619999,68.29096320191121],[-48.597918570031666,68.29038348724059]]],"type":"Polygon"},"id":"000000000000000001be","properties":{"area":240971.46462862936,"elevation":1369.2169122068563,"region":"CW","year":2018},"type":"Feature"},{"geometry":{"coordinates":[[[-49.05942218224335,70.34986391713056],[-49.05813358360114,70.34913258853898],[-49.05572126610148,70.34842809996542],[-49.05556058640615,70.34767008812925],[-49.054271858543494,70.34693873805246],[-49.05185517997976,70.3462297503664],[-49.04944279922614,70.34552523728884],[-49.050972196317844,70.34472704197258],[-49.05033004214985,70.34436141179577],[-49.04811408694204,70.34460217222535],[-49.045777300938695,70.34427668277362],[-49.043601397560906,70.34470922265353],[-49.04142525291119,70.34514618316095],[-49.04150553600696,70.34552519023666],[-49.03940969998646,70.34633679368498],[-49.03844215101853,70.3471215881497],[-49.038036375412574,70.34789744153534],[-49.03875869310465,70.3486421341533],[-49.03948554224147,70.34938682034593],[-49.03964159753182,70.35014484169093],[-49.04205849688629,70.3508538469037],[-49.04443522245805,70.35136664145992],[-49.04669137928538,70.35131311606142],[-49.04898785530101,70.35145133913859],[-49.051284332185375,70.3515851384401],[-49.05346036890128,70.35115261470062],[-49.05559612854431,70.35052833200209],[-49.05789277804698,70.35066658976108],[-49.05942218224335,70.34986391713056]]],"type":"Polygon"},"id":"00000000000000000109","properties":{"area":432044.7757184803,"elevation":1488.5268413430765,"region":"CW","year":2018},"type":"Feature"}]}