{"type":"FeatureCollection","features":[{"geometry":{"coordinates":[[[-54.38934999058011,73.15247577897019],[-54.389243009729356,73.15228857876053],[-54.38848930246699,73.15213249527221],[-54.388382294338946,73.15194074194352],[-54.38827527012433,73.15175342423586],[-54.38752182639593,73.15159738350117],[-54.38687516567512,73.15162861125387],[-54.38622868249107,73.15165976673075],[-54.385582016069606,73.15169098965023],[-54.384935582967834,73.15172225708164],[-54.384288910842834,73.15175347516801],[-54.38374939718498,73.15197194124333],[-54.38320987111256,73.1521904054768],[-54.38256317868989,73.1522216170086],[-54.381916719588375,73.15225287305624],[-54.38137716365592,73.15247133131084],[-54.38083741488917,73.15268985757636],[-54.380298070298146,73.15290835908132],[-54.3797584771161,73.15312681180971],[-54.37986542998459,73.15331413377686],[-54.37997256546092,73.15350138577091],[-54.380079522687325,73.15368870749555],[-54.38018666252426,73.1538759592469],[-54.380293624108866,73.15406328072902],[-54.3810426031252,73.15421930090928],[-54.381796343361394,73.15437541613024],[-54.38244287277451,73.15434416110692],[-54.38308945510948,73.15431302045438],[-54.383735978820305,73.1542817605997],[-54.38438271671792,73.15425498097657],[-54.38513624410193,73.154411034978],[-54.38578282106439,73.15437988431518],[-54.386322137993055,73.15416136631787],[-54.38686185911636,73.15394282354728],[-54.38750841578472,73.15391166633235],[-54.38815491380299,73.15388038991657],[-54.388047935358635,73.15369318951029],[-54.38794090329113,73.15350587219767],[-54.38848040675382,73.15328739376025],[-54.38902007819072,73.15306884361962],[-54.38891755453577,73.15288157775282],[-54.388810339007414,73.15269433051436],[-54.38934999058011,73.15247577897019]]],"type":"Polygon"},"id":"00000000000000000077","properties":{"area":67102.06989334896,"elevation":754.3559151726694,"region":"NW","year":2018},"type":"Feature"},{"geometry":{"coordinates":[[[-53.10392043870927,72.9558116573107],[-53.09997861013591,72.9557848782307],[-53.09428898372737,72.95621295086002],[-53.08832706353,72.95607472577728],[-53.08218226819623,72.95556634917854],[-53.07576582720834,72.9544872812542],[-53.069166229185946,72.95303359295534],[-53.06898798810446,72.95131235890275],[-53.07202017381759,72.94945293943739],[-53.0772505519014,72.94808401085731],[-53.083212490214684,72.94822225503209],[-53.088986832941394,72.94798143593475],[-53.09137255793634,72.94749544141943],[-53.08523254483821,72.94698259861681],[-53.07963621210673,72.94760238123246],[-53.07386168880075,72.94784318884524],[-53.06853758327793,72.94902490009791],[-53.06743174171349,72.95079958025913],[-53.06632594272526,72.952574295441],[-53.066499729722175,72.95429549075186],[-53.06924644254056,72.95590972833104],[-53.074749204447876,72.95644927082107],[-53.08089374917076,72.95696211295754],[-53.086766354643025,72.95690857895863],[-53.09272806798044,72.95704676203576],[-53.098596315927146,72.95699332492576],[-53.10392043870927,72.9558116573107]]],"type":"Polygon"},"id":"00000000000000000045","properties":{"area":308941.20076721907,"elevation":1251.0797813263564,"region":"NW","year":2018},"type":"Feature"},{"geometry":{"coordinates":[[[-55.106270794888616,74.31768798110929],[-55.10402349807226,74.31644383263959],[-55.10246732595275,74.31516416391922],[-55.10021542980672,74.31392007016865],[-55.099354818316634,74.31260901720836],[-55.09779862215184,74.31132927757757],[-55.09270642410959,74.31119105872688],[-55.08822494355283,74.311984771809],[-55.08374789530842,74.31277852439918],[-55.079271097860094,74.31357668130568],[-55.07454429299864,74.31399584018416],[-55.07006755580575,74.31478952970427],[-55.06583137504882,74.31595785519971],[-55.06184499348709,74.3175051601906],[-55.062335334580006,74.31825431339682],[-55.06181369657406,74.31963210385402],[-55.06197848545426,74.32097432604269],[-55.06353484949364,74.3222541025173],[-55.06761505869045,74.3230255033043],[-55.07271182349235,74.32316818881463],[-55.0778085105744,74.32330642858793],[-55.08253516090461,74.32288728923169],[-55.0875069288786,74.32284271103894],[-55.092113299156125,74.32223175225157],[-55.09634503093178,74.32106349108358],[-55.100826342098856,74.32026978461933],[-55.10505801481027,74.31909700298249],[-55.106270794888616,74.31768798110929]]],"type":"Polygon"},"id":"000000000000000000f8","properties":{"area":1239372.334929645,"elevation":975.1507598008656,"region":"NW","year":2018},"type":"Feature"},{"geometry":{"coordinates":[[[-55.597418489938036,74.42618239112116],[-55.595897984721965,74.42606642227004],[-55.59476550509196,74.42650784500377],[-55.59337430595131,74.42657921676671],[-55.591853593163954,74.42646328621947],[-55.59046251881423,74.42653018847636],[-55.58907128884851,74.42660152838133],[-55.587813767684956,74.42685570682183],[-55.58655168640098,74.42711427669752],[-55.58503120681091,74.42699833661669],[-55.583898702210455,74.42743985210724],[-55.58250735770163,74.4275111427875],[-55.581115954065,74.42757804596062],[-55.58137932161411,74.42795261887593],[-55.58024651735085,74.42839855811826],[-55.57911398670274,74.42883997085929],[-55.57798151028588,74.42928586905276],[-55.57894000897337,74.42962476141432],[-55.58046069190707,74.42974075080788],[-55.58198113434371,74.42985668274592],[-55.583631034408754,74.4301598977752],[-55.58515152345147,74.43027580437202],[-55.586413448866615,74.43002165060302],[-55.58767547737752,74.4297630400275],[-55.589066563745206,74.42969611538328],[-55.59045803249731,74.429624777728],[-55.59159056165192,74.42918334178663],[-55.592718793978285,74.42873740253586],[-55.59385120846844,74.42829595109656],[-55.59359284753256,74.42792139079481],[-55.59472076171376,74.42747550780791],[-55.59585348884592,74.42703401625651],[-55.596981543667766,74.42658816307538],[-55.597418489938036,74.42618239112116]]],"type":"Polygon"},"id":"0000000000000000012b","properties":{"area":134743.6214077473,"elevation":490.285847003238,"region":"NW","year":2018},"type":"Feature"},{"geometry":{"coordinates":[[[-55.361549976936466,74.41896305588058],[-55.36129574334248,74.41858848325866],[-55.36034608836582,74.41824962856562],[-55.35870053166323,74.41794639044771],[-55.357309356748,74.41801326929037],[-55.35579330329924,74.41789287419691],[-55.354402169013106,74.4179642246625],[-55.352881563335636,74.41784382373903],[-55.35149017033669,74.4179107301251],[-55.34997420145154,74.41779478159185],[-55.3488372001272,74.41823623039386],[-55.34757078845699,74.41849042050582],[-55.346054595471955,74.41837451106143],[-55.344917453766975,74.41881593459358],[-55.34377594194407,74.41925741311931],[-55.34263894029785,74.41969886660415],[-55.34358856190519,74.42003773682563],[-55.34497991486455,74.41997084482888],[-55.34637125369503,74.41990394248303],[-55.34789170212423,74.42001985731207],[-55.34928283745305,74.41995300399788],[-55.35054932181002,74.41969880402233],[-55.35206545450057,74.41981474827621],[-55.3534568020977,74.41974790950847],[-55.35497731726592,74.4198682605283],[-55.35636859441953,74.41979690714466],[-55.35763044904194,74.41954279243234],[-55.35902173978471,74.41947591226884],[-55.36015879875799,74.419034448226],[-55.361549976936466,74.41896305588058]]],"type":"Polygon"},"id":"00000000000000000124","properties":{"area":93216.0790722445,"elevation":708.6636538461541,"region":"NW","year":2018},"type":"Feature"},{"geometry":{"coordinates":[[[-55.648698156295985,75.11374452800645],[-55.64842611908558,75.11336998893952],[-55.64651765061207,75.11385152359229],[-55.64419914015306,75.11376684199065],[-55.64188481436625,75.1136865732122],[-55.63929391119575,75.11323174995597],[-55.63670313382587,75.11277689275975],[-55.636293118708195,75.11221507111277],[-55.635155972478145,75.111688909493],[-55.63475020611025,75.11113152295073],[-55.63579353171099,75.1104983082693],[-55.63538348959762,75.10994091823032],[-55.63320305588149,75.11004347422141],[-55.63129434139708,75.11052505371309],[-55.629390381662404,75.1110021526145],[-55.62966223580726,75.11137676361915],[-55.628618934910605,75.1120054338268],[-55.629751628460866,75.11253162888165],[-55.63161545073338,75.11302219920763],[-55.632752322494106,75.11354833333031],[-55.63461652798411,75.11403880402315],[-55.635748924453665,75.11456050526336],[-55.63833983874784,75.11501981110044],[-55.640520046184285,75.11491281718438],[-55.642700677795354,75.11480577350096],[-55.64501959492684,75.11489051833436],[-55.64692795800332,75.11440895581569],[-55.648698156295985,75.11374452800645]]],"type":"Polygon"},"id":"00000000000000000175","properties":{"area":114990.20474238697,"elevation":1114.2873208379272,"region":"NW","year":2018},"type":"Feature"},{"geometry":{"coordinates":[[[-61.470424701071934,76.35872111862945],[-61.46819517938834,76.35827958148762],[-61.46588103944776,76.35844462806837],[-61.46424436933786,76.35915358856725],[-61.46170262570387,76.35913130175551],[-61.45961161759162,76.35947464653921],[-61.45706542946474,76.35945234899337],[-61.45520577163584,76.35997856784887],[-61.45220480381901,76.35959503304153],[-61.44919941765772,76.35921157624101],[-61.446198525148304,76.35882362785065],[-61.44474482917679,76.35833309958308],[-61.44242603586775,76.3584936444743],[-61.443652310201806,76.35880136330184],[-61.445110385495745,76.3592962618229],[-61.44811135487901,76.3596798173413],[-61.45111245037506,76.36006773932168],[-61.45411785975834,76.36045124526348],[-61.45711873239599,76.36083912373192],[-61.45966484948645,76.36085697759682],[-61.46198364551172,76.36069644149737],[-61.46452983344708,76.36071875875824],[-61.466616503153546,76.36037541324208],[-61.46847617562927,76.35984924594197],[-61.47034007858146,76.35932301669337],[-61.470424701071934,76.35872111862945]]],"type":"Polygon"},"id":"0000000000000000020f","properties":{"area":85431.46169596916,"elevation":569.1865665415103,"region":"NW","year":2018},"type":"Feature"},{"geometry":{"coordinates":[[[-54.621428425372805,73.37118582586437],[-54.62131683502429,73.37099852842134],[-54.62120538916636,73.37080672670447],[-54.62109404281024,73.37061947560393],[-54.620326875803656,73.37046787735657],[-54.619564425556746,73.3703118171071],[-54.619453098074,73.37012456489211],[-54.61934153353762,73.3699372659347],[-54.618574548198204,73.36978115596112],[-54.61846323363317,73.36959390298912],[-54.61835168202282,73.36940660327342],[-54.618244695589496,73.36921934890682],[-54.618133110032744,73.36902761483724],[-54.618021565309284,73.3688403147264],[-54.61791002288596,73.36865301448357],[-54.61779872209033,73.36846576072148],[-54.6176871842645,73.36827846021478],[-54.61692483971814,73.3681223885146],[-54.616269321767376,73.36815807366204],[-54.61561376266616,73.36818932225809],[-54.61495838205981,73.36822049834592],[-54.61430281707283,73.36825174203885],[-54.61365175395364,73.36828291220517],[-54.61299618309418,73.36831415101106],[-54.61234079074197,73.36834531731142],[-54.61179669539514,73.36856385510592],[-54.61190817909078,73.36875115886582],[-54.61201970218002,73.36894289657937],[-54.611475768015104,73.36916136291946],[-54.611587252610235,73.36934866664396],[-54.61169850017524,73.36953592361562],[-54.61180566566065,73.3697232280489],[-54.61257254584771,73.36987925042976],[-54.613339495317526,73.3700353861771],[-54.61410207453103,73.37019140297281],[-54.614869190478515,73.37034302799317],[-54.615635934633396,73.3704991072221],[-54.616398366321405,73.37065518422962],[-54.617165554076564,73.37081123342213],[-54.617932332432765,73.3709673027521],[-54.61869936156122,73.3711234153882],[-54.61946183874854,73.3712794792643],[-54.62022883275493,73.37143546863435],[-54.620884307173604,73.37140427382634],[-54.621428425372805,73.37118582586437]]],"type":"Polygon"},"id":"00000000000000000091","properties":{"area":59103.14765438813,"elevation":847.2090947217063,"region":"NW","year":2018},"type":"Feature"},{"geometry":{"coordinates":[[[-57.469906677160964,75.38197729264814],[-57.46663793878717,75.38176770826371],[-57.463048492006905,75.3811880440213],[-57.45945456162637,75.38061277475417],[-57.45619019181763,75.38040324579237],[-57.45324732453687,75.38056822806767],[-57.4499789318618,75.38035867832804],[-57.4470403934645,75.38052364841859],[-57.44458354510405,75.38124598863183],[-57.44196589825661,75.38178106415688],[-57.442617080357955,75.38252128849591],[-57.442527790776445,75.38330610931907],[-57.44391454269015,75.38401060524298],[-57.44456110357475,75.3847508836218],[-57.44594787252708,75.3854554351538],[-57.44880623869747,75.38607522097944],[-57.451659998125926,75.38669503220609],[-57.455253957975536,75.3872702621997],[-57.4585223502082,75.38747981898881],[-57.4621166552831,75.38805950724293],[-57.464573514060426,75.38733716256559],[-57.465719666707535,75.38688230356102],[-57.465804260450994,75.38609752652759],[-57.46515331746958,75.38535729105799],[-57.46229486834081,75.3847374719667],[-57.46458708652796,75.38383226822698],[-57.46687895282909,75.38292264120322],[-57.469086036406445,75.38280224039248],[-57.469906677160964,75.38197729264814]]],"type":"Polygon"},"id":"0000000000000000026f","properties":{"area":424274.2037045958,"elevation":599.5397464414691,"region":"NW","year":2018},"type":"Feature"},{"geometry":{"coordinates":[[[-52.78716818843291,72.61526115167702],[-52.78699442106011,72.61488661217402],[-52.78501894082932,72.61477509266481],[-52.78312828026804,72.61485091749705],[-52.7812376272142,72.61493113763115],[-52.77926220099081,72.61481966805242],[-52.77728701690696,72.61470822448976],[-52.775311440030976,72.61459677699106],[-52.77351002819848,72.61485988875872],[-52.77153462707605,72.61474832880018],[-52.769559286336936,72.61463686307526],[-52.76758396114782,72.61452537428363],[-52.76586274939284,72.61498021929539],[-52.764061222231895,72.61524776286404],[-52.762429245223615,72.61588990347747],[-52.76268779052027,72.61645175421928],[-52.76440446535591,72.61600140399648],[-52.766295246013534,72.61592113929557],[-52.76827047827995,72.61603259460333],[-52.77041550549028,72.61652305259612],[-52.77239085119835,72.61663457723803],[-52.77454017643913,72.61712061000206],[-52.7766894165179,72.61760668378854],[-52.77874946224732,72.6179098716068],[-52.780470638381814,72.61745501388108],[-52.78218737792158,72.61700016289332],[-52.78381948846742,72.61635809340932],[-52.78544691109662,72.61571598300772],[-52.78716818843291,72.61526115167702]]],"type":"Polygon"},"id":"00000000000000000010","properties":{"area":166284.36924415096,"elevation":1405.1671651495453,"region":"NW","year":2018},"type":"Feature"},{"geometry":{"coordinates":[[[-54.70597748892764,73.8129757104295],[-54.69878501115687,73.81139270411647],[-54.68947875732552,73.81087104321847],[-54.680747763920905,73.8112856511956],[-54.67210172484328,73.80957785265],[-54.6700859875682,73.8096714775976],[-54.662612509881995,73.81214631235824],[-54.65491178194052,73.8142509679268],[-54.646863110147606,73.81578493893565],[-54.63812772898631,73.81619958972013],[-54.62869670513157,73.81433570578103],[-54.626672236369224,73.81327449024381],[-54.627126964510154,73.81402358861017],[-54.627265362963456,73.81652070495976],[-54.632776733315744,73.8187680302558],[-54.62955733689052,73.82142571464117],[-54.63507315838819,73.82367304562413],[-54.64260457492074,73.8258223778081],[-54.65080056333564,73.82678105398229],[-54.65988370646793,73.82692822988578],[-54.66873941623187,73.82670079934351],[-54.67702008572314,73.82553696061093],[-54.684841321504194,73.82362401926369],[-54.69300580351107,73.82226847543684],[-54.70082265514682,73.82035553371928],[-54.70291856033396,73.8181348950961],[-54.704109074624576,73.81557091580112],[-54.70597748892764,73.8129757104295]]],"type":"Polygon"},"id":"000000000000000000c4","properties":{"area":1586325.691472293,"elevation":1025.1367528586966,"region":"NW","year":2018},"type":"Feature"},{"geometry":{"coordinates":[[[-55.046657157625134,74.27359632640972],[-55.04584117754791,74.27344029662778],[-55.0443385021274,74.27331994510165],[-55.04295603291477,74.27338682673735],[-55.041573990479414,74.27345367378656],[-55.04031625778103,74.27370788756754],[-55.03905458212055,74.2739620079621],[-55.037551700318105,74.27384167226847],[-55.03616940085673,74.27390854914827],[-55.03491198917538,74.27416270125013],[-55.03365003335737,74.27441235979767],[-55.03251270628623,74.27485386090464],[-55.031130550474856,74.27492074570104],[-55.03137576306361,74.27529532992081],[-55.03162117475666,74.27566984319529],[-55.03117527115219,74.2760801142382],[-55.03255751456133,74.27601322988184],[-55.03393974415156,74.27594633521379],[-55.0355672717688,74.27625400850198],[-55.03707015890112,74.27637443074781],[-55.03832743326434,74.27612022050202],[-55.0395894564819,74.27586603734524],[-55.0408468811005,74.27561634991093],[-55.042108828565745,74.27536214890951],[-55.043245996033335,74.27492070504867],[-55.04438310669693,74.27447925334475],[-55.04552016055976,74.27403779379826],[-55.046657157625134,74.27359632640972]]],"type":"Polygon"},"id":"000000000000000000fb","properties":{"area":85519.79286430411,"elevation":999.3098414822872,"region":"NW","year":2018},"type":"Feature"},{"geometry":{"coordinates":[[[-53.754307148778416,73.01567506053146],[-53.75400833941204,73.01510873852465],[-53.753174562724155,73.01477430422084],[-53.75232716650049,73.01441759724862],[-53.75127928385102,73.01436852264739],[-53.749353102276025,73.01445322209796],[-53.74732418850299,73.01435074180692],[-53.74539781267658,73.01443983266589],[-53.74366775036912,73.01489914044949],[-53.74203997164868,73.01555021255295],[-53.74021193775704,73.01582661898841],[-53.738383650753995,73.01609870837477],[-53.738383731491915,73.01610755822193],[-53.73703265185128,73.01664271570182],[-53.73733119112293,73.01720899351884],[-53.73853083774351,73.0176281852587],[-53.739360173711226,73.0179759532533],[-53.74124195962326,73.01838172968374],[-53.7431727199429,73.01829254341246],[-53.74490283748889,73.01782883106502],[-53.74643676119929,73.01765939408683],[-53.74737780012023,73.01752557131373],[-53.7492103688617,73.0172535241229],[-53.750583766167864,73.01670513593234],[-53.75172529539729,73.01645988395629],[-53.752675152594676,73.01632604938662],[-53.754307148778416,73.01567506053146]]],"type":"Polygon"},"id":"0000000000000000005f","properties":{"area":152651.9550237508,"elevation":848.4663327505552,"region":"NW","year":2018},"type":"Feature"},{"geometry":{"coordinates":[[[-57.358835053909175,75.72108746377431],[-57.35876366939136,75.7201153615524],[-57.35718482364565,75.71922803458419],[-57.35711372419576,75.71826042552891],[-57.35628885578732,75.71733289040456],[-57.35236471469311,75.71735079188768],[-57.34843629593514,75.71736858020597],[-57.344512156820976,75.71738644732113],[-57.34008868393038,75.7168468441224],[-57.33616467602596,75.71686466836775],[-57.332240832383945,75.71687807490625],[-57.32798219069809,75.71652579960116],[-57.32438843798414,75.71691372824853],[-57.320459812807805,75.71693158891372],[-57.31670091280712,75.71713669256066],[-57.31359283729713,75.71808202971766],[-57.315001850752274,75.71878209961238],[-57.31582689340264,75.71970963295492],[-57.319657148522424,75.72047660971833],[-57.32198477348207,75.72132381624571],[-57.32515976521804,75.72134611191564],[-57.32974366373926,75.7220729553924],[-57.33399757344201,75.72242515858582],[-57.33825611292709,75.72278192933783],[-57.342184534670295,75.7227641292961],[-57.34644318933656,75.72311634663637],[-57.35036698888935,75.7230984971191],[-57.354130356940615,75.72289784979316],[-57.357399130704145,75.72213535188632],[-57.358835053909175,75.72108746377431]]],"type":"Polygon"},"id":"000000000000000001cf","properties":{"area":660461.4897468693,"elevation":940.5807184910602,"region":"NW","year":2018},"type":"Feature"},{"geometry":{"coordinates":[[[-56.93026183048832,75.24192583131574],[-56.92907113218827,75.24140861795549],[-56.927149308281194,75.24093142518602],[-56.925686839385584,75.24100726690125],[-56.92349728307985,75.24112766828216],[-56.921000140637005,75.24087347317906],[-56.91881059623806,75.24098942925282],[-56.916621282268544,75.24110540450977],[-56.91458356133349,75.24141307419063],[-56.91504741457645,75.2419704161025],[-56.91404841465953,75.242603582524],[-56.912322943856466,75.24328140087172],[-56.913513310828634,75.24379870784566],[-56.912514368475456,75.24443629823844],[-56.913709596333355,75.2449535488301],[-56.91490007434534,75.24547523898661],[-56.9146325672623,75.24607285459864],[-56.91712961248418,75.24632699825878],[-56.919319101405534,75.24620654352671],[-56.9216645100969,75.24627793695868],[-56.924010165567914,75.24634483730313],[-56.925891665318865,75.2458543290998],[-56.927929690348684,75.24555106058395],[-56.928197064898214,75.24495358157395],[-56.92846461271213,75.24435602881145],[-56.92945906640726,75.24371835143926],[-56.92972663480715,75.24312090900268],[-56.9292672361746,75.24256347459604],[-56.93026183048832,75.24192583131574]]],"type":"Polygon"},"id":"000000000000000001a8","properties":{"area":239232.49492376315,"elevation":765.0616239405363,"region":"NW","year":2018},"type":"Feature"},{"geometry":{"coordinates":[[[-59.480060466528755,76.04076489900665],[-59.47999794744488,76.04073364215523],[-59.47884299379223,76.040417036542],[-59.47844615599635,76.04004695439829],[-59.476921280425934,76.04014062524571],[-59.47606060307742,76.04019408411602],[-59.474299445767315,76.03994438962994],[-59.47268045274929,76.03985077968393],[-59.47175737029418,76.03987307612104],[-59.47023245675526,76.03997118653275],[-59.46932728303041,76.03986415071454],[-59.46809211748248,76.04010494280078],[-59.46718712841857,76.04015843453035],[-59.46566195553068,76.04025658556144],[-59.46474789155065,76.04014949859857],[-59.46341906935318,76.04042599655328],[-59.461894114542446,76.04051967238462],[-59.46204569458645,76.04067570134347],[-59.46243788005199,76.04104581440372],[-59.462670078385116,76.0412643199111],[-59.46231303905292,76.04167452794442],[-59.463423482555974,76.0419643621488],[-59.46423063166265,76.04194651134307],[-59.4661523981861,76.04221854744449],[-59.46767757716568,76.0421249567088],[-59.468555989257325,76.04207136889148],[-59.46999643654908,76.04214272424547],[-59.47092826326593,76.04212042834587],[-59.472257159901936,76.0418395120238],[-59.473781953747455,76.0417458368076],[-59.4753116055433,76.04165222615802],[-59.477032717096186,76.04174144232053],[-59.478361454128716,76.04146048631218],[-59.47969042973134,76.04117956123866],[-59.480060466528755,76.04076489900665]]],"type":"Polygon"},"id":"000000000000000001f8","properties":{"area":91034.96646235521,"elevation":353.7164667823894,"region":"NW","year":2018},"type":"Feature"},{"geometry":{"coordinates":[[[-55.03165223269321,74.32377908718252],[-55.03071604296839,74.32344019430927],[-55.029774926865095,74.3230968366676],[-55.02839274912085,74.32316370764289],[-55.02676084240928,74.3228560596555],[-55.02524893014249,74.32273565179538],[-55.023987189787604,74.32298983645444],[-55.02260027783748,74.32305225053699],[-55.02096827287502,74.32274462287184],[-55.01958587724624,74.32281149911091],[-55.018074248703385,74.32269107964903],[-55.01668754530893,74.32275798995384],[-55.01693276163602,74.32313256636016],[-55.015791406317554,74.32357397494474],[-55.01534528087312,74.32397976047973],[-55.01559048889113,74.32435433720893],[-55.01652707088802,74.32469770277602],[-55.01746346529856,74.3250365235983],[-55.01701756763548,74.32544685127365],[-55.017833391906905,74.32560288429178],[-55.01934071739247,74.3257233156136],[-55.02060701543174,74.32546911036299],[-55.021993900818465,74.32540217275293],[-55.02350103625649,74.32552264097228],[-55.02488771843679,74.32545575214883],[-55.02627482861054,74.32538882875788],[-55.027536667148965,74.32513912522951],[-55.02880285416768,74.32488497943805],[-55.03006489797123,74.32463081018547],[-55.0312063801974,74.32418929003217],[-55.03165223269321,74.32377908718252]]],"type":"Polygon"},"id":"000000000000000000f6","properties":{"area":117423.5497877599,"elevation":1000.589756067887,"region":"NW","year":2018},"type":"Feature"},{"geometry":{"coordinates":[[[-56.73716465538197,75.43325248464625],[-56.734480301599675,75.4328110322487],[-56.733432438010894,75.43247660159015],[-56.73136799302827,75.4327798083559],[-56.729147273028175,75.43289576560639],[-56.72692678537917,75.43301174190546],[-56.72486212874157,75.43331488041478],[-56.72279293239705,75.43361369913396],[-56.72026480201927,75.43335947928432],[-56.71835185175196,75.43384552877659],[-56.71628289406621,75.43414875654459],[-56.71452585311515,75.43482211753702],[-56.71245696355694,75.43512534745652],[-56.713656505520696,75.435647067181],[-56.71412041047934,75.43620440642889],[-56.71457952020872,75.43676179188334],[-56.71636762434635,75.43706058926634],[-56.71843666205106,75.43675732278571],[-56.72065719706037,75.43664135762324],[-56.7230295720366,75.4367127332003],[-56.725406139076306,75.43677962665483],[-56.72777833729821,75.43685101835287],[-56.72984744633368,75.43654779239513],[-56.7317603972982,75.43606175462365],[-56.733824959632884,75.43575850673315],[-56.73410577349803,75.43516102197935],[-56.735867247371466,75.43448771247121],[-56.73614380329659,75.43389017049068],[-56.73716465538197,75.43325248464625]]],"type":"Polygon"},"id":"000000000000000001b7","properties":{"area":217203.720068902,"elevation":1053.5200931857887,"region":"NW","year":2018},"type":"Feature"},{"geometry":{"coordinates":[[[-60.80012398495177,76.24972726532052],[-60.79848272778681,76.24904501166597],[-60.79991871436911,76.2481576827651],[-60.79751090498327,76.24753338924543],[-60.797412527296046,76.24674857855997],[-60.796538707539305,76.24601734269848],[-60.793796185761344,76.24580772230524],[-60.78984991927691,76.24528155871981],[-60.78590804201343,76.24475536847316],[-60.78503872772423,76.2440240901532],[-60.78339766938217,76.2433463068426],[-60.78252825998744,76.24261497645925],[-60.78243022416594,76.24183018203072],[-60.77978578764977,76.24240095924135],[-60.776927609506345,76.24279336287181],[-60.77428770581464,76.2433641136805],[-60.77472015839297,76.24372977098191],[-60.77636119892713,76.24441198773752],[-60.777230921712,76.24514329801073],[-60.78117700754183,76.24566497905901],[-60.782046647237706,76.24640075074605],[-60.78368317322978,76.2470786028124],[-60.783785685139954,76.24786334626435],[-60.78542214685754,76.24854114363866],[-60.78706301230827,76.24922341846127],[-60.79057237376528,76.24937944401111],[-60.794086152910566,76.24954001724427],[-60.79803237093678,76.25006613674199],[-60.80012398495177,76.24972726532052]]],"type":"Polygon"},"id":"0000000000000000020a","properties":{"area":246922.32093343907,"elevation":368.449254364783,"region":"NW","year":2018},"type":"Feature"},{"geometry":{"coordinates":[[[-59.13245581775627,76.02723150122446],[-59.131880453779345,76.02667859620885],[-59.13206764160876,76.02607661802396],[-59.129962854181066,76.02561731344919],[-59.127671024189276,76.02575559072902],[-59.12538363163806,76.0258937720259],[-59.123283251507985,76.02621932482188],[-59.12079961965114,76.02617468816199],[-59.11870376601529,76.02649575039162],[-59.1164118472862,76.02663843144117],[-59.11411977754772,76.02677667379002],[-59.11202396510943,76.02709770802133],[-59.11011546827904,76.02760609323538],[-59.10801533996767,76.02793160972053],[-59.10782807294082,76.0285290749879],[-59.10840318391311,76.02908200186212],[-59.11127060130524,76.02949670383202],[-59.11242100740324,76.02982222748992],[-59.115092151126376,76.03004965002826],[-59.117963513589274,76.03046437188495],[-59.12083070396974,76.0308790521559],[-59.12331449695884,76.03092361167663],[-59.125602061866815,76.03078538028007],[-59.12770231092392,76.03045992230379],[-59.129994338653354,76.03032168570675],[-59.13228631373562,76.03018342396821],[-59.13170653224131,76.02963052283684],[-59.130369000703396,76.02912216659914],[-59.12978903816781,76.02856921774372],[-59.13150565323076,76.0278780926631],[-59.13245581775627,76.02723150122446]]],"type":"Polygon"},"id":"000000000000000001ec","properties":{"area":258823.5645115676,"elevation":662.2752678535053,"region":"NW","year":2018},"type":"Feature"},{"geometry":{"coordinates":[[[-55.28875958287158,73.8441760174565],[-55.2886392805854,73.84398876166978],[-55.28784533754815,73.84383267109257],[-55.287172145513416,73.84386830933181],[-55.286503193893154,73.84390399896321],[-55.28570951583138,73.84374794486588],[-55.28491587382192,73.84359638766138],[-55.28424268073037,73.8436320150917],[-55.28356927743654,73.84366321032103],[-55.28277540625593,73.8435115981672],[-55.282106676649406,73.8435428170562],[-55.28143329319293,73.84357850470667],[-55.28075990626047,73.84361418984224],[-55.28021138296582,73.84383266229585],[-55.2796628691236,73.84405563320863],[-55.2791101389325,73.84427416420776],[-55.27844114663516,73.84430982393465],[-55.277767906857,73.84434542706954],[-55.2778881467043,73.8445283052178],[-55.27801302177791,73.84471559635507],[-55.27813365533824,73.84490283323015],[-55.27825410829119,73.84509014058874],[-55.27770553332446,73.8453131044757],[-55.27782598510755,73.84550041190838],[-55.27861966317628,73.84565199947498],[-55.27941335299338,73.84580358360091],[-55.280207077397854,73.84595966458656],[-55.28100079090641,73.84611124183033],[-55.28179433299602,73.84626288627511],[-55.28191925950166,73.8464501742192],[-55.28203976095256,73.84663747863182],[-55.28271302888955,73.84660624431812],[-55.28326157513137,73.84638326592436],[-55.283810131616974,73.84616478596439],[-55.284483170193354,73.8461291152655],[-55.285156635308944,73.84609341711413],[-55.28570515931453,73.84587493107162],[-55.28558487443405,73.84568767421547],[-55.28545991785682,73.84550038821429],[-55.286012824300094,73.84527738373994],[-55.28656131422652,73.84505889443054],[-55.28710958333154,73.84483597358309],[-55.28766272072599,73.84461750947894],[-55.28821114610167,73.84439451423539],[-55.28875958287158,73.8441760174565]]],"type":"Polygon"},"id":"000000000000000000da","properties":{"area":70454.12987267239,"elevation":444.1290681220941,"region":"NW","year":2018},"type":"Feature"},{"geometry":{"coordinates":[[[-52.13060137538664,72.32209757065887],[-52.129205434520394,72.32176311692182],[-52.127961440781164,72.32181215584222],[-52.12671743883479,72.32186118538014],[-52.12555368557354,72.32209756662755],[-52.12431407218231,72.32214215223861],[-52.12306985341925,72.32219122172911],[-52.1218302244716,72.3222357886775],[-52.1206618660822,72.32247209335334],[-52.11942213185711,72.32252117696194],[-52.118102316031155,72.3223784696998],[-52.11701448752223,72.32280209488052],[-52.115850553894305,72.32303840678865],[-52.11468229371663,72.3232747184068],[-52.114838391034716,72.32365380730829],[-52.1137504245916,72.32407740970606],[-52.112666710553015,72.32450099646555],[-52.112818261608915,72.32488004465958],[-52.1135943227592,72.32523229240418],[-52.11375019540472,72.32561133147189],[-52.11515051992596,72.32594125368705],[-52.11639007365298,72.3258922209548],[-52.11763424221912,72.32584768797668],[-52.11895417652833,72.3259859322643],[-52.120118114439556,72.32575401735193],[-52.12128173950576,72.32551769430589],[-52.12245003806211,72.32528133700472],[-52.123613828056826,72.32504504711473],[-52.1248578126845,72.32499599217567],[-52.12594150407951,72.32457237464389],[-52.12718567244069,72.32452335196018],[-52.12827358616285,72.32409971012642],[-52.12936167598705,72.32367611064744],[-52.12982534916033,72.32327471549206],[-52.13029356477494,72.32287347768334],[-52.13013759732176,72.32249438396927],[-52.13060137538664,72.32209757065887]]],"type":"Polygon"},"id":"00000000000000000009","properties":{"area":175728.72579657313,"elevation":1178.35379083374,"region":"NW","year":2018},"type":"Feature"},{"geometry":{"coordinates":[[[-55.855725300837726,74.18174777989094],[-55.85464641368872,74.18122164860472],[-55.85356733529027,74.18069546573393],[-55.85317481152504,74.18013809538223],[-55.85209583945921,74.17961190301732],[-55.85101649221818,74.1790857302012],[-55.84993737737015,74.17856404754478],[-55.85023178206132,74.17796652153949],[-55.84778374344422,74.17751168373374],[-55.84559446447977,74.17743586819624],[-55.84340934233501,74.17735557153917],[-55.8414874527938,74.17764994305924],[-55.83956567799253,74.17794422290494],[-55.837772997084436,74.17842134897381],[-55.83816537268077,74.17898317693114],[-55.83787124104315,74.17958069807781],[-55.839637001848644,74.18007117445015],[-55.840029373639524,74.18062861568364],[-55.84110845546676,74.18115473238645],[-55.84355643729119,74.18160511376014],[-55.84394888040523,74.18216699707135],[-55.8457148556951,74.1826574858747],[-55.84679367619315,74.18317921384879],[-55.84897880927573,74.18325945533638],[-55.851163767719925,74.18333974237697],[-55.853353238821626,74.18341997388356],[-55.855145645015995,74.1829383954283],[-55.855435429592326,74.18234089811112],[-55.855725300837726,74.18174777989094]]],"type":"Polygon"},"id":"0000000000000000010f","properties":{"area":232631.56090030103,"elevation":518.4383578640445,"region":"NW","year":2018},"type":"Feature"},{"geometry":{"coordinates":[[[-53.89385930393355,73.22674658480284],[-53.891054463171486,73.2264879924162],[-53.88845465099213,73.22660840140713],[-53.88564987509812,73.22634972274491],[-53.88284521307761,73.22609111628425],[-53.87983979529291,73.22545792988497],[-53.87682984246702,73.22482469698957],[-53.87447530037432,73.22416031523798],[-53.87341867115489,73.2234379617207],[-53.87301295489576,73.22268437508002],[-53.873253648809325,73.2219039764906],[-53.87110438697206,73.22161866099722],[-53.868602750049476,73.22192187590238],[-53.86880789269708,73.22230085472094],[-53.867260476428726,73.22313918472126],[-53.86701523151639,73.22391955448008],[-53.86807208183655,73.22464192308624],[-53.86912901070559,73.22536428473106],[-53.87018573414225,73.22608222695577],[-53.87319121916082,73.2267198728572],[-53.87620108187831,73.22735300257702],[-53.87920646210216,73.22798620261642],[-53.88201136897743,73.22824486785923],[-53.884918748239,73.22869077164981],[-53.88762084100212,73.22875760419456],[-53.89032309806236,73.2288289937115],[-53.89141986331965,73.22839646887888],[-53.89361850896809,73.22752693538436],[-53.89385930393355,73.22674658480284]]],"type":"Polygon"},"id":"00000000000000000070","properties":{"area":259076.20362792938,"elevation":1066.5101473922891,"region":"NW","year":2018},"type":"Feature"},{"geometry":{"coordinates":[[[-54.72417050704486,73.22210917641263],[-54.72405910671717,73.22192181482971],[-54.72329655211075,73.2217657718686],[-54.72264986216929,73.22179701407556],[-54.722003349032164,73.22182818367693],[-54.72135236344655,73.22185942494328],[-54.72070572359019,73.22189509549149],[-54.71994319200089,73.22173903808567],[-54.71929691072583,73.22177024414984],[-54.718645681609146,73.2218014288516],[-54.71788769478013,73.22164540526178],[-54.717129539367505,73.2214937675107],[-54.71647855093267,73.22152499068119],[-54.71583184943605,73.22155620767667],[-54.71506936328533,73.22140012925902],[-54.7144228995639,73.2214313875502],[-54.713776375004834,73.22146252675947],[-54.713125255278186,73.22149824318424],[-54.71259043081521,73.22171672222409],[-54.71205064893217,73.2219351803078],[-54.71216211590881,73.22212247858606],[-54.71227358516395,73.22230977673618],[-54.71238505669763,73.22249707475814],[-54.71314327894569,73.2226531683392],[-54.713901274674,73.22280921217734],[-54.71401276481829,73.2229965090932],[-54.714124257241636,73.2231838058809],[-54.7148865707145,73.22333984177571],[-54.71564478518595,73.22349148903649],[-54.716291313655205,73.22346022679397],[-54.71694236719213,73.2234290048676],[-54.71770023889375,73.22358510258793],[-54.718462829504624,73.22374116954212],[-54.71910953744164,73.2237055078466],[-54.71976059106467,73.22367427547124],[-54.72051849098316,73.2238303611143],[-54.721165254423276,73.22379912737993],[-54.721816125550276,73.2237679575573],[-54.72246258628278,73.22373223695818],[-54.723002288367105,73.22351374710634],[-54.72353727037615,73.22329528306358],[-54.72342568854083,73.22310799172402],[-54.723318816479924,73.22292067261135],[-54.723207476868346,73.2227334274917],[-54.72309590182868,73.22254613577012],[-54.72363103667117,73.2223276006308],[-54.72417050704486,73.22210917641263]]],"type":"Polygon"},"id":"00000000000000000083","properties":{"area":71545.9155816698,"elevation":606.3239569380363,"region":"NW","year":2018},"type":"Feature"},{"geometry":{"coordinates":[[[-57.85894529873518,75.70534680453545],[-57.855426886010065,75.70495891091358],[-57.85109724435701,75.705400322782],[-57.84676767699896,75.70583733912099],[-57.841755554227895,75.70553861550043],[-57.83708226168364,75.70560543168433],[-57.83172694717557,75.70493219121649],[-57.82919855672901,75.70390206078804],[-57.83042491057553,75.70266689789136],[-57.83090194137437,75.70146745088033],[-57.82646987070601,75.70093677221065],[-57.82179653880999,75.70100814704108],[-57.817297267641706,75.70125780902534],[-57.819477735377255,75.70191776630213],[-57.81750235251063,75.70319751719614],[-57.81702539509634,75.7043926268574],[-57.81354708616748,75.70575710489531],[-57.81607564207673,75.70678712363683],[-57.81785014399173,75.70785732272165],[-57.821533511647786,75.70842809252561],[-57.82671938377621,75.70891855151922],[-57.831735937759035,75.70921735533118],[-57.83674774496954,75.70952057183345],[-57.8410822251354,75.70908361013218],[-57.8457554221731,75.70901665705308],[-57.849915463824765,75.70839242078449],[-57.85390199246466,75.70758084158952],[-57.85771896608266,75.70658648678346],[-57.85894529873518,75.70534680453545]]],"type":"Polygon"},"id":"000000000000000001d4","properties":{"area":596304.8846216215,"elevation":462.8397834059839,"region":"NW","year":2018},"type":"Feature"},{"geometry":{"coordinates":[[[-54.768685701682315,73.934762686677],[-54.76789212808993,73.93460660716944],[-54.76642506911479,73.9344862196061],[-54.764953485609475,73.9343613959509],[-54.76383425337467,73.93479837567139],[-54.762478835405524,73.93486522516835],[-54.761127586335164,73.93492770255267],[-54.760008308055625,73.93536908566091],[-54.76024027717647,73.93574368906337],[-54.75912109067138,73.93618068350563],[-54.7586751877365,73.936590886886],[-54.758906900934775,73.93696544429514],[-54.758465592269786,73.93737126060338],[-54.75869731244641,73.93774581754074],[-54.759607048386464,73.93808920194063],[-54.7611944361758,73.93839681285111],[-54.762777564413014,73.93870895857611],[-54.76413301277366,73.93864206287027],[-54.76536817615881,73.93839237326775],[-54.76672391929277,73.93832993270895],[-54.766491945827994,73.9379509572533],[-54.7662553677649,73.93757636694144],[-54.76602350090304,73.93720181849743],[-54.76511403560258,73.93686293943182],[-54.76555998308002,73.93645264970476],[-54.766679267327994,73.93601566168157],[-54.766447414343176,73.9356411123],[-54.76756654180163,73.9351996892019],[-54.768685701682315,73.934762686677]]],"type":"Polygon"},"id":"000000000000000000d3","properties":{"area":91723.3011549303,"elevation":1078.2109508963363,"region":"NW","year":2018},"type":"Feature"},{"geometry":{"coordinates":[[[-61.512251096549605,76.31913315994596],[-61.5110203821066,76.31882103894976],[-61.509482164192,76.31892805084401],[-61.50794375402965,76.31903953569837],[-61.50594599276987,76.31878093637845],[-61.504180162363916,76.31870959614517],[-61.50263722719351,76.31881656679323],[-61.50109903508247,76.31892363192388],[-61.49955604399644,76.3190305803135],[-61.49801779606043,76.31913762325273],[-61.49647935253484,76.31924913911293],[-61.495395823441385,76.31971729233321],[-61.495850572169886,76.32008302014297],[-61.49553407632338,76.32050214694642],[-61.49599338654316,76.32086775321164],[-61.4972195324533,76.32117547787664],[-61.49821836609492,76.3213048002032],[-61.49975682633181,76.32119775865996],[-61.50152713288066,76.32127357532173],[-61.50306524151342,76.32116206465548],[-61.50460393143732,76.32105502566884],[-61.506146768447486,76.32094800670325],[-61.507684925517246,76.32084098395318],[-61.50900052636304,76.32055118596891],[-61.51053877562308,76.32043965839776],[-61.51207742962441,76.32033267815919],[-61.511622605853724,76.31996701897093],[-61.51116764094997,76.31960584233398],[-61.512251096549605,76.31913315994596]]],"type":"Polygon"},"id":"0000000000000000020e","properties":{"area":93317.44277562962,"elevation":467.2645040070554,"region":"NW","year":2018},"type":"Feature"},{"geometry":{"coordinates":[[[-57.244111151000446,75.66327075015457],[-57.24362503982665,75.66271336379019],[-57.243134402580885,75.66216046545343],[-57.24189944353041,75.66164318884714],[-57.242162353600406,75.66104568138746],[-57.2401737489009,75.66056856610258],[-57.239098950563985,75.66023414712366],[-57.23668657149607,75.66017168401905],[-57.23459996146076,75.66047933766829],[-57.23251294129261,75.66078253937427],[-57.23059112763834,75.6612775884155],[-57.22866484084887,75.6617680749218],[-57.22690348289882,75.66244579595165],[-57.22722898717763,75.66282040693442],[-57.2254677345356,75.66349815450958],[-57.22520445522415,75.6640956731659],[-57.22494143744634,75.6646932328389],[-57.22543188674104,75.66525059486557],[-57.22666699788074,75.66576342995022],[-57.22774166825055,75.66609786366719],[-57.23015409966004,75.66616030649499],[-57.23191560770632,75.66548245510097],[-57.23367677316126,75.66480465774032],[-57.235763668016816,75.66449697981565],[-57.237850607098004,75.66419378163502],[-57.2399374134391,75.6638861745748],[-57.24186383608855,75.6633956293679],[-57.244111151000446,75.66327075015457]]],"type":"Polygon"},"id":"000000000000000001cb","properties":{"area":203455.5354309458,"elevation":973.147129440011,"region":"NW","year":2018},"type":"Feature"},{"geometry":{"coordinates":[[[-55.765067336045725,74.85255272075601],[-55.764251464468934,74.85143347796698],[-55.76170080014043,74.85097861876267],[-55.75727283455841,74.8510053348614],[-55.752443549805115,74.85047026816528],[-55.74805605942,74.84952497728769],[-55.75152951931567,74.84819163626804],[-55.747413860031706,74.84762096608956],[-55.742990318418556,74.84764768962309],[-55.738295131089934,74.84729986856517],[-55.734005296299884,74.8475139344542],[-55.72958169257417,74.84753621268823],[-55.725568742563325,74.84812481462981],[-55.72100707761721,74.84796431816922],[-55.716989360793264,74.84854836790119],[-55.71752879936915,74.84929753043684],[-55.71977192507589,74.85034545284454],[-55.72415960719552,74.85129076082764],[-55.72898881518894,74.85182585007777],[-55.7335504679295,74.85198640161946],[-55.73837949499864,74.85252147127454],[-55.74294121137501,74.85268199000492],[-55.74763681024153,74.85302982409095],[-55.752064701274094,74.85300756754572],[-55.756622012358754,74.85316802401232],[-55.76077777747682,74.85276671196306],[-55.765067336045725,74.85255272075601]]],"type":"Polygon"},"id":"00000000000000000166","properties":{"area":537649.1385351433,"elevation":851.4845246966157,"region":"NW","year":2018},"type":"Feature"},{"geometry":{"coordinates":[[[-54.52629808768007,73.27323272990625],[-54.52607936870415,73.27285812041461],[-54.525860896642506,73.27248355715274],[-54.52509826385552,73.27232752832373],[-54.5236892056979,73.2722026872882],[-54.522168904944124,73.27189051551117],[-54.520755168356686,73.27176567326305],[-54.519346167680375,73.2716407976286],[-54.518044093438455,73.27170323162916],[-54.51674200760236,73.27176565590064],[-54.51533307898516,73.27164086491175],[-54.51413803906615,73.27189052200944],[-54.51283573748408,73.2719529870633],[-54.511645431472566,73.27220715636747],[-54.510231949044375,73.27208227641314],[-54.50904116483457,73.27233201606276],[-54.507846225639305,73.27258167590107],[-54.50665561306494,73.27283144546641],[-54.50557213329502,73.2732683938561],[-54.50644167011703,73.27361176311243],[-54.507850709614694,73.27373662557481],[-54.509259763562355,73.27386147680079],[-54.51078017500989,73.27417357217898],[-54.512082217979966,73.27411114687972],[-54.51338448729497,73.27404875860793],[-54.51479788809821,73.27417356693816],[-54.515988515269136,73.27392385937078],[-54.51729056883277,73.27386151188448],[-54.5184856097343,73.27360728326224],[-54.51989475119404,73.27373216618076],[-54.52119671269642,73.27366967278827],[-54.52249871959681,73.27360728639059],[-54.523912179153285,73.27373213827772],[-54.5251028795611,73.27348241443384],[-54.52629808768007,73.27323272990625]]],"type":"Polygon"},"id":"00000000000000000086","properties":{"area":125760.83297896775,"elevation":784.0824689678626,"region":"NW","year":2018},"type":"Feature"},{"geometry":{"coordinates":[[[-53.33533882723655,72.7067217829376],[-53.33505806703286,72.706159936797],[-53.334148283045636,72.70562034706947],[-53.33323874568614,72.70508528588256],[-53.33115628413176,72.70479097173074],[-53.32907369594008,72.70449670101102],[-53.32717881480271,72.70458142928914],[-53.32537293734031,72.7048534074596],[-53.323477847426545,72.70493367757338],[-53.32148454808273,72.70482663448423],[-53.319589398968134,72.7049113462461],[-53.319772177460074,72.70528595166502],[-53.31878677652699,72.7059058129206],[-53.31906304349684,72.70647206995406],[-53.32060598963417,72.70698040715976],[-53.32151570923727,72.70751551269325],[-53.322331601182086,72.70786776882564],[-53.32441427107784,72.70815758882893],[-53.32659020773387,72.70863916810228],[-53.32858330635425,72.7087462421355],[-53.330665695569955,72.7090404916379],[-53.332560788942175,72.70895579613357],[-53.33237796670844,72.70858125336659],[-53.33273039986601,72.70798816600418],[-53.3337159025228,72.70736832038489],[-53.33533882723655,72.7067217829376]]],"type":"Polygon"},"id":"00000000000000000037","properties":{"area":192140.91995768284,"elevation":1129.7036792203382,"region":"NW","year":2018},"type":"Feature"},{"geometry":{"coordinates":[[[-55.218421728142175,74.39481262505585],[-55.21804720243142,74.3942507524293],[-55.2175477467083,74.39393409474188],[-55.2165221220545,74.3937424144914],[-55.21452003413167,74.39369781691016],[-55.21218340035328,74.39342132145701],[-55.210908291468186,74.39324295142423],[-55.20903086528947,74.3929976924686],[-55.20694410699574,74.39309584972968],[-55.204736738193546,74.3930111492641],[-55.20308681054761,74.39309133495931],[-55.20203015751918,74.39314040019053],[-55.200817161077794,74.39358631915262],[-55.20046949143276,74.39374686879748],[-55.20049618060176,74.39418389391713],[-55.20017509886335,74.3947768574793],[-55.20064773380165,74.39509347589708],[-55.20174028868776,74.39523172485663],[-55.202988942620514,74.39536549020688],[-55.205325412036075,74.39564193690845],[-55.20698423808834,74.39556173037421],[-55.20823273438552,74.39569103836854],[-55.210324154099325,74.39559292582844],[-55.212410771596716,74.39549038112135],[-55.21449780012878,74.39538778844212],[-55.21670941673365,74.39547695000887],[-55.218421728142175,74.39481262505585]]],"type":"Polygon"},"id":"0000000000000000011b","properties":{"area":124542.33713040146,"elevation":819.747548879078,"region":"NW","year":2018},"type":"Feature"},{"geometry":{"coordinates":[[[-54.44771517180716,73.53568208355513],[-54.44242658434377,73.53361748009146],[-54.43559078600206,73.53240016031512],[-54.427216724693054,73.53202116307844],[-54.41927508468216,73.5323956469954],[-54.41155643745239,73.53314478958818],[-54.4046044035343,73.53520493082766],[-54.39775988060548,73.53745671316959],[-54.394665192609814,73.5391423409293],[-54.39001881201635,73.54167503345757],[-54.38736132253933,73.54410972223094],[-54.388012215435076,73.54639277866539],[-54.39065203403703,73.54858221858562],[-54.39527616681314,73.5506824321781],[-54.40189334889152,73.55268462423358],[-54.40961213569816,73.55424976220804],[-54.41105259037944,73.55321969020788],[-54.40907258952975,73.55099903681287],[-54.413054519780594,73.5484975073471],[-54.41570782550137,73.54605838351219],[-54.41770091656647,73.54365048241793],[-54.41572101192883,73.54142980867651],[-54.42256576231028,73.53918243883514],[-54.424996138303904,73.53752367604804],[-54.43128782868595,73.53549470461166],[-54.439884965520875,73.53624390040284],[-54.44771517180716,73.53568208355513]]],"type":"Polygon"},"id":"00000000000000000095","properties":{"area":1888190.0329597027,"elevation":978.11841170459,"region":"NW","year":2018},"type":"Feature"},{"geometry":{"coordinates":[[[-55.907687229245,74.99382589240034],[-55.907544755543555,74.99363862364876],[-55.90740654133452,74.99345135099456],[-55.9072680655577,74.9932640333194],[-55.906545718691,74.99329972861051],[-55.90596608520504,74.99352273610884],[-55.905381915281815,74.99374570044853],[-55.904802178286154,74.99396858819019],[-55.904940634387785,74.99415590699961],[-55.905078828915464,74.99434318078482],[-55.905217026607694,74.99453045436442],[-55.90535522746458,74.9947177277384],[-55.90477553137848,74.99494073017893],[-55.904913731294606,74.99512800357711],[-55.90505193437555,74.99531527676963],[-55.90519014062146,74.99550254975651],[-55.9053283500324,74.99568982253773],[-55.90474881420566,74.99591275296163],[-55.904887073347844,74.99609558564445],[-55.905025284944685,74.99628285824683],[-55.90516349970688,74.9964701306435],[-55.90588579150209,74.99643451265011],[-55.906470041930866,74.99621154950191],[-55.90632729404064,74.99602423662407],[-55.9061890710197,74.99583696468987],[-55.90677329770064,74.99561400000523],[-55.90735279535563,74.99539106312774],[-55.907214517151175,74.9952082315915],[-55.9063538714096,74.99505665360817],[-55.90621565690596,74.9948693810838],[-55.90679985168497,74.99464641533372],[-55.90737977448643,74.99442345125756],[-55.90724129013922,74.99423613417507],[-55.907103073707866,74.99404886170205],[-55.907687229245,74.99382589240034]]],"type":"Polygon"},"id":"00000000000000000172","properties":{"area":17229.512245555456,"elevation":924.6274834437086,"region":"NW","year":2018},"type":"Feature"},{"geometry":{"coordinates":[[[-64.83638614066761,77.33694082563991],[-64.83475401787524,77.33707012949263],[-64.83253352488703,77.33684271226319],[-64.83031282285476,77.33661087979068],[-64.82868097624234,77.33674017481775],[-64.82704859544792,77.33686950342532],[-64.82512243575646,77.3368203955467],[-64.8240790933536,77.33730652742337],[-64.82244707764691,77.3374357781081],[-64.8214037623222,77.33792181753145],[-64.81977146666485,77.33805112642031],[-64.81872800747351,77.33853715116287],[-64.81768462935314,77.33902327973185],[-64.81605264995802,77.33915251592505],[-64.8166411153372,77.3395137635996],[-64.81559350118921,77.33999975255372],[-64.81618190345152,77.34035652719201],[-64.81595446402608,77.34078007312564],[-64.8165432359536,77.34113687807202],[-64.81817528238929,77.34100753137888],[-64.81951285981927,77.3406998685388],[-64.82085513082251,77.34039220052836],[-64.82248702994734,77.34026282272539],[-64.8238247514583,77.33995516564549],[-64.82516240974614,77.33964750000534],[-64.82650032995231,77.33933985848455],[-64.82754354965057,77.33885380065655],[-64.8288813346907,77.33854614323411],[-64.83021922740988,77.33823839947118],[-64.83155688599547,77.33793072492465],[-64.8331888283617,77.33780141199811],[-64.83452669432941,77.3374937517775],[-64.83615886908531,77.33736445021557],[-64.83638614066761,77.33694082563991]]],"type":"Polygon"},"id":"0000000000000000022c","properties":{"area":101873.961286545,"elevation":1026.2829963493398,"region":"NW","year":2018},"type":"Feature"},{"geometry":{"coordinates":[[[-54.93929968700108,74.1769453790938],[-54.93894315984235,74.17638350644812],[-54.9378954097364,74.175852890697],[-54.93616069294081,74.17535796245963],[-54.935112828838776,74.17482728413597],[-54.933378278003055,74.17433232948653],[-54.93233036277421,74.17380170494533],[-54.93128250766458,74.17327107405404],[-54.931607993983434,74.1726779879686],[-54.92987329716898,74.1721830233712],[-54.92951202347797,74.17162122909433],[-54.92846863405577,74.17109052657004],[-54.92640880049922,74.1711886582883],[-54.92664951578019,74.17156321543212],[-54.92769282141148,74.17209381095697],[-54.92736721436619,74.17268689043713],[-54.928415179268754,74.17321758960101],[-54.92946300932538,74.17374374052937],[-54.92982414150949,74.17430560194491],[-54.930872207002714,74.17483616942127],[-54.93191995698421,74.1753668709374],[-54.932967954914695,74.1758974959077],[-54.934698137577435,74.17639246068721],[-54.93643266959943,74.17688735534622],[-54.937360275399556,74.17723071970514],[-54.93929968700108,74.1769453790938]]],"type":"Polygon"},"id":"000000000000000000e2","properties":{"area":70454.12987264639,"elevation":1071.4433651968343,"region":"NW","year":2018},"type":"Feature"},{"geometry":{"coordinates":[[[-60.50012451907166,76.23596201997313],[-60.49892470545788,76.23564991340021],[-60.496962843611904,76.23538232003285],[-60.49521052321794,76.23530208276689],[-60.493667551137975,76.23540464694247],[-60.49212919138461,76.23550721409482],[-60.490590788848216,76.2356053239725],[-60.48905237662646,76.23570786881463],[-60.48730002361309,76.23562756752683],[-60.48597112875285,76.23591294928008],[-60.484432917540786,76.23601105311167],[-60.483322445025394,76.23647926866656],[-60.4822075598262,76.2369475011014],[-60.48263579840984,76.23731314155845],[-60.48305943245637,76.23768321229367],[-60.48348752949526,76.23804892478431],[-60.48446841694414,76.23817822403167],[-60.486220778005446,76.23826295669235],[-60.487763815789094,76.23816041101533],[-60.48930218734915,76.23805783984929],[-60.491268533808935,76.23832536294437],[-60.49323521625578,76.23858846079244],[-60.49455953473244,76.23830302473121],[-60.49631171709265,76.23838330470822],[-60.49764072123662,76.23810242249405],[-60.49798393728755,76.23768327739711],[-60.4983273192024,76.23726405593402],[-60.49943777432725,76.23680036029475],[-60.49900963453869,76.23643026711923],[-60.50012451907166,76.23596201997313]]],"type":"Polygon"},"id":"00000000000000000208","properties":{"area":120610.36990528947,"elevation":478.6059951470675,"region":"NW","year":2018},"type":"Feature"},{"geometry":{"coordinates":[[[-57.16511372738308,75.38709637732079],[-57.158166275517594,75.38708296746711],[-57.151063078332676,75.38688676384228],[-57.14395529647498,75.38669060006933],[-57.13701236034098,75.38667719614867],[-57.13053776220679,75.387225688305],[-57.12470089004361,75.3885143501001],[-57.12301997045734,75.39015973034284],[-57.12075900153142,75.39203260380494],[-57.120709912120454,75.3937894414966],[-57.122132233194314,75.39546161230943],[-57.12429514159117,75.39709367356305],[-57.127198097282765,75.39868998074955],[-57.131572223454526,75.40020165015827],[-57.135946650034526,75.4017132495994],[-57.13663790287056,75.40343001524197],[-57.13880511192347,75.40506207122016],[-57.1456005504237,75.40488812147554],[-57.148753243901176,75.40315804876018],[-57.14953802261297,75.40136550585177],[-57.15105859469867,75.39953278812331],[-57.14889148773301,75.39790079508413],[-57.15041185942095,75.39606805492997],[-57.152668437733574,75.39419525096955],[-57.15713620252535,75.39219752735865],[-57.15939280476473,75.39032471097518],[-57.16475266995309,75.38847864401266],[-57.16511372738308,75.38709637732079]]],"type":"Polygon"},"id":"00000000000000000278","properties":{"area":1497516.1146333253,"elevation":781.8666426492059,"region":"NW","year":2018},"type":"Feature"},{"geometry":{"coordinates":[[[-55.294543115816815,73.77859603645184],[-55.294297848715935,73.77822149557524],[-55.294057003314606,73.77784693704474],[-55.29314732817464,73.77750800580773],[-55.29156447884748,73.77720032430778],[-55.29132370173811,73.77682576161835],[-55.28986095942986,73.77670977928054],[-55.28864364495786,73.77696399566763],[-55.28718559813441,73.77684363585385],[-55.28572731990974,73.7767232186762],[-55.2842692609368,73.77660722028001],[-55.28305210942687,73.77686144438398],[-55.281834676308904,73.77711561421214],[-55.28074202873758,73.77755706922335],[-55.28098303865796,73.77793161901698],[-55.28189247382949,73.77827049333146],[-55.28213774577178,73.77864509504792],[-55.283047481476025,73.77898400902336],[-55.283961619525755,73.77932728627391],[-55.2855401165932,73.77963054870106],[-55.28712327758359,73.77993821101634],[-55.28846087958449,73.77987133795838],[-55.28979869083831,73.77979999956897],[-55.29101598504059,73.77954584901302],[-55.292108479722245,73.779104333392],[-55.293205396500674,73.77866290970468],[-55.294543115816815,73.77859603645184]]],"type":"Polygon"},"id":"000000000000000000d5","properties":{"area":106788.96414661057,"elevation":508.9448027951354,"region":"NW","year":2018},"type":"Feature"},{"geometry":{"coordinates":[[[-53.18801469761064,72.73594225283287],[-53.187105057571024,72.7354027387767],[-53.18619978028374,72.73486766913682],[-53.18402376780955,72.7343816237669],[-53.181941256124446,72.73408727055234],[-53.18004177632859,72.73416749624326],[-53.17832078443188,72.7346268261744],[-53.17660367687822,72.735086122852],[-53.17488258478243,72.73554093155897],[-53.17452137693273,72.73613404820824],[-53.17416039579246,72.7367226100192],[-53.17380352531433,72.737315688779],[-53.17344243816185,72.73790873250014],[-53.17434753781888,72.73844386650374],[-53.17525280133844,72.73898341163877],[-53.17670626377175,72.73930442460023],[-53.17878880580562,72.7395987452874],[-53.18087110895548,72.73989747684976],[-53.17933289482896,72.73938470931832],[-53.17842301868055,72.73884958826285],[-53.178151237227965,72.73828327786418],[-53.177241555221464,72.73774378244572],[-53.17887346491296,72.7371016327912],[-53.18050118271976,72.73645506515423],[-53.182217894587374,72.73599575026168],[-53.18439404763384,72.73648181833862],[-53.18638705370369,72.73658884616569],[-53.18765348410873,72.73653081739693],[-53.18801469761064,72.73594225283287]]],"type":"Polygon"},"id":"0000000000000000002d","properties":{"area":135078.1873484184,"elevation":1196.6343401791569,"region":"NW","year":2018},"type":"Feature"},{"geometry":{"coordinates":[[[-53.43751480849578,72.53853790150839],[-53.43742105802943,72.53834614964865],[-53.437332037601806,72.53815882135076],[-53.437238280778324,72.53797155579718],[-53.43714452579569,72.53778429015286],[-53.43705095129271,72.5375969554707],[-53.43642676541387,72.53762378572846],[-53.43579796935504,72.53765049034766],[-53.4350802227363,72.53748998022776],[-53.43445597630348,72.5375211725007],[-53.433827000012734,72.53754793868727],[-53.43310927018922,72.53738742023181],[-53.43248485419956,72.53741418763596],[-53.43185604384945,72.53744536398666],[-53.43123185011029,72.53747217491656],[-53.430696740448944,72.53768612906475],[-53.430072536545616,72.53771293562009],[-53.42944827015838,72.53774410916957],[-53.428913181465894,72.53795817454568],[-53.429006862824714,72.53814544428704],[-53.42910036734835,72.53833278287601],[-53.429189659530465,72.53852446363534],[-53.42928316771286,72.5387118020443],[-53.4293768564108,72.53889907142415],[-53.429470546948394,72.5390863407133],[-53.42956423932567,72.53927360991169],[-53.42965793354273,72.53946087901937],[-53.4297470696559,72.53964814171381],[-53.43046941828685,72.53980868066684],[-53.43055855200895,72.54000042936045],[-53.43065225907905,72.54018769779896],[-53.43137007314306,72.54034822661558],[-53.431998974315775,72.54031705275925],[-53.43252952789828,72.54010297218075],[-53.433064451272074,72.53988896496908],[-53.4335997796231,72.53967044871304],[-53.43422385633934,72.53964369839181],[-53.43484815780696,72.53961699394576],[-53.43538345835309,72.53939847175907],[-53.435918330992166,72.5391844549488],[-53.43644904823178,72.53896592293954],[-53.43698412466157,72.53875195067151],[-53.43751480849578,72.53853790150839]]],"type":"Polygon"},"id":"00000000000000000021","properties":{"area":62858.16638987523,"elevation":832.1198757763974,"region":"NW","year":2018},"type":"Feature"},{"geometry":{"coordinates":[[[-55.01007470190405,73.62901990760162],[-55.00431350970208,73.6275840808227],[-54.99665277632949,73.62833765798017],[-54.98892523987358,73.62910912915153],[-54.982896459261866,73.6305806674128],[-54.97657777568175,73.6303353867316],[-54.974294971140516,73.632168083574],[-54.96749032022746,73.63422377309783],[-54.96077051220398,73.63244899560917],[-54.96316948683234,73.63058062025415],[-54.967075634242185,73.62807015691519],[-54.96669209417068,73.62635344866395],[-54.958380316213244,73.62618840187834],[-54.9510050056636,73.62751727950352],[-54.95121452184873,73.62786059795548],[-54.948820045712324,73.62976018353001],[-54.94666630748933,73.6317979650532],[-54.94989024584112,73.6334210889378],[-54.95685538885719,73.63496389428755],[-54.96564863832399,73.63587802131693],[-54.97169508164828,73.63555700305834],[-54.97702831365911,73.63434860567772],[-54.98538897656347,73.63567293483563],[-54.99118156443398,73.63709983341268],[-54.99532399102347,73.63496389692865],[-55.001022782111,73.63313567761807],[-55.0069710756538,73.63073667465663],[-55.01007470190405,73.62901990760162]]],"type":"Polygon"},"id":"000000000000000000bc","properties":{"area":1157893.1754624883,"elevation":743.1096610158878,"region":"NW","year":2018},"type":"Feature"},{"geometry":{"coordinates":[[[-55.11223282359824,74.04071539409635],[-55.11106891199417,74.04000193846396],[-55.10922287668001,74.0393196858603],[-55.10601660129434,74.03870432597307],[-55.10329221045416,74.0388380819132],[-55.10045173358994,74.03878460211526],[-55.097606781955506,74.03873109037777],[-55.094766555769816,74.03867756891565],[-55.09228712835756,74.03918139792452],[-55.08968308847339,74.03950248764446],[-55.08708342111854,74.03982352806052],[-55.084844926477864,74.04070645535339],[-55.085331077014864,74.04145555786917],[-55.08513475287921,74.04223596523033],[-55.08357420208023,74.0430876191601],[-55.084742351765826,74.04380101448082],[-55.08726608720946,74.04445208455647],[-55.08942898655778,74.044536804796],[-55.09191258921825,74.0440285203738],[-55.09439192123764,74.04352456944281],[-55.09687100172925,74.04301627264465],[-55.09935036976585,74.04250791640833],[-55.102195465761696,74.04256142879741],[-55.10479505275895,74.0422403647436],[-55.10727412493299,74.04173201493789],[-55.10987827074276,74.0414110272377],[-55.11223282359824,74.04071539409635]]],"type":"Polygon"},"id":"00000000000000000260","properties":{"area":346953.3565426926,"elevation":911.4584563605956,"region":"NW","year":2018},"type":"Feature"},{"geometry":{"coordinates":[[[-53.74276686038623,73.5384065612852],[-53.74123752442061,73.53808547477149],[-53.73904358072807,73.53779563650308],[-53.736952228723595,73.53769751911264],[-53.7348608672631,73.53759501543982],[-53.73276970725265,73.53749241820978],[-53.73058035016306,73.5372026140437],[-53.728488889760264,73.53710446676821],[-53.72650020028236,73.53718918659621],[-53.72451129983543,73.53727395315654],[-53.72282589052149,73.53792494166021],[-53.72114041626151,73.53857602946056],[-53.71925412157287,73.53885247004153],[-53.71756862237832,73.53950345240472],[-53.71843804931688,73.53985130634193],[-53.719405867979205,73.54038639062462],[-53.721697741832536,73.54086349015986],[-53.72067657205131,73.54148332438879],[-53.71899550935993,73.54213438426977],[-53.72032002820876,73.54207639477511],[-53.72241113757742,73.54217892727054],[-53.72439987657608,73.54208979984581],[-53.726696432673656,73.54256685611065],[-53.728484572779095,73.54210758970943],[-53.73037083508893,73.54183112349062],[-53.732256926501336,73.54155918451889],[-53.73394229791443,73.54090811202734],[-53.73562803068442,73.54025711753174],[-53.73730903697131,73.53960603695961],[-53.73929786770452,73.53951683618342],[-53.741085865444475,73.53905753220069],[-53.74276686038623,73.5384065612852]]],"type":"Polygon"},"id":"00000000000000000087","properties":{"area":278629.1246564547,"elevation":1276.9254873757475,"region":"NW","year":2018},"type":"Feature"},{"geometry":{"coordinates":[[[-53.08119249714726,72.50991491271922],[-53.08021147849369,72.50919249004076],[-53.07985469546482,72.50843887881642],[-53.08060388787226,72.5079127592558],[-53.0805726591692,72.5072572677571],[-53.07906998691227,72.50674446038562],[-53.07738438370784,72.50653484438877],[-53.07512374835516,72.50653043497356],[-53.07253295703563,72.50645013747815],[-53.07003127016512,72.50655271058586],[-53.0676189323163,72.50685152768034],[-53.06511737700206,72.50695407558797],[-53.06324012495558,72.50703430028875],[-53.06253997724047,72.50755158677029],[-53.06252213225524,72.50822044387385],[-53.064127349957786,72.50891605541169],[-53.06260687529723,72.50974987243869],[-53.06449763207985,72.51034745184879],[-53.065839862664,72.5104856274197],[-53.06751646329527,72.51069079268893],[-53.069955629805364,72.51108318547662],[-53.0727291289734,72.5115379983981],[-53.07448144911374,72.51193037224307],[-53.0771615830635,72.51219793769602],[-53.07814707646773,72.51158258684342],[-53.080296339667264,72.51072197497291],[-53.08119249714726,72.50991491271922]]],"type":"Polygon"},"id":"00000000000000000011","properties":{"area":294686.9492726188,"elevation":1070.648395951278,"region":"NW","year":2018},"type":"Feature"},{"geometry":{"coordinates":[[[-52.88709682892241,72.52347501279725],[-52.88632090755236,72.52304694383538],[-52.88597312617504,72.52229334982901],[-52.88622710781056,72.5215888309226],[-52.88609786239016,72.52130790917256],[-52.885277371714146,72.52078169153788],[-52.88376142015213,72.520268919459],[-52.88272237491646,72.52020207843772],[-52.881063496912226,72.52007715065537],[-52.879899747768555,72.52031797062007],[-52.87851743218071,72.52056771931728],[-52.87694766189453,72.52074607162888],[-52.875373817575664,72.52100469030593],[-52.87389778315063,72.52114294388785],[-52.87344737527835,72.52146847372043],[-52.87433024236849,72.52208379223589],[-52.87467366719615,72.52283741631847],[-52.87371503616836,72.5234438116136],[-52.873318068600824,72.52397002408964],[-52.87286327856183,72.52444715230808],[-52.873710517571716,72.52490197069844],[-52.87463793777904,72.52552615789025],[-52.877050369656175,72.52599888467898],[-52.87865549592974,72.525936461875],[-52.8802563537162,72.5256777966529],[-52.88206676405227,72.52502675995359],[-52.88448374236747,72.52473249020545],[-52.88575884107531,72.52460763176983],[-52.886213740699645,72.5242018176287],[-52.88709682892241,72.52347501279725]]],"type":"Polygon"},"id":"0000000000000000000e","properties":{"area":221784.8428786626,"elevation":1240.6823495453891,"region":"NW","year":2018},"type":"Feature"},{"geometry":{"coordinates":[[[-59.16913185219271,75.9885131557857],[-59.16893981347172,75.98832587085607],[-59.16874817811999,75.98814304041811],[-59.168556547349645,75.98796020967961],[-59.16836481060122,75.98777296421187],[-59.1689309428177,75.98754552169888],[-59.16873939473205,75.98735820249375],[-59.16778527012734,75.98722001257255],[-59.16683087206674,75.98708177798977],[-59.16607276509184,75.98713082961244],[-59.16531043840257,75.98717538838396],[-59.164356058784904,75.98703714276776],[-59.16359794168501,75.98708618548737],[-59.16302737175573,75.9873180999474],[-59.1624565752609,75.98754548397709],[-59.16169842473699,75.98759451955779],[-59.16093586822865,75.98763913592536],[-59.16017341431541,75.98768816392214],[-59.15941084621992,75.98773277470815],[-59.159607060679086,75.98792007004015],[-59.15979888018402,75.98810294859386],[-59.159228114302735,75.98833473695207],[-59.158657324132875,75.98856222309897],[-59.158091104110234,75.98879405012495],[-59.15752038803032,75.9890259468692],[-59.15771191148615,75.98920878589593],[-59.157903835227906,75.98939607939529],[-59.15809555526532,75.98957884411298],[-59.15904976245427,75.9897170766274],[-59.16000398415188,75.98985530486084],[-59.160958220357855,75.98999352881323],[-59.16190799164066,75.99013182017794],[-59.1626705531832,75.99008278726811],[-59.16343292989926,75.99003812555365],[-59.16438748706395,75.99017637457969],[-59.16514975043383,75.99012729231684],[-59.16571630068122,75.98989990222306],[-59.16647854431831,75.98985081498516],[-59.16724099286663,75.98980625343322],[-59.167807388962196,75.9895744427139],[-59.167615749239914,75.98939161231132],[-59.16742390305296,75.98920425311738],[-59.16799456760309,75.98897244297116],[-59.16856103415552,75.98874504344786],[-59.16913185219271,75.9885131557857]]],"type":"Polygon"},"id":"000000000000000001e3","properties":{"area":74263.4675763662,"elevation":597.687535926423,"region":"NW","year":2018},"type":"Feature"},{"geometry":{"coordinates":[[[-53.27612650743295,72.91720917618323],[-53.272180281161035,72.91584027666568],[-53.26806010547308,72.91543889153161],[-53.262294420957694,72.91568418780535],[-53.25634581208876,72.91555486406726],[-53.25021006124371,72.91504652485038],[-53.2438917161047,72.91416366685631],[-53.2398561075345,72.91260739103423],[-53.23965998044734,72.91088620466736],[-53.238826209429234,72.90919169026607],[-53.239272044359176,72.90744373180091],[-53.24099760416136,72.90563781298967],[-53.24638870857311,72.90463895201636],[-53.24236221444382,72.90442938517614],[-53.23678831021077,72.9050492055189],[-53.23167820139542,72.90660992680343],[-53.23186097021474,72.90698889268215],[-53.23333693214971,72.90865659521323],[-53.23480831936549,72.91032433829446],[-53.23628442519394,72.91198754544733],[-53.23711830039617,72.91368199491757],[-53.23987394323145,72.91529626237501],[-53.246192467847735,72.91617915066202],[-53.25232822965598,72.9166874685322],[-53.25818317951955,72.9166294919097],[-53.26413592450465,72.91675880543228],[-53.27045442441603,72.91764170714393],[-53.27612650743295,72.91720917618323]]],"type":"Polygon"},"id":"0000000000000000004a","properties":{"area":374919.9853466909,"elevation":1162.3859262759934,"region":"NW","year":2018},"type":"Feature"},{"geometry":{"coordinates":[[[-56.01135258144314,74.43882834043346],[-56.010389309008,74.43848944103483],[-56.00913175696309,74.43874814238215],[-56.00760681409045,74.43863667507233],[-56.006353955947496,74.43889525301552],[-56.00509630715981,74.43915392660284],[-56.003843370794826,74.43941248700224],[-56.00272395123061,74.43985843922245],[-56.00160491687906,74.44030435732283],[-56.000481002526435,74.44075025614792],[-55.99909448947942,74.44082161316135],[-55.99936185358437,74.4411961589821],[-55.99963405249665,74.44157071573787],[-55.99920585831384,74.44197644719925],[-55.99947788160919,74.4423510745325],[-55.99974984619922,74.4427255851712],[-56.00100282278245,74.44246701179839],[-56.00212200334843,74.44202110127924],[-56.00324594964432,74.4415751947294],[-56.00436501560462,74.44112926894378],[-56.00548428093049,74.44068338025542],[-56.00687556212492,74.44061198758368],[-56.007994728053696,74.4401660826777],[-56.00938605952976,74.44009033833906],[-56.00911409334051,74.43972021486263],[-56.010233144802356,74.43927429471715],[-56.01135258144314,74.43882834043346]]],"type":"Polygon"},"id":"00000000000000000141","properties":{"area":62291.31350324689,"elevation":210.92635052978977,"region":"NW","year":2018},"type":"Feature"},{"geometry":{"coordinates":[[[-53.16658430446741,72.66483747823031],[-53.165589783231,72.66411058564515],[-53.16459538109507,72.66338380403629],[-53.16234371384718,72.66271491219474],[-53.159636792361056,72.66244738035013],[-53.15693022899737,72.66217536877504],[-53.15413436908549,72.66172053753392],[-53.15152155068612,72.66164026964056],[-53.14890833300779,72.6615599814758],[-53.146562745375014,72.66204605211304],[-53.144221699429,72.6625276181913],[-53.144583027074155,72.66328118257411],[-53.14494420270029,72.66403481410667],[-53.14404342388951,72.66484193769594],[-53.14377146253678,72.6656177864325],[-53.14413265643084,72.66637141714608],[-53.145127099918646,72.6670982238558],[-53.146117024304324,72.66782501014546],[-53.147744581353884,72.66852062441252],[-53.14918484528815,72.66884613514075],[-53.152074239218734,72.6694882664495],[-53.15468725872413,72.66956857084624],[-53.157304878955586,72.66964884885172],[-53.159739571137365,72.66935453809249],[-53.16081869702603,72.66892196502342],[-53.16171933638075,72.66811933646846],[-53.16135809679735,72.66736576985959],[-53.16352076868362,72.66650513893396],[-53.165683478792964,72.66564452672269],[-53.16658430446741,72.66483747823031]]],"type":"Polygon"},"id":"00000000000000000031","properties":{"area":499744.7129294139,"elevation":1238.1182036323928,"region":"NW","year":2018},"type":"Feature"},{"geometry":{"coordinates":[[[-61.39493645549076,76.27464029010072],[-61.39371933603987,76.27433259559751],[-61.39403577464426,76.27391345777758],[-61.39281428939017,76.27360127789541],[-61.391280338125945,76.27370833499384],[-61.38929150025733,76.27345416391309],[-61.38730273949375,76.27319556558322],[-61.38554124934259,76.27311974807921],[-61.38423476576362,76.27340959131062],[-61.38269657406003,76.2735165542069],[-61.381162339113835,76.27362361495017],[-61.379401097185216,76.27354778502973],[-61.37831290459063,76.274020478767],[-61.378767990783594,76.27438608701239],[-61.379218483684134,76.27474728936352],[-61.379668795259924,76.27511297494065],[-61.38011901045461,76.27547854612115],[-61.38134091201276,76.27579075542873],[-61.38332955357272,76.27604484724665],[-61.38377999950304,76.2764105228598],[-61.38531400319439,76.27630348526502],[-61.38730267306489,76.27656213859585],[-61.38861351033105,76.27627231644135],[-61.389924770471794,76.27598244738161],[-61.39145848449372,76.27587544106628],[-61.3932244548305,76.2759512452252],[-61.3927694694289,76.275585629146],[-61.39385323425091,76.27511294404941],[-61.39493645549076,76.27464029010072]]],"type":"Polygon"},"id":"0000000000000000020d","properties":{"area":109965.62505483284,"elevation":300.32434013782347,"region":"NW","year":2018},"type":"Feature"},{"geometry":{"coordinates":[[[-53.15131625316839,72.56737933826922],[-53.15113338352355,72.56700030563765],[-53.15032633701536,72.56665251029283],[-53.15014806105308,72.5662734902984],[-53.14871217164458,72.56595237350034],[-53.147548377647254,72.56619318143264],[-53.14629541542508,72.56624671210812],[-53.14503780169115,72.56630470515712],[-53.14378482069814,72.56635821702476],[-53.14252726241305,72.56641170534424],[-53.14127426293158,72.5664651984061],[-53.14019964864307,72.56689327435066],[-53.13912075066678,72.56732579446371],[-53.13930347846829,72.567700352858],[-53.139481871805394,72.5680749452496],[-53.14028891014596,72.56842720843201],[-53.14046732873243,72.56880179953805],[-53.141724817675104,72.5687482791129],[-53.14315619890112,72.56906932349646],[-53.144413511612676,72.56901585165159],[-53.14566665325297,72.56896233624488],[-53.14692412741499,72.56890877690641],[-53.14808790353331,72.56866804379867],[-53.14916250178787,72.56823543221036],[-53.15041996128502,72.5681819635606],[-53.15024159502824,72.56780743024444],[-53.15131625316839,72.56737933826922]]],"type":"Polygon"},"id":"00000000000000000036","properties":{"area":99413.97946768657,"elevation":1152.8040462427753,"region":"NW","year":2018},"type":"Feature"},{"geometry":{"coordinates":[[[-56.86137770835252,75.4636501664496],[-56.86090931374362,75.4630927622563],[-56.861181287876185,75.46249523820103],[-56.85997295767611,75.46197360106076],[-56.858024341941395,75.46149645527217],[-56.85681590422197,75.46097475476324],[-56.8570923670256,75.46037720828299],[-56.85471122807763,75.46031030168928],[-56.85217829672209,75.46005167570758],[-56.84964108375955,75.4597975467361],[-56.84726446737806,75.45973064513356],[-56.84503942605626,75.45984658919599],[-56.84297046760524,75.4601497934409],[-56.84090559842589,75.46045302429835],[-56.84062928534392,75.46105056012442],[-56.84035268035964,75.46164805045363],[-56.84082102096298,75.46220540086242],[-56.84276970225855,75.4626870696923],[-56.84471840836695,75.46316860430657],[-56.84592664695343,75.46368586581475],[-56.8486155423391,75.46412732675064],[-56.85130893320616,75.4645687287888],[-56.85251729276868,75.46509052676684],[-56.85489393010917,75.46515735500586],[-56.857431361097696,75.46541151831244],[-56.85981250941639,75.46548288603297],[-56.86008455334357,75.4648853697852],[-56.86110108597065,75.46424766791492],[-56.86137770835252,75.4636501664496]]],"type":"Polygon"},"id":"000000000000000001ba","properties":{"area":247162.8538715473,"elevation":982.3619008817631,"region":"NW","year":2018},"type":"Feature"},{"geometry":{"coordinates":[[[-55.015867115228666,73.65902078818529],[-55.014966270386424,73.65867740334029],[-55.01473434602818,73.65830285162947],[-55.013169260489725,73.65799515757483],[-55.01226870892101,73.65765630704766],[-55.011488328305965,73.6575002300819],[-55.01004343256925,73.65737978897752],[-55.008478304251454,73.65707212475985],[-55.00691322252611,73.65676444700564],[-55.00570018257059,73.65701864977272],[-55.00460785200511,73.65745564808681],[-55.00351079218911,73.65789710497896],[-55.00241849219891,73.65833851995923],[-55.00235142063045,73.65840095391218],[-55.00258353293228,73.65877549562582],[-55.002819858780555,73.65915009704776],[-55.00372033118107,73.65948899308582],[-55.00460345037181,73.65980110034384],[-55.0041573603271,73.66001964339064],[-55.0041886093041,73.66023808512128],[-55.00575390093596,73.66055028755272],[-55.00720292470193,73.6606706612499],[-55.008652206732314,73.66079106942531],[-55.009865011219105,73.66053687467137],[-55.01119856356657,73.66046997220054],[-55.0126476616433,73.6605904186737],[-55.01319601248345,73.66037189245867],[-55.01362421509931,73.65996608669388],[-55.01472119400111,73.65952468597746],[-55.01581805885816,73.65908316127737],[-55.015867115228666,73.65902078818529]]],"type":"Polygon"},"id":"000000000000000000bd","properties":{"area":121551.21453850748,"elevation":753.4394014816548,"region":"NW","year":2018},"type":"Feature"},{"geometry":{"coordinates":[[[-55.61943781631437,74.91277282590103],[-55.618902492011,74.91202374719734],[-55.616927078781096,74.91134590620226],[-55.613783375195595,74.91111405559666],[-55.61064436575094,74.91087776154347],[-55.607233185295755,74.91027126650546],[-55.60422759373729,74.91022220244903],[-55.6010883026186,74.90999033760842],[-55.598083074061584,74.90994134019041],[-55.59493944753221,74.90970944455609],[-55.59193379354734,74.90966037800872],[-55.589463419901655,74.91036490466772],[-55.58699773491523,74.91106504983517],[-55.58439340786975,74.91157781715042],[-55.58681472122316,74.91184534308192],[-55.58982024403662,74.91189440000439],[-55.59282570608736,74.91193904047562],[-55.595563648910094,74.91161351897219],[-55.598301474989505,74.91128795797373],[-55.60131130529148,74.91133251520857],[-55.60431683544308,74.91138157998621],[-55.60745621065989,74.9116134641143],[-55.61086727494812,74.91222434967375],[-55.614278493043464,74.91283080546478],[-55.61768973623313,74.91343727235011],[-55.61943781631437,74.91277282590103]]],"type":"Polygon"},"id":"00000000000000000162","properties":{"area":161250.5633240945,"elevation":996.0416703845817,"region":"NW","year":2018},"type":"Feature"},{"geometry":{"coordinates":[[[-54.56514121128716,73.09829770955606],[-54.564922576519656,73.09792316621117],[-54.56341557271709,73.09761102345125],[-54.562019939460356,73.09748617633873],[-54.56073113537045,73.09754858083295],[-54.559660904820745,73.09798564221211],[-54.55826527773004,73.0978652014414],[-54.55686946598509,73.09774038313073],[-54.555799310459754,73.09817734986594],[-54.554724662300835,73.09861437933424],[-54.55354741429306,73.09886401862376],[-54.55236592608521,73.09911376626545],[-54.55258434123783,73.09948832308916],[-54.553444809237625,73.09983169680613],[-54.55494753568421,73.10014380807691],[-54.555166012254944,73.10051836130798],[-54.55667331534774,73.1008305044866],[-54.55806893307939,73.1009553484085],[-54.559464800810176,73.1010802278938],[-54.56075337173007,73.10101774136938],[-54.56193513925897,73.10076810105421],[-54.563005261627204,73.10032666225825],[-54.563433339142996,73.099920874647],[-54.5638568990256,73.09951503904131],[-54.56493142892491,73.09907806954942],[-54.564713203206644,73.09870350310014],[-54.56514121128716,73.09829770955606]]],"type":"Polygon"},"id":"00000000000000000079","properties":{"area":109762.98850107226,"elevation":464.52172353056307,"region":"NW","year":2018},"type":"Feature"},{"geometry":{"coordinates":[[[-53.35497674895647,72.64707237398873],[-53.35479393442938,72.64669777304807],[-53.35271600214408,72.64640355922432],[-53.35073617580136,72.64630098001153],[-53.34884556129535,72.6463812154309],[-53.346954897247485,72.64646591523962],[-53.34506428825016,72.64654622527415],[-53.34307992424898,72.64644366484697],[-53.341189289357764,72.64652393141505],[-53.339298603224755,72.64660866235958],[-53.337318678129726,72.64650162647197],[-53.33551742409448,72.64677362311811],[-53.335610833396494,72.64696091332002],[-53.335887272645444,72.64752721902038],[-53.336797074698,72.64806227118586],[-53.33770215939915,72.64859737816519],[-53.338611846863266,72.64913697472615],[-53.33996304791525,72.64927073824433],[-53.34213021605895,72.64975231698227],[-53.34402076654463,72.64966757690301],[-53.34591152320095,72.64958286387947],[-53.34789576552067,72.64968989861732],[-53.34959898398971,72.6492305976005],[-53.35121337202674,72.64858405362543],[-53.35301039701017,72.64831197805928],[-53.35462441511684,72.64766546834701],[-53.35497674895647,72.64707237398873]]],"type":"Polygon"},"id":"0000000000000000002b","properties":{"area":179658.44719944964,"elevation":1088.1325716322447,"region":"NW","year":2018},"type":"Feature"},{"geometry":{"coordinates":[[[-61.51810166810028,76.38195298043499],[-61.51655413907764,76.3820599650837],[-61.513776023433856,76.38185488936301],[-61.51076635935819,76.38147144977508],[-61.50775652269552,76.38108793195079],[-61.506298394298575,76.38059298216476],[-61.50560695395429,76.38004897071995],[-61.50414898999421,76.3795540051602],[-61.5057809489152,76.3788450199696],[-61.50509428307604,76.37830099544182],[-61.502543660244726,76.37827871893553],[-61.50068420325492,76.37880485198593],[-61.49904791839867,76.3795138790705],[-61.500283001617916,76.3798260414344],[-61.49942245190151,76.38048149765245],[-61.50010903580123,76.38102553296817],[-61.50157140330364,76.38152047737836],[-61.5038053823395,76.38195747103013],[-61.50526357642672,76.38245243423641],[-61.50595482630144,76.38299640339773],[-61.50664159250303,76.38354489609739],[-61.50887550940907,76.38398187502125],[-61.511426089967806,76.38400416100265],[-61.514208759720546,76.38420489104097],[-61.5158406724221,76.38349584842038],[-61.517700197381295,76.38296971277244],[-61.51801669637825,76.38255054587687],[-61.51810166810028,76.38195298043499]]],"type":"Polygon"},"id":"00000000000000000212","properties":{"area":130994.90793388372,"elevation":566.1326687738066,"region":"NW","year":2018},"type":"Feature"},{"geometry":{"coordinates":[[[-51.93914529011971,71.90739228013643],[-51.93899816824037,71.90701322134663],[-51.93824474286617,71.90666094262413],[-51.93710310449831,71.90689283956984],[-51.93589018815226,71.90694186545257],[-51.93474850499988,71.90717374551573],[-51.9336072468853,71.90741006918343],[-51.93239426929573,71.90745471721578],[-51.93132862913517,71.90787828642215],[-51.9314757452391,71.90825281486651],[-51.93162274376246,71.90863187944646],[-51.930557246154095,71.90905549298216],[-51.9294913087348,71.9094791162824],[-51.92842572335155,71.9099027150418],[-51.92796653163637,71.91029956761832],[-51.929179293501775,71.91025497094046],[-51.930392048091754,71.91021036514559],[-51.93175658419869,71.91054037447051],[-51.93289365674295,71.91030848805197],[-51.93396399358204,71.9098848888476],[-51.93510094704009,71.90964851749231],[-51.93646533170012,71.90997855482806],[-51.937749772998934,71.91012120781329],[-51.93760253201694,71.90974668498828],[-51.93866830725315,71.90932300757007],[-51.93912743063305,71.90892170435043],[-51.93898035388682,71.90854711495724],[-51.938226636871164,71.90819043467616],[-51.93868614151405,71.90778911508164],[-51.93914529011971,71.90739228013643]]],"type":"Polygon"},"id":"00000000000000000003","properties":{"area":92559.4051905427,"elevation":865.0927195939402,"region":"NW","year":2018},"type":"Feature"},{"geometry":{"coordinates":[[[-56.694281670949984,75.19819544548905],[-56.693099821214666,75.19767818857895],[-56.68988503654824,75.19745970879468],[-56.68652286860565,75.19705388649358],[-56.68315631467122,75.19665260914347],[-56.680092646030836,75.19661690718198],[-56.676579037149104,75.19602833904588],[-56.673060924547464,75.19543524737952],[-56.669547105171816,75.19484665503008],[-56.66603316217574,75.19425363458257],[-56.662519592361114,75.19366499020337],[-56.66264443075906,75.19288021644923],[-56.66131542527059,75.19217565766297],[-56.6585552234056,75.1925145133608],[-56.65885403494861,75.19288465300613],[-56.65945614906663,75.19362934787083],[-56.66078508456783,75.19433830949771],[-56.66284057500147,75.195007157886],[-56.666358735854224,75.1955957756147],[-56.66826284976409,75.19607735327844],[-56.671629308344976,75.19648313136108],[-56.6751433385323,75.19707175752808],[-56.67866139343086,75.19766483917557],[-56.68217521316863,75.19825344113863],[-56.68523843864707,75.19828909687098],[-56.688453544135385,75.19850758001648],[-56.691517167665644,75.19853878907479],[-56.694281670949984,75.19819544548905]]],"type":"Polygon"},"id":"000000000000000001b4","properties":{"area":148473.94252172185,"elevation":805.8465567030487,"region":"NW","year":2018},"type":"Feature"},{"geometry":{"coordinates":[[[-55.400036549654956,74.06253821948933],[-55.39991157807658,74.06235088264047],[-55.39978667448117,74.0621636618777],[-55.399661958314184,74.06197637024084],[-55.39885474496522,74.06182473967584],[-55.39804773702474,74.06166865328395],[-55.397245091579656,74.06151711285844],[-55.39656302894609,74.06155274051217],[-55.395880527976274,74.06158839077666],[-55.39520294567096,74.0616196126994],[-55.39452068775395,74.06165530343713],[-55.39371333805563,74.06150372128408],[-55.39303575223927,74.06153493524153],[-55.392353490284535,74.06157061795676],[-55.39167122475806,74.06160629812526],[-55.390993378937914,74.06163745896252],[-55.39018630341087,74.06148590709734],[-55.38950421862847,74.0615215085451],[-55.388951279098826,74.06174450327427],[-55.38907608255102,74.06192734927535],[-55.389200877979036,74.06211457670184],[-55.38932574132044,74.06230192021799],[-55.390128173881855,74.06245794688877],[-55.39093554243841,74.06260954442702],[-55.391060176817504,74.06279684109082],[-55.39118524869357,74.06298411244467],[-55.391992212938334,74.06313573048199],[-55.3926700552345,74.06310006861229],[-55.39335217818813,74.06306883752318],[-55.39415941061404,74.06322049172655],[-55.39496211122872,74.063372045191],[-55.39576911782347,74.06352364683774],[-55.396451496970236,74.06349244993008],[-55.39713363155335,74.06345682334812],[-55.397936362390574,74.06360836398352],[-55.39874321448387,74.06376002343912],[-55.39942559325522,74.06372881556409],[-55.39997845161652,74.06350579020388],[-55.39985353842262,74.06331857003256],[-55.399728812668435,74.06313127898734],[-55.39960408960028,74.0629439877766],[-55.39947893442917,74.06275672156457],[-55.400036549654956,74.06253821948933]]],"type":"Polygon"},"id":"00000000000000000107","properties":{"area":57160.8978211714,"elevation":791.2283459674413,"region":"NW","year":2018},"type":"Feature"},{"geometry":{"coordinates":[[[-53.68739394302873,72.98846118302635],[-53.686555563550314,72.9881133141962],[-53.68635933305223,72.98773433172433],[-53.68552123486648,72.9873865055708],[-53.684236644257986,72.98744448781682],[-53.68275187562267,72.98712786700175],[-53.681467701814164,72.98718580740972],[-53.68008537487194,72.98705209475919],[-53.67880119213596,72.98711001527793],[-53.677713288610796,72.98754259934648],[-53.67662515488138,72.987979611626],[-53.675537102051464,72.98841206369467],[-53.67573313619818,72.98878669026276],[-53.67528296945377,72.98919241293417],[-53.674837082684036,72.9895982725834],[-53.673749133693995,72.99003075922299],[-53.6745873394085,72.99037857130594],[-53.674783559946114,72.99075312851997],[-53.67562181396463,72.99110093541455],[-53.675818113420036,72.99147997468063],[-53.6766564159443,72.99182777638441],[-53.67813674850225,72.99214433139258],[-53.67962160553239,72.99246094309562],[-53.68110212991902,72.99278207339643],[-53.68238620241136,72.9927240427376],[-53.683670497324556,72.99266605032857],[-53.68421457331423,72.9924520431341],[-53.68466503323452,72.99204627756274],[-53.68575282999679,72.9916137227849],[-53.68684098951799,72.99117677268485],[-53.6860027328988,72.9908289500825],[-53.68644851240883,72.9904276618039],[-53.68689440181472,72.99002181925705],[-53.68669814317291,72.98964283830846],[-53.686502128013025,72.98926827136424],[-53.68694781030424,72.98886249681829],[-53.68739394302873,72.98846118302635]]],"type":"Polygon"},"id":"0000000000000000005b","properties":{"area":199273.76153387208,"elevation":834.6184861639599,"region":"NW","year":2018},"type":"Feature"},{"geometry":{"coordinates":[[[-53.68470493797877,72.77925351943664],[-53.683777469917956,72.77871841364897],[-53.68285448342414,72.77818337160883],[-53.68075431283753,72.77789351670808],[-53.678850148425056,72.77797820518599],[-53.676950804018965,72.77806292007472],[-53.67523838266292,72.77852671922787],[-53.67343248386634,72.77879866970764],[-53.67162639696219,72.7790751549303],[-53.66991434576094,72.77953443994183],[-53.67001245684338,72.77972171789442],[-53.66966881629825,72.78031477950019],[-53.66932556670091,72.78090781845486],[-53.6696153455615,72.7814741368017],[-53.670538568399984,72.7820092252922],[-53.670828353092695,72.78257105574326],[-53.67175586243471,72.78310615858143],[-53.67394958379912,72.7835833036796],[-53.67604544072664,72.78387319507279],[-53.677851287670464,72.78360112589976],[-53.679465667989284,72.78295010362524],[-53.68107994025022,72.7822990647203],[-53.682060721977614,72.78167928356658],[-53.68240400806273,72.78108619616239],[-53.6821097264151,72.78052436112962],[-53.683723945761926,72.77987334076953],[-53.68470493797877,72.77925351943664]]],"type":"Polygon"},"id":"0000000000000000004b","properties":{"area":226021.91744446088,"elevation":781.8881167808925,"region":"NW","year":2018},"type":"Feature"},{"geometry":{"coordinates":[[[-53.22555133217302,72.53537187458923],[-53.22465498326964,72.5348368107989],[-53.22438316657968,72.53427493219478],[-53.22348221489981,72.53373543242614],[-53.22258617197145,72.53320028840527],[-53.22043678669877,72.53271423938173],[-53.218287665260725,72.53223269778503],[-53.21631661713455,72.53212567679157],[-53.214350143033236,72.53201864490818],[-53.21228996695708,72.53172431214746],[-53.210501804241765,72.53199636999801],[-53.20871364912302,72.53226392222525],[-53.207104012196915,72.5329104570704],[-53.20728703135697,72.53328505367092],[-53.206930226085625,72.53387806980984],[-53.20720219484216,72.53444000242156],[-53.20809839076749,72.53497950567925],[-53.21024778250515,72.5354611075827],[-53.21239704250271,72.5359426337229],[-53.21445724568772,72.53623698618865],[-53.216338842436976,72.53615673968223],[-53.21830549571214,72.5362637015662],[-53.22018706744269,72.53618341182835],[-53.221975303199635,72.53591143962811],[-53.22376320207816,72.53564388567221],[-53.22555133217302,72.53537187458923]]],"type":"Polygon"},"id":"00000000000000000035","properties":{"area":221563.89145932425,"elevation":1020.6099707216631,"region":"NW","year":2018},"type":"Feature"},{"geometry":{"coordinates":[[[-55.94988817011113,75.12781742927615],[-55.948291901185804,75.12770154472612],[-55.9468427108056,75.12777287926986],[-55.94524641983893,75.12766140831275],[-55.94379265505591,75.12773268000187],[-55.94233894756129,75.12780405660877],[-55.940746996370834,75.12768810721975],[-55.93929327108452,75.1277594613893],[-55.937697080141945,75.1276480454875],[-55.93624333665838,75.12771937718425],[-55.934651415403756,75.12760337898041],[-55.933197921051544,75.12767473301047],[-55.93160129814494,75.12756329431386],[-55.93014778560188,75.12763462587287],[-55.92855596783229,75.12751869456059],[-55.92883664496838,75.1278932655146],[-55.92984435396985,75.12823216216468],[-55.93129815339056,75.12815632437163],[-55.93289030779098,75.12827227858094],[-55.934486501479135,75.12838817121221],[-55.936078268398774,75.12849968806275],[-55.93753207911133,75.1284283582006],[-55.939128377756276,75.12854432927566],[-55.940862893789934,75.12884304842068],[-55.94217396592324,75.12858444497712],[-55.94362774065294,75.12851307020455],[-55.94494302833157,75.12825444339879],[-55.946396755509234,75.12818304793412],[-55.94798858020654,75.1282990230847],[-55.949304041202126,75.12804041130511],[-55.94988817011113,75.12781742927615]]],"type":"Polygon"},"id":"00000000000000000181","properties":{"area":45379.276201002496,"elevation":1029.5661501787843,"region":"NW","year":2018},"type":"Feature"},{"geometry":{"coordinates":[[[-55.338474027699334,74.33626904020814],[-55.33752885637661,74.33593015645573],[-55.33589227202674,74.33562249690316],[-55.334510092875114,74.33569384028476],[-55.333127663561,74.33576074974691],[-55.33161600708815,74.33564032388865],[-55.330233798090774,74.33571163562274],[-55.32872196871986,74.33559125712091],[-55.32733976381113,74.33565816946312],[-55.32595299819427,74.33572508844406],[-55.324445963634176,74.3356090823698],[-55.323059183177115,74.33567597991002],[-55.32180168992439,74.33593012775628],[-55.320294276970515,74.33581422954754],[-55.31890745417687,74.33588109613792],[-55.31740026517276,74.33576072623353],[-55.316013681598086,74.33582761702733],[-55.31475610476565,74.33608621098773],[-55.3145822161728,74.33615759219713],[-55.31552761874818,74.33650087128586],[-55.31691427901442,74.33642960656991],[-55.31842606945355,74.33654996374531],[-55.319812692720035,74.33648305554604],[-55.321324310595024,74.33660346003234],[-55.322711381565654,74.33653212744828],[-55.32409368272469,74.33646524993603],[-55.32560967412854,74.336585673741],[-55.326991914478356,74.33651428063544],[-55.32850792071724,74.33663468113377],[-55.32989044624486,74.33656780644297],[-55.33127701584906,74.33649643518595],[-55.332788743228136,74.33661686390325],[-55.334175599074406,74.33655001099405],[-55.33543749447308,74.33629138464724],[-55.33707388042805,74.33659900226687],[-55.33833577962003,74.33634485042104],[-55.338474027699334,74.33626904020814]]],"type":"Polygon"},"id":"0000000000000000011a","properties":{"area":60364.18347211388,"elevation":805.9964755077659,"region":"NW","year":2018},"type":"Feature"},{"geometry":{"coordinates":[[[-56.74906608815367,75.20577589520558],[-56.74891449372622,75.20559312683976],[-56.748762918579196,75.20540584874449],[-56.74861134695139,75.20521857042048],[-56.74845977884269,75.20503129186774],[-56.7490350714804,75.20480826672349],[-56.748883502979055,75.20462098819094],[-56.748005000202895,75.20447384896484],[-56.74712651116062,75.20432670587716],[-56.74697496798874,75.204139425709],[-56.74682314213967,75.20395661116142],[-56.74667160596199,75.20376933053868],[-56.74652007330224,75.20358204968728],[-56.745637070898844,75.20343487775735],[-56.74548555270993,75.20324759597082],[-56.74533375144001,75.20306477981568],[-56.744607145454786,75.2031004416236],[-56.743880248314674,75.20314056660824],[-56.743149045954425,75.20318071036976],[-56.74330036532109,75.20336355599169],[-56.74345232149488,75.20355081117947],[-56.74287698948706,75.20377382106766],[-56.74229743463,75.20400117285585],[-56.74172207137098,75.20422417882136],[-56.74114659538068,75.20445157694719],[-56.740567090343816,75.20467452869472],[-56.73999185259913,75.20490196657549],[-56.73941204640148,75.20512487068721],[-56.738837065403715,75.20534783883605],[-56.73825720933686,75.20557524848866],[-56.73840894336436,75.20576257740542],[-56.73929194070242,75.20590966506504],[-56.7401701900953,75.20605679823508],[-56.74032177708097,75.20623968774268],[-56.74047346066706,75.20642689939716],[-56.741352015186074,75.20657407098791],[-56.74223488501696,75.2067212172827],[-56.74311346704561,75.2068683811312],[-56.743996173945284,75.20701559135757],[-56.744723139550885,75.20697986170228],[-56.74544973668604,75.20693976331971],[-56.74618109116339,75.2068996127036],[-56.74675628686069,75.20667666807006],[-56.74733603831811,75.20645374361834],[-56.74806279328319,75.20641356371611],[-56.74878981351822,75.20637342480849],[-56.748638231815,75.20618614714475],[-56.74848636789782,75.20600333507133],[-56.74906608815367,75.20577589520558]]],"type":"Polygon"},"id":"000000000000000001a0","properties":{"area":79744.16497462286,"elevation":793.9001822951406,"region":"NW","year":2018},"type":"Feature"},{"geometry":{"coordinates":[[[-65.07113989159423,77.49300941146645],[-65.06776437020322,77.49266603149243],[-65.06603427380288,77.49219779079921],[-65.06430874172351,77.49172514547796],[-65.06340343983888,77.49119003241204],[-65.0625025134195,77.49065495900663],[-65.06242236686877,77.49005294689644],[-65.05904671094027,77.48971408230261],[-65.05567151544133,77.48937520325829],[-65.05312064080063,77.48896943225054],[-65.05057022658947,77.48856366662268],[-65.04719891006239,77.4882247277135],[-65.04502747994692,77.48859936262092],[-65.04255274914108,77.4887910838873],[-65.04098308145086,77.48952232494088],[-65.0427086545486,77.48999504531481],[-65.04361379945948,77.49053011058295],[-65.04533957978478,77.49100281053444],[-65.04871504781129,77.49134164349944],[-65.05208632874233,77.49168057309538],[-65.05546189428193,77.49202393657778],[-65.05883741506602,77.49236278488975],[-65.06056749916654,77.4928309972121],[-65.06394280035157,77.4931743663041],[-65.06731838311453,77.49351325260714],[-65.07009217421232,77.49349542764486],[-65.07113989159423,77.49300941146645]]],"type":"Polygon"},"id":"0000000000000000023e","properties":{"area":168931.76207870332,"elevation":559.6425278118521,"region":"NW","year":2018},"type":"Feature"},{"geometry":{"coordinates":[[[-56.4070218210065,74.9100661762068],[-56.406446824976875,74.90932149245018],[-56.40415472983724,74.90924565103965],[-56.401577376830055,74.90976745586984],[-56.39928964653682,74.91066368237563],[-56.39642711517246,74.91081528642779],[-56.39399675303462,74.91152429609029],[-56.39175831716777,74.91193454418256],[-56.390130771903245,74.91230908000902],[-56.387843394716405,74.91320537892825],[-56.38589924759761,74.9135041517603],[-56.384182492662035,74.91369140406943],[-56.38361162153808,74.91391440611403],[-56.383562595976315,74.9144182957773],[-56.383758689808126,74.91506925819085],[-56.38333492479615,74.91547953119932],[-56.383897108978466,74.91621080737225],[-56.38513653114521,74.91645606171566],[-56.38814657868356,74.91649177032672],[-56.3894353075007,74.91622864049505],[-56.392155279974354,74.91588977839285],[-56.39363557276874,74.91532792173643],[-56.3958785023157,74.91492215886649],[-56.397350045059554,74.91435585740388],[-56.399343319175784,74.91357544434602],[-56.40045805443671,74.91313851210155],[-56.40249150986862,74.91234030081105],[-56.40388273334043,74.91178296043022],[-56.4061700813079,74.91088663889141],[-56.4070218210065,74.9100661762068]]],"type":"Polygon"},"id":"000000000000000001b6","properties":{"area":231552.03419458953,"elevation":619.2659449210208,"region":"NW","year":2018},"type":"Feature"},{"geometry":{"coordinates":[[[-55.03309702483027,74.33472616080691],[-55.03134452770092,74.3342312184363],[-55.030283182576156,74.33370060175619],[-55.02783528651969,74.33323679996997],[-55.02587340166852,74.33352667498411],[-55.024040655080704,74.33399938130606],[-55.02428594068853,74.33437389132264],[-55.02396045789397,74.33497144778757],[-55.024326041116176,74.33553325110313],[-55.024000382278494,74.33612638194616],[-55.024370543180474,74.33668817380415],[-55.02404502851096,74.33728572603384],[-55.02441066761906,74.33784752559062],[-55.02616746567251,74.33834254302771],[-55.02653319360845,74.33890433719765],[-55.0275945665587,74.33943503829248],[-55.029676975005316,74.33933246751269],[-55.031879714829614,74.33942165495165],[-55.03151400159258,74.33885980075189],[-55.031143951245134,74.33829788452441],[-55.030082615198836,74.33776731777202],[-55.02971699468356,74.33720545782577],[-55.030042542785466,74.33661243421761],[-55.02967240044423,74.33605058211478],[-55.03138466409114,74.33538611043161],[-55.03309702483027,74.33472616080691]]],"type":"Polygon"},"id":"000000000000000000f7","properties":{"area":121854.6271382761,"elevation":979.934520100875,"region":"NW","year":2018},"type":"Feature"},{"geometry":{"coordinates":[[[-55.23233420110374,73.61705621814593],[-55.23173215627368,73.61677520137445],[-55.23157601498192,73.61652999884748],[-55.23067099749852,73.61619111328231],[-55.22910587053037,73.61588345407658],[-55.227540546252406,73.61557573552592],[-55.22597551205293,73.61526804920602],[-55.22572131934249,73.61527252673538],[-55.22427671898048,73.61515213754801],[-55.22295226139383,73.61521900466397],[-55.221507493456826,73.61509866392053],[-55.22030337006725,73.61535282574721],[-55.220352508703684,73.61543304896045],[-55.22012511190898,73.61575854565342],[-55.221404818086924,73.61601277084326],[-55.22222519152291,73.61622233094361],[-55.221801562479804,73.6166281065579],[-55.2227025093976,73.6169670263412],[-55.22376816858314,73.61717659429807],[-55.22397343528887,73.61749763822823],[-55.22529780148822,73.617430719168],[-55.22674677387653,73.61755115565981],[-55.22807118386946,73.6174798297256],[-55.22952035084706,73.61760017328366],[-55.23084475229182,73.61753332960419],[-55.23205321917333,73.6172790824953],[-55.23233420110374,73.61705621814593]]],"type":"Polygon"},"id":"000000000000000000c1","properties":{"area":67678.61296050296,"elevation":514.7636818568994,"region":"NW","year":2018},"type":"Feature"},{"geometry":{"coordinates":[[[-65.07540737448275,77.63457241176788],[-65.07479619493816,77.63421128175122],[-65.07501926021432,77.63379211613538],[-65.0744128435849,77.63343541446768],[-65.07463571922597,77.63301178280756],[-65.07485891558208,77.63258818196175],[-65.07508628938683,77.63216451398515],[-65.0744754285778,77.63180784232648],[-65.07219669005657,77.63158040076378],[-65.07159044945017,77.6312236879661],[-65.07097938690072,77.63086697389787],[-65.06931183772683,77.63099621959654],[-65.06703765263613,77.63077331680293],[-65.06536988438027,77.63090261323416],[-65.06339890193581,77.63085351528372],[-65.06234207467453,77.63133963184163],[-65.06037120952341,77.63129497341662],[-65.05900657187823,77.63160272047784],[-65.05961303119815,77.63195941597714],[-65.05939019659141,77.63238298829711],[-65.05916717726737,77.63280663687371],[-65.05977369905568,77.63316332947765],[-65.06038460255498,77.63352006470708],[-65.06015707925977,77.6339437440184],[-65.0624359267495,77.6341666437393],[-65.06304227770691,77.63452783552151],[-65.06365315439066,77.63488463808993],[-65.06592733831918,77.63510750602646],[-65.06653817113188,77.63546873245019],[-65.06881665814437,77.63569169604979],[-65.07078766300573,77.63574068906377],[-65.07275882985749,77.63578977636048],[-65.07473401654407,77.63583886000754],[-65.07495690907452,77.63541523515919],[-65.07517978976537,77.63499160879293],[-65.07540737448275,77.63457241176788]]],"type":"Polygon"},"id":"00000000000000000248","properties":{"area":160201.43845716954,"elevation":780.5834968340318,"region":"NW","year":2018},"type":"Feature"},{"geometry":{"coordinates":[[[-55.7465665210228,74.43042742239787],[-55.74534021166494,74.42971843673216],[-55.74272716089339,74.42907630725286],[-55.739418822172944,74.42847431425025],[-55.73958813927011,74.4276895495263],[-55.736974936754535,74.42704743642247],[-55.7341970034694,74.42719013821198],[-55.73154378610751,74.42752006237188],[-55.729292181529196,74.42840743781917],[-55.726643304733294,74.42873737959115],[-55.72333463473413,74.42813101433784],[-55.72068602126078,74.4284564691686],[-55.718429808896275,74.42934831804278],[-55.718960233034146,74.43009302371031],[-55.72018217645685,74.43080645430372],[-55.722790574943744,74.43144409304716],[-55.72123444218264,74.4323002065617],[-55.72315188669512,74.43297353664455],[-55.72593436658574,74.43283536379482],[-55.72858290345245,74.43250537585007],[-55.73136534452558,74.43236267378549],[-55.73414356534315,74.43222449538813],[-55.73666308593698,74.43170717784629],[-55.739182414675234,74.43119438918991],[-55.7420941264944,74.43123898902208],[-55.74500583557868,74.43128354402658],[-55.7465665210228,74.43042742239787]]],"type":"Polygon"},"id":"00000000000000000135","properties":{"area":323826.4737437535,"elevation":372.5620538015284,"region":"NW","year":2018},"type":"Feature"},{"geometry":{"coordinates":[[[-56.980381880697074,75.10339049350455],[-56.979195788743574,75.10286880156568],[-56.97801427091053,75.10235151494108],[-56.97553956926851,75.10209736307924],[-56.973064471439066,75.10184320908856],[-56.970897478725945,75.10196356776348],[-56.968574212590966,75.1018966786393],[-56.96655895129609,75.10219991524384],[-56.96454315317326,75.10250315905891],[-56.96283562986861,75.1031809061357],[-56.96081990384339,75.10348415306272],[-56.95910766305733,75.10416196210554],[-56.95739978846646,75.10483525923722],[-56.957136789197065,75.1054327749559],[-56.95759601310291,75.10599010485758],[-56.95877787395031,75.10650740337377],[-56.96125244554299,75.10676156117557],[-56.96326808575128,75.10645834468038],[-56.96559125522872,75.10652528415568],[-56.967606771797456,75.10622202248383],[-56.96931914947346,75.10554869925653],[-56.97102688652271,75.10487094551428],[-56.972886243162534,75.10438037693714],[-56.97505779071291,75.10425997286947],[-56.977380956850396,75.10433132776554],[-56.97939634409923,75.10402370279148],[-56.980381880697074,75.10339049350455]]],"type":"Polygon"},"id":"00000000000000000196","properties":{"area":203105.30416182522,"elevation":476.1951891712747,"region":"NW","year":2018},"type":"Feature"},{"geometry":{"coordinates":[[[-54.63823467455816,73.89697625792884],[-54.63788698142149,73.89641440688963],[-54.63609426077943,73.89688263047869],[-54.63418156785777,73.89716352705202],[-54.63250037521099,73.89782347453068],[-54.63081499347766,73.89847895338005],[-54.630930833787446,73.89866624034556],[-54.62992278980163,73.89929498722918],[-54.63026629553158,73.89985682539425],[-54.62993619330212,73.90044990084732],[-54.63027972374148,73.90101173743169],[-54.629949604655515,73.90160481100325],[-54.63029321313864,73.90217107450852],[-54.63130958148571,73.90269728587775],[-54.63233094024176,73.90322789562526],[-54.63335192383501,73.90375852264987],[-54.6356083735624,73.9040394440852],[-54.63526505473028,73.90347759726774],[-54.63424379004368,73.90294693375931],[-54.63390034812165,73.90238515310327],[-54.63287942862977,73.90185452761952],[-54.63253599006064,73.90129262663963],[-54.63219263338144,73.90073084084842],[-54.63252266656924,73.9001377613308],[-54.634208260028366,73.89947777156982],[-54.63386044616184,73.8989159869164],[-54.634868198387835,73.89829171519379],[-54.63654934052011,73.89763174641097],[-54.63823467455816,73.89697625792884]]],"type":"Polygon"},"id":"000000000000000000c9","properties":{"area":73998.99175304222,"elevation":1078.0401447361987,"region":"NW","year":2018},"type":"Feature"},{"geometry":{"coordinates":[[[-55.62111412890282,74.23490919614774],[-55.620984830726556,74.23472194467047],[-55.620168936742964,74.23457036164106],[-55.61935293921267,74.23441427916808],[-55.61866182163039,74.23444996645478],[-55.61797496596272,74.23448558175387],[-55.61728835952688,74.23452123974504],[-55.61660156394466,74.23455696606962],[-55.61578118833724,74.2344053881693],[-55.61509457755989,74.23444103807807],[-55.61440771027396,74.23447664018727],[-55.61372104502761,74.23450790523847],[-55.613850268544226,74.23469516137578],[-55.61466637885165,74.23484681695419],[-55.61548254917102,74.2350028487303],[-55.616298431576446,74.23515445195554],[-55.61711432636304,74.23530605162979],[-55.617805734427975,74.23527041564697],[-55.6184923672894,74.23523475600543],[-55.619178996507465,74.23519909381294],[-55.619736519877634,74.23497610605055],[-55.6204276537511,74.23494041494982],[-55.62111412890282,74.23490919614774]]],"type":"Polygon"},"id":"0000000000000000011f","properties":{"area":13736.33978650399,"elevation":704.7399582681275,"region":"NW","year":2018},"type":"Feature"},{"geometry":{"coordinates":[[[-66.5999470899913,76.60767271204804],[-66.59980436919899,76.60707070269528],[-66.59737432104825,76.60668279096396],[-66.59570678452079,76.6062234607029],[-66.59327621073037,76.60583109018926],[-66.59114498920243,76.60561704515987],[-66.58916056439023,76.60600496489339],[-66.58656985315726,76.6060361530628],[-66.58488457410787,76.6066024982844],[-66.58259676015278,76.60681209231325],[-66.5809112571215,76.60737396967893],[-66.57862370031764,76.60758347193489],[-66.57663938167788,76.60797144283515],[-66.57705419934182,76.60815874016185],[-66.57754024541858,76.60852434023394],[-66.57615783224986,76.60926458352546],[-66.57782553919836,76.60972388843784],[-66.57873092682205,76.61025454487621],[-66.5802602649624,76.61008950249058],[-66.58148649937841,76.60979971700591],[-66.58377854866028,76.60958569347599],[-66.58697580305919,76.6099066759881],[-66.58986977047759,76.610053872806],[-66.59216148407201,76.60984427709752],[-66.59415033877623,76.60945635883049],[-66.59565765062288,76.60929135987377],[-66.59690161169945,76.60899702703023],[-66.59828394970265,76.60825684778358],[-66.59986702445254,76.60808742460829],[-66.5999470899913,76.60767271204804]]],"type":"Polygon"},"id":"00000000000000000233","properties":{"area":196947.14704473413,"elevation":875.5945541159914,"region":"NW","year":2018},"type":"Feature"},{"geometry":{"coordinates":[[[-57.17405852400077,75.22262683276476],[-57.17051807010333,75.22204266545839],[-57.168431381706775,75.22137831283376],[-57.16780257051347,75.22063806776816],[-57.167173803273236,75.21989342428834],[-57.165247498899014,75.21941631246037],[-57.16186296935895,75.21901940098628],[-57.15863902106824,75.21880540800973],[-57.15556669631571,75.21878314791468],[-57.15281104661474,75.219126455451],[-57.149899180915895,75.21928701472893],[-57.14698724145243,75.21944753101803],[-57.144075499068244,75.21960804746237],[-57.14132003772075,75.2199513941858],[-57.138403629605534,75.22011192868854],[-57.13944700442887,75.22044635830598],[-57.139344525752556,75.22122669525588],[-57.13924185927329,75.22201149639895],[-57.14132864230999,75.22267590035493],[-57.143411281083814,75.22334031191886],[-57.14695187760469,75.22392443406356],[-57.15018022312651,75.22413406303711],[-57.15324798613716,75.22416073650028],[-57.15632020392417,75.22418756297824],[-57.15954873161898,75.22439715646445],[-57.16277704567731,75.22460665494044],[-57.16584480482507,75.2246334379269],[-57.168600618176335,75.22429010610944],[-57.171356477399925,75.22394226829049],[-57.17395601329236,75.22341162986555],[-57.17405852400077,75.22262683276476]]],"type":"Polygon"},"id":"000000000000000001ae","properties":{"area":460401.39446655114,"elevation":566.3236136504528,"region":"NW","year":2018},"type":"Feature"},{"geometry":{"coordinates":[[[-59.51647328076158,76.1232582745143],[-59.51627273825663,76.12307540150977],[-59.51530965454524,76.12293722014375],[-59.514342183204896,76.12280341143077],[-59.513378837678026,76.12266518150963],[-59.51241120811236,76.12253143807943],[-59.512214832975864,76.12234414417341],[-59.51201435089206,76.12216126678788],[-59.51105135139843,76.1220230662678],[-59.510083485136775,76.12188927238391],[-59.509316555332475,76.12193832028206],[-59.508549698890725,76.12198299328624],[-59.50758646573361,76.12184922338272],[-59.5068195013544,76.12189377631229],[-59.506052554916245,76.1219428124204],[-59.505285602249664,76.12199184573034],[-59.50548619409771,76.12217465505312],[-59.505682279297154,76.12235754272368],[-59.5051161894444,76.12258942368246],[-59.50454546688186,76.12282126752338],[-59.50474606231815,76.12300407681802],[-59.50570908271159,76.12314230512985],[-59.50590998678095,76.12332515308616],[-59.50610598873646,76.1235079256001],[-59.50630663519865,76.12369521894156],[-59.5057358938467,76.12392706455842],[-59.505936622331376,76.1241099858278],[-59.506899695253075,76.12424372265387],[-59.50786742282419,76.12438197626044],[-59.50883054911953,76.12452019035973],[-59.50959760626336,76.12447114571184],[-59.51016368787499,76.12423925501315],[-59.51073436838082,76.12400739754571],[-59.51150139113768,76.12395834572574],[-59.51246480536125,76.12409658368054],[-59.51323182372627,76.12404752566336],[-59.513802448032536,76.12381565942188],[-59.51456947231128,76.12377108235945],[-59.515336464338525,76.12372201655353],[-59.51590271880583,76.12349014893242],[-59.51647328076158,76.1232582745143]]],"type":"Polygon"},"id":"000000000000000001fb","properties":{"area":56577.22806460621,"elevation":551.9637895266236,"region":"NW","year":2018},"type":"Feature"},{"geometry":{"coordinates":[[[-55.646727403843315,74.91453422571415],[-55.6450239930525,74.91423094695587],[-55.64259823492683,74.91396343642467],[-55.6401725404057,74.91369589589071],[-55.63815246160164,74.9139856801898],[-55.63573112080281,74.9137182026937],[-55.63330534165828,74.9134506479695],[-55.63155744078617,74.91411505903598],[-55.62980504034537,74.91478389066901],[-55.62805712712425,74.91544831074286],[-55.62603706940818,74.91574261221076],[-55.623883393009955,74.9158452028726],[-55.62132387400522,74.91539036761884],[-55.61917006768456,74.9154973472184],[-55.619437688092006,74.91586745429352],[-55.61768963723291,74.91653630689889],[-55.619392943374635,74.91683951819458],[-55.621685066194885,74.91691983446623],[-55.62343286201583,74.91625538702985],[-55.62572490795488,74.91633565557652],[-55.628012409293966,74.91642040651725],[-55.63003250345126,74.91612608554779],[-55.63205220678753,74.91583625444889],[-55.63407241235119,74.91554193533051],[-55.63622613982051,74.9154349063383],[-55.638246161778866,74.91514509955174],[-55.640399796844335,74.91503802380493],[-55.64241994996863,74.91474821779651],[-55.64457356322501,74.9146412111779],[-55.646727403843315,74.91453422571415]]],"type":"Polygon"},"id":"00000000000000000163","properties":{"area":100284.59691651961,"elevation":997.5304206222712,"region":"NW","year":2018},"type":"Feature"},{"geometry":{"coordinates":[[[-55.207211429135214,73.52790090940508],[-55.2068549632154,73.52733906031641],[-55.20487502988972,73.52743715255454],[-55.2026588777189,73.52716513461434],[-55.200322233472505,73.52670584715572],[-55.197985757737044,73.52624214209342],[-55.196313401946924,73.52575161188886],[-55.19487327059477,73.52563127177413],[-55.19289346649797,73.52572934855674],[-55.19115434922104,73.5262064739738],[-55.189174445691506,73.52630901248087],[-55.18743106529382,73.52678165699352],[-55.18568758655239,73.52725878703424],[-55.18382822571212,73.52754417440644],[-55.181968552497764,73.52783399963243],[-55.18220477582017,73.5282085907575],[-55.183221697804434,73.52873478780238],[-55.18345795794478,73.52910937672456],[-55.18543789365434,73.529011245849],[-55.187770058174245,73.52947050733854],[-55.18974963643524,73.52936796634877],[-55.19172960334122,73.52926988208742],[-55.193950188545344,73.52954190371405],[-55.195925604136114,73.52943935481245],[-55.19802588312345,73.52952851511624],[-55.200125995675464,73.52961321775548],[-55.201864979648995,73.52913607978147],[-55.20360864643556,73.52866338739587],[-55.20558853975873,73.52856087734116],[-55.207211429135214,73.52790090940508]]],"type":"Polygon"},"id":"000000000000000000ba","properties":{"area":217304.0541580404,"elevation":354.2608724075376,"region":"NW","year":2018},"type":"Feature"},{"geometry":{"coordinates":[[[-55.58403681774444,74.74228359906098],[-55.583769456167126,74.74190900242397],[-55.582797090544766,74.74157009579586],[-55.58323877602439,74.74115988051227],[-55.582975648075,74.74078528454484],[-55.58199897217458,74.74044644079656],[-55.58031335840345,74.74014320039424],[-55.5786280578871,74.73983999055545],[-55.577076268190865,74.73972404746938],[-55.57552437390635,74.7396036032525],[-55.57397268557016,74.73948775128504],[-55.57242094369463,74.73937177092144],[-55.570869167758104,74.73925140539843],[-55.569446635539734,74.7393226833732],[-55.569714105630055,74.73969727561328],[-55.569268188695474,74.74010750215349],[-55.56953135207129,74.74047760173353],[-55.57050781329078,74.7408165072043],[-55.570771133423506,74.74119109310783],[-55.571038663326945,74.74156568149616],[-55.571301747080135,74.74194022058576],[-55.57227832304903,74.74227911611894],[-55.5732502862505,74.74261802875749],[-55.57409302794661,74.74276965816684],[-55.575649206852596,74.74288551283156],[-55.5773348840413,74.74319323577024],[-55.579020493793834,74.7434964553495],[-55.58057217494849,74.7436124088644],[-55.58212387191523,74.743728349958],[-55.582703683385795,74.7435098363059],[-55.58314515531214,74.74309957897646],[-55.58359080523487,74.74268932291555],[-55.58403681774444,74.74228359906098]]],"type":"Polygon"},"id":"00000000000000000158","properties":{"area":136510.75086883557,"elevation":860.5862654441922,"region":"NW","year":2018},"type":"Feature"},{"geometry":{"coordinates":[[[-54.881594669363,73.87609430384211],[-54.87843311998602,73.87547449784282],[-54.875940473296886,73.87482344237998],[-54.87368403143004,73.87454697002444],[-54.87075475197318,73.87430170114018],[-54.8675885666706,73.87368187897464],[-54.86442718178566,73.87306654118824],[-54.862607908336294,73.87237985342222],[-54.86281298018005,73.87159947619524],[-54.8623446250257,73.87085039228609],[-54.86457429075557,73.86997191340998],[-54.86231775988029,73.86969546572905],[-54.85950425303114,73.86963746792689],[-54.8570427720811,73.87014137828791],[-54.85727904907905,73.87051592421231],[-54.857074182915206,73.87129627209046],[-54.85754215869501,73.87204543763647],[-54.85868366973875,73.8727633222156],[-54.85982526861842,73.87348119884962],[-54.862313363322954,73.87413226838632],[-54.864806060201694,73.87478329747881],[-54.867972113749495,73.87540312061843],[-54.87113356557103,73.87601842025818],[-54.87406780461874,73.8762637232938],[-54.876877039496215,73.87632167253419],[-54.87969053010202,73.8763796419562],[-54.881594669363,73.87609430384211]]],"type":"Polygon"},"id":"000000000000000000d0","properties":{"area":158189.4614122073,"elevation":941.0131502437719,"region":"NW","year":2018},"type":"Feature"},{"geometry":{"coordinates":[[[-54.9548042123802,74.07231704417968],[-54.95456777996265,74.07194241751152],[-54.9510361167662,74.07192014427717],[-54.947027526692175,74.0711487726462],[-54.943495787286736,74.07112642606948],[-54.93996439932541,74.07109967735799],[-54.93643699078947,74.07107737424873],[-54.93290558052007,74.07105510376444],[-54.92937396815652,74.07103283586052],[-54.926203434135736,74.07157232731045],[-54.92267180697348,74.07154554979194],[-54.919380997754594,74.07189788432328],[-54.91609022932846,74.07225008874],[-54.91279501566295,74.07259797636603],[-54.9131517059173,74.07315980746473],[-54.91680362735519,74.07337380920082],[-54.92021485484542,74.07320879495936],[-54.92386700257411,74.0734183930557],[-54.927634834254,74.07381968998675],[-54.93116655531865,74.07384201841406],[-54.93469807428531,74.07386434942677],[-54.93822957795495,74.0738866128079],[-54.94140014155185,74.07334703454104],[-54.94469084323422,74.07299926971966],[-54.94810206859091,74.07283424876107],[-54.951513273154944,74.07266928058019],[-54.9548042123802,74.07231704417968]]],"type":"Polygon"},"id":"000000000000000000df","properties":{"area":255673.16312278167,"elevation":1057.8385085524435,"region":"NW","year":2018},"type":"Feature"},{"geometry":{"coordinates":[[[-65.19303848584318,77.15038097662317],[-65.19244545779667,77.15002424434756],[-65.19105391168799,77.14972995574847],[-65.1888600630446,77.14950701262056],[-65.18666639273435,77.14927960292589],[-65.18476678805519,77.14923495895412],[-65.18286714263705,77.14918593158173],[-65.18126191634572,77.14931526485736],[-65.1793668118428,77.14927065115373],[-65.17776152628925,77.14939996010891],[-65.17615639704583,77.14953373620548],[-65.17455103647343,77.14966302254383],[-65.17353871739367,77.15015358648657],[-65.17193357163458,77.15028288592555],[-65.17252193525842,77.15063962378615],[-65.17150557089123,77.15112560873582],[-65.17289661910064,77.15141997636009],[-65.17429238174385,77.15170977495552],[-65.17538928730826,77.15182566790546],[-65.1772886247056,77.15187032500342],[-65.17918832393943,77.15191936704534],[-65.18020070018761,77.1514288940572],[-65.18210033252079,77.15147791230316],[-65.18429411058688,77.15170088512035],[-65.18560503706534,77.15139316651957],[-65.18661733340973,77.1509071406998],[-65.18763405039395,77.15041662564555],[-65.18953368187616,77.15046569358711],[-65.1911388749222,77.15033193700988],[-65.19303848584318,77.15038097662317]]],"type":"Polygon"},"id":"0000000000000000022b","properties":{"area":98376.14287326537,"elevation":908.2654186620231,"region":"NW","year":2018},"type":"Feature"},{"geometry":{"coordinates":[[[-55.494823705870054,74.55289663145614],[-55.49386044047764,74.55255773534343],[-55.492197195247286,74.55225450311126],[-55.49092637409744,74.55250869812299],[-55.48939247114557,74.55239279791682],[-55.488121593228364,74.55264697375844],[-55.486846357194864,74.55290558182291],[-55.485312342163624,74.55278515743814],[-55.485575400623645,74.5531597397726],[-55.48442943908948,74.55360112763069],[-55.4832879220921,74.55404704924764],[-55.48214191154068,74.5544885374176],[-55.481000443661564,74.55492999739894],[-55.48125903773071,74.55530453240146],[-55.481517643299895,74.55567906667005],[-55.480376084973884,74.55612052064275],[-55.481339318462695,74.55645948077714],[-55.482997978765624,74.55676715536181],[-55.48326124584716,74.55714166551606],[-55.48421972696747,74.55748058558373],[-55.48377839846074,74.55788641974492],[-55.48544157290936,74.55819400693514],[-55.48671694730973,74.55793536977546],[-55.48798777274871,74.55768123538309],[-55.4893924080759,74.55760993475974],[-55.490667767403274,74.55735576131235],[-55.49180928722356,74.55690980031014],[-55.492950652945254,74.55646839344925],[-55.49199207840487,74.55612951557916],[-55.490328965814896,74.55582624332558],[-55.4907703245244,74.55541606015672],[-55.49191181533552,74.55497458630889],[-55.49305782296042,74.55452870874934],[-55.494199197060304,74.55408721920392],[-55.49464087035346,74.55367699866082],[-55.494382054605836,74.55330685359893],[-55.494823705870054,74.55289663145614]]],"type":"Polygon"},"id":"0000000000000000013e","properties":{"area":166551.9517072077,"elevation":735.8321538857437,"region":"NW","year":2018},"type":"Feature"},{"geometry":{"coordinates":[[[-55.37591274661839,74.43371373403876],[-55.37280462716634,74.43232251561686],[-55.3738749442993,74.43072177622571],[-55.374940694294445,74.42912534583304],[-55.36999984121198,74.42820678475718],[-55.36405148325268,74.42792137398142],[-55.35784907550002,74.42726144126675],[-55.35404526497763,74.42590142447393],[-55.351891549213484,74.42484911749304],[-55.34555969505956,74.42399742354829],[-55.34075266359179,74.42327058055403],[-55.34037370379112,74.42483123605831],[-55.34170710499247,74.42573200009934],[-55.347655370146214,74.42602178644465],[-55.352150203915635,74.42734619307485],[-55.34760190642578,74.42911648287367],[-55.342157314353656,74.42957568782936],[-55.3404496973771,74.43024013168251],[-55.3453901399956,74.43115428589704],[-55.35197620331692,74.43237602248833],[-55.35438868985445,74.43380297821271],[-55.35679673236086,74.43522987107986],[-55.363133003883725,74.4360816050943],[-55.368702360455245,74.4358051310617],[-55.37401774016169,74.43515851094651],[-55.37591274661839,74.43371373403876]]],"type":"Polygon"},"id":"00000000000000000126","properties":{"area":733800.5087155147,"elevation":707.4853149370712,"region":"NW","year":2018},"type":"Feature"},{"geometry":{"coordinates":[[[-55.425274896202616,73.99514338533739],[-55.42502531141949,73.9947687495894],[-55.4240975969551,73.99442990636199],[-55.42452580600045,73.9940196176297],[-55.42427631848863,73.99364509617914],[-55.424026592539185,73.99327052855998],[-55.42445886832377,73.99286474265472],[-55.42285374184355,73.99255708996043],[-55.42124847559262,73.99225387654486],[-55.41989281600075,73.99232072466904],[-55.41866225258841,73.99257939463448],[-55.41730655281138,73.99264622337436],[-55.41620089548057,73.99308771112719],[-55.41509474472712,73.99353359901394],[-55.41398451683069,73.99397509128474],[-55.41423423909868,73.99434959984004],[-55.41448403717446,73.99472422400692],[-55.41541135938506,73.99506306898041],[-55.41566119172986,73.99543769103543],[-55.41591072624444,73.99580776821428],[-55.41616076397441,73.99618231821869],[-55.417516231026916,73.99611540926149],[-55.41912135633407,73.99641867915278],[-55.42072677423328,73.99672636304203],[-55.42195739047185,73.99646775451299],[-55.42331309073254,73.99640084831101],[-55.42374092633048,73.9959905892603],[-55.42416923795905,73.99558480210082],[-55.425274896202616,73.99514338533739]]],"type":"Polygon"},"id":"000000000000000000e4","properties":{"area":118309.76525785084,"elevation":683.330318247822,"region":"NW","year":2018},"type":"Feature"},{"geometry":{"coordinates":[[[-53.78347861930304,72.7133881365539],[-53.782020470554066,72.71306704780378],[-53.78182417310199,72.71269250865588],[-53.780557837969596,72.7127504353437],[-53.779099665471556,72.71243387677079],[-53.777641535490815,72.71211730578909],[-53.776183379680404,72.71179623665529],[-53.774725335066755,72.7114796408566],[-53.77389595564994,72.71113188118044],[-53.7731690696996,72.71097576883652],[-53.77190284858232,72.71103374860107],[-53.77054274480231,72.71090440321039],[-53.76918288497205,72.71077509475134],[-53.76791624730561,72.71083306629252],[-53.76665442521048,72.71089107350099],[-53.76549055529844,72.71113629138331],[-53.76432228827622,72.71138155129178],[-53.765147339206464,72.7117293377224],[-53.765976769293665,72.71207270110847],[-53.764906486122996,72.7125096694987],[-53.76510270176555,72.71288427412101],[-53.765927420130936,72.71323207791994],[-53.767385657354076,72.71354867915105],[-53.76884393710843,72.7138652679717],[-53.77020819440458,72.71399459865562],[-53.7714701924443,72.71393656642405],[-53.77283009809807,72.71406592660142],[-53.774096504894885,72.71400794135147],[-53.77535853457062,72.71394999715926],[-53.776821205349535,72.71427102259442],[-53.777984913029876,72.71402579769948],[-53.77925129068486,72.71396777384783],[-53.7805131124049,72.71390986047784],[-53.78167708570603,72.71366010241948],[-53.78294347220709,72.71360216779111],[-53.78347861930304,72.7133881365539]]],"type":"Polygon"},"id":"00000000000000000046","properties":{"area":147560.660106742,"elevation":734.5200482509049,"region":"NW","year":2018},"type":"Feature"},{"geometry":{"coordinates":[[[-57.77810608714889,75.48798796442392],[-57.77612648203365,75.48751533254888],[-57.774882247470025,75.487002524418],[-57.772492184690115,75.4869445407625],[-57.770276050715296,75.48706938782455],[-57.767716528352544,75.48682409805001],[-57.76566549401293,75.48713630450365],[-57.76361428571212,75.4874483744479],[-57.761728110773255,75.48794337329684],[-57.759676799493114,75.48825551620433],[-57.75712172502269,75.48801028110162],[-57.75439711932295,75.48758217355324],[-57.75217667461768,75.48770702149828],[-57.74979109148217,75.4876490731279],[-57.74757039108979,75.48777394304193],[-57.74568418499705,75.48826887357062],[-57.746018725594034,75.48864342095766],[-57.7480029518019,75.48911612068196],[-57.75038847371865,75.48917404873782],[-57.75260913626661,75.48904922249443],[-57.7548297657718,75.48891990845165],[-57.75721996226719,75.48898233416045],[-57.75960553472868,75.48904026914272],[-57.76199556147486,75.48909824826269],[-57.76421615549678,75.48897340950829],[-57.7666018008703,75.48903137749645],[-57.76882260447428,75.48890653042025],[-57.77121240518108,75.488964473972],[-57.77343295309008,75.48883964883896],[-57.775653921601375,75.48871476884659],[-57.77770481215168,75.48840265128027],[-57.77810608714889,75.48798796442392]]],"type":"Polygon"},"id":"000000000000000001cd","properties":{"area":141424.73456819466,"elevation":414.3565655532255,"region":"NW","year":2018},"type":"Feature"},{"geometry":{"coordinates":[[[-56.73899757729199,75.17097265228949],[-56.738118995295956,75.17082545899304],[-56.7365137706767,75.1707185015501],[-56.73475695004258,75.17042413297249],[-56.7331558964773,75.1703126889017],[-56.73155073484334,75.17020569165045],[-56.73024427464101,75.17046876519416],[-56.72879059428048,75.17054452152637],[-56.727488597601464,75.17081210871929],[-56.72618657954521,75.1710751767762],[-56.725036055447546,75.17152113019323],[-56.72388107405174,75.171971491514],[-56.724911172789724,75.17230584824573],[-56.724487570974055,75.17271615317352],[-56.72405957709581,75.17312636210575],[-56.72363593560823,75.17353666366424],[-56.72393901765606,75.1739111686813],[-56.72496475525193,75.17424561622676],[-56.7252679819888,75.17461572389122],[-56.72702476650643,75.17491001432136],[-56.7287815838423,75.17520879927147],[-56.73008388604056,75.17494121015385],[-56.730507476514475,75.174531011676],[-56.72947722980037,75.17420100811168],[-56.72917850704972,75.1738264182177],[-56.72960209526832,75.1734162198841],[-56.73002585390621,75.17300594816157],[-56.73118053454039,75.17255562399767],[-56.732331049674194,75.17210524151604],[-56.7334860643155,75.17165487359176],[-56.73463645427578,75.17120447541143],[-56.73624169962729,75.17131595812565],[-56.73784705938774,75.17142303329042],[-56.73899757729199,75.17097265228949]]],"type":"Polygon"},"id":"000000000000000001b1","properties":{"area":102654.09082363974,"elevation":803.0971448467965,"region":"NW","year":2018},"type":"Feature"},{"geometry":{"coordinates":[[[-53.61939274728155,72.95743027636728],[-53.61762665300178,72.95654740447789],[-53.614572302965875,72.95572245147866],[-53.61236053518932,72.95524534483434],[-53.60866826344124,72.95444715150263],[-53.605168012309534,72.95402349153505],[-53.60196190135735,72.95416616792654],[-53.59885380486586,72.95449618738013],[-53.59593758822987,72.95520074930982],[-53.59302159711266,72.95590972234515],[-53.591580980683176,72.95693532584606],[-53.5901452842236,72.9579608960392],[-53.589342701737756,72.95895976180394],[-53.588544432937866,72.95995409247904],[-53.59031483594728,72.96083704721254],[-53.59272269428475,72.96169314027622],[-53.594493018091796,72.96257607238829],[-53.59725314040106,72.96283912161024],[-53.60055727766518,72.96288372473015],[-53.603473639824415,72.96217925889567],[-53.60629179060083,72.96128290855043],[-53.60590391568805,72.96053378891065],[-53.607986146237096,72.95947696920511],[-53.610706230049225,72.95839340228665],[-53.61401036171746,72.95844248773024],[-53.61692665869429,72.9577335375834],[-53.61939274728155,72.95743027636728]]],"type":"Polygon"},"id":"0000000000000000005d","properties":{"area":575531.1546760544,"elevation":920.3405107287864,"region":"NW","year":2018},"type":"Feature"},{"geometry":{"coordinates":[[[-53.44212109009697,72.65918329302905],[-53.44193383274734,72.65880874236902],[-53.4411132308879,72.65846093005327],[-53.44029724324275,72.65811311993782],[-53.43884794656096,72.65779203623424],[-53.437403099603905,72.65747101542611],[-53.435954117040126,72.65714995535005],[-53.434692269316706,72.65720792774353],[-53.433430240925205,72.65726147387933],[-53.43217273158471,72.65731938553539],[-53.430910684047106,72.65737291276182],[-53.42955512061392,72.65723914857955],[-53.42848045571184,72.65767168625723],[-53.42741033013396,72.65810422309015],[-53.4275931362714,72.65847876132749],[-53.42652294847786,72.65891129164876],[-53.426705736365044,72.65929031602714],[-53.42689312911,72.65966486091094],[-53.42645171694222,72.66007069807614],[-53.426639113375515,72.66044524281976],[-53.42745516181412,72.66079304790345],[-53.42827100924677,72.66114080081921],[-53.42953289644835,72.66108731577044],[-53.43098208993849,72.66140394442124],[-53.43215042941461,72.66116315955044],[-53.433412308197596,72.6611051597998],[-53.43466980941421,72.66105167811942],[-53.43574450479202,72.66061910354935],[-53.43691278993478,72.66037391629851],[-53.43808098782703,72.66013308927783],[-53.43924939179614,72.65988781642746],[-53.4404175855232,72.65964260417083],[-53.44158133428549,72.65940179418998],[-53.44212109009697,72.65918329302905]]],"type":"Polygon"},"id":"0000000000000000006a","properties":{"area":168959.18483516685,"elevation":1038.7100559248709,"region":"NW","year":2018},"type":"Feature"},{"geometry":{"coordinates":[[[-54.57040281735621,73.8413667827625],[-54.56871732587322,73.8408718847625],[-54.56702739059683,73.84037242453536],[-54.567361672778624,73.83977490225249],[-54.56567615399527,73.83927992871081],[-54.563317405881016,73.83881172984955],[-54.562305300107965,73.83828107614286],[-54.561961879146864,73.83771927305682],[-54.560949439711,73.83718863413206],[-54.56061066402401,73.83662232918635],[-54.560271945320025,73.83606045208798],[-54.56060179997734,73.83546743466209],[-54.562282968815566,73.83481189717102],[-54.56127068530308,73.83428125702184],[-54.55980801705903,73.83415641278313],[-54.557676671161765,73.83406275783194],[-54.555888551244735,73.83453101350561],[-54.55600010237851,73.83472273023672],[-54.556338853839264,73.83528454639541],[-54.556004491687915,73.83587767104325],[-54.5556744823306,73.8364706785533],[-54.55668674143961,73.83700134672137],[-54.5576988120801,73.83753196219821],[-54.55736464590563,73.83812501608803],[-54.55905008511983,73.83862442553482],[-54.55939325334698,73.83918630229381],[-54.561078838450015,73.83968569246747],[-54.562090991172255,73.84021635136808],[-54.56310320072544,73.8407470042585],[-54.565462192701624,73.84121520505705],[-54.567825540333224,73.84168344604613],[-54.56995690577539,73.8417770320706],[-54.57040281735621,73.8413667827625]]],"type":"Polygon"},"id":"000000000000000000be","properties":{"area":122740.84260837044,"elevation":1050.2933954888956,"region":"NW","year":2018},"type":"Feature"},{"geometry":{"coordinates":[[[-57.52678261805136,75.66054179556684],[-57.524784768879,75.66006469665938],[-57.5237056472662,75.6597346920057],[-57.521128183591266,75.65948943554686],[-57.51854637176898,75.65924418437469],[-57.515969192484995,75.65899451912352],[-57.513391726436865,75.65874923878786],[-57.51097933705088,75.65868683749432],[-57.508731856952195,75.65880720573685],[-57.50631973078802,75.65874479251121],[-57.503907139381006,75.65868238075898],[-57.50182922240319,75.65899444142208],[-57.49991198827951,75.65948947829565],[-57.49783403950236,75.6597971517588],[-57.49816384838239,75.66016726304214],[-57.497165031298614,75.66080484544767],[-57.49841357358091,75.66132210882253],[-57.49815942326263,75.661919682621],[-57.499408083216196,75.66243693824204],[-57.50182020749677,75.66249934961577],[-57.50439779687826,75.66274461612618],[-57.50681445822394,75.6628070472003],[-57.5088923805836,75.66249936071176],[-57.511139877074996,75.66237445118577],[-57.51355234026524,75.66243688283357],[-57.51579985662804,75.6623120370074],[-57.51804706502581,75.66219169815736],[-57.520124997002206,75.66187947864243],[-57.522537460441434,75.66194191975207],[-57.52478488320904,75.66181708955259],[-57.52653263155175,75.66113927758477],[-57.52678261805136,75.66054179556684]]],"type":"Polygon"},"id":"000000000000000001d6","properties":{"area":272885.28618277836,"elevation":718.3719127883261,"region":"NW","year":2018},"type":"Feature"},{"geometry":{"coordinates":[[[-56.86534172101595,74.91151093614275],[-56.86441860721865,74.91129691112617],[-56.86391912668695,74.9109490676351],[-56.86213546632435,74.91058787435057],[-56.859995045460664,74.91070381264102],[-56.857551573034506,74.91044961419443],[-56.8549608958585,74.91000819641165],[-56.85331096626293,74.91041847824458],[-56.85210699726644,74.91048533136086],[-56.84981517709699,74.910097403926],[-56.84796902645276,74.91058338285737],[-56.84598026883826,74.91088661028668],[-56.84398720648505,74.91118984080028],[-56.84229255015921,74.91186320793386],[-56.840303789077815,74.91216641804316],[-56.838310722888174,74.91246963111318],[-56.8381725412756,74.91299577604457],[-56.83890815030843,74.91321425248537],[-56.83792711989047,74.91385193780235],[-56.83892149797616,74.9139278011636],[-56.84106636043811,74.9138118003349],[-56.84366149082351,74.91425325831236],[-56.84550762809905,74.91376272827236],[-56.847500761838155,74.91345955876547],[-56.84949849729605,74.91315631549145],[-56.851790634791904,74.91322321823182],[-56.85423860213665,74.91348186308035],[-56.85638338775405,74.91336140906938],[-56.85807774110908,74.91268815150802],[-56.8597724060917,74.91201033370768],[-56.86191721712388,74.911894374965],[-56.864061802609505,74.911778464346],[-56.86534172101595,74.91151093614275]]],"type":"Polygon"},"id":"00000000000000000188","properties":{"area":195136.27773776764,"elevation":126.34385251159127,"region":"NW","year":2018},"type":"Feature"},{"geometry":{"coordinates":[[[-54.35524236967193,73.51342218202744],[-54.354252464982466,73.51289154111225],[-54.34853140568715,73.5123877526067],[-54.342917361246535,73.51207110866679],[-54.33730331803103,73.51175447488677],[-54.331368325057596,73.51087608196005],[-54.32618683882302,73.51131303719131],[-54.320902765290384,73.51155826082443],[-54.31561425991108,73.51180355343763],[-54.31054433519834,73.512427795018],[-54.30568823911183,73.51342219943254],[-54.30105087763595,73.51479560614838],[-54.29662746715692,73.51654354117461],[-54.29684600369813,73.51691811111098],[-54.2963866590214,73.51847882997666],[-54.299236051611274,73.51988786122341],[-54.30076542343187,73.52135938816461],[-54.305612635906286,73.52151995651747],[-54.31068701056324,73.5209001558658],[-54.31564998699767,73.52008861661255],[-54.32007337138512,73.51834063849024],[-54.324710907371255,73.51697166718176],[-54.32956243872023,73.51597284906683],[-54.334743772923126,73.51554030785485],[-54.339814022111995,73.51491601164915],[-54.34499097755173,73.514483489234],[-54.34984680185461,73.51348466994511],[-54.35524236967193,73.51342218202744]]],"type":"Polygon"},"id":"000000000000000000a2","properties":{"area":1019862.5854655849,"elevation":1023.838537908035,"region":"NW","year":2018},"type":"Feature"},{"geometry":{"coordinates":[[[-54.46582372777718,73.12375029843551],[-54.46560965093491,73.12337573096991],[-54.465395582799175,73.12300116302225],[-54.465181523369466,73.12262659459259],[-54.46432099687787,73.12228324577565],[-54.46281379591988,73.12196662428555],[-54.46195315726492,73.1216233337081],[-54.46109249177895,73.12127992206466],[-54.45991093761861,73.12152964495544],[-54.458622092402024,73.12159211777907],[-54.457329145594485,73.1216545085789],[-54.456147512724804,73.12190420525233],[-54.45475157812031,73.1217793361416],[-54.454965667449756,73.1221539635162],[-54.45389100393367,73.1225953936701],[-54.45410503127775,73.12296990469312],[-54.45303054339762,73.12340693916865],[-54.452597825696266,73.12381269650766],[-54.45281208003109,73.12418725500713],[-54.45302592722287,73.12456183612099],[-54.45453314893093,73.12487398830595],[-54.45474703697726,73.12524856706489],[-54.456254335036796,73.12556070442896],[-54.45776167729133,73.12587282884489],[-54.45797563835822,73.12624740337446],[-54.45926437682846,73.12618496099837],[-54.4605573749382,73.12612251140307],[-54.46195322753869,73.12624735818369],[-54.46324627070655,73.12618500534039],[-54.46432089289794,73.12574795641217],[-54.46560938292969,73.1256855365501],[-54.46539552184631,73.12531101693344],[-54.46518143346243,73.12493645001346],[-54.46560963210066,73.12453065845975],[-54.46539554948767,73.12415609126685],[-54.46582372777718,73.12375029843551]]],"type":"Polygon"},"id":"00000000000000000078","properties":{"area":171976.82813734678,"elevation":694.2313924260994,"region":"NW","year":2018},"type":"Feature"},{"geometry":{"coordinates":[[[-58.646605299400534,75.81201743238087],[-58.64438943645231,75.81058161274152],[-58.645936475842646,75.80892730033376],[-58.64372037114104,75.80749144800822],[-58.63849431466066,75.8062384893991],[-58.64154878117876,75.80449051774168],[-58.64460783290665,75.80274696243787],[-58.640884424820214,75.80140030895876],[-58.63942609885505,75.79992438168011],[-58.63344659517706,75.79871597563769],[-58.630481192307506,75.79732474232965],[-58.62487172530882,75.7964864537482],[-58.618664738884036,75.79666027604101],[-58.613737481559895,75.79812737038694],[-58.61408066213236,75.79928225792648],[-58.61327796125927,75.80089200951161],[-58.61473620817957,75.80237242717048],[-58.61695238466374,75.8038038413882],[-58.62142037777721,75.80510137819967],[-58.625897413021086,75.80640344658698],[-58.62660189870248,75.80792396409933],[-58.62655726423592,75.80949362926445],[-58.62425181872936,75.81119250538886],[-58.62872438042783,75.8124945653972],[-58.63301850858094,75.81360490949857],[-58.639412934768146,75.81361831413469],[-58.645053635340794,75.81367178619736],[-58.646605299400534,75.81201743238087]]],"type":"Polygon"},"id":"000000000000000001da","properties":{"area":1041885.6900796342,"elevation":387.49511031191656,"region":"NW","year":2018},"type":"Feature"},{"geometry":{"coordinates":[[[-53.10857575151534,72.61892650767759],[-53.10776420857151,72.61857873413219],[-53.10641765385167,72.61844496360148],[-53.1050664358732,72.61830675026566],[-53.103719911165776,72.61817295833427],[-53.102373220738805,72.61803922429175],[-53.101022145756595,72.61790539563813],[-53.09985384478305,72.6181461775411],[-53.09859636595372,72.61819974058305],[-53.09724511606986,72.61806595032718],[-53.09607698094535,72.61830675433227],[-53.09490858865584,72.61854750133419],[-53.09364670861465,72.61860106032603],[-53.0923893527791,72.61865450819467],[-53.091042498957144,72.6185207525048],[-53.08986989910697,72.61876154577982],[-53.0887908254169,72.61919404677829],[-53.08896922857223,72.61956864244603],[-53.08914732547734,72.61994767450166],[-53.0899590380285,72.62029551556924],[-53.0907661971612,72.62064333707427],[-53.091483927530966,72.62080826096202],[-53.09274595511421,72.62075471916603],[-53.094003439408105,72.62070126954892],[-53.095261095051065,72.62064774194427],[-53.09661187470906,72.6207815197784],[-53.09786952295734,72.62072797270444],[-53.099037590412415,72.62048722637061],[-53.100299608865285,72.62043374497819],[-53.101557218063604,72.6203801701777],[-53.102819120274276,72.62032225297172],[-53.10398750400427,72.6200814517932],[-53.10515567727091,72.61984071084332],[-53.10623473080286,72.61941256917073],[-53.107407497068394,72.61916734177025],[-53.10857575151534,72.61892650767759]]],"type":"Polygon"},"id":"00000000000000000023","properties":{"area":139536.21333357066,"elevation":1243.476445835685,"region":"NW","year":2018},"type":"Feature"},{"geometry":{"coordinates":[[[-64.8059928927779,77.54292455139182],[-64.80539528358005,77.54256778875369],[-64.80396851398656,77.54227354799875],[-64.80420031578487,77.54185436751135],[-64.80277780935863,77.54156005786909],[-64.8021801690045,77.54120336270853],[-64.80158296505056,77.54084215404576],[-64.80015588278371,77.54055229036354],[-64.80038801483899,77.54012867556824],[-64.79979017012619,77.53977193928993],[-64.79753855614294,77.53954007321032],[-64.79694080796573,77.53918332920625],[-64.7946889126669,77.53895594816467],[-64.79273154252328,77.53890246353767],[-64.7916703453944,77.53939294564773],[-64.79060897743852,77.53987895448327],[-64.78895009519425,77.54000830634097],[-64.79037710598834,77.540298157442],[-64.79014516045115,77.54072171501294],[-64.789083795414,77.5412078220869],[-64.78885212834425,77.5416314081802],[-64.7902745790444,77.54192571983685],[-64.79004284629453,77.54234483881963],[-64.79146971688553,77.54263919217368],[-64.79206716783533,77.5429959088323],[-64.79348948881183,77.5432901677026],[-64.79574591286479,77.54351765251235],[-64.7980023371999,77.54374947250946],[-64.80025855102866,77.5439768829133],[-64.80191274075382,77.54384753296713],[-64.80357154498638,77.54371825325262],[-64.80523040947361,77.54359342822922],[-64.80576090382901,77.54334816457671],[-64.8059928927779,77.54292455139182]]],"type":"Polygon"},"id":"00000000000000000236","properties":{"area":140994.72648955256,"elevation":755.599130412801,"region":"NW","year":2018},"type":"Feature"},{"geometry":{"coordinates":[[[-65.17286984960771,77.16904679491859],[-65.17278526205375,77.16844477305422],[-65.17190215265174,77.16790968855398],[-65.17262453077625,77.16724080620129],[-65.17253980972801,77.16663885565427],[-65.17085418334283,77.1661706606772],[-65.17076971751926,77.1655686278868],[-65.16908410587105,77.16510049657651],[-65.16819666124593,77.1645653934436],[-65.16811653202657,77.16396339642066],[-65.16642666730269,77.1634951692407],[-65.16372411254217,77.16351301839214],[-65.16101764511765,77.16353082659272],[-65.15860983382028,77.16372703384181],[-65.15708471585465,77.16445832043209],[-65.15767337905702,77.16481506511398],[-65.15695100993356,77.16548397187094],[-65.15622855477099,77.16614831698689],[-65.15711569057179,77.16668345728029],[-65.15799868884778,77.16721855080483],[-65.15888612681015,77.16775360366763],[-65.15896623562034,77.16835561881729],[-65.160651971832,77.16882381342974],[-65.16073654128115,77.16942578844171],[-65.16322913073367,77.16983156060304],[-65.16491467925923,77.17029976854796],[-65.16740734556551,77.17070557435105],[-65.16952557533054,77.1703309669737],[-65.17134485366724,77.16977804025018],[-65.17286984960771,77.16904679491859]]],"type":"Polygon"},"id":"0000000000000000022a","properties":{"area":224297.60575103134,"elevation":896.6286538522837,"region":"NW","year":2018},"type":"Feature"},{"geometry":{"coordinates":[[[-55.97245575162618,74.38898005866395],[-55.97205006013721,74.38841821106854],[-55.97026183860335,74.3879322262868],[-55.97055180954201,74.38733464852028],[-55.9708415299835,74.38674158961837],[-55.96974908433158,74.38621542114672],[-55.97073002146789,74.38558671314269],[-55.96963309992205,74.38506057504783],[-55.96715384659421,74.3846101582177],[-55.96467452033954,74.3841597801294],[-55.962324730102935,74.38389221347542],[-55.95997912960075,74.3836291772928],[-55.95776746350517,74.38355337625057],[-55.955956994947016,74.38403492203408],[-55.95609091165974,74.38421773753547],[-55.9551097772278,74.38485097912185],[-55.95620236756307,74.38537713377245],[-55.9566079914653,74.38593454132513],[-55.95908733608076,74.38638490747893],[-55.960875530259116,74.38687542059283],[-55.95919880631643,74.38753980145043],[-55.95890888978156,74.38813733242617],[-55.960005954139845,74.38865900667163],[-55.96152647513332,74.38877499193352],[-55.96373829389064,74.38885522764508],[-55.96608373792991,74.38911827044674],[-55.96843367781156,74.38938143905845],[-55.970377714383424,74.38908713333385],[-55.97245575162618,74.38898005866395]]],"type":"Polygon"},"id":"0000000000000000013a","properties":{"area":202778.1056595159,"elevation":168.08415998311526,"region":"NW","year":2018},"type":"Feature"},{"geometry":{"coordinates":[[[-57.39999242580182,75.62389686385944],[-57.397093976406154,75.62327705497908],[-57.396438555456626,75.62253685073632],[-57.39279530547821,75.62195716967395],[-57.38931276776528,75.62156032447888],[-57.385995281588556,75.6213552516725],[-57.38284258055139,75.62133288118542],[-57.3803453355786,75.62205084705765],[-57.37801347096221,75.62295605308799],[-57.3771751500113,75.62378097458907],[-57.37708613571248,75.62456130641553],[-57.377741633852935,75.62530596207188],[-57.3761541207964,75.62617103761605],[-57.37382200043714,75.62707626042177],[-57.37148540439936,75.62798141361783],[-57.369572474380384,75.62847641339616],[-57.37172171020595,75.62913632599289],[-57.3753692124545,75.62971604849355],[-57.37868665190958,75.62992561391916],[-57.38200453896528,75.63013070906318],[-57.38532639794296,75.63034032061017],[-57.38831398085723,75.63017534607688],[-57.391471066386984,75.63019765349344],[-57.393803189655095,75.62929243932118],[-57.39571619527659,75.62880191454795],[-57.39281774173648,75.62818206701152],[-57.39514978827303,75.62727687019273],[-57.39748195401508,75.62636722455254],[-57.398320257034875,75.62554673953704],[-57.39990317780194,75.62468168823642],[-57.39999242580182,75.62389686385944]]],"type":"Polygon"},"id":"000000000000000001d0","properties":{"area":533905.9947054733,"elevation":790.9622377059621,"region":"NW","year":2018},"type":"Feature"},{"geometry":{"coordinates":[[[-55.39153730328515,74.62310515679306],[-55.389927689780194,74.62182986358405],[-55.384550006913244,74.62247639565705],[-55.37890914002997,74.62275290826418],[-55.37288059051771,74.62246308956597],[-55.36672696188274,74.62199035212925],[-55.361465350863,74.62069723470772],[-55.35531162269068,74.62022460100926],[-55.348903854841545,74.61937292517332],[-55.34377134563693,74.61827152500662],[-55.33749310923997,74.61760710999036],[-55.3308268963944,74.61638529858459],[-55.32979652938724,74.6148870581532],[-55.324031112620446,74.61497625912457],[-55.31890760607885,74.61599740772883],[-55.32012485741331,74.61671086191201],[-55.323973139015045,74.61807084310111],[-55.330639478261745,74.6192926559296],[-55.336793066304764,74.61976982404684],[-55.342688052768715,74.61986784388125],[-55.34909571302925,74.62071961011465],[-55.352948391993145,74.62207958452193],[-55.35820577830609,74.6233682449625],[-55.36410487261254,74.62347083421523],[-55.37013378405025,74.6237562533919],[-55.37602871295922,74.62385877066372],[-55.38154033355308,74.62339501323378],[-55.38756873784559,74.62368488821312],[-55.39153730328515,74.62310515679306]]],"type":"Polygon"},"id":"0000000000000000013f","properties":{"area":464313.2659001077,"elevation":919.8887517082856,"region":"NW","year":2018},"type":"Feature"},{"geometry":{"coordinates":[[[-57.1836636047186,75.35651138128873],[-57.181398388856785,75.35566414672235],[-57.17740738063336,75.355494648502],[-57.17357276970876,75.3555080634608],[-57.17005891391673,75.35589603141024],[-57.17021487956405,75.35607886700208],[-57.17027272087601,75.35705089927245],[-57.17106662274936,75.35797840032481],[-57.16818154272183,75.35911097708194],[-57.16498439005805,75.35986909068693],[-57.16162223287779,75.36043986388083],[-57.1585809508697,75.36138518428966],[-57.15569592762409,75.36251330856558],[-57.156489803291024,75.36344081419229],[-57.15801483538079,75.3643325943753],[-57.16217068268163,75.36468934899153],[-57.16600567016333,75.36467597903109],[-57.169679938083235,75.36447530104655],[-57.1731979840162,75.36408733525029],[-57.174196954894086,75.36344975339114],[-57.17004110530875,75.36309301513566],[-57.165572938678736,75.36236616000208],[-57.167722255843486,75.36127372130396],[-57.17076348792699,75.3603283450993],[-57.17412099131367,75.35975756248455],[-57.17747878971738,75.35918680725837],[-57.180840924191614,75.35861161340078],[-57.18224996303327,75.35756373106967],[-57.1836636047186,75.35651138128873]]],"type":"Polygon"},"id":"00000000000000000274","properties":{"area":307081.1214767272,"elevation":762.8033533827784,"region":"NW","year":2018},"type":"Feature"},{"geometry":{"coordinates":[[[-56.35564865752872,74.88015899063136],[-56.35550596403867,74.87997613277642],[-56.354645131399664,74.87982454821504],[-56.35450265351313,74.87963729102417],[-56.354359914990845,74.87944998940023],[-56.35350385506497,74.87930280164838],[-56.35264313141874,74.87915565089912],[-56.351786847981494,74.87900408436293],[-56.350926414702826,74.8788569702833],[-56.35021303357245,74.87889262971728],[-56.34964206729265,74.87911554744744],[-56.34892873124486,74.87915564474845],[-56.34821091779173,74.87919138159155],[-56.34749730934724,74.8792314293599],[-56.346783975767316,74.87926719169205],[-56.34606607507018,74.87930280488743],[-56.34535252893229,74.87934296037571],[-56.344639108163996,74.87937859910912],[-56.343925553496796,74.87941874931232],[-56.34335474624121,74.87964169177907],[-56.342779699523305,74.87986464562854],[-56.34292680880405,74.88005198558746],[-56.343782760634454,74.88019910347187],[-56.34392558408653,74.88038634022813],[-56.34406822192311,74.88057364820052],[-56.34478631165698,74.88053352881093],[-56.34549977910439,74.88049788998974],[-56.34635583007195,74.88064943927617],[-56.34721658712251,74.88079661719124],[-56.348072416096606,74.88094378772196],[-56.3489332597084,74.88109540074424],[-56.34964667495873,74.88105530421966],[-56.35036007143203,74.88101953205883],[-56.3512206850222,74.88116676384145],[-56.351934155517434,74.88113110159406],[-56.352504889354655,74.88090813474258],[-56.35321847218533,74.88086795356094],[-56.353936411813166,74.88083231450145],[-56.354507108119265,74.88060934131131],[-56.35507778938073,74.88038636617625],[-56.35564865752872,74.88015899063136]]],"type":"Polygon"},"id":"00000000000000000178","properties":{"area":59640.61931159378,"elevation":529.9247995247994,"region":"NW","year":2018},"type":"Feature"},{"geometry":{"coordinates":[[[-53.19649584299416,72.75209762850288],[-53.196223945201595,72.75153126598585],[-53.195314301620826,72.75099617945713],[-53.1931380865857,72.75051458732624],[-53.19222844867658,72.7499750681035],[-53.190052637917695,72.74949348526215],[-53.18805915897372,72.74938645487266],[-53.186155130458985,72.7494667139041],[-53.184255690083496,72.74954696475321],[-53.182258065911384,72.74943995022572],[-53.18054127717078,72.7498992576221],[-53.17890917081028,72.750545849315],[-53.17900292811243,72.7507331299433],[-53.178641667959425,72.7513217557912],[-53.178280504558565,72.75191479624421],[-53.17791932085746,72.75250783525584],[-53.178191382031024,72.75306964989379],[-53.17846759488555,72.7536359818639],[-53.17810661853373,72.75422906807833],[-53.179011734498474,72.75476409156508],[-53.17992126355031,72.75530367673561],[-53.18191462932866,72.75541065919666],[-53.18400147657529,72.755705032461],[-53.185811805888186,72.75543742887406],[-53.18762680236461,72.75516545129918],[-53.189347988450734,72.75471059563387],[-53.19106459109434,72.75425134116428],[-53.19269661288444,72.7536047530519],[-53.194507118082086,72.75333726837495],[-53.19550160209037,72.75271741750288],[-53.19649584299416,72.75209762850288]]],"type":"Polygon"},"id":"00000000000000000069","properties":{"area":314290.8319494004,"elevation":1177.9082995373278,"region":"NW","year":2018},"type":"Feature"},{"geometry":{"coordinates":[[[-55.16234409361084,73.52264813580786],[-55.161211658858214,73.52193463146719],[-55.160078885762836,73.5212211440305],[-55.16092608299988,73.52040518410952],[-55.15979367134509,73.51968723519268],[-55.15734555170854,73.5190406807804],[-55.156872878945116,73.5182915689898],[-55.155856020934,73.5177609044002],[-55.15333673799503,73.51808640845344],[-55.15081743358781,73.51840748883988],[-55.14841391129841,73.51891586962685],[-55.14601478395023,73.51942413214235],[-55.14625104431889,73.51979872337512],[-55.144084102651,73.52068165332423],[-55.145872313570706,73.52136387308606],[-55.14766483691173,73.52204162773538],[-55.147477358650455,73.52282643543501],[-55.14729012601871,73.5236067836691],[-55.14908289739797,73.52428902592234],[-55.150215399490456,73.52500696383999],[-55.15320742882774,73.52543506377602],[-55.15561076086772,73.52492667995831],[-55.15836660758329,73.52497577671363],[-55.16089035545007,73.52465468047679],[-55.16197403825544,73.5242132470292],[-55.16150122200994,73.52346408379843],[-55.16234409361084,73.52264813580786]]],"type":"Polygon"},"id":"000000000000000000b6","properties":{"area":320401.2741266663,"elevation":352.31097148271834,"region":"NW","year":2018},"type":"Feature"},{"geometry":{"coordinates":[[[-57.5993898678179,75.46377061603297],[-57.59914025495004,75.46261570494478],[-57.59518954437621,75.46166585790282],[-57.597896314671935,75.46034598071594],[-57.59912262523126,75.45910634833284],[-57.594435823415544,75.45820115536114],[-57.59303576316848,75.45749667531192],[-57.58827331688044,75.45737624537327],[-57.5836714625615,75.45743865330813],[-57.58170523699507,75.45871846584599],[-57.57809778156108,75.45989562384854],[-57.5730011012346,75.45940069486757],[-57.568403828503655,75.45946307060534],[-57.56413167460065,75.45990008108186],[-57.56002517527894,75.46051990769945],[-57.55575751324887,75.46095243481626],[-57.55641307876371,75.4616926041074],[-57.55666287581084,75.46284753042124],[-57.56192468363085,75.4635297919451],[-57.56685194066197,75.46383744159108],[-57.57227868697086,75.46470257189394],[-57.57770547241288,75.46556758767522],[-57.580175681698535,75.46660210791653],[-57.58461244703193,75.4663524242565],[-57.58888436950839,75.46591543642796],[-57.593151612943366,75.46548285909955],[-57.59709346662345,75.46467574888281],[-57.5993898678179,75.46377061603297]]],"type":"Polygon"},"id":"000000000000000001c6","properties":{"area":764398.4874635986,"elevation":641.3730527647081,"region":"NW","year":2018},"type":"Feature"},{"geometry":{"coordinates":[[[-60.84493784199418,76.26290835522866],[-60.844719160778375,76.26272552956051],[-60.84373382016865,76.26259626631214],[-60.843515157368365,76.26241343927397],[-60.843296977597426,76.26223057489663],[-60.84230691618948,76.26209685228048],[-60.841317168926395,76.26196749622783],[-60.84109854312376,76.26178466643807],[-60.840884565261476,76.26160184306949],[-60.839894676672365,76.2614725555991],[-60.83912298303371,76.2615216115555],[-60.83835604260962,76.26157511769301],[-60.837584748746586,76.2616286523306],[-60.836813216925435,76.26167762482],[-60.835827807574084,76.26154840097342],[-60.835056386621446,76.26160181335715],[-60.83450350459583,76.26183372619025],[-60.83395506823885,76.26207005215394],[-60.83417361841519,76.26225288830035],[-60.8343918778341,76.26243568597513],[-60.83383895682413,76.26266759583658],[-60.83328613457082,76.26290395000386],[-60.83273764219585,76.2631402711838],[-60.83218485193365,76.26337210054274],[-60.83163197831444,76.2636084492716],[-60.83108343479172,76.26384476504766],[-60.830530411924954,76.26407666406845],[-60.82997748692821,76.26431300735767],[-60.83019602777299,76.26449584531645],[-60.83118576177493,76.2646251378197],[-60.83195271056556,76.26457606714041],[-60.83272418095105,76.26452255457873],[-60.833495760222974,76.26447348529331],[-60.834044284331846,76.26423716405924],[-60.83481554476318,76.26418371886442],[-60.83580540118084,76.26431743668736],[-60.83657249016784,76.26426394138643],[-60.83712530307723,76.26402758045765],[-60.837896653181936,76.26397857017749],[-60.838663714011076,76.26392506720337],[-60.83921677663232,76.2636887383202],[-60.83976964347864,76.26345681561577],[-60.84053666838354,76.26340330563092],[-60.84130785182169,76.26334983662673],[-60.84207962429597,76.26330077395785],[-60.84284662880249,76.26324725563602],[-60.84339923943931,76.26301539772545],[-60.844170865647975,76.26296188122333],[-60.84493784199418,76.26290835522866]]],"type":"Polygon"},"id":"0000000000000000020b","properties":{"area":68857.55663682213,"elevation":410.73149768399384,"region":"NW","year":2018},"type":"Feature"},{"geometry":{"coordinates":[[[-57.07198065404844,75.47636309957707],[-57.070919727996504,75.4760286349219],[-57.069122710132696,75.4757388274025],[-57.06732102820834,75.47544448359946],[-57.06552412342544,75.47515464433306],[-57.063722638678286,75.47486038386185],[-57.06192121129145,75.47456610745479],[-57.06234907981781,75.47415581034235],[-57.061288080834544,75.47382582835169],[-57.061711588121355,75.47341116912402],[-57.06065482443429,75.47308122727374],[-57.058857727674145,75.47278685204328],[-57.05721684238457,75.47267991666524],[-57.055731862593795,75.4727600792912],[-57.05456797313931,75.47321051302553],[-57.05488463920348,75.47358509670241],[-57.05520124558795,75.47395517421864],[-57.054773190284344,75.47436984549185],[-57.05509426140038,75.47474000952823],[-57.05615103646079,75.47506997805915],[-57.05720784412168,75.47540433090198],[-57.05900929885894,75.4756986481863],[-57.05932584774579,75.47606878883032],[-57.06112303735837,75.47636311505326],[-57.06276410827981,75.47647009166174],[-57.0644049254054,75.4765726218708],[-57.06588970200252,75.47649681763814],[-57.067691210216,75.47678674023358],[-57.069332150353056,75.47689373601948],[-57.07049593252153,75.4764433386663],[-57.07198065404844,75.47636309957707]]],"type":"Polygon"},"id":"00000000000000000271","properties":{"area":96486.03386422685,"elevation":876.4500872405986,"region":"NW","year":2018},"type":"Feature"},{"geometry":{"coordinates":[[[-58.86649697908354,75.89887631949173],[-58.86630986856032,75.89869347431147],[-58.86612245314316,75.89850617227006],[-58.86593516375036,75.8983233999771],[-58.8649944773241,75.89818511418316],[-58.864807083366614,75.8979978106759],[-58.86461981503975,75.8978150369259],[-58.86443245321516,75.89763214861873],[-58.864245170778084,75.89744495848836],[-58.863299803814414,75.89730668978395],[-58.862354451152555,75.89716841684623],[-58.86216722054977,75.89698564047002],[-58.86198442994177,75.89679838246278],[-58.86122661587671,75.89684292190145],[-58.86065565328178,75.89707479913464],[-58.86008495954054,75.8973067152516],[-58.85932663927216,75.89735128019271],[-58.85856859915947,75.89739588315675],[-58.85799804933345,75.89762771950105],[-58.8581853405802,75.89781061304656],[-58.85837253837205,75.89799339203229],[-58.85855985997574,75.8981807007666],[-58.858747066715516,75.89836347916597],[-58.858176299139885,75.89859538820767],[-58.85836350710813,75.89877816660304],[-58.8593089311261,75.89891645690841],[-58.86024983492786,75.89905910996225],[-58.86043707168227,75.89924188631845],[-58.86062441081047,75.89942477664955],[-58.861569624569476,75.89956743171062],[-58.86175716823366,75.89975024740295],[-58.86194424269569,75.8999330954762],[-58.862889781541,75.90007578534359],[-58.863072601680415,75.9002586243273],[-58.86325969721339,75.90044147094446],[-58.86401785871112,75.90039685257024],[-58.864588429977005,75.90016941864513],[-58.865159434960844,75.89993753439046],[-58.865729949409996,75.89970568090216],[-58.866300756417516,75.89947828205155],[-58.86611361658196,75.89929102140768],[-58.86592621904081,75.899108135441],[-58.86649697908354,75.89887631949173]]],"type":"Polygon"},"id":"000000000000000001de","properties":{"area":52292.02746501039,"elevation":487.17744126035575,"region":"NW","year":2018},"type":"Feature"},{"geometry":{"coordinates":[[[-52.81540763811822,72.59990848303366],[-52.81389180355629,72.59939567268455],[-52.81300415129871,72.59885612322653],[-52.81337421115273,72.59826752538704],[-52.81311573820488,72.59770125711457],[-52.81168424408916,72.59737570565039],[-52.80979822685314,72.59745600635519],[-52.80790753379918,72.5975317284777],[-52.80610618043573,72.59779929878667],[-52.804219826324136,72.59787507077417],[-52.802333497368316,72.59795093882181],[-52.80053224386252,72.59821849772369],[-52.79864146205548,72.59829423234027],[-52.796929322287774,72.59874909077931],[-52.795297137922034,72.59939122404023],[-52.795386512952085,72.59957849597865],[-52.79501180375811,72.60017154125929],[-52.79527041888368,72.60073344583523],[-52.796701838071876,72.60105890064288],[-52.798677090637966,72.60117040615222],[-52.80065254024662,72.60128182033735],[-52.802628050317594,72.6013933287327],[-52.80425560698316,72.60075121968711],[-52.805883057650895,72.60010909373715],[-52.8075152065351,72.59946702324157],[-52.8094014263456,72.59938674945727],[-52.81137658981312,72.59949822293827],[-52.81343677641129,72.59979703070208],[-52.81540763811822,72.59990848303366]]],"type":"Polygon"},"id":"00000000000000000015","properties":{"area":168067.57963816207,"elevation":1379.8468098749602,"region":"NW","year":2018},"type":"Feature"},{"geometry":{"coordinates":[[[-55.15961510886416,73.76319426013352],[-55.158710079410405,73.76285540294353],[-55.15780042703575,73.76251650900291],[-55.156890632216985,73.7621731798715],[-55.15531661724048,73.7618654903193],[-55.153858337547824,73.76174507393362],[-55.15252064780423,73.76181201155107],[-55.15130320233693,73.76206614319995],[-55.14984957554149,73.76194572692071],[-55.15008596674407,73.76232031216357],[-55.148988997995026,73.76276179406392],[-55.148561064047676,73.76317199853683],[-55.14879744778661,73.76354658424432],[-55.14836932088183,73.76395235679678],[-55.14861012167026,73.76432692855383],[-55.14951989828137,73.76466579615031],[-55.14908709853282,73.76507603786264],[-55.149876405829815,73.76522765347396],[-55.151334698652114,73.76534805662584],[-55.15290871254264,73.76565573373755],[-55.154130525151956,73.76540153541872],[-55.155463621468414,73.76533462644046],[-55.15522732754659,73.76496009600275],[-55.15632432240002,73.76451869499036],[-55.15742120158247,73.76407717008688],[-55.158518090307695,73.76363575411712],[-55.15961510886416,73.76319426013352]]],"type":"Polygon"},"id":"000000000000000000d2","properties":{"area":99699.24038583106,"elevation":712.4122304220107,"region":"NW","year":2018},"type":"Feature"},{"geometry":{"coordinates":[[[-55.21266495392728,73.82521592003282],[-55.211750912492974,73.82487704657647],[-55.210529091707784,73.82513116917983],[-55.209186805665404,73.8251980919788],[-55.20796516962341,73.82545224256019],[-55.206743314416364,73.82570645510805],[-55.20540114687386,73.82577327889027],[-55.20429967961142,73.82621478381895],[-55.203202765873435,73.82665619592109],[-55.203443657857825,73.82703081680577],[-55.20368449692957,73.82740532069256],[-55.20392516290641,73.82777989452825],[-55.20416608556017,73.82815451356116],[-55.204406771974355,73.8285290861628],[-55.205321061538605,73.82886792314495],[-55.20690394919803,73.82917562516757],[-55.20837104060231,73.82929603816397],[-55.20971319503567,73.82922914879639],[-55.21105533629931,73.8291622494342],[-55.21081451046564,73.82878768533934],[-55.2119113483398,73.82834622931274],[-55.211670517758215,73.82797166552461],[-55.21209861426349,73.82756142597567],[-55.211857791561066,73.82718686172198],[-55.212290480358064,73.8267810356471],[-55.212045241792545,73.82640648589279],[-55.21180443712038,73.82603192056084],[-55.212232495996126,73.82562617877949],[-55.21266495392728,73.82521592003282]]],"type":"Polygon"},"id":"00000000000000000255","properties":{"area":99699.24038583106,"elevation":626.9262009830302,"region":"NW","year":2018},"type":"Feature"},{"geometry":{"coordinates":[[[-55.92608546929794,74.5669606413715],[-55.92581348991463,74.56658607390513],[-55.92454718202646,74.56684472725398],[-55.92300885450902,74.56673324751053],[-55.9214703391662,74.56661726389767],[-55.9203420937021,74.56706319530883],[-55.918937530201504,74.56713450307291],[-55.91753762174802,74.56720588547681],[-55.915999154382256,74.56708997373879],[-55.9145943713014,74.56716132043805],[-55.91332808902766,74.56741994222439],[-55.91219541734432,74.56786582703997],[-55.911067357926974,74.56831178935369],[-55.90993456957018,74.56875765870123],[-55.908801981103416,74.56920356513812],[-55.909774274672074,74.56954243203066],[-55.91144620716696,74.56984124511007],[-55.91311857863194,74.57014446397555],[-55.91479080117818,74.57044317675987],[-55.916056823700316,74.57018457530668],[-55.91732785260496,74.56992590789363],[-55.91872804660449,74.56985464497232],[-55.92013275481476,74.56978322485861],[-55.92139889790824,74.56952463137029],[-55.922799219929075,74.56945326702768],[-55.92420393925684,74.56938193241149],[-55.92560404324093,74.56931061837491],[-55.924631867387674,74.5689716879541],[-55.92365998565044,74.56863279725793],[-55.92479238990657,74.56818684384916],[-55.92592499407584,74.56774092751138],[-55.925653020361906,74.56737092333374],[-55.92608546929794,74.5669606413715]]],"type":"Polygon"},"id":"00000000000000000252","properties":{"area":131209.36248556655,"elevation":269.3596199006061,"region":"NW","year":2018},"type":"Feature"},{"geometry":{"coordinates":[[[-55.42427618780352,74.2059652153857],[-55.42402640215465,74.2055906056523],[-55.42377236624713,74.2052160602426],[-55.42283146994124,74.20487716506437],[-55.42120374184047,74.20456953014344],[-55.41958082871593,74.20426628703166],[-55.41795320048209,74.2039586238116],[-55.416579735274524,74.20402992796127],[-55.415206256891885,74.20409684202177],[-55.41370360068752,74.20398085572458],[-55.41245499567303,74.20423508406954],[-55.41108166155543,74.20430189674246],[-55.40983756840577,74.20456058376023],[-55.408713903550456,74.20500205188279],[-55.40759017962801,74.20544789213119],[-55.40784433594752,74.20581805229327],[-55.40741177889563,74.20622823042338],[-55.407661679341665,74.20660283448237],[-55.40722891491274,74.20701308178448],[-55.40747857188764,74.20738763975272],[-55.40704597550225,74.20779343506997],[-55.408673737563674,74.2081010751446],[-55.40961024110709,74.208439986623],[-55.41055085432543,74.20877889926359],[-55.41217856769628,74.20908657940451],[-55.413676876534055,74.20920255266395],[-55.41505457182557,74.20913561376689],[-55.416552894451804,74.20925156398464],[-55.41792631284973,74.20918466861055],[-55.41917490880602,74.20892598354989],[-55.42029859591056,74.2084845733808],[-55.42141789919661,74.20804310424975],[-55.422541660005166,74.20759722818005],[-55.42297414574604,74.20719143986857],[-55.42341112555795,74.2067812506266],[-55.4231568310082,74.2064066601406],[-55.42427618780352,74.2059652153857]]],"type":"Polygon"},"id":"000000000000000000fd","properties":{"area":229972.9144899486,"elevation":799.154471418839,"region":"NW","year":2018},"type":"Feature"},{"geometry":{"coordinates":[[[-53.74254851491206,73.39161739782703],[-53.73961422411547,73.39116705272107],[-53.73632808213124,73.39130977444773],[-53.73294366755211,73.391269603694],[-53.729456463974465,73.39103774041895],[-53.726067532314694,73.39099312328501],[-53.722683169268386,73.39094850981395],[-53.719597412744186,73.3914702383788],[-53.71661428853641,73.39217475005384],[-53.716717005925446,73.39236650093908],[-53.71656516159101,73.39333415971588],[-53.71706924611005,73.39427503889478],[-53.71757289046473,73.39521145625827],[-53.719744653539585,73.39550129361626],[-53.71924082707051,73.39456040230162],[-53.72136330871246,73.39350809128366],[-53.724145679565865,73.39242448755984],[-53.7274322314686,73.39227732864184],[-53.73122248287383,73.39307554497137],[-53.731726178429234,73.39401638173942],[-53.732234427217,73.39495280383791],[-53.733393810237466,73.39586693495905],[-53.73581984106779,73.3953719654615],[-53.73663124232934,73.39437762381127],[-53.73678290293936,73.39340553828089],[-53.739565507250255,73.39232192494816],[-53.74254851491206,73.39161739782703]]],"type":"Polygon"},"id":"00000000000000000076","properties":{"area":199528.6714048101,"elevation":1209.1678255704246,"region":"NW","year":2018},"type":"Feature"},{"geometry":{"coordinates":[[[-55.237667166112544,74.07239728347741],[-55.23605747462552,74.07208960259265],[-55.2348177804555,74.07234374103312],[-55.23345341342377,74.07241062804748],[-55.23233429832672,74.07285209830086],[-55.231094557465795,74.07310632680812],[-55.22948465792534,74.07280304116155],[-55.22787510554901,74.0724954061249],[-55.22626535256855,74.07218771133981],[-55.224780443030035,74.07206729667462],[-55.22341584738731,74.07213417987127],[-55.22217625879556,74.07238839420867],[-55.22093658270861,74.07264698098533],[-55.21957216976756,74.0727138810398],[-55.21808730591847,74.0725935289484],[-55.2168477859113,74.07284763594336],[-55.21548314668549,74.07291457602298],[-55.21436851359055,74.07335601055628],[-55.21461362563663,74.0737305538734],[-55.21554123421506,74.07406940465002],[-55.21702602326863,74.07418984792575],[-55.21839056133072,74.07412296774756],[-55.21987536508178,74.07424338820354],[-55.221485150245826,74.0745510211901],[-55.22284968679729,74.07448410814243],[-55.224459397783754,74.07478740477445],[-55.225699107929714,74.07453317760957],[-55.226938595505686,74.07427901223795],[-55.22817829596946,74.07402488390817],[-55.22954275131244,74.0739579208213],[-55.230782388188054,74.07370377438636],[-55.23226726704328,74.07382421178136],[-55.23351133350376,74.07357003154924],[-55.23475111294184,74.07331140591403],[-55.23586570908642,74.0728699365056],[-55.2371054210207,74.07261579152359],[-55.237667166112544,74.07239728347741]]],"type":"Polygon"},"id":"000000000000000000e5","properties":{"area":112106.25696720995,"elevation":881.9596501308815,"region":"NW","year":2018},"type":"Feature"},{"geometry":{"coordinates":[[[-57.560475605419754,75.51525535407777],[-57.559980389055745,75.51469796695982],[-57.56022565233882,75.51410047228583],[-57.56047090022444,75.51350297570809],[-57.55997593312263,75.51294551245616],[-57.55799618057358,75.51247290934016],[-57.55675640882606,75.51195564560436],[-57.5540365049657,75.51152309723876],[-57.55164649431746,75.5114606830163],[-57.54925648893178,75.51139824084774],[-57.546696785565175,75.51115298133288],[-57.54447186503719,75.51127784564805],[-57.54257666722464,75.51177279618433],[-57.54290644991973,75.51214290599594],[-57.542661315899736,75.51274039351144],[-57.54167132925853,75.51338253517936],[-57.54216643958038,75.51393547332422],[-57.5426612400039,75.51449282898191],[-57.54167143275057,75.51513500784912],[-57.54217090652801,75.5156923665296],[-57.54340588815595,75.51620512804156],[-57.54390108204474,75.5167625187255],[-57.54439584421334,75.51731993691746],[-57.54679034483167,75.51738238914818],[-57.549180667917675,75.51744477921301],[-57.551570529615645,75.51750717113987],[-57.55396513254456,75.5175696543178],[-57.5560251487856,75.51725748828967],[-57.55808529125039,75.51694980543172],[-57.55998043121447,75.51645490950091],[-57.56023014890511,75.51585291851065],[-57.560475605419754,75.51525535407777]]],"type":"Polygon"},"id":"000000000000000001c4","properties":{"area":302675.3665057746,"elevation":681.7022171929705,"region":"NW","year":2018},"type":"Feature"},{"geometry":{"coordinates":[[[-55.317097149446035,74.33139523472094],[-55.31697247828251,74.33120795209065],[-55.316151742400564,74.33105191412004],[-55.316027083500366,74.33086463074395],[-55.31659324061972,74.33064609912036],[-55.31646858044264,74.33045881579822],[-55.31564788271563,74.33030277551055],[-55.31552323480058,74.33011549144267],[-55.315398148256506,74.32992823210765],[-55.31457771333813,74.32977661081125],[-55.31375729098117,74.3296249859403],[-55.31294119612088,74.32946891717056],[-55.31224565989727,74.3295046173415],[-55.31167945631507,74.32972751454291],[-55.31111326207606,74.32994603173165],[-55.310421805558384,74.32998173328129],[-55.309726241286526,74.33001742389042],[-55.30903517714531,74.33004860113388],[-55.30821459204341,74.3298970228783],[-55.30752356911839,74.32993268882673],[-55.30764832244018,74.33011990724641],[-55.30777764853696,74.33030273096378],[-55.3072068810319,74.3305257462842],[-55.30733643510095,74.33071299377717],[-55.30746100488505,74.33090028244511],[-55.30758601880799,74.33108754605473],[-55.3077108476868,74.33127488003318],[-55.30783997152313,74.33146215170922],[-55.30865608048053,74.33161374781331],[-55.30947653603214,74.331769772447],[-55.310297028390046,74.3319214154673],[-55.31098811775291,74.33188573994815],[-55.311679245826525,74.33185455609508],[-55.31237487393996,74.33181885885399],[-55.312941361731454,74.33160038500479],[-55.3136324300755,74.33156469959043],[-55.31445294114448,74.33171632467023],[-55.31514405209274,74.33168512794597],[-55.31583966214605,74.33164941774253],[-55.31653097635513,74.3316137672652],[-55.317097149446035,74.33139523472094]]],"type":"Polygon"},"id":"0000000000000000010c","properties":{"area":54502.25141091679,"elevation":807.485942991019,"region":"NW","year":2018},"type":"Feature"},{"geometry":{"coordinates":[[[-54.441187094174005,73.73628361949628],[-54.43859624988438,73.735391773675],[-54.43313407551472,73.73429933174623],[-54.43123889213784,73.73342089070368],[-54.4264498064806,73.73229718668973],[-54.4235199789242,73.73136521635949],[-54.42308309902904,73.73063397002883],[-54.422779737185365,73.72958159134876],[-54.420421082391805,73.72845788401911],[-54.420536899750104,73.72749023477034],[-54.42065295295073,73.7265181997606],[-54.42076434804954,73.72555054141759],[-54.419114540860484,73.72454728733365],[-54.416550516663975,73.72485936340088],[-54.416662078882524,73.72504666036332],[-54.4172192517781,73.72598754927652],[-54.41710345163636,73.7269551291933],[-54.41832514666579,73.72786037779487],[-54.418213622132726,73.72882802831815],[-54.41876677689808,73.7297644007003],[-54.41952490529043,73.73042881637238],[-54.42162060568609,73.73165062970952],[-54.422436518761685,73.73248443357883],[-54.42387253402622,73.73312211939538],[-54.425767552607944,73.73399613634051],[-54.4292232659057,73.73518665910888],[-54.433352352331845,73.73634607410527],[-54.438266449240764,73.73650214193705],[-54.441187094174005,73.73628361949628]]],"type":"Polygon"},"id":"000000000000000000a9","properties":{"area":183621.57651001355,"elevation":1107.7422097967265,"region":"NW","year":2018},"type":"Feature"},{"geometry":{"coordinates":[[[-54.293505990420826,74.04835380560436],[-54.29339473411701,74.04816651700438],[-54.292600813300645,74.04800602175814],[-54.291807317659185,74.04784992688812],[-54.291013397632526,74.04769385113802],[-54.29021525303369,74.04753781114198],[-54.28953300601839,74.04756899714889],[-54.28885075586828,74.04760018060666],[-54.288168527864634,74.04762693518815],[-54.28748632994695,74.04765823013555],[-54.28669244868338,74.04750213589975],[-54.28601044028474,74.04753335583611],[-54.28532818119125,74.04756452619148],[-54.284645729726535,74.04759576355042],[-54.28396371192083,74.04762697584202],[-54.2831698832806,74.0474664402364],[-54.2824876766902,74.04749771662539],[-54.28259900916275,74.04768494194121],[-54.28339284320566,74.0478454799438],[-54.28418646870892,74.04800154117663],[-54.28429806910428,74.0481888123612],[-54.28372718787382,74.04840731708993],[-54.28383878650097,74.04859458833432],[-54.28463244787652,74.04875064753519],[-54.28542612165312,74.04890670332115],[-54.2855375513712,74.04909404295225],[-54.28496684823967,74.04931248136377],[-54.28507825019718,74.04950424735395],[-54.285872207634455,74.04966034814052],[-54.286665929888535,74.04981639847807],[-54.287352505516786,74.0497851847199],[-54.2880348404763,74.0497540074983],[-54.28882858203009,74.04991004858728],[-54.28962212185674,74.05007058211841],[-54.29030446071586,74.05003939653422],[-54.29087530620785,74.04982087218202],[-54.29155738461896,74.04978963483236],[-54.29223970749562,74.04975844195948],[-54.29281051968826,74.04953991124445],[-54.293381128780126,74.04932144810917],[-54.2932698670603,74.04913415989856],[-54.29315817092483,74.04894689407693],[-54.29304691399978,74.04875960556751],[-54.29293541188084,74.04857226988538],[-54.293505990420826,74.04835380560436]]],"type":"Polygon"},"id":"000000000000000000cb","properties":{"area":63364.40611192061,"elevation":1328.4368079633145,"region":"NW","year":2018},"type":"Feature"},{"geometry":{"coordinates":[[[-65.4827596921772,76.38542218046764],[-65.48247883137742,76.38524379117491],[-65.48219307079671,76.38506546062548],[-65.48191222347847,76.38488707036637],[-65.48087325735992,76.38477560490476],[-65.47983430307501,76.38466413462878],[-65.4795490453108,76.3844857534515],[-65.47926808153483,76.38430743841137],[-65.47822916628088,76.38419596068],[-65.4771902628614,76.38408447813448],[-65.47615106639549,76.38397295895008],[-65.4751121866499,76.38386146677503],[-65.47407316159604,76.38375004858707],[-65.47303430551814,76.38363854678336],[-65.47199546127729,76.38352704016577],[-65.47171429446267,76.3833486836411],[-65.47142899513894,76.38317037048917],[-65.47039018992764,76.38305885641549],[-65.46935093453737,76.38294738449206],[-65.4685975591989,76.38301428856573],[-65.46887838038731,76.3831926171905],[-65.46915912138223,76.38336655662249],[-65.46868655173698,76.38361178819866],[-65.46821396658478,76.38385701830124],[-65.46849510574941,76.3840353784933],[-65.46953397206902,76.38414690127894],[-65.46981482666195,76.3843252278451],[-65.46934224113834,76.38457045933572],[-65.46962294514968,76.38474886456315],[-65.4706620230273,76.38486030328957],[-65.4709474968884,76.38503872655113],[-65.47122838514463,76.38521705070511],[-65.4722673448877,76.3853285607726],[-65.47302525329614,76.38526163386398],[-65.4737834579733,76.38519473611032],[-65.47482242604426,76.3853062343555],[-65.47586140595423,76.38541772778628],[-65.47661484892475,76.38535080064531],[-65.47737287570817,76.38528396935165],[-65.47841186392758,76.38539545098149],[-65.47917003746018,76.38532853470628],[-65.47992369079307,76.38526609543611],[-65.48096268762824,76.38537756526303],[-65.48200153918289,76.38548910908153],[-65.4827596921772,76.38542218046764]]],"type":"Polygon"},"id":"00000000000000000228","properties":{"area":50451.05594814232,"elevation":382.9475979461208,"region":"NW","year":2018},"type":"Feature"},{"geometry":{"coordinates":[[[-65.17157657007301,77.19527965845195],[-65.17098360298311,77.19492293613328],[-65.16958803959628,77.19463305142553],[-65.16899498130667,77.19427640133351],[-65.16679654050743,77.19404893595645],[-65.16488791326823,77.19400437442025],[-65.16298411888451,77.19395534874705],[-65.161374399535,77.19408464453949],[-65.15976451182983,77.19421837392541],[-65.15844908856428,77.19452601900144],[-65.15683926358366,77.19465983778174],[-65.15581840219642,77.19514587149189],[-65.15480155134024,77.19563638583784],[-65.15539028245595,77.1959931344435],[-65.15598342478786,77.19634984508588],[-65.15657189380154,77.19670655732577],[-65.157972008433,77.19699640079575],[-65.16017035741332,77.19722380405658],[-65.16178463550654,77.19709000875095],[-65.1639828665081,77.19731745498508],[-65.16529839594517,77.19700978552005],[-65.16690819393928,77.19687599045777],[-65.16851765813597,77.19674670704711],[-65.16953892103902,77.19625624041034],[-65.17114876766593,77.19612689190826],[-65.17055577162449,77.19577017025077],[-65.17157657007301,77.19527965845195]]],"type":"Polygon"},"id":"0000000000000000022e","properties":{"area":108869.5981130868,"elevation":892.8986246380618,"region":"NW","year":2018},"type":"Feature"},{"geometry":{"coordinates":[[[-53.90209511624885,73.08619125965578],[-53.901381629030425,73.08587467220532],[-53.901243281330146,73.08562499285935],[-53.90036493995123,73.08543768101315],[-53.899548886391926,73.0851523099462],[-53.89900940010035,73.0851478642243],[-53.8975155365858,73.08483122353947],[-53.89602621816189,73.08451463388688],[-53.8945324964152,73.08419808463198],[-53.893043266938605,73.08388146955214],[-53.891754387353046,73.08394389832176],[-53.89056379650632,73.08418915024552],[-53.889275015566525,73.0842471249659],[-53.88841019802358,73.08411782146288],[-53.88785280329043,73.08430954944953],[-53.88669783806257,73.08436302374948],[-53.886795972660686,73.08455029375128],[-53.88699209750072,73.08491598439139],[-53.88633217807816,73.08517901008521],[-53.886590697289584,73.0853975763098],[-53.887246236406874,73.08564279326507],[-53.88737993032606,73.08590145395159],[-53.88825838826682,73.08586129364754],[-53.88964087490371,73.08615115715921],[-53.89016704785945,73.0861600402328],[-53.8915582231712,73.08628941253589],[-53.89285128933566,73.08622695515166],[-53.89424266212956,73.08635623667942],[-53.89553563967458,73.08629831157805],[-53.89682902271621,73.08624035501062],[-53.89801964428545,73.08599506126446],[-53.898866774458654,73.0861154947237],[-53.90003953882264,73.08625814369954],[-53.90080205055468,73.08625366927514],[-53.90209511624885,73.08619125965578]]],"type":"Polygon"},"id":"00000000000000000065","properties":{"area":88894.00939786881,"elevation":835.945180503221,"region":"NW","year":2018},"type":"Feature"},{"geometry":{"coordinates":[[[-53.2298856750682,72.55764954789949],[-53.22970262722451,72.55727501315869],[-53.22844973566501,72.55732854725471],[-53.22701401812646,72.55700746574269],[-53.22576090337147,72.55706093137387],[-53.224507826619934,72.55711450481405],[-53.22325035479126,72.55716798819476],[-53.22199738173786,72.55722596014941],[-53.22065532283895,72.55709222939264],[-53.22083363917186,72.55746676106716],[-53.21976350250138,72.5578992593663],[-53.219941810811946,72.55827379150887],[-53.22012451228812,72.55864840405589],[-53.220307342869575,72.55902743356526],[-53.22111468836784,72.55937522490119],[-53.22192165436055,72.55972303256921],[-53.22272887421727,72.56007088484427],[-53.22416465050782,72.56039637130516],[-53.225600346624155,72.56071742830748],[-53.226858026490426,72.56066392886055],[-53.22739311747272,72.56044541584022],[-53.22721008591182,72.56007087997449],[-53.227656127017205,72.55966509348426],[-53.22873068154687,72.5592370433837],[-53.22917667397905,72.55883125209417],[-53.22899380635381,72.5584566484976],[-53.2294397216069,72.5580553419806],[-53.2298856750682,72.55764954789949]]],"type":"Polygon"},"id":"0000000000000000001a","properties":{"area":96739.16387662367,"elevation":1023.9205598847732,"region":"NW","year":2018},"type":"Feature"},{"geometry":{"coordinates":[[[-56.3826081834273,74.8967914311255],[-56.3821756236792,74.89623405934702],[-56.381025283402884,74.89571232307746],[-56.3790231252171,74.89601105179112],[-56.37673561380493,74.89593526711745],[-56.37487625853281,74.89642130014774],[-56.3731594374475,74.89709461972984],[-56.37144723644579,74.8977679961825],[-56.36973052897155,74.89843681092673],[-56.36758543263933,74.89855278265475],[-56.36558345622242,74.89885149920313],[-56.363581213998906,74.89915026585453],[-56.36172189595015,74.89963629576805],[-56.36200739042293,74.90000644918463],[-56.361721939580754,74.90060394949876],[-56.36144096466654,74.90120147851098],[-56.36301504031845,74.90131295603955],[-56.36530697039442,74.90138880238015],[-56.36788448477212,74.9018346496332],[-56.37017641558773,74.90190599678682],[-56.37232132014103,74.90179454156241],[-56.374323486730106,74.90149576037228],[-56.37632988104651,74.90119705946996],[-56.37661078726299,74.90059947841144],[-56.37689616929678,74.90000192570739],[-56.3786084945047,74.89933306484734],[-56.38032510815702,74.89865977413686],[-56.38061059915581,74.89806225501653],[-56.38232277886178,74.8973889564587],[-56.3826081834273,74.8967914311255]]],"type":"Polygon"},"id":"00000000000000000179","properties":{"area":216915.14134816977,"elevation":610.9402861726437,"region":"NW","year":2018},"type":"Feature"},{"geometry":{"coordinates":[[[-53.457504881650884,72.591824113844],[-53.45731765339859,72.59144956605151],[-53.456501480176975,72.59110177399926],[-53.45631885407012,72.59072274434435],[-53.45487396589806,72.59040611476063],[-53.45468680588088,72.5900270774697],[-53.453246387276096,72.58970602254199],[-53.45180166178495,72.58938948399167],[-53.45064237644119,72.58963027614392],[-53.449384927671474,72.58968820347997],[-53.4483147398125,72.59012072736815],[-53.446967933371155,72.58998695666152],[-53.44580419624275,72.59023224316829],[-53.44473389734122,72.59066474331756],[-53.44366378688353,72.5910927981516],[-53.44385116222081,72.59147182517349],[-53.44278098208358,72.59190435968294],[-53.443596972461215,72.59225221661788],[-53.44378436665353,72.59262675698886],[-53.44522464244105,72.59294784368514],[-53.44541184590113,72.59332233389732],[-53.44622793669987,72.5936701779872],[-53.44703948277051,72.59401801218988],[-53.44848424703296,72.5943390290027],[-53.44992430260138,72.59466009664959],[-53.4511818286818,72.59460211936691],[-53.452439339019236,72.59454861879394],[-53.453692501111924,72.59449066506832],[-53.455043396566325,72.59462443044792],[-53.45611365907754,72.59419186715834],[-53.45718369549754,72.59375936548076],[-53.45699645253314,72.59338481830248],[-53.457438004649305,72.5929789795836],[-53.45725076535,72.59260443228234],[-53.457063533430514,72.59222988461272],[-53.457504881650884,72.591824113844]]],"type":"Polygon"},"id":"0000000000000000002f","properties":{"area":202840.18232194489,"elevation":956.8810222698754,"region":"NW","year":2018},"type":"Feature"},{"geometry":{"coordinates":[[[-54.4236048868424,73.15198535212959],[-54.42328389724983,73.1514234581186],[-54.42102291621181,73.1509508025756],[-54.41908328548697,73.15104443317607],[-54.41703657616653,73.15095078688917],[-54.41509673144416,73.15104444284628],[-54.41305026202575,73.1509507967077],[-54.4110033878541,73.15085714961349],[-54.40917522876367,73.15113809527926],[-54.407342497928965,73.15141897062365],[-54.40529563570276,73.151325373152],[-54.403570220372536,73.15179356333104],[-54.40173738469824,73.15207449518734],[-54.401951455874276,73.15244906844593],[-54.40356565931875,73.15294851877091],[-54.40453321362376,73.15347913040124],[-54.406579885150606,73.1535727608363],[-54.40884078891102,73.154040931896],[-54.41078033019458,73.1539473243742],[-54.41272024963543,73.15385810788331],[-54.41455293017036,73.15357724812431],[-54.41649237725694,73.15348357642699],[-54.41832537230268,73.15320265318418],[-54.420153614882885,73.15292172974517],[-54.42198607599667,73.15264078999901],[-54.4236048868424,73.15198535212959]]],"type":"Polygon"},"id":"00000000000000000089","properties":{"area":171088.05899968153,"elevation":745.927988498457,"region":"NW","year":2018},"type":"Feature"},{"geometry":{"coordinates":[[[-54.97116010149373,73.60296546315729],[-54.96948342969275,73.60246601405264],[-54.96846672287217,73.60193985045807],[-54.967454502075526,73.60140916895544],[-54.96534977223045,73.60132000850723],[-54.96324068021269,73.60123083265131],[-54.9611359726572,73.60114162287341],[-54.95903146019174,73.60105693710454],[-54.95692221893332,73.60096775748906],[-54.954933406350676,73.601065817684],[-54.95306065439433,73.60135124670333],[-54.95083999288389,73.60107475815973],[-54.94884680130554,73.60117287586823],[-54.94919914817491,73.60173469740954],[-54.9495467182368,73.60229655073475],[-54.94790596540597,73.60295652141288],[-54.948918128848504,73.60348716777976],[-54.94993034823408,73.60401780812391],[-54.94961377319183,73.60461084569357],[-54.95129048527893,73.60511021895786],[-54.95351545623003,73.60538228550122],[-54.95538816712276,73.6050968811785],[-54.9573815276954,73.60499876434832],[-54.9594861766962,73.60508792781512],[-54.96124310087855,73.60461528404558],[-54.96311607844202,73.6043298894229],[-54.96498881093601,73.60404454501915],[-54.96698209212154,73.6039419340459],[-54.968970731316695,73.60384388294494],[-54.970843549900216,73.6035585222245],[-54.97116010149373,73.60296546315729]]],"type":"Polygon"},"id":"000000000000000000b5","properties":{"area":248410.97397615173,"elevation":710.5056822273755,"region":"NW","year":2018},"type":"Feature"},{"geometry":{"coordinates":[[[-55.42791478098025,73.65285379266714],[-55.42766964685874,73.6524792592284],[-55.42742427846722,73.65210467966051],[-55.42651445802677,73.65176136531507],[-55.4256092838233,73.651422457716],[-55.42482021933116,73.65127086808437],[-55.42337090432532,73.65115496614982],[-55.42179674131939,73.65084726624845],[-55.42034766142271,73.65072688298305],[-55.41925954416578,73.65117274607465],[-55.417930839678164,73.65123964872497],[-55.41817601171441,73.65161424070051],[-55.41908563725308,73.6519530936413],[-55.41866656743337,73.65236335199106],[-55.4189119511223,73.65273787130559],[-55.419817082742775,73.65307681117417],[-55.420062318451876,73.65345139931442],[-55.42097206585917,73.65379024201322],[-55.421881471627636,73.65413360801286],[-55.42333083142477,73.65424959342697],[-55.42478457509441,73.65436993312687],[-55.42611322192194,73.65429854979172],[-55.42731726641813,73.65404442585226],[-55.427740800390616,73.65363417302922],[-55.42683113266158,73.6532952928673],[-55.42791478098025,73.65285379266714]]],"type":"Polygon"},"id":"000000000000000000d1","properties":{"area":84877.4526465394,"elevation":417.3389622999955,"region":"NW","year":2018},"type":"Feature"},{"geometry":{"coordinates":[[[-54.07203146221865,73.16934909572072],[-54.07117517761973,73.16900123161108],[-54.06967266706564,73.16868462317142],[-54.068816414225346,73.16834129937168],[-54.06861136479539,73.16796675484909],[-54.0677551983699,73.16761887373765],[-54.06625685205561,73.16730675264839],[-54.066047254058155,73.16692777968726],[-54.064544701407954,73.16661563179815],[-54.063046332159274,73.16629900085631],[-54.06154354327325,73.16598241438442],[-54.06004103510541,73.16566586241387],[-54.05864065647598,73.1655409637939],[-54.05734772284061,73.16559893571711],[-54.056259706197245,73.16603593975145],[-54.05496202691281,73.16609390341381],[-54.053771551111446,73.16634361090972],[-54.05258090120506,73.16658882755392],[-54.051283124941655,73.16665131535207],[-54.05148825021571,73.16702585696386],[-54.052344583411255,73.16736924245802],[-54.053847302943524,73.16768579031138],[-54.054699003003144,73.16802917390453],[-54.055452520574256,73.16818972150361],[-54.05684832346542,73.16831453904794],[-54.05835099582902,73.16863111786235],[-54.05975108626641,73.16876047658074],[-54.061151373566204,73.16888975461636],[-54.06264953993971,73.16920187154551],[-54.063947202223844,73.16914392159818],[-54.06544985334471,73.16946050927093],[-54.06674290789701,73.16939811354241],[-54.06814308792326,73.16952740529268],[-54.06944083295711,73.16946497945162],[-54.070836563529426,73.16959430712821],[-54.07203146221865,73.16934909572072]]],"type":"Polygon"},"id":"00000000000000000071","properties":{"area":150646.36883343916,"elevation":837.5274316577436,"region":"NW","year":2018},"type":"Feature"},{"geometry":{"coordinates":[[[-55.25857596239577,73.66224468702404],[-55.257670800337515,73.66190580793292],[-55.25752369671719,73.66167838983309],[-55.25760845048296,73.66141086979795],[-55.25730961331343,73.66134393310848],[-55.256497900472766,73.66119237793899],[-55.25537422368736,73.66113435806798],[-55.254411090346494,73.6611031472719],[-55.2532025514708,73.66136180881593],[-55.252114532087454,73.66180326132164],[-55.251026704730165,73.6622447521875],[-55.249938580703315,73.66268618990264],[-55.248850830290536,73.66312759532788],[-55.247762601617175,73.6635690182517],[-55.24667456497314,73.66401047953953],[-55.24641165725307,73.66430033830902],[-55.24655865359074,73.6645277633008],[-55.24646510534536,73.66475074974709],[-55.24622864892739,73.66508072850837],[-55.24646948015643,73.6654552903281],[-55.24630435749476,73.66557120538229],[-55.24669694021307,73.66581196121503],[-55.247495138444776,73.66598591144412],[-55.248948663493536,73.66610181497369],[-55.25027748986554,73.66603497000146],[-55.25136554676522,73.6655934892949],[-55.25269870797936,73.66552660988422],[-55.253786919124884,73.6650851591641],[-55.254237344180204,73.66471058974211],[-55.25446465051383,73.66438508825],[-55.25463848098138,73.66426913246997],[-55.25572662269795,73.66382328196856],[-55.25681904678465,73.66338179367311],[-55.25790703348838,73.6629403142591],[-55.258352954440944,73.66257025036526],[-55.25857596239577,73.66224468702404]]],"type":"Polygon"},"id":"000000000000000000ca","properties":{"area":119564.81174941441,"elevation":561.484403559764,"region":"NW","year":2018},"type":"Feature"},{"geometry":{"coordinates":[[[-55.27214057908308,74.08730406681637],[-55.27201563172343,74.08711678419608],[-55.2718906870561,74.08692950140943],[-55.27177048077975,74.08674224817544],[-55.271645541449516,74.086554965059],[-55.271520790328054,74.08636761120599],[-55.27139585638058,74.08618032775698],[-55.27127566063432,74.08599307387217],[-55.27046855192968,74.08584147283052],[-55.26966120527346,74.0856898225624],[-55.268858645029766,74.08553381747433],[-55.26817646744657,74.0855694918001],[-55.26761466616755,74.08578796821008],[-55.26693696050405,74.08582362195644],[-55.266129702727504,74.08567207270573],[-55.265322617766714,74.08551595199911],[-55.26464042921534,74.08555161321304],[-55.26395802702997,74.08558284506866],[-55.263275831520296,74.08561850119766],[-55.2627184747664,74.08584144386981],[-55.26203630609231,74.08587271422903],[-55.2613540935537,74.08590836313108],[-55.261478925504406,74.08609565285307],[-55.26159927457831,74.0862829581574],[-55.26172411186424,74.08647024754971],[-55.26184895184017,74.08665753677582],[-55.26197398006771,74.08684475527544],[-55.262776341210014,74.0869963629325],[-55.26358345030627,74.0871479970506],[-55.26370831402069,74.08733528481439],[-55.26382869457822,74.08752258821265],[-55.26463579439257,74.0876785987743],[-55.26544294636686,74.08783022475929],[-55.26624562455831,74.0879818630933],[-55.26692785838945,74.08795057781035],[-55.2676101280791,74.08791490891878],[-55.26841733610834,74.08807101936992],[-55.269099605350455,74.08803534499349],[-55.269781871029444,74.08799966807406],[-55.270463909193595,74.08796844025348],[-55.27102122557853,74.08774547532346],[-55.27158304028685,74.08752698986034],[-55.27214057908308,74.08730406681637]]],"type":"Polygon"},"id":"000000000000000000ea","properties":{"area":66909.26799228869,"elevation":876.745968597496,"region":"NW","year":2018},"type":"Feature"},{"geometry":{"coordinates":[[[-58.28970794768841,75.83296188572992],[-58.286724701987666,75.83235093469666],[-58.282987864765964,75.83178464805508],[-58.280767398381414,75.83113358847243],[-58.27854218154556,75.83048258916993],[-58.27631699300123,75.82982710795483],[-58.27485018892181,75.82913151785478],[-58.27489021633228,75.82834666956501],[-58.276442105976635,75.82747716181989],[-58.277240287831155,75.8266477964781],[-58.27652684080945,75.82590755194435],[-58.27541655006006,75.8255820536385],[-58.27239763219642,75.82575593665561],[-58.26955255193465,75.82611715295967],[-58.266707799852796,75.82647829765833],[-58.263867303707435,75.82683500618649],[-58.26120079292857,75.82737909911788],[-58.261914298965564,75.82811928258657],[-58.26186985433771,75.8289040735464],[-58.26409038173959,75.82955508342192],[-58.266315288011754,75.83021061931251],[-58.27005207378619,75.83077691040671],[-58.272277224006665,75.83142792442054],[-58.27600953244798,75.8319941934664],[-58.279746424775524,75.8325605302816],[-58.283483075866094,75.83312683186429],[-58.28686301567794,75.83331861278747],[-58.28970794768841,75.83296188572992]]],"type":"Polygon"},"id":"000000000000000001d8","properties":{"area":239488.69721350982,"elevation":752.8926594967098,"region":"NW","year":2018},"type":"Feature"},{"geometry":{"coordinates":[[[-57.03013229889367,75.33859025981671],[-57.0298202012598,75.33822013383191],[-57.02935172348425,75.3376627395764],[-57.02741204156989,75.33718114291148],[-57.02489714917095,75.33693145019664],[-57.02253837529131,75.33686456347621],[-57.02001899378296,75.33661040175208],[-57.017816265388134,75.33672629875988],[-57.01561336491576,75.33684675092591],[-57.01356657837331,75.33714995010972],[-57.01136403503103,75.3372703263157],[-57.0091609865278,75.33739070672523],[-57.007114343905734,75.3376939969078],[-57.005063204735386,75.33799717703123],[-57.00317251356289,75.33848770923238],[-57.0011258509213,75.33879537117308],[-56.999078859035954,75.3390985757632],[-56.999391244420224,75.33946868665112],[-56.99838797209914,75.34010636184976],[-56.99959173956102,75.34062801916822],[-57.002267256224464,75.3410650530172],[-57.00462620878846,75.34113190604154],[-57.00729736069458,75.34157336450636],[-57.0095045745883,75.34145296851938],[-57.011863192297355,75.34151988091041],[-57.01406607064087,75.34140396911323],[-57.01627345403695,75.34128354157785],[-57.01800779373507,75.34060573310624],[-57.01974253492349,75.33992799353584],[-57.0214771116097,75.33925462859818],[-57.02336790375984,75.33876412464643],[-57.02557058046433,75.33864373356536],[-57.02777348769325,75.33852336137629],[-57.03013229889367,75.33859025981671]]],"type":"Polygon"},"id":"000000000000000001b8","properties":{"area":285052.34662184445,"elevation":849.962684695081,"region":"NW","year":2018},"type":"Feature"},{"geometry":{"coordinates":[[[-65.30662939152174,77.22417909931464],[-65.30603196171096,77.22382237190985],[-65.30463181409236,77.22353249881843],[-65.3024244128981,77.22330958312307],[-65.30081035784164,77.2234388270974],[-65.29889755098034,77.22339431990939],[-65.29758658141442,77.223701985664],[-65.2953748275215,77.22347904343762],[-65.29406367148789,77.22379113329724],[-65.29274847637284,77.22409884080386],[-65.29113426167523,77.22423257134855],[-65.28981895081796,77.22454026088522],[-65.28880201934835,77.22503076992217],[-65.28939959261508,77.22538748910945],[-65.28838300105699,77.22587358078583],[-65.28898028057283,77.22623026723639],[-65.28877080914391,77.22665385329005],[-65.29017086576387,77.22694370422238],[-65.29127681752142,77.2270596849727],[-65.29229346663907,77.22656914005525],[-65.29390784072126,77.22643984989853],[-65.29551755261889,77.22630611036313],[-65.29683296000265,77.22599394847617],[-65.29874587401167,77.2260429968447],[-65.29976249483633,77.22555244614254],[-65.3010735731943,77.22524477289325],[-65.30298629174895,77.22528942026979],[-65.30400302444774,77.22479887947807],[-65.30561296654705,77.22466957617446],[-65.30662939152174,77.22417909931464]]],"type":"Polygon"},"id":"0000000000000000023a","properties":{"area":100999.5066832126,"elevation":772.1224453716142,"region":"NW","year":2018},"type":"Feature"},{"geometry":{"coordinates":[[[-55.12231916377175,73.89615131464872],[-55.12140524319461,73.89580795109538],[-55.121164317759344,73.89543788797728],[-55.119572350804766,73.89513020012387],[-55.11798487271585,73.89482248590116],[-55.11841768593384,73.89441225573987],[-55.11750347178199,73.89407339608881],[-55.117262663111944,73.89369882728322],[-55.11567515594638,73.89339116327771],[-55.114083256422305,73.89308349799741],[-55.11384252957799,73.89270892422537],[-55.112254907063296,73.89240118460226],[-55.1106673953862,73.89209354762882],[-55.1094369169744,73.89234766151306],[-55.108090046935594,73.89241458179228],[-55.106743595141836,73.89248146753708],[-55.10563324822289,73.89292293949698],[-55.104527287666826,73.8933643916141],[-55.1047638319838,73.89373896362859],[-55.10365780216739,73.89418040908333],[-55.10457197881103,73.89451926604774],[-55.10481279729477,73.89489389518246],[-55.1057270291211,73.89523274607919],[-55.10664102800255,73.8955760458103],[-55.10755514011401,73.89591495780834],[-55.10779579065697,73.89628953618958],[-55.10871012486054,73.8966328711124],[-55.11018135013875,73.89675329605092],[-55.11164858055629,73.89687369708058],[-55.11312026710778,73.89699407395116],[-55.11458709564686,73.8971144760192],[-55.116054186233306,73.89723491229856],[-55.11728505978916,73.89698068802815],[-55.118631585594535,73.89691379750045],[-55.11986221253651,73.89665962571483],[-55.121208946347224,73.89659276181067],[-55.12231916377175,73.89615131464872]]],"type":"Polygon"},"id":"000000000000000000d9","properties":{"area":192751.8647459315,"elevation":684.4243321246208,"region":"NW","year":2018},"type":"Feature"},{"geometry":{"coordinates":[[[-57.391850158297785,75.35964163007353],[-57.39136395717938,75.35908431307402],[-57.38900069010087,75.35902181866079],[-57.38663751271302,75.35895941171951],[-57.383948403241476,75.35852239420342],[-57.381585099645065,75.35846000073985],[-57.37921719433278,75.3583975717303],[-57.37685417470439,75.35833516578394],[-57.374651330437956,75.35845553396565],[-57.37276952618367,75.35895046948102],[-57.37088787799522,75.35944542851902],[-57.36884564143187,75.35975312804115],[-57.36712443235755,75.36043093897965],[-57.36687011617584,75.36102847587749],[-57.36735605485256,75.36158581309321],[-57.368573457870106,75.36210308760909],[-57.36979093461129,75.36262035419199],[-57.3717440069941,75.36309746368866],[-57.373375981014235,75.36319997010725],[-57.37573923190625,75.36326244957354],[-57.378107096312974,75.36332490937649],[-57.380309799172956,75.36320449650677],[-57.38235227128557,75.36289680154282],[-57.384559399866845,75.36277195676857],[-57.38676222596995,75.36265151511084],[-57.38880456826026,75.36234386790788],[-57.39084682681122,75.36203619912035],[-57.39109641364864,75.36143863449324],[-57.390614974548015,75.36088125490328],[-57.39086464168019,75.36028380281708],[-57.391850158297785,75.35964163007353]]],"type":"Polygon"},"id":"00000000000000000272","properties":{"area":290339.2525870238,"elevation":673.2237514171128,"region":"NW","year":2018},"type":"Feature"},{"geometry":{"coordinates":[[[-54.681563864175416,73.88721527812187],[-54.676609876351726,73.88706367956047],[-54.67166017987345,73.88691201494765],[-54.66659008772207,73.88657317908387],[-54.66152019224174,73.8862343193851],[-54.656454690002455,73.8858953879995],[-54.651500460405686,73.88574373857739],[-54.6471216716998,73.88652853592976],[-54.64251103769841,73.88693881649225],[-54.63778883611743,73.88716180623355],[-54.632491422211075,73.88644830979042],[-54.62831320785804,73.8852934306783],[-54.627510562613494,73.88398238861875],[-54.62873689499735,73.88257782066357],[-54.624460648516795,73.88239056437548],[-54.62468796885703,73.88276513703882],[-54.62481285251281,73.88411173144245],[-54.626288852502086,73.88539153330272],[-54.62844239604036,73.88664003823042],[-54.63373543333618,73.88735346579378],[-54.638805466411384,73.88769237447153],[-54.64352759450614,73.88746942938465],[-54.64802246029586,73.8868719585594],[-54.65274918470921,73.88664898038456],[-54.657703221810046,73.88680062044654],[-54.66276873614641,73.88713947140945],[-54.667838703978475,73.88747836718909],[-54.67279269239356,73.88762997145425],[-54.67763098433911,73.887594269478],[-54.681563864175416,73.88721527812187]]],"type":"Polygon"},"id":"000000000000000000c8","properties":{"area":168824.04705334624,"elevation":1066.6330150372582,"region":"NW","year":2018},"type":"Feature"},{"geometry":{"coordinates":[[[-55.569036544640284,74.34574907739328],[-55.56882688697937,74.34565990415301],[-55.56718596283984,74.345352218842],[-55.56580340230631,74.34542359430576],[-55.5641626471601,74.34512037716064],[-55.56290529600515,74.34537453523234],[-55.56139354992914,74.34525862152708],[-55.560140540381816,74.34551718708553],[-55.55862439499883,74.3453968247023],[-55.55711266156505,74.34528087668335],[-55.55573029304633,74.34535222304945],[-55.5544730403699,74.34560636890032],[-55.553219958067366,74.34586500329982],[-55.55183767069549,74.3459318714753],[-55.55058022906739,74.34619055530183],[-55.54906871031092,74.34607458799708],[-55.549153326192126,74.34619949242723],[-55.54880982731309,74.34656954258213],[-55.55019673010359,74.34650267489518],[-55.551842158516514,74.34680591901717],[-55.553483089978606,74.34710917119376],[-55.55512846803912,74.34741683564262],[-55.556773793515326,74.34771999142654],[-55.558272126666935,74.34799651954467],[-55.55848629964179,74.34830415768019],[-55.558677788949396,74.34839780993863],[-55.56006036983206,74.34832644393882],[-55.56144714718132,74.3482595648635],[-55.562704614491096,74.34800092589121],[-55.563832695647335,74.3475594722795],[-55.564960868666645,74.34711356192403],[-55.56608909047153,74.34667213816249],[-55.56721260228456,74.34622623507148],[-55.56847008784733,74.34596759974696],[-55.569036544640284,74.34574907739328]]],"type":"Polygon"},"id":"00000000000000000125","properties":{"area":116507.74827444638,"elevation":538.0671929502477,"region":"NW","year":2018},"type":"Feature"},{"geometry":{"coordinates":[[[-55.33801045617664,74.3899432400909],[-55.33637838800271,74.38929221031086],[-55.333515648505504,74.3886144435076],[-55.33333708403861,74.3879767973289],[-55.33164267761535,74.38759327454912],[-55.328539283173214,74.38736148198848],[-55.32558298303812,74.38712064457178],[-55.3216053810865,74.38654096524813],[-55.3182609967356,74.38689765078401],[-55.31440836986595,74.38650970791284],[-55.310685059423854,74.38630457550089],[-55.30708643275996,74.38628677068537],[-55.30399642179172,74.38701805186635],[-55.30254262438089,74.38805705075961],[-55.30109343435065,74.38909157006819],[-55.30266744954246,74.38973811836264],[-55.3030466047722,74.39030002413402],[-55.30607863470101,74.39054075856771],[-55.308856851393486,74.39103122769376],[-55.31240190899494,74.39139243693131],[-55.31600933891871,74.39140581043738],[-55.31961204540779,74.39142369543858],[-55.32188628946676,74.39135676962995],[-55.325177039121684,74.39115163886358],[-55.328017530033435,74.39004575608897],[-55.33107651608891,74.38993879204592],[-55.334786502753055,74.39048723737675],[-55.33801045617664,74.3899432400909]]],"type":"Polygon"},"id":"00000000000000000115","properties":{"area":432317.0570921932,"elevation":772.1899386706446,"region":"NW","year":2018},"type":"Feature"},{"geometry":{"coordinates":[[[-58.89653366622423,75.97914454253595],[-58.89520490914945,75.97863622473498],[-58.89311781583127,75.97817695591479],[-58.89255164687761,75.97761952887832],[-58.89351037529776,75.97697746531314],[-58.89370642696451,75.97637543246246],[-58.89390259926646,75.97577792609086],[-58.89333634491605,75.975224983017],[-58.89429506225348,75.97457841974673],[-58.896016334360226,75.97388731746753],[-58.89621239991902,75.97328980118616],[-58.894883589137095,75.97278138936494],[-58.89298391445471,75.97250052031566],[-58.890513569788745,75.97245593431532],[-58.888417965661795,75.97277699182195],[-58.88650962586286,75.97328086463243],[-58.88460100138316,75.97378920589789],[-58.88250536346517,75.97411024142899],[-58.88269240608746,75.97429304014435],[-58.881733781263996,75.97493962997649],[-58.880017162296106,75.97563077809647],[-58.87829591115524,75.97632197469963],[-58.87809961782796,75.97691942827522],[-58.88018640322315,75.97738318487771],[-58.88151080382325,75.9778915557771],[-58.88283957849924,75.97839992539926],[-58.88568917336835,75.97881457306548],[-58.88777573219553,75.97927835991219],[-58.88948807831681,75.97937194642914],[-58.89233744560733,75.97979113940505],[-58.89499955316826,75.98002298172746],[-58.89633741437083,75.9797465299598],[-58.89653366622423,75.97914454253595]]],"type":"Polygon"},"id":"000000000000000001e0","properties":{"area":248277.27325815134,"elevation":773.4713173367229,"region":"NW","year":2018},"type":"Feature"},{"geometry":{"coordinates":[[[-55.54184482567075,74.02767693310336],[-55.54146582788263,74.02711511448396],[-55.54040896080538,74.02658896630895],[-55.53824180706096,74.02650871232213],[-55.53607929126382,74.02642395728671],[-55.5339164412242,74.02634370088593],[-55.53175376192103,74.02625896606419],[-55.5294663235655,74.0259914244119],[-55.527174385877004,74.02571937839025],[-55.52488687657708,74.02545185110527],[-55.52284915586496,74.02555441146457],[-55.52081122022797,74.02565701990885],[-55.52051230622789,74.02625449737045],[-55.5188536848366,74.02691893602902],[-55.51991037031273,74.02744506196315],[-55.52028941874845,74.0280069401093],[-55.52134645723702,74.02853310227523],[-55.52240312150559,74.02905928346125],[-55.524142124095775,74.02954978237152],[-55.5256270469608,74.02966572604704],[-55.52778962661128,74.02975044380831],[-55.5298275773103,74.0296479036057],[-55.53199031698672,74.02972811905177],[-55.53389882746104,74.02943827897225],[-55.536065643594036,74.02951856575389],[-55.537974302620675,74.02922872802198],[-55.53963293593392,74.02856432497265],[-55.54141668544526,74.02808722214326],[-55.54184482567075,74.02767693310336]]],"type":"Polygon"},"id":"000000000000000000ef","properties":{"area":234403.9918404388,"elevation":638.2706338939199,"region":"NW","year":2018},"type":"Feature"},{"geometry":{"coordinates":[[[-65.34289981808585,76.38306778079524],[-65.34205718566596,76.38253266164453],[-65.341972527953,76.38193069788538],[-65.33942180322732,76.38195298652703],[-65.33630920826987,76.38161413744851],[-65.33375433877386,76.38163640254758],[-65.33148452465785,76.38183259050275],[-65.33005313800774,76.38256391456157],[-65.3306148331905,76.38292064740533],[-65.32918810258896,76.38365637144483],[-65.32926843695682,76.38425840333247],[-65.32784163000355,76.38498964451881],[-65.32640996572881,76.38572542720584],[-65.32725301658434,76.38625600078944],[-65.32884939506539,76.38672869012258],[-65.3304499633386,76.38719693798659],[-65.33205078267841,76.38766509517956],[-65.33432068364044,76.38746892967482],[-65.33575191785273,76.3867331799533],[-65.33746404645623,76.38618025526223],[-65.34029576939395,76.38633626753258],[-65.34021113624654,76.3857343163691],[-65.34012640514543,76.38513683029076],[-65.34155773409431,76.38440109327983],[-65.34146848080529,76.38379903442998],[-65.34289981808585,76.38306778079524]]],"type":"Polygon"},"id":"0000000000000000021e","properties":{"area":181185.0965788978,"elevation":382.08345872007817,"region":"NW","year":2018},"type":"Feature"},{"geometry":{"coordinates":[[[-56.949489309352685,75.03280738449382],[-56.94774591070972,75.0325130755956],[-56.94816050701481,75.0321028871652],[-56.9471394500213,75.03176837623406],[-56.94539576626023,75.03147858771727],[-56.94365237200166,75.03118431445095],[-56.94190876404071,75.03088998239176],[-56.94088320923315,75.03056000621017],[-56.940013844332015,75.03041286028665],[-56.93857362128732,75.03048864770291],[-56.936981592051986,75.03038167618784],[-56.93569291330103,75.03064917277082],[-56.93410539974733,75.03054219558423],[-56.93281670807514,75.03080527539286],[-56.93168426373276,75.03125562831389],[-56.930547047549766,75.03170602789199],[-56.92940995788047,75.03215634779316],[-56.93043563146729,75.03249082177852],[-56.930738959381294,75.03286090939822],[-56.93248227514707,75.03315517947969],[-56.93422569600056,75.03344503683832],[-56.93596938615808,75.03373931963051],[-56.93756127125876,75.03384632856728],[-56.939153170750565,75.0339533247202],[-56.94059349090127,75.0338776079271],[-56.94187752560933,75.03361002276642],[-56.94316652629989,75.0333469302733],[-56.944606734466234,75.03326667070928],[-56.94589094936525,75.03300361424496],[-56.94748260531973,75.03311061516459],[-56.948922979793906,75.03303476449733],[-56.949489309352685,75.03280738449382]]],"type":"Polygon"},"id":"00000000000000000190","properties":{"area":141424.73456817295,"elevation":480.9673863807944,"region":"NW","year":2018},"type":"Feature"},{"geometry":{"coordinates":[[[-57.286254173108176,75.704963348836],[-57.28425638437744,75.70448620613645],[-57.28141575763925,75.70483405911143],[-57.278245333270085,75.70480728391583],[-57.2749099190472,75.70459771513788],[-57.27173973458,75.70457545636654],[-57.26873001997932,75.70473593038483],[-57.265884862726104,75.70508375653905],[-57.26304427335132,75.70543155335228],[-57.259873947284696,75.70540922637947],[-57.26052505963003,75.70614946938932],[-57.26042688647766,75.70693428302808],[-57.2603288480868,75.7077146358441],[-57.26023066447638,75.70849944395437],[-57.26013247563107,75.70928424929208],[-57.26153726904527,75.70998428900731],[-57.26444896429819,75.7106085625772],[-57.26703065155511,75.71085830093813],[-57.27069623596383,75.71143800197316],[-57.27370168685249,75.7112774869172],[-57.27579741912898,75.71096979713172],[-57.272131994683036,75.71039011298902],[-57.26922471526868,75.70976584167192],[-57.27157481444417,75.70886504741975],[-57.27392910353676,75.70795991819533],[-57.276283318769615,75.70705468484807],[-57.27896342619962,75.70651959240213],[-57.2814827075313,75.70580169136045],[-57.28465330814174,75.70582841796427],[-57.286254173108176,75.704963348836]]],"type":"Polygon"},"id":"000000000000000001ce","properties":{"area":282552.7198318129,"elevation":971.7616554160621,"region":"NW","year":2018},"type":"Feature"},{"geometry":{"coordinates":[[[-56.9645701489721,75.12270730009733],[-56.96441825261489,75.12252449962584],[-56.96354005617721,75.12237735823776],[-56.96338840408734,75.12219008893256],[-56.96323220875194,75.1220028023652],[-56.96308079085287,75.12181997195422],[-56.96292460262157,75.12163268492641],[-56.962050740722795,75.12148551047335],[-56.961323777111865,75.12152565845044],[-56.96060135559074,75.12156582082474],[-56.95972296618742,75.12141861912308],[-56.95900054288256,75.12145877567852],[-56.95827811504683,75.12149892956963],[-56.95755136778807,75.12153459572957],[-56.956829119660135,75.1215746723277],[-56.95595056654307,75.12142752606046],[-56.955228128038044,75.12146766878995],[-56.954505953874126,75.12150785226093],[-56.95377895959784,75.12154797241107],[-56.953056507487354,75.12158810713143],[-56.95233428400031,75.12162377130198],[-56.95176334433076,75.12185117850031],[-56.951192846547244,75.12207855522111],[-56.95046586003748,75.12211426697974],[-56.94974337105806,75.12215438931511],[-56.94989514627245,75.1223417115057],[-56.95077343779565,75.12248884068401],[-56.95165201181842,75.122636009395],[-56.9525260166109,75.12277864566963],[-56.95340461761422,75.12292580664274],[-56.95428277472207,75.12307299227743],[-56.955161402972216,75.12322014549332],[-56.956035228765735,75.12336723422301],[-56.9569136956113,75.12351445165024],[-56.95779209578854,75.12366154984727],[-56.9586707784969,75.12380868756696],[-56.95954451261173,75.12395143692218],[-56.96027135504019,75.12391576443004],[-56.96099387685772,75.12387560428347],[-56.961872134778446,75.1240227564931],[-56.96259465481023,75.12398259052797],[-56.96331698171674,75.12394249385414],[-56.96404403993392,75.12390233958051],[-56.9638878198997,75.12371505459438],[-56.96373618940959,75.12353229768054],[-56.963584712171006,75.12334495730683],[-56.963428502795495,75.12315767162988],[-56.96399935304071,75.12293474247751],[-56.9645701489721,75.12270730009733]]],"type":"Polygon"},"id":"000000000000000001a1","properties":{"area":77100.71199199645,"elevation":493.08004608294914,"region":"NW","year":2018},"type":"Feature"},{"geometry":{"coordinates":[[[-59.36271467953008,76.04981236555642],[-59.362130648587055,76.04925948362366],[-59.359249998588304,76.04884927328544],[-59.35866123891277,76.04829630200649],[-59.35852314278146,76.04807330650928],[-59.35941071778362,76.04746244287587],[-59.359584595349574,76.04686490662358],[-59.35848745604862,76.04650816520169],[-59.35789892187864,76.04595530039934],[-59.356690438227844,76.04566991099391],[-59.35502279251368,76.0455450631157],[-59.35234267733846,76.04531762128735],[-59.35025142296984,76.0456431138606],[-59.348512640927346,76.04575014077994],[-59.34693844481776,76.0456832937685],[-59.34751814061404,76.0462273295942],[-59.348173753185414,76.0467534447854],[-59.34940430982275,76.04723953142103],[-59.34977440742455,76.04749362468154],[-59.349542443492375,76.04804213323098],[-59.34936415853993,76.04863969696038],[-59.3494980156948,76.04886262476346],[-59.349948212622586,76.04919257861347],[-59.35117901765039,76.04967865100676],[-59.351553487637716,76.0499372243127],[-59.353604809885326,76.05033854087307],[-59.355272462133314,76.05046792142761],[-59.35705181731906,76.05052136813929],[-59.358523018625945,76.05046344377827],[-59.360815327530695,76.05032074183458],[-59.36271467953008,76.04981236555642]]],"type":"Polygon"},"id":"000000000000000001f4","properties":{"area":147498.64558582183,"elevation":433.66261197317533,"region":"NW","year":2018},"type":"Feature"},{"geometry":{"coordinates":[[[-55.09584539266088,74.36264018328201],[-55.0946595094364,74.3619267203624],[-55.092773287313044,74.36124444907774],[-55.091801167372154,74.36085203992668],[-55.09205098371835,74.36034820138265],[-55.09185011468598,74.36004050583176],[-55.090815744449614,74.3595634026418],[-55.089901578887165,74.35905955067622],[-55.089032046722394,74.35869383624016],[-55.087769954379795,74.35800270013806],[-55.0866553429488,74.3575880491431],[-55.08563864093205,74.35694593980843],[-55.08452817504503,74.3565356661826],[-55.08297653192757,74.356803157284],[-55.0807379989703,74.35729369985174],[-55.08122856649477,74.35804282293842],[-55.08172354298169,74.35879200265636],[-55.082138169392486,74.35924231132958],[-55.08307911303973,74.35958117927332],[-55.08410918258187,74.36005831047153],[-55.08437674665759,74.36064693905247],[-55.08476019040949,74.36104828325642],[-55.087163709057634,74.36161906509737],[-55.08814008167487,74.3620114399494],[-55.08852819385742,74.36241276439883],[-55.091555861173475,74.3626535261343],[-55.09415113885205,74.36282741572059],[-55.09584539266088,74.36264018328201]]],"type":"Polygon"},"id":"00000000000000000103","properties":{"area":141863.472465882,"elevation":944.2939223290653,"region":"NW","year":2018},"type":"Feature"},{"geometry":{"coordinates":[[[-59.43406048624559,76.04577243810074],[-59.432963359927484,76.04542912737831],[-59.430479833478465,76.04538449006805],[-59.428187587697536,76.04552722633278],[-59.42664041733259,76.04546480407764],[-59.42454919095081,76.04516598055312],[-59.42245766934238,76.0454914984842],[-59.42074099735012,76.04543351801917],[-59.41921157231789,76.04549596671612],[-59.41712015986952,76.04582147054163],[-59.414631938477605,76.04578140020382],[-59.412344575390584,76.04592408095327],[-59.411051462645155,76.04623172057123],[-59.40928989427103,76.04614700170075],[-59.4094862381691,76.04632986081154],[-59.410641087286976,76.04665090555861],[-59.41312945481261,76.04669551078041],[-59.41561304484371,76.0467356364186],[-59.41790507042657,76.0465929586142],[-59.42039321766229,76.04663755276381],[-59.422881366254494,76.04667763042293],[-59.425168785287944,76.04653495078796],[-59.42672083979652,76.04660183443495],[-59.427764171989814,76.04653495340577],[-59.42899040432679,76.04629859115724],[-59.43147407990728,76.04633875919893],[-59.43376591815314,76.04620051002635],[-59.43406048624559,76.04577243810074]]],"type":"Polygon"},"id":"000000000000000001f7","properties":{"area":68271.9133427599,"elevation":395.77154969382934,"region":"NW","year":2018},"type":"Feature"},{"geometry":{"coordinates":[[[-55.21621893020296,73.6461161635115],[-55.21585781840625,73.64588423251189],[-55.21495714033907,73.64554538135437],[-55.21440856178576,73.64543394271628],[-55.21422118913026,73.64513514771653],[-55.21447996403534,73.64479623220923],[-55.21459588037278,73.64464911198858],[-55.21369065852018,73.64431022350338],[-55.213454242890705,73.64427003580425],[-55.212129940734194,73.64433691335722],[-55.21080106316268,73.64440386689714],[-55.209592811078295,73.6446580496652],[-55.20826845795582,73.64472489840355],[-55.20693952927664,73.64479182302935],[-55.205610769265654,73.6448586671344],[-55.20428643993761,73.64492560271117],[-55.20307805177738,73.64517974051873],[-55.201869628510075,73.64543386982349],[-55.20193642254868,73.64554085991239],[-55.201664444184395,73.64588423195772],[-55.20323404849289,73.64619192745819],[-55.204683275494034,73.6463122974483],[-55.20612795370974,73.64643274153333],[-55.20746120213227,73.64636587944507],[-55.20879023773578,73.64629895192881],[-55.21023931065449,73.64641934794614],[-55.21143890015596,73.6461651930394],[-55.21278085615615,73.64642826961732],[-55.21301747966048,73.64646838754355],[-55.21434612481081,73.64640156007735],[-55.21579522489569,73.64652191151313],[-55.21621893020296,73.6461161635115]]],"type":"Polygon"},"id":"000000000000000000c7","properties":{"area":75190.5584297599,"elevation":546.4342818753298,"region":"NW","year":2018},"type":"Feature"},{"geometry":{"coordinates":[[[-55.905970735696954,74.57031832906026],[-55.90556461772079,74.56975651701035],[-55.90305422340452,74.5693061494892],[-55.900815951546555,74.56922587372809],[-55.8989831306937,74.56970742453966],[-55.89687838822436,74.5698144972808],[-55.89477821192112,74.56992151628704],[-55.892539610997545,74.56984566086567],[-55.89070245183194,74.57032280252626],[-55.88819657250736,74.56987246985386],[-55.885958111109915,74.56979220663942],[-55.88385348237144,74.56989917974526],[-55.881882436493655,74.57019346405535],[-55.87977772260855,74.57030495403762],[-55.87767304014204,74.57041197398716],[-55.878078828630414,74.57096936590526],[-55.8777847361966,74.57156686963859],[-55.87818589008586,74.57212873584318],[-55.877891406618375,74.57272181702908],[-55.87969745077542,74.57321228599791],[-55.88220798103098,74.57366265237728],[-55.88404068412037,74.57318109523827],[-55.886413007624135,74.57344866789057],[-55.88865582873535,74.5735288789967],[-55.89062231070545,74.57323463070077],[-55.89299892705955,74.57349767147294],[-55.89523766909132,74.57357792527935],[-55.89720843457058,74.57328364917991],[-55.8991749719694,74.57298935615432],[-55.900873837397775,74.57232051576938],[-55.902572759058316,74.5716515868814],[-55.90427161998538,74.57098275649074],[-55.905970735696954,74.57031832906026]]],"type":"Polygon"},"id":"00000000000000000250","properties":{"area":284949.62560002867,"elevation":266.92094362497477,"region":"NW","year":2018},"type":"Feature"},{"geometry":{"coordinates":[[[-59.87531947044516,76.17302184074842],[-59.87240343888165,76.1726160425299],[-59.86989299606017,76.17258035651979],[-59.867997671599944,76.17309316834587],[-59.86630339287296,76.17379321566143],[-59.864608937863075,76.17448887439562],[-59.862508602809434,76.17481887723359],[-59.860408354670064,76.17514878409628],[-59.857692732863356,76.17493027107466],[-59.854776693601366,76.17452453959802],[-59.85267638672023,76.17485448411763],[-59.84996066793131,76.17463157665921],[-59.84765531857241,76.17477874026591],[-59.84576007216027,76.17529150090948],[-59.84559953525222,76.17589350391846],[-59.84544368007263,76.17649097333518],[-59.84682596329855,76.17699485743785],[-59.84897063253319,76.17744525789044],[-59.85168635912712,76.17766821293101],[-59.853991590559524,76.17752104568144],[-59.856297184220885,76.17737837804765],[-59.85901264011317,76.17759683006999],[-59.86090776456451,76.17708407087596],[-59.8626023732992,76.17638841398406],[-59.86450172099853,76.17587116038003],[-59.86680702295765,76.17572849002809],[-59.86870209196351,76.17521124735694],[-59.87060197210049,76.17469842434416],[-59.87249690771167,76.17418562920825],[-59.87439663199416,76.17367288194933],[-59.87531947044516,76.17302184074842]]],"type":"Polygon"},"id":"000000000000000001fe","properties":{"area":188152.17705227615,"elevation":591.6871437618746,"region":"NW","year":2018},"type":"Feature"},{"geometry":{"coordinates":[[[-53.409177111580995,72.78901451536315],[-53.409083498505446,72.78882723710106],[-53.40835239953416,72.78866666166712],[-53.40762090066901,72.7885061037556],[-53.40689407839017,72.78834566712543],[-53.40616283118946,72.78818515124702],[-53.40543598168095,72.78802459132875],[-53.40470475626535,72.78786406924276],[-53.40397792848561,72.7877035031542],[-53.40324672485519,72.78754297486088],[-53.40251973787262,72.7873824714728],[-53.401788312169295,72.78722637348602],[-53.40106175753457,72.78706584330644],[-53.40033018652388,72.7869053232153],[-53.399697168325,72.7869320703825],[-53.39905953129094,72.78695880769506],[-53.39842632738457,72.7869856189804],[-53.39788217014308,72.78720412060721],[-53.39724913659476,72.78723085858196],[-53.396611484124605,72.78725758663516],[-53.39670959066138,72.78744487904262],[-53.397436540599934,72.7876054069671],[-53.397530040001676,72.78779269131854],[-53.39762352634385,72.78798446032538],[-53.3983548892708,72.78814494362305],[-53.3990818761961,72.78830546456906],[-53.39981307995599,72.78846601052415],[-53.399906605831724,72.78865329346704],[-53.40000036344184,72.78884062456456],[-53.40072715732275,72.78900109028055],[-53.401458398044596,72.7891616292175],[-53.402185262574804,72.78932220588266],[-53.40291670603552,72.78948266974142],[-53.40364336241231,72.78964319198828],[-53.40437464670999,72.78980371851006],[-53.40500798725168,72.78977251806585],[-53.405645699194885,72.78974575907358],[-53.406278791696316,72.789718990384],[-53.406916317912916,72.78969229548379],[-53.40754964821426,72.78966108553391],[-53.40809351324122,72.78944699015109],[-53.40863320916519,72.78923298213637],[-53.409177111580995,72.78901451536315]]],"type":"Polygon"},"id":"00000000000000000042","properties":{"area":66424.58717797414,"elevation":1026.2023300555798,"region":"NW","year":2018},"type":"Feature"},{"geometry":{"coordinates":[[[-58.78601027456869,75.82931433360893],[-58.78131487217799,75.82861873408912],[-58.7796383726595,75.82774022310173],[-58.7787108356277,75.82681724085447],[-58.77778784882641,75.8258941874584],[-58.77611116981027,75.82501574651434],[-58.77518797024175,75.82409270833121],[-58.772753349973215,75.82325879948607],[-58.77144670823977,75.82275049216835],[-58.76675599028081,75.82205488953743],[-58.762435089174595,75.82172488838117],[-58.75848425673741,75.82176501010738],[-58.75415897798489,75.82143950726284],[-58.752638301750274,75.82231349292141],[-58.74979339771767,75.82346395212184],[-58.74657843203726,75.82423983514364],[-58.747697470772295,75.82456538158758],[-58.749374456460146,75.82544379726507],[-58.75255824959761,75.82623304807176],[-58.75574187228899,75.82701786509385],[-58.75817214177643,75.82785175825872],[-58.76060236955685,75.82868558078229],[-58.76228330047782,75.82956399144352],[-58.76546715332286,75.83034883542209],[-58.76979268837193,75.83067880263253],[-58.774117888495674,75.83100429650895],[-58.77806853316848,75.83096417282259],[-58.78184119410955,75.83073674954929],[-58.785238893819965,75.83014373894837],[-58.78601027456869,75.82931433360893]]],"type":"Polygon"},"id":"000000000000000001db","properties":{"area":611245.4638974441,"elevation":310.83324188993316,"region":"NW","year":2018},"type":"Feature"},{"geometry":{"coordinates":[[[-59.474918986834794,76.16372012581981],[-59.474522393528716,76.16335003813333],[-59.47489674748105,76.16293528742628],[-59.47372869775133,76.16261426404546],[-59.47179326167056,76.16234224898776],[-59.47025490411225,76.16243590910388],[-59.46852009987672,76.1623467456822],[-59.46678115984653,76.16225749823934],[-59.465046672065306,76.16216834685837],[-59.463905162305586,76.16263214643284],[-59.46236669934066,76.16272574925719],[-59.46122506427037,76.16318953245649],[-59.46007921166189,76.16365323784628],[-59.45893773025058,76.16411704579102],[-59.45933446029494,76.16448263961938],[-59.46050288065891,76.16480370351083],[-59.460128294356764,76.16522283334656],[-59.46129658540395,76.1655394812138],[-59.46169342114169,76.16590955368733],[-59.46362859513484,76.16618157711807],[-59.46497065762704,76.16590511673502],[-59.46650909872578,76.16580697382514],[-59.46784702471455,76.16553053814039],[-59.469586039829075,76.16561973810343],[-59.47092387044437,76.16533879751427],[-59.47226600161034,76.1650623288772],[-59.473407512155724,76.16459860366737],[-59.474548953708705,76.16413487085606],[-59.474918986834794,76.16372012581981]]],"type":"Polygon"},"id":"00000000000000000203","properties":{"area":127627.70051799806,"elevation":759.9043938502899,"region":"NW","year":2018},"type":"Feature"},{"geometry":{"coordinates":[[[-65.10047650708721,77.40749273753318],[-65.09712316496032,77.40714939562162],[-65.0935471207974,77.40723409749191],[-65.08937779214082,77.40695761912588],[-65.08550272681795,77.40686400684355],[-65.0813335518497,77.40658757796875],[-65.07745837636912,77.40649391440454],[-65.07358796104654,77.40639582633683],[-65.06941423954935,77.40612374223691],[-65.0652452148226,77.40584730206834],[-65.06227077629165,77.40628881280695],[-65.06019296474565,77.4072608941003],[-65.05975139886367,77.4081081337585],[-65.0593053345271,77.40895085234571],[-65.05886400351874,77.40979811255521],[-65.06058075196505,77.41026624611901],[-65.06415703463281,77.41018601025709],[-65.06772861039771,77.41010128359648],[-65.07130488653694,77.41002105061087],[-65.07457791917844,77.40975796277287],[-65.07785525373714,77.40949934370629],[-65.08112830147044,77.40923619601766],[-65.08440580990234,77.40897762726333],[-65.08738004470543,77.40853614698558],[-65.09095159570492,77.40845143220216],[-65.09422484381838,77.40819282389867],[-65.09809956610698,77.40828642098089],[-65.10047650708721,77.40749273753318]]],"type":"Polygon"},"id":"00000000000000000239","properties":{"area":279806.87207369873,"elevation":750.2473919713626,"region":"NW","year":2018},"type":"Feature"},{"geometry":{"coordinates":[[[-52.97268460285008,73.00196777046196],[-52.972502047813165,73.0015932071725],[-52.97167685369966,73.00124090469329],[-52.971498578599274,73.00086637890844],[-52.97132018744254,73.00048732146689],[-52.97049518341082,73.0001395442745],[-52.96967031632841,72.99978728063304],[-52.96884547797524,72.99943501298456],[-52.96810963087291,72.9992744302846],[-52.96673179110957,72.99914071657192],[-52.965536777322704,72.99938154406348],[-52.964154382513,72.99924330784455],[-52.96277651591155,72.99910944544719],[-52.96139863793539,72.99897127520532],[-52.96011451458653,72.99902473806165],[-52.958914976727286,72.9992655484016],[-52.95762620029408,72.99931909001612],[-52.957804505313014,72.9996980925491],[-52.95669876487514,73.00012616628307],[-52.9575236172267,73.00047842228936],[-52.95899073486221,73.00079946865519],[-52.960368545139026,73.00093772668632],[-52.96156816246206,73.0006969073944],[-52.96303516815098,73.00101798798788],[-52.964502293102164,73.00134347022968],[-52.9659737169126,73.00166897910051],[-52.96744067244448,73.00199009076954],[-52.96890774824552,73.0023156040845],[-52.97010737446133,73.00207484296912],[-52.971396085712705,73.00202127737546],[-52.97268460285008,73.00196777046196]]],"type":"Polygon"},"id":"00000000000000000044","properties":{"area":107438.42624084743,"elevation":1359.5719612477944,"region":"NW","year":2018},"type":"Feature"},{"geometry":{"coordinates":[[[-56.0873087840053,74.6595449009453],[-56.08717060051882,74.65935766754166],[-56.08632774145326,74.65920606049411],[-56.08548488292146,74.65905889541058],[-56.084642309903856,74.65890732558502],[-56.08379505625056,74.65875567092418],[-56.082952236309254,74.65860849476066],[-56.08281410612765,74.6584212579805],[-56.083384733236,74.65819828367925],[-56.08324660223448,74.65801104694582],[-56.08240383550866,74.65785942260132],[-56.081556447019175,74.65771227486688],[-56.08071370639065,74.65756064312713],[-56.079870978903934,74.65740900769946],[-56.07902832249015,74.6572619300878],[-56.07818562106521,74.65711028728565],[-56.07748080574356,74.65714595320767],[-56.07677643423183,74.65718158989596],[-56.07607185608457,74.65722174086368],[-56.07550559180997,74.6574447304626],[-56.07493931284191,74.6576677181299],[-56.075077370283424,74.65785051481994],[-56.07521567546094,74.6580378015786],[-56.07535398373284,74.65822508813963],[-56.075492035145615,74.65841232989266],[-56.07563034960357,74.6585996160586],[-56.07647310592912,74.65875126966198],[-56.076611448382046,74.65893410935406],[-56.07674951907644,74.6591213498815],[-56.07759249619417,74.65927292729671],[-56.07843529869567,74.65942457225098],[-56.078573406916654,74.65960736567652],[-56.07871176383193,74.65979464914574],[-56.07955433938317,74.65994624453451],[-56.08039718806156,74.66009788084092],[-56.0812398035429,74.66024502322875],[-56.08194454119841,74.66020941583885],[-56.082649202740576,74.66017369000204],[-56.08335367266432,74.66013803278574],[-56.08405815166248,74.6600979273233],[-56.08490077855973,74.66024949945145],[-56.085605243658485,74.66021383396021],[-56.08617171381678,74.65999086092938],[-56.08674260330276,74.65976792244933],[-56.0873087840053,74.6595449009453]]],"type":"Polygon"},"id":"0000000000000000015f","properties":{"area":70243.3960781293,"elevation":417.9420150649614,"region":"NW","year":2018},"type":"Feature"},{"geometry":{"coordinates":[[[-54.089248085309244,73.65070452820225],[-54.08604641372682,73.64988407505194],[-54.08218036631637,73.6490948505014],[-54.07897878409079,73.64827884077027],[-54.07777923159827,73.64736916531099],[-54.08057952201076,73.64627671176522],[-54.08138213770661,73.64527784800059],[-54.08018267665758,73.64436818262918],[-54.07898333170749,73.64345850796316],[-54.075781556788414,73.6426425030547],[-54.07525113532925,73.64170161957091],[-54.074715952302576,73.64076074227458],[-54.07618297940982,73.63973517596249],[-54.074640067774816,73.63941853519697],[-54.07484952456181,73.63979316288194],[-54.07271819967285,73.64085444841047],[-54.07258451506814,73.64182202310478],[-54.07245063464324,73.64278966483712],[-54.072981382517085,73.64373053146306],[-54.074180656731635,73.64464017467853],[-54.07471154812481,73.64558103289312],[-54.07524654093857,73.64651749193882],[-54.07577711640559,73.64745836555188],[-54.07697676927323,73.64836798425387],[-54.07817611025678,73.6492776157583],[-54.08204663439299,73.65006686852503],[-54.085698569223474,73.6504771149673],[-54.089248085309244,73.65070452820225]]],"type":"Polygon"},"id":"000000000000000000a4","properties":{"area":154201.44538414665,"elevation":1179.7036234784446,"region":"NW","year":2018},"type":"Feature"},{"geometry":{"coordinates":[[[-57.815125690508346,75.3795738499131],[-57.81462635143969,75.37901647277924],[-57.814858032028376,75.37841894016746],[-57.813622896279306,75.3779061368445],[-57.81312366189773,75.37734875289341],[-57.81188838268926,75.37683589539206],[-57.80968563219726,75.37696077416267],[-57.807313300353826,75.37690285567406],[-57.804776260724964,75.37665759449084],[-57.80274274094018,75.37696971026973],[-57.800040695338495,75.3765416843704],[-57.797837647487846,75.37666650633352],[-57.795635105015855,75.37679138848661],[-57.79343223931895,75.37692066945003],[-57.79376207973982,75.3772907469583],[-57.79353038086773,75.37788826486633],[-57.7932940595276,75.37848578244642],[-57.79379776355825,75.37904317660951],[-57.7965001000347,75.37947128338739],[-57.797735251246536,75.3799885053811],[-57.80043735785549,75.38041658996114],[-57.80280974186427,75.38047462210302],[-57.805512025925296,75.38090710469585],[-57.80771460978163,75.3807778000864],[-57.809752615464575,75.38046567016465],[-57.81195536240157,75.38034082605112],[-57.81415806533936,75.38021595761822],[-57.815125690508346,75.3795738499131]]],"type":"Polygon"},"id":"000000000000000001c8","properties":{"area":223371.77702823468,"elevation":445.58150808190516,"region":"NW","year":2018},"type":"Feature"},{"geometry":{"coordinates":[[[-54.26725553438942,73.55047286620966],[-54.26671578177809,73.54953648173024],[-54.26352311238105,73.54872041579226],[-54.260321446346495,73.54905936512807],[-54.25722250418741,73.54958549199925],[-54.254234770750706,73.55030343482633],[-54.25124703909953,73.55102137211546],[-54.25146121112115,73.55139593466215],[-54.249351985548934,73.55245720822428],[-54.24922715593429,73.55342476943639],[-54.24844243924151,73.55442360770171],[-54.24699335667778,73.55545370520694],[-54.24686841223236,73.55642580572243],[-54.24541928173789,73.55745581463933],[-54.24463445238955,73.55845467180262],[-54.244509424293824,73.55942233145478],[-54.24637778820525,73.5603007667264],[-54.24813473997737,73.56099192922157],[-54.25144780959331,73.56084030449583],[-54.254546918999615,73.56030961198874],[-54.25753898728877,73.55959615007278],[-54.25898810670873,73.55856170720752],[-54.25778410133448,73.55765650455612],[-54.26055796340184,73.5565639949756],[-54.26134258853193,73.55556519913908],[-54.26345172720899,73.55450395310768],[-54.2642410988724,73.55350505397655],[-54.26502587815555,73.55250177864986],[-54.26647056421852,73.55147174801387],[-54.26725553438942,73.55047286620966]]],"type":"Polygon"},"id":"000000000000000000a0","properties":{"area":426609.18607704714,"elevation":1065.5385063799476,"region":"NW","year":2018},"type":"Feature"},{"geometry":{"coordinates":[[[-51.98209551987551,72.34799154054227],[-51.98069508394222,72.34766159765242],[-51.97929939852898,72.34733162125372],[-51.97805540031858,72.34737621136446],[-51.97665977144778,72.34704621294347],[-51.975339890483205,72.34690352681037],[-51.97424736795712,72.34732720306447],[-51.973154759658875,72.34775075415774],[-51.97206232718062,72.34817434776159],[-51.9709700705273,72.34859798387986],[-51.969877363473536,72.34902162955599],[-51.968557611030306,72.34887893949379],[-51.967389190876055,72.34911524211213],[-51.96606495814241,72.34897260387682],[-51.964896652094,72.34920447182601],[-51.96380418340286,72.34962805916665],[-51.96256009418123,72.34967711654134],[-51.96271166858574,72.35005163886427],[-51.963411776607494,72.35022107016913],[-51.96473158981862,72.35036380123532],[-51.965899892953225,72.35012746805513],[-51.96714406559737,72.35008285279835],[-51.96846388860513,72.35022555425819],[-51.969712512719155,72.35017649855713],[-51.970956490837665,72.35013192201787],[-51.972200461330644,72.35008733611309],[-51.97336887257885,72.34985099985114],[-51.97461296664477,72.34980197880026],[-51.975781402269625,72.34957009229684],[-51.97702546930759,72.34952105300617],[-51.97819385793696,72.34928914919897],[-51.97936196323584,72.349052837252],[-51.980530222206646,72.34881644950006],[-51.98177451933818,72.34877189145257],[-51.981622722313524,72.34839284983312],[-51.98209551987551,72.34799154054227]]],"type":"Polygon"},"id":"00000000000000000008","properties":{"area":114022.4556694599,"elevation":1377.1060145903132,"region":"NW","year":2018},"type":"Feature"},{"geometry":{"coordinates":[[[-57.204273455240816,75.24119012998678],[-57.2041129987875,75.24100282213422],[-57.203956957763786,75.2408199922788],[-57.20380062511509,75.24063272475743],[-57.20364017971038,75.24044541618701],[-57.20348414945236,75.24026258563215],[-57.20275296000414,75.24030273440187],[-57.202026071011225,75.24034284916287],[-57.201138572806286,75.24019572283453],[-57.200411953237264,75.2402358748108],[-57.19983676606488,75.24046323990659],[-57.19910966986517,75.24050341608175],[-57.19837845259456,75.2405435486593],[-57.1978077796606,75.24076652487499],[-57.197237113449184,75.24099389351984],[-57.19666624273904,75.24122133237213],[-57.19609554503297,75.24144869714594],[-57.19552480982314,75.24167166564425],[-57.19494958641932,75.24189912983981],[-57.19437884154716,75.24212648879897],[-57.19380805959598,75.24234945149685],[-57.19323709458594,75.24257687872851],[-57.192666573907914,75.2428042749643],[-57.19209116807549,75.24302721987789],[-57.19225178847721,75.2432145782201],[-57.192407752801735,75.24340180911227],[-57.19256369971318,75.24358464546607],[-57.193451321343645,75.2437318086357],[-57.194338685521494,75.24387892480273],[-57.19507006243991,75.24383880856549],[-57.19579685733789,75.24379867770791],[-57.19652795366,75.24375851299929],[-57.19725501064382,75.24371841985187],[-57.19798609769064,75.24367824974793],[-57.198713145437196,75.24363815123486],[-57.19944422320767,75.24359797573568],[-57.20001494105412,75.24337060348955],[-57.20058583190839,75.24314315716244],[-57.20131715222643,75.24310301762706],[-57.20204389078021,75.24306286361605],[-57.20188766120929,75.24288010578711],[-57.20173178927196,75.24269280910111],[-57.2023024441968,75.24246542910511],[-57.2028732721112,75.24223797502584],[-57.20271723119847,75.24205514509862],[-57.202556782178284,75.24186783668999],[-57.203127398309356,75.2416404533434],[-57.20370287052677,75.24141751721233],[-57.204273455240816,75.24119012998678]]],"type":"Polygon"},"id":"000000000000000001ac","properties":{"area":80625.3159687752,"elevation":585.1038681318686,"region":"NW","year":2018},"type":"Feature"},{"geometry":{"coordinates":[[[-54.78731602559813,73.54599147421328],[-54.78720421750945,73.54580419546703],[-54.78708847395904,73.54561689777506],[-54.786972550442684,73.54542967013997],[-54.78686117372843,73.54524236716209],[-54.78674501308032,73.54505509286433],[-54.78596914259158,73.5448989717054],[-54.78519770521651,73.54474295881396],[-54.784421858033184,73.54458683097347],[-54.783646082039596,73.54443081636414],[-54.7828701564508,73.5442791845725],[-54.782754040849404,73.54409190754849],[-54.78264271368102,73.5439046016744],[-54.78186673598355,73.54374853296247],[-54.781091011837134,73.54359250728876],[-54.78097491810326,73.54340522894869],[-54.78086361264853,73.54321792180518],[-54.780203758152474,73.54324912437343],[-54.77953911476632,73.54328035310986],[-54.77887915156092,73.54331605349509],[-54.77833075117847,73.54353448705689],[-54.777786759087135,73.5437530305417],[-54.777238229794904,73.54397596310345],[-54.77668984998782,73.54419450762774],[-54.776805666141655,73.54438174178222],[-54.77691736465013,73.54456902695131],[-54.776368722443436,73.54478752366123],[-54.7758248536498,73.54500598996923],[-54.77593612260304,73.5451932992351],[-54.776712120471366,73.54534939329993],[-54.77682818674845,73.5455366733831],[-54.77693965132803,73.54572391168885],[-54.777715253592596,73.54588002518113],[-54.77849129185195,73.54603611152919],[-54.77926709986704,73.54619214813344],[-54.7800430814286,73.54634379524846],[-54.78070304318663,73.5463125941851],[-54.78136294243291,73.54628127408193],[-54.782138839358886,73.54643741490152],[-54.78291468843479,73.54659343578965],[-54.783574569583465,73.54655779161125],[-54.78412317071864,73.54633927342333],[-54.78467157650724,73.54612082355294],[-54.78533151708756,73.54608960524817],[-54.785995917848894,73.54605387676783],[-54.78665585225983,73.54602265352895],[-54.78731602559813,73.54599147421328]]],"type":"Polygon"},"id":"0000000000000000009f","properties":{"area":78656.06868298446,"elevation":725.0746955345058,"region":"NW","year":2018},"type":"Feature"},{"geometry":{"coordinates":[[[-54.88057792941169,74.07723093716166],[-54.879659361848766,74.0768875520493],[-54.87657381799615,74.07645949540522],[-54.873724221996106,74.0764015590146],[-54.870995376516376,74.07653087529502],[-54.86790974230827,74.07609831825322],[-54.86517612348743,74.07623212166094],[-54.862447260690736,74.07636142760813],[-54.85995470097679,74.07686532891128],[-54.859062662700445,74.07768132988811],[-54.8595398180233,74.07843047820927],[-54.85864801485654,74.07924202255006],[-54.8591208245732,74.07999560144579],[-54.85891561251293,74.08077591759968],[-54.85938836528922,74.08152506631257],[-54.85986539794376,74.08227416025183],[-54.8627147525358,74.08233220045375],[-54.86291988713921,74.08154738578801],[-54.86312960858744,74.08076698963919],[-54.86265249050409,74.08001790044291],[-54.86354421838692,74.07920184082194],[-54.86580053224286,74.07832338472065],[-54.868056686766316,74.07744501394168],[-54.87066987462121,74.077128415929],[-54.873755367218514,74.07755645407116],[-54.876604955243536,74.07761446106406],[-54.879333705126406,74.07748513301874],[-54.88057792941169,74.07723093716166]]],"type":"Polygon"},"id":"0000000000000000025b","properties":{"area":154644.5995318089,"elevation":1055.4758672155224,"region":"NW","year":2018},"type":"Feature"},{"geometry":{"coordinates":[[[-60.45578764274236,76.24559369131032],[-60.45458802691531,76.24527713569232],[-60.45493574267699,76.24485790567888],[-60.45450770950621,76.24449230221796],[-60.45254135178719,76.24422923780912],[-60.45134624779771,76.24391263968676],[-60.450360646746915,76.24377884558896],[-60.44860850778657,76.2436985712155],[-60.447069958489244,76.2437967018676],[-60.44574127581016,76.24408204573268],[-60.44419831560629,76.24418462460359],[-60.44462640331712,76.24455028588231],[-60.44428293631997,76.24496939984795],[-60.44547818245967,76.2452815143341],[-60.44436322004638,76.24574974961504],[-60.44555835003845,76.24606638341452],[-60.445981883433674,76.24643202391717],[-60.44718144334822,76.24674862483855],[-60.446066621470905,76.24721679030097],[-60.4449520261554,76.24768498706672],[-60.44537559524469,76.24805062598574],[-60.44580382823243,76.24841627876583],[-60.446227255142034,76.24878198970359],[-60.447212564347204,76.24891572402403],[-60.448536973169396,76.24863036569295],[-60.44986568261877,76.24834942073211],[-60.45162269836188,76.24842966331596],[-60.45294697053471,76.24814427638249],[-60.45329490361719,76.24772961501816],[-60.453638353748026,76.24731041650298],[-60.454752931505844,76.24684221061491],[-60.45509644281481,76.24642756667285],[-60.455439818644415,76.24600836198215],[-60.45578764274236,76.24559369131032]]],"type":"Polygon"},"id":"00000000000000000207","properties":{"area":119733.20357870778,"elevation":514.9504540717583,"region":"NW","year":2018},"type":"Feature"},{"geometry":{"coordinates":[[[-55.25319380035487,73.98486507560342],[-55.25227081397011,73.98452626031875],[-55.25067001083435,73.98421860586626],[-55.249189524862814,73.98409813251006],[-55.24771357882518,73.98397774803168],[-55.24635795191514,73.9840446647628],[-55.24487776155868,73.98392870116031],[-55.24364685965655,73.98418289596128],[-55.24229119215202,73.98424978239285],[-55.24105619966726,73.98450394984567],[-55.23994587912029,73.98494540958256],[-55.23871526435862,73.98519954489892],[-55.23747996707953,73.98545375744702],[-55.236369498356005,73.98589519347483],[-55.23661483923012,73.98626978900126],[-55.23686012664153,73.98664426755848],[-55.23642757212094,73.98705458852915],[-55.2366728676936,73.98742906658381],[-55.23759599519794,73.98776800257602],[-55.238518906730356,73.98810688806486],[-55.23999490311255,73.98822730119092],[-55.24135062668233,73.98816038862758],[-55.2424606632517,73.9877189500592],[-55.24357107871441,73.98727747909186],[-55.24492652575432,73.98721060995578],[-55.24604155777527,73.9867691530979],[-55.247397182687344,73.9866978124853],[-55.24862775479186,73.986443619804],[-55.24986281583655,73.98618951916995],[-55.25121857716878,73.98612257784116],[-55.25165108367943,73.98571238077248],[-55.252083526672614,73.98530656438469],[-55.25319380035487,73.98486507560342]]],"type":"Polygon"},"id":"00000000000000000261","properties":{"area":145782.44483082934,"elevation":802.0928471660666,"region":"NW","year":2018},"type":"Feature"},{"geometry":{"coordinates":[[[-54.77335440792377,73.23181664053614],[-54.7717224051297,73.23131721837987],[-54.77073686646114,73.23079101181513],[-54.76910501107719,73.2302915652156],[-54.767472818055374,73.22979212727411],[-54.765194136319195,73.22932843727288],[-54.762911025268245,73.2288646763383],[-54.761925590585754,73.22833405458952],[-54.7598700290134,73.22824483174755],[-54.757921461695936,73.22833851791913],[-54.756088732301656,73.22862390767347],[-54.75631175136765,73.22899849643878],[-54.755999565905476,73.22959155537559],[-54.755682833465656,73.23018457118606],[-54.75601745178016,73.23075088876722],[-54.75570523357051,73.23134394481951],[-54.75668637826457,73.23187460295084],[-54.75767174214709,73.23240069842707],[-54.75735514896587,73.23299826608299],[-54.75704294217598,73.23359132183576],[-54.75932602883375,73.23405506472194],[-54.761381731594376,73.23414420405801],[-54.763441864332485,73.23423786664792],[-54.76527891499589,73.2339525414659],[-54.76711179297319,73.23366713121932],[-54.7689487932923,73.23338620201424],[-54.77078137183825,73.23310082255922],[-54.772079091504274,73.23303842422116],[-54.77239116919514,73.23244087855704],[-54.77335440792377,73.23181664053614]]],"type":"Polygon"},"id":"00000000000000000085","properties":{"area":251966.05052683695,"elevation":525.6476424694712,"region":"NW","year":2018},"type":"Feature"},{"geometry":{"coordinates":[[[-56.911836913163214,75.47303658346586],[-56.9100397122861,75.47274230163879],[-56.90765839521429,75.47267543363016],[-56.90512135696547,75.47242129211264],[-56.90258410844474,75.47216707564013],[-56.90035886098419,75.47228302365764],[-56.89813403923284,75.47239891869688],[-56.8960648864302,75.4727021562993],[-56.89399587332253,75.47300980513015],[-56.89192682654681,75.4733130422523],[-56.89223881031842,75.47368317586424],[-56.89196708883228,75.47428070495125],[-56.89169043171311,75.47487816934313],[-56.892158800192576,75.47543556904985],[-56.891886586659034,75.47603312183206],[-56.89383992782454,75.47651466807011],[-56.89579271545913,75.47699629533892],[-56.898173842009385,75.47706317475034],[-56.900867259621656,75.47750464744276],[-56.90309682389392,75.47738866121074],[-56.90516597190644,75.47708099924805],[-56.90692288897958,75.47640764009572],[-56.908835783815235,75.47591715752942],[-56.909263728627685,75.47550690555505],[-56.910276152224604,75.47486926237134],[-56.91054822884308,75.47427176462676],[-56.910079766519054,75.47371437267672],[-56.911836913163214,75.47303658346586]]],"type":"Polygon"},"id":"00000000000000000275","properties":{"area":240113.6459179838,"elevation":955.9581846149247,"region":"NW","year":2018},"type":"Feature"},{"geometry":{"coordinates":[[[-59.03176474792256,76.14204003545062],[-59.030609691257055,76.141718940298],[-59.030226206877714,76.14134881669948],[-59.02868788273451,76.14144241896673],[-59.02695789381966,76.14134885395475],[-59.02541934835094,76.14144250608108],[-59.024264427776075,76.14190172262124],[-59.023109615437164,76.14236545648009],[-59.021571148689986,76.14245470921676],[-59.02041621088466,76.14291842646472],[-59.020799630357246,76.14328407908742],[-59.02118343489854,76.14365418199387],[-59.02002832531581,76.14411348285714],[-59.01887351265159,76.14457722747493],[-59.02002847881429,76.14489826732441],[-59.02195021373583,76.14517470908658],[-59.022333615590256,76.1455448399849],[-59.02387663446906,76.1454511793285],[-59.0252234066502,76.14517471833169],[-59.02676143309807,76.14508554862519],[-59.027916317248646,76.14462180176967],[-59.02907150056373,76.14416249865852],[-59.02868798413582,76.14379237651913],[-59.02984289512529,76.1433331403454],[-59.02945504879756,76.14296301313198],[-59.03060987739245,76.1425037704031],[-59.03176474792256,76.14204003545062]]],"type":"Polygon"},"id":"000000000000000001f1","properties":{"area":90786.7148014503,"elevation":853.5315710447292,"region":"NW","year":2018},"type":"Feature"},{"geometry":{"coordinates":[[[-55.65521294324383,73.93651958131291],[-55.65361222325332,73.93621634339313],[-55.6520068567994,73.93591307184674],[-55.650401604349135,73.93560990252519],[-55.648800844699366,73.93530669381065],[-55.64719543876928,73.93500345134595],[-55.64584877601851,73.93507481376129],[-55.64436842005035,73.93495436872453],[-55.643146836264,73.93521303368595],[-55.641670853718594,73.93509711231052],[-55.640319702418445,73.93516845904924],[-55.6405737901004,73.93554299322717],[-55.64150588353766,73.93587744403821],[-55.6417555602117,73.93625200131729],[-55.64268732487868,73.93659085507743],[-55.64361492563026,73.93692977451195],[-55.64319126933707,73.93734005571316],[-55.64412311408257,73.9376789017099],[-55.6457240212048,73.93798215028428],[-55.64732942176662,73.93828535958242],[-55.64880524698408,73.93840126201627],[-55.65002700982019,73.93814267856555],[-55.65163229820513,73.93844592153341],[-55.65285406640278,73.93819170244502],[-55.65432996818815,73.93830767672952],[-55.65487862006571,73.9380846841575],[-55.653951206364106,73.93774579533984],[-55.65504815913234,73.9373043352384],[-55.654793759014574,73.93692982083594],[-55.65521294324383,73.93651958131291]]],"type":"Polygon"},"id":"000000000000000000e7","properties":{"area":113878.68790739874,"elevation":67.11036558600364,"region":"NW","year":2018},"type":"Feature"},{"geometry":{"coordinates":[[[-53.78275613504685,73.47103840852274],[-53.782551075088186,73.47065938718156],[-53.78036626977407,73.47037403022725],[-53.7782836909394,73.4702715098336],[-53.776201312569235,73.47016889593178],[-53.77422148779195,73.47025812959802],[-53.7721389321907,73.4701555372445],[-53.770159075906655,73.47024472543305],[-53.76817499775348,73.47032943988617],[-53.766194905769446,73.47041865268368],[-53.764215131257615,73.47050334247767],[-53.762337943479174,73.47077981880844],[-53.76045607599572,73.47105184448525],[-53.758579007603146,73.47132832779914],[-53.7566972873482,73.47160472284651],[-53.754922485437945,73.4720640188041],[-53.75314332007113,73.47252775514646],[-53.75324577418335,73.47271508854472],[-53.75522557038902,73.47263035865383],[-53.75730826021248,73.47273291644417],[-53.75918984018235,73.4724564684314],[-53.76086654931478,73.47180538854766],[-53.76264113860923,73.47134166936452],[-53.76452281031625,73.47106968977994],[-53.76650274390493,73.47098044847904],[-53.76848254952727,73.47089573345013],[-53.7704624863459,73.47080656455424],[-53.77244248186846,73.47072185279826],[-53.77452459070488,73.47081998384967],[-53.77660698392793,73.47092250078342],[-53.778689359777644,73.47102063085586],[-53.780977205118184,73.47149773798643],[-53.78275613504685,73.47103840852274]]],"type":"Polygon"},"id":"0000000000000000007c","properties":{"area":79544.8378206427,"elevation":1233.7872462657983,"region":"NW","year":2018},"type":"Feature"},{"geometry":{"coordinates":[[[-57.78886158894664,75.28163418058085],[-57.78706918054334,75.28134429252958],[-57.7852809395885,75.28105888456584],[-57.78365783408748,75.28095634122577],[-57.7821995260355,75.28104109117237],[-57.78057230738868,75.28093849401787],[-57.77894902693385,75.28084045258332],[-57.777325957578825,75.28073785831327],[-57.7760328036909,75.28100537565433],[-57.774904575785975,75.28146470494059],[-57.775234478845235,75.28183482967611],[-57.774833102675665,75.28224505148697],[-57.77589451703079,75.28257500349397],[-57.77695578472364,75.28290502242464],[-57.77728594971409,75.28327506947824],[-57.77874403198702,75.2831903879261],[-57.78053645587805,75.28347576658733],[-57.782324614173845,75.28376564009442],[-57.78378700558767,75.28368087844464],[-57.78524534130669,75.28359619206395],[-57.78686843410925,75.28369868101976],[-57.786538524892876,75.28332415137331],[-57.7862083486528,75.28295404552111],[-57.78733659767298,75.28249916329612],[-57.788464870809904,75.28204438845492],[-57.78886158894664,75.28163418058085]]],"type":"Polygon"},"id":"000000000000000001bc","properties":{"area":92080.27889330786,"elevation":220.1560831091881,"region":"NW","year":2018},"type":"Feature"},{"geometry":{"coordinates":[[[-55.84944692364439,74.2091890922703],[-55.84892075271953,74.20844443726945],[-55.84770802700454,74.20773099682422],[-55.845808296330326,74.20705323589665],[-55.843913128747104,74.20637987699715],[-55.84077406614704,74.20596071042347],[-55.838290234407964,74.20647798170549],[-55.835414132508575,74.20643337522714],[-55.83267186050092,74.20657611882093],[-55.830058945935306,74.20690605979694],[-55.830321926996895,74.20728064840561],[-55.828101277883015,74.20817250045657],[-55.82794069084831,74.20895275213479],[-55.82778032841418,74.20973761426605],[-55.825559692140345,74.21062940062261],[-55.82471222214632,74.21144545819077],[-55.82523398869537,74.21219452626718],[-55.825760380097606,74.21294367835499],[-55.826973122600336,74.21365265386082],[-55.82955484577677,74.2142948203299],[-55.83187810750849,74.21456234299963],[-55.83501716138471,74.2149770524699],[-55.837898000987714,74.21502165075098],[-55.83818775947759,74.21442406370896],[-55.83766168069235,74.21367946149383],[-55.83919563035648,74.21282326276575],[-55.83866939465765,74.21207416356025],[-55.840889920437185,74.21118676286675],[-55.84311055911592,74.21029492543065],[-55.84598687671348,74.21033955888146],[-55.848336648370534,74.2096350685788],[-55.84944692364439,74.2091890922703]]],"type":"Polygon"},"id":"00000000000000000111","properties":{"area":438233.5499625694,"elevation":444.57296567557523,"region":"NW","year":2018},"type":"Feature"},{"geometry":{"coordinates":[[[-55.541929698709566,74.97382686265699],[-55.54093963399314,74.97348791918073],[-55.5401591854974,74.97321146114145],[-55.539949677034585,74.97314908640865],[-55.539682135464574,74.9727744909996],[-55.539757904543805,74.97264962618085],[-55.539022107902966,74.97249358672488],[-55.53855845506911,74.97224829461858],[-55.53829076529139,74.97187376695148],[-55.53946355326458,74.97142783846286],[-55.539918544954475,74.97102208228043],[-55.539646330657796,74.97064750519324],[-55.53820627002223,74.97071439680948],[-55.5366321019475,74.97059842908598],[-55.535321246260494,74.97085260862868],[-55.53388079975366,74.97092397846346],[-55.53256998908689,74.97118262392871],[-55.531397170934284,74.97162407073822],[-55.53166471060673,74.97199860724913],[-55.531214128665844,74.97240887628853],[-55.531481941880266,74.9727834573665],[-55.5313883839205,74.97305542050694],[-55.53116543049049,74.97314014288064],[-55.53116087601794,74.97337652546199],[-55.53215069107902,74.97371540149146],[-55.5331406605833,74.97405875735085],[-55.533408162890055,74.97442880366],[-55.535120478934076,74.97473648346472],[-55.536828284578036,74.97503972954463],[-55.53854059332627,74.97534289445865],[-55.540119119890065,74.97546336208521],[-55.54129182740481,74.97501738423756],[-55.54174654828943,74.97460721489298],[-55.54155500472119,74.97434412043089],[-55.54154600179643,74.97410782074127],[-55.541929698709566,74.97382686265699]]],"type":"Polygon"},"id":"00000000000000000165","properties":{"area":109574.59292568741,"elevation":1026.2138716966301,"region":"NW","year":2018},"type":"Feature"},{"geometry":{"coordinates":[[[-54.70821592565419,74.53870329049532],[-54.70797514648891,74.53832874616457],[-54.707034299814055,74.53798543165816],[-54.705625013003605,74.53805230845514],[-54.70434102467895,74.53830200381746],[-54.70305654989321,74.538551713492],[-54.701772378454294,74.53880588099831],[-54.70060859086199,74.53924282519917],[-54.701549648787434,74.53958621632383],[-54.70109014066658,74.53999197448984],[-54.699921804605424,74.54043345048356],[-54.69946268591391,74.54083917987745],[-54.699698979282,74.5412137790352],[-54.70064447808006,74.54155712517658],[-54.700885156199575,74.54193167434529],[-54.70042122703635,74.54233747531332],[-54.70136679992832,74.5426808170672],[-54.70019840736328,74.54311779974847],[-54.701143571064485,74.54346116538672],[-54.70242797640198,74.54321149816455],[-54.70289162377659,74.54280564682708],[-54.703351069075865,74.54239546765223],[-54.70311007777077,74.5420208753707],[-54.70357393592865,74.54161506701793],[-54.704037580910466,74.54120932674735],[-54.70379684911176,74.5408347803929],[-54.70355612800714,74.54046023334932],[-54.70472001900308,74.54001878246004],[-54.70588393859455,74.53958174395646],[-54.70705221143604,74.53914476566977],[-54.70821592565419,74.53870329049532]]],"type":"Polygon"},"id":"0000000000000000014b","properties":{"area":64942.0076948931,"elevation":1230.7014081383734,"region":"NW","year":2018},"type":"Feature"},{"geometry":{"coordinates":[[[-65.3846013441174,76.47884038697295],[-65.38298731308068,76.47837210889521],[-65.38137753301953,76.47790396609497],[-65.37909001499615,76.4781001622002],[-65.37623616034752,76.47794410161802],[-65.37310147842862,76.47760516624412],[-65.37081388580093,76.47780585277236],[-65.36852631097778,76.47800205028202],[-65.36623886875472,76.47820272040826],[-65.36479871041698,76.47893396297047],[-65.36279639337494,76.47931296739212],[-65.35994271404594,76.47915245544311],[-65.35708881042494,76.47899645076977],[-65.35737425108631,76.47917475379641],[-65.35822134770837,76.47970983627373],[-65.35830595299286,76.48031184642156],[-65.35992034730765,76.48078008925803],[-65.36076762762525,76.48131515864426],[-65.3623815852212,76.48178331853777],[-65.36399131022063,76.48225158658786],[-65.36483881611947,76.48278663788105],[-65.36721537059528,76.48318796623094],[-65.37035441882942,76.4835268443477],[-65.3726421112546,76.4833261910149],[-65.37521071969871,76.4833083450846],[-65.3772170083916,76.48292935520105],[-65.37921908095191,76.48255477357239],[-65.3806594914826,76.48181904929926],[-65.38209535106847,76.4810877075712],[-65.38410205053201,76.48070874297788],[-65.38401270822655,76.48010673079493],[-65.38392368366425,76.47950474851308],[-65.3846013441174,76.47884038697295]]],"type":"Polygon"},"id":"00000000000000000223","properties":{"area":304022.4501917106,"elevation":644.9654929246395,"region":"NW","year":2018},"type":"Feature"},{"geometry":{"coordinates":[[[-55.248953157374,73.68570845374857],[-55.24830223686033,73.68541864210098],[-55.248092600135315,73.68509311051248],[-55.248520582708814,73.68468738014838],[-55.2487793671911,73.68436626866605],[-55.2478695466485,73.68402738961093],[-55.24763347843646,73.6836528497168],[-55.24683518759699,73.68347892353478],[-55.24688866283034,73.68322028712568],[-55.24660328483641,73.68312671424675],[-55.245274578760146,73.6831935630083],[-55.243945677946876,73.68326047252937],[-55.24249655852716,73.68314004865735],[-55.241163254502396,73.68320695352524],[-55.239713913733254,73.68309096369252],[-55.238385230161995,73.68315787786054],[-55.237172234614576,73.68341200827899],[-55.235723189803565,73.68329164653098],[-55.234514596066504,73.6835458593129],[-55.233653979284355,73.68389366605949],[-55.23290039688317,73.68393380036882],[-55.23302069713404,73.68412105869425],[-55.232878096781846,73.68421023384671],[-55.23322609612226,73.68444209559917],[-55.2340510230704,73.68464724362697],[-55.235620498545494,73.68495487546458],[-55.23719447375125,73.68526259433976],[-55.23876867765623,73.68557022892097],[-55.24034255511126,73.68587348906115],[-55.24179206054832,73.6859938601241],[-55.24324554423321,73.68611422853903],[-55.244819536484535,73.68642195195906],[-55.246273308576114,73.68654234190808],[-55.247486163689466,73.68628372120413],[-55.24869478604842,73.68602953943537],[-55.248953157374,73.68570845374857]]],"type":"Polygon"},"id":"000000000000000000cc","properties":{"area":127142.39047068462,"elevation":594.4851943244911,"region":"NW","year":2018},"type":"Feature"},{"geometry":{"coordinates":[[[-55.62142634628845,74.61527055802435],[-55.62116321390642,74.6148959408891],[-55.620900162348484,74.61452143900337],[-55.619228116437746,74.61421819432123],[-55.61781890576742,74.6142895125682],[-55.61614673527454,74.61398631192236],[-55.61447461693754,74.61368309669363],[-55.61280255075709,74.61337986688258],[-55.61139792092135,74.61344674019696],[-55.60972573049923,74.61314355445134],[-55.608053592229226,74.61284035412146],[-55.60651507677903,74.61272442415887],[-55.605235235123175,74.61297855804852],[-55.603830710893355,74.613049866418],[-55.602555349750176,74.61330851988204],[-55.601146301616566,74.61337538597991],[-55.60000047542834,74.61382135211771],[-55.60026353213381,74.61419585527429],[-55.60123108853985,74.61453483475613],[-55.60149418264807,74.61490933557393],[-55.603166429119455,74.61521259181478],[-55.604838469401535,74.61551578822831],[-55.606510820217785,74.61581901530143],[-55.60791971238274,74.61574769143408],[-55.6095918695652,74.61605084652746],[-55.61100088456746,74.61598399059994],[-55.612539511342604,74.6160999559163],[-55.613948384569106,74.61602858762835],[-55.615487025511484,74.61614452932727],[-55.61689600915353,74.61607762983542],[-55.61817138903224,74.61581899887882],[-55.619446539477885,74.6155604297306],[-55.62085545082853,74.6154935005144],[-55.62142634628845,74.61527055802435]]],"type":"Polygon"},"id":"00000000000000000145","properties":{"area":149764.22182698012,"elevation":745.5473719291564,"region":"NW","year":2018},"type":"Feature"},{"geometry":{"coordinates":[[[-54.44152587236668,73.71879501415405],[-54.44052258628322,73.7182644221904],[-54.43973327096019,73.71761783851346],[-54.43728525208033,73.71696236714178],[-54.43572915758163,73.7166501743973],[-54.433909722091634,73.71692664202214],[-54.432161817932005,73.71691774939622],[-54.430494043549,73.71708722010348],[-54.428264494321276,73.71796114058492],[-54.427038264141416,73.71821084226185],[-54.42469735567855,73.71889763121837],[-54.42224927873776,73.71939702586734],[-54.42113443398909,73.71983398131478],[-54.42079551182124,73.72042705673934],[-54.41923491556425,73.72126987332398],[-54.41921244053911,73.72176480321032],[-54.419163530661784,73.72224641630304],[-54.420550294915486,73.72286175480714],[-54.422686209571616,73.72245589997765],[-54.42334166634348,73.72176479367968],[-54.42490234973195,73.72092198852637],[-54.42713632442217,73.7200435991261],[-54.42937051595407,73.7191695862236],[-54.431822991560196,73.71867014396493],[-54.43427538526158,73.71817078354967],[-54.43608138881118,73.71836694520559],[-54.43817258059315,73.71846059727619],[-54.4400767225651,73.71867021070652],[-54.44152587236668,73.71879501415405]]],"type":"Polygon"},"id":"000000000000000000aa","properties":{"area":140178.59959875257,"elevation":1108.2420559496727,"region":"NW","year":2018},"type":"Feature"},{"geometry":{"coordinates":[[[-53.345336206998155,72.72569523732047],[-53.343606094679295,72.72480791865071],[-53.33997650940077,72.72400523237889],[-53.336351025398734,72.72320263634082],[-53.332997941947,72.72296624670516],[-53.32983627231447,72.723104505792],[-53.32648314419436,72.72286368868996],[-53.323410789443535,72.72318925898493],[-53.32033850012152,72.72351470407038],[-53.3176363589243,72.72459385142777],[-53.31782368135893,72.72496840970756],[-53.31764952948642,72.72593606120003],[-53.31811324909508,72.7268769298537],[-53.31794388564296,72.7278445195935],[-53.31840766940424,72.72878538500373],[-53.318238130120314,72.72975304095519],[-53.31933059099648,72.73066716788561],[-53.3197945134771,72.7316080261543],[-53.322064351674655,72.73227687337987],[-53.325417525028946,72.73251767911125],[-53.32858341374141,72.73237943896365],[-53.3314730045932,72.731679365548],[-53.33436223081891,72.73097482471407],[-53.335798174794164,72.7299536537972],[-53.33850033056039,72.72887462433495],[-53.34120259751658,72.72779552783315],[-53.34390497561898,72.72671636427907],[-53.345336206998155,72.72569523732047]]],"type":"Polygon"},"id":"0000000000000000003d","properties":{"area":695897.8562736893,"elevation":1127.3244598329425,"region":"NW","year":2018},"type":"Feature"},{"geometry":{"coordinates":[[[-53.14540363556093,72.57511585889715],[-53.145135893404465,72.57455400798294],[-53.144239773852256,72.57401448109168],[-53.1421751706001,72.57372016619102],[-53.14019955901815,72.57361316497125],[-53.138139611309185,72.5733188151561],[-53.136253355462664,72.57339908752755],[-53.13437164844917,72.57347935303011],[-53.13257919758276,72.57374691976989],[-53.13087565391834,72.57420622728654],[-53.12926153912328,72.57484828612967],[-53.12952918247652,72.57541462530445],[-53.130425481645766,72.57594972184589],[-53.130692946831836,72.57651600994765],[-53.131593592250624,72.57705555153764],[-53.133118851143,72.57756391936893],[-53.13527249593775,72.57804993682069],[-53.13616865246181,72.57858502231743],[-53.138322516368554,72.57907111827961],[-53.1404763247684,72.57955265255907],[-53.14253630413573,72.57984694646277],[-53.1441503960628,72.57920488180719],[-53.14451176535759,72.5786118351868],[-53.14361524749718,72.57807225851712],[-53.145229572077476,72.57743016083876],[-53.143700141945764,72.57691731249379],[-53.142175101652136,72.5764090189064],[-53.14378942152307,72.57576244724753],[-53.14540363556093,72.57511585889715]]],"type":"Polygon"},"id":"00000000000000000016","properties":{"area":257228.09934019507,"elevation":1146.7567311576333,"region":"NW","year":2018},"type":"Feature"},{"geometry":{"coordinates":[[[-56.72418449657699,75.18263319228662],[-56.72372959979047,75.18207581075748],[-56.72327902974654,75.18151840612362],[-56.72282419552848,75.18096102052992],[-56.721642747954654,75.18043927590601],[-56.71973882115426,75.17995772048944],[-56.72001078016742,75.17936017980585],[-56.72174073172743,75.17868691363],[-56.719832170957815,75.17820529074703],[-56.71750008336335,75.17813397261723],[-56.71516816859208,75.17806706544705],[-56.71328622821596,75.1785531257703],[-56.711105715324074,75.17866906847397],[-56.70862203417031,75.17841042391895],[-56.706441755309115,75.17852635914403],[-56.704408160781576,75.17882954561536],[-56.70252648751578,75.17932002571715],[-56.70049765471188,75.1796188425863],[-56.700221159354925,75.18021634409284],[-56.70067160601952,75.18077369899343],[-56.701853136721056,75.18129546395622],[-56.70433709811924,75.18155407691644],[-56.7068204999158,75.18180824885681],[-56.709304396076824,75.18206687188061],[-56.71178819106906,75.18232102594234],[-56.71442329237323,75.18276250987586],[-56.716755290722034,75.18283385114557],[-56.71939084360215,75.18327531342251],[-56.72157595485708,75.18315933598006],[-56.723907812006885,75.18323066546368],[-56.72418449657699,75.18263319228662]]],"type":"Polygon"},"id":"000000000000000001b3","properties":{"area":252449.75983672056,"elevation":795.1708889264196,"region":"NW","year":2018},"type":"Feature"},{"geometry":{"coordinates":[[[-55.867707035988914,74.85614225292402],[-55.865727140615945,74.85546452332177],[-55.86446520265873,74.8547555017914],[-55.863916599968846,74.85400634604461],[-55.86051000770739,74.85340434714958],[-55.85737971105219,74.85317244643949],[-55.854383011792294,74.85313237135927],[-55.851658698170965,74.85346232058815],[-55.84893856132085,74.85379234374975],[-55.84805562701287,74.85460830949822],[-55.84574585127519,74.85550013540518],[-55.84486313892424,74.85632061231497],[-55.84612482995906,74.85702961121663],[-55.84667343923219,74.85777870814427],[-55.84793531085349,74.85848769279164],[-55.8492017033551,74.8592011525743],[-55.85189490416091,74.85983884642157],[-55.854588223392824,74.86048094489526],[-55.85656363575347,74.8611542479184],[-55.8578299202559,74.86186774518966],[-55.859974841905974,74.86176068400708],[-55.86099171214339,74.86112752368896],[-55.86330123519733,74.86023572049442],[-55.86489778746736,74.85938403340653],[-55.86506729227624,74.85859922070898],[-55.86665899720524,74.85774309959696],[-55.86682861242332,74.85696276739135],[-55.867707035988914,74.85614225292402]]],"type":"Polygon"},"id":"00000000000000000167","properties":{"area":418367.89991188474,"elevation":774.5935994641892,"region":"NW","year":2018},"type":"Feature"},{"geometry":{"coordinates":[[[-57.04948468118467,75.03916610037282],[-57.04902541645925,75.03860866387355],[-57.046867158416205,75.03872910442023],[-57.044860480243635,75.03903227473117],[-57.04239479913323,75.03878260177937],[-57.03977278880398,75.03834117203378],[-57.03731151075026,75.03809140780372],[-57.034845605796725,75.03783727239183],[-57.03268283378648,75.03795765793171],[-57.03037302856169,75.037890757706],[-57.02836624298523,75.03819399030915],[-57.026056668397096,75.03812708272683],[-57.02435746537323,75.03880489127515],[-57.02450914282273,75.03898770249225],[-57.02496855681025,75.03954513257871],[-57.02326962732567,75.04022289820197],[-57.02228861200669,75.04086051402321],[-57.02491053267036,75.04129754382429],[-57.02608783839529,75.04181477933555],[-57.028709768247886,75.04225622808471],[-57.03132732040473,75.0426932293848],[-57.033793175786016,75.04294739403818],[-57.03625909131655,75.04320152807611],[-57.03826539319544,75.04289388381807],[-57.040428319864894,75.0427779846334],[-57.04212728445938,75.04210016121779],[-57.04310359573144,75.0414625166119],[-57.04408481439956,75.04082485143114],[-57.045779236769064,75.04015153038218],[-57.0474782561332,75.03947373758953],[-57.04948468118467,75.03916610037282]]],"type":"Polygon"},"id":"000000000000000001b0","properties":{"area":283290.04463351204,"elevation":430.3290302424397,"region":"NW","year":2018},"type":"Feature"},{"geometry":{"coordinates":[[[-56.26324268780109,74.850653140076],[-56.26153471319005,74.85035435163607],[-56.25982257368216,74.85005555981473],[-56.25882372456043,74.84971669274445],[-56.257967490493556,74.84956952179154],[-56.256683361579526,74.84982819346112],[-56.25497088856361,74.84952938617423],[-56.25326321299648,74.84923064114167],[-56.2518363193231,74.84930641797526],[-56.250124038704364,74.84900768397236],[-56.2484118112674,74.84870893493661],[-56.24698470233854,74.84878030470941],[-56.245700470888345,74.84904334679639],[-56.24427357870283,74.84911474068069],[-56.24455909181644,74.8494892929575],[-56.24555338712991,74.8498281273439],[-56.246552431075806,74.8501625909379],[-56.247551059795654,74.85049707621641],[-56.24897804153457,74.85042565923817],[-56.25068577811474,74.8507244409865],[-56.25239804927828,74.85102324073256],[-56.254110562601525,74.85132195410219],[-56.25539462011836,74.85105893010785],[-56.25682140323626,74.85098752706917],[-56.25824839744693,74.85091171480015],[-56.259675375017345,74.85083589194443],[-56.26124499884066,74.85094742956916],[-56.26267180579883,74.85087609900668],[-56.26324268780109,74.850653140076]]],"type":"Polygon"},"id":"0000000000000000017d","properties":{"area":76428.34919188281,"elevation":447.81692055308173,"region":"NW","year":2018},"type":"Feature"},{"geometry":{"coordinates":[[[-65.6529636528423,77.00127306608246],[-65.65068021191634,77.00044817087782],[-65.65077396709599,76.99942698268637],[-65.64720674244676,76.99891420018538],[-65.64265844065959,76.99889638360223],[-65.63929611411704,76.99958757056534],[-65.63563988727161,77.00010032394044],[-65.63258093129136,77.00096988108862],[-65.63011068874681,77.00219163045539],[-65.62705155351375,77.00306116063967],[-65.62715427592262,77.00366313745583],[-65.62626689496243,77.00475566107404],[-65.62538401750984,77.00584370786405],[-65.62529040219,77.00686928288658],[-65.62677978247709,77.00776105589931],[-65.62747525354148,77.00871529815797],[-65.63055208917946,77.00947334301675],[-65.63510472817678,77.00949566849071],[-65.63906460485454,77.00915678123667],[-65.64242655920478,77.00846559233547],[-65.64390253072632,77.00773431352447],[-65.64636835574215,77.0065080837137],[-65.6491330008456,77.00546014478493],[-65.65031480561163,77.00454602663775],[-65.65278080032752,77.00331982225627],[-65.65286975909694,77.00229866455231],[-65.6529636528423,77.00127306608246]]],"type":"Polygon"},"id":"0000000000000000022f","properties":{"area":451831.5592913671,"elevation":971.6075743867149,"region":"NW","year":2018},"type":"Feature"},{"geometry":{"coordinates":[[[-55.145881240856326,74.62602143465037],[-55.14575616832193,74.62583413970164],[-55.14492224409239,74.62568254218569],[-55.14409294807452,74.62552643913865],[-55.14396353287503,74.62533920073616],[-55.14383893467382,74.6251518798355],[-55.143005056430184,74.62500027390296],[-55.14288027934665,74.62481302253424],[-55.142755247507004,74.6246257251269],[-55.14192139498665,74.62446962452431],[-55.141796633343795,74.62428237221599],[-55.14237625296951,74.62406386524603],[-55.14295610821741,74.62384091223953],[-55.143535698346895,74.62362240126248],[-55.14340630465143,74.62343516144239],[-55.14270169671299,74.6234663740913],[-55.141997283824466,74.62350200373146],[-55.141292668872374,74.6235332111423],[-55.140588057130024,74.62356890582909],[-55.139879070433864,74.62360016579437],[-55.13929962972133,74.62382308502215],[-55.13859499369999,74.62385428233836],[-55.13789036021381,74.6238899669217],[-55.13718597470119,74.62392120486527],[-55.136481333845026,74.62395688420732],[-55.13590163845191,74.62417537293815],[-55.1353219336967,74.62439834954198],[-55.13474220880693,74.6246168342654],[-55.13486715782567,74.62480413641218],[-55.13499185210344,74.62499139250977],[-55.13441230070556,74.62521429524973],[-55.13454168234549,74.62540165573424],[-55.13537108955072,74.62555323964449],[-55.135495795031694,74.62574049502065],[-55.1356251261992,74.62592773839363],[-55.136454380094726,74.6260838776757],[-55.13716372810383,74.62604818732993],[-55.13786819785034,74.62601695019492],[-55.138697465999506,74.62616858998089],[-55.13953137653948,74.62632470411154],[-55.14023584328156,74.62628896845646],[-55.14094057059407,74.62625776589833],[-55.14177423703181,74.62640933461714],[-55.142478765652186,74.62637370683721],[-55.14305844211346,74.62615519964504],[-55.14376295637949,74.62611956702095],[-55.144467408478896,74.62608830549377],[-55.1451765382198,74.62605265557573],[-55.145881240856326,74.62602143465037]]],"type":"Polygon"},"id":"00000000000000000130","properties":{"area":65825.57242541127,"elevation":1013.2545064377681,"region":"NW","year":2018},"type":"Feature"},{"geometry":{"coordinates":[[[-54.89205124277765,74.03441020483116],[-54.89101653987905,74.03387958640235],[-54.89066006909758,74.03331773265221],[-54.889625467505354,74.03278710543864],[-54.888586567140486,74.03226090598733],[-54.88686973134728,74.03176153734886],[-54.88515285292586,74.0312665335738],[-54.884796179051584,74.03070468982041],[-54.8851216409415,74.03011165233455],[-54.883405092640025,74.02961225022415],[-54.88101045447556,74.02914841021132],[-54.87997150734405,74.02861787273346],[-54.877692865129966,74.02834138021271],[-54.87600746340452,74.02900133859315],[-54.87612766136122,74.02918860836665],[-54.87716231235755,74.02971921899304],[-54.8781968355419,74.03024989357247],[-54.879235644592846,74.03078050915757],[-54.87959258982017,74.03134233860581],[-54.88062690825462,74.03186852468347],[-54.882343605759104,74.03236795051042],[-54.88337824390882,74.03289405029211],[-54.88441716066161,74.03342470478759],[-54.88613397908828,74.03391966741256],[-54.887850816756035,74.03441911129302],[-54.89012926852463,74.03469559696217],[-54.89205124277765,74.03441020483116]]],"type":"Polygon"},"id":"000000000000000000db","properties":{"area":120082.19619803615,"elevation":1016.417579778452,"region":"NW","year":2018},"type":"Feature"},{"geometry":{"coordinates":[[[-54.99777203432968,74.56311692171589],[-54.99694715607774,74.562960870835],[-54.99541773725431,74.56284039352822],[-54.99400858823425,74.56290735196241],[-54.992354214255364,74.5625995970577],[-54.9909496723903,74.56266652446202],[-54.98942020859483,74.56254169501703],[-54.98814032288921,74.56279581130734],[-54.98673138707088,74.5628627617373],[-54.985076928914424,74.56255501438756],[-54.983547464636764,74.56243462848471],[-54.98239271259177,74.56287163666819],[-54.98263784930212,74.56324616441005],[-54.98358752398737,74.56358953547887],[-54.98313282846327,74.56399532577731],[-54.98408255307315,74.56433869384907],[-54.98503234721693,74.56467756652069],[-54.98598675111494,74.565020916498],[-54.98763659026076,74.56532861723956],[-54.989170481424495,74.56544898649523],[-54.990325470150474,74.56501198681231],[-54.99148484982068,74.56457055037373],[-54.992644170484205,74.56412910589945],[-54.99404862485072,74.56406223709475],[-54.995457673102194,74.56399534931168],[-54.996737681850824,74.56374560500225],[-54.99731717253236,74.56352265643375],[-54.99777203432968,74.56311692171589]]],"type":"Polygon"},"id":"00000000000000000121","properties":{"area":87031.12595846245,"elevation":1119.2491488576234,"region":"NW","year":2018},"type":"Feature"},{"geometry":{"coordinates":[[[-52.76989377626705,72.58163505797437],[-52.76623271815735,72.58063177431113],[-52.765015534680245,72.57972213955344],[-52.76286173915954,72.57885263081741],[-52.76109132832374,72.57777350138005],[-52.75869242229005,72.57672117396369],[-52.754581093114545,72.57611920257953],[-52.75244520847577,72.576016618956],[-52.749359397382875,72.57594525924569],[-52.74747777859934,72.5764045454029],[-52.748449858372595,72.57675231569777],[-52.750438608629544,72.57686386760179],[-52.75471922768915,72.5778403964232],[-52.75623111831775,72.5787366394169],[-52.753689316304,72.57980240095151],[-52.7500060391587,72.58014123703927],[-52.74572106415988,72.57916919726024],[-52.74471764871464,72.5797845543324],[-52.74648796246616,72.58086364474136],[-52.74889131626335,72.58191604702405],[-52.75191900599375,72.58294154864845],[-52.75494669340743,72.58397166644663],[-52.75923194339216,72.58494376445401],[-52.76308913630198,72.58497935806153],[-52.76634859612639,72.58369517829904],[-52.76977770787273,72.58279000359107],[-52.76989377626705,72.58163505797437]]],"type":"Polygon"},"id":"0000000000000000000f","properties":{"area":432958.23811072565,"elevation":1386.1587872730302,"region":"NW","year":2018},"type":"Feature"},{"geometry":{"coordinates":[[[-56.6651906039683,75.17158799628385],[-56.664891622272,75.17121786539315],[-56.66313914856964,75.17091911807258],[-56.66138258771296,75.17062481339455],[-56.65962991531432,75.17033050137319],[-56.65787300444602,75.17003619361662],[-56.65612056145253,75.1697374562315],[-56.65509489798141,75.16940304416181],[-56.6547918801326,75.16903291626987],[-56.655946707262686,75.16858254058339],[-56.657101740688915,75.16813220081193],[-56.65825659192816,75.167686247701],[-56.65941150016839,75.1672358921625],[-56.65838137382643,75.16690147035236],[-56.65692784816374,75.16697727862952],[-56.65562587402237,75.1672403602033],[-56.654319104373734,75.16750348014536],[-56.653017043252405,75.16776654355891],[-56.65171493868557,75.16802959790762],[-56.650408497871624,75.16829266270575],[-56.650707262995596,75.16866725547534],[-56.65101064676013,75.16903736167585],[-56.650582241965566,75.16944762583246],[-56.651607829285865,75.16978206060017],[-56.65263345541196,75.17011648990439],[-56.65293705734491,75.17049102985128],[-56.65323550286291,75.17086113418753],[-56.65498787493712,75.17115545788957],[-56.656745013641114,75.17145422862784],[-56.658497495632304,75.17174852147902],[-56.66024957270751,75.17204282676963],[-56.66185518903765,75.17215427484719],[-56.66330865806706,75.17207846256167],[-56.66461522682125,75.17181543270618],[-56.6651906039683,75.17158799628385]]],"type":"Polygon"},"id":"00000000000000000192","properties":{"area":93842.58088171968,"elevation":813.6793803052798,"region":"NW","year":2018},"type":"Feature"},{"geometry":{"coordinates":[[[-65.19386343980472,77.51465382638914],[-65.19069299903384,77.51389136113146],[-65.19000168265237,77.51293711138058],[-65.18496731746247,77.51272748183247],[-65.17932666412145,77.51216563602253],[-65.17946036045528,77.51114007363435],[-65.1820689563153,77.50991823490101],[-65.1874065312164,77.51030624591147],[-65.18784352346812,77.50945895494745],[-65.18250599438599,77.50907546749188],[-65.17747170197376,77.50886593482322],[-65.17213848808085,77.50848241889142],[-65.1671043962353,77.50827286015829],[-65.1626765503072,77.50842448212894],[-65.15855600056956,77.50875000263915],[-65.16028609601184,77.50922267869768],[-65.16449562958597,77.50949463998222],[-65.1701365587587,77.51006097242457],[-65.17494795564347,77.5106897387158],[-65.17233915002923,77.51190700717264],[-65.17220558251364,77.51293262088838],[-65.17454638329626,77.51375755952782],[-65.17688767309633,77.51458694086718],[-65.18192168760683,77.51479209773686],[-65.18695632438993,77.5150016506447],[-65.19199495277714,77.51520675176373],[-65.19386343980472,77.51465382638914]]],"type":"Polygon"},"id":"00000000000000000241","properties":{"area":232663.12451683212,"elevation":510.66871681889796,"region":"NW","year":2018},"type":"Feature"},{"geometry":{"coordinates":[[[-54.73803382520249,73.34658495631199],[-54.7375834022485,73.34583583412447],[-54.73648201167614,73.34511792195464],[-54.73538070304276,73.344400002332],[-54.733623773789425,73.34371330494878],[-54.73252229438548,73.34299982472031],[-54.73207642877403,73.34224624620676],[-54.73031969159908,73.3415640194238],[-54.72921839347517,73.34084608236621],[-54.72615930241165,73.3402262269466],[-54.723100387949415,73.33960200100918],[-54.720692322983616,73.33895095745795],[-54.719925506974,73.3387948841997],[-54.71731240415964,73.33892421643046],[-54.71753548637356,73.33929874915182],[-54.715372758299445,73.34017722798045],[-54.71320551121354,73.34105568083554],[-54.7110384810839,73.34193408043095],[-54.712139928973414,73.34264752701841],[-54.71389684765024,73.343334270575],[-54.714342588227055,73.34408336059387],[-54.716094975737,73.34477010868348],[-54.71915849743782,73.34538985202684],[-54.722217520488655,73.34600968661562],[-54.72505801689563,73.34625942708566],[-54.72789395149068,73.34650464505732],[-54.73095733950381,73.3471244659079],[-54.73379332258516,73.34736977661849],[-54.73652205721772,73.34743218492416],[-54.73803382520249,73.34658495631199]]],"type":"Polygon"},"id":"00000000000000000090","properties":{"area":452827.8756380276,"elevation":721.631361869552,"region":"NW","year":2018},"type":"Feature"},{"geometry":{"coordinates":[[[-55.1843140774112,74.06614560710506],[-55.18406881214199,74.0657710695359],[-55.183141537377374,74.0654321541157],[-55.182213860329256,74.06509325857643],[-55.180608567357574,74.06478564733057],[-55.18036333243692,74.06441098769308],[-55.18011817201846,74.06403644372315],[-55.18055517329237,74.0636262173664],[-55.18030977136093,74.06325162704164],[-55.180064629602406,74.0628770819026],[-55.18118371568879,74.06243566726293],[-55.18230293225825,74.06199417445974],[-55.18341786294411,74.06155273369538],[-55.18385473829834,74.0611469934132],[-55.18249486357923,74.06121382325225],[-55.18100989136083,74.06109348268494],[-55.17989044415173,74.06153492304561],[-55.17853057985619,74.0616018395921],[-55.17741147319563,74.0620432390504],[-55.176292125681144,74.06248470130713],[-55.176537436119105,74.06285929719405],[-55.17678250751629,74.06323384658697],[-55.17566350902553,74.06367527837628],[-55.174544020042724,74.0641167271184],[-55.174789320519814,74.06449132355186],[-55.17367019612672,74.06493274090631],[-55.174597722985126,74.0652716785604],[-55.17620745886052,74.06557932769017],[-55.177130519020544,74.06592264736886],[-55.17805790524271,74.06626152155327],[-55.179542851558374,74.06638191136412],[-55.18090735693625,74.06631504711545],[-55.18239213225417,74.06643548457347],[-55.18375232783782,74.06636854259604],[-55.1843140774112,74.06614560710506]]],"type":"Polygon"},"id":"000000000000000000e1","properties":{"area":95268.16303535295,"elevation":867.20929620862,"region":"NW","year":2018},"type":"Feature"},{"geometry":{"coordinates":[[[-54.30107304562018,73.63487473478396],[-54.29796969230915,73.63424597290091],[-54.29553945471636,73.63359050305733],[-54.29310459445249,73.632930584674],[-54.29000579950608,73.63230183201725],[-54.288904244965025,73.63157944090277],[-54.287133930996404,73.63089279382187],[-54.2860325663797,73.63017038381052],[-54.28493130889861,73.62945251402802],[-54.28582745925543,73.62864087451374],[-54.28605924581143,73.62785612218741],[-54.28350426244172,73.62816823519317],[-54.281060736453405,73.62866767982584],[-54.27861710710364,73.62916265873749],[-54.27883107441734,73.6295416504528],[-54.27860363374955,73.63032201198241],[-54.2790364901078,73.63107111596932],[-54.28013784265027,73.63179349651737],[-54.28190359216086,73.63248463375794],[-54.28367370181253,73.63317139935714],[-54.28610386404311,73.63383131965944],[-54.28787420915641,73.63452247422549],[-54.29030452311973,73.63517797606731],[-54.29263208109835,73.63565064771679],[-54.29540558875416,73.63571750608511],[-54.29806785025785,73.6355926284318],[-54.30084142776534,73.63565508844712],[-54.30107304562018,73.63487473478396]]],"type":"Polygon"},"id":"00000000000000000096","properties":{"area":220859.13070867443,"elevation":1081.3091436402472,"region":"NW","year":2018},"type":"Feature"},{"geometry":{"coordinates":[[[-57.9650051047613,75.32193103435687],[-57.96393486683549,75.32160102578067],[-57.962137834796344,75.32131564402454],[-57.960340670995045,75.32103031916172],[-57.95853943090615,75.32074495292404],[-57.957473550438046,75.32041940192724],[-57.95640794636645,75.32008942048014],[-57.95606903033026,75.31971936407568],[-57.95646581387046,75.31930464358533],[-57.95539574725484,75.31897912799515],[-57.953598651063565,75.31869370069542],[-57.951801697096435,75.31840837233261],[-57.950169656012,75.31830579747563],[-57.9490459149759,75.31876062590825],[-57.94791755602507,75.3192199186651],[-57.946794149608095,75.31967470121295],[-57.9456659041416,75.32012955415952],[-57.944542186555665,75.32058439445082],[-57.94341403542986,75.32104362608675],[-57.941955949616855,75.32112844298126],[-57.9430217119995,75.32145388575528],[-57.94408736167671,75.32178386223706],[-57.9436950739143,75.32219858864104],[-57.94549206362167,75.32248394487203],[-57.947288921488656,75.32276935798329],[-57.949086019658814,75.3230546823023],[-57.95054866915277,75.32296553118165],[-57.95235004978679,75.32325096712826],[-57.95364309412733,75.32298338586818],[-57.95527510505433,75.32308149805084],[-57.95690303518363,75.32318403829144],[-57.95819603841835,75.32291207538623],[-57.95999751130986,75.32319744378083],[-57.96162496501572,75.32329551018518],[-57.96275302659388,75.32284068690936],[-57.963876894529726,75.32238583074026],[-57.9650051047613,75.32193103435687]]],"type":"Polygon"},"id":"000000000000000001c9","properties":{"area":197818.39819666234,"elevation":248.50174008691405,"region":"NW","year":2018},"type":"Feature"},{"geometry":{"coordinates":[[[-65.38720538633672,77.2104673178143],[-65.38711185714257,77.20986534082712],[-65.3846056846316,77.20946404708461],[-65.3820952547854,77.2090627668506],[-65.38119916529824,77.20852767829699],[-65.37789055561363,77.20819320445848],[-65.37779663951449,77.20759123251916],[-65.37609334511198,77.20712301038974],[-65.37278480396036,77.20678862187951],[-65.37006936160508,77.20680640945498],[-65.36676048541709,77.20647198373828],[-65.36464690553767,77.20684652303649],[-65.36223009827123,77.20704724381063],[-65.36232390415391,77.20764472759488],[-65.362412785064,77.20824674021553],[-65.36169952970023,77.20891556299328],[-65.36259577557738,77.20945070452237],[-65.36268485803406,77.21005263200264],[-65.36358559962777,77.21058772699008],[-65.36367463872688,77.21118528333717],[-65.3663905062168,77.21116743408326],[-65.3696990376879,77.2115018136104],[-65.37241457339172,77.21148405199708],[-65.3748315732789,77.21128339376216],[-65.37754253865495,77.2112610574527],[-65.37995948404988,77.21106490084446],[-65.38237624742453,77.2108641634677],[-65.38508730896342,77.21084640522633],[-65.38720538633672,77.2104673178143]]],"type":"Polygon"},"id":"00000000000000000234","properties":{"area":228669.87876764924,"elevation":722.0792437650844,"region":"NW","year":2018},"type":"Feature"},{"geometry":{"coordinates":[[[-56.90480916805472,75.54398089921453],[-56.90433662379821,75.54342352585373],[-56.902374473284404,75.54294188748443],[-56.901157262091836,75.54242017551516],[-56.89994407868218,75.54190296336927],[-56.89754968080349,75.54183605897757],[-56.89547186196373,75.54213933525065],[-56.89323334213543,75.5422552224823],[-56.89146763202126,75.54293300738846],[-56.889077319857876,75.54286166222869],[-56.889233427735114,75.54304894057785],[-56.888212315627705,75.54368656542323],[-56.88719140098002,75.5443242264301],[-56.88766388303192,75.54488160565849],[-56.88813667421944,75.54543902616804],[-56.88860478471771,75.54600081342184],[-56.8883329354009,75.5465983964891],[-56.889978306850715,75.5467054068137],[-56.8918998953562,75.54621490741972],[-56.89398249360495,75.54591172399225],[-56.896216523430844,75.54579126703958],[-56.89892743928664,75.54623276086257],[-56.901161763735935,75.54611679699075],[-56.90249485833113,75.54585371775381],[-56.90351606516356,75.54521611136845],[-56.90453272401046,75.54457840682667],[-56.90480916805472,75.54398089921453]]],"type":"Polygon"},"id":"0000000000000000026c","properties":{"area":181957.6803011173,"elevation":1015.1741750129682,"region":"NW","year":2018},"type":"Feature"},{"geometry":{"coordinates":[[[-53.84747555449382,73.06941610982314],[-53.8474577350587,73.0690326955641],[-53.8465123172416,73.06850202337627],[-53.8461245492717,73.06813194544834],[-53.84546902277433,73.0677796358109],[-53.844523679116705,73.06724458607357],[-53.843578334129916,73.06670941400205],[-53.84199077140371,73.06620556764416],[-53.840925194349765,73.06581319330601],[-53.83935991312504,73.0653583739145],[-53.837322101068125,73.06525579156556],[-53.835288888533135,73.06515773379563],[-53.833995708247166,73.06521570395952],[-53.8329166997837,73.06527359913105],[-53.83301487172014,73.06546092853903],[-53.832671268167545,73.06605399639687],[-53.83338042785397,73.06653554993767],[-53.83374610932058,73.06682541310202],[-53.83466022216807,73.06730701934505],[-53.83530229441105,73.0676592205378],[-53.8357034766741,73.0680293315396],[-53.83570364905839,73.06841281416168],[-53.83610499962933,73.06877848844209],[-53.83705020536273,73.06931358168423],[-53.837692294155026,73.06967032571742],[-53.839279800785356,73.06979072749944],[-53.84077358867739,73.0701072903906],[-53.84196847082845,73.07024552158508],[-53.84410446435561,73.07053534769166],[-53.84594170512728,73.070258896202],[-53.847127657106434,73.07000920848671],[-53.84747555449382,73.06941610982314]]],"type":"Polygon"},"id":"00000000000000000063","properties":{"area":171665.93718292803,"elevation":868.8666471522964,"region":"NW","year":2018},"type":"Feature"},{"geometry":{"coordinates":[[[-60.0397980578429,76.13338936382218],[-60.038620608546424,76.13306829397642],[-60.03821043630536,76.13270265617703],[-60.03856270445395,76.13228794391792],[-60.038152672511764,76.13191785738145],[-60.036208533390536,76.13165030786263],[-60.035798164058605,76.13128462436218],[-60.033854133197906,76.13101705347982],[-60.032681400353816,76.13069604765728],[-60.03170914149487,76.1305622111125],[-60.030589885485334,76.13103042536558],[-60.02926571616762,76.13131135684306],[-60.02732139173204,76.13104387631074],[-60.02599715163468,76.13132478712451],[-60.02446315065347,76.13142290729688],[-60.024877777255774,76.13178852079854],[-60.02375418606529,76.13225674880105],[-60.022634968261265,76.13272050689508],[-60.02304515066617,76.13309058400496],[-60.02192585361763,76.13355433591818],[-60.02233616507574,76.13391996561164],[-60.02351328889093,76.13424100808511],[-60.024690578137225,76.13455759663722],[-60.02566275460282,76.13469142455949],[-60.02719196956072,76.13459331081916],[-60.02893125443616,76.13467800062833],[-60.03025570714091,76.13439707793886],[-60.03199449620186,76.13448177813257],[-60.03393432794014,76.13474934034507],[-60.03525849536186,76.1344684606482],[-60.03679249700968,76.13437034067697],[-60.03832197577854,76.13426773844868],[-60.039441188956495,76.1338040521991],[-60.0397980578429,76.13338936382218]]],"type":"Polygon"},"id":"000000000000000001ff","properties":{"area":148679.69235597044,"elevation":343.67140017720726,"region":"NW","year":2018},"type":"Feature"},{"geometry":{"coordinates":[[[-53.085834317619685,72.71838682115077],[-53.085566839719604,72.71782495295851],[-53.083395288042695,72.71733891853519],[-53.08122820859069,72.7168528238707],[-53.079239353824825,72.71674585041261],[-53.07725051370736,72.7166388537154],[-53.07525749554468,72.71653179775517],[-53.07335773805546,72.71661208926506],[-53.07145836936393,72.71669233954817],[-53.069558569657765,72.71677258827035],[-53.067752765599046,72.71704014943282],[-53.06594230551886,72.71730767452802],[-53.065576515407784,72.71790075464234],[-53.06521102332353,72.71848939729865],[-53.06421671380203,72.71910920445096],[-53.064484215853234,72.71967101355041],[-53.064756247085754,72.72023732299724],[-53.06565700551935,72.72077683051002],[-53.06655772024013,72.72131191689299],[-53.068729314461656,72.72179804701788],[-53.07080720364037,72.7220922654524],[-53.072800449120535,72.72220381186894],[-53.07451726280855,72.72174452089968],[-53.07641667543416,72.72166425945672],[-53.07832085224724,72.72158392421092],[-53.08022045104349,72.72150366863079],[-53.08184782142404,72.72086157311092],[-53.083480002882794,72.72021504065209],[-53.08447429170629,72.71959963202029],[-53.08547325505892,72.71897986500608],[-53.085834317619685,72.71838682115077]]],"type":"Polygon"},"id":"00000000000000000025","properties":{"area":339255.77746592945,"elevation":1258.3178440629163,"region":"NW","year":2018},"type":"Feature"},{"geometry":{"coordinates":[[[-53.57435116729378,72.97828098651253],[-53.574253050229146,72.97809376396847],[-53.573513005558844,72.97793321844473],[-53.57287091939591,72.977964445733],[-53.57222880279952,72.97799118706894],[-53.57158668375367,72.97801792599795],[-53.57094458966239,72.97804914606144],[-53.57020415486308,72.97788860746776],[-53.569468390840726,72.97772806884888],[-53.56882650594088,72.9777548455453],[-53.568184412925774,72.97778605535188],[-53.56754210854869,72.97781284822666],[-53.566993630234734,72.97803132443651],[-53.566351496980054,72.97805804378416],[-53.56570959371478,72.9780848087529],[-53.5651653314346,72.97830330308949],[-53.564621495699186,72.97851740807832],[-53.56471489176275,72.97870911570543],[-53.56481315610126,72.97889639099118],[-53.56426906795354,72.97911044649304],[-53.56436287836376,72.97930213312364],[-53.56446096077876,72.97948947742427],[-53.56455899473948,72.97967670457531],[-53.565294798870404,72.9798372638189],[-53.56603504181984,72.97999777514508],[-53.566677212163015,72.97996657392493],[-53.56722554045474,72.97975253530858],[-53.56786769965937,72.97972132957553],[-53.568509650546176,72.97969455693439],[-53.56915183144526,72.97966782991132],[-53.569793982722885,72.9796366169536],[-53.57033801989861,72.97942254392036],[-53.57098016004703,72.9793913264659],[-53.57162232503792,72.97936459013415],[-53.572170783669705,72.97914609960766],[-53.572714597798345,72.97893208766611],[-53.573258786321226,72.97871356931229],[-53.57380275808989,72.97849948460609],[-53.57435116729378,72.97828098651253]]],"type":"Polygon"},"id":"0000000000000000005e","properties":{"area":52158.90402566888,"elevation":970.0816257063108,"region":"NW","year":2018},"type":"Feature"},{"geometry":{"coordinates":[[[-55.8966243392164,74.9668617804932],[-55.89465779860229,74.96566670321413],[-55.88705054070062,74.96546607950867],[-55.880138879839876,74.96619733060928],[-55.87422603117154,74.967980985673],[-55.86912956945711,74.9694524904854],[-55.86926761773302,74.96963977647508],[-55.86809042440277,74.97107563107467],[-55.866440644954395,74.97287708102796],[-55.86467024561299,74.97451358784647],[-55.865053982479736,74.97604303932755],[-55.866257799178456,74.97729162105347],[-55.86626686260537,74.97869171230471],[-55.863332421541756,74.9807696861974],[-55.857326250247475,74.98238388138547],[-55.863368186305095,74.9824730407493],[-55.86974474223818,74.98099259779528],[-55.87512704092384,74.97917332897403],[-55.87318721461334,74.97795593309557],[-55.872803822380156,74.9764309364887],[-55.872799472718405,74.97502633538664],[-55.873254074304135,74.97362177930376],[-55.876348781875556,74.97174889572295],[-55.87812354073095,74.9701124086193],[-55.8839382398961,74.96788287517592],[-55.88928445794818,74.96703567145752],[-55.8966243392164,74.9668617804932]]],"type":"Polygon"},"id":"0000000000000000016f","properties":{"area":479432.4223150957,"elevation":925.9117267127125,"region":"NW","year":2018},"type":"Feature"},{"geometry":{"coordinates":[[[-51.79281098605592,71.94654318887143],[-51.79212877976988,71.94637821796263],[-51.79083993324815,71.94623101395919],[-51.789551345712425,71.94608831891381],[-51.78833412768932,71.94613294743925],[-51.78719245862645,71.94636925210516],[-51.786046513743244,71.94660107977786],[-51.784971895373324,71.94702470284287],[-51.78383032785029,71.94725656489223],[-51.782684355143765,71.947492954508],[-51.78161421560779,71.94791206904793],[-51.78053965338315,71.94833571187245],[-51.78129313379929,71.94869241841006],[-51.78082941472425,71.94908927426889],[-51.78097644660402,71.94946834838076],[-51.77990197272581,71.94989191876064],[-51.77882725107673,71.95031108012859],[-51.77958077694844,71.95066779424603],[-51.780726780398666,71.95043149545515],[-51.78180146735022,71.95001232137712],[-51.78287168231123,71.94958873815585],[-51.78401761045743,71.94935688411688],[-51.785163666083946,71.94912048589126],[-51.78623378951602,71.94870134830141],[-51.787308464033224,71.94827771777716],[-51.788378691218426,71.94785414696896],[-51.789448656985186,71.94743051832734],[-51.790594782937994,71.94719859960553],[-51.791740919687854,71.94696679020375],[-51.79281098605592,71.94654318887143]]],"type":"Polygon"},"id":"00000000000000000001","properties":{"area":81827.87995100142,"elevation":1058.4476912293,"region":"NW","year":2018},"type":"Feature"},{"geometry":{"coordinates":[[[-53.6146926944373,73.05523618421383],[-53.61345307445441,73.05390739227029],[-53.609502400618275,73.05412140341083],[-53.60370557014182,73.05438002588453],[-53.5992954685601,73.05476349544797],[-53.59578160467166,73.05545465565366],[-53.5910683150253,73.05643120538436],[-53.58752767254955,73.05735874486312],[-53.5836527201104,73.05891051869922],[-53.58280113709861,73.05969974791293],[-53.58140107328407,73.06093042817301],[-53.5814412651914,73.06227714552496],[-53.582957323409154,73.0639359117188],[-53.582582769208294,73.06565712007553],[-53.583224745168344,73.06699928448924],[-53.58326507391753,73.06834150433589],[-53.58478543486248,73.07000471935032],[-53.58889680696394,73.07019199315202],[-53.59267350055571,73.06983085133915],[-53.59715504450225,73.06828795665963],[-53.59885852587815,73.06648204698702],[-53.60030752565395,73.06545644979265],[-53.59872021826946,73.06381995341067],[-53.60003555786981,73.06238863258056],[-53.6012217620481,73.0610196723568],[-53.60254180104452,73.05958382131284],[-53.60746887050762,73.0576351936199],[-53.61215555096963,73.05669431375641],[-53.6146926944373,73.05523618421383]]],"type":"Polygon"},"id":"00000000000000000058","properties":{"area":995675.0522893764,"elevation":1008.7206724111126,"region":"NW","year":2018},"type":"Feature"},{"geometry":{"coordinates":[[[-55.47858344359647,74.4657479465865],[-55.477370683465956,74.46503448983592],[-55.47280012947901,74.46468222040167],[-55.468354556554566,74.46451278225209],[-55.46352515029292,74.46378595269856],[-55.458825234048895,74.4632463752226],[-55.455284712495384,74.46438789464611],[-55.451360614450266,74.46496763146315],[-55.44768643883603,74.46592189206659],[-55.446366400251016,74.46714812692484],[-55.44504662979528,74.46837432154224],[-55.44163101372113,74.4697031763494],[-55.437702619190276,74.47028287707981],[-55.43498261580236,74.47157601087969],[-55.439686643244734,74.4721155607368],[-55.44412796199937,74.47228500683124],[-55.44857370469324,74.47245002371014],[-55.45289022445814,74.4724321265248],[-55.45720675110932,74.47240987051134],[-55.4572600883561,74.47144223468956],[-55.458579897144475,74.47021598305642],[-55.45850404352387,74.4690610842963],[-55.459824048152626,74.46783478797678],[-55.46336472087519,74.4666932689968],[-55.46832323532287,74.46760740167538],[-55.47302737547226,74.4681469414752],[-55.47733933977569,74.46812914580774],[-55.47517246587395,74.46707675512937],[-55.47858344359647,74.4657479465865]]],"type":"Polygon"},"id":"0000000000000000012c","properties":{"area":590663.0223677255,"elevation":668.4682236572615,"region":"NW","year":2018},"type":"Feature"},{"geometry":{"coordinates":[[[-65.21230624953365,76.47184404581074],[-65.21174440054382,76.47148728517156],[-65.20965284953328,76.47126434676727],[-65.20784713795635,76.47121533592066],[-65.20632213245212,76.47134458725415],[-65.20535895030714,76.47183510136176],[-65.20383399530465,76.4719644452652],[-65.20287068708592,76.4724549459004],[-65.20190298654275,76.47294098241838],[-65.20009721039877,76.47289640445032],[-65.19829127503891,76.4728473152739],[-65.1967662801251,76.47298110537344],[-65.19809045778507,76.4732709636542],[-65.19788979053854,76.47369453219567],[-65.19921435661527,76.47398441551339],[-65.19977619336383,76.4743411224587],[-65.20186286851144,76.4745685583736],[-65.20394975260413,76.47479589642403],[-65.20547497584181,76.47466217027126],[-65.2067187880501,76.47435448166786],[-65.2076865453766,76.47386396316558],[-65.20864961960112,76.47337790956925],[-65.21017463465049,76.4732441486602],[-65.21113788993968,76.47275811380082],[-65.21210122534536,76.47226760841733],[-65.21230624953365,76.47184404581074]]],"type":"Polygon"},"id":"0000000000000000021f","properties":{"area":82915.21368867652,"elevation":623.5808113607828,"region":"NW","year":2018},"type":"Feature"},{"geometry":{"coordinates":[[[-59.045240225681,76.15337944807005],[-59.04408532061702,76.15305841038412],[-59.042925831845814,76.15273732101716],[-59.04254253864756,76.15236724302484],[-59.041387277596016,76.15204622306814],[-59.041004038117286,76.15167614143978],[-59.03965290434589,76.15195261289831],[-59.037922591305346,76.15185895305115],[-59.03618832548319,76.15176972576505],[-59.0346497381019,76.1518589563106],[-59.03349475627959,76.15232264748559],[-59.031952042939615,76.1524118935412],[-59.03233991617458,76.15278196071371],[-59.03118500703379,76.15324126622417],[-59.03003010766089,76.15370497474707],[-59.030413556052785,76.15407062728225],[-59.030796912183476,76.15444076283481],[-59.03118510622271,76.15481086916715],[-59.03156861066068,76.15517651803633],[-59.032531618244136,76.15531918665697],[-59.034070191050276,76.15522552397847],[-59.03542123474677,76.15494912773157],[-59.0371514132669,76.15503824329978],[-59.038498038730744,76.15476182204152],[-59.039849141101115,76.1544853228866],[-59.04100396071495,76.1540260863392],[-59.04254232593568,76.15393236094093],[-59.04369731155646,76.15347314834703],[-59.045240225681,76.15337944807005]]],"type":"Polygon"},"id":"000000000000000001f5","properties":{"area":97804.0454140951,"elevation":851.8098916386003,"region":"NW","year":2018},"type":"Feature"},{"geometry":{"coordinates":[[[-55.57430723766039,74.09835817041434],[-55.57405295514412,74.09798358425216],[-55.573116479607144,74.09764475208434],[-55.572862332532544,74.09727466136945],[-55.57124356224703,74.0969669570295],[-55.57098936267081,74.09659236571747],[-55.57073527399199,74.09622227135493],[-55.57048109628388,74.09584767869266],[-55.5695447926738,74.09550882752553],[-55.56860827163704,74.09516992619983],[-55.56698984672548,74.09486668208265],[-55.56673558059473,74.09449215433136],[-55.56550036412893,74.09474632119009],[-55.564390077792055,74.09519225381194],[-55.563279637915805,74.09563368122004],[-55.56421627950201,74.09597253776035],[-55.56378807964183,74.0963827424332],[-55.56472458482196,74.09672166686015],[-55.56429638086186,74.09713187180502],[-55.56318607634928,74.09757334077625],[-55.562080300166635,74.09801927673864],[-55.56233424699032,74.09838938014686],[-55.56327068132308,74.09873276278508],[-55.56488933764452,74.09903592182239],[-55.565143454356814,74.09941051835118],[-55.56471560622519,74.09981631387343],[-55.56565205719305,74.10015518625549],[-55.56701661192618,74.10008829986073],[-55.56838086909464,74.10001697660613],[-55.56961610234499,74.099758369615],[-55.570851331548376,74.09950413534851],[-55.572090791152114,74.0992455586171],[-55.573201209564004,74.09880408278617],[-55.57430723766039,74.09835817041434]]],"type":"Polygon"},"id":"000000000000000000f4","properties":{"area":133375.4282494808,"elevation":763.9063749832236,"region":"NW","year":2018},"type":"Feature"},{"geometry":{"coordinates":[[[-56.37169231633841,74.81897567646998],[-56.369841809508756,74.81849408917704],[-56.36556553107181,74.81774491965048],[-56.36129374201225,74.81700027321227],[-56.3634253456347,74.81592113712603],[-56.36484330382894,74.8148732428506],[-56.364843348422646,74.8139056699809],[-56.36341638540346,74.81300942850847],[-56.36156135183367,74.8125277819406],[-56.35728958469809,74.81177868113869],[-56.35302222803102,74.8110339881482],[-56.34917846935537,74.81085117435914],[-56.34576266454634,74.8112212638718],[-56.34576705144117,74.81219337455477],[-56.345058125788164,74.81320112426043],[-56.34648064816061,74.81409740909832],[-56.349330205735484,74.81491785960417],[-56.350757045698266,74.81580972422198],[-56.352892792224246,74.81667027810657],[-56.356170351491166,74.81707605638213],[-56.36044223624327,74.81782518645103],[-56.362582445302,74.81868131767924],[-56.361160050029696,74.81972479298231],[-56.363300533784034,74.82058091236205],[-56.36714417524108,74.82076822177639],[-56.369989071969464,74.81964893474655],[-56.37169231633841,74.81897567646998]]],"type":"Polygon"},"id":"0000000000000000017e","properties":{"area":361819.7571571519,"elevation":290.1807690759817,"region":"NW","year":2018},"type":"Feature"},{"geometry":{"coordinates":[[[-55.70457507566261,74.60511716964913],[-55.70444145510586,74.60492989120597],[-55.70360766735468,74.60477831451382],[-55.703473801253956,74.6045909901559],[-55.70334019653921,74.60440371071893],[-55.70320633640432,74.60421638598012],[-55.70307690189216,74.60402910632875],[-55.70223855518347,74.60387754914119],[-55.70140483294247,74.60372596273868],[-55.7005664427645,74.60357428225912],[-55.70043257721412,74.6033915169976],[-55.70029901407317,74.6032042349596],[-55.699465079015226,74.60305259494078],[-55.69876053627003,74.60308823429905],[-55.698055912071055,74.60311949617228],[-55.69735578431268,74.60315517569511],[-55.69665148866048,74.60319085232264],[-55.69581757933878,74.6030391965612],[-55.695113094136246,74.60307493839399],[-55.69524679164938,74.60326215292761],[-55.695376139100524,74.60344943779666],[-55.69480533264602,74.60367239242544],[-55.69423451145293,74.60389534509389],[-55.69436827644631,74.6040826757031],[-55.69520669089147,74.60422982129131],[-55.69534039925609,74.60441703511505],[-55.69476982072155,74.60464003385547],[-55.69419896906127,74.60486298551324],[-55.69432831902956,74.60505027011752],[-55.69446183648734,74.60523755489277],[-55.69459580421406,74.60542481374374],[-55.695433983990554,74.60557647464186],[-55.69626794260856,74.60572801557822],[-55.697106148466354,74.60587966916496],[-55.69780638415028,74.60584399155987],[-55.69851078073802,74.60580831163243],[-55.69921543191516,74.60577267420051],[-55.69978624292623,74.60554970798908],[-55.700357039196085,74.60532673981741],[-55.70106140659276,74.60529105025483],[-55.70176160562266,74.60525535787444],[-55.702466113718316,74.60522415389995],[-55.703304447794935,74.60537133500132],[-55.704004532622584,74.60534008009805],[-55.70457507566261,74.60511716964913]]],"type":"Polygon"},"id":"00000000000000000144","properties":{"area":63174.878233791016,"elevation":564.2884128858154,"region":"NW","year":2018},"type":"Feature"},{"geometry":{"coordinates":[[[-56.22955405020546,74.80043026978475],[-56.2269989866318,74.79998433306976],[-56.224582254292194,74.79972125784234],[-56.222165582981724,74.79945815266711],[-56.21975299020871,74.79919507808648],[-56.217478806841186,74.79911924609026],[-56.21506193760861,74.79886063928767],[-56.21250681164849,74.79841028291894],[-56.21065208632435,74.79889634751765],[-56.20894435664518,74.79956517880444],[-56.20723183529303,74.80023403002288],[-56.20551946308613,74.80090735181895],[-56.20580039962326,74.80127749962398],[-56.20551524758943,74.80187498562137],[-56.2072185046704,74.8021738081697],[-56.209635258315856,74.8024368670198],[-56.21162869643302,74.80213809514831],[-56.21375996697115,74.80203104569085],[-56.2158959094841,74.80191960698336],[-56.218027346195434,74.80180811081686],[-56.21988221258689,74.80132209684409],[-56.222013796045154,74.80121060031696],[-56.224149811797474,74.8010991136195],[-56.226281160145426,74.80099208471928],[-56.22827441830879,74.8006932971437],[-56.22955405020546,74.80043026978475]]],"type":"Polygon"},"id":"0000000000000000016c","properties":{"area":165668.3869767363,"elevation":416.22204472843447,"region":"NW","year":2018},"type":"Feature"},{"geometry":{"coordinates":[[[-55.42233646879132,74.56032553277764],[-55.421948623206525,74.55976812834444],[-55.420855987212896,74.55924193039915],[-55.420472551070276,74.55868008199741],[-55.420084538007025,74.55811825078167],[-55.420396891278926,74.5575251617514],[-55.42071337274699,74.55692770206306],[-55.4196251083039,74.55640149982253],[-55.419937634084114,74.5558039624319],[-55.41954952701485,74.55524657119824],[-55.41731546348434,74.55516188082217],[-55.41482302984031,74.55470255266198],[-55.412463839146355,74.55443057668182],[-55.41061359913268,74.55490769837861],[-55.40825008619857,74.5546401097955],[-55.408379464634635,74.55482746528854],[-55.408767409662474,74.55538480724589],[-55.40705068027646,74.55604918189586],[-55.40673406910495,74.5566467793613],[-55.40712208115578,74.55720861256323],[-55.40610525117545,74.55783734310175],[-55.4071931690136,74.5583635022421],[-55.408981316282826,74.55885402051632],[-55.410069378015265,74.5593801624023],[-55.41116191664648,74.5599063495546],[-55.412249921981584,74.56043692365924],[-55.41435470649246,74.56032997749561],[-55.41645946427343,74.56022738294587],[-55.41869327209427,74.56031213611725],[-55.421190485317275,74.56077137154925],[-55.42233646879132,74.56032553277764]]],"type":"Polygon"},"id":"00000000000000000136","properties":{"area":221332.9650009225,"elevation":792.7963218317085,"region":"NW","year":2018},"type":"Feature"},{"geometry":{"coordinates":[[[-55.17575706863793,73.45666231884506],[-55.17367013749152,73.45657310417145],[-55.17134259426871,73.45611379905627],[-55.16949218653546,73.45640367066025],[-55.16752115724352,73.4565017782633],[-55.165550086994145,73.45660436818609],[-55.16369519808344,73.4568896881768],[-55.16172429387491,73.45699228100256],[-55.16010560822487,73.45765220383673],[-55.158255144643675,73.45794211753766],[-55.15663649210115,73.4586020518804],[-55.156872699252936,73.4589765819664],[-55.15525431646877,73.4596409808691],[-55.15363565364001,73.46030092956974],[-55.152672454924435,73.46092965731421],[-55.15302890545454,73.46149150791152],[-55.153260986286156,73.46186610010778],[-55.15535222129725,73.46195521797178],[-55.15732327231217,73.4618527253883],[-55.15941456916095,73.46194191201592],[-55.161264970751496,73.4616520160245],[-55.16311995228083,73.46136224822312],[-55.16497497663872,73.46107677769727],[-55.16670966159677,73.46059970655122],[-55.16856460754846,73.46031431366927],[-55.17053542853623,73.46021178893395],[-55.172742741022105,73.46048825637294],[-55.174361253086296,73.45982383337332],[-55.175556361085064,73.45956959488025],[-55.17454420820204,73.45904343452246],[-55.17222117541537,73.45857971409792],[-55.173179726769376,73.45795097825705],[-55.17479842621018,73.45729102555804],[-55.17575706863793,73.45666231884506]]],"type":"Polygon"},"id":"000000000000000000ab","properties":{"area":280406.6629318943,"elevation":295.16651304503677,"region":"NW","year":2018},"type":"Feature"},{"geometry":{"coordinates":[[[-65.3109591469835,77.53490261994922],[-65.31065167754252,77.53472425861193],[-65.31034853188015,77.53454593685176],[-65.31004074804254,77.53436754240883],[-65.30890806726218,77.53425608509255],[-65.3086051240348,77.53407768280913],[-65.308297202392,77.5338993638509],[-65.30747247402866,77.5339662188201],[-65.30664723493312,77.53403311688778],[-65.30551483718726,77.53391713037826],[-65.30468991684646,77.53398405377665],[-65.3038649864011,77.5340509742772],[-65.3027323601973,77.5339394883958],[-65.30160423429729,77.53382795952949],[-65.30077471499989,77.53389036178224],[-65.29994976093278,77.53395726889217],[-65.2988218064385,77.53384583727858],[-65.29799219438023,77.53391266533008],[-65.2974748381174,77.53415797283328],[-65.29777822212218,77.5343319065076],[-65.29808602818589,77.53451023740156],[-65.29756400664834,77.53475547158537],[-65.29786733426597,77.5349338399599],[-65.29900002148909,77.53504534815634],[-65.30013265210262,77.53516128650952],[-65.3004356899224,77.535339619456],[-65.29991857308798,77.53558041635593],[-65.30022194892405,77.53575878114852],[-65.30135431473536,77.53587468170271],[-65.302487096539,77.53598617365567],[-65.30361507581495,77.53609766610272],[-65.30474788656558,77.53620914758275],[-65.30557276789315,77.53614230396637],[-65.30609428253732,77.53590145752403],[-65.30661617821258,77.53565620605562],[-65.30744101291714,77.53558935552373],[-65.30826600773499,77.53552242407615],[-65.30909082224129,77.53545556775033],[-65.30991605939423,77.53539309794971],[-65.31043769269328,77.53514791479971],[-65.3109591469835,77.53490261994922]]],"type":"Polygon"},"id":"00000000000000000243","properties":{"area":55437.554997428015,"elevation":446.61168914579326,"region":"NW","year":2018},"type":"Feature"},{"geometry":{"coordinates":[[[-52.75099596436452,72.76273699767381],[-52.748659545450515,72.76187194112501],[-52.74631852375152,72.76100689536032],[-52.743981672894485,72.76014181241105],[-52.7406331726,72.75989209954827],[-52.7375429079016,72.76020865592122],[-52.73445280415,72.76052532178186],[-52.734073654775514,72.76111388164597],[-52.73450624319445,72.76205478207704],[-52.736842924134,72.76292429013932],[-52.73981704259518,72.76376257708466],[-52.73707032219833,72.7648327570863],[-52.73406915759425,72.7653366672374],[-52.73233458416129,72.76579146072275],[-52.73403796902707,72.76667886393226],[-52.73764556765941,72.76749487243148],[-52.740909521586545,72.76755727077219],[-52.74434742735707,72.76799431187976],[-52.747959442648686,72.76880586826474],[-52.74905630780046,72.76837779445955],[-52.746082110768725,72.76753944595673],[-52.74437872306643,72.76664765865173],[-52.74203771024626,72.76578253922487],[-52.74287614970616,72.76478817832107],[-52.745622985804125,72.76371800086766],[-52.74871302541345,72.76340138863557],[-52.75099596436452,72.76273699767381]]],"type":"Polygon"},"id":"0000000000000000001c","properties":{"area":290217.4916298589,"elevation":1426.1351188573951,"region":"NW","year":2018},"type":"Feature"},{"geometry":{"coordinates":[[[-55.386355762751506,74.23087373659538],[-55.386231180806426,74.23068644416436],[-55.38554422389572,74.23072213018193],[-55.38485318224837,74.23075780706179],[-55.384041601073555,74.23060169848446],[-55.38322557026103,74.23045010053683],[-55.38253886459031,74.23048582107131],[-55.381852341759355,74.23052146840757],[-55.381036272373095,74.2303653652939],[-55.38034956260603,74.23040107775753],[-55.37965851579205,74.2304367354085],[-55.37897174233591,74.23046794707682],[-55.37840996135086,74.23069092410542],[-55.37771864477901,74.23072652886859],[-55.37690718062296,74.23057050579351],[-55.376220449425404,74.23060620290906],[-55.37565410751139,74.23082918959128],[-55.37496730698314,74.23086038631834],[-55.374280744951,74.2308960055191],[-55.3737188885188,74.23111896766665],[-55.37315696292899,74.23133743223168],[-55.37259533068713,74.2315604360992],[-55.37272022129295,74.23174771124857],[-55.37353146808662,74.23189932712403],[-55.37434774176003,74.23205539181289],[-55.37503409475941,74.2320197271943],[-55.375725403321766,74.23198401667038],[-55.376412243760036,74.23195281751208],[-55.377098838409985,74.23191719079121],[-55.37791489502552,74.23206881502703],[-55.378601675538,74.23203311214662],[-55.37929259040656,74.23200190907295],[-55.37997936382546,74.23196620107217],[-55.380666133619535,74.23193049051814],[-55.38148227189315,74.23208659496623],[-55.38216885473452,74.23205094953836],[-55.382859954212954,74.23201528310031],[-55.38354677387008,74.23198405756476],[-55.384108524624395,74.23176106573867],[-55.384670513603524,74.23153811754165],[-55.38523229406662,74.2313196175298],[-55.38579425488764,74.23109666547934],[-55.386355762751506,74.23087373659538]]],"type":"Polygon"},"id":"00000000000000000100","properties":{"area":54502.25141090032,"elevation":846.2868788313554,"region":"NW","year":2018},"type":"Feature"},{"geometry":{"coordinates":[[[-55.87475253373786,74.99819584513041],[-55.871898622104034,74.99737093073786],[-55.867702597208186,74.99639885598337],[-55.86619093152486,74.99572107191851],[-55.865874134795384,74.99494071724102],[-55.86346202167458,74.99370552624413],[-55.86167819271399,74.99265317640092],[-55.85891830900044,74.99160528320321],[-55.8574154651293,74.99093200108058],[-55.85485140169893,74.99015607908309],[-55.85351375665042,74.98935340792686],[-55.85044131125078,74.98856862890253],[-55.85057959989,74.98875595976699],[-55.85141329221324,74.98955411969749],[-55.853397570246294,74.99055295640672],[-55.85552918729548,74.99141359613164],[-55.85694286123729,74.99230983658946],[-55.85943984547806,74.99332207021132],[-55.861205442862826,74.99403104147265],[-55.86277516431085,74.9947980474798],[-55.86340405291007,74.99564521212979],[-55.86516520087942,74.99634980386237],[-55.866124059926186,74.99742445500996],[-55.86726535708615,74.99818246536891],[-55.86878174982294,74.9988647187428],[-55.871336695337114,74.99963609702604],[-55.872776871496725,75.00021583894491],[-55.87438685937452,74.99935968425719],[-55.87475253373786,74.99819584513041]]],"type":"Polygon"},"id":"0000000000000000017c","properties":{"area":131622.5495312165,"elevation":924.4098601083039,"region":"NW","year":2018},"type":"Feature"},{"geometry":{"coordinates":[[[-57.7884066261116,75.7685679783359],[-57.78806797110438,75.76819784944331],[-57.78697092824154,75.76786792410591],[-57.785874119756635,75.76753792026878],[-57.78628429388301,75.76712766012255],[-57.78443814608378,75.76683787690924],[-57.78293094089647,75.7669225297852],[-57.78142380455584,75.76700728633789],[-57.779742849170574,75.76690475268548],[-57.77857900719574,75.76735955831973],[-57.77724132259689,75.76763153357511],[-57.775734071892366,75.76771624789583],[-57.77439638950586,75.76798386067476],[-57.77323259126789,75.7684386749148],[-57.77432942868108,75.76876867047687],[-57.77617537718438,75.76905404123076],[-57.77651870109313,75.76942411358148],[-57.77802610259004,75.76933939521514],[-57.7798764167931,75.7696292209453],[-57.781727066848596,75.76991461455654],[-57.783234277004844,75.76982993116302],[-57.78474165812461,75.769745164176],[-57.78641801153136,75.76984773129385],[-57.78758650265133,75.76939288578161],[-57.78724293571427,75.769022830044],[-57.7884066261116,75.7685679783359]]],"type":"Polygon"},"id":"000000000000000001e7","properties":{"area":92719.47726981099,"elevation":710.3727111179785,"region":"NW","year":2018},"type":"Feature"},{"geometry":{"coordinates":[[[-57.65417431710031,75.43300724028639],[-57.653345251585456,75.43207527315741],[-57.6517798178956,75.43119240638988],[-57.65095510286032,75.43026492007718],[-57.650125626414216,75.42933291901717],[-57.64594307717943,75.42898512357641],[-57.642255451351,75.42919470254398],[-57.63906241196368,75.42996167913806],[-57.635709413192544,75.43053691254049],[-57.63268162896959,75.43149114614992],[-57.63203507119526,75.43249891718622],[-57.632119788117286,75.43347095539022],[-57.63442514795511,75.43431376659905],[-57.63525012704119,75.43524123984974],[-57.63681529153334,75.43612860781015],[-57.638380158659906,75.43701599159492],[-57.64068122417043,75.4378587526602],[-57.642246457068076,75.43874610275618],[-57.64422176284576,75.4392187874531],[-57.647909569980996,75.43901366533004],[-57.651766590314665,75.43899133714784],[-57.65093731877358,75.4380593819965],[-57.64863178513763,75.43721662994336],[-57.65149458225596,75.43607957930847],[-57.650665172633836,75.43515203456805],[-57.652787785895995,75.43405961006479],[-57.65417431710031,75.43300724028639]]],"type":"Polygon"},"id":"000000000000000001c7","properties":{"area":464807.14943750727,"elevation":586.0901866752745,"region":"NW","year":2018},"type":"Feature"},{"geometry":{"coordinates":[[[-53.34485019312124,72.89503405697987],[-53.34347670510652,72.89490031807888],[-53.34082348327683,72.89482450480335],[-53.33817475618901,72.89474424471885],[-53.335709023586254,72.89504301567764],[-53.33296234522751,72.89477991323294],[-53.33050073710426,72.89507863856278],[-53.327941274955506,72.89518571160549],[-53.32547534046698,72.89548445089015],[-53.32292038961869,72.8955959418366],[-53.32026723786554,72.89551567759077],[-53.31798865375199,72.8961934516652],[-53.315339880086455,72.8961131894096],[-53.3129675864787,72.89659918548963],[-53.31516587491515,72.8970808027627],[-53.31781900726397,72.89716109856315],[-53.32056129827236,72.897428614639],[-53.32302733501912,72.89712990057448],[-53.32558689280138,72.89701837074333],[-53.32805278265771,72.89671958337652],[-53.3305139949019,72.89642086754664],[-53.33307366709673,72.89630939037866],[-53.33553976085027,72.89601507423428],[-53.33800097398853,72.89571629762855],[-53.34065408597941,72.89579210682004],[-53.34311563559357,72.89549335264844],[-53.34485019312124,72.89503405697987]]],"type":"Polygon"},"id":"00000000000000000048","properties":{"area":141319.42372758203,"elevation":1159.2419723265161,"region":"NW","year":2018},"type":"Feature"},{"geometry":{"coordinates":[[[-55.61315912182665,74.23473082808657],[-55.6122140723177,74.23439195408307],[-55.610582005797916,74.23408873415319],[-55.60920406554823,74.23416008802154],[-55.60757206047532,74.2338568419857],[-55.60594005965147,74.23354920198398],[-55.604562128929786,74.23362052178878],[-55.60331788045695,74.2338791867966],[-55.60181080932764,74.23376322294199],[-55.60043730926442,74.23383010847651],[-55.5990595732524,74.23390143252286],[-55.59768615558528,74.233972793495],[-55.596308347370034,74.23403971729304],[-55.59493490086401,74.23411105782118],[-55.59342765270603,74.23399509733267],[-55.59205433389668,74.23406196599576],[-55.590676338549656,74.23413329854426],[-55.59093501082777,74.23450785957385],[-55.590502531667966,74.23491811836558],[-55.59213885694569,74.23522137203648],[-55.59351240567217,74.23515005296356],[-55.59514445910857,74.23545323320191],[-55.596781005868685,74.23576094230307],[-55.59815431119936,74.23568954400552],[-55.59953218815592,74.23561822792858],[-55.60090557570419,74.2355513050478],[-55.60215431004087,74.2352927054785],[-55.603273378976766,74.23484674407918],[-55.60451736697775,74.23459260202333],[-55.60602451637841,74.23470854426431],[-55.60739800074095,74.23463723827464],[-55.608905163449634,74.23475315734699],[-55.610278492680855,74.23468628071076],[-55.61165646540592,74.23461491923977],[-55.61315912182665,74.23473082808657]]],"type":"Polygon"},"id":"0000000000000000011e","properties":{"area":84633.57739416641,"elevation":705.1436691410394,"region":"NW","year":2018},"type":"Feature"},{"geometry":{"coordinates":[[[-55.08960735217267,73.95473049599737],[-55.08948689655331,73.95454324559554],[-55.088688643987616,73.95438719987534],[-55.08801100502552,73.95442283048983],[-55.08733319899454,73.95445403027149],[-55.08653939875,73.95430246227721],[-55.08586159267763,73.9543336566289],[-55.08518376147303,73.95436934716642],[-55.08450594889048,73.9544005364598],[-55.08383283639205,73.95443175756506],[-55.08315499502765,73.9544674405287],[-55.08259737387702,73.95468594724758],[-55.08191970428383,73.95472155512694],[-55.081121743741534,73.95456552279498],[-55.08044834410573,73.95460118408846],[-55.07989093215204,73.95481972822682],[-55.079333420436484,73.95504265276963],[-55.078776166372776,73.95526112268037],[-55.078098278405704,73.95529678657415],[-55.07742492923634,73.95532805415618],[-55.07754527166046,73.95551531136088],[-55.07766586459159,73.95570261438733],[-55.07710838485744,73.95592114898534],[-55.07722872854831,73.95610840610563],[-55.07734907481281,73.95629566306847],[-55.0774696715947,73.9564829658533],[-55.0782632351678,73.95663902513556],[-55.07838359556844,73.95682628124067],[-55.078504206496156,73.95701358316627],[-55.079181907680415,73.956977872349],[-55.07985958216535,73.95694665767597],[-55.080657724260426,73.95709831281162],[-55.081335646652846,73.95706713866906],[-55.08188848692349,73.95684417507131],[-55.08256633345427,73.95681287989444],[-55.083244239715086,73.95678169856991],[-55.08392173201334,73.95674604047223],[-55.08472005525249,73.95690210639832],[-55.085397980144776,73.95686641841502],[-55.08595073967072,73.95664794076353],[-55.08650821114115,73.95642499681463],[-55.08706539941324,73.95620650367779],[-55.08694514296383,73.95601918203039],[-55.0868247040631,73.95583193063861],[-55.087382140415116,73.95560898331773],[-55.08793972673985,73.95539046237263],[-55.08849241112214,73.95517197571036],[-55.089049806471586,73.95494902266148],[-55.08960735217267,73.95473049599737]]],"type":"Polygon"},"id":"000000000000000000dc","properties":{"area":76657.6381633332,"elevation":880.2005387330483,"region":"NW","year":2018},"type":"Feature"},{"geometry":{"coordinates":[[[-59.24938206272125,75.91904032811307],[-59.2491862039361,75.91885751067868],[-59.2489942050029,75.91867023681105],[-59.24880262746719,75.91848741887972],[-59.248610767646404,75.91830456037397],[-59.24917699314584,75.91807272352537],[-59.24898542163226,75.91788990528757],[-59.24803565960261,75.91775164762828],[-59.247277458894516,75.91779620573453],[-59.24651948247885,75.91784529114194],[-59.24556955256815,75.91770709630622],[-59.24481162927714,75.91775168578098],[-59.24405810067339,75.91780068867322],[-59.24329997979753,75.9178453464358],[-59.24273366844683,75.91807716716832],[-59.24197565633411,75.91812623594895],[-59.24122196846974,75.91817081244814],[-59.24065589995698,75.91840266722832],[-59.239897734847155,75.91844731233792],[-59.23913969129455,75.91849637063143],[-59.23857329189034,75.91872817887513],[-59.238769505635915,75.91891097191018],[-59.23896126568067,75.9190938381302],[-59.239153157524605,75.91928111998963],[-59.24010266931289,75.91941937657398],[-59.240294636976614,75.91960216748649],[-59.240486423042775,75.91978503190903],[-59.24143615988255,75.91992320863332],[-59.24238601177127,75.92006149519246],[-59.24333559115042,75.92019973720821],[-59.24408942166152,75.92015066444958],[-59.24465562304288,75.91992321833743],[-59.24541352029785,75.91987421466813],[-59.24636358041797,75.9200124097108],[-59.24712147342517,75.91996339990297],[-59.24768334882591,75.91973594494277],[-59.248249637172876,75.91950411258698],[-59.24881609483446,75.91927220452348],[-59.24938206272125,75.91904032811307]]],"type":"Polygon"},"id":"000000000000000001e1","properties":{"area":54928.600278355836,"elevation":334.7086675291076,"region":"NW","year":2018},"type":"Feature"},{"geometry":{"coordinates":[[[-54.2622877818928,73.57729883133766],[-54.25665602149397,73.57697779648092],[-54.25113113702837,73.57684846176564],[-54.24582053781135,73.57709369112632],[-54.240509622111524,73.57733894787549],[-54.23531038353092,73.57777146273534],[-54.22999968480894,73.57801230069627],[-54.22468880831364,73.57825752790143],[-54.21927099672049,73.57831550700988],[-54.213960198903834,73.57855626270579],[-54.20843539182085,73.57842700686393],[-54.20301760102265,73.5784805276303],[-54.197492892932694,73.5783511671815],[-54.192074912619276,73.57840465885687],[-54.19383199252368,73.57909583606366],[-54.19801000576531,73.58044692082048],[-54.2041814190497,73.58170443451878],[-54.21024580313555,73.58277464166531],[-54.21609609963466,73.58347023115368],[-54.22162550907218,73.58360399869217],[-54.22551817687296,73.58207453052881],[-54.22664620855762,73.58048261387074],[-54.23141759736344,73.57929647795412],[-54.23672825168598,73.57905573981174],[-54.24214608886859,73.57899776851555],[-54.24734987047273,73.57856518187022],[-54.2524421697548,73.57794540926704],[-54.257645929167715,73.57751284594522],[-54.2622877818928,73.57729883133766]]],"type":"Polygon"},"id":"000000000000000000a3","properties":{"area":590587.0919754015,"elevation":1104.0189574036763,"region":"NW","year":2018},"type":"Feature"},{"geometry":{"coordinates":[[[-56.35749919861609,75.07304627643839],[-56.35648698327952,75.07271188566975],[-56.354752252733235,75.07241309893507],[-56.353735585388726,75.07207866289627],[-56.353445883931684,75.07170409504808],[-56.354600685015455,75.0712582273229],[-56.35431098088912,75.07088365957401],[-56.35329868628413,75.07054920675206],[-56.35373122216237,75.07013898827006],[-56.35271898313427,75.0698045319004],[-56.35242915602851,75.06943003115771],[-56.352139332995776,75.06905985360946],[-56.350547501073606,75.06894839331868],[-56.34910259400893,75.0690242025329],[-56.34794759040454,75.06947011315248],[-56.34895991676642,75.06980452235288],[-56.34852753685929,75.07021477441619],[-56.347372439869375,75.07066067908889],[-56.34621307502268,75.07111102856607],[-56.3465030037343,75.07148114005119],[-56.34607052463745,75.0718913835274],[-56.34563802545729,75.0723016252982],[-56.34592757238545,75.07267620276255],[-56.346217525068916,75.07304631264844],[-56.34723418652351,75.07338522525751],[-56.34824647274329,75.07371959043284],[-56.349116185363854,75.07386677373249],[-56.35070801515167,75.07397827355832],[-56.35244258411171,75.07427705049243],[-56.35403446293824,75.07438852367102],[-56.355189154097175,75.07394261378506],[-56.35663397069467,75.07386679097223],[-56.35634417335872,75.07349222927145],[-56.35749919861609,75.07304627643839]]],"type":"Polygon"},"id":"00000000000000000185","properties":{"area":116752.5067307478,"elevation":820.3430424672623,"region":"NW","year":2018},"type":"Feature"},{"geometry":{"coordinates":[[[-57.073028804722036,74.96402580591224],[-57.07169990747443,74.96332118860074],[-57.06965765005953,74.96266128776058],[-57.06618386339652,74.96207712377236],[-57.06413719480143,74.96141270839256],[-57.06424424324276,74.96062789406076],[-57.06306711856907,74.960110631682],[-57.060511919125325,74.96064131501325],[-57.05749332253112,74.96061454192413],[-57.05478665354491,74.96095791333151],[-57.05222705896628,74.96148855628844],[-57.05140677840112,74.96231344601205],[-57.04987281710689,74.9631740703986],[-57.049765560504575,74.9639588361955],[-57.05037651958814,74.96469907729765],[-57.05170527946192,74.96540361413243],[-57.052316167788604,74.96614831695912],[-57.05435843136584,74.96681271495275],[-57.0573773311957,74.96683941321986],[-57.06024022110833,74.96667889342423],[-57.06295123363418,74.966335531373],[-57.06566240863142,74.96598777522296],[-57.0686810608091,74.96601900017976],[-57.07124060687899,74.96548833971711],[-57.07292612509721,74.96481054558434],[-57.073028804722036,74.96402580591224]]],"type":"Polygon"},"id":"0000000000000000018b","properties":{"area":330872.198319962,"elevation":149.23786397404152,"region":"NW","year":2018},"type":"Feature"},{"geometry":{"coordinates":[[[-54.674170517469655,74.17728427033923],[-54.67174055335364,74.17566112199377],[-54.664503287003555,74.17426100097617],[-54.65863965744684,74.17279838584977],[-54.65414912571316,74.17126893270805],[-54.65103682542625,74.16967700006113],[-54.64792443293744,74.16808510447807],[-54.64481645903956,74.16649324532769],[-54.64170382071509,74.16490130745058],[-54.64202509156465,74.1631488883012],[-54.63891696689263,74.1615570559885],[-54.64267143610959,74.15964853926617],[-54.639228966542994,74.15864965875137],[-54.63774866732516,74.15968422437265],[-54.63605417799184,74.16149906284478],[-54.637102063715474,74.16318457341886],[-54.638841202577204,74.16484337795524],[-54.6405758412573,74.16649768888655],[-54.64300164907452,74.16812079803714],[-54.64611383696298,74.16971270371515],[-54.64922637157082,74.17130462308474],[-54.65233900296674,74.17289650960171],[-54.65613807672826,74.17445720725735],[-54.6585682523071,74.17608034637297],[-54.663745205369935,74.1775785212191],[-54.67017966046541,74.17882265029337],[-54.674170517469655,74.17728427033923]]],"type":"Polygon"},"id":"00000000000000000265","properties":{"area":407216.00850925385,"elevation":1161.7375933324897,"region":"NW","year":2018},"type":"Feature"},{"geometry":{"coordinates":[[[-56.75102370517382,75.24179210345758],[-56.749993845859315,75.24145763245811],[-56.748379564702255,75.24135059374949],[-56.74691684918174,75.24142643220328],[-56.74530716064392,75.24131939097359],[-56.74399612078117,75.2415825360598],[-56.7426895382744,75.24184557891834],[-56.741227007353025,75.24192141875982],[-56.7396129773794,75.24181435308377],[-56.738457940686814,75.24226469902108],[-56.7369953415848,75.2423405073686],[-56.73584046471774,75.24279088024264],[-56.734681213853094,75.2432412664559],[-56.73352189966465,75.24369164474837],[-56.73221504515306,75.24395473014376],[-56.73090429693562,75.24421779958678],[-56.73120749152219,75.24458796303017],[-56.73151060122619,75.24496251896892],[-56.73108268571853,75.24537276491822],[-56.73284849194509,75.245667003341],[-56.73461416257589,75.24596129789137],[-56.73638015903473,75.24625562057365],[-56.737838056074004,75.24617982567912],[-56.739300517627,75.24610404241376],[-56.7409148795221,75.2462109960866],[-56.74206964171401,75.24576067216509],[-56.743229113577186,75.24531029097272],[-56.74438852209583,75.244859901858],[-56.74569503090037,75.24459680861193],[-56.74627458058345,75.24437389714998],[-56.74670282278491,75.24396363016045],[-56.746399677113416,75.24358913746975],[-56.747554569491776,75.2431387471052],[-56.74871388546228,75.24269276451264],[-56.74986873142452,75.24224247377214],[-56.75102370517382,75.24179210345758]]],"type":"Polygon"},"id":"0000000000000000019e","properties":{"area":174027.32135337114,"elevation":856.1256479072343,"region":"NW","year":2018},"type":"Feature"},{"geometry":{"coordinates":[[[-55.1447528860892,74.21706387420944],[-55.14463253619098,74.21687663532936],[-55.143820895634256,74.21672501842039],[-55.14369622624874,74.21653772109791],[-55.1435756392634,74.21635043545818],[-55.14345097525413,74.21616313779968],[-55.14333039356277,74.21597585182879],[-55.14251905655656,74.21581977951134],[-55.141707290802195,74.21566822372178],[-55.14089572743195,74.21551209847367],[-55.14020453099866,74.21554782380909],[-55.139642911506286,74.21576631427043],[-55.138951637038446,74.21580191856228],[-55.13826475785943,74.21583319888093],[-55.137698769711,74.21605612075497],[-55.13701206453051,74.21608732595281],[-55.136325352269374,74.21612302411457],[-55.13575889452177,74.21634146868672],[-55.13519267037387,74.21656445271091],[-55.13531750626548,74.2167518010623],[-55.135442280585266,74.21693903295808],[-55.13556279031497,74.21712632305122],[-55.135687570011974,74.21731355461087],[-55.13512113249127,74.21753211249322],[-55.13524616258629,74.21771939000881],[-55.13605320304231,74.21787543542301],[-55.13617824517045,74.21806271220015],[-55.1363028509503,74.21825001331389],[-55.136989643075594,74.21821431595673],[-55.13767642816144,74.21818311153544],[-55.138487841630464,74.21833470881516],[-55.13917895852241,74.21830355672232],[-55.13986574319137,74.21826784872894],[-55.14055252153075,74.21823663367528],[-55.141118724295005,74.21801363433107],[-55.14168516205095,74.21779517441833],[-55.14224706915506,74.21757222968792],[-55.14293814577648,74.21754106333803],[-55.143624889464476,74.21750534116049],[-55.14419102748869,74.2172868271282],[-55.1447528860892,74.21706387420944]]],"type":"Polygon"},"id":"000000000000000000f0","properties":{"area":60705.759701614006,"elevation":1033.9204285965222,"region":"NW","year":2018},"type":"Feature"},{"geometry":{"coordinates":[[[-65.12720423871507,77.51123818411918],[-65.12547419297152,77.51076995328928],[-65.12456467686431,77.51023485894918],[-65.12365921237817,77.5096997709158],[-65.12170613607883,77.5096506955542],[-65.11923140486097,77.50984695607163],[-65.11615014695249,77.5096864074275],[-65.11277024002304,77.50934748349624],[-65.10938581282836,77.50900862483752],[-65.10660783418547,77.50902645002311],[-65.10473933937635,77.50957940013679],[-65.10196133588113,77.50959273532645],[-65.10039163582715,77.51032849570039],[-65.09882190411945,77.51105980549468],[-65.097252334258,77.51179113263012],[-65.09507637355722,77.51216569579957],[-65.09515669844548,77.51276321073675],[-65.095236896372,77.51336515880473],[-65.09614210297957,77.51390028843882],[-65.09787690983858,77.51437291526024],[-65.09930368392698,77.51466275077638],[-65.10238488075508,77.51482330850901],[-65.10576916957807,77.51516220990166],[-65.10854742663624,77.51514885280608],[-65.11102201233308,77.51495258749648],[-65.11319834756681,77.51457803020041],[-65.11537405065022,77.51420349712217],[-65.11694394509635,77.51346772038355],[-65.11850905812929,77.51273639859416],[-65.12098812687847,77.51254024214838],[-65.12406505479018,77.51270081118034],[-65.12563481618109,77.51196946618315],[-65.12720423871507,77.51123818411918]]],"type":"Polygon"},"id":"0000000000000000023f","properties":{"area":336553.97561440413,"elevation":496.538029623075,"region":"NW","year":2018},"type":"Feature"},{"geometry":{"coordinates":[[[-55.83698359142056,74.41477153445625],[-55.835891120777525,74.41424536149692],[-55.83340762197496,74.41379500880419],[-55.832315054491026,74.41326876965482],[-55.83135626424247,74.4129343655937],[-55.82953717347118,74.41341147699356],[-55.82719153731939,74.41314838917773],[-55.82484173695937,74.41288089754866],[-55.8227594577998,74.41298787128184],[-55.820543083706696,74.41290756398942],[-55.82067695861488,74.4130948928654],[-55.81968699029069,74.41372806527038],[-55.81869703694077,74.41435678211901],[-55.81909401999011,74.41491868214297],[-55.81879510670263,74.41551169758583],[-55.82058333564238,74.41600220811232],[-55.82167577398371,74.41652394495765],[-55.82276819128008,74.41705012367227],[-55.82373135813844,74.41738905834805],[-55.8254125123936,74.41672015299895],[-55.82749931492542,74.4166131510911],[-55.829715449530966,74.4166933600198],[-55.832194639305165,74.41714823696607],[-55.83262260059529,74.41673798426127],[-55.834308221426234,74.41606912762487],[-55.835993888787684,74.41540474734019],[-55.83698359142056,74.41477153445625]]],"type":"Polygon"},"id":"00000000000000000148","properties":{"area":185990.37577922174,"elevation":234.22133138033374,"region":"NW","year":2018},"type":"Feature"},{"geometry":{"coordinates":[[[-55.054866320897126,73.8689819660797],[-55.05395225459035,73.86863870619663],[-55.05304274636021,73.86829974348274],[-55.05280185843284,73.86792517250392],[-55.05189206818006,73.86758184487884],[-55.05165146008173,73.86720731790298],[-55.05074163075125,73.86686836752267],[-55.05050105571263,73.86649383853862],[-55.04959137593935,73.86615049885137],[-55.048003902704345,73.86584278981113],[-55.04709426433132,73.86550393725854],[-55.0461800101718,73.86516054519313],[-55.04527043609316,73.86482168334622],[-55.045707290229004,73.86441142933772],[-55.044793327562324,73.86407257557727],[-55.04399963180266,73.86391648717145],[-55.04289367840295,73.86435790320779],[-55.04154711786699,73.8644248405596],[-55.04178791782632,73.8647993577114],[-55.04135081582484,73.86520517197773],[-55.0415916234143,73.86557968867085],[-55.04115450020238,73.8659855015004],[-55.041390880751536,73.86636002846795],[-55.04163176842085,73.86673466050566],[-55.041194771282576,73.86714490133467],[-55.04278220372067,73.86745255231828],[-55.044365249104956,73.86776020034424],[-55.045952592977386,73.86806789423551],[-55.047535549685264,73.86837558524759],[-55.04777634091062,73.8687501621203],[-55.049359381019826,73.8690578372834],[-55.05094690423911,73.86936548780088],[-55.05185633769638,73.86970884338778],[-55.05265018521422,73.86986046789987],[-55.05375620126395,73.86941899946844],[-55.054866320897126,73.8689819660797]]],"type":"Polygon"},"id":"000000000000000000d8","properties":{"area":120082.19619803269,"elevation":750.9592460670824,"region":"NW","year":2018},"type":"Feature"},{"geometry":{"coordinates":[[[-52.924165160861676,72.81863627987352],[-52.92334909122619,72.81828401608145],[-52.92189990536407,72.81795852338408],[-52.92108396272306,72.81761066412935],[-52.920267803416365,72.81725845387889],[-52.91881873596796,72.81693293513561],[-52.917543466145254,72.81698646334269],[-52.91626818687886,72.81703998196186],[-52.915082014473114,72.81728076559891],[-52.91398491981335,72.8177088157291],[-52.91288818913476,72.81813683880652],[-52.91179110368899,72.81856940630725],[-52.91196952334399,72.81894400652588],[-52.91214790394227,72.81931848913536],[-52.91295943633147,72.8196708332916],[-52.913775577989696,72.8200230770102],[-52.91459145830965,72.82037085251537],[-52.91604071990284,72.8206964064157],[-52.916219010463735,72.82107095255512],[-52.91749442410785,72.82102191978991],[-52.918769538476894,72.82096841318156],[-52.920129839691114,72.82110217707447],[-52.92140505464176,72.82105318334303],[-52.92276935963896,72.82118691733673],[-52.923318018620165,72.82097289059628],[-52.92313959813778,72.82059835108855],[-52.92359891714594,72.82019252053861],[-52.924058097029246,72.81979117210477],[-52.92388442304552,72.81941216934003],[-52.923706008096616,72.8190376295025],[-52.924165160861676,72.81863627987352]]],"type":"Polygon"},"id":"0000000000000000002a","properties":{"area":136861.3977424679,"elevation":1343.3784600948757,"region":"NW","year":2018},"type":"Feature"},{"geometry":{"coordinates":[[[-56.19946868134971,74.8888676191526],[-56.199183116712334,74.88849301033144],[-56.198184189188986,74.88815860660799],[-56.19718548832521,74.88782412633338],[-56.19690474604285,74.8874495919276],[-56.19733718611958,74.88703936969355],[-56.19562495366007,74.88674059456733],[-56.195339319704075,74.88636604931945],[-56.19362718209998,74.88606725655292],[-56.193341866240274,74.8856927522685],[-56.19191041734189,74.8857684856588],[-56.19019819694016,74.88546973412312],[-56.18862393058938,74.88535381780186],[-56.187477994583155,74.88580418955758],[-56.18604654889449,74.88587555292568],[-56.18461536925406,74.8859513924724],[-56.18561412186561,74.88628579467908],[-56.18732655113979,74.88658451442613],[-56.18689394990083,74.88699482934129],[-56.18574803188578,74.88744067371967],[-56.18460188225357,74.88789102385259],[-56.18488288323564,74.88826122034146],[-56.18588179658263,74.88860006163692],[-56.186162592292,74.88897465345272],[-56.18716155129717,74.88930904544772],[-56.18672907431499,74.88971928431373],[-56.18844563842176,74.89001800977526],[-56.19015783796528,74.8903168014278],[-56.191156776038376,74.89065568587344],[-56.19215573126746,74.8909901227547],[-56.19344439563883,74.89073149601754],[-56.19473748960352,74.89046845231483],[-56.196026070703006,74.89020980751545],[-56.197172329316444,74.8897638796422],[-56.19832273360087,74.88931349144433],[-56.19946868134971,74.8888676191526]]],"type":"Polygon"},"id":"00000000000000000173","properties":{"area":164784.82224618175,"elevation":636.4855408627793,"region":"NW","year":2018},"type":"Feature"},{"geometry":{"coordinates":[[[-55.88742072232795,74.6533557139388],[-55.88590450241542,74.65226771844748],[-55.88240433647827,74.65147842635655],[-55.878172551197515,74.65169694812624],[-55.87353966041409,74.6513491316579],[-55.86849629887247,74.6504439247992],[-55.865566645519195,74.6494317478769],[-55.86334594304462,74.64838378960444],[-55.861829798099535,74.64730026370569],[-55.85678663090776,74.64639501281923],[-55.851881568362515,74.64567270522215],[-55.84765441682673,74.64589123691319],[-55.84369469383338,74.64647981564886],[-55.840002446711615,74.64743849937145],[-55.84027451553367,74.64781305995169],[-55.839672517781004,74.64900364600697],[-55.842597796895355,74.65001590327202],[-55.84623185740552,74.65099684425375],[-55.85127064604951,74.65190207171332],[-55.85618008564947,74.6526199759044],[-55.86108532639906,74.65333790031038],[-55.8647193961609,74.6543143815086],[-55.866806242747245,74.65517948407575],[-55.87063227874593,74.65440360286026],[-55.87459202477378,74.65381500404456],[-55.87936759934034,74.65434561381626],[-55.883461018793966,74.65394437659089],[-55.88742072232795,74.6533557139388]]],"type":"Polygon"},"id":"00000000000000000159","properties":{"area":644560.4709306768,"elevation":369.32126739168723,"region":"NW","year":2018},"type":"Feature"},{"geometry":{"coordinates":[[[-53.51442984409601,72.9728409143716],[-53.51295377086393,72.97251988817479],[-53.51038540547731,72.97263138897743],[-53.5081022307406,72.97330911222744],[-53.50720157055101,72.97412072650756],[-53.50502109861937,72.97498574336863],[-53.502836235553744,72.97585082144232],[-53.5006511760429,72.97671586932665],[-53.49807841315962,72.97682736944017],[-53.49570166245865,72.97731341180864],[-53.49351657199073,72.97817846032034],[-53.49454216419905,72.97890532527985],[-53.4974987225872,72.97954293606092],[-53.50035235657799,72.97999782568492],[-53.50301895788409,72.98007357542478],[-53.505493580516294,72.9797703743507],[-53.50796854480969,72.979471599698],[-53.50832094194922,72.97887853651787],[-53.505368970637335,72.97823644482025],[-53.50562755130258,72.97745612655011],[-53.507812453799374,72.9765910158159],[-53.510091131494974,72.97591773326945],[-53.51172755590855,72.97526668523163],[-53.512628318448584,72.97445957971493],[-53.5141712466478,72.97362127548276],[-53.51442984409601,72.9728409143716]]],"type":"Polygon"},"id":"00000000000000000055","properties":{"area":227805.12783838343,"elevation":980.357573060847,"region":"NW","year":2018},"type":"Feature"},{"geometry":{"coordinates":[[[-65.30763274326712,76.45103342295188],[-65.30630838887288,76.45074354597227],[-65.30726732129402,76.45025751837146],[-65.30670537145538,76.44990077018966],[-65.30690159400547,76.44947719129479],[-65.30481474375442,76.44924975488138],[-65.30501536503601,76.44883063332078],[-65.30369090268395,76.44853632033653],[-65.30388724250555,76.44811712813026],[-65.30408353105808,76.44769354789224],[-65.30256286242864,76.44782280793541],[-65.30132313856843,76.44813497665261],[-65.30188505664991,76.44849166177653],[-65.30092653087064,76.4489822000447],[-65.29996775371477,76.44946823488927],[-65.30052953826818,76.44982499951664],[-65.30109597520507,76.45018167514951],[-65.30089495334593,76.45060533288064],[-65.30069885362272,76.45102893431937],[-65.30202330942417,76.4513187648935],[-65.30182276908515,76.45174237424226],[-65.30238884897581,76.4520990901188],[-65.30371326884232,76.45238898854912],[-65.30495296446236,76.45207678446413],[-65.30591155868858,76.4515908140214],[-65.30715144218154,76.45127862741845],[-65.30763274326712,76.45103342295188]]],"type":"Polygon"},"id":"00000000000000000221","properties":{"area":57470.33329741354,"elevation":609.6595611677191,"region":"NW","year":2018},"type":"Feature"},{"geometry":{"coordinates":[[[-56.3074457585336,75.1490917883612],[-56.303806983855466,75.14927913944302],[-56.299735938159,75.14987665439776],[-56.29508491632185,75.14972503899355],[-56.290723863208456,75.14994798113958],[-56.286652971989966,75.15054547030816],[-56.28272455000888,75.15133027369245],[-56.27850612300094,75.15173610831029],[-56.27385519871864,75.15158893841651],[-56.26920004634016,75.15143734848895],[-56.26396953128695,75.1505410336686],[-56.26062509435908,75.15013082436059],[-56.26193151843273,75.15083980467244],[-56.26425489204054,75.15188318041263],[-56.268036094559235,75.15285530413487],[-56.27297683591402,75.15337706590323],[-56.27748508753273,75.15334132065905],[-56.282572884102066,75.15405037889673],[-56.28780768606649,75.15494660233742],[-56.29158927268684,75.15591422335238],[-56.29609744172376,75.15684618321647],[-56.30016846470688,75.15722076434578],[-56.297114015631834,75.15621305301802],[-56.29697117744879,75.15505809767286],[-56.29828223766909,75.15382739896916],[-56.297408420558554,75.15270814123535],[-56.30017299162565,75.15140611132325],[-56.303664320221046,75.1500638957575],[-56.3074457585336,75.1490917883612]]],"type":"Polygon"},"id":"00000000000000000193","properties":{"area":389909.3149310407,"elevation":925.7726629469719,"region":"NW","year":2018},"type":"Feature"},{"geometry":{"coordinates":[[[-55.168488872511965,74.17010507646832],[-55.16731144164815,74.16939166551214],[-55.166816502158035,74.16864249863241],[-55.16701261751269,74.16786219098822],[-55.164462051906554,74.1672111469799],[-55.161224812854556,74.1665958111638],[-55.15811238022949,74.16616766243955],[-55.15524979455727,74.16611865642552],[-55.15213717435944,74.16569054906205],[-55.14926995510949,74.16563703842051],[-55.1465277266708,74.16577082584307],[-55.14378525673171,74.1659046428187],[-55.140918045871025,74.16585111928738],[-55.1407217601608,74.16663146411456],[-55.14121240014303,74.16738063691562],[-55.143076255233005,74.16806282247538],[-55.144940309161925,74.1687451051405],[-55.14611724527139,74.16946300895206],[-55.14660793683507,74.17021211739676],[-55.147785287410784,74.17092555837282],[-55.14964892597855,74.17160784014509],[-55.151508378419216,74.17229004524266],[-55.15337228631067,74.17297228868426],[-55.15660970642818,74.17358761820635],[-55.159722014619035,74.17401574820484],[-55.162468815679624,74.17387750253805],[-55.16496602770647,74.17336912499354],[-55.16584912407193,74.17255314516834],[-55.16741421966708,74.17170593071958],[-55.16760582008994,74.17092114650583],[-55.168488872511965,74.17010507646832]]],"type":"Polygon"},"id":"00000000000000000109","properties":{"area":512675.6494506803,"elevation":1037.4320532694483,"region":"NW","year":2018},"type":"Feature"},{"geometry":{"coordinates":[[[-55.48903563934001,74.52263720315594],[-55.488518354053134,74.52189250552065],[-55.48869664958671,74.52110770937959],[-55.48817942851163,74.52036300756363],[-55.48836232205474,74.51957818738165],[-55.485044631484605,74.51896731819049],[-55.4819859466313,74.51873547778914],[-55.478668403128864,74.51812456849078],[-55.47547993574864,74.51770098653935],[-55.47255028678506,74.51765188824025],[-55.46987934150687,74.51797740066715],[-55.4673421144576,74.51849021896562],[-55.46480058395372,74.51900299633826],[-55.4625174812012,74.51989040074943],[-55.4627759249619,74.52026045496319],[-55.46259329719631,74.5210452820647],[-55.462410571364614,74.52182561514705],[-55.46502794844849,74.5224722250355],[-55.466945116531555,74.523149968633],[-55.46816261429392,74.52386344914716],[-55.47008004419097,74.52454115975829],[-55.471297314272725,74.52525464360897],[-55.47321462793507,74.52593246254241],[-55.47640314076774,74.52635603998412],[-55.479332615959386,74.52640511677166],[-55.48226668406481,74.5264541280647],[-55.48454991678526,74.5255667812848],[-55.48709138760733,74.5250540098342],[-55.487970132435,74.52423797873358],[-55.488852946015136,74.52342194566562],[-55.48903563934001,74.52263720315594]]],"type":"Polygon"},"id":"00000000000000000134","properties":{"area":558854.6920680815,"elevation":707.277173913043,"region":"NW","year":2018},"type":"Feature"},{"geometry":{"coordinates":[[[[-54.854947116254216,74.23675977368879],[-54.86292000198416,74.23811980484265],[-54.86613063574478,74.23758020361214],[-54.85839397118857,74.23659474544674],[-54.854947116254216,74.23675977368879]]],[[[-54.854947116254216,74.23675977368879],[-54.851500250321706,74.23692024288934],[-54.84484279990143,74.23762037693572],[-54.8380650042169,74.23813316913504],[-54.83152781600797,74.2390205438996],[-54.82546349561901,74.24065697250207],[-54.825704358035715,74.24103157699248],[-54.824139207253445,74.243038136928],[-54.825334299045515,74.24491099563059],[-54.828598413244954,74.24669015355293],[-54.83255333831413,74.24843366426647],[-54.839273374540966,74.25004788909061],[-54.84599327221766,74.25166205891081],[-54.85349338171277,74.25227297618265],[-54.85046573687673,74.25087281255908],[-54.842604417696485,74.24969559230713],[-54.83588444984844,74.24808141491307],[-54.83055132301798,74.246404824511],[-54.82797397005807,74.24459437137807],[-54.827469933966995,74.24268588739166],[-54.82903504209864,74.24068376588308],[-54.835215468482055,74.23923455622077],[-54.84187292634807,74.23853447412182],[-54.848410189909956,74.23764710226949],[-54.854947116254216,74.23675977368879]]]],"type":"MultiPolygon"},"id":"000000000000000000e9","properties":{"area":240607.50013120755,"elevation":1101.37367986041,"region":"NW","year":2018},"type":"Feature"},{"geometry":{"coordinates":[[[-55.644644813071444,74.16286797350759],[-55.64438622154163,74.16249340854684],[-55.6441276412129,74.16211884289109],[-55.643873572282196,74.16174425163013],[-55.64224599761599,74.16144108359445],[-55.64061822017768,74.16113785615262],[-55.639249385434255,74.1612091621986],[-55.637751042371335,74.16109327701375],[-55.63625303249281,74.16097285724393],[-55.63475471882446,74.16085694803026],[-55.6335149452896,74.16111553657923],[-55.63214613182878,74.16118690619217],[-55.63090642809237,74.16144102504707],[-55.62966661863011,74.16169970297399],[-55.62816851847386,74.16158378592117],[-55.62842270746773,74.1619583710442],[-55.62868129191147,74.16232843410081],[-55.62825336620334,74.16273863870528],[-55.62851189115863,74.16311326896395],[-55.628083944779554,74.1635234721055],[-55.629024591411245,74.16386236487816],[-55.63039362532444,74.16379102023913],[-55.63176264474979,74.16371966541375],[-55.63339003488865,74.16402287839313],[-55.635017726074274,74.16432612241073],[-55.63651600876479,74.16444655273901],[-55.63788503608807,74.16437515303896],[-55.63899535727244,74.1639292437465],[-55.64036414468196,74.16385789625728],[-55.64186240759126,74.16397828355463],[-55.6431065483175,74.16371968789404],[-55.6444755444875,74.163648355036],[-55.6442169437688,74.1632737906316],[-55.644644813071444,74.16286797350759]]],"type":"Polygon"},"id":"00000000000000000105","properties":{"area":145782.44483083027,"elevation":651.2091356151988,"region":"NW","year":2018},"type":"Feature"},{"geometry":{"coordinates":[[[-53.28846035568406,72.59389310675508],[-53.28827749551171,72.59351856542708],[-53.28746595778003,72.59316634304503],[-53.28665435732351,72.59281848547737],[-53.28521864527434,72.59249743125046],[-53.28396098751016,72.59255096968442],[-53.2827973204806,72.59279618448129],[-53.281539859999555,72.59284975306365],[-53.2801930739681,72.59271593558184],[-53.2788421844427,72.59258219374114],[-53.2775846260348,72.59264010153078],[-53.27633172328675,72.59269364171875],[-53.27516346034549,72.5929344238133],[-53.27391025513741,72.592992383285],[-53.27255919434719,72.59285865996901],[-53.27274216897302,72.59323319661988],[-53.27229632726263,72.59363896713691],[-53.271850334028194,72.5940403190042],[-53.27203290092052,72.59441487611207],[-53.27221583639376,72.59479389840716],[-53.27239882486029,72.5951684344581],[-53.27321024962218,72.59551624150541],[-53.273393218210416,72.59589526211133],[-53.27483336296307,72.59621637813734],[-53.276180085306315,72.59635007339887],[-53.27743765296285,72.59629212938087],[-53.27878860599026,72.59642595195794],[-53.280041727198956,72.59637239509625],[-53.2812099380656,72.59613164993056],[-53.28246746702008,72.59607366815683],[-53.28363123325901,72.59583282664461],[-53.284795060356736,72.59558760812372],[-53.286052495024066,72.59553408516331],[-53.28712706463241,72.59510601108364],[-53.28757285546658,72.59470024898727],[-53.28801899352874,72.59429895090445],[-53.28846035568406,72.59389310675508]]],"type":"Polygon"},"id":"00000000000000000020","properties":{"area":185008.0783815338,"elevation":1058.5440969341485,"region":"NW","year":2018},"type":"Feature"},{"geometry":{"coordinates":[[[-53.20649750199254,72.65813095364841],[-53.206042948717624,72.65719009119927],[-53.205588032182625,72.65624924662589],[-53.20324249248514,72.65539306037736],[-53.19981350380343,72.65496055200384],[-53.19657174231407,72.65491151846057],[-53.19359746859125,72.65541980110653],[-53.19053401614792,72.65574529779646],[-53.18783629786637,72.65681995121192],[-53.187925458533584,72.65700721841758],[-53.18585657247674,72.65805963244173],[-53.18441609428293,72.65908071364129],[-53.184242339747094,72.66004838635517],[-53.184063754704354,72.66101599570378],[-53.1838855644365,72.66198358326048],[-53.184340270642195,72.66292450148192],[-53.186057253112466,72.66381183277086],[-53.18714065690915,72.66472598390084],[-53.189936490477166,72.66518080274399],[-53.193365410418345,72.66560887482261],[-53.19661192982708,72.665662371929],[-53.19895285890152,72.66517632345574],[-53.19975988798836,72.66418192214],[-53.19804766918725,72.66329458219894],[-53.198854675538975,72.66230018224053],[-53.20155256337422,72.66122559684075],[-53.204254744536925,72.6601509775754],[-53.205690578659606,72.65912530241847],[-53.20649750199254,72.65813095364841]]],"type":"Polygon"},"id":"00000000000000000033","properties":{"area":629919.0716942366,"elevation":1216.0040239384439,"region":"NW","year":2018},"type":"Feature"},{"geometry":{"coordinates":[[[-55.890060597952406,74.20725834463502],[-55.88992669046478,74.20707107773787],[-55.88979289875179,74.20688819108744],[-55.88966375869398,74.20670093791747],[-55.88952985983776,74.20651367048329],[-55.889400472440464,74.20632637208013],[-55.888580025846124,74.20617480897823],[-55.88845065071666,74.20598750980984],[-55.88831695402541,74.2058001700606],[-55.887501047160505,74.20564857142331],[-55.88736710693464,74.20546575366664],[-55.8879200188077,74.20524282897894],[-55.887790657848704,74.20505552892953],[-55.887104140012674,74.20509122854224],[-55.886417365525375,74.20512688071601],[-55.885730587372954,74.20516253033382],[-55.885177901492646,74.2053854932936],[-55.88462476463955,74.2056084806542],[-55.883938215318956,74.20564416835055],[-55.88325140934629,74.20567980860356],[-55.88269867514702,74.20590276355634],[-55.88282773894468,74.20609002148129],[-55.88296156715704,74.20627729348888],[-55.88240862754501,74.2065003182088],[-55.88185109637044,74.20672325560183],[-55.881298386221786,74.20694175380953],[-55.881432206234265,74.20712902638626],[-55.881561520265485,74.20731632937887],[-55.881695093032384,74.20750355670599],[-55.88251129906281,74.20765522509208],[-55.88333177340782,74.20780681439469],[-55.884013896998574,74.20777116036719],[-55.88470052590964,74.20773547314666],[-55.885387151153644,74.20769978337167],[-55.88607402574983,74.20766413592746],[-55.88689008703899,74.2078112888671],[-55.88757670770718,74.20777559101377],[-55.888263577732125,74.20773993548833],[-55.88895019106471,74.20770423252532],[-55.88950314708011,74.20748130492068],[-55.890060597952406,74.20725834463502]]],"type":"Polygon"},"id":"00000000000000000120","properties":{"area":53616.035940802445,"elevation":418.533585055644,"region":"NW","year":2018},"type":"Feature"},{"geometry":{"coordinates":[[[-57.11819057952505,75.5629900878421],[-57.11589854683514,75.56214281602607],[-57.11435130407322,75.5612509770958],[-57.1098209155782,75.56051970650275],[-57.10827815467352,75.55963232227755],[-57.10374757328474,75.55890108919165],[-57.1007109075708,75.55808945249254],[-57.100657541839865,75.55712186348494],[-57.09762534751584,75.55631029324503],[-57.09831645939139,75.5552980983435],[-57.099752090695254,75.55425022698194],[-57.102681657209,75.55312207491525],[-57.099381980000445,75.55290800055826],[-57.0958149058944,75.55329147154052],[-57.09554715324751,75.55388902472491],[-57.09411135915179,75.55494137029537],[-57.09416040175122,75.55590896698583],[-57.09421393309744,75.5568810350742],[-57.095016637249444,75.55781303189895],[-57.096559403496535,75.55870034480459],[-57.098851371662974,75.55955202360657],[-57.10039440118181,75.56044387900134],[-57.102686324053465,75.5612911516036],[-57.10497829039908,75.5621428574115],[-57.10726582014186,75.56299452147164],[-57.11030686024948,75.56380164902347],[-57.11286194258738,75.56405577119968],[-57.116433843149025,75.56366781603938],[-57.11819057952505,75.5629900878421]]],"type":"Polygon"},"id":"000000000000000001be","properties":{"area":242757.09890054454,"elevation":975.5482297121877,"region":"NW","year":2018},"type":"Feature"},{"geometry":{"coordinates":[[[-54.95539715822586,73.55449944134683],[-54.95516528820563,73.55412488162496],[-54.95427360051893,73.553781513412],[-54.954041762101475,73.55340695180664],[-54.95271727494951,73.5534738633433],[-54.9512770960845,73.55335347036265],[-54.94995695817473,73.55342035237243],[-54.94886448525094,73.55385734455511],[-54.94754472195576,73.55392418416073],[-54.94645234003878,73.55436570965462],[-54.94535984544957,73.55480711115001],[-54.944271785515554,73.55524410991532],[-54.94450346158229,73.55561868150555],[-54.94341109056318,73.55606011519829],[-54.94231866740778,73.55650154142413],[-54.94123061595492,73.55694306795365],[-54.9401381529196,73.55737997634701],[-54.93904563419833,73.55782149673534],[-54.93861757836716,73.55823168384278],[-54.93950929089712,73.5585706233196],[-54.9404056975244,73.55891391174207],[-54.941725606662416,73.55884708193437],[-54.94305004873287,73.55878016313738],[-54.94425834310725,73.55853046488441],[-54.945346465921,73.55808903819302],[-54.946786742800846,73.55820943361933],[-54.9473308294381,73.55799092936496],[-54.94776323034896,73.55758064060397],[-54.94885114971532,73.55714369364006],[-54.94994368522919,73.55670227351689],[-54.95103635041081,73.55626077555816],[-54.9521241762777,73.55581930336615],[-54.953448768460696,73.55575690063557],[-54.953216918409005,73.55538233962639],[-54.954309245704685,73.55494088966454],[-54.95539715822586,73.55449944134683]]],"type":"Polygon"},"id":"000000000000000000ac","properties":{"area":146202.5231451868,"elevation":628.0261732851986,"region":"NW","year":2018},"type":"Feature"},{"geometry":{"coordinates":[[[-52.17026039554396,71.86652457342203],[-52.16889606814444,71.866194627594],[-52.168744564682726,71.86581559792674],[-52.16798632436211,71.86546329852894],[-52.16730871624246,71.86529832368602],[-52.16609573870119,71.86534733563188],[-52.164811517890676,71.86520465213358],[-52.16352271266917,71.8650619861017],[-52.16231437178742,71.86511105960585],[-52.16125325575911,71.86553463318462],[-52.16004470094471,71.86558375713747],[-52.15898793465371,71.86600735542179],[-52.15792670289414,71.8664309062378],[-52.15671808321383,71.86648000494017],[-52.15686967197035,71.86685455754035],[-52.15580857019473,71.86727814360192],[-52.15596467420557,71.86765720628333],[-52.15664245987155,71.86782216072746],[-52.15785518376449,71.86777312096156],[-52.15898796570901,71.86753677276049],[-52.16020076669674,71.86749218453724],[-52.16133332597065,71.86725588723401],[-52.16247045788036,71.8670195542393],[-52.1637547783492,71.86716225666517],[-52.165043214442626,71.86730046976129],[-52.16632756438886,71.86744315188378],[-52.167384459111545,71.86701955553525],[-52.16859730964489,71.86697048458787],[-52.16980565787618,71.8669259015677],[-52.17026039554396,71.86652457342203]]],"type":"Polygon"},"id":"00000000000000000005","properties":{"area":88087.9363407917,"elevation":725.1166321601102,"region":"NW","year":2018},"type":"Feature"},{"geometry":{"coordinates":[[[-60.516997473128434,76.10407074606901],[-60.515048818176766,76.10380766079413],[-60.51373782673442,76.10409305237764],[-60.512422640670486,76.10437393630421],[-60.510897469059664,76.1044765354787],[-60.509377052992015,76.10457906226671],[-60.508061568567385,76.10486444175658],[-60.50696018485536,76.10533270392516],[-60.50585891574534,76.10580088399391],[-60.50475757958328,76.10626905683255],[-60.5051811681841,76.10663471428953],[-60.50560477719834,76.10700037039398],[-60.50602811407133,76.10736598657584],[-60.50720994041247,76.10768257059037],[-60.509158701973625,76.10794568624772],[-60.51110704514137,76.10820882060213],[-60.51242246062414,76.10792783916203],[-60.51373379157433,76.10764246355212],[-60.515048904859995,76.10735709035609],[-60.51386284399584,76.10704049837452],[-60.51420174107879,76.10662577580273],[-60.51377822745069,76.10625572418571],[-60.51487957783477,76.1057919905064],[-60.515981024960716,76.1053237256909],[-60.51555723640155,76.10495808567693],[-60.51665871707253,76.10448992830639],[-60.516997473128434,76.10407074606901]]],"type":"Polygon"},"id":"00000000000000000201","properties":{"area":90786.71480142098,"elevation":124.42692505032167,"region":"NW","year":2018},"type":"Feature"},{"geometry":{"coordinates":[[[-53.6297777834252,73.17406233461392],[-53.629581511777126,73.17368330290904],[-53.62943884247276,73.17348709487734],[-53.62926956777083,73.17316607251591],[-53.62846669281844,73.1728271449123],[-53.62833740013637,73.17258637634383],[-53.628792352223286,73.17218059462412],[-53.62794499799435,73.1718327895675],[-53.62783376327716,73.17169006198061],[-53.626380052596204,73.17137791639769],[-53.626250796107755,73.17113714581203],[-53.625051085776114,73.17138239249556],[-53.62436881070373,73.17164997077604],[-53.62329432018402,73.17189074202449],[-53.6221929983469,73.17232328411698],[-53.62109162639344,73.17275581859327],[-53.61999020432115,73.17318834545286],[-53.618893019529544,73.17362088784971],[-53.61896896695703,73.17377251022153],[-53.618536377699016,73.17416935223511],[-53.61853646018512,73.17421388998393],[-53.61808595849874,73.17461527888725],[-53.61817961499958,73.17476242192109],[-53.619677769380246,73.1750834636708],[-53.620917565723715,73.17522170685749],[-53.62182280565647,73.17541339168018],[-53.62262974668904,73.17537774877752],[-53.62386952479059,73.17547591535765],[-53.62500655540614,73.17542679185887],[-53.62581377726292,73.17543123788867],[-53.62646902146857,73.17535993713108],[-53.62700859644367,73.17518600852652],[-53.627775658629986,73.17511025951282],[-53.62887248320321,73.17486941818036],[-53.628676263837974,73.17449486808042],[-53.6297777834252,73.17406233461392]]],"type":"Polygon"},"id":"00000000000000000064","properties":{"area":117403.14216486883,"elevation":1085.32635842052,"region":"NW","year":2018},"type":"Feature"},{"geometry":{"coordinates":[[[-56.29315872008488,74.89176599499578],[-56.29273060376916,74.89120858489588],[-56.292302734257646,74.8906467748018],[-56.29187448674715,74.89008943233266],[-56.29001518545354,74.88960337883267],[-56.28887362607417,74.88908166391751],[-56.28787022063854,74.8887472227002],[-56.28558287265104,74.88867138101386],[-56.28386582341528,74.88934026158914],[-56.28214939880077,74.8900135842905],[-56.28042811372585,74.89068248596578],[-56.27856845730715,74.89116848288663],[-56.276423794142694,74.89127993856425],[-56.27670921874193,74.89165454919087],[-56.27641933915623,74.8922520759203],[-56.27756518948421,74.89277377366155],[-56.277275325121565,74.89337129936153],[-56.27770347245896,74.89392870925302],[-56.27999540870431,74.89400447439995],[-56.2822829363161,74.89408029603408],[-56.28428510073179,74.89378153808968],[-56.28614907566874,74.89329547977876],[-56.28815133217606,74.89299672455557],[-56.2901533226835,74.89269801935221],[-56.29187465393404,74.89202907967639],[-56.29315872008488,74.89176599499578]]],"type":"Polygon"},"id":"00000000000000000177","properties":{"area":182456.1168570175,"elevation":626.3797013495174,"region":"NW","year":2018},"type":"Feature"},{"geometry":{"coordinates":[[[-54.756110975704246,73.2421215973216],[-54.75588820567088,73.24174699357081],[-54.755014083201935,73.24140368042602],[-54.75349359315843,73.24109598518282],[-54.75262401278451,73.2407525852591],[-54.7524011467714,73.24037804679426],[-54.753475557450635,73.23993663050001],[-54.75455040245779,73.23949961855358],[-54.75432751657152,73.2391250814321],[-54.753453303119855,73.23878171317638],[-54.752267233058284,73.23903590796424],[-54.75085818751047,73.23891100101993],[-54.74944921451356,73.23878619948661],[-54.748147050385086,73.23885302938973],[-54.746961067106,73.23910279870515],[-54.745663398392196,73.2391696518674],[-54.744477358420546,73.23941940386362],[-54.745351399875226,73.23976269896788],[-54.7468719236329,73.24007482943611],[-54.747741495008135,73.24041375187157],[-54.747964273601774,73.24078829565327],[-54.748838254740264,73.24113164342005],[-54.74841009613942,73.2415374281139],[-54.74733553237165,73.2419789272129],[-54.74691203588576,73.24238467895397],[-54.74843237136514,73.24269681948459],[-54.748655430982836,73.2430714073355],[-54.748227408870484,73.24347711944479],[-54.74898979951847,73.24363324170716],[-54.750399059358756,73.2437536125656],[-54.75170094789666,73.24369118145172],[-54.752887126200534,73.24343706505412],[-54.754184684925185,73.24337461986093],[-54.75396193477947,73.24300001476993],[-54.75503651379296,73.24256302741252],[-54.756110975704246,73.2421215973216]]],"type":"Polygon"},"id":"000000000000000000a5","properties":{"area":114206.83418937918,"elevation":529.7647537392829,"region":"NW","year":2018},"type":"Feature"},{"geometry":{"coordinates":[[[-55.26639275112081,73.77674102730975],[-55.26547860469893,73.77639768696172],[-55.26590668842264,73.77599186066743],[-55.265665818403164,73.77561736175812],[-55.26475194069989,73.77527844765953],[-55.26517981727582,73.77486819141748],[-55.26627687936555,73.77442676664164],[-55.265362623322964,73.77408787982594],[-55.26512197438873,73.77371330798015],[-55.26421218364858,73.77337439877411],[-55.26396715711579,73.77299984123964],[-55.26439500407283,73.77258958426354],[-55.264154413241016,73.77221951109159],[-55.263240103348394,73.771876182136],[-55.264337229244056,73.77143469429329],[-55.263547761805484,73.77128310347362],[-55.26221006660039,73.77135000926253],[-55.261113319085865,73.77179145910692],[-55.26002068298281,73.77223283952247],[-55.26026145658661,73.77260746449859],[-55.26050242294198,73.77298201822526],[-55.25940976754702,73.77342350945469],[-55.258312831080715,73.77386493878808],[-55.259222487259876,73.77420376030916],[-55.258794306458924,73.77461407303471],[-55.25970866489351,73.77495292133248],[-55.25994922643318,73.77532749859745],[-55.261527815143694,73.77563518721325],[-55.26177306245435,73.77600529012297],[-55.26201392555645,73.77637990974435],[-55.26359238595045,73.77668753460017],[-55.26383770598977,73.7770621351543],[-55.26517536835509,73.77699524583824],[-55.26639275112081,73.77674102730975]]],"type":"Polygon"},"id":"000000000000000000d7","properties":{"area":86406.00833440719,"elevation":512.8483367165169,"region":"NW","year":2018},"type":"Feature"},{"geometry":{"coordinates":[[[-58.928826275283726,75.839289291409],[-58.92864351565876,75.83910645829788],[-58.927698295845495,75.83896824349743],[-58.9267573062194,75.83882561387028],[-58.92581655594717,75.8386873235718],[-58.92487563297824,75.8385491026185],[-58.92469292592794,75.83836626580862],[-58.92450546020383,75.83817903789058],[-58.923752029149874,75.83822803979363],[-58.922993829507796,75.83827264808318],[-58.92205748771926,75.83813446182968],[-58.92129947150387,75.83817899043967],[-58.92054580158463,75.83822363717321],[-58.91979234914728,75.83827262469515],[-58.91903866793171,75.8383172659158],[-58.91809780969653,75.8381790147782],[-58.91734431191923,75.8382235763594],[-58.917531475752824,75.83840646654335],[-58.91771886649917,75.8385936999729],[-58.91790622614072,75.83877651602582],[-58.91809343902143,75.83896382241076],[-58.91752679396371,75.83919123243153],[-58.91695619841578,75.83942309164458],[-58.91638980516168,75.83965053860838],[-58.915823430633154,75.83988240074338],[-58.91601078642388,75.84006521737518],[-58.916951779234275,75.84020789441003],[-58.91789275103188,75.84034615018518],[-58.918079850614184,75.84052892405258],[-58.918267088353524,75.84071622894126],[-58.91920809870987,75.84085447876168],[-58.919395504100336,75.84103729189627],[-58.91958262907832,75.84122006401753],[-58.920523527279016,75.84136279846301],[-58.92070622705246,75.84154563632453],[-58.920893657805394,75.84172844771454],[-58.921647302173646,75.84168387512754],[-58.922217899744645,75.8414520055898],[-58.92297152516332,75.84140742805744],[-58.92372514503977,75.84136284777045],[-58.92429144428208,75.8411309653656],[-58.92485776447067,75.84090349811628],[-58.925424030484784,75.84067161193111],[-58.92599481914392,75.84043977110011],[-58.92656108979161,75.84021229818202],[-58.927127403795765,75.83998052057866],[-58.92769360314595,75.83974862681526],[-58.928260109157605,75.8395211889526],[-58.928826275283726,75.839289291409]]],"type":"Polygon"},"id":"000000000000000001dd","properties":{"area":82173.18601643441,"elevation":276.21821558127476,"region":"NW","year":2018},"type":"Feature"},{"geometry":{"coordinates":[[[-62.58202059217562,76.46855316460126],[-62.58177535437222,76.46837039973833],[-62.58075433842405,76.46825000370971],[-62.57973317913076,76.46812512012607],[-62.579487974964096,76.46794235256297],[-62.579242804837854,76.4677639552611],[-62.57822589072574,76.46763907564237],[-62.57745008569802,76.4676970629141],[-62.5769237929729,76.46793338181931],[-62.57639343516482,76.4681741709483],[-62.575617591859036,76.46823215135561],[-62.57484609269272,76.46828569286177],[-62.574069931388564,76.46834363195443],[-62.5730534624798,76.46822324758222],[-62.57227744185108,76.46827673326364],[-62.571746991763355,76.46851751013666],[-62.571220877585944,76.46875384927095],[-62.5706899161064,76.46899466342742],[-62.5701637683359,76.46923099918028],[-62.56963325019264,76.46947176922025],[-62.56885729992784,76.46952972478017],[-62.568085849480354,76.46958772444998],[-62.56833140632127,76.46976609088905],[-62.56934780784274,76.46989094353383],[-62.570369208234574,76.47001579770117],[-62.57061449505391,76.47019412568294],[-62.57085946452407,76.47037697677683],[-62.57187622402872,76.4705018536126],[-62.57265220512357,76.47044388805078],[-62.573427875596884,76.47038588394199],[-62.57419963665735,76.47032790178878],[-62.57497511737259,76.47026996858723],[-62.575996573307535,76.47039479703834],[-62.57676784178676,76.47033684655891],[-62.577543784677054,76.47027886356436],[-62.578560572650865,76.47040371008573],[-62.579336333570055,76.47034579726075],[-62.579867042182876,76.47010941049989],[-62.58063827273441,76.47005144620091],[-62.581414177546876,76.46999344930423],[-62.581168920747935,76.46981068507716],[-62.580923698559126,76.46963229107041],[-62.58145432789198,76.46939152856635],[-62.58198059025833,76.4691552005921],[-62.58173521354896,76.46897232399319],[-62.58148997145315,76.46878955920447],[-62.58202059217562,76.46855316460126]]],"type":"Polygon"},"id":"00000000000000000218","properties":{"area":69659.49953673556,"elevation":508.9311050826637,"region":"NW","year":2018},"type":"Feature"},{"geometry":{"coordinates":[[[-54.90830921457695,73.69703906519689],[-54.90816196707938,73.69569242539215],[-54.907693846764374,73.69494331182283],[-54.906650317088314,73.69392659917077],[-54.90317231626885,73.69274943769587],[-54.89902952734123,73.691598980476],[-54.893669958440896,73.69070712399572],[-54.88897451359102,73.69026126973873],[-54.885095054775476,73.69016314806214],[-54.880430864650684,73.6903905552725],[-54.875882488653346,73.69080524011406],[-54.87202985622098,73.69234365601355],[-54.86794535883922,73.6935074999311],[-54.868177249088625,73.69388200193467],[-54.86837796532346,73.6947426567718],[-54.86933660101595,73.6957548767564],[-54.872328520400615,73.69667789037965],[-54.87514247051679,73.69789074932731],[-54.87639072842781,73.69879598271878],[-54.87788904748245,73.69958074676242],[-54.87934726812615,73.70019615083793],[-54.883792878483504,73.70074906463589],[-54.88835029069731,73.70033435595981],[-54.89133768148062,73.69960753658886],[-54.89545792802248,73.69959861817564],[-54.89989929697492,73.69899659952726],[-54.90422008740449,73.6982028745052],[-54.90830921457695,73.69703906519689]]],"type":"Polygon"},"id":"000000000000000000b8","properties":{"area":1044749.5106848001,"elevation":805.2736204078387,"region":"NW","year":2018},"type":"Feature"},{"geometry":{"coordinates":[[[-54.450818616463344,73.79068910068155],[-54.44981101231203,73.79015851296093],[-54.447572464746116,73.78987759599566],[-54.44556142888924,73.78997118364528],[-54.44321135703267,73.78949855434959],[-54.44086140036811,73.7890303242233],[-54.43985814322158,73.78849970788282],[-54.43885052092979,73.78796908176133],[-54.43784713180309,73.78743840671171],[-54.438181439663545,73.78684537360849],[-54.43650505841938,73.786345945402],[-54.43617069718197,73.7857796215039],[-54.435836176025916,73.78521779565656],[-54.4361749355681,73.78462476704988],[-54.43650944074385,73.78403166311476],[-54.43617494523208,73.78346983557245],[-54.43438709805399,73.78393803425598],[-54.434609839208605,73.78431257970513],[-54.434270847983086,73.7849056753487],[-54.43460531690003,73.78546750420996],[-54.43427091470866,73.78606053220334],[-54.43460546988257,73.786626905744],[-54.434266628988205,73.7872199279265],[-54.43460095879537,73.78778182357414],[-54.43560864441169,73.78831240304937],[-54.43594322189554,73.7888742252716],[-54.43761982146374,73.78937365681435],[-54.43851152634092,73.78971705118526],[-54.440749897946624,73.78999796282558],[-54.44298857863386,73.79028332333905],[-54.44522245912187,73.79056424607965],[-54.4474610639965,73.79084519192612],[-54.44947635404289,73.79075154065296],[-54.450818616463344,73.79068910068155]]],"type":"Polygon"},"id":"00000000000000000151","properties":{"area":87292.2238045536,"elevation":1118.2166520082096,"region":"NW","year":2018},"type":"Feature"},{"geometry":{"coordinates":[[[-64.82943419105426,77.1779872682379],[-64.82914432127532,77.17780891203599],[-64.82804769290806,77.1776929221825],[-64.82695058833589,77.17757697244649],[-64.82666075669695,77.17739861301537],[-64.82637093243409,77.17722025308045],[-64.82556408804331,77.17728716657066],[-64.82505116938891,77.17752800990048],[-64.82453378468631,77.17777324785692],[-64.82372681164257,77.17783567748461],[-64.82263418108431,77.17772415514474],[-64.82182719763242,77.17778657822686],[-64.821310064672,77.1780318408895],[-64.8207970421187,77.17827267305974],[-64.82027987332533,77.17851793243713],[-64.81976698457251,77.17875868349272],[-64.81924977994869,77.17900393958512],[-64.81873255729191,77.1792491940258],[-64.81902233802816,77.17942756068743],[-64.82011914587578,77.1795390370077],[-64.82040894927155,77.17971740180775],[-64.81989642749029,77.1799626606615],[-64.82018623778907,77.18014102530279],[-64.82047605546545,77.1803193894403],[-64.82076588051967,77.180497753074],[-64.82157302355206,77.18043533589257],[-64.82238007343564,77.18036843891497],[-64.82318719801889,77.1803060160314],[-64.82398961047588,77.18024358736827],[-64.82479695352082,77.180176714533],[-64.82531417774099,77.17993592461809],[-64.82582708688766,77.17969060802044],[-64.82634419032111,77.1794453378556],[-64.82714685431141,77.17938293029235],[-64.82795412618187,77.17931604577163],[-64.82766424385107,77.1791376891767],[-64.82737436889859,77.17895933207785],[-64.82788712309825,77.17871856381645],[-64.82840447626904,77.17847331976556],[-64.8289171091152,77.17822807123567],[-64.82943419105426,77.1779872682379]]],"type":"Polygon"},"id":"00000000000000000225","properties":{"area":52030.04889742546,"elevation":1100.095678378193,"region":"NW","year":2018},"type":"Feature"},{"geometry":{"coordinates":[[[-65.42316806071446,77.68804600360599],[-65.42087620136174,77.68782300190682],[-65.4185842302388,77.68760005700459],[-65.4166041919688,77.68755104910993],[-65.41462010052228,77.68750644972755],[-65.41264003874971,77.68746184111843],[-65.41128035732841,77.68777398688636],[-65.4093002467503,77.68772935120766],[-65.40794047715579,77.68803704607848],[-65.40595611794492,77.68799245448079],[-65.40501956476457,77.68824219758147],[-65.40584003333112,77.6884695807421],[-65.40636634897346,77.68877287066366],[-65.40710215675165,77.68888877983328],[-65.40772185447284,77.68924549155342],[-65.41001384401288,77.68946842622934],[-65.41199823663827,77.6895130641939],[-65.41397793172597,77.68955761572606],[-65.41565023741353,77.68942834293345],[-65.41606045835034,77.68942385690549],[-65.41747826827584,77.68930786504731],[-65.4193065396438,77.68933917438521],[-65.42128652254515,77.68938369886882],[-65.42257519749431,77.6891072879294],[-65.4228738172018,77.68896906391768],[-65.42286047119802,77.68865245911988],[-65.4229541662117,77.68846962008327],[-65.42316806071446,77.68804600360599]]],"type":"Polygon"},"id":"00000000000000000247","properties":{"area":72240.10943613353,"elevation":663.6057009485028,"region":"NW","year":2018},"type":"Feature"},{"geometry":{"coordinates":[[[-51.78316169092329,72.03722787698786],[-51.783014335634626,72.036853282259],[-51.78226080020124,72.03649657825885],[-51.78111036765574,72.036728428057],[-51.78003117349481,72.03715207836619],[-51.778952114933105,72.0375756539596],[-51.777877471495124,72.03799927278608],[-51.776798336806145,72.03841848257233],[-51.77571936257877,72.03884208601096],[-51.77464016325122,72.03926574909151],[-51.773565497995634,72.03968480240583],[-51.77370809273303,72.04006388858642],[-51.772629186902144,72.04048752058965],[-51.77277617007613,72.04086207222342],[-51.77230816324171,72.04126336202349],[-51.77245517074716,72.04164238202195],[-51.77260237840788,72.04201698386196],[-51.772745154695144,72.04239600289513],[-51.77404258314889,72.04253866468989],[-51.77526460162078,72.0424940919615],[-51.77634357553824,72.04207491188745],[-51.777422698614544,72.0416513063542],[-51.77864447203624,72.04160677512024],[-51.77972352157263,72.04118315380776],[-51.780187318055404,72.04078177447211],[-51.780655582752544,72.04038491262739],[-51.781734745423094,72.03996132740258],[-51.78219829611832,72.03956000874142],[-51.78266649552599,72.03916314033974],[-51.78190842032034,72.03880638443172],[-51.78115058865724,72.03844967542096],[-51.782229450893645,72.03803050356689],[-51.78208229804616,72.03765149036532],[-51.78316169092329,72.03722787698786]]],"type":"Polygon"},"id":"00000000000000000007","properties":{"area":125648.27467883902,"elevation":1123.7356056723042,"region":"NW","year":2018},"type":"Feature"},{"geometry":{"coordinates":[[[-54.81630892126873,73.98978792580942],[-54.813892135190315,73.98816935273331],[-54.80808621138506,73.9867067591014],[-54.80227622286822,73.98524862422431],[-54.79647031911893,73.98379048820576],[-54.789545517422255,73.98276932704816],[-54.78296819247897,73.98231007204171],[-54.777679725831256,73.98391090984195],[-54.77622596506716,73.9849453650674],[-54.7738852165118,73.9867959199106],[-54.77154391672445,73.98864200511981],[-54.76784295952206,73.99055494909096],[-54.76617968494014,73.99236979953717],[-54.76383431864597,73.99421589154726],[-54.76533255872515,73.99549560613691],[-54.77179385076395,73.99576764634588],[-54.77790699471525,73.99547779547437],[-54.776177156149465,73.99382345862797],[-54.77580259178513,73.99210669931523],[-54.77950371025041,73.99019373855673],[-54.78456019727228,73.98821388449842],[-54.78984863685626,73.98661308075123],[-54.79642572226266,73.9870723754327],[-54.80359154320886,73.98846807923869],[-54.810079606171776,73.98989503579247],[-54.812376156394464,73.99132637365292],[-54.81630892126873,73.98978792580942]]],"type":"Polygon"},"id":"000000000000000000de","properties":{"area":816647.5556937279,"elevation":1067.2055555802742,"region":"NW","year":2018},"type":"Feature"},{"geometry":{"coordinates":[[[-54.44745654540673,73.69517962989259],[-54.44445111445548,73.69358327095075],[-54.43832424020331,73.69206715672517],[-54.43577360830164,73.69051986278136],[-54.43388320641061,73.68919104611288],[-54.4323313133419,73.68772403673138],[-54.43154629091731,73.68639520354432],[-54.430659057439634,73.68489695149142],[-54.4322241907522,73.68335411167678],[-54.432670138206426,73.68178895829872],[-54.43556853856587,73.67972436990753],[-54.43779801362161,73.67769551046993],[-54.43267900765328,73.67788721419244],[-54.42779176651837,73.67888609451244],[-54.427671543184736,73.67913137722002],[-54.42554895498492,73.6808882212757],[-54.42534386132805,73.68215907899737],[-54.42378306243888,73.68369298033055],[-54.42431834979328,73.68507530251212],[-54.42453681959262,73.68660474962942],[-54.42621797299416,73.68781765104278],[-54.42754680462777,73.6889101452714],[-54.42965123504788,73.6906090568556],[-54.4335397801815,73.69208947380388],[-54.43679930731211,73.69341379966257],[-54.439661937530744,73.69477385138707],[-54.44554804456207,73.69616067486429],[-54.44745654540673,73.69517962989259]]],"type":"Polygon"},"id":"000000000000000000b1","properties":{"area":440818.025570205,"elevation":1065.6241030112003,"region":"NW","year":2018},"type":"Feature"},{"geometry":{"coordinates":[[[-61.45280671355743,76.44059910997939],[-61.44932882177954,76.4398499809886],[-61.44895861114119,76.43888680636321],[-61.447036680471705,76.43802619927315],[-61.44744260653125,76.43700948804093],[-61.44241279010691,76.43636744298358],[-61.43962138143262,76.43616232800235],[-61.435964854855435,76.43661707801026],[-61.43276775620351,76.43742871209908],[-61.42796519678279,76.43696941175398],[-61.42371125299016,76.43627378808513],[-61.42489740937242,76.43519911662334],[-61.42375150509957,76.43428944908617],[-61.42050519213393,76.43372320316087],[-61.41639366623041,76.4338078878268],[-61.413192246894575,76.43462388131725],[-61.41342395767632,76.43480670359521],[-61.41378966138672,76.43576986855508],[-61.41648735980035,76.43657696729137],[-61.41763352585431,76.43748662156945],[-61.42111147269284,76.43823579200966],[-61.42614161577339,76.4388778639474],[-61.43117578065062,76.43952448644188],[-61.432321760343086,76.44043409705561],[-61.43657556007483,76.44112974029098],[-61.436165518038436,76.44215088768955],[-61.43996471709892,76.44248082752742],[-61.44362120382556,76.44203047917881],[-61.44750947436311,76.44176292622726],[-61.45139317545206,76.44149094084166],[-61.45280671355743,76.44059910997939]]],"type":"Polygon"},"id":"00000000000000000213","properties":{"area":405251.80548097816,"elevation":730.5743176070459,"region":"NW","year":2018},"type":"Feature"},{"geometry":{"coordinates":[[[-57.19132878693065,75.32496768022774],[-57.18855508610855,75.32531104081953],[-57.185621117895785,75.32547154767087],[-57.183003638794744,75.32600666125272],[-57.18070259967779,75.32691181046188],[-57.17808515874616,75.32744243253676],[-57.175467622060644,75.32797313348154],[-57.172694202510655,75.32832094589932],[-57.17023276563073,75.32903883331518],[-57.167615237648576,75.32956951150186],[-57.16897963955422,75.33027402327193],[-57.17108005064686,75.33093843438644],[-57.17244884416153,75.33164296206542],[-57.17308224974581,75.33238315708512],[-57.17518215225352,75.33304758052299],[-57.176551287387845,75.33375207660345],[-57.17980184692686,75.33396171011414],[-57.1822633317385,75.33324379374132],[-57.18503691728018,75.33289600432933],[-57.18529539739307,75.33229844337163],[-57.18172829104632,75.33171872074298],[-57.17816119565206,75.33113461442277],[-57.17679195065276,75.33043007982211],[-57.177625856209445,75.3296051137011],[-57.179926715041994,75.3287043917018],[-57.18238818292637,75.32798646769908],[-57.18516164372003,75.32763867758814],[-57.187462515212985,75.32673347900125],[-57.189763405038484,75.32582829223784],[-57.19132878693065,75.32496768022774]]],"type":"Polygon"},"id":"00000000000000000266","properties":{"area":214560.2670863302,"elevation":749.5149999146282,"region":"NW","year":2018},"type":"Feature"},{"geometry":{"coordinates":[[[-55.26754330972345,73.90860559653643],[-55.26729809750801,73.90823099212915],[-55.26570594008385,73.907923322665],[-55.26410984025424,73.90762013017084],[-55.263191052329496,73.90727679897375],[-55.26295038792245,73.90690217201919],[-55.26337855649129,73.90649642501364],[-55.26381090121667,73.90609061462612],[-55.26491222196155,73.90564472390437],[-55.26467156829229,73.90527459709922],[-55.263748449152715,73.90493128338031],[-55.2624018675295,73.90499812577434],[-55.261175590945264,73.90525677324308],[-55.25994950585837,73.90551095823734],[-55.25872313695139,73.90576508886575],[-55.257617250193015,73.9062065737972],[-55.258535687797,73.90654550406502],[-55.258103416443475,73.90695572959737],[-55.25700188775563,73.90739719290835],[-55.255896046616584,73.90783859401061],[-55.254790215248505,73.90828010389824],[-55.25503536605797,73.90865465282793],[-55.25595407022238,73.90899352378017],[-55.2574256498148,73.90911391543021],[-55.25877206421092,73.90904702106207],[-55.26000283985037,73.90879283197538],[-55.2612291805877,73.90853426702557],[-55.26270074226235,73.90865461626866],[-55.26417213492108,73.90877502433834],[-55.2656390997202,73.90889543675955],[-55.26699038477366,73.90882855675159],[-55.26754330972345,73.90860559653643]]],"type":"Polygon"},"id":"0000000000000000010b","properties":{"area":93495.73209517977,"elevation":575.3588575366589,"region":"NW","year":2018},"type":"Feature"},{"geometry":{"coordinates":[[[-53.378971179947264,73.05200338606869],[-53.37361592906728,73.05184731411315],[-53.36835844242977,73.05187850577218],[-53.363194941539355,73.05210145024652],[-53.358410359713275,73.05307800559311],[-53.35381741584108,73.05442908755323],[-53.3492200866977,73.05577574191236],[-53.344622776206506,73.0571268946127],[-53.34002545560371,73.05847794595766],[-53.33633327508774,73.059650745071],[-53.33274829450707,73.06105533707405],[-53.32862794030652,73.06266504908655],[-53.329194074899284,73.06317340581056],[-53.328467558716966,73.06435504239555],[-53.33160213695114,73.06465385783609],[-53.33566872047474,73.06424359874991],[-53.339873955094404,73.0627631507953],[-53.34124266535767,73.06155028621848],[-53.34152377577719,73.06014570287334],[-53.346121129883876,73.05879456913048],[-53.35053112959879,73.05706891259084],[-53.3553155393915,73.0560923692638],[-53.359814979331304,73.05455398765652],[-53.36459958215863,73.05358183208719],[-53.369575969541685,73.05298437416079],[-53.37464146347411,73.05257406939964],[-53.378971179947264,73.05200338606869]]],"type":"Polygon"},"id":"0000000000000000005c","properties":{"area":350256.1103192779,"elevation":1141.2341528876116,"region":"NW","year":2018},"type":"Feature"},{"geometry":{"coordinates":[[[-57.91516576024416,75.32639462647624],[-57.91319918454437,75.3259218963585],[-57.91196382970285,75.32540915192914],[-57.91072873498863,75.32489632657698],[-57.90803109675011,75.32446826310853],[-57.906965332210255,75.3241383213652],[-57.90477145959399,75.3242675843937],[-57.902412633489476,75.32420958656955],[-57.900218758692844,75.32433444797897],[-57.89852418964154,75.32501676285378],[-57.89649988089739,75.32532885918715],[-57.89447100377419,75.3256455195752],[-57.89244652589004,75.32595757328528],[-57.8927808308007,75.32632770323042],[-57.89181783783918,75.32696984957833],[-57.893052940856045,75.32748263820139],[-57.8942881177395,75.32799541870469],[-57.89551877512951,75.32850819502092],[-57.89821674674009,75.32893630665474],[-57.90091456650871,75.3293643402059],[-57.9031081660542,75.32923953960172],[-57.905137104025705,75.32892733784789],[-57.90750044960415,75.3289852916428],[-57.90919028400016,75.32829863780856],[-57.91138437554826,75.32817375648894],[-57.913243884623995,75.32767433035002],[-57.91493363541806,75.3269921307374],[-57.91516576024416,75.32639462647624]]],"type":"Polygon"},"id":"000000000000000001c0","properties":{"area":253330.91083086593,"elevation":225.34141582660564,"region":"NW","year":2018},"type":"Feature"},{"geometry":{"coordinates":[[[-55.20588277057085,74.5974742848583],[-55.20371566513047,74.59641748177934],[-55.19878384002366,74.59665380669638],[-55.19347751381129,74.5963282418102],[-55.188799940008074,74.59693476728303],[-55.184376418588315,74.59792020706675],[-55.1802072194002,74.59928017509031],[-55.17898083543942,74.60068927316222],[-55.1791591873017,74.60203147255854],[-55.18075137347234,74.60330677074518],[-55.18304323706417,74.60455086088838],[-55.18604418619126,74.6057593187247],[-55.189749669702785,74.60693649920812],[-55.193455223911485,74.60810925668173],[-55.19723209857514,74.60831877465361],[-55.19941723977963,74.60724860222886],[-55.19500692128446,74.60610711468132],[-55.192005972763,74.6048942100523],[-55.18759602786764,74.60375264377276],[-55.18389509268355,74.602579940521],[-55.184416821472176,74.60120205512706],[-55.183529151179165,74.5998911021386],[-55.1875736488688,74.59834828935708],[-55.192251176020086,74.59773733346866],[-55.19717851083236,74.59750103220044],[-55.202614370873434,74.59801380816693],[-55.20588277057085,74.5974742848583]]],"type":"Polygon"},"id":"0000000000000000012f","properties":{"area":286716.7550610962,"elevation":972.8900768766563,"region":"NW","year":2018},"type":"Feature"},{"geometry":{"coordinates":[[[-55.09027160928039,74.42381015466896],[-55.088456688498454,74.42216026411221],[-55.082437083187635,74.42283358996062],[-55.07842821668152,74.4243764235645],[-55.07327341937793,74.4263607014716],[-55.06787351525793,74.42796600571755],[-55.061974143749296,74.42882660929595],[-55.05681506133647,74.43081092873842],[-55.056489498869766,74.43140391594784],[-55.056204133368475,74.43315637249998],[-55.05592313111919,74.43490438642475],[-55.057733625856045,74.43655868803798],[-55.06163516387491,74.43811047210947],[-55.06827923394123,74.43836910903727],[-55.07480301821869,74.43844490849344],[-55.08045721804877,74.43720970210019],[-55.07614956338681,74.43722307026269],[-55.06926040226439,74.43658544664355],[-55.0618716515152,74.43520312715223],[-55.062152600370304,74.43345070195987],[-55.0617378523547,74.43173394188517],[-55.06701746912989,74.4299369221098],[-55.07279196397448,74.42889344823267],[-55.07894101025077,74.42840300295728],[-55.084590948578445,74.4271722707872],[-55.08859946119264,74.42562946051991],[-55.09027160928039,74.42381015466896]]],"type":"Polygon"},"id":"00000000000000000119","properties":{"area":569457.4688346512,"elevation":937.1226650316772,"region":"NW","year":2018},"type":"Feature"},{"geometry":{"coordinates":[[[-65.49688132240746,77.69536786096707],[-65.4954188239951,77.69508246000373],[-65.49396091714885,77.69479257825849],[-65.49250289609085,77.69450276578233],[-65.4918785292249,77.6941460413791],[-65.48984946954833,77.6939498234533],[-65.48972469301589,77.69368228453426],[-65.48895755275355,77.69356635920427],[-65.48666130419032,77.69334341415224],[-65.48627778518353,77.69334781922606],[-65.48538136238456,77.69344597943609],[-65.48415966847202,77.6935440777813],[-65.48461464516276,77.69380272815333],[-65.48387443117282,77.69415049135306],[-65.48282637255498,77.69464099556318],[-65.48268824029057,77.6948773562634],[-65.48314760126661,77.69514047552761],[-65.48240291767002,77.69548376189852],[-65.48386541398764,77.69577359091004],[-65.48365135787847,77.6961972474151],[-65.48511395460561,77.69648706830905],[-65.48741039488539,77.6967099948524],[-65.48908263733854,77.6965762841203],[-65.49137459335263,77.69679921481392],[-65.49267667184276,77.69651825273016],[-65.49370219865376,77.69643353577679],[-65.49555718593577,77.69646920386674],[-65.49660067151281,77.69597872190725],[-65.49681464684409,77.69555508234107],[-65.49688132240746,77.69536786096707]]],"type":"Polygon"},"id":"0000000000000000024a","properties":{"area":85091.73701868363,"elevation":653.3221527543084,"region":"NW","year":2018},"type":"Feature"},{"geometry":{"coordinates":[[[-54.604728903110235,73.58569534121703],[-54.60107699630298,73.585294038819],[-54.59764797618072,73.58526278234228],[-54.594219041311604,73.58523600868386],[-54.59056241286389,73.5848302712191],[-54.58724933317637,73.58498635192888],[-54.58393165726191,73.58514687267952],[-54.58005237435656,73.58436649427414],[-54.578166098018784,73.58349253239828],[-54.57627999184933,73.5826185499192],[-54.572405071455364,73.58183816954777],[-54.56931490774591,73.5823733314931],[-54.56633172022456,73.58309118359794],[-54.56821806229024,73.58396517430108],[-54.56745096436089,73.58496845844557],[-54.570001502916355,73.58581125810137],[-54.57321228520383,73.58662280889367],[-54.576641192997094,73.58665402224331],[-54.58029320775412,73.58705533125199],[-54.58394981951344,73.58746111475804],[-54.58737866557082,73.58748787781532],[-54.590696125483156,73.58733182153881],[-54.59390221701805,73.58698401756234],[-54.59733150755374,73.58701523106728],[-54.600421512828255,73.5864801267188],[-54.60385073935352,73.58651133129472],[-54.604728903110235,73.58569534121703]]],"type":"Polygon"},"id":"0000000000000000009e","properties":{"area":334621.58032923075,"elevation":891.0870333626087,"region":"NW","year":2018},"type":"Feature"},{"geometry":{"coordinates":[[[-53.16872456960037,73.09494451888624],[-53.16435921914073,73.09417308477386],[-53.161032727016114,73.0941195793896],[-53.156136544625035,73.09355766343215],[-53.15286808693758,73.09368253349187],[-53.148012053505674,73.09312517084214],[-53.1443067369631,73.09365581113619],[-53.13912512774482,73.09252323137358],[-53.13480875910823,73.09175625567953],[-53.130363057180986,73.09076629089381],[-53.130523621456724,73.08980761383468],[-53.12926584920598,73.08853232415338],[-53.12702307614057,73.08783671903824],[-53.12312601331509,73.0881934059073],[-53.11957634237949,73.08893364521492],[-53.12013376482895,73.09006182461157],[-53.121186154216694,73.0909625624586],[-53.12428062299816,73.09180975938665],[-53.12863271317822,73.09259008561587],[-53.132962600356926,73.09337042214115],[-53.13718546810235,73.09395011381635],[-53.14046297208462,73.09382523898644],[-53.144689992794476,73.09441829830963],[-53.14864065536541,73.09444061835535],[-53.15192729825953,73.09430684631377],[-53.156698312027956,73.09467696667133],[-53.160849640750335,73.09508719736031],[-53.16493442217314,73.09529227984605],[-53.16872456960037,73.09494451888624]]],"type":"Polygon"},"id":"00000000000000000052","properties":{"area":299774.71128942707,"elevation":1291.133479346875,"region":"NW","year":2018},"type":"Feature"},{"geometry":{"coordinates":[[[-54.4613065713138,73.17828952875473],[-54.4610880281793,73.17791496682975],[-54.460874012854184,73.17754045369146],[-54.46065548744285,73.17716589077624],[-54.45979486857407,73.17682247255061],[-54.45828325798416,73.1765103245828],[-54.45806931304699,73.17613580740554],[-54.45655759893925,73.17582371450155],[-54.455050391496556,73.17551154127955],[-54.45364589764182,73.17538667235577],[-54.45224569993359,73.17526179486951],[-54.4509481599709,73.175324224877],[-54.44976180610951,73.17557396982392],[-54.449975824410856,73.17594854338871],[-54.448896928585114,73.17638551022294],[-54.44846886385509,73.17679130433622],[-54.44868287315197,73.17716587851345],[-54.4501943530184,73.17747799187623],[-54.45040840339387,73.17785256368688],[-54.45170159495743,73.1777900895709],[-54.453213219970145,73.17810229376165],[-54.454724833193175,73.17841436820463],[-54.4560180937294,73.17835197905967],[-54.45731110619312,73.17828953343229],[-54.45871582438341,73.17841437360185],[-54.46000906235334,73.17835195477953],[-54.4613065713138,73.17828952875473]]],"type":"Polygon"},"id":"0000000000000000007b","properties":{"area":97320.22057387393,"elevation":774.7580567934883,"region":"NW","year":2018},"type":"Feature"},{"geometry":{"coordinates":[[[-59.75901300373942,76.01977145066198],[-59.75598060765462,76.0192273801714],[-59.75495063792579,76.01873246782947],[-59.753969496867825,76.01812604092446],[-59.75153955013637,76.01813492959768],[-59.750063528924215,76.01862100326665],[-59.74778025178192,76.01916054114321],[-59.745537531366885,76.02008802208631],[-59.74462763017801,76.02046259653874],[-59.74273726352067,76.02124736383105],[-59.742938003174935,76.0214346799609],[-59.743749408498765,76.02189838712032],[-59.741858850053305,76.02267876495729],[-59.74113635612985,76.02351261566493],[-59.73889349414228,76.02444011870126],[-59.738175355190705,76.02527398060327],[-59.73912511508169,76.02587150440509],[-59.741457335026915,76.02604540732978],[-59.7434954182884,76.02614793657595],[-59.74573802859768,76.02522046653093],[-59.748382356989275,76.02465857316285],[-59.75102658743666,76.02409675782589],[-59.75326969194843,76.02316478948413],[-59.7545895133358,76.02288391420855],[-59.75703313442269,76.02213920349496],[-59.75762618274227,76.0214793005025],[-59.75744315813161,76.02102000395874],[-59.758473352005986,76.02047594649169],[-59.75901300373942,76.01977145066198]]],"type":"Polygon"},"id":"000000000000000001fa","properties":{"area":252416.54242050223,"elevation":108.72719169613848,"region":"NW","year":2018},"type":"Feature"},{"geometry":{"coordinates":[[[-54.134423097272034,73.13334630413672],[-54.13431607239553,73.1331589751913],[-54.134213560145575,73.13297170381387],[-54.13411104998292,73.13278443232066],[-54.13336200170981,73.13262833626047],[-54.13260827290295,73.13247224886389],[-54.13185914232155,73.13231178049938],[-54.1311101273095,73.13215567481818],[-54.130360942106435,73.13199963552803],[-54.1297144887527,73.13202636215765],[-54.129067774186275,73.1320575914341],[-54.12842105679203,73.13208881828982],[-54.127774753216485,73.1321200204104],[-54.12702543391977,73.13195948416288],[-54.126378949491894,73.13199075070173],[-54.12583507044175,73.13220922141905],[-54.12529545385449,73.13242770090937],[-54.124751368637135,73.13264623748721],[-54.12485397139694,73.13283344440102],[-54.12560766322064,73.13298956501195],[-54.12571009483624,73.13317684094454],[-54.12581252853765,73.13336411676141],[-54.126561736842525,73.13352017534363],[-54.126668794514615,73.13371187435028],[-54.126771475868566,73.13389919675892],[-54.126873923867244,73.13408647177648],[-54.126981065989604,73.1342737349693],[-54.127730136177426,73.13442985810404],[-54.128479163175186,73.13458586117716],[-54.129228413474145,73.1347464606345],[-54.129977462680735,73.13490245730677],[-54.13062408714197,73.13487129498294],[-54.13127047331536,73.13484008297033],[-54.131917196578456,73.13481328167131],[-54.13256381271123,73.13478211209029],[-54.13321019055282,73.1347508928231],[-54.133754464934576,73.13453237770081],[-54.13364725770542,73.13434511836522],[-54.13354474460087,73.13415784702234],[-54.13408876349111,73.1339392832119],[-54.13398179229222,73.13375207113437],[-54.13387927961363,73.13356479977426],[-54.134423097272034,73.13334630413672]]],"type":"Polygon"},"id":"0000000000000000006e","properties":{"area":70657.14644399073,"elevation":775.6697003218019,"region":"NW","year":2018},"type":"Feature"},{"geometry":{"coordinates":[[[-53.94075104442776,73.39723141621293],[-53.93659960202634,73.39703079627442],[-53.93203793701497,73.39608095401115],[-53.9274808927701,73.39513119665189],[-53.922919084990816,73.39418134998394],[-53.92098832411781,73.39311563962634],[-53.9197129580657,73.39201873386216],[-53.917777717561556,73.3909485112687],[-53.91978895080284,73.38970445301803],[-53.923110752532246,73.38840238513154],[-53.926638122896705,73.38747042954711],[-53.924461970008984,73.3871850709105],[-53.920520086877495,73.38736346351845],[-53.916890342791056,73.38810363514223],[-53.91488364252367,73.38934772818382],[-53.9148436939541,73.39050268035685],[-53.915463507652014,73.39163078247431],[-53.916734279789715,73.3927277021504],[-53.91800977136993,73.39382467459697],[-53.92060036442508,73.3948636666536],[-53.9231912294939,73.39590262003907],[-53.92775280188373,73.39685243293505],[-53.932104788031644,73.39742760767524],[-53.9364613909633,73.39800280844594],[-53.94060840233839,73.39819900604465],[-53.94075104442776,73.39723141621293]]],"type":"Polygon"},"id":"0000000000000000007e","properties":{"area":206638.82450611464,"elevation":1161.4682514005478,"region":"NW","year":2018},"type":"Feature"},{"geometry":{"coordinates":[[[-57.3270547683662,75.25618158002457],[-57.32673380035078,75.25581149726628],[-57.32641728665911,75.25543691302306],[-57.325369258964905,75.25510696940604],[-57.32375057519867,75.2550044156722],[-57.322132038538236,75.25489738235844],[-57.32067385735687,75.25498210404501],[-57.319371808690256,75.25524517496066],[-57.31791357480981,75.25532987610863],[-57.316772161586535,75.25578027487884],[-57.31563055095064,75.2562351324563],[-57.314493592130766,75.25668552498945],[-57.313352044074584,75.25714029486612],[-57.312210380303654,75.25759066275286],[-57.31106897811018,75.25804546007319],[-57.30992746076961,75.25849585542451],[-57.31024840142861,75.2588660020226],[-57.31056510041331,75.25924057548589],[-57.31161305547237,75.25957047592739],[-57.31339205537408,75.25986034613445],[-57.31485030900895,75.25978010579664],[-57.31615237463841,75.25951251953741],[-57.31777106924913,75.25961955911181],[-57.319068570973855,75.25935205932412],[-57.32053117756589,75.25926727665882],[-57.32182892803256,75.25900419526423],[-57.323130887617516,75.25873667678266],[-57.32427225039271,75.25828185290894],[-57.324682547744,75.25787155744192],[-57.324361593809435,75.25750147346996],[-57.32477181615668,75.25708678214335],[-57.32591335174535,75.2566363820921],[-57.3270547683662,75.25618158002457]]],"type":"Polygon"},"id":"00000000000000000268","properties":{"area":159047.75445211257,"elevation":575.0324616974431,"region":"NW","year":2018},"type":"Feature"},{"geometry":{"coordinates":[[[-53.724069975393775,73.08979869499775],[-53.72386926563705,73.08941970943283],[-53.72350825199921,73.0892234800322],[-53.72331184038584,73.08884887981186],[-53.72316045723465,73.08856797398415],[-53.72327616353268,73.08829150127674],[-53.723013282628465,73.08828260557674],[-53.721523944066114,73.08796601866719],[-53.720333282946335,73.08821126353403],[-53.71924084455852,73.08864376776413],[-53.71944127513256,73.08902282781649],[-53.71834450324003,73.08945530477841],[-53.71725200180894,73.08988791176829],[-53.71745252875009,73.09026242114021],[-53.71764884683747,73.09063702642543],[-53.71655644745558,73.09106955843157],[-53.716110311254944,73.09147532860891],[-53.7169531225337,73.09182310795896],[-53.71732788535165,73.09206835006374],[-53.71750181406544,73.09240283072063],[-53.717992309308485,73.09254548687356],[-53.718348958111015,73.09275062368931],[-53.7185450874066,73.093125178643],[-53.719289727457344,73.09328567954648],[-53.720386620491006,73.09284871808869],[-53.72027074213129,73.0926346594756],[-53.72057396266171,73.09242957571833],[-53.720734402542384,73.09225567179958],[-53.721826999959085,73.09182316208137],[-53.72292399907995,73.09139059616408],[-53.722723292390356,73.09101161043587],[-53.72382022608553,73.0905790377989],[-53.72361975866349,73.0902044661094],[-53.724069975393775,73.08979869499775]]],"type":"Polygon"},"id":"00000000000000000062","properties":{"area":85640.13238667486,"elevation":1010.5717694336305,"region":"NW","year":2018},"type":"Feature"},{"geometry":{"coordinates":[[[-57.09004902633211,75.29412406257492],[-57.089108347971056,75.29300933374614],[-57.08529136337888,75.29301825296157],[-57.08121117600694,75.29362907825643],[-57.07697509873103,75.29405719178374],[-57.07305106303871,75.29485087275191],[-57.071062276894864,75.29612621139879],[-57.070536039190856,75.29732127561637],[-57.06927849104633,75.29855643996882],[-57.06802122673642,75.29979156043271],[-57.06749954950937,75.30098665537035],[-57.06404374696485,75.30234220597104],[-57.06278178068871,75.30357734215359],[-57.062991368187724,75.30473225116893],[-57.064346682254424,75.3054368368829],[-57.068587326040166,75.30501322201397],[-57.07131206708167,75.30369776468899],[-57.072569531372864,75.30246257100366],[-57.07309555326361,75.30126759784974],[-57.074352991651445,75.30003242228508],[-57.075610713848214,75.2987972028156],[-57.076132298969696,75.29760215866747],[-57.07812092320654,75.29632689101224],[-57.081576669425594,75.29497132380838],[-57.08549648128095,75.29417758897112],[-57.09004902633211,75.29412406257492]]],"type":"Polygon"},"id":"000000000000000001e9","properties":{"area":292101.5545754348,"elevation":801.408979801878,"region":"NW","year":2018},"type":"Feature"},{"geometry":{"coordinates":[[[-54.934247644563385,74.46323751437913],[-54.93223665708415,74.4623679794417],[-54.92923117676636,74.46327756298021],[-54.92598511601307,74.46381718339671],[-54.92212325775852,74.46342032076676],[-54.91802100245104,74.46264887428038],[-54.92020595555671,74.46157871856487],[-54.92320695743326,74.46066904930206],[-54.926823151684154,74.46069132922347],[-54.93031471985741,74.46052631126689],[-54.93332018525289,74.45961218376061],[-54.934225502523624,74.45880069754288],[-54.9318843563998,74.45852417312993],[-54.92851777739993,74.45887645438644],[-54.92514657886597,74.45922430580616],[-54.92202083874214,74.4599511776105],[-54.918774664725106,74.46049070592174],[-54.91576911436564,74.46140035700229],[-54.91264333205436,74.46212720262402],[-54.9097627433202,74.46322859407367],[-54.90988328257749,74.4634158624344],[-54.90909383751941,74.46441471800269],[-54.91110504646361,74.4652842542049],[-54.9121661479702,74.46581485305785],[-54.91566225017439,74.46564987791828],[-54.91878799536047,74.46492750895275],[-54.92215907094884,74.4645752481405],[-54.92577535889804,74.46459753037313],[-54.929266950575645,74.46443700804167],[-54.932517650058344,74.46389744145279],[-54.934247644563385,74.46323751437913]]],"type":"Polygon"},"id":"0000000000000000014d","properties":{"area":252257.7305698502,"elevation":1092.0258109678,"region":"NW","year":2018},"type":"Feature"},{"geometry":{"coordinates":[[[-66.01665679642953,76.31877644150411],[-66.01596537319202,76.31782220006819],[-66.01452536193095,76.31693482472109],[-66.01308506336875,76.31604748512093],[-66.01008406842546,76.31631950827327],[-66.00518341190907,76.31594936910675],[-66.00056808606821,76.31575763832537],[-65.99595295393182,76.31556592221472],[-65.99076279262863,76.31502186552396],[-65.98707499921316,76.3143352025765],[-65.98188466174551,76.31379114621488],[-65.97698411910494,76.31342105358775],[-65.9723690072639,76.31322935699795],[-65.96804365961727,76.31321150159403],[-65.96486879362863,76.31390709286188],[-65.96572933278105,76.31444217643188],[-65.96941684398722,76.31512447943932],[-65.97235548589002,76.31587807883861],[-65.9722930422365,76.316899142546],[-65.97523169948394,76.31765274831093],[-65.9796729808064,76.31826813553373],[-65.98278981630047,76.3185935973317],[-65.98798009957235,76.31914210500054],[-65.99317051527224,76.31969057139852],[-65.9983609098898,76.32023907575585],[-66.00130392856279,76.32098814644068],[-66.00488031613497,76.32106841645474],[-66.00776968510446,76.32019887354201],[-66.01151996975538,76.31985553564813],[-66.0158495588037,76.31986896436521],[-66.01665679642953,76.31877644150411]]],"type":"Polygon"},"id":"00000000000000000224","properties":{"area":594507.5471851063,"elevation":227.5857808434683,"region":"NW","year":2018},"type":"Feature"},{"geometry":{"coordinates":[[[-57.133347148746616,75.03686068090457],[-57.13319094293594,75.03667340389043],[-57.132316796321135,75.03652627725455],[-57.13216539465521,75.03634345314877],[-57.13272713686328,75.03611602531183],[-57.1325754676491,75.03592876037771],[-57.13185302227237,75.03596889653114],[-57.131135281655574,75.03600897088803],[-57.13026126311271,75.03586634812191],[-57.12954333361023,75.03590648884597],[-57.12882539961148,75.03594662692416],[-57.12810312559557,75.0359866771066],[-57.12754132204999,75.03620969380336],[-57.12681884504598,75.03624981128814],[-57.126100886035054,75.03628993924272],[-57.12553478746091,75.03651737741677],[-57.124816812259574,75.03655750055425],[-57.123942727298065,75.0364103372151],[-57.12322475029001,75.03645045456989],[-57.12250703662683,75.03649061246395],[-57.12163297048855,75.03634343899436],[-57.12075891780106,75.03619626166645],[-57.11988495575672,75.03605359347173],[-57.11916272293213,75.0360937260059],[-57.118600788576344,75.0363167162971],[-57.1187523137168,75.03650399070798],[-57.119626369044646,75.03665117676205],[-57.11978235393334,75.03683395056305],[-57.11993841954455,75.0370212371138],[-57.12081250961419,75.03716841786735],[-57.12168653542842,75.03731108178962],[-57.121838103215055,75.0374983534196],[-57.121994197414445,75.03768563807029],[-57.12271196282959,75.03764548257028],[-57.12342999160727,75.03760536761],[-57.12415227090856,75.03756522001628],[-57.124870290678444,75.03752509974792],[-57.125744439691616,75.0376722587972],[-57.126618336204466,75.03781497316194],[-57.1274922440158,75.037962081317],[-57.128366246222,75.03810930093996],[-57.12908400418735,75.03806912230246],[-57.12980654847931,75.03802899726315],[-57.13052456530899,75.03798885649425],[-57.13109063787641,75.03776140510735],[-57.131652520447986,75.03753849493138],[-57.13221883027703,75.0373110828915],[-57.13278060202466,75.03708365593207],[-57.133347148746616,75.03686068090457]]],"type":"Polygon"},"id":"00000000000000000195","properties":{"area":61239.99409652584,"elevation":418.7603917682038,"region":"NW","year":2018},"type":"Feature"},{"geometry":{"coordinates":[[[-55.92618816608063,74.59619002474797],[-55.92283491178619,74.59558803003021],[-55.92002553872606,74.5957307408602],[-55.91694445264516,74.59550332831549],[-55.91372933606836,74.59508868198805],[-55.9110584688287,74.59541860148592],[-55.90838295194055,74.59574862908231],[-55.90822233195916,74.5965289549133],[-55.90876201475071,74.59727809790982],[-55.9086014043388,74.5980584201752],[-55.907736387187306,74.59887886067398],[-55.906171335712784,74.59973500320835],[-55.90601085751015,74.60051536098251],[-55.907254764297086,74.60122878684759],[-55.9077987905154,74.6019734712462],[-55.91114741069494,74.60257550225452],[-55.91382298574031,74.60224550207886],[-55.91704268748742,74.60266019350507],[-55.91804118436771,74.60203148569164],[-55.91749724000033,74.60128235539001],[-55.91836228504686,74.60046629491727],[-55.91711820384069,74.59975286603868],[-55.914469425146834,74.59911522572924],[-55.91673463814421,74.59822339946052],[-55.919004483234644,74.5973315562455],[-55.92167986327591,74.59700156871676],[-55.924761258995574,74.59723346794324],[-55.92602757420337,74.59697479717411],[-55.92618816608063,74.59619002474797]]],"type":"Polygon"},"id":"00000000000000000156","properties":{"area":267278.3309891141,"elevation":191.31491158108943,"region":"NW","year":2018},"type":"Feature"},{"geometry":{"coordinates":[[[-55.551240109228985,74.11114690109598],[-55.55004956661195,74.11043340570623],[-55.5488589318513,74.10971997266402],[-55.545617280869585,74.10910909547665],[-55.54263397491157,74.10887720665707],[-55.54002982114784,74.10920269585003],[-55.53730110108577,74.10934090655007],[-55.5345721402796,74.10947914748486],[-55.531968033658835,74.10980468262319],[-55.52923902463548,74.10994734134638],[-55.52638083914217,74.10989830776423],[-55.523522216823984,74.10984925553392],[-55.52066858389822,74.10980022794732],[-55.521172408851676,74.11054938400581],[-55.522362894465985,74.1112628198415],[-55.5256002427071,74.11187367570649],[-55.5285835436168,74.11210556144549],[-55.53169572444138,74.11252918825575],[-55.534808440876084,74.1129483564567],[-55.537412487846346,74.11262281226561],[-55.53988743211258,74.1121100149802],[-55.542366531159665,74.11159723123353],[-55.54522488038981,74.11164632267692],[-55.548207814712235,74.11188260324542],[-55.5510661612137,74.11192722352449],[-55.551240109228985,74.11114690109598]]],"type":"Polygon"},"id":"000000000000000000f5","properties":{"area":250355.87030214403,"elevation":788.5417547796815,"region":"NW","year":2018},"type":"Feature"},{"geometry":{"coordinates":[[[-55.649416213718155,74.48196127678915],[-55.6424376472968,74.48231353596289],[-55.634937365558464,74.48191664099794],[-55.62691098337463,74.4807751010489],[-55.622808800986846,74.4790450060365],[-55.61940655998102,74.47728367020811],[-55.622287141821204,74.47520570893911],[-55.61801064606154,74.47426042405438],[-55.610773445327176,74.47423364360773],[-55.60419198728491,74.47514326923769],[-55.60776802842453,74.47612427948324],[-55.61116596485984,74.47789007479801],[-55.61177699612251,74.47979415248486],[-55.60584193511306,74.48163573510512],[-55.6013025592871,74.48341045270065],[-55.60051772631806,74.48538580959803],[-55.604615686095535,74.48711152542063],[-55.60382626173682,74.48908685239252],[-55.60164577385722,74.49112916922486],[-55.60574361294989,74.49285486976969],[-55.612731140005955,74.49250703648723],[-55.61984341988724,74.49234204243453],[-55.62577842365059,74.49050038588572],[-55.6319765762608,74.48902894564394],[-55.63777783959981,74.48699555100706],[-55.639387538205426,74.48517182775531],[-55.645318397708046,74.4833301856312],[-55.649416213718155,74.48196127678915]]],"type":"Polygon"},"id":"00000000000000000146","properties":{"area":1481296.270754543,"elevation":532.0858865205641,"region":"NW","year":2018},"type":"Feature"},{"geometry":{"coordinates":[[[-59.78327934440919,76.0379735136917],[-59.78283351633011,76.03682305725131],[-59.78086677288044,76.03576624024863],[-59.7783475571019,76.03450431850284],[-59.77165871962552,76.03434376581866],[-59.767494071004485,76.03499925030597],[-59.76039956331155,76.03446862010387],[-59.76085453163897,76.03310856397457],[-59.76032379806604,76.03210087003397],[-59.757394064898044,76.03171292446827],[-59.75363074603255,76.03273846853195],[-59.74814167857203,76.03367489465998],[-59.74285751332515,76.03479861924676],[-59.73816647077068,76.03647079446802],[-59.73916993144779,76.0373893722653],[-59.74321890821444,76.0381161534946],[-59.74770473656755,76.03748296559098],[-59.753273954944014,76.03688547253232],[-59.758683045209494,76.03811617687688],[-59.75584690004183,76.03972140153373],[-59.752154844019515,76.04108598061383],[-59.75487937860622,76.04208925905735],[-59.760653771432835,76.04290075815764],[-59.765959991856704,76.04301228540609],[-59.77045033232212,76.041152844793],[-59.774619667333646,76.04049290327366],[-59.77865534022146,76.03944945089455],[-59.78327934440919,76.0379735136917]]],"type":"Polygon"},"id":"00000000000000000202","properties":{"area":739360.4448249475,"elevation":131.30453831249588,"region":"NW","year":2018},"type":"Feature"},{"geometry":{"coordinates":[[[-55.69551444173907,74.95822447990446],[-55.691545824493566,74.95686892717679],[-55.68326082648107,74.95572732958769],[-55.68046043046337,74.95392588539089],[-55.67622416514267,74.95219572921508],[-55.67342836481259,74.95039877823228],[-55.66631615030128,74.94881128076716],[-55.65920392794025,74.94722383171114],[-55.65065134919357,74.94570332770957],[-55.645701780004956,74.94400881839492],[-55.642910402407395,74.94221182409727],[-55.644435281284565,74.94020079725783],[-55.64695039425253,74.93852863392937],[-55.64070329949718,74.94018738421751],[-55.63989601900915,74.94216281016764],[-55.64196939335054,74.94399995549048],[-55.64332071855071,74.94586828088124],[-55.64971047208227,74.94749138760633],[-55.65538231490198,74.949150192303],[-55.66249486400555,74.95074209687124],[-55.6696115056553,74.95232956572444],[-55.67312522467318,74.95409089676477],[-55.67664359814481,74.95585667020596],[-55.68231986199227,74.95751549250552],[-55.69088113141513,74.95903157315728],[-55.69551444173907,74.95822447990446]]],"type":"Polygon"},"id":"0000000000000000016a","properties":{"area":496121.59619969805,"elevation":956.6919431991402,"region":"NW","year":2018},"type":"Feature"},{"geometry":{"coordinates":[[[-55.312718448308566,73.88720188157214],[-55.310328187660055,73.88674258703107],[-55.307942718932196,73.8862832898349],[-55.30555251983256,73.88582850361901],[-55.303167081968645,73.88536921500058],[-55.301146925813846,73.8854673308216],[-55.29888171292034,73.88519531219518],[-55.296861746919824,73.88529780974658],[-55.29778053078838,73.88564119589508],[-55.298146064658056,73.88619861083373],[-55.29783824044844,73.88679611308397],[-55.2988816317693,73.88732230286963],[-55.29924744736307,73.88788414275692],[-55.300286254500676,73.88841029495195],[-55.3006563899747,73.88897218446638],[-55.302368975292026,73.88946265485103],[-55.30206549923281,73.89006021324775],[-55.30445127972251,73.89051946868783],[-55.30482133819691,73.89108130204507],[-55.30506659893407,73.89145590130231],[-55.30708647353678,73.89135329783248],[-55.308187768326164,73.89091186515871],[-55.30916899467108,73.89027865229643],[-55.31081875608505,73.8896187246773],[-55.311126441346765,73.88902124820386],[-55.310087497984476,73.88849508576288],[-55.311737470930986,73.88783062064778],[-55.312718448308566,73.88720188157214]]],"type":"Polygon"},"id":"0000000000000000010a","properties":{"area":186548.3564553071,"elevation":451.85958877786317,"region":"NW","year":2018},"type":"Feature"},{"geometry":{"coordinates":[[[-54.33322321456651,73.34641998807606],[-54.33104710574896,73.34613903259546],[-54.32940610646951,73.34679453119175],[-54.32744430524236,73.34688366135104],[-54.325156939597356,73.34641548474261],[-54.32308776733766,73.34632187904991],[-54.32101881989618,73.34622374551545],[-54.31905685012464,73.34631740285319],[-54.31698769457821,73.34622372571155],[-54.31512812200323,73.34650023412031],[-54.31305918922086,73.34640655786815],[-54.31120429476549,73.34668755850066],[-54.31131134637248,73.34687475722],[-54.31163244397877,73.34743665588907],[-54.31195782666472,73.34799844300703],[-54.31227893187526,73.34856477324249],[-54.313255537492395,73.3490954241544],[-54.31357649433497,73.3496572701987],[-54.31585960981757,73.35012990547007],[-54.317932846798925,73.35022357958633],[-54.32010917101715,73.35050446284879],[-54.322178157079954,73.35060263174992],[-54.32425145137387,73.35069623190346],[-54.325892723724024,73.35004074291045],[-54.3275334605024,73.34938525977451],[-54.329388429158534,73.34910432240828],[-54.33058792174197,73.34885911040779],[-54.3309225524613,73.34826157130364],[-54.3319077961377,73.34763728387118],[-54.33223783622719,73.34704423813272],[-54.33322321456651,73.34641998807606]]],"type":"Polygon"},"id":"00000000000000000082","properties":{"area":246633.43570080737,"elevation":952.5761513974479,"region":"NW","year":2018},"type":"Feature"},{"geometry":{"coordinates":[[[-58.11520996075407,75.63376040202797],[-58.11337280375665,75.63347507971127],[-58.113024791055494,75.63310493324278],[-58.112677074431495,75.63273482752068],[-58.11232937422477,75.63236472072603],[-58.11273057338997,75.63195448234943],[-58.11163355482619,75.63162453497306],[-58.11031826483276,75.63189654213114],[-58.1091722001083,75.63235579883234],[-58.11026913650178,75.63268129716242],[-58.109867758575874,75.63309606290461],[-58.1087261871947,75.63355084474719],[-58.10758043372557,75.63400571075293],[-58.10718354228537,75.63442034533134],[-58.108275910655486,75.63474586022508],[-58.107879112743966,75.63516060951437],[-58.108971544285765,75.63548612010216],[-58.10931924589456,75.6358562275187],[-58.11041184018107,75.63618619105364],[-58.11207523637359,75.63628429322642],[-58.1132211942159,75.63582498763533],[-58.11287340831953,75.63545488617085],[-58.114014700351554,75.63500004334875],[-58.11366691687762,75.63462994190417],[-58.11481308608913,75.6341751259983],[-58.11520996075407,75.63376040202797]]],"type":"Polygon"},"id":"000000000000000001e6","properties":{"area":61080.603509529414,"elevation":203.7604320368295,"region":"NW","year":2018},"type":"Feature"},{"geometry":{"coordinates":[[[-67.63684422581058,76.2229905204964],[-67.63653645138182,76.22281213156923],[-67.63549302932782,76.22271405907175],[-67.63444980796069,76.22261148445206],[-67.63414206748028,76.22243309211031],[-67.63383444649033,76.22225922536934],[-67.63279095823053,76.2221566141161],[-67.6324833573705,76.2219827454002],[-67.63217565184003,76.22180434998752],[-67.63113205712962,76.22170181143997],[-67.63039659802112,76.22177761474948],[-67.62966057190569,76.22184894091043],[-67.62861728482588,76.22174641951078],[-67.62788150047197,76.221822185389],[-67.62714575694416,76.22189353191993],[-67.62610247394875,76.22179099877371],[-67.62505889759474,76.22168843185193],[-67.62431878097196,76.22175982432641],[-67.62358296254702,76.22183557566932],[-67.62253939029692,76.22173299697559],[-67.62149613177937,76.22163044231624],[-67.62076020646519,76.22170184788969],[-67.62106793130452,76.22188017770229],[-67.62137571524953,76.22205409019048],[-67.62094328630448,76.22230379947142],[-67.62051505851633,76.22255353258257],[-67.62082285170435,76.22272744523848],[-67.62186618523876,76.2228300030556],[-67.62217369499594,76.22300388482748],[-67.62247710505918,76.22318226704027],[-67.62352513765991,76.22328479070015],[-67.62456851805105,76.22338733590226],[-67.62487170928134,76.22356126908963],[-67.62517926640317,76.22373514637461],[-67.62622253996153,76.22383776430067],[-67.62726596688994,76.22394029691061],[-67.62830970759991,76.22404285354781],[-67.62904976121274,76.223971529862],[-67.6297854789853,76.22389565252399],[-67.6308290806389,76.22399827783705],[-67.63156459389786,76.22392689171741],[-67.63230045040461,76.22385111518943],[-67.63303624918579,76.22377975287623],[-67.63377625465733,76.22370841292619],[-67.63451208349248,76.22363262873999],[-67.63524785523902,76.22356125878031],[-67.63598366557612,76.22348546949709],[-67.63641610834118,76.22324017624716],[-67.63684422581058,76.2229905204964]]],"type":"Polygon"},"id":"00000000000000000240","properties":{"area":75901.9131426344,"elevation":169.00504861630515,"region":"NW","year":2018},"type":"Feature"},{"geometry":{"coordinates":[[[-54.70092519881926,73.50099020842231],[-54.699043430739515,73.50012073327864],[-54.69551646005908,73.49990223416893],[-54.692220994586854,73.50006276898701],[-54.68914869189916,73.50059782773887],[-54.686299214290244,73.50150748970213],[-54.68243780506431,73.50073162042865],[-54.67902645461096,73.50070483665561],[-54.675838322200256,73.50105263413747],[-54.672204202679865,73.50064684978503],[-54.66879293234727,73.50062010312597],[-54.66527010361125,73.50040611341538],[-54.66505621866935,73.50118640447624],[-54.66495815260517,73.5021584885725],[-54.66486002851808,73.50312613757252],[-54.66410201275637,73.50412942053802],[-54.66334846387517,73.50512830917782],[-54.66589002978101,73.50597109029552],[-54.66831578144422,73.50662654690511],[-54.67173139356312,73.50665330747702],[-54.67503114126727,73.50649276496364],[-54.678553930030446,73.50670675349102],[-54.68129187449051,73.5056098809368],[-54.684029677903574,73.50451289141608],[-54.68676310451311,73.50341602078205],[-54.68995142084592,73.50306814717405],[-54.69336259047317,73.50309493433996],[-54.69632347177357,73.50237257816357],[-54.699172842739806,73.50146291827812],[-54.70092519881926,73.50099020842231]]],"type":"Polygon"},"id":"0000000000000000009c","properties":{"area":516819.2535495528,"elevation":767.4730876221793,"region":"NW","year":2018},"type":"Feature"},{"geometry":{"coordinates":[[[-53.0268849718204,72.56557782230678],[-53.02608235976627,72.56522556205185],[-53.024735843457044,72.56509181859057],[-53.02339368396481,72.56495803305708],[-53.022136014191744,72.56501155686814],[-53.02079379275351,72.56487333353024],[-53.01954086492681,72.56492678689007],[-53.018372595930806,72.56516760127148],[-53.017115116055805,72.56522113608973],[-53.0158621956102,72.56527467905767],[-53.014693856134535,72.56551546737177],[-53.01344067965424,72.56556894334841],[-53.01236165671306,72.5659970366015],[-53.01128266358318,72.56642953953629],[-53.01020354680592,72.56685761788707],[-53.00912438322055,72.56728568878772],[-53.009926987882,72.56763795932667],[-53.011358361749345,72.56795900858835],[-53.01261603789881,72.56790551812992],[-53.01404736389926,72.56823103031932],[-53.01530481762308,72.56817747104249],[-53.01655773890576,72.56812400197363],[-53.01790442211845,72.56825781126278],[-53.01915751655392,72.56820425431678],[-53.02041488882894,72.56815525957269],[-53.021672534386084,72.56810170127189],[-53.02292542102587,72.56804818459105],[-53.02400445543779,72.56761565569431],[-53.02508374877543,72.56718758523195],[-53.026162588328695,72.56675952706013],[-53.02598415217275,72.56638050814267],[-53.02643457079066,72.56597916599262],[-53.0268849718204,72.56557782230678]]],"type":"Polygon"},"id":"00000000000000000013","properties":{"area":157368.31727393315,"elevation":1207.3198535265087,"region":"NW","year":2018},"type":"Feature"},{"geometry":{"coordinates":[[[-65.2049353213074,77.537676218077],[-65.20311160664575,77.5366059895026],[-65.2007658790554,77.53578110116099],[-65.19428689417012,77.53528167498798],[-65.18811109219303,77.53496055885527],[-65.18254615068562,77.53499629211893],[-65.17698130326028,77.53503636453387],[-65.17232609029271,77.53560715803235],[-65.16797356118498,77.53635631485064],[-65.16361717881146,77.53710544015391],[-65.16318021474818,77.53795262907967],[-65.16169530960413,77.5392859327094],[-65.16268972864299,77.54042301753228],[-65.16368410864602,77.54155562374683],[-65.16385353332163,77.54275951096284],[-65.16650222413172,77.54376281877121],[-65.16998042403551,77.54470377485438],[-65.17676269485393,77.54538148910008],[-65.18203324776556,77.54516748650062],[-65.18668875083716,77.54459671413764],[-65.19286885599841,77.54491333187757],[-65.19752880841149,77.54434256311738],[-65.20188075649695,77.54359338949862],[-65.2031426216964,77.54267930423083],[-65.19883960062654,77.54180977720459],[-65.20031995280098,77.54047652420824],[-65.20345503388081,77.53900946536035],[-65.2049353213074,77.537676218077]]],"type":"Polygon"},"id":"00000000000000000242","properties":{"area":924977.7877132435,"elevation":493.5623561666914,"region":"NW","year":2018},"type":"Feature"},{"geometry":{"coordinates":[[[-60.93361606942285,76.29585666928644],[-60.933392952021634,76.29567387464496],[-60.93317449173993,76.295491084512],[-60.9329515666678,76.29530821399568],[-60.9319615964559,76.29517889884511],[-60.93097164032498,76.29504957921733],[-60.92997734361134,76.29492028816257],[-60.92898727100528,76.29478651402766],[-60.92799735743285,76.29465718094757],[-60.927003103347886,76.29452787638186],[-60.926231733490624,76.29457692441423],[-60.92568303392319,76.29481325531673],[-60.92491178649519,76.29486674397904],[-60.92414038887302,76.29491578432517],[-60.92336894628589,76.29496934255108],[-60.92259738144596,76.29502278483866],[-60.92204454800047,76.29525917638333],[-60.92149609126491,76.29549101258006],[-60.92171471709609,76.29567385144516],[-60.92193305139075,76.29585665195786],[-60.921384533817175,76.29609300763232],[-60.920831825523265,76.29632931923138],[-60.92105016022485,76.29651212000816],[-60.921272970878256,76.29669500070415],[-60.92072009805006,76.29692686564657],[-60.92093873782353,76.29710970402712],[-60.92193297243285,76.29724344295693],[-60.92292302017016,76.2973728028042],[-60.923912966644586,76.29750204503189],[-60.924907360122226,76.29763588359211],[-60.92567874453648,76.2975823967167],[-60.92623159518833,76.29734599894091],[-60.9270029579208,76.29729250714374],[-60.927774458163,76.29724345802924],[-60.92854580726867,76.29718996064823],[-60.92953588923869,76.29731929076787],[-60.930307377490195,76.2972702326143],[-60.93085995835366,76.29703389723217],[-60.931408645240026,76.29679755594127],[-60.93218009781123,76.29674849077048],[-60.93295139800239,76.29669497731582],[-60.93350421201154,76.29645867204614],[-60.9332815645954,76.29627584062892],[-60.933062799162855,76.29609301291235],[-60.93361606942285,76.29585666928644]]],"type":"Polygon"},"id":"0000000000000000020c","properties":{"area":79383.5525558273,"elevation":681.5298908179703,"region":"NW","year":2018},"type":"Feature"},{"geometry":{"coordinates":[[[-55.38303378367417,74.19216871944062],[-55.37841427115171,74.19162472583353],[-55.37354049621035,74.19071059300197],[-55.36891648473934,74.19016659534384],[-55.36404701782855,74.1892480539567],[-55.36604034835976,74.18799054237034],[-55.36116664226876,74.18707196750843],[-55.356297083187464,74.18615341386656],[-55.35305091335507,74.18554249651007],[-55.34818154134258,74.18462394310895],[-55.343562008532196,74.18407996234427],[-55.33957101916516,74.1844723415696],[-55.342380246417115,74.18549345487645],[-55.347249552967384,74.18641204148466],[-55.350745617420024,74.18739748860422],[-55.35081240746709,74.18855242297163],[-55.351566043898096,74.18967608661168],[-55.35574855935518,74.19063035787295],[-55.357189058381756,74.19171835524949],[-55.360002728620415,74.19273503757222],[-55.36350307569404,74.19372495827214],[-55.36837688109423,74.19463907036435],[-55.371748024072616,74.19543722778724],[-55.375997319277275,74.19541940802519],[-55.37973864911255,74.19465244232426],[-55.38104520363009,74.19342617690609],[-55.38303378367417,74.19216871944062]]],"type":"Polygon"},"id":"000000000000000000f9","properties":{"area":541920.7599638243,"elevation":810.9848373170473,"region":"NW","year":2018},"type":"Feature"},{"geometry":{"coordinates":[[[-65.20987152591458,77.69110492947125],[-65.20907771086719,77.69093099244972],[-65.20867189434829,77.69069472619648],[-65.20947475015389,77.69032461648646],[-65.20802092497689,77.69003474902004],[-65.2065718566357,77.68974494723314],[-65.20688854541513,77.68937925833511],[-65.20683498070983,77.68908052505589],[-65.20701330886236,77.68889771422262],[-65.20705796612802,77.68865688922529],[-65.2072763073299,77.68823771800723],[-65.20582720987349,77.68794344702027],[-65.20437353658801,77.68765363342311],[-65.20208595807999,77.68742617700157],[-65.20071712981876,77.68773830007008],[-65.19904498015337,77.68786762137954],[-65.19768039213056,77.68817976815117],[-65.19631583443775,77.68848747569898],[-65.19693107790762,77.68884417991146],[-65.19670827445594,77.68926775804395],[-65.19750203347805,77.68944165741804],[-65.19790779019522,77.6896780525336],[-65.19710496007569,77.69004815620632],[-65.1985544090739,77.69033796644057],[-65.19916962612778,77.69069473937658],[-65.19978504855125,77.69105143228589],[-65.20207709621863,77.69127880879512],[-65.2026924457491,77.69163557155748],[-65.20436449291635,77.69150627744553],[-65.20634868765937,77.69155086645976],[-65.20832875720453,77.69159985985655],[-65.20961270713299,77.69132788444936],[-65.20987152591458,77.69110492947125]]],"type":"Polygon"},"id":"00000000000000000245","properties":{"area":95191.49494658585,"elevation":789.398775787803,"region":"NW","year":2018},"type":"Feature"},{"geometry":{"coordinates":[[[-64.65326871890561,77.44956878801322],[-64.65185959816768,77.44927446437583],[-64.65127101871795,77.44891782179339],[-64.64985753111223,77.44862351179911],[-64.64762345289749,77.44839157219513],[-64.64703468810474,77.4480348853032],[-64.64480088811837,77.44780303004775],[-64.64256682056912,77.44757112126692],[-64.64092125324972,77.44770044183315],[-64.63927167928392,77.4478297317911],[-64.63792046273008,77.44813740001177],[-64.63685909991115,77.4486189879362],[-64.63580249897912,77.44910504530338],[-64.63638661588081,77.44946624989994],[-64.63532960970993,77.44995226897232],[-64.63591851174313,77.45030901143653],[-64.63568197570407,77.45073265945958],[-64.63709099545669,77.45102688577512],[-64.63767948861334,77.45138366669785],[-64.63744349544967,77.45180726909267],[-64.63803203330376,77.45216404763072],[-64.64026578321352,77.45239142890387],[-64.64250443128076,77.45262326555734],[-64.6441497231885,77.45249395414193],[-64.64550552381772,77.45219078228574],[-64.64685659329099,77.4518830482569],[-64.64880067913349,77.45193211194548],[-64.64985763752267,77.4514460704737],[-64.65150735495305,77.45132125959725],[-64.65315269303525,77.4511919165784],[-64.65256416684704,77.45083520324467],[-64.65197562646235,77.45047401902333],[-64.65303682996637,77.44998793142864],[-64.65326871890561,77.44956878801322]]],"type":"Polygon"},"id":"00000000000000000232","properties":{"area":166312.6649923434,"elevation":933.1071037312312,"region":"NW","year":2018},"type":"Feature"},{"geometry":{"coordinates":[[[-55.66083589510147,74.25010585020863],[-55.66070669879146,74.24991853468876],[-55.660577319832775,74.24973128991806],[-55.66044348076569,74.24954844975613],[-55.659756948160656,74.24957966704022],[-55.659070285276336,74.24961533232131],[-55.6583790969329,74.24965102016732],[-55.65769242673356,74.24968668033412],[-55.65687163775026,74.24953507065037],[-55.6561849668496,74.24957072528998],[-55.6554982923004,74.24960637738079],[-55.65480734541914,74.24964209714362],[-55.65424979169878,74.2498650638805],[-55.653692537688876,74.25008350727386],[-55.65313043394852,74.25030649519599],[-55.652573276786015,74.25052943049654],[-55.65201592005946,74.25075243481318],[-55.6514539594009,74.25097534605852],[-55.650896450260454,74.25119385085748],[-55.650334714609684,74.25141680346131],[-55.65046834114109,74.25160409978598],[-55.650597886864254,74.25179139513564],[-55.650035876230696,74.25201430110236],[-55.649478441613134,74.25223729635997],[-55.64891665586352,74.25246024368313],[-55.64835950814921,74.25267871373575],[-55.64848860265291,74.25286603557228],[-55.64861788551996,74.25305328632113],[-55.64874742440467,74.25324058209586],[-55.64943852800672,74.25320488612567],[-55.65012510515459,74.25316921248194],[-55.650941240246965,74.25332083064865],[-55.65163246397099,74.2532896222276],[-55.652319036935864,74.25325394051305],[-55.653010382213516,74.2532182764697],[-55.65356761289101,74.25299534213829],[-55.65412501503457,74.25277233498922],[-55.65468699336774,74.2525494170318],[-55.655244181809415,74.25232647698503],[-55.655806004116,74.25210800568516],[-55.65636335002158,74.25188499090812],[-55.65692074955838,74.25166209034172],[-55.65748284279633,74.25143909186397],[-55.65803996096158,74.25121614229131],[-55.658597376688746,74.25099761560756],[-55.6591592421418,74.25077468229603],[-55.65971657139607,74.25055177220024],[-55.660274072066386,74.25032878927907],[-55.66083589510147,74.25010585020863]]],"type":"Polygon"},"id":"00000000000000000114","properties":{"area":77543.85363342415,"elevation":658.8667889067153,"region":"NW","year":2018},"type":"Feature"},{"geometry":{"coordinates":[[[-56.1651023924087,74.68630847341674],[-56.164821491270544,74.6859383710208],[-56.16383588692036,74.68559943957864],[-56.1628550271377,74.68526502758525],[-56.161869307937536,74.68492615708172],[-56.16017947168093,74.6846274198082],[-56.15890405570756,74.68488604244038],[-56.15749499074221,74.68496183879135],[-56.15636243645634,74.68540774929124],[-56.156638981619025,74.68578231846726],[-56.155506352954,74.68622822220377],[-56.1564917716377,74.6865626336977],[-56.15747286511318,74.68690156626963],[-56.15634019038212,74.68734747291418],[-56.15662094970881,74.68772203028564],[-56.15760203308313,74.68805640017474],[-56.159296610339275,74.68835519339214],[-56.159572820555944,74.68872978214371],[-56.160986350599686,74.68865396373107],[-56.16253827016171,74.68876991697728],[-56.163670861181664,74.68832397549123],[-56.163389945117316,74.6879494281457],[-56.16381819805536,74.68753918523511],[-56.16283278641964,74.6872047398634],[-56.16396970498166,74.68675438295814],[-56.1651023924087,74.68630847341674]]],"type":"Polygon"},"id":"00000000000000000160","properties":{"area":83496.8670362885,"elevation":358.9527003783971,"region":"NW","year":2018},"type":"Feature"},{"geometry":{"coordinates":[[[-55.47490038382143,74.25333420307224],[-55.474267259133796,74.25239780691085],[-55.47043674067209,74.25200984870902],[-55.466865079942515,74.25199650048579],[-55.463293212671395,74.25198315462372],[-55.45934255002905,74.25140792173005],[-55.45538732176847,74.25082820118871],[-55.45181549106369,74.25081482388715],[-55.44824389295831,74.2508014236811],[-55.444926204679255,74.25116262072355],[-55.44148393624458,74.25133207919835],[-55.438415953700435,74.25206786667522],[-55.4352276062567,74.25261185390899],[-55.43228918617311,74.25353492794453],[-55.43241397093932,74.25372220617699],[-55.433051764566606,74.25465858135601],[-55.436440746877594,74.25545228243506],[-55.4402664269951,74.25584470748933],[-55.443967501736005,74.2560453348422],[-55.447284966979254,74.25568417086758],[-55.448716571224544,74.25464516960479],[-55.45153015591763,74.25353931706795],[-55.45484772609836,74.2531781484433],[-55.458165219649196,74.25282141506158],[-55.46135339794098,74.25227297589865],[-55.46543827368521,74.25303545485518],[-55.46926409790606,74.25342337414178],[-55.472960590489365,74.2536240279932],[-55.47490038382143,74.25333420307224]]],"type":"Polygon"},"id":"0000000000000000014e","properties":{"area":352270.6493632864,"elevation":786.1862704706972,"region":"NW","year":2018},"type":"Feature"},{"geometry":{"coordinates":[[[-54.3261156152178,73.7694637903647],[-54.32522377113368,73.76911599214107],[-54.32567400029656,73.76871016596856],[-54.325384253862765,73.76855415991217],[-54.32382342283071,73.76824202540132],[-54.322485799981756,73.76830447159772],[-54.32198628512418,73.76830439212364],[-54.32104998680532,73.76834461059147],[-54.31969012088546,73.76823753425143],[-54.31857071562376,73.76867456380735],[-54.31745144325857,73.76911151598516],[-54.317669863889606,73.76948606066453],[-54.31721943815158,73.7698918649498],[-54.31749592264512,73.7700524091203],[-54.318111394850625,73.77023520213397],[-54.31843254754334,73.77046705994977],[-54.31907005100306,73.77069895865188],[-54.31922164420211,73.77095757576102],[-54.319502579487995,73.77111812339358],[-54.321063349975,73.77143024702542],[-54.322628586682036,73.77174236392132],[-54.323863699188394,73.7714926955712],[-54.325205750414455,73.77143474683888],[-54.324875850491445,73.77120281811376],[-54.32469752831897,73.7708995897254],[-54.32514786634392,73.77049388363754],[-54.324545973544666,73.7703065652438],[-54.325665135340586,73.76986956983745],[-54.3261156152178,73.7694637903647]]],"type":"Polygon"},"id":"000000000000000000a8","properties":{"area":76067.28354076846,"elevation":1178.374018355568,"region":"NW","year":2018},"type":"Feature"},{"geometry":{"coordinates":[[[-54.95398371892986,73.80928361567173],[-54.95374747616568,73.80890901105899],[-54.95351548101834,73.80853446747415],[-54.9539479435116,73.8081286336029],[-54.9537115339154,73.80775409825334],[-54.952137565405266,73.80744196673473],[-54.95055892054101,73.80713428429495],[-54.950996086995005,73.80672849377143],[-54.952101978870246,73.8062870961111],[-54.95186557035892,73.8059124405233],[-54.95230249706392,73.80550671553875],[-54.95072401598324,73.80519903404607],[-54.94926601965207,73.80507416429245],[-54.94780798066745,73.80495378311873],[-54.9465815133356,73.80520789920473],[-54.945475906694234,73.80564492637717],[-54.94413350384273,73.8057118054759],[-54.9443699424638,73.80608640003483],[-54.94460614544375,73.80646094782668],[-54.94416927065969,73.80686669823079],[-54.944405480945484,73.80724124557958],[-54.94396852600716,73.80765149474055],[-54.94420498934114,73.80802608780547],[-54.9444367951896,73.80840064256058],[-54.944673032781864,73.80877518825922],[-54.945578329934804,73.80911408255649],[-54.945814415907805,73.80948869659382],[-54.9471568323264,73.80942176120972],[-54.94873532448454,73.80973392637917],[-54.950313922276806,73.81004157771854],[-54.95165598198831,73.80997474987497],[-54.952877761445805,73.80972052043019],[-54.95398371892986,73.80928361567173]]],"type":"Polygon"},"id":"000000000000000000ce","properties":{"area":124513.27354852288,"elevation":913.4782783703748,"region":"NW","year":2018},"type":"Feature"},{"geometry":{"coordinates":[[[-54.18462830116998,73.303296016063],[-54.18452572240319,73.30310869262614],[-54.184418651071816,73.3029214292652],[-54.18431158193802,73.30273416577909],[-54.18420900959505,73.30254684197644],[-54.184101944813975,73.30235957824246],[-54.183343870558545,73.302203516121],[-54.182692856016025,73.30223471543005],[-54.18214445151414,73.30244880329306],[-54.18149342539315,73.30247999807655],[-54.18083808433614,73.30251118092545],[-54.180187052463005,73.30254237083555],[-54.17942881448566,73.30238636163209],[-54.178773534391354,73.30241310272984],[-54.17812250001525,73.30244428499155],[-54.17747128019951,73.30247553443206],[-54.17692292466048,73.30269396991943],[-54.17626738096591,73.30272520521278],[-54.17550940878189,73.30256467564452],[-54.174858177599525,73.30259591533506],[-54.174207363749936,73.30262713019977],[-54.17355181466952,73.30265835534638],[-54.17300795579695,73.30287683511492],[-54.17245935183201,73.30309532570337],[-54.172561998639054,73.30328258586798],[-54.17332004390859,73.30343869391108],[-54.174077862818194,73.30359475149801],[-54.17418507804984,73.30378206751497],[-54.17429205784355,73.30396933619824],[-54.174943089572324,73.30394260262085],[-54.17559844041164,73.30391132541074],[-54.17635653097654,73.3040674204449],[-54.1770076246691,73.30403624518942],[-54.177658660430005,73.30400495069377],[-54.17831423474655,73.30397826138908],[-54.17886255331669,73.30375970545461],[-54.17951362967683,73.30372852079928],[-54.18027173909012,73.30388459914107],[-54.18102979670804,73.30404510827466],[-54.18168087655152,73.30401391564025],[-54.18233626590669,73.30398273004823],[-54.183094166614495,73.30413874912723],[-54.18374524380492,73.30410754884414],[-54.1836429061338,73.30392027242847],[-54.18353583804038,73.30373300886917],[-54.18408432335209,73.30351448330975],[-54.18462830116998,73.303296016063]]],"type":"Polygon"},"id":"0000000000000000007f","properties":{"area":56436.840241423764,"elevation":1028.5595102865077,"region":"NW","year":2018},"type":"Feature"},{"geometry":{"coordinates":[[[-60.49064450975927,76.23067353311002],[-60.490434798606294,76.23049074719202],[-60.48944912772025,76.23035693552751],[-60.48846840361604,76.23022317225048],[-60.487696903361616,76.23027667584824],[-60.48693001857126,76.23032574470969],[-60.48594437939844,76.23019191722636],[-60.48496350383888,76.23005821300292],[-60.48419633499381,76.23011167985881],[-60.48342509763558,76.23016076052205],[-60.48244395814577,76.23003145263277],[-60.481672420775894,76.23008048844822],[-60.48111511332474,76.23031233054908],[-60.48034820591054,76.23036582207187],[-60.47957693608527,76.23041488874571],[-60.47902405020588,76.23065126019799],[-60.479233635920075,76.23083405609502],[-60.47944738634969,76.23101690230796],[-60.478890010768154,76.23124873708906],[-60.478337085502424,76.23148510549984],[-60.47854667608587,76.23166790131913],[-60.47876090971095,76.23185071128243],[-60.47897496533924,76.23203359568767],[-60.47995593181193,76.23216732631809],[-60.480941354193604,76.23229669557382],[-60.481155329385615,76.23247946425147],[-60.48136479691616,76.23266677770832],[-60.48213615444006,76.23261325980296],[-60.48290317593034,76.23256420946072],[-60.48367481490203,76.23251072455015],[-60.48423233797792,76.23227880391109],[-60.48499933225554,76.23222974587291],[-60.48577046522249,76.23217628941111],[-60.48632794263303,76.23194436265774],[-60.48709489451893,76.23189085073251],[-60.48786649283037,76.23184179651098],[-60.4884190881114,76.231605477963],[-60.48897661455147,76.2313736566526],[-60.48953401225383,76.2311417201302],[-60.49009148873269,76.23090544893766],[-60.49064450975927,76.23067353311002]]],"type":"Polygon"},"id":"00000000000000000206","properties":{"area":60085.89337101482,"elevation":475.6219533785779,"region":"NW","year":2018},"type":"Feature"},{"geometry":{"coordinates":[[[-55.491390021040836,74.82051404461019],[-55.49130977115664,74.81935469261133],[-55.488375631587644,74.81833798002582],[-55.4882954442674,74.81718306143266],[-55.486788226657794,74.81609508602071],[-55.48385414498233,74.81507390674356],[-55.4802066577997,74.81409294478031],[-55.4779905507024,74.81304055692085],[-55.476483419576724,74.81195254220764],[-55.479974585988415,74.81061930667555],[-55.483724929761834,74.80966508819994],[-55.48248526367843,74.808951629173],[-55.47767398599463,74.80841202329597],[-55.47326371094384,74.80842986005186],[-55.46950945003363,74.80938856657832],[-55.469772285500234,74.80976317053485],[-55.469852530735615,74.81091804302926],[-55.469928481774105,74.81207746348166],[-55.468581629264094,74.81329921247222],[-55.47008439181809,74.81438720530231],[-55.47087367923521,74.8155109696789],[-55.47380782408547,74.81652757038522],[-55.47745535520649,74.81751308771355],[-55.47967598109506,74.81856542875069],[-55.481896678762325,74.81961781270135],[-55.486971040817195,74.82053189729788],[-55.491390021040836,74.82051404461019]]],"type":"Polygon"},"id":"0000000000000000015d","properties":{"area":415717.20572028286,"elevation":934.2423786523091,"region":"NW","year":2018},"type":"Feature"},{"geometry":{"coordinates":[[[-56.75059575585654,75.12084788518936],[-56.75029689751641,75.12047774956967],[-56.7492711586416,75.12014331997356],[-56.74824572686048,75.11980892858479],[-56.74794239065995,75.11943876644287],[-56.7469170258165,75.11910436772753],[-56.746618108727,75.11872978558995],[-56.745017260569625,75.11862281999727],[-56.74356800690842,75.11869861325405],[-56.74242210588404,75.11914900612092],[-56.74097295750451,75.11922921908973],[-56.739523622102446,75.1193049820999],[-56.738377833774194,75.11975539324666],[-56.737227266790384,75.12020133515942],[-56.73753048240621,75.12057583499997],[-56.73638000631407,75.12102620930054],[-56.73668332062248,75.12139631374859],[-56.73625961535583,75.1218065864767],[-56.73728515234046,75.1221409649541],[-56.737583938182986,75.12251555540986],[-56.73788730774571,75.12288565627469],[-56.73818612120812,75.12326024493937],[-56.7392114235144,75.12359024499068],[-56.74096404080956,75.12388449580132],[-56.74256462850024,75.1239959903729],[-56.743710837455794,75.12354560702966],[-56.74500841637088,75.1232825663567],[-56.74660924687017,75.12338956105549],[-56.74775528167954,75.12294366322237],[-56.74817882252037,75.12252897052917],[-56.74860251485829,75.12211871533958],[-56.74974823912923,75.1216683637243],[-56.75017187312053,75.12125810345506],[-56.75059575585654,75.12084788518936]]],"type":"Polygon"},"id":"00000000000000000191","properties":{"area":162572.35842883948,"elevation":760.6062711640792,"region":"NW","year":2018},"type":"Feature"},{"geometry":{"coordinates":[[[-51.74442990955481,71.97339140025976],[-51.74428698680032,71.97301238829886],[-51.74353345390421,71.97265568403901],[-51.743390749411176,71.97228107260084],[-51.74224036865705,71.97251297826409],[-51.74102314636752,71.97255752829139],[-51.73994817930303,71.97298116859761],[-51.740091008671364,71.97335571540508],[-51.7390163790246,71.97377933226737],[-51.739163443018036,71.97415834945558],[-51.738695407897346,71.97455525306788],[-51.738231562490554,71.97495650739555],[-51.73776350779464,71.97535787644088],[-51.737910546696796,71.97573242561954],[-51.73744225181627,71.97613374288568],[-51.73758952422674,71.97651281113752],[-51.7377321222963,71.97688730832418],[-51.73787495880537,71.97726632432159],[-51.738557155413055,71.97743137068103],[-51.739774450877576,71.97738679033215],[-51.74085365348564,71.97696310474123],[-51.74131728788693,71.97656626169639],[-51.74178110610037,71.97616499899027],[-51.74224911498746,71.97576808691844],[-51.74210198314511,71.97538907270945],[-51.7425703878518,71.97498779166936],[-51.7430341274036,71.97459087551478],[-51.74289122007212,71.9742118628026],[-51.74335513797003,71.97381052722342],[-51.74442990955481,71.97339140025976]]],"type":"Polygon"},"id":"00000000000000000002","properties":{"area":74673.52979136813,"elevation":992.8238319553933,"region":"NW","year":2018},"type":"Feature"},{"geometry":{"coordinates":[[[-53.45876697394107,72.58273646456793],[-53.45857959159921,72.58236186548604],[-53.45839226529871,72.5819873831749],[-53.45758080998873,72.58163955125077],[-53.457393286819006,72.58126053317437],[-53.45604675362066,72.5811311575273],[-53.454695719618265,72.58099739638254],[-53.453255546956406,72.58067636202996],[-53.45190432165071,72.58054701673544],[-53.45055773449365,72.58041329738414],[-53.449117252709875,72.58009224875721],[-53.44785997967214,72.58015018980346],[-53.44660686644518,72.58020366185148],[-53.44526031720394,72.5800743866172],[-53.44400285472872,72.58012788149875],[-53.4427497161142,72.58018581099469],[-53.442932625317994,72.58056040019792],[-53.44311970432674,72.5809350158095],[-53.44330714064957,72.58131397938205],[-53.44411876414331,72.58166185798463],[-53.444306055368074,72.58203640293272],[-53.4451220663293,72.58238423440527],[-53.44530938344238,72.58275877800165],[-53.444867786641495,72.58316459073396],[-53.446120870621414,72.58310659859173],[-53.44756130271234,72.58342762430586],[-53.44891224205084,72.58356139477915],[-53.45016515110668,72.58350344158393],[-53.45151633421271,72.58363723945648],[-53.452769234811655,72.58357926686176],[-53.453933125778555,72.5833384406771],[-53.4551862233776,72.58328049808914],[-53.456443647925845,72.58322698982862],[-53.45751392793898,72.58279443413151],[-53.45876697394107,72.58273646456793]]],"type":"Polygon"},"id":"00000000000000000027","properties":{"area":146669.0549097321,"elevation":934.403855515529,"region":"NW","year":2018},"type":"Feature"},{"geometry":{"coordinates":[[[-53.22529281849162,72.81253626131902],[-53.22501642542128,72.81196994538043],[-53.222831436926064,72.81148832978742],[-53.22064623715266,72.81100233943417],[-53.21846126351135,72.81052073694391],[-53.21636559178726,72.81022642893805],[-53.21427418625014,72.80993212807006],[-53.21208927971519,72.80945051326823],[-53.209998108665985,72.80915179322656],[-53.208178773328115,72.8094237740055],[-53.20627037973303,72.80950404070303],[-53.204544667298514,72.80996332172444],[-53.204727435095215,72.8103378728383],[-53.204366351612414,72.81093095993258],[-53.20272955422933,72.81157754793412],[-53.2023685724546,72.81217056048642],[-53.203920163357715,72.81267892376214],[-53.20592239076424,72.81278597631551],[-53.207830869414366,72.81270566725001],[-53.20973943123201,72.81262096958626],[-53.21174148257057,72.8127280225826],[-53.21365014348095,72.81264769667469],[-53.21546944060607,72.81238021311773],[-53.217560706616915,72.81267451990416],[-53.21937999643743,72.81240251001643],[-53.221382274824386,72.81250949845239],[-53.223384386128366,72.81261653213984],[-53.22529281849162,72.81253626131902]]],"type":"Polygon"},"id":"00000000000000000040","properties":{"area":190357.70956366128,"elevation":1143.0912860724188,"region":"NW","year":2018},"type":"Feature"},{"geometry":{"coordinates":[[[-54.112216982081115,73.549295704981],[-54.10991153857537,73.54882303915747],[-54.106277417141044,73.54840835408532],[-54.102433557005675,73.54761903727578],[-54.09890653469475,73.54739608220001],[-54.095486395449086,73.54735596099177],[-54.0921731228284,73.54750758962541],[-54.088753151597494,73.54747193474212],[-54.08533301314676,73.54743173544439],[-54.082126925517166,73.54777065852544],[-54.07870673433631,73.54773499686978],[-54.07538922973852,73.54788214908076],[-54.072392612852106,73.54859557574336],[-54.07249956992454,73.54878290032867],[-54.0723657598569,73.54975495231301],[-54.07355648876369,73.55066463933508],[-54.07607581327266,73.55151185403713],[-54.078385702654074,73.55198452207135],[-54.08180572411959,73.55202466981882],[-54.08522582047185,73.55206032054382],[-54.08864588332631,73.55210045395494],[-54.09228011957785,73.55251066794898],[-54.095700290212186,73.55255078328253],[-54.09890635503117,73.55221194820177],[-54.10254063671315,73.55262214054129],[-54.10606777742478,73.55284961971113],[-54.109171163195754,73.5523234005578],[-54.11182456746358,73.55220302674586],[-54.11195375342973,73.55123095525182],[-54.11142313919935,73.55029448234657],[-54.112216982081115,73.549295704981]]],"type":"Polygon"},"id":"0000000000000000008c","properties":{"area":606584.9364533272,"elevation":1184.7991156145938,"region":"NW","year":2018},"type":"Feature"},{"geometry":{"coordinates":[[[-57.08093478285987,75.3632668677224],[-57.07841079255081,75.36301271302044],[-57.07589147638644,75.36275854179122],[-57.0732114855164,75.36232155470007],[-57.070531620090314,75.36188453208793],[-57.06932777649298,75.3613628594635],[-57.06959088423404,75.36076535932175],[-57.067646751104924,75.36028824559256],[-57.06717406494817,75.35973081777195],[-57.06817277346914,75.3590931999845],[-57.069907375582304,75.35841542282125],[-57.06943928588815,75.35785801098706],[-57.06707580710611,75.35779114223634],[-57.06486839712137,75.35791153187954],[-57.06281746109143,75.35821476350436],[-57.06329014918253,75.35877213174112],[-57.063762870257925,75.359329497829],[-57.06423542456903,75.35989132580094],[-57.065439484615524,75.36040860943676],[-57.0666479551707,75.36092585712014],[-57.06712038941956,75.36148324037258],[-57.069064652166375,75.36196035770767],[-57.07026861559762,75.3624821460943],[-57.07147691543173,75.36299939118449],[-57.072685288453336,75.3635166284386],[-57.07504864361452,75.36358349271795],[-57.0775726883091,75.36383768920959],[-57.07977979476876,75.36371722514431],[-57.08093478285987,75.3632668677224]]],"type":"Polygon"},"id":"0000000000000000026a","properties":{"area":76219.56099778968,"elevation":791.8123716046563,"region":"NW","year":2018},"type":"Feature"},{"geometry":{"coordinates":[[[-57.129931355676575,75.24352667474615],[-57.127010799434146,75.24368272121089],[-57.123938221254434,75.24366044961053],[-57.121017630286225,75.24381652308143],[-57.11810135747602,75.24397703332265],[-57.1151852819283,75.24413754369839],[-57.112264365011704,75.24429806926297],[-57.10966024238172,75.24482867588269],[-57.107056025065795,75.24535936161254],[-57.10444751269708,75.24588996833937],[-57.10361358434508,75.24671490626669],[-57.10132176101932,75.24761563889085],[-57.10195053424417,75.24836035323142],[-57.10476435202779,75.2489846036129],[-57.10830916462746,75.24956873161368],[-57.11185427912277,75.25015291225584],[-57.11524320791655,75.2505497645991],[-57.11831993483653,75.25057651357285],[-57.12092395278749,75.25004591101819],[-57.123688586223686,75.24970250325477],[-57.124522442586695,75.24887761520705],[-57.124625009257606,75.24809278002824],[-57.12180690992831,75.2474685014358],[-57.12409887476603,75.24656774183869],[-57.126390856199116,75.24566260016589],[-57.128994836569156,75.24513193295608],[-57.129828683201325,75.24430697589189],[-57.129931355676575,75.24352667474615]]],"type":"Polygon"},"id":"000000000000000001ad","properties":{"area":390790.4659251942,"elevation":622.0913263385938,"region":"NW","year":2018},"type":"Feature"},{"geometry":{"coordinates":[[[-53.024601994980834,72.64513265336703],[-53.02433885491707,72.6445708665247],[-53.02280949075859,72.6440580313722],[-53.02317497043571,72.64346499745105],[-53.02353633276678,72.64287634153844],[-53.022011295819595,72.64236353594893],[-53.021110610250595,72.64182404529396],[-53.020214183488264,72.64128888640955],[-53.01805601601919,72.64080291255738],[-53.016076310196354,72.64069587445704],[-53.014007187816,72.6403970736511],[-53.01211645553563,72.64047733190785],[-53.01013676230635,72.6403659249985],[-53.008246005512355,72.64044613981008],[-53.00661857423009,72.6410927113492],[-53.006885990532204,72.64165459230371],[-53.00715349985947,72.64222088910734],[-53.00678778761578,72.64281393559777],[-53.007055415848654,72.64337574656271],[-53.00795186849606,72.64391532042424],[-53.00884796016626,72.64445490905976],[-53.009744202755456,72.64499000768393],[-53.01064057049348,72.64552951803094],[-53.01279869033774,72.64601560493784],[-53.013605952249506,72.64636340949917],[-53.015411779958995,72.64609580619218],[-53.01712406150024,72.6456410601582],[-53.01910402846066,72.64574803923199],[-53.02090975887378,72.6454804933582],[-53.02280053341628,72.64540027658437],[-53.024601994980834,72.64513265336703]]],"type":"Polygon"},"id":"0000000000000000001b","properties":{"area":279518.2292656525,"elevation":1306.4180619947128,"region":"NW","year":2018},"type":"Feature"},{"geometry":{"coordinates":[[[-56.99607362937117,75.38767155899734],[-56.995757100669614,75.38729701514627],[-56.994709114327016,75.38696707653011],[-56.99338901344288,75.38723012772144],[-56.9917616393511,75.38712304504516],[-56.99028576978067,75.38720333716563],[-56.988814226647435,75.38728359192753],[-56.987182132669695,75.38717664268863],[-56.98586214910489,75.38743968685317],[-56.98454679211578,75.387707245491],[-56.98338295282604,75.38815760831278],[-56.98191130115364,75.38823342022116],[-56.982223668227306,75.38860798025141],[-56.982535806429155,75.38897810457097],[-56.983588300141285,75.3893125114548],[-56.98463597090477,75.38964246092338],[-56.985688353740045,75.38997692837907],[-56.98715988403286,75.38989665558623],[-56.98863579536553,75.3898208521362],[-56.9902679620603,75.38992786209263],[-56.99173926022252,75.3898476275915],[-56.99321535014607,75.38976732715689],[-56.99290323949634,75.38939726225689],[-56.994062535535775,75.38894687219515],[-56.99522633077417,75.38849198434596],[-56.99490985844757,75.38812194709202],[-56.99607362937117,75.38767155899734]]],"type":"Polygon"},"id":"00000000000000000269","properties":{"area":90317.97690491936,"elevation":880.8183654074602,"region":"NW","year":2018},"type":"Feature"},{"geometry":{"coordinates":[[[-53.392477888100935,72.51979184126434],[-53.39229490035676,72.51941725687513],[-53.391483459597126,72.51906940056718],[-53.390141197223556,72.51893563337978],[-53.38888824316043,72.5189891700532],[-53.38772887183394,72.51923445804539],[-53.38648021679242,72.51928793571814],[-53.38513816604912,72.51915866342895],[-53.38397875456206,72.51939943857143],[-53.38272589872081,72.51945734651902],[-53.38147725411419,72.51951090391879],[-53.3802242001865,72.51956886196761],[-53.37906492436681,72.5198096507799],[-53.377999126185145,72.52024219669667],[-53.37693346009001,72.52067466642345],[-53.377744917167576,72.52102252237795],[-53.379176435190395,72.52134359021103],[-53.38061214605231,72.52166467419441],[-53.38204792155597,72.52198125950588],[-53.38330086549007,72.5219277271178],[-53.384736673142385,72.52224877616602],[-53.3860789060555,72.52238253884369],[-53.38714485306466,72.52194999075442],[-53.388486897665615,72.52208380308355],[-53.38964641826006,72.52183851173427],[-53.38946346059172,72.52146392551366],[-53.38927620171212,72.521084893286],[-53.39034636543751,72.52065688607586],[-53.39141212603101,72.5202243087404],[-53.392477888100935,72.51979184126434]]],"type":"Polygon"},"id":"0000000000000000001d","properties":{"area":122595.71459019741,"elevation":825.9682331320556,"region":"NW","year":2018},"type":"Feature"},{"geometry":{"coordinates":[[[-54.482134941827134,73.3667133602793],[-54.480605622378334,73.36640119638798],[-54.47918739539297,73.3662763529853],[-54.47776960404524,73.3661514751478],[-54.476351406359846,73.36602660910243],[-54.47493346234104,73.36590177853857],[-54.47362238292618,73.36596420125836],[-54.47231153080618,73.3660266609762],[-54.47089360215613,73.36590179809328],[-54.4711120010574,73.36627630931207],[-54.47001973625732,73.36671330907154],[-54.46893156692486,73.36715480768383],[-54.46915018376907,73.36752936698971],[-54.46936857060365,73.36790387896623],[-54.46893169096663,73.36830965263132],[-54.47045662735735,73.36862179703736],[-54.471767483886644,73.36855942251108],[-54.47318561285779,73.36868427892561],[-54.474496640045054,73.36862181418738],[-54.47569602269563,73.36837209792287],[-54.47700707144509,73.36830973100932],[-54.478424962787095,73.36843449865893],[-54.47951759204627,73.36799754146321],[-54.48060560016779,73.36755609381689],[-54.48169788831475,73.3671190748689],[-54.482134941827134,73.3667133602793]]],"type":"Polygon"},"id":"0000000000000000008b","properties":{"area":94653.91316089219,"elevation":859.3333459643803,"region":"NW","year":2018},"type":"Feature"},{"geometry":{"coordinates":[[[-53.1675830947804,72.79136441957992],[-53.16740038707333,72.79098986241094],[-53.16721734191316,72.79061084053608],[-53.16639691242842,72.79026301405887],[-53.16494328510283,72.78993750772943],[-53.163489634531274,72.7896164734654],[-53.16230781321601,72.78985725467494],[-53.160948004569235,72.789723477281],[-53.159583410408004,72.78958974371456],[-53.158312788770836,72.78964321115537],[-53.157224592445374,72.79007572130098],[-53.15613646432297,72.79050385673963],[-53.15631509412063,72.79088285527125],[-53.15649759669407,72.79125742319789],[-53.15668044897555,72.79163645507019],[-53.15750096282445,72.7919842583704],[-53.1576839100597,72.79235880452407],[-53.15895470653563,72.79230534301189],[-53.160408378164405,72.7926307825128],[-53.16176838330522,72.79276456471406],[-53.163043805399454,72.79271108672569],[-53.16440382766809,72.79284484798448],[-53.16558544897314,72.79259958992488],[-53.166673516122174,72.79217151217802],[-53.16649040541647,72.79179697462061],[-53.1675830947804,72.79136441957992]]],"type":"Polygon"},"id":"00000000000000000038","properties":{"area":102980.40025577506,"elevation":1159.751062347614,"region":"NW","year":2018},"type":"Feature"},{"geometry":{"coordinates":[[[-54.675463689289494,73.84335107627909],[-54.67229779819421,73.84157189587425],[-54.66264829365117,73.84164327565996],[-54.65322609478904,73.84208918484529],[-54.643804196614255,73.84253509102751],[-54.6346139993313,73.84335558993206],[-54.62530324440645,73.8439887693431],[-54.6163360425385,73.84518375064997],[-54.61544412394613,73.84599536179091],[-54.62108067861354,73.84843000425568],[-54.631434559486756,73.8506372338531],[-54.63505540912844,73.85316561591543],[-54.63530957384776,73.85585442830273],[-54.63893045356135,73.8583827323871],[-54.642626791535264,73.85762914985173],[-54.63967953753001,73.85506957932894],[-54.640772145472496,73.8523183470011],[-54.63580462496023,73.84985246087386],[-54.626123922749976,73.8476139809015],[-54.63385141126397,73.84551372063214],[-54.64293002380493,73.84450599019694],[-54.65235227085734,73.8440601147468],[-54.661658388025614,73.8434269195239],[-54.668864254872375,73.845009879996],[-54.664409757914434,73.84792168070854],[-54.66521224619812,73.84923261830953],[-54.67168701503211,73.84622719826763],[-54.675463689289494,73.84335107627909]]],"type":"Polygon"},"id":"000000000000000000c5","properties":{"area":782971.3678299636,"elevation":1045.0974978715344,"region":"NW","year":2018},"type":"Feature"},{"geometry":{"coordinates":[[[-55.20741680087072,74.46780359617685],[-55.205392409538,74.46693406887559],[-55.20267213367219,74.466100259962],[-55.199947709093735,74.46526635453759],[-55.19862349471362,74.46436561833143],[-55.196598820184754,74.46349611213718],[-55.195274459722434,74.46259537392993],[-55.19349973105599,74.46210042495542],[-55.19001294424388,74.4622698491715],[-55.18627165737642,74.46206475901157],[-55.182780043009636,74.46222975701538],[-55.18290482780991,74.46241702571412],[-55.184229218649065,74.46331775225356],[-55.1848581233281,74.46425411926538],[-55.184786910314685,74.46522176997456],[-55.18611118063156,74.46612699408675],[-55.18603978202568,74.46709459417875],[-55.18736863686425,74.46799537032386],[-55.187992861680236,74.46893175316698],[-55.18932169916167,74.46983246605262],[-55.19204168524274,74.47066629505964],[-55.19616200191989,74.47143334116389],[-55.19990313764357,74.47163848139783],[-55.20277036825145,74.47053701751756],[-55.205182759869196,74.46984142824479],[-55.205954131892405,74.46883810519473],[-55.20741680087072,74.46780359617685]]],"type":"Polygon"},"id":"00000000000000000112","properties":{"area":466080.3953612372,"elevation":847.1149245727345,"region":"NW","year":2018},"type":"Feature"},{"geometry":{"coordinates":[[[-67.29677084917387,76.31594493307911],[-67.29646771297072,76.315771002105],[-67.29541995746577,76.31566844963407],[-67.29437205110176,76.31556144948087],[-67.29332401145027,76.31545885788023],[-67.29227628737334,76.31535629074693],[-67.29122841338496,76.3152492759292],[-67.29018025922839,76.31514674982226],[-67.2898728175525,76.31497285831102],[-67.28956961514416,76.31479447498207],[-67.28882497857927,76.3148658322786],[-67.28808018710454,76.31494160042347],[-67.28733977829185,76.31501298426836],[-67.28659511436311,76.3150843338075],[-67.28585044137546,76.31515568075736],[-67.28541362068424,76.31540539470465],[-67.28497207548334,76.31565060338876],[-67.28453522572329,76.3159003146486],[-67.2848383984222,76.31607870340423],[-67.28514611744073,76.3162526298489],[-67.28470470320599,76.31650227931057],[-67.28501243029412,76.31667620557775],[-67.28531562526673,76.31685459306698],[-67.28561881469965,76.31702845712194],[-67.28666663746476,76.31713105531658],[-67.28771902266023,76.31723804293641],[-67.28876686650642,76.31734063133548],[-67.28981472072985,76.31744321484733],[-67.29055492368553,76.3173717953014],[-67.2912995236008,76.31730051437499],[-67.29204426041646,76.31722915070006],[-67.29278882731487,76.31715334168365],[-67.29352915325684,76.31708202137123],[-67.29397072912336,76.3168367166839],[-67.29471526189046,76.31676090078292],[-67.29545555439837,76.31668957363887],[-67.29589693925851,76.31644434436082],[-67.29633390149445,76.31619463939151],[-67.29677084917387,76.31594493307911]]],"type":"Polygon"},"id":"0000000000000000024f","properties":{"area":60108.88115447108,"elevation":272.47892334143586,"region":"NW","year":2018},"type":"Feature"},{"geometry":{"coordinates":[[[-56.686536193440084,75.23743551393233],[-56.68404354585704,75.23717689782086],[-56.68127441610537,75.23751580257539],[-56.678505317365875,75.23785910490216],[-56.67543301213883,75.23782792503874],[-56.67250777589396,75.2379795618684],[-56.669435691028085,75.2379483333558],[-56.666818165442784,75.23847451939717],[-56.66404441887452,75.23881335859178],[-56.661427105219175,75.23933955776343],[-56.659108185501424,75.24023580945187],[-56.65940700020696,75.24061045005702],[-56.65928224226853,75.24139523333457],[-56.65842142238366,75.24221567356157],[-56.6582966145156,75.24300045096824],[-56.6581673346909,75.24378080833216],[-56.65876915997766,75.24452550967476],[-56.66068232306536,75.24500706754905],[-56.66330437270474,75.24448090366309],[-56.66607778338359,75.24414198475506],[-56.669150278142624,75.24417325548387],[-56.6716205326294,75.24346425063592],[-56.671901349859,75.24286673684662],[-56.67202625442178,75.24208196240446],[-56.67434505307117,75.24118121466114],[-56.67696683236608,75.24065498823731],[-56.67928108241126,75.23975874770987],[-56.68190327574983,75.23923258240892],[-56.68422193637665,75.23833183532835],[-56.686536193440084,75.23743551393233]]],"type":"Polygon"},"id":"00000000000000000199","properties":{"area":326466.4433489964,"elevation":877.0810916179337,"region":"NW","year":2018},"type":"Feature"},{"geometry":{"coordinates":[[[-55.12804913940086,74.55521979979707],[-55.12779941048927,74.55484522831009],[-55.12684526197964,74.55450640053832],[-55.12531574114652,74.55438596445676],[-55.12378604576871,74.55426558643458],[-55.12238151910376,74.5543324964342],[-55.12110186299178,74.55458665095807],[-55.11969729386563,74.55465354083756],[-55.11994704407633,74.55502805186063],[-55.11879197552026,74.5554695150611],[-55.117637105419625,74.55590652533058],[-55.117891247383774,74.55628109618364],[-55.117436438243665,74.5566913162086],[-55.11769058880155,74.55706588643393],[-55.11864037261733,74.55740481458552],[-55.11819016044821,74.55781502335104],[-55.118439739227775,74.55818960293442],[-55.11798931378319,74.55859538952998],[-55.11823909179791,74.558969898202],[-55.119193339160894,74.55930876480377],[-55.1204731693384,74.55905469946775],[-55.11951884838838,74.55871572277235],[-55.11996924046343,74.55830993251601],[-55.12042402697506,74.55789970844805],[-55.120874635240334,74.55749396063179],[-55.12202932686992,74.55705251250659],[-55.123184216236844,74.55661110228732],[-55.124334632796675,74.55616962545547],[-55.125489595591915,74.55572812900199],[-55.12676951539719,74.55547399186415],[-55.12804913940086,74.55521979979707]]],"type":"Polygon"},"id":"00000000000000000129","properties":{"area":75544.784461407,"elevation":1048.8688587086015,"region":"NW","year":2018},"type":"Feature"},{"geometry":{"coordinates":[[[-57.93676094530265,75.72961327054591],[-57.93474116921882,75.72914061072564],[-57.93231550597001,75.72908265256227],[-57.930059209030226,75.72921192395708],[-57.927976679715854,75.72952403942305],[-57.92555103625228,75.72946611657514],[-57.92295587002407,75.72922531942267],[-57.92018210222119,75.7287972321825],[-57.917412979209615,75.72836917692467],[-57.916316155089184,75.72803923261525],[-57.914581552670825,75.72872144100488],[-57.915098783867705,75.7292788245023],[-57.91486250331671,75.72987637055641],[-57.91537978513353,75.73043375083387],[-57.91514322225176,75.731031252057],[-57.91716333220008,75.73150387901096],[-57.91693134090858,75.73210144880393],[-57.91970062927817,75.73252953821509],[-57.920971327081396,75.73304229024673],[-57.9237406686593,75.7334703982687],[-57.92616616163594,75.73352833378046],[-57.92807928644326,75.73302890533239],[-57.93015707560359,75.73271683116289],[-57.932587240548706,75.73277480181484],[-57.932070249028556,75.73221740465654],[-57.93305560496382,75.73157974339026],[-57.93479016730634,75.73089301076436],[-57.9365249064353,75.73021076158278],[-57.93676094530265,75.72961327054591]]],"type":"Polygon"},"id":"000000000000000001d7","properties":{"area":221032.68752006072,"elevation":527.6193611473274,"region":"NW","year":2018},"type":"Feature"},{"geometry":{"coordinates":[[[-54.77634637774749,73.2469017644054],[-54.77623497816508,73.24671446392763],[-54.775476998405175,73.24655843001871],[-54.77471456853845,73.24640678701556],[-54.77395207808087,73.24625070530938],[-54.7731894191555,73.24609469056277],[-54.77243124592735,73.2459385971901],[-54.77178021050352,73.2459742444679],[-54.77112933912968,73.24600550030216],[-54.7704827012562,73.2460366320062],[-54.769943158972474,73.24625518735617],[-54.769408149240434,73.24647810101762],[-54.768868581870485,73.24669665270062],[-54.76832894362674,73.24691508588876],[-54.76779406412372,73.24713360509077],[-54.76714279463283,73.24716930497083],[-54.766384856456845,73.24701323223259],[-54.7657336967325,73.24704442125275],[-54.7651942486477,73.24726289075114],[-54.764659141559136,73.24748147017131],[-54.76411973777474,73.24770437139823],[-54.763584547371785,73.24792283052291],[-54.763044869481206,73.24814136292865],[-54.76250535884508,73.24835982325823],[-54.762616877772636,73.24854717744418],[-54.763379327411016,73.24870319108581],[-54.764030549360626,73.24867201131136],[-54.764676996757814,73.24864074116037],[-54.76543945240001,73.2487924272118],[-54.76609043328886,73.24876119336798],[-54.76674164937241,73.24873000350473],[-54.767388090901356,73.24869872333866],[-54.76803930115986,73.24866752862093],[-54.76869020005568,73.24863184966635],[-54.76922534650221,73.24841337501597],[-54.769764775822466,73.24819489353385],[-54.77029989741407,73.24797641524742],[-54.77083941070696,73.24775342445857],[-54.77137450732371,73.24753494253318],[-54.771914304431974,73.24731642988404],[-54.772453671199436,73.24709793923387],[-54.7731002089573,73.24706224847151],[-54.77386272628628,73.24721833378938],[-54.77451386840865,73.24718711451925],[-54.77516029479355,73.24715592181379],[-54.77581135917081,73.24712026227981],[-54.77634637774749,73.2469017644054]]],"type":"Polygon"},"id":"0000000000000000008a","properties":{"area":61769.45506740455,"elevation":534.5380541162926,"region":"NW","year":2018},"type":"Feature"},{"geometry":{"coordinates":[[[-55.0663932641994,73.47265266584647],[-55.066156664529544,73.47227808996578],[-55.06460949161108,73.47197044649046],[-55.06371776011037,73.47162704274659],[-55.06282584214953,73.47128820901301],[-55.06193417242557,73.47094479620809],[-55.06116257380458,73.4707931579632],[-55.05973112792235,73.47067282953927],[-55.058179444213074,73.47036066271625],[-55.056980028784615,73.47061479442301],[-55.055664533769736,73.47068176866689],[-55.054585498166176,73.47112313732647],[-55.05481727599467,73.47149769364168],[-55.05373389260012,73.47193918406742],[-55.05396566544727,73.47231374075925],[-55.05485749155165,73.4726526174734],[-55.05640932062202,73.47296481256978],[-55.05730121710217,73.47330367700312],[-55.05687300674646,73.47371391753212],[-55.05842474653276,73.47402154503591],[-55.059740092203164,73.47395469330365],[-55.06093966996362,73.47370054601515],[-55.06213921326252,73.47344639027077],[-55.063338722099935,73.47319222607081],[-55.0645336119201,73.47293801930726],[-55.065849087534374,73.47287116755999],[-55.0663932641994,73.47265266584647]]],"type":"Polygon"},"id":"000000000000000000a7","properties":{"area":95542.68229844983,"elevation":443.1759058647737,"region":"NW","year":2018},"type":"Feature"},{"geometry":{"coordinates":[[[-57.155499864199676,75.07606510173588],[-57.15472393783392,75.07513321217857],[-57.15034058036071,75.0744063128391],[-57.145961714190044,75.07367947379532],[-57.14219834398354,75.073692925174],[-57.13843920029908,75.07370627455153],[-57.134368084050884,75.07334954470535],[-57.13060929411189,75.07336290397215],[-57.12700634152159,75.07356355084046],[-57.12386249972278,75.07431710566071],[-57.12072324249579,75.0750751752777],[-57.1178918642208,75.07620337881475],[-57.1147479669715,75.07696141691196],[-57.11407930732768,75.07796919529973],[-57.11413264475157,75.07893675945128],[-57.1185161500764,75.07966805149009],[-57.12243117174843,75.07984200254378],[-57.12603853409156,75.07964132263386],[-57.130109721986834,75.0799980088278],[-57.13449309614909,75.0807293104703],[-57.1384080903047,75.08089880952494],[-57.142015334133745,75.08069814163845],[-57.14577906779272,75.08068471934017],[-57.149538124104794,75.08067140005824],[-57.149640687262014,75.07988654902066],[-57.14958697109105,75.07891894065419],[-57.150973734917386,75.07787103528361],[-57.15380076389071,75.07674291500047],[-57.155499864199676,75.07606510173588]]],"type":"Polygon"},"id":"0000000000000000019c","properties":{"area":716816.3337770852,"elevation":430.82090505732094,"region":"NW","year":2018},"type":"Feature"},{"geometry":{"coordinates":[[[-55.59206318299761,74.69565030924433],[-55.59038197934374,74.6953470662319],[-55.590828031717514,74.69493680390319],[-55.589855904682494,74.69459790610392],[-55.590297575746575,74.6941877118953],[-55.5900343219516,74.69381761027583],[-55.58906227244643,74.69347870767139],[-55.58809025907801,74.69313979999421],[-55.58711809157708,74.69280095796644],[-55.586850618512045,74.69242635856371],[-55.585169609753194,74.69212313983633],[-55.583492978231426,74.6918154651809],[-55.581945430292116,74.69169956873581],[-55.58052743355517,74.69177086792642],[-55.57911400649127,74.69183776067133],[-55.57770042478767,74.69190908707377],[-55.57867263796882,74.69224802164624],[-55.57893549284672,74.69262258328789],[-55.57848965636114,74.69303279434169],[-55.57946168777971,74.69337167885429],[-55.57972935375253,74.69374177164119],[-55.579992515347286,74.69411637551922],[-55.58025542926383,74.69449093336705],[-55.580522991507586,74.69486546798592],[-55.58078618863009,74.69524006958085],[-55.58175838560635,74.69557894099995],[-55.58273016888945,74.69591783279382],[-55.58441151200641,74.69622107103915],[-55.58609245805249,74.6965243200689],[-55.58776901020676,74.69682750635438],[-55.588036578099675,74.69720209951309],[-55.5894500617187,74.69713072609187],[-55.590734606099964,74.69687653666956],[-55.5918848455228,74.6964306026289],[-55.59162178072802,74.69606055079605],[-55.59206318299761,74.69565030924433]]],"type":"Polygon"},"id":"00000000000000000253","properties":{"area":143579.26871320241,"elevation":785.2245355940657,"region":"NW","year":2018},"type":"Feature"},{"geometry":{"coordinates":[[[-53.01843497226965,72.58301293809338],[-53.01610729788093,72.58215233189883],[-53.01440844946101,72.58126497289557],[-53.01333835672508,72.58035087960353],[-53.01038201677341,72.5795169991461],[-53.00931178893964,72.57860289925007],[-53.00599419587415,72.57835766571208],[-53.00276578007621,72.57829964210718],[-52.999715707965905,72.57862076105303],[-52.997013583281586,72.5796953928917],[-52.996652385804246,72.58028393019546],[-52.99520759574088,72.58130507603937],[-52.99502022038316,72.58227272815706],[-52.994833010996565,72.58324031018181],[-52.99527455687818,72.58418124220418],[-52.99445859421538,72.5851755865797],[-52.99489994474301,72.58611646835652],[-52.99597014937239,72.58703058034517],[-52.99928778830244,72.58727584064506],[-53.00260965591202,72.5875210735557],[-53.00566416750363,72.58720005901426],[-53.00862935492509,72.58669171817249],[-53.01176873536097,72.58655794122471],[-53.014734100545624,72.58604958842297],[-53.01492118525566,72.5850819434136],[-53.016366098111206,72.58406082459669],[-53.01843497226965,72.58301293809338]]],"type":"Polygon"},"id":"00000000000000000014","properties":{"area":602279.3105866765,"elevation":1235.7809149306597,"region":"NW","year":2018},"type":"Feature"},{"geometry":{"coordinates":[[[-59.101589956668676,76.12089937493488],[-59.099841848804495,76.12001203463818],[-59.09668474594477,76.1189418280597],[-59.09265373481305,76.11898639374057],[-59.08727619903558,76.11931195509926],[-59.08343678159333,76.11954384554028],[-59.078447062361334,76.12023495781459],[-59.075182957232364,76.12101979465434],[-59.07038506643421,76.12189826339682],[-59.066353985068965,76.12350798458624],[-59.06654564272146,76.12369519667082],[-59.06404859837192,76.12521584619466],[-59.06422703346902,76.12616557584091],[-59.06443662269491,76.12715103741945],[-59.06659907463494,76.12809636525576],[-59.0702066437197,76.12876529229173],[-59.0736669301065,76.12894811364356],[-59.07833544074112,76.12836841432299],[-59.08146130093484,76.12739626954422],[-59.081791307058865,76.12620129225665],[-59.07813491641914,76.12504635753213],[-59.079860569437585,76.12357041732442],[-59.0838915124423,76.12195622320404],[-59.089082011350506,76.12144789701661],[-59.09477631131173,76.1218001003142],[-59.10054175958085,76.12184469052289],[-59.101589956668676,76.12089937493488]]],"type":"Polygon"},"id":"000000000000000001f2","properties":{"area":465194.55486007803,"elevation":841.5819668956757,"region":"NW","year":2018},"type":"Feature"},{"geometry":{"coordinates":[[[-54.96642895843543,73.31957170496695],[-54.966081282447924,73.31900987397137],[-54.96401216830069,73.31892069248094],[-54.9617157989878,73.31846135236614],[-54.95975808155199,73.31855948115705],[-54.957916564415555,73.31884484592847],[-54.955847531956124,73.31875568536806],[-54.954005983990974,73.31904112517903],[-54.95193693243413,73.3189519186617],[-54.95009529391067,73.31923731692687],[-54.94825377425193,73.31952262497147],[-54.94641225348562,73.31980802980104],[-54.94805736783793,73.3203074630153],[-54.94905180273221,73.32083361430865],[-54.95004622510009,73.3213642650669],[-54.95104501151257,73.32189490061671],[-54.952039427835956,73.32242110475377],[-54.95433590582166,73.322884840989],[-54.95640945262327,73.32297396577479],[-54.95871045272072,73.32343775262505],[-54.96066328431067,73.3233396517938],[-54.962505057258866,73.32304982868257],[-54.96423529906422,73.32257713402069],[-54.96618823388429,73.32247901710814],[-54.965844814889095,73.32191717908965],[-54.96615269198814,73.32132413256672],[-54.96515804046386,73.32079349942799],[-54.964814685029864,73.3202316577852],[-54.96642895843543,73.31957170496695]]],"type":"Polygon"},"id":"00000000000000000094","properties":{"area":232413.12949823975,"elevation":322.90672562887136,"region":"NW","year":2018},"type":"Feature"},{"geometry":{"coordinates":[[[-59.810939088883686,76.12225498418421],[-59.808798750782486,76.12180008264615],[-59.80589583362199,76.12139435193986],[-59.80375536360226,76.12093954834332],[-59.80544555894965,76.12024392890385],[-59.80713560141906,76.11954829268014],[-59.80652890360601,76.11899535579941],[-59.806689627875784,76.11839785082354],[-59.80551704593855,76.11807676094513],[-59.802814615424175,76.11785377776287],[-59.80092405008163,76.11836658585155],[-59.79862733680657,76.1185137781934],[-59.79613050427618,76.1184736205311],[-59.794034695968406,76.11880364543937],[-59.79214398330037,76.11931641017753],[-59.790048251524304,76.11964643278459],[-59.78835824400841,76.12034204672587],[-59.786668372968684,76.12104205613694],[-59.7870693995625,76.12140771476969],[-59.788442972063166,76.12191159860895],[-59.78828258834236,76.12250911880724],[-59.78965581921288,76.12301302778658],[-59.791791820497224,76.12346786377022],[-59.79316494788111,76.12397170971266],[-59.79607233065002,76.12437748487555],[-59.79744584841082,76.12487685574686],[-59.79994292696451,76.12491699920807],[-59.80244461588978,76.12495714241246],[-59.80474077363237,76.12481002426433],[-59.80703735235493,76.12466284632795],[-59.80893255557556,76.12415006729623],[-59.81062234910844,76.12345445339169],[-59.810016133922616,76.12290153978667],[-59.810939088883686,76.12225498418421]]],"type":"Polygon"},"id":"000000000000000001fc","properties":{"area":324112.9576728422,"elevation":468.5952970026055,"region":"NW","year":2018},"type":"Feature"},{"geometry":{"coordinates":[[[-56.13992622498391,74.85432294401028],[-56.136800292260695,74.85312343033507],[-56.13281828191083,74.85177680755721],[-56.13455284463191,74.85014032243302],[-56.12856000920953,74.85006007072305],[-56.12172852328622,74.84886053184353],[-56.12559923407815,74.8471081034217],[-56.130468437444755,74.84569456712002],[-56.13176591804663,74.84446385684815],[-56.1257774273654,74.84438807112076],[-56.12034624499185,74.84505249059922],[-56.11435768135738,74.84497225602452],[-56.10906918500695,74.84582836649928],[-56.10378071784326,74.84668008899985],[-56.0982112897361,74.84715715422958],[-56.09647671740132,74.8487981021305],[-56.0947420904374,74.85043906758717],[-56.095147924602685,74.85196849430324],[-56.10127934246383,74.85223607144405],[-56.1079722050356,74.85324829267175],[-56.10695116116234,74.85485357183228],[-56.11122289839141,74.85560273944083],[-56.11693504863765,74.85530844899215],[-56.122508962544366,74.85482687615088],[-56.128501909749936,74.85490705645213],[-56.13477589920147,74.85536187642126],[-56.13992622498391,74.85432294401028]]],"type":"Polygon"},"id":"0000000000000000016e","properties":{"area":985616.4569201327,"elevation":562.9475023177378,"region":"NW","year":2018},"type":"Feature"},{"geometry":{"coordinates":[[[-54.87522254818388,74.46657738851276],[-54.87510208423091,74.46639005571619],[-54.87497729355841,74.46620277473174],[-54.874857089647804,74.46601548781709],[-54.87415675328241,74.46604671322432],[-54.873581569411535,74.46626968584464],[-54.87300643499705,74.46648816478292],[-54.87230632927257,74.46651942938202],[-54.87160609207025,74.46655506677189],[-54.871030922625415,74.46677353930308],[-54.870330990806785,74.46680472641253],[-54.86963086461321,74.46683598096298],[-54.86905559517125,74.4670589387671],[-54.86847604658744,74.46727745473999],[-54.86790081326567,74.46749591688396],[-54.867200778267,74.46753158378975],[-54.86650061426298,74.46756282646562],[-54.86662532911127,74.46775011178518],[-54.866745907872435,74.46793737867152],[-54.866166301211635,74.46815588662457],[-54.86559094409657,74.46837883245362],[-54.86571139195699,74.4685616779947],[-54.865831712909554,74.46874889873094],[-54.865956684979686,74.46893623004769],[-54.86607682023364,74.46912352048818],[-54.865497292764644,74.46934644689614],[-54.86562201144601,74.46953373185305],[-54.86631754449013,74.46949807704728],[-54.866897445763406,74.46927961602458],[-54.86747268403166,74.46906104227568],[-54.86805230162959,74.46884253100804],[-54.868627448805256,74.4686196479603],[-54.86920729198483,74.46840117891414],[-54.869782472395016,74.46818259719984],[-54.870362160320276,74.46795970253089],[-54.870937566417645,74.46774116306297],[-54.87151709682167,74.46752263976305],[-54.872092156347314,74.46729974474418],[-54.87267191232624,74.46708126366205],[-54.873247260565755,74.46686271622654],[-54.87382698756922,74.46664423113452],[-54.87452238208278,74.4666085450358],[-54.87522254818388,74.46657738851276]]],"type":"Polygon"},"id":"00000000000000000106","properties":{"area":32250.112664821114,"elevation":1091.8330949499389,"region":"NW","year":2018},"type":"Feature"},{"geometry":{"coordinates":[[[-54.44764842436673,73.83052225413499],[-54.4459673203015,73.8300228495474],[-54.44495935875337,73.82949218351686],[-54.44260493768274,73.82902401629966],[-54.44159293550463,73.8284933741286],[-54.4405849894363,73.82796275275226],[-54.43957727989765,73.82742762653112],[-54.439242857962014,73.82686574500718],[-54.43958190434658,73.82627272915083],[-54.43991625555248,73.82567966091693],[-54.4395816728921,73.82511784743083],[-54.43790082523519,73.82461838841589],[-54.43756632346874,73.82405657018475],[-54.43576924801625,73.82452482320139],[-54.43610813659677,73.82508664778558],[-54.43711598877605,73.82561722643338],[-54.43677711775253,73.82621028510091],[-54.4377848643882,73.82674092877062],[-54.43744599764646,73.82733398700742],[-54.43778480703774,73.82789587484493],[-54.43811921327091,73.82846218653232],[-54.43912687716891,73.82899277384506],[-54.44013484254674,73.82952340202817],[-54.441142433057095,73.83005404717657],[-54.443496955637585,73.83052223272385],[-54.44562842235512,73.83061587252494],[-54.44764842436673,73.83052225413499]]],"type":"Polygon"},"id":"000000000000000000b4","properties":{"area":68681.69893250437,"elevation":1129.3696244457508,"region":"NW","year":2018},"type":"Feature"},{"geometry":{"coordinates":[[[-59.01711215742382,76.16564203831773],[-59.016532400891165,76.1650891183623],[-59.01403072396675,76.16504451272868],[-59.0115248208543,76.16499538860427],[-59.00921068866603,76.16513368808114],[-59.00959405756375,76.165503766672],[-59.007859479801205,76.16619491226933],[-59.006125036909445,76.16688608103921],[-59.00515726126646,76.16753266525785],[-59.00419415842012,76.16817480479462],[-59.00399793888979,76.16877678553999],[-59.00303471599334,76.16941891513844],[-59.00438132829635,76.16992722133213],[-59.00496106403476,76.17048008599846],[-59.00707896064461,76.1709438852974],[-59.008425754468895,76.17144775374625],[-59.010739859453544,76.17130953918026],[-59.012479178253855,76.17061839579036],[-59.011128189268575,76.17011447149977],[-59.01286688231698,76.1694233528424],[-59.01305890122285,76.1688213253338],[-59.0132549449252,76.1682238585334],[-59.013446749765365,76.16762190045885],[-59.01518120799892,76.1669307137936],[-59.01691580111217,76.16623955029063],[-59.01711215742382,76.16564203831773]]],"type":"Polygon"},"id":"000000000000000001f3","properties":{"area":148679.6923560092,"elevation":868.6921759683569,"region":"NW","year":2018},"type":"Feature"},{"geometry":{"coordinates":[[[-70.82206037085939,77.9398826317873],[-70.82044634068104,77.93961959667497],[-70.81883651022954,77.93936095336576],[-70.81968369358746,77.93885259413209],[-70.81971051312904,77.93842895611382],[-70.81809613803607,77.93817033747848],[-70.81894362901565,77.93766200028382],[-70.8173293625313,77.93740337606185],[-70.81489897628543,77.93722499818675],[-70.8132628389324,77.93738998329403],[-70.81083233520411,77.93721164853395],[-70.80959273554502,77.93755050899247],[-70.80755949860747,77.93754609360766],[-70.80631528318295,77.93788050956186],[-70.80546793653029,77.93838884957034],[-70.803831684292,77.93855387689248],[-70.80258738586589,77.93889275249218],[-70.80095115556385,77.93905767858425],[-70.79970692966126,77.93939664398636],[-70.7980704438141,77.93956163167908],[-70.79885978489438,77.93990052107131],[-70.79883289409797,77.94032857212353],[-70.7996267864428,77.94067188454635],[-70.80041575118014,77.9410108237914],[-70.80245372196701,77.94101970204237],[-70.80409030574623,77.9408546890306],[-70.80612796353812,77.94085913750834],[-70.8073676250285,77.9405202808026],[-70.80861170377942,77.9401858435279],[-70.81104215087505,77.94035977415523],[-70.8134720756558,77.94053811442633],[-70.81590239146058,77.9407164564115],[-70.81833248533322,77.9408903751802],[-70.81957681746022,77.94055601431113],[-70.82041947088216,77.94004760679435],[-70.82206037085939,77.9398826317873]]],"type":"Polygon"},"id":"0000000000000000024d","properties":{"area":144379.42844773477,"elevation":280.94390859177906,"region":"NW","year":2018},"type":"Feature"},{"geometry":{"coordinates":[[[-53.29703967435082,73.1206512523838],[-53.29411014540394,73.11966576488066],[-53.28845585652322,73.11894341410263],[-53.28103150916067,73.11733368156628],[-53.27609539022495,73.11577740094408],[-53.271555848479046,73.11427024920805],[-53.26950909659107,73.11282105731932],[-53.27069535083246,73.11123355154757],[-53.27623344468887,73.10907538650999],[-53.281602412080915,73.10805870550692],[-53.28760873010202,73.10801416822976],[-53.29173327715037,73.1074344215806],[-53.28532570392684,73.10638209396039],[-53.27935487094818,73.10605657324716],[-53.27445006444604,73.10720702404383],[-53.26873317894093,73.10898619881654],[-53.26560745611757,73.110653935652],[-53.26450154003647,73.11207191171658],[-53.265215039839454,73.11349881485009],[-53.267961851557374,73.11501931826194],[-53.27185041161765,73.11653099291345],[-53.27648329574624,73.11787318341989],[-53.28047416975629,73.11924218658362],[-53.285873970786966,73.1203970368425],[-53.292923786662534,73.12125319185238],[-53.29703967435082,73.1206512523838]]],"type":"Polygon"},"id":"00000000000000000056","properties":{"area":437247.2734842081,"elevation":1232.1378307647565,"region":"NW","year":2018},"type":"Feature"},{"geometry":{"coordinates":[[[-55.417342334079876,73.61877741911469],[-55.41722175932191,73.61859012442427],[-55.41643719103341,73.61843404817473],[-55.415652196211724,73.61828238049118],[-55.41486727641677,73.61813082577149],[-55.41408254853382,73.61797919681212],[-55.41329784639033,73.6178231777761],[-55.41251314154324,73.61767154200695],[-55.41172826762584,73.61751997366414],[-55.411063846844065,73.61755558453332],[-55.4104038104796,73.61758678612765],[-55.40961895364493,73.6174352086584],[-55.40895477305227,73.61747085725702],[-55.40829036048073,73.61750207116292],[-55.40763036557354,73.61753776557288],[-55.40708621876818,73.61776073334146],[-55.40720668968423,73.61794803450769],[-55.4073315361061,73.61813531547716],[-55.406787565249104,73.61835382439888],[-55.40691241067559,73.61854110546793],[-55.40769710073436,73.61869715202384],[-55.40848199852281,73.61884873769397],[-55.4092669077362,73.61900031995786],[-55.410051647856776,73.61915196964436],[-55.41083638455146,73.61930800257828],[-55.41162114771393,73.61945964545481],[-55.41174167475278,73.61964694318395],[-55.411861960218125,73.61983419522313],[-55.41264675216002,73.61998583362178],[-55.412771666323465,73.62017311033856],[-55.41289196554964,73.62036036154116],[-55.413676786299696,73.62051199544275],[-55.41434123830286,73.62047625943822],[-55.414880862498144,73.62025786514084],[-55.41542473377812,73.62003482938717],[-55.41596428219966,73.6198119284043],[-55.415843943627046,73.61962906549242],[-55.41571900393045,73.61944179049101],[-55.416263085928755,73.61921879706948],[-55.416802601166765,73.61899589290503],[-55.417342334079876,73.61877741911469]]],"type":"Polygon"},"id":"000000000000000000cd","properties":{"area":59991.9167920603,"elevation":292.0829536713803,"region":"NW","year":2018},"type":"Feature"},{"geometry":{"coordinates":[[[-60.372486952976615,76.24237865290996],[-60.3696732650372,76.24137983783487],[-60.36587878628839,76.2402471990853],[-60.36054552843103,76.23921720534317],[-60.35409775581022,76.23865090183732],[-60.34722630270724,76.2377234269765],[-60.34574584316276,76.23643914322307],[-60.34118414623414,76.23535563111213],[-60.33816547626983,76.23417396903228],[-60.33591788494687,76.232943219971],[-60.33598039018565,76.23155646276228],[-60.33835250580991,76.23002250487984],[-60.3334477228638,76.22935807423225],[-60.32848006452307,76.23007604541651],[-60.3305181490634,76.23112387829723],[-60.33276551218612,76.23235909987807],[-60.33270304970715,76.23374144144681],[-60.33417888045912,76.23502558381671],[-60.33719793164225,76.23620725972442],[-60.34098806751497,76.23733990772631],[-60.34400680332494,76.23852151457342],[-60.349339957447675,76.23955609657965],[-60.354673005186015,76.24058609799305],[-60.36000614282231,76.24161619146962],[-60.366458481793096,76.24218244518713],[-60.372486952976615,76.24237865290996]]],"type":"Polygon"},"id":"00000000000000000205","properties":{"area":280254.6413436164,"elevation":532.9813348196346,"region":"NW","year":2018},"type":"Feature"},{"geometry":{"coordinates":[[[-56.816055294765604,75.26067194902699],[-56.81352266561888,75.25944564400059],[-56.810989479184215,75.25822386842982],[-56.80660648372287,75.25845574060219],[-56.802557490506985,75.26002977287152],[-56.802285386653104,75.2606273190498],[-56.799694649288135,75.26212558647593],[-56.796377215355676,75.26365946590263],[-56.79598476008442,75.26504186835645],[-56.79632385148114,75.26638402155316],[-56.79665822961466,75.26772621812322],[-56.79699698898297,75.26906838492773],[-56.79879857317378,75.27033033819602],[-56.797674783924485,75.2717483036457],[-56.79508401807878,75.27324655064555],[-56.79862452071083,75.27383518004153],[-56.80344053536239,75.27319309314308],[-56.80795293185138,75.2721764042361],[-56.812768919012214,75.27152982085003],[-56.81550683269106,75.27021880894144],[-56.81516777660195,75.26887665714585],[-56.81409778246376,75.267574590905],[-56.81302749995462,75.26627254155296],[-56.81341983775415,75.26489020607193],[-56.81307651229017,75.2635480038313],[-56.81200640391559,75.2622460024529],[-56.816055294765604,75.26067194902699]]],"type":"Polygon"},"id":"000000000000000001a3","properties":{"area":693025.256933854,"elevation":873.6493290694765,"region":"NW","year":2018},"type":"Feature"},{"geometry":{"coordinates":[[[-53.30153443528313,72.62597639078554],[-53.30135162995118,72.62559730299564],[-53.30000065482497,72.62546355269215],[-53.298738442381186,72.6255215608349],[-53.29738748362025,72.62538778971404],[-53.296040892172904,72.62525396952682],[-53.294778940953705,72.6253075107333],[-53.29361066847418,72.6255528037983],[-53.29235303958199,72.62560628841851],[-53.291095629113016,72.62565981201446],[-53.28974469402348,72.62552597993722],[-53.289927464493545,72.62590501027573],[-53.28885282063618,72.6263330610787],[-53.289664350938,72.62668539777866],[-53.28984717336576,72.62705994191548],[-53.291291929473324,72.62738104982266],[-53.291474788785656,72.62775559202947],[-53.29273232741542,72.62770206653508],[-53.29399402977062,72.62764856213138],[-53.29515806316415,72.6274033061484],[-53.29632637917059,72.62716248925729],[-53.29758825848938,72.62710900605857],[-53.29875180281971,72.62686374502859],[-53.299826513236006,72.626431193078],[-53.300994936757,72.62619039122869],[-53.30153443528313,72.62597639078554]]],"type":"Polygon"},"id":"00000000000000000024","properties":{"area":73557.42875407463,"elevation":1091.9605455431076,"region":"NW","year":2018},"type":"Feature"},{"geometry":{"coordinates":[[[-55.476184491146014,74.19349312748464],[-55.47580547782031,74.19293125601537],[-55.47473993995856,74.19240506899082],[-55.472554791835485,74.19232031046103],[-55.4701110822697,74.19186106571428],[-55.46792633014786,74.1917807949098],[-55.46548711169293,74.19132154000349],[-55.46330216264814,74.19123678970291],[-55.460863187692446,74.19078197088024],[-55.45867811905694,74.19069723736125],[-55.4562390501089,74.19023793277591],[-55.45417888217618,74.1903449840309],[-55.451869196518814,74.19007294471953],[-55.45006306389432,74.19055005018721],[-55.44813244337031,74.19083995281423],[-55.448257083339584,74.19102718230243],[-55.45000949912375,74.1915221846051],[-55.451507993266404,74.19163812408837],[-55.45394709054592,74.19209737316328],[-55.45613199986161,74.19217762118548],[-55.45857089292647,74.19263695152256],[-55.46076045257469,74.19272162144769],[-55.46294550335207,74.19280190607351],[-55.46538443400343,74.19326121852893],[-55.467569627081666,74.1933459454692],[-55.4697545673786,74.19342622130051],[-55.47193934375125,74.19351092237478],[-55.4739996494771,74.19340836001395],[-55.476184491146014,74.19349312748464]]],"type":"Polygon"},"id":"000000000000000000ff","properties":{"area":147554.87577105712,"elevation":752.754420773294,"region":"NW","year":2018},"type":"Feature"},{"geometry":{"coordinates":[[[-61.49704582774906,76.4254425922972],[-61.49581039995858,76.42513049264332],[-61.49449051661635,76.42542027758971],[-61.49293871867486,76.42552737538182],[-61.491841940308305,76.4260000220397],[-61.49052171432615,76.4262898562625],[-61.489197530486365,76.42657968733445],[-61.48810505849482,76.42705238013482],[-61.487012697559095,76.4275249902476],[-61.485920087758686,76.42799766881387],[-61.48637959509235,76.4283633040805],[-61.48528690741809,76.42883597680995],[-61.48497020319161,76.42925516631811],[-61.48542959823835,76.4296162826542],[-61.48744081456981,76.429874988245],[-61.488765014879455,76.42958513795382],[-61.49031678827354,76.42947811356122],[-61.491409348090286,76.42900541661295],[-61.4925016590422,76.42853278812179],[-61.493594381467894,76.42806011416084],[-61.49468673454335,76.42758739586206],[-61.495779139222186,76.42711478324283],[-61.49609580139072,76.42669560810293],[-61.49641244751794,76.426276431447],[-61.495953098191464,76.42591525493856],[-61.49704582774906,76.4254425922972]]],"type":"Polygon"},"id":"00000000000000000214","properties":{"area":78421.70073633095,"elevation":697.9655314474041,"region":"NW","year":2018},"type":"Feature"},{"geometry":{"coordinates":[[[-57.01341515472342,74.95431384855412],[-57.01311188995255,74.95393930825868],[-57.01096246991114,74.95405966401043],[-57.00881754608268,74.95417561282638],[-57.006668312742825,74.95429596427996],[-57.00406424286463,74.95385899114218],[-57.00191953113302,74.95397490768777],[-57.00022957242357,74.95465273941201],[-56.99853943464816,74.9553260398231],[-56.99623859161664,74.95525916835736],[-56.994548721015505,74.95593691683355],[-56.99270686027908,74.95642745153577],[-56.99010285500512,74.95598601303787],[-56.987801993179914,74.95591915764348],[-56.98596036803154,74.95640959897518],[-56.9861119640098,74.95659687237571],[-56.98871621000968,74.95703389214565],[-56.99132008253611,74.95747530485541],[-56.99320640064507,74.95795247731495],[-56.99222992297905,74.95859007464566],[-56.99340259947377,74.95910735982602],[-56.9958549676655,74.95936151723281],[-56.99830766168487,74.95961568754501],[-57.00045234953767,74.9594952890971],[-57.00214229978221,74.95881749927136],[-57.00414003640794,74.95851429951627],[-57.00583023372222,74.9578409592384],[-57.007520063725,74.95716315974758],[-57.00936167861598,74.95667271555139],[-57.009776345754695,74.95626247809271],[-57.01003510238791,74.95566493763694],[-57.011725080080105,74.95498718060826],[-57.01341515472342,74.95431384855412]]],"type":"Polygon"},"id":"0000000000000000018c","properties":{"area":247162.85387146872,"elevation":158.68519728721026,"region":"NW","year":2018},"type":"Feature"},{"geometry":{"coordinates":[[[-54.45005190873985,73.36246378383414],[-54.44950768448499,73.36152740460496],[-54.4463462627566,73.36071582973014],[-54.44514679605658,73.35980620207417],[-54.44165532906587,73.35958770798368],[-54.44089265234336,73.36058653089634],[-54.4401258128476,73.36158982543171],[-54.44001424775119,73.3625574565763],[-54.43859641584269,73.36358746213732],[-54.43848477047571,73.36455508763186],[-54.43706676833761,73.365589625663],[-54.43695528160864,73.36655729234927],[-54.43684396986309,73.36752488702433],[-54.436081231725396,73.36852819620502],[-54.43662546460864,73.36946457697769],[-54.436513949472186,73.37043223508515],[-54.43705784327073,73.37136863418971],[-54.43945709539689,73.37202857582488],[-54.44251597057306,73.37149792871223],[-54.44557039245198,73.37096734051075],[-54.44851775081155,73.37024494050118],[-54.446667347230665,73.36937091155521],[-54.44611873606504,73.36843453242103],[-54.444263869500666,73.36755606272867],[-54.44503093662139,73.36655724384357],[-54.446448851670944,73.36552723913118],[-54.447871121951145,73.36449715295508],[-54.44928915679513,73.36346266200292],[-54.45005190873985,73.36246378383414]]],"type":"Polygon"},"id":"000000000000000000a6","properties":{"area":385281.4211758157,"elevation":859.3330634406547,"region":"NW","year":2018},"type":"Feature"},{"geometry":{"coordinates":[[[-55.90890887579203,74.32135782151273],[-55.90381238313058,74.32018058594153],[-55.90038780329867,74.3193913667649],[-55.89460423873467,74.3193066312012],[-55.891260150153265,74.32063988234677],[-55.8914428656149,74.3208940476907],[-55.89344055973312,74.3217769481496],[-55.892851754025436,74.32287837498663],[-55.894341191610756,74.32396190176208],[-55.897083674542245,74.32488051319335],[-55.89468909211861,74.32645899782598],[-55.88982853313429,74.32768084825612],[-55.885119868224,74.32821589727763],[-55.881784315038715,74.32945557888016],[-55.879818036370494,74.33071746999092],[-55.88267187553959,74.33183224133225],[-55.88788434401886,74.33311203734918],[-55.891612079181684,74.3333037452449],[-55.89602667394548,74.33346429204667],[-55.89867551408565,74.33205964373683],[-55.89782821765167,74.33095825504383],[-55.9003966521445,74.32945109522463],[-55.900160368137094,74.32810886756211],[-55.90461505249577,74.3263297240449],[-55.90639405612973,74.32487155443503],[-55.90761139364604,74.32356061242635],[-55.908195788969365,74.32236555389184],[-55.90890887579203,74.32135782151273]]],"type":"Polygon"},"id":"0000000000000000012e","properties":{"area":636380.282504366,"elevation":346.5649256789056,"region":"NW","year":2018},"type":"Feature"},{"geometry":{"coordinates":[[[-51.326469338325715,72.09816599145984],[-51.32572005033917,72.09780923019368],[-51.32558183392994,72.09743464955598],[-51.32421732909722,72.0970958028016],[-51.32285297714951,72.09676134566621],[-51.32271914709606,72.09638230719939],[-51.32142161794496,72.09623519034756],[-51.32012388700374,72.09608801223561],[-51.31882638998118,72.09594087490166],[-51.317600176724405,72.09598542811796],[-51.316440739374066,72.09621285904768],[-51.31528141985063,72.09644480016858],[-51.314188912648,72.09686390379214],[-51.31295818936225,72.0969084759778],[-51.31309192186507,72.09728305386366],[-51.31199954265061,72.09770219312284],[-51.31275315405401,72.09806336300119],[-51.31411763138863,72.09839783706073],[-51.31425132207731,72.09877688116417],[-51.31438953038741,72.09915140333024],[-51.31575402979613,72.09949033138977],[-51.31704725742917,72.099637430136],[-51.318277943054206,72.09959289463443],[-51.319508731641484,72.09955275073747],[-51.320667985626926,72.09932084755286],[-51.32196552090665,72.09946803750371],[-51.323057994097866,72.09904888281605],[-51.324217393550455,72.09881700503047],[-51.325376694667014,72.09858958641301],[-51.326469338325715,72.09816599145984]]],"type":"Polygon"},"id":"00000000000000000000","properties":{"area":134591.21237851336,"elevation":1501.4991356153096,"region":"NW","year":2018},"type":"Feature"},{"geometry":{"coordinates":[[[-55.63742131686822,74.99227415376632],[-55.63471912891079,74.99163203435971],[-55.628998006737596,74.99094535115911],[-55.62156458322376,74.98995097622813],[-55.61529953498723,74.98851516306894],[-55.612000039236214,74.98715064059887],[-55.60593555889878,74.98587537063706],[-55.60307725077796,74.98485418114363],[-55.59747226728924,74.98358336108],[-55.59819884204201,74.98252212864317],[-55.599148701349975,74.98073399501885],[-55.601810962330475,74.97924911535245],[-55.60708578548576,74.97725147209111],[-55.60405364943527,74.97707756219252],[-55.59810959974614,74.97813882984029],[-55.59257135590221,74.97976191930232],[-55.592705138976434,74.98007853323197],[-55.59271428734248,74.98113090801509],[-55.59229505426908,74.98247751488732],[-55.596259090657036,74.98397129609195],[-55.60036154773679,74.98551411973814],[-55.602283430446434,74.98702137036139],[-55.60611391636841,74.98818960708098],[-55.61154039684952,74.9896209855634],[-55.618987302784426,74.99061088203777],[-55.62670148610026,74.99197981078127],[-55.632609819433306,74.99270226786793],[-55.63742131686822,74.99227415376632]]],"type":"Polygon"},"id":"0000000000000000017f","properties":{"area":323029.07541098504,"elevation":1007.6569113503825,"region":"NW","year":2018},"type":"Feature"},{"geometry":{"coordinates":[[[-65.08796419082626,77.19498980009722],[-65.08737559484724,77.19462866453219],[-65.08758963423944,77.19420945227418],[-65.08539140131853,77.1939820365131],[-65.08480275765687,77.19362533772859],[-65.08260415237727,77.19339794184201],[-65.08040138924835,77.19317048208183],[-65.07879167642935,77.19329979321529],[-65.07688771296206,77.19325519473536],[-65.07527777281989,77.19338455951517],[-65.07336956421854,77.19333552232852],[-65.0720542197584,77.1936476427098],[-65.07073864977625,77.19395527767],[-65.06941863625696,77.19426293854836],[-65.06839773356299,77.19475345026521],[-65.06737642951799,77.19523955656163],[-65.06796523039046,77.19559624675911],[-65.06774653010017,77.1960198661211],[-65.06914226428323,77.19630974470866],[-65.06892376030649,77.1967332853815],[-65.07112650624924,77.19696070737642],[-65.07171530523199,77.19731746358555],[-65.07332492532193,77.19718814333649],[-65.07522910772362,77.1972327410419],[-65.07684320531865,77.19710347236432],[-65.07845272838595,77.19697411636446],[-65.07947404223053,77.19648363126359],[-65.08108816285761,77.19635425389895],[-65.08269801788768,77.196225010078],[-65.08371896635337,77.19573894737977],[-65.08562745962182,77.1957835360479],[-65.08694312957286,77.19547585267696],[-65.08796419082626,77.19498980009722]]],"type":"Polygon"},"id":"00000000000000000229","properties":{"area":156090.1466922875,"elevation":933.8449433054631,"region":"NW","year":2018},"type":"Feature"},{"geometry":{"coordinates":[[[-53.09706701245714,72.75805048206297],[-53.09615713450147,72.75751093905043],[-53.09398574824313,72.75702487401735],[-53.09308052508648,72.75648981461887],[-53.09217520475083,72.75595021706809],[-53.09063243929555,72.75543746056037],[-53.089276764608535,72.75530364570265],[-53.087100703115375,72.75482209900547],[-53.08501837882005,72.75452339521392],[-53.08320352946329,72.75479089632432],[-53.08157157486033,72.75543747081558],[-53.079756634394215,72.75570505117514],[-53.077941822203634,72.75597254322625],[-53.07757618141822,72.75656559192556],[-53.07721495007656,72.75715872386945],[-53.076849355405564,72.75774728520388],[-53.077116889033185,72.75831356985744],[-53.07802189111196,72.75885312675472],[-53.07892725709065,72.75938824288761],[-53.07983235568985,72.75992778978691],[-53.082008287678875,72.76041381502839],[-53.084184632487755,72.76089537685912],[-53.08617770830381,72.76100237871024],[-53.088264745393815,72.76130117349108],[-53.090346898220076,72.76159546243466],[-53.09207260376289,72.76114064533266],[-53.09370468940623,72.76049409363102],[-53.09533676577491,72.75985194092318],[-53.09697324777405,72.75920537100447],[-53.09606792972632,72.75866584385238],[-53.09706701245714,72.75805048206297]]],"type":"Polygon"},"id":"0000000000000000002e","properties":{"area":346388.6190420768,"elevation":1215.8494521984005,"region":"NW","year":2018},"type":"Feature"},{"geometry":{"coordinates":[[[-55.21725348666881,74.62281530365316],[-55.21463157347232,74.6221687741285],[-55.2114299483522,74.62174070526592],[-55.20848239239043,74.62168714282313],[-55.205659662315625,74.62182096216146],[-55.2029664423085,74.62214645811112],[-55.20014382565111,74.6222802407788],[-55.19745071001136,74.62260132931583],[-55.19475722587036,74.62292233314582],[-55.192059524460916,74.62324340283017],[-55.1893661424666,74.62356449067605],[-55.18654365861743,74.62370265121551],[-55.18422952566522,74.62458561036806],[-55.185187859952705,74.62492450047293],[-55.186980763109965,74.62541945715714],[-55.18992809113094,74.62547298462725],[-55.192750553280796,74.62533473061013],[-55.19557323453178,74.62520097028641],[-55.19852076134602,74.62525441089686],[-55.20108913091924,74.62474614114612],[-55.20199453453564,74.62393009400232],[-55.20430409705853,74.6230472245514],[-55.20674788849201,74.62235158167317],[-55.20982008525805,74.62258794380931],[-55.2131510467081,74.62320328557398],[-55.216227895905654,74.62344409202709],[-55.21725348666881,74.62281530365316]]],"type":"Polygon"},"id":"00000000000000000139","properties":{"area":170086.21062937038,"elevation":1001.6750291591557,"region":"NW","year":2018},"type":"Feature"},{"geometry":{"coordinates":[[[-54.935857482413404,73.87403860103765],[-54.934947854066365,73.87369526872635],[-54.935384771446074,73.87328953100126],[-54.93459099399497,73.87313341623036],[-54.933128387899124,73.8730130434178],[-54.93177738316913,73.87307993507724],[-54.9303148525553,73.87295504036896],[-54.92908408521116,73.87320924298733],[-54.9278532816878,73.87346343690187],[-54.9265065262525,73.87352585194739],[-54.92539649727113,73.8739672672593],[-54.92404962845726,73.87403416314234],[-54.92281900021129,73.87428386849629],[-54.92158827326436,73.87453806453057],[-54.92047787421225,73.87497951782649],[-54.92138782079637,73.87531839659002],[-54.92285019545841,73.87544320042741],[-54.924081022480834,73.8751891131769],[-54.92566393988871,73.8754967751795],[-54.926894601902085,73.87524705163892],[-54.928241108908445,73.87518015948615],[-54.929587849321166,73.87511330347935],[-54.93070282898662,73.87467626072288],[-54.93192904302184,73.87442212692093],[-54.93315965854407,73.8741679763963],[-54.93450629572625,73.87410108324572],[-54.935857482413404,73.87403860103765]]],"type":"Polygon"},"id":"000000000000000000d4","properties":{"area":68681.69893247836,"elevation":941.7015485687473,"region":"NW","year":2018},"type":"Feature"},{"geometry":{"coordinates":[[[-54.40155896909846,73.58239110481027],[-54.394277514710076,73.57926082866014],[-54.38123437349444,73.57794543858542],[-54.369292896260504,73.57850275543754],[-54.35789549849116,73.5799966058516],[-54.35811391891831,73.5803711717553],[-54.353445318146235,73.58405882653295],[-54.354087506543195,73.58750126212726],[-54.35472957067893,73.5909392605711],[-54.35669596591576,73.59431917274931],[-54.359331256337335,73.5976680037599],[-54.367616283592874,73.60017398252675],[-54.36918603799032,73.5970124834651],[-54.362564116120964,73.59385100566843],[-54.35992889748109,73.59050674055204],[-54.357962333021334,73.5871267161928],[-54.356655802687584,73.58371546607933],[-54.36552506754415,73.580219514659],[-54.37735948965805,73.57947491976913],[-54.38996088076845,73.58004117775495],[-54.3965827206591,73.58320272055252],[-54.39048252581523,73.58676549627478],[-54.390139244471776,73.58967280106441],[-54.38945699208879,73.59317764960207],[-54.39688582209253,73.58955244488355],[-54.398892467692015,73.58598512088817],[-54.40155896909846,73.58239110481027]]],"type":"Polygon"},"id":"00000000000000000098","properties":{"area":823444.6060424908,"elevation":1007.2821210091531,"region":"NW","year":2018},"type":"Feature"},{"geometry":{"coordinates":[[[-55.88101757222558,74.26701029570329],[-55.880063144424085,74.2666758449227],[-55.87842204440541,74.26637263993209],[-55.876781248031,74.26606946551081],[-55.87513583523033,74.265770641863],[-55.87349488429996,74.26546739386121],[-55.87254055398848,74.2651285249121],[-55.8722775236455,74.26475394380475],[-55.87270104546817,74.26434375448603],[-55.87174689982158,74.26400926050843],[-55.87079701643567,74.26367042277823],[-55.86928552623547,74.2635544449408],[-55.86790758509523,74.26362580518544],[-55.86666359173183,74.2638844798543],[-55.86541930624224,74.26414310089369],[-55.86568262704134,74.26451766512261],[-55.864572233001084,74.26496360424312],[-55.863457444068715,74.2654094947394],[-55.86441182257183,74.26574833764982],[-55.86467478726593,74.2661184769741],[-55.865629039983745,74.26645738447502],[-55.86451419118112,74.26690327885667],[-55.86478187861131,74.267277882463],[-55.865731603143836,74.26761670273093],[-55.86737699439365,74.26791549160106],[-55.867639978347086,74.26829007570967],[-55.86914726773231,74.26840598191568],[-55.87065891123322,74.26852191695733],[-55.87203676545201,74.26845056607952],[-55.87328079061548,74.26819193185084],[-55.87465885592265,74.26812060623328],[-55.87590281471905,74.26786195389593],[-55.877280471744065,74.26778618411288],[-55.878524617734215,74.2675275585581],[-55.8799025971649,74.26745619365478],[-55.88101757222558,74.26701029570329]]],"type":"Polygon"},"id":"00000000000000000127","properties":{"area":160848.10782248192,"elevation":358.8281998934846,"region":"NW","year":2018},"type":"Feature"},{"geometry":{"coordinates":[[[-54.63701284036693,74.53133689777576],[-54.63384257580554,74.5308998800573],[-54.6290356727701,74.53015520090614],[-54.625513032817175,74.52915638080032],[-54.62479504189671,74.52803273317002],[-54.623381270985114,74.52694021363641],[-54.621963328654346,74.52584772690018],[-54.62125005380596,74.52472401015429],[-54.61913193138187,74.52366280692578],[-54.615609302655514,74.52266388595102],[-54.61349130071021,74.52160263939756],[-54.61207764694773,74.52051013667648],[-54.61206889184178,74.51935527754989],[-54.61018714678245,74.51866856865487],[-54.60609799946395,74.51904759128273],[-54.60587058394903,74.51982793168662],[-54.607984238046384,74.52088921828286],[-54.60940202986887,74.52198170316132],[-54.612220343048556,74.52301171575041],[-54.61363376879825,74.52410423323619],[-54.61645661067743,74.5251342729759],[-54.617870016117564,74.52622677727709],[-54.61858334381235,74.5273504307765],[-54.62070169944073,74.52841169997583],[-54.62141510814247,74.5295354064246],[-54.62423770828707,74.53056545973385],[-54.62776031479504,74.5315642537594],[-54.63221513663662,74.53174710025039],[-54.636906033310964,74.53230452182022],[-54.63701284036693,74.53133689777576]]],"type":"Polygon"},"id":"000000000000000000fe","properties":{"area":230168.61230627113,"elevation":1243.6351290039634,"region":"NW","year":2018},"type":"Feature"},{"geometry":{"coordinates":[[[-54.18396374004256,72.79161862797812],[-54.183120984776885,72.79127076894888],[-54.18228285181447,72.79092744720978],[-54.18334840526313,72.79049045428856],[-54.18250569198002,72.7901471471421],[-54.18103428835968,72.78983048025309],[-54.179562500697,72.78951837848868],[-54.178086803730814,72.78920174728218],[-54.176717844374416,72.78907693003285],[-54.17534873924403,72.7889476163816],[-54.173975375182756,72.7888227211089],[-54.172709003633294,72.78888069752385],[-54.17291418898509,72.78925527383628],[-54.17375244029854,72.78960305688268],[-54.173324511822365,72.79000886344481],[-54.172896334865264,72.79041462133497],[-54.173096930898524,72.79078921007776],[-54.174572859888,72.79110581420845],[-54.175941951398705,72.79123064907603],[-54.17731541795746,72.79135996741113],[-54.178786905235654,72.79167211077755],[-54.180258364006,72.79198867984003],[-54.18173436933024,72.79230085407403],[-54.18300073127827,72.79224288185374],[-54.18353132286614,72.79202435672556],[-54.18396374004256,72.79161862797812]]],"type":"Polygon"},"id":"00000000000000000057","properties":{"area":82473.48072432187,"elevation":121.35534359419033,"region":"NW","year":2018},"type":"Feature"},{"geometry":{"coordinates":[[[-57.32138303885892,75.21660260423239],[-57.319541351752456,75.21534516380979],[-57.31915775241579,75.21400294684375],[-57.31722696838825,75.21352580110252],[-57.31213474588254,75.21381124903212],[-57.30735903252715,75.21446667760704],[-57.3014728188693,75.2138201522595],[-57.29817750266335,75.21264294356965],[-57.294543359007235,75.21284360344593],[-57.28945130359705,75.21312897533954],[-57.28404237006283,75.21303981854828],[-57.27942265379593,75.21388256563901],[-57.27803158417145,75.21493041528835],[-57.28132229282321,75.2161076411128],[-57.28243258714325,75.21740971014056],[-57.28800211365332,75.21768618266042],[-57.29420464962607,75.2187028248429],[-57.29604194590624,75.21996030271781],[-57.29642510745703,75.22130250577533],[-57.30117860451368,75.22239945265521],[-57.304473975652016,75.22357665553275],[-57.309566194872,75.22329573228247],[-57.31209437491823,75.22179302859426],[-57.31639766868418,75.22058015523771],[-57.319237891936446,75.21944750752506],[-57.32030817168934,75.21802509494186],[-57.32138303885892,75.21660260423239]]],"type":"Polygon"},"id":"000000000000000001ea","properties":{"area":862206.2478192614,"elevation":503.4561677808934,"region":"NW","year":2018},"type":"Feature"},{"geometry":{"coordinates":[[[-55.14938597725391,73.66186569820965],[-55.149145128968264,73.6614910692641],[-55.14900248750821,73.66142423863354],[-55.14743718727927,73.66111657602983],[-55.14667480426953,73.6608445014129],[-55.14643408544034,73.66046998478738],[-55.14621988569253,73.66028713476709],[-55.1455154059001,73.66025148305931],[-55.14418677244728,73.66031836973944],[-55.143094207081454,73.66075985161977],[-55.14176527893798,73.66082667412212],[-55.14031606827461,73.66070628295621],[-55.139107690179614,73.66096045177682],[-55.13801520338033,73.66140194697435],[-55.136922679607515,73.66183893256813],[-55.135834900020576,73.6622803748974],[-55.13474225602247,73.66272184778481],[-55.1349519711776,73.6629269304648],[-55.13576777609474,73.6631321051901],[-55.137337416539964,73.66343973794771],[-55.13878658397875,73.6635601076785],[-55.14011547786851,73.66349326306931],[-55.14156928939256,73.66361364293878],[-55.142897925668706,73.66354673182217],[-55.14411085412903,73.66329264274634],[-55.14532368518638,73.66303842867214],[-55.14653209511492,73.6627842196566],[-55.147624503503074,73.66234278982829],[-55.148837537943955,73.66208421091217],[-55.14938597725391,73.66186569820965]]],"type":"Polygon"},"id":"000000000000000000c3","properties":{"area":103988.06660199372,"elevation":605.8369602408815,"region":"NW","year":2018},"type":"Feature"},{"geometry":{"coordinates":[[[-51.87823399295948,71.974180614496],[-51.876646612812,71.97328439086668],[-51.875669870873665,71.97236581876716],[-51.87225869017226,71.97153640625439],[-51.86921324437499,71.97164786345154],[-51.86943159863641,71.97221420835723],[-51.867362815769454,71.97324868943015],[-51.866510970633996,71.97423860044057],[-51.86444188070984,71.97527315828826],[-51.86297935334445,71.97628091952771],[-51.86090605290159,71.97731541349413],[-51.86005435808096,71.9783053180401],[-51.86042445081394,71.97925065342339],[-51.862007375101165,71.98014691404502],[-51.86115562684323,71.9811368216084],[-51.86030397641538,71.98212230508209],[-51.860669530181504,71.98306765600141],[-51.86286362574469,71.98394163003441],[-51.86323356008551,71.98488697253183],[-51.86567265818353,71.98479776517831],[-51.86849988134243,71.98411552706187],[-51.869962431389524,71.98310332304263],[-51.87264241153984,71.98204651913795],[-51.872882923483346,71.98108334148989],[-51.873123986846224,71.9801157271687],[-51.87336925982606,71.97914810936754],[-51.87482722331103,71.97813590664893],[-51.87507244441473,71.97717275277714],[-51.876530588531224,71.97616051488603],[-51.87799321784416,71.9751482429511],[-51.87823399295948,71.974180614496]]],"type":"Polygon"},"id":"00000000000000000004","properties":{"area":562957.9281877743,"elevation":906.3780282453436,"region":"NW","year":2018},"type":"Feature"},{"geometry":{"coordinates":[[[-53.23745264046337,72.82277432523775],[-53.235994694370824,72.82245329283784],[-53.23581168533852,72.8220742741523],[-53.2343535835735,72.8217531793332],[-53.232895573518675,72.821432189305],[-53.23207516249277,72.82108432739835],[-53.233163021901035,72.8206518499015],[-53.232980215174514,72.82027724306484],[-53.232159721376654,72.81992496558816],[-53.23070164682802,72.81960390834753],[-53.229332575168506,72.81947017255386],[-53.22824450646519,72.81990269500699],[-53.227156671922316,72.82033077416081],[-53.22588143399335,72.82038870422252],[-53.22479333692212,72.82081683618605],[-53.22497612708917,72.82119586618778],[-53.225796792811664,72.82154362415285],[-53.22598387628928,72.82191820095271],[-53.226166700268955,72.82229722918929],[-53.226987249802036,72.82264504985778],[-53.2278075972951,72.82299281806489],[-53.227990466627375,72.82337184394135],[-53.229448783627305,72.82369292374356],[-53.230906732469656,72.82401401137876],[-53.23236485541931,72.8243395022126],[-53.233640311998826,72.8242815253802],[-53.23491547762217,72.82422797473293],[-53.2354595527391,72.82401399564459],[-53.23590999739315,72.82360818897665],[-53.237002245876376,72.82318013682107],[-53.23745264046337,72.82277432523775]]],"type":"Polygon"},"id":"0000000000000000003f","properties":{"area":125270.53018117159,"elevation":1141.5877779992593,"region":"NW","year":2018},"type":"Feature"},{"geometry":{"coordinates":[[[-57.547851832041346,75.38462153483168],[-57.54221547160308,75.38435399874143],[-57.53739515223403,75.38501395583768],[-57.53240978186078,75.38549104368428],[-57.52725973932598,75.3857764377673],[-57.5221094703715,75.3860662786594],[-57.51728900599611,75.38672625794459],[-57.51230376368626,75.38719888959125],[-57.507318463885916,75.38767601763101],[-57.5026585251612,75.3885188108413],[-57.49815961504252,75.38955329821319],[-57.49349536219457,75.39039607492434],[-57.489160983823,75.39161344935984],[-57.489651390390904,75.39217078687972],[-57.49152874588219,75.39342822626247],[-57.4963490888075,75.39452070794384],[-57.501989936657836,75.39479276958532],[-57.50714451081533,75.39450292331007],[-57.51131390357219,75.39310275827384],[-57.51613852336565,75.39244276124333],[-57.52079830926122,75.39159554079936],[-57.51744952087915,75.39041838402356],[-57.52145387862492,75.38883096324808],[-57.525953125072526,75.38780086358243],[-57.53060834878429,75.38695368248885],[-57.53575854047055,75.38666381410715],[-57.54090885421808,75.38637397042993],[-57.54572919433795,75.38571400720465],[-57.547851832041346,75.38462153483168]]],"type":"Polygon"},"id":"000000000000000001bd","properties":{"area":641037.3482764232,"elevation":594.4686822118131,"region":"NW","year":2018},"type":"Feature"},{"geometry":{"coordinates":[[[-53.837866115614325,73.1908018069412],[-53.83776353794627,73.19061452925655],[-53.83701455558443,73.19045841501483],[-53.83626530913328,73.1902978848047],[-53.8361627495663,73.19011060610148],[-53.83606019209023,73.189923327281],[-53.8354137581166,73.18995011990756],[-53.83486519849213,73.19016855846465],[-53.83421413715083,73.1901998323504],[-53.83356768939681,73.1902266180471],[-53.83291656989566,73.19025777013007],[-53.83227011696067,73.19028455099017],[-53.83161899196484,73.19031569819943],[-53.830972533849675,73.19034247422282],[-53.83032145599822,73.19037373348857],[-53.829674757159786,73.19040045700378],[-53.82912635098854,73.19061892451928],[-53.828577749282104,73.19083745939997],[-53.82802946298398,73.19105148877644],[-53.827481019066276,73.19126995061704],[-53.82693237960012,73.19148847982075],[-53.8270350960767,73.19167581063209],[-53.82713328902919,73.19186307559795],[-53.82658481210571,73.19208153407446],[-53.82668729331965,73.19226881719575],[-53.82743646031316,73.19242490591168],[-53.828185493328476,73.19258542577333],[-53.828287992642686,73.19277270787668],[-53.82838620374833,73.19295997183919],[-53.829037280680886,73.19293327176531],[-53.82968821159338,73.19290197030581],[-53.83033471912505,73.19287083461515],[-53.83098597110073,73.19284405796736],[-53.831632420509045,73.19281280050807],[-53.83218094733599,73.19259880826924],[-53.832729370247485,73.192380332123],[-53.8332777805355,73.19216185408439],[-53.833826217311994,73.19194773924899],[-53.83447739049594,73.19191658420198],[-53.83512389176852,73.19188979554974],[-53.83567225955858,73.19167130952584],[-53.83622085029257,73.19145286927271],[-53.83676923259264,73.19123874456884],[-53.83731779819659,73.19102030053202],[-53.837866115614325,73.1908018069412]]],"type":"Polygon"},"id":"0000000000000000006d","properties":{"area":69768.37730640009,"elevation":1016.7702454925121,"region":"NW","year":2018},"type":"Feature"},{"geometry":{"coordinates":[[[-54.11936491152217,73.39392719074682],[-54.119048169421745,73.39336540253923],[-54.1187314679846,73.39279906329577],[-54.11775956479063,73.39226843707443],[-54.11678755251215,73.39173332483865],[-54.11647092538845,73.39117153004058],[-54.11484324425164,73.39066765560916],[-54.11452663779043,73.39010573968307],[-54.112239268183366,73.38963311921277],[-54.10995609569401,73.38916043337292],[-54.10798959419022,73.3892495772493],[-54.105911680909266,73.38915148183116],[-54.10426183248406,73.38980704220798],[-54.10447122111534,73.39018158251966],[-54.102817085227116,73.39083704609793],[-54.1031335541864,73.39139891062321],[-54.10279029338171,73.39199194061987],[-54.10376240184825,73.39252255524771],[-54.10538998641583,73.39302652904529],[-54.10570649109493,73.39359282005807],[-54.106678759173725,73.39412341778194],[-54.10896631902761,73.394596060883],[-54.109831095048314,73.39494389412651],[-54.11169513344986,73.39466294786352],[-54.11355908926516,73.39438653129814],[-54.11552997858467,73.3942973628482],[-54.11750110259783,73.39420366966174],[-54.11936491152217,73.39392719074682]]],"type":"Polygon"},"id":"00000000000000000088","properties":{"area":227080.51467229097,"elevation":1093.9178256377659,"region":"NW","year":2018},"type":"Feature"},{"geometry":{"coordinates":[[[-56.4589034505691,75.14650996277351],[-56.45846200458533,75.14594818758908],[-56.457440981072104,75.14561373874628],[-56.45497063373703,75.14535507807642],[-56.452642789005225,75.14528374585483],[-56.45002116686241,75.14483783834004],[-56.44740349816882,75.14439190845813],[-56.44478147343221,75.14394603065918],[-56.44361335376933,75.14342433070861],[-56.44244932472119,75.14290256415237],[-56.44200814466366,75.142345214626],[-56.44156663451056,75.14178338048349],[-56.44185172961144,75.14119030424479],[-56.44141044951098,75.14062839609205],[-56.4411161169737,75.14025832337708],[-56.43937696509421,75.14092719713666],[-56.43909187748567,75.14152470843479],[-56.43953330077312,75.14208654807777],[-56.43924765249875,75.14267964569878],[-56.44041605518673,75.14320134433751],[-56.44158433699663,75.14372310694802],[-56.443474927964836,75.14420907821862],[-56.44537016154778,75.14469073722776],[-56.44653842152735,75.14521242522073],[-56.44916022143873,75.14565830653055],[-56.45177785619213,75.1461041685255],[-56.45410562274842,75.14617558282629],[-56.45658037089272,75.14643423879733],[-56.4589034505691,75.14650996277351]]],"type":"Polygon"},"id":"00000000000000000189","properties":{"area":68289.20205003231,"elevation":892.7828063868033,"region":"NW","year":2018},"type":"Feature"},{"geometry":{"coordinates":[[[-55.314479701501675,74.50124689377304],[-55.31340053713153,74.50071622829577],[-55.313016977111786,74.5001588536834],[-55.313333663118335,74.49956132717615],[-55.31295467464559,74.4989994423135],[-55.31047094471174,74.49854462343914],[-55.308121095948756,74.49827263751514],[-55.30589606423561,74.49818345132573],[-55.3037956141247,74.49828600718496],[-55.30144568133573,74.4980140095611],[-55.29922054040921,74.49792930770269],[-55.29724961158755,74.49821914500463],[-55.297374516689125,74.49840640006393],[-55.29775804655793,74.49896827323538],[-55.299537314423596,74.4994587870865],[-55.29922060573851,74.50005626303458],[-55.30029973880781,74.50058249080115],[-55.30207902074598,74.5010774259372],[-55.303162629509224,74.50160357489294],[-55.30424152247093,74.50212980377123],[-55.30602061239936,74.50262472594267],[-55.30710423747893,74.50315092157639],[-55.30958349368273,74.50361019821963],[-55.310537791695126,74.50394907460702],[-55.311808713669045,74.5036948768633],[-55.31142973881416,74.50313311216838],[-55.31174626618998,74.50253554893551],[-55.313463074350445,74.50187556295856],[-55.314479701501675,74.50124689377304]]],"type":"Polygon"},"id":"0000000000000000012a","properties":{"area":193942.45835402282,"elevation":849.3464458759533,"region":"NW","year":2018},"type":"Feature"},{"geometry":{"coordinates":[[[-53.252524527952325,72.61638935802075],[-53.251177834399606,72.61625552679398],[-53.24991573574857,72.61630905891356],[-53.24865833565988,72.61636700985599],[-53.24740079661538,72.61642053439684],[-53.246049999717464,72.61628674792505],[-53.244703388631166,72.61615298242266],[-53.24344126536603,72.61620646600085],[-53.242094670957336,72.6160726797716],[-53.240837346348165,72.61612620382994],[-53.23957538112936,72.6161841925653],[-53.23841139551777,72.61642493447299],[-53.23714950028692,72.61647853637011],[-53.236074806530276,72.61691100115274],[-53.236257594348444,72.61728561017239],[-53.23644051609918,72.6176646357892],[-53.23715844411148,72.61782515541843],[-53.23850948609923,72.61795894439541],[-53.23986072299178,72.61809265390104],[-53.24120744318164,72.61822645829164],[-53.24255852967399,72.61836021504945],[-53.24381585616924,72.61830226215504],[-53.2449842246093,72.61806144682136],[-53.24615243427981,72.61781620617735],[-53.24722706993819,72.61738809369064],[-53.24830175709275,72.6169556053039],[-53.24956349609589,72.61690210586124],[-53.25082105464796,72.61684856536326],[-53.252078423862116,72.61679508417281],[-53.252524527952325,72.61638935802075]]],"type":"Polygon"},"id":"00000000000000000022","properties":{"area":83365.0859212971,"elevation":1101.1170212765949,"region":"NW","year":2018},"type":"Feature"},{"geometry":{"coordinates":[[[-54.3770074116031,73.80816431602412],[-54.375330563729094,73.80766488228764],[-54.37432731133599,73.8071343282311],[-54.37331963096052,73.80660364613418],[-54.37231624660397,73.80607303328132],[-54.37131311508574,73.80553791554931],[-54.371651752797746,73.80494488656858],[-54.369301771209095,73.80447667740543],[-54.3676252564956,73.80397724062477],[-54.36796417559497,73.80338414705618],[-54.36830308549598,73.80278662256303],[-54.367972911210146,73.80222480259927],[-54.36831203652045,73.80163175245092],[-54.366296447664084,73.80172542182112],[-54.365957686860476,73.80231844489794],[-54.36628737292175,73.80288029081237],[-54.36594859403442,73.80347331202815],[-54.36628296182427,73.80403963830723],[-54.36661293649939,73.80460152838216],[-54.36761627419197,73.80513210365015],[-54.368624152061365,73.80566279522729],[-54.36962741576788,73.80619342832289],[-54.36996170335319,73.80675969797372],[-54.37163852819635,73.80725911150677],[-54.37398405521415,73.80772730683088],[-54.37499181625124,73.80825798421094],[-54.3770074116031,73.80816431602412]]],"type":"Polygon"},"id":"000000000000000000ad","properties":{"area":59819.54423149967,"elevation":1152.2264856110621,"region":"NW","year":2018},"type":"Feature"},{"geometry":{"coordinates":[[[-55.10391635909052,74.26639046951207],[-55.10216408187526,74.26589554868822],[-55.09997016097776,74.26581076126021],[-55.09753105738541,74.26534705177525],[-55.09533726925776,74.26526232655537],[-55.093143317739006,74.2651731511773],[-55.09107432198028,74.26527572526413],[-55.08888037176683,74.26518649987433],[-55.08680688120628,74.26528465922584],[-55.08498307735459,74.26576174163074],[-55.083279796733336,74.2664216517444],[-55.08133096734287,74.26671152771992],[-55.07962770838784,74.26737144723349],[-55.07792430514416,74.26803584389138],[-55.07804915439904,74.26822313063646],[-55.07703261610687,74.26885191712493],[-55.07740281984479,74.26941371788143],[-55.079841759653085,74.26987302818856],[-55.082035515008926,74.26996222399852],[-55.08423408311815,74.27004693421378],[-55.08467550842841,74.26964118632468],[-55.08361854606945,74.26911049987481],[-55.08393958346531,74.26851745826649],[-55.08564304278268,74.26785305250753],[-55.08734635929679,74.2671931238951],[-55.089049988961385,74.26653315330164],[-55.09099827120701,74.26624333633585],[-55.09319235100471,74.26633253739611],[-55.09526144620065,74.26622994080951],[-55.09733484095818,74.26613187477173],[-55.099403873482686,74.2660292318958],[-55.10184317356141,74.26649303310985],[-55.10391635909052,74.26639046951207]]],"type":"Polygon"},"id":"000000000000000000f3","properties":{"area":136034.07465974664,"elevation":967.2579470550718,"region":"NW","year":2018},"type":"Feature"},{"geometry":{"coordinates":[[[-55.26089028892102,73.89735077027731],[-55.26052452928444,73.89678892356241],[-55.25881220126258,73.89629399233543],[-55.257095520091696,73.89579906091906],[-55.254709882506006,73.89533980197373],[-55.25231966550869,73.89488048210615],[-55.253305145657606,73.89425173332081],[-55.25428636749111,73.8936230393608],[-55.251900822439985,73.89316369754731],[-55.249510762183434,73.8927044110891],[-55.24712506474702,73.89224514839701],[-55.24522531995009,73.8925349720038],[-55.243325989006685,73.89282036703027],[-55.24142636017193,73.8931101956046],[-55.23940179666999,73.89321271040727],[-55.23750234978007,73.89349815957351],[-55.237747370147574,73.89387271796316],[-55.23743974788704,73.89447020102726],[-55.23915200861079,73.89496073545939],[-55.241537852398935,73.89542448350565],[-55.2439233584092,73.89588372570638],[-55.246068249724104,73.89596849180384],[-55.248458420644326,73.89642777586545],[-55.250843828055686,73.89688706944226],[-55.25323403052898,73.89734636192075],[-55.25292618919816,73.89794384759372],[-55.25506669758054,73.89802859562474],[-55.2570910183458,73.89792600646808],[-55.25923578229234,73.89801076034148],[-55.26089028892102,73.89735077027731]]],"type":"Polygon"},"id":"000000000000000000dd","properties":{"area":219338.32884885048,"elevation":566.0194589155592,"region":"NW","year":2018},"type":"Feature"},{"geometry":{"coordinates":[[[-54.80790803195847,73.99424263391064],[-54.80699382752133,73.99389926342344],[-54.806200016620224,73.99374321462462],[-54.804960543307345,73.99399738986185],[-54.80360059654712,73.99405980113107],[-54.80224054715921,73.99412669996009],[-54.80100088861488,73.99437642006116],[-54.79964079995859,73.9944432993423],[-54.798401175094256,73.99469742889883],[-54.797161666061314,73.99494716844697],[-54.79580151186859,73.9950140187942],[-54.7943255244372,73.99488921061051],[-54.79297007254188,73.99495608176444],[-54.79161004556441,73.99501851968395],[-54.790250099693424,73.99508537503169],[-54.78901024935447,73.9953351284539],[-54.789808417183416,73.99549112968488],[-54.79116392764245,73.99542428231776],[-54.792639945582074,73.99554911590955],[-54.79399991060209,73.99548224307316],[-54.79535573741165,73.99541983855624],[-54.7968316762047,73.99554021098452],[-54.79819152369407,73.99547780464489],[-54.799667477664514,73.99559815436564],[-54.801027560441845,73.99553577331542],[-54.802383252719125,73.99546888911749],[-54.803859131963286,73.99559370295887],[-54.80498264754049,73.99515227608407],[-54.80610645350961,73.99471531541393],[-54.80734614217085,73.9944610630065],[-54.80790803195847,73.99424263391064]]],"type":"Polygon"},"id":"00000000000000000256","properties":{"area":50957.38953053312,"elevation":1072.8661014573993,"region":"NW","year":2018},"type":"Feature"},{"geometry":{"coordinates":[[[-55.07533382763551,73.86623073504803],[-55.07509296380924,73.86585616446399],[-55.07417881502895,73.86551731493242],[-55.0746156745959,73.8651115096425],[-55.074374841334375,73.86473693720491],[-55.07480751883752,73.86432668825177],[-55.07401838327447,73.86417507662867],[-55.072551173532545,73.86405471388991],[-55.07096812985684,73.86374700395925],[-55.06938094692717,73.86343933775595],[-55.06779781467674,73.8631316708334],[-55.06621029661352,73.86282400156615],[-55.064627259997344,73.86251630722897],[-55.063401069964826,73.86276600361056],[-55.06229075652205,73.8632074615013],[-55.06118482288076,73.86364890055349],[-55.06209906564443,73.8639922902519],[-55.06368194918948,73.86429995994622],[-55.06526956123052,73.86460765063728],[-55.06685254041266,73.86491529292215],[-55.06843981729825,73.8652229805438],[-55.070022707883986,73.86553066583896],[-55.07161032723396,73.86583837197077],[-55.07252001585826,73.86617724541942],[-55.073434144293174,73.86652060245532],[-55.07489668730842,73.86664099456696],[-55.07533382763551,73.86623073504803]]],"type":"Polygon"},"id":"000000000000000000d6","properties":{"area":84633.57739420448,"elevation":760.7387699856189,"region":"NW","year":2018},"type":"Feature"},{"geometry":{"coordinates":[[[-55.00336841835728,74.28919430671051],[-54.99803963378544,74.2886770278783],[-54.992465715412116,74.28778526214492],[-54.988153685492364,74.28663921447689],[-54.98453747661363,74.2854575971699],[-54.9836855700243,74.28414661774163],[-54.97868703277197,74.28303181903858],[-54.97714411921343,74.28175210079523],[-54.973527999695115,74.28057490061164],[-54.97682337815348,74.27906323125049],[-54.981416099113005,74.27845677340424],[-54.986985573850575,74.27935306632274],[-54.99170326248414,74.27893392113843],[-54.99133750923553,74.27837204763748],[-54.98613382069978,74.27804207514457],[-54.98093018620591,74.27770765051642],[-54.97585104665689,74.2775650119267],[-54.97137422972209,74.27835869524998],[-54.971619360287015,74.27873322828414],[-54.97108877419189,74.28011110499341],[-54.97124499426661,74.28145328873717],[-54.974170155404835,74.2826662129194],[-54.97709525759736,74.2838791134443],[-54.97933350335966,74.28512763663899],[-54.982949822729694,74.28630483490802],[-54.986566365338575,74.28748652648741],[-54.99156958998464,74.28860124389725],[-54.99588140305107,74.28974725855663],[-55.00084435260367,74.28970268933722],[-55.00336841835728,74.28919430671051]]],"type":"Polygon"},"id":"000000000000000000fa","properties":{"area":238835.06919101308,"elevation":1001.3647314434361,"region":"NW","year":2018},"type":"Feature"},{"geometry":{"coordinates":[[[-56.998066664757324,74.97302866555253],[-56.99489629719585,74.97281909837224],[-56.99141834368483,74.97223051788053],[-56.98866273034536,74.97160622374238],[-56.98876942298687,74.97082590124043],[-56.990312336663195,74.96996078831802],[-56.99256888871645,74.96906008954817],[-56.99338930244716,74.96823959712637],[-56.99564568673389,74.96733438406743],[-56.9971885137769,74.96647380222545],[-56.99657746781354,74.96572916026794],[-56.99525313486487,74.96502905468215],[-56.99295219951739,74.96495772573677],[-56.99024117330192,74.96530549282905],[-56.987222424241125,74.96527431609282],[-56.98466272490437,74.9658049445314],[-56.98670522946783,74.96646932442697],[-56.987311386139176,74.96721397622251],[-56.985055110668824,74.96811477909957],[-56.984948025659044,74.96889957683484],[-56.985554432214606,74.96963975698466],[-56.98401625041649,74.97050481969909],[-56.98462268209815,74.97124499849458],[-56.985229208308304,74.971989687619],[-56.98655792966324,74.97269421528945],[-56.98859998383449,74.97335865067011],[-56.99177056751168,74.97357264581042],[-56.9947849202181,74.97359943291772],[-56.99765211052193,74.97344337698648],[-56.998066664757324,74.97302866555253]]],"type":"Polygon"},"id":"0000000000000000018d","properties":{"area":208392.2101269258,"elevation":166.86598138777813,"region":"NW","year":2018},"type":"Feature"},{"geometry":{"coordinates":[[[-65.24268591633246,76.41307303609666],[-65.24212857657314,76.41271634533373],[-65.24232941601369,76.41229268819737],[-65.24024692968173,76.41206974352028],[-65.23844983919257,76.41202069275468],[-65.23665291665013,76.41197612577722],[-65.23541328150354,76.41228378717679],[-65.23445448400382,76.41277432958874],[-65.23293401269186,76.412903584582],[-65.23197539534658,76.41339414573615],[-65.23045912633098,76.41352345409335],[-65.2289386905298,76.4136571784655],[-65.23025839789301,76.41394704822143],[-65.2315784756164,76.41424132966547],[-65.23061956598981,76.41472738202165],[-65.23117704171521,76.41508412817676],[-65.23249691171826,76.4153739836663],[-65.23229622551055,76.41579757548679],[-65.23285823903998,76.4161543087771],[-65.23417823107748,76.41644415355242],[-65.2359752532891,76.41649317760564],[-65.23777657518816,76.41654225854742],[-65.23901632128008,76.4162300956488],[-65.24053241503884,76.41609631286626],[-65.23997499906784,76.4157396222741],[-65.24093363583391,76.41525353032421],[-65.24037178837978,76.41489684652747],[-65.24133033955073,76.41440636255292],[-65.24228915528717,76.41392029218224],[-65.24172733299831,76.41356360928125],[-65.24268591633246,76.41307303609666]]],"type":"Polygon"},"id":"0000000000000000021b","properties":{"area":113624.55209183162,"elevation":504.44989620683145,"region":"NW","year":2018},"type":"Feature"},{"geometry":{"coordinates":[[[-54.52397482104023,74.22741792136402],[-54.521442025601786,74.22676248417476],[-54.51845001991816,74.22651270648174],[-54.51523052358862,74.22588844312762],[-54.51200651412751,74.22526419124493],[-54.512924937380504,74.22445262154525],[-54.513152677335476,74.22366781362976],[-54.51337999267624,74.22288745105298],[-54.513607291356585,74.22210708633331],[-54.513143617058006,74.22135351185976],[-54.51543999927976,74.2204795500383],[-54.51498066601891,74.21973047330512],[-54.51267991110833,74.21944954327677],[-54.50946024242043,74.21882077367954],[-54.50704780502185,74.21951195482727],[-54.50796649270156,74.21985530604084],[-54.5070525797213,74.22066686484104],[-54.50682504160777,74.22145164770365],[-54.50659318042524,74.22223204782482],[-54.50774796716866,74.22294987763088],[-54.50752068971432,74.22373470293492],[-54.507293113829554,74.22451505489782],[-54.50706596183118,74.225295381705],[-54.50683410753499,74.22608019770585],[-54.50868011424476,74.22676689334601],[-54.50983037409121,74.22748483973245],[-54.512822348437695,74.22773452275487],[-54.51557818701677,74.22760969396583],[-54.51880208871505,74.22823397565344],[-54.52133041593794,74.2277345596268],[-54.52397482104023,74.22741792136402]]],"type":"Polygon"},"id":"0000000000000000025c","properties":{"area":221110.75978905393,"elevation":1251.866420567768,"region":"NW","year":2018},"type":"Feature"},{"geometry":{"coordinates":[[[-54.04219123118241,72.85341725297589],[-54.04092044912299,72.85347970536809],[-54.03944421509771,72.85316313734182],[-54.03816908840027,72.8532210720445],[-54.03679546190453,72.85309624114325],[-54.03552032555685,72.8531541560819],[-54.03424934459742,72.85321662844692],[-54.03297423995266,72.85327464123678],[-54.031801450448874,72.85351980577857],[-54.03032551488741,72.85320776183049],[-54.02905478490844,72.85326568840537],[-54.02777941795177,72.8533236149342],[-54.026503989067585,72.85338608635736],[-54.02533577892897,72.85363131350198],[-54.02406031701519,72.85369376649655],[-54.02278512837176,72.85375170289154],[-54.023627925101394,72.85409954505116],[-54.02510384106056,72.85441164608565],[-54.02657530038304,72.85472822883973],[-54.02795311403097,72.85485759196526],[-54.02932649431219,72.85498688402933],[-54.03049945522968,72.85473718334583],[-54.03167228135056,72.85449191184424],[-54.03314810205242,72.8548085682213],[-54.03441895838486,72.85474605746602],[-54.03569420212503,72.85468815155534],[-54.037067703229006,72.85481294421523],[-54.038342937319044,72.85475501854074],[-54.03951570370766,72.85450980960417],[-54.040786558963,72.8544473681992],[-54.04132170762052,72.85422884252388],[-54.04175858592012,72.85382305466173],[-54.04219123118241,72.85341725297589]]],"type":"Polygon"},"id":"00000000000000000059","properties":{"area":88714.7171034611,"elevation":309.397084500751,"region":"NW","year":2018},"type":"Feature"},{"geometry":{"coordinates":[[[-55.49757034527876,74.20614803254514],[-55.497365161067314,74.2048058151465],[-55.491920572523924,74.20411019759723],[-55.486221861954554,74.20304446785744],[-55.488081399432446,74.20159522123096],[-55.4906230720648,74.20011484186357],[-55.489735757336874,74.19880384437252],[-55.48429115014871,74.19811274386824],[-55.478850957968156,74.19741710961414],[-55.47341083156439,74.19672595514707],[-55.46835441150289,74.19659212335839],[-55.47117249046065,74.19761326375217],[-55.474120147138535,74.19881724037562],[-55.47844511150774,74.1999543333639],[-55.48276632529107,74.20109139180867],[-55.48228002084161,74.2024692425326],[-55.478365008080885,74.20402097021596],[-55.47393722421067,74.20482369313656],[-55.47345111266767,74.20620156643483],[-55.47502951091758,74.20747683744621],[-55.4779771327572,74.20868528221723],[-55.4823024335891,74.20981790003174],[-55.48723876250664,74.20976433150653],[-55.49128311519955,74.20839990269522],[-55.49571084867894,74.20759719514395],[-55.49757034527876,74.20614803254514]]],"type":"Polygon"},"id":"00000000000000000102","properties":{"area":481215.00026229885,"elevation":751.8029014445591,"region":"NW","year":2018},"type":"Feature"},{"geometry":{"coordinates":[[[-57.15554874445148,75.41563013121564],[-57.15523235090784,75.415259985501],[-57.15433606648827,75.4151128536016],[-57.15286015640209,75.41519316242251],[-57.151223578667455,75.41508610303144],[-57.1499081962818,75.41535363221452],[-57.1487489455218,75.41580403456834],[-57.14758945413674,75.41625889227711],[-57.146430074720584,75.41670927885451],[-57.145275270350126,75.41716406210917],[-57.14411576240671,75.41761443293652],[-57.14443243240196,75.41798456228963],[-57.14474913088054,75.41835908184552],[-57.14432976193382,75.41876935056095],[-57.145386622421576,75.41909926284852],[-57.14570317465539,75.41947385151983],[-57.14675991438436,75.41980382818151],[-57.14855263245485,75.42009810889597],[-57.15002854345592,75.42001786500974],[-57.151509061642145,75.41993762346785],[-57.15314075428402,75.42004465415467],[-57.15430033202263,75.41958977233246],[-57.15545975393493,75.41913946096632],[-57.154402806152945,75.41880502171088],[-57.152610165045935,75.41851518273157],[-57.15081322826942,75.4182253577969],[-57.15123694648983,75.41781058049371],[-57.15239171510993,75.41736026995984],[-57.152075336754045,75.41698573094882],[-57.153234567896725,75.41653531162942],[-57.15439400895032,75.41608492754796],[-57.15554874445148,75.41563013121564]]],"type":"Polygon"},"id":"00000000000000000277","properties":{"area":107940.99678882427,"elevation":812.5495280675605,"region":"NW","year":2018},"type":"Feature"},{"geometry":{"coordinates":[[[-65.49152611386651,76.37084541585624],[-65.48944810153077,76.37062245546062],[-65.4896399054995,76.37019882544998],[-65.4883199527163,76.36990895099441],[-65.48624209628524,76.36968596078803],[-65.48567589204661,76.36932930128576],[-65.48586748909668,76.36890564039412],[-65.4860592247833,76.36848208886875],[-65.48426685901083,76.36843749902216],[-65.48275516551166,76.36857121954037],[-65.48332142268602,76.36892799785768],[-65.48237164145834,76.36941842425567],[-65.48142638558271,76.36990894309115],[-65.48123471985956,76.3703281287398],[-65.48255445859245,76.37061793330736],[-65.48236275217853,76.37104158630414],[-65.48368257209836,76.37133138367939],[-65.48349533272966,76.37175502384801],[-65.48405699209953,76.37211177551002],[-65.48462358065112,76.37246846593571],[-65.48641596454,76.37251310285694],[-65.48821325044533,76.37255766594892],[-65.48943938434275,76.37224554947377],[-65.49095104264681,76.37211175681571],[-65.49114275152684,76.37169259672206],[-65.4913345156662,76.37126896751069],[-65.49152611386651,76.37084541585624]]],"type":"Polygon"},"id":"00000000000000000227","properties":{"area":70631.47832736217,"elevation":301.4380030565462,"region":"NW","year":2018},"type":"Feature"},{"geometry":{"coordinates":[[[-56.893545352418286,75.5352410703305],[-56.89087880473305,75.5357716798852],[-56.885037474548014,75.53529902691474],[-56.88096186624304,75.53415300775752],[-56.879864948495154,75.53285101385487],[-56.880257290343366,75.53146867156632],[-56.88288382692861,75.52997042284396],[-56.885510163852246,75.52847217139426],[-56.885902710034564,75.52708980469792],[-56.88555020349572,75.52574760812688],[-56.88296409765462,75.52452140586097],[-56.88484567171992,75.52306323533547],[-56.87994962673881,75.52370982749427],[-56.87865210635298,75.52494497954702],[-56.87974908476759,75.52624703394036],[-56.88084577539979,75.5275491047496],[-56.87896411079104,75.52900722095562],[-56.8763376444961,75.5305099711641],[-56.87669002344233,75.53185212484034],[-56.87704227759893,75.53319434252515],[-56.87664550165347,75.53457223020973],[-56.87849145570022,75.53583855006836],[-56.88033336257123,75.53710048362377],[-56.885545759417546,75.53682848588447],[-56.89091897361639,75.53673930939435],[-56.893545352418286,75.5352410703305]]],"type":"Polygon"},"id":"0000000000000000026b","properties":{"area":229539.8339876278,"elevation":1008.2188602668355,"region":"NW","year":2018},"type":"Feature"},{"geometry":{"coordinates":[[[-57.20404623829103,75.37135572064652],[-57.200884705977025,75.37036133130289],[-57.19845884259593,75.36932239827605],[-57.193883747092435,75.36938032662088],[-57.18947372908745,75.36962113253873],[-57.18537573068935,75.37023200816803],[-57.181438440990384,75.37103024948577],[-57.17734038870686,75.37164554741624],[-57.1730865303704,75.37206916598443],[-57.16930518280895,75.373054615842],[-57.16552391184943,75.37404007412039],[-57.16852504809861,75.37484718890396],[-57.17357713135829,75.37535107978816],[-57.178468840375096,75.37566766723359],[-57.18320417820329,75.37580139591977],[-57.18761855817528,75.37556064254672],[-57.19203331573146,75.37531987758005],[-57.19644787783773,75.37507462284253],[-57.196550180111345,75.37429427322336],[-57.191975150899886,75.3743477841433],[-57.186923154491204,75.37384386105226],[-57.18229006627655,75.37292977955103],[-57.18575049998131,75.37157422222516],[-57.189692367261294,75.3707760253349],[-57.194739878374264,75.37127992464987],[-57.20010867179153,75.3721538525703],[-57.20404623829103,75.37135572064652]]],"type":"Polygon"},"id":"00000000000000000276","properties":{"area":328228.74533746514,"elevation":770.3025277646756,"region":"NW","year":2018},"type":"Feature"},{"geometry":{"coordinates":[[[-61.525053080251524,76.37611156021174],[-61.52459847522464,76.37575042345952],[-61.521816082759656,76.37554527107724],[-61.51881053861432,76.37516181923309],[-61.51580512117747,76.37477832645052],[-61.51511381375272,76.374229845099],[-61.51442706437691,76.37368583574242],[-61.51142169787799,76.37329783838716],[-61.50910294329461,76.37346283141035],[-61.50747091315933,76.37417186802334],[-61.50793005158713,76.37453306995941],[-61.50784128578601,76.3751350268412],[-61.50775640684075,76.37573697570372],[-61.508443034322276,76.37628099905801],[-61.5105343072051,76.3759376416709],[-61.5135442375449,76.3763211606706],[-61.51654964516007,76.37670905311828],[-61.51955965084533,76.3770925656829],[-61.52024626387381,76.37763659011027],[-61.520161396697574,76.3782385778068],[-61.52007700491933,76.37884052508052],[-61.520763722496966,76.37938454360297],[-61.52308234767147,76.37922403458529],[-61.52394284292852,76.37856850895798],[-61.52479919636846,76.37791305909523],[-61.52488372257646,76.37731554992311],[-61.52496840307617,76.37671355606098],[-61.525053080251524,76.37611156021174]]],"type":"Polygon"},"id":"00000000000000000211","properties":{"area":128366.24757397767,"elevation":566.0509538291401,"region":"NW","year":2018},"type":"Feature"},{"geometry":{"coordinates":[[[-54.75388586396337,74.3027009571309],[-54.75364517548769,74.30232186156782],[-54.752713324602304,74.30198299636093],[-54.75109019048063,74.30167089395508],[-54.750853830828234,74.30129635475852],[-54.75130852428983,74.30088608500121],[-54.7503767891599,74.30054720741138],[-54.75014030628738,74.30016812612459],[-54.748517275749506,74.29986049466065],[-54.74827645201379,74.29948595360322],[-54.746653356100225,74.29917376575416],[-54.74515039992155,74.29904894162966],[-54.744004693417736,74.29949041019701],[-54.742854134496625,74.29993182722012],[-54.74378615134482,74.30027071834249],[-54.74402225369391,74.30064976035602],[-54.7442632610941,74.30102435158355],[-54.74449948349012,74.3013988985768],[-54.744740259807536,74.30177344207084],[-54.746363313121584,74.30208559893377],[-54.74659984579287,74.30246018884705],[-54.74810249685093,74.30258048528955],[-54.74960967191151,74.30270537682492],[-54.751232786711924,74.30301306782822],[-54.75261962510554,74.30295063301222],[-54.75388586396337,74.3027009571309]]],"type":"Polygon"},"id":"000000000000000000e8","properties":{"area":74885.20722315308,"elevation":1200.3141074856044,"region":"NW","year":2018},"type":"Feature"},{"geometry":{"coordinates":[[[-62.56972253447086,76.37257548259049],[-62.569236516469466,76.3722143186298],[-62.56797887501935,76.3719111025088],[-62.567492919237814,76.37154993388367],[-62.567006839273375,76.37118427846426],[-62.566520930759275,76.3708231066384],[-62.5649826577805,76.37093899439066],[-62.56295820987757,76.37068928312122],[-62.56093348828055,76.37044407927553],[-62.55939981905767,76.37055552550652],[-62.557861312955644,76.37067143978084],[-62.556082025365974,76.37060456523291],[-62.55429856667285,76.37053766515847],[-62.5530053210632,76.37083648375342],[-62.55146686718859,76.37094790302767],[-62.55041885443228,76.3714250844391],[-62.54936677079911,76.37190217134277],[-62.54831444679028,76.37237932797039],[-62.54880047996867,76.37274049347386],[-62.5500578976155,76.3730481886085],[-62.552082258991604,76.37329341914702],[-62.55410216527718,76.37354314581339],[-62.556126779013844,76.37379282451072],[-62.55661286227468,76.37415404824164],[-62.55815112872374,76.37403807608591],[-62.559934821838866,76.37410502336398],[-62.56171404196192,76.37417190940312],[-62.563492967403114,76.37423874533508],[-62.565031587349736,76.3741228727177],[-62.56657004955163,76.37400687678193],[-62.568108155283944,76.37389539568004],[-62.56838937784608,76.37347623692686],[-62.568669963681636,76.37305263233816],[-62.56972253447086,76.37257548259049]]],"type":"Polygon"},"id":"00000000000000000217","properties":{"area":167796.15297213636,"elevation":369.08668822878553,"region":"NW","year":2018},"type":"Feature"},{"geometry":{"coordinates":[[[-55.020745306566894,73.35214989481625],[-55.02062951229217,73.35196261321659],[-55.019862488844154,73.35181100086555],[-55.01974646538187,73.35162367254675],[-55.01963050453197,73.35143646064832],[-55.01886355815137,73.3512803388186],[-55.018208261910495,73.35131605926817],[-55.017557088265505,73.35134721509974],[-55.016901785632115,73.35138293065832],[-55.01625042624621,73.35141415211245],[-55.01548374287726,73.3512580618423],[-55.01482819683115,73.35129372361803],[-55.014292982623324,73.35151219867028],[-55.01375338915882,73.35173518789853],[-55.01386935649524,73.35192251973214],[-55.01398526602923,73.35210973487014],[-55.01410123814227,73.35229706643014],[-55.01421265642806,73.35248436262675],[-55.0136778222899,73.35270281058939],[-55.01379355566418,73.35289009603491],[-55.013909531323215,73.35307742742499],[-55.01402113267656,73.35326465296805],[-55.01413687316611,73.35345193800619],[-55.013601832475125,73.35367045557695],[-55.013713255135265,73.35385775155558],[-55.014484768480244,73.35401381398393],[-55.014600518513674,73.35420109847527],[-55.014716690565315,73.35438835843206],[-55.015483545873394,73.35453994665413],[-55.01625060214198,73.3546960827659],[-55.01690601901252,73.3546603706372],[-55.0175570661664,73.35462917210543],[-55.018212427130344,73.35459796020574],[-55.01886351773214,73.35456225169843],[-55.019519112534766,73.35453108098454],[-55.01940307361825,73.35434375345079],[-55.0192872770171,73.35415647185395],[-55.0198266861347,73.35393353736598],[-55.01971088832987,73.35374625587075],[-55.01959485299277,73.35355892816537],[-55.01947888027474,73.35337171687988],[-55.0193629801346,73.3531888235532],[-55.019902602094625,73.35296593425656],[-55.01978657030621,73.35277860638126],[-55.0196707808137,73.35259132444244],[-55.0202057775214,73.35237290385615],[-55.020745306566894,73.35214989481625]]],"type":"Polygon"},"id":"00000000000000000097","properties":{"area":65324.53161807841,"elevation":237.80114316820894,"region":"NW","year":2018},"type":"Feature"},{"geometry":{"coordinates":[[[-53.5372646781639,72.65744426328109],[-53.53688582242165,72.65669515806407],[-53.537135585778614,72.65591481571086],[-53.536127729884846,72.65519236107218],[-53.53322930655921,72.65455025516212],[-53.53052265881877,72.65428720713228],[-53.52762435029321,72.65364956096897],[-53.52472580396755,72.65301188653174],[-53.522108409222575,72.6529360954521],[-53.519588915302556,72.65304761692379],[-53.51725691525214,72.65353805857733],[-53.51511196794869,72.65439871009346],[-53.51549098420949,72.65515223647952],[-53.515236889171696,72.65593266188512],[-53.51561594312599,72.65668618646528],[-53.51599506710822,72.6574353408089],[-53.51574074104645,72.65821571615277],[-53.51674838073782,72.6589425162407],[-53.5182913260174,72.65944638047857],[-53.52100247022745,72.65970948535896],[-53.52352196377854,72.65959799077181],[-53.52595201585463,72.6592992081546],[-53.5285650616212,72.65937503022187],[-53.53108888172639,72.65925912638527],[-53.53342097395795,72.65877305486673],[-53.535753388590614,72.65828256043793],[-53.5372646781639,72.65744426328109]]],"type":"Polygon"},"id":"00000000000000000039","properties":{"area":424849.87637978187,"elevation":954.7131300560052,"region":"NW","year":2018},"type":"Feature"},{"geometry":{"coordinates":[[[-57.34166272446114,75.52500297791366],[-57.34117661141454,75.52444558995765],[-57.338782103492896,75.52438316594508],[-57.336227280474795,75.52413340563314],[-57.33367213827872,75.52388375787334],[-57.33128216289987,75.52382132771551],[-57.3290525544738,75.52394172166893],[-57.32666256385332,75.5238792373913],[-57.324593357425194,75.52418694012735],[-57.322203260730696,75.52412001395159],[-57.320134197740394,75.52442771323429],[-57.317744293522104,75.52436535431637],[-57.316000744757496,75.52504309862043],[-57.31393170098015,75.52535077511023],[-57.314092257886124,75.5255380691202],[-57.31309344775857,75.52617572828892],[-57.31357936088694,75.52673307189917],[-57.31406977156692,75.52729049513363],[-57.31529618331829,75.52780776843842],[-57.31727159405421,75.52828485157556],[-57.3199870955807,75.52872186211049],[-57.32254231091481,75.52897159422594],[-57.324936871439796,75.52903401104113],[-57.327005922188214,75.52872630136456],[-57.32907469593591,75.528418641949],[-57.33113947324321,75.52811096489208],[-57.33336887086234,75.52799054019792],[-57.33559843387174,75.52786574423313],[-57.335112423744775,75.52730834925495],[-57.336111420467894,75.52667063653276],[-57.33785459373565,75.5259928784075],[-57.33959383317888,75.52531064523615],[-57.34166272446114,75.52500297791366]]],"type":"Polygon"},"id":"000000000000000001bf","properties":{"area":306199.9704825073,"elevation":885.6762843725908,"region":"NW","year":2018},"type":"Feature"},{"geometry":{"coordinates":[[[-65.43422670982156,76.33732630914928],[-65.43291128485426,76.33703644738281],[-65.43159131726908,76.33674666786055],[-65.43254119075611,76.33625609827155],[-65.43122572989498,76.33596630456412],[-65.43141730347558,76.33554715152063],[-65.43160925536601,76.33512356051214],[-65.42954002779514,76.33490058118781],[-65.42822045936381,76.33461070134268],[-65.42841646472075,76.33418714716545],[-65.42634296162869,76.33396414943954],[-65.42427386454006,76.33373673142532],[-65.42295875167994,76.33344688751065],[-65.42164322345192,76.3331570825979],[-65.42108113667454,76.33280033660519],[-65.41985498525972,76.33311248797841],[-65.41890973199412,76.33360295182591],[-65.41796425992807,76.33409348855952],[-65.41701454007487,76.3345794830713],[-65.41606924825983,76.33507003990451],[-65.41456200792082,76.33520375478061],[-65.41361668158503,76.3356898298676],[-65.41266693081396,76.33618029979986],[-65.41398259918974,76.33647015407745],[-65.41529785209126,76.33676004733597],[-65.41661330742252,76.33704985392433],[-65.41792865112522,76.33733973140623],[-65.41924419725034,76.33762952221562],[-65.4213175488547,76.33785252156027],[-65.42338658719801,76.33807990256506],[-65.42545560182428,76.3383028746763],[-65.42724367368479,76.33834744285495],[-65.42903648073913,76.33839201723524],[-65.43054337133755,76.33825825438988],[-65.43176972173198,76.33795063346435],[-65.43271522703789,76.33746007834426],[-65.43422670982156,76.33732630914928]]],"type":"Polygon"},"id":"0000000000000000021d","properties":{"area":192591.4222715467,"elevation":165.89602134796053,"region":"NW","year":2018},"type":"Feature"},{"geometry":{"coordinates":[[[-54.76731671395475,74.38268381703332],[-54.76394122555529,74.38187677381627],[-54.75986574194602,74.38110531817973],[-54.757181087046625,74.3802625581302],[-54.7548802539149,74.3795134350935],[-54.75262865871284,74.3787375057841],[-54.75006898335164,74.3780865111853],[-54.74611374502955,74.37749787867463],[-54.74204252448821,74.3767220079018],[-54.738805429491315,74.37725709529725],[-54.7392735101729,74.37751570112388],[-54.743349124332106,74.37829158132918],[-54.74673337036389,74.37910317756752],[-54.75011799928494,74.37991021999214],[-54.75243695863922,74.38067721860392],[-54.75418462241851,74.3811721876494],[-54.754086623614846,74.38214425242661],[-54.75423836811372,74.3830004405236],[-54.752262926264024,74.38376741927763],[-54.750077825415524,74.3848331068311],[-54.75137992514428,74.3852566814378],[-54.75355616818381,74.38467257107976],[-54.7562312558592,74.38387441963516],[-54.75935277906651,74.38315206687808],[-54.7630761481438,74.38336604740117],[-54.76679507873974,74.3835800741128],[-54.76731671395475,74.38268381703332]]],"type":"Polygon"},"id":"000000000000000000f2","properties":{"area":192103.18838739098,"elevation":1178.4556171209701,"region":"NW","year":2018},"type":"Feature"},{"geometry":{"coordinates":[[[-55.065956143542586,74.71438300373526],[-55.06570203942523,74.71400840660762],[-55.06402977051621,74.71370068859979],[-55.063780171307016,74.7133261486127],[-55.063525936935,74.7129516178363],[-55.06327610158513,74.71257703042912],[-55.06231316966829,74.71223812797825],[-55.061479177803804,74.71208211189501],[-55.05993183617414,74.7119617231441],[-55.05851401695926,74.71202860927616],[-55.057091537013285,74.71209549464332],[-55.05554859896662,74.71197501499238],[-55.05425537451924,74.71222923829322],[-55.05295791507229,74.71248343793289],[-55.05153983016499,74.71254585376576],[-55.05178961391533,74.71292038481972],[-55.052043862659914,74.71329497565458],[-55.051584468362066,74.71370523512591],[-55.05325668643665,74.71401287390421],[-55.05492876531382,74.7143205683236],[-55.05660089781797,74.7146282482153],[-55.058143815248556,74.71474867380519],[-55.05969113758664,74.714869031269],[-55.06123847663662,74.71498937634269],[-55.06278125136252,74.71510983508215],[-55.064074336191666,74.71486011592977],[-55.06537203871582,74.71460588922946],[-55.065956143542586,74.71438300373526]]],"type":"Polygon"},"id":"0000000000000000013c","properties":{"area":99401.03218601868,"elevation":1085.894889934284,"region":"NW","year":2018},"type":"Feature"},{"geometry":{"coordinates":[[[-55.29110958444668,73.95417760553569],[-55.29098460690395,73.95399032188679],[-55.290859880360806,73.95380308376836],[-55.29073936131016,73.9536157831237],[-55.289941269410924,73.953464119632],[-55.289138524642055,73.9533080408953],[-55.28846521770527,73.95334372675349],[-55.28778745414972,73.95337942671266],[-55.28710966004133,73.95341062510393],[-55.286436342768525,73.95344630343803],[-55.285638324149154,73.95329023866975],[-55.28496055328083,73.9533259281415],[-55.28440743722874,73.95354885745492],[-55.283729875012476,73.95358008893905],[-55.28305183903089,73.95361572551829],[-55.28237872351353,73.95364693548075],[-55.28170092898725,73.95368261272054],[-55.28114800819067,73.95390557735202],[-55.28046999058733,73.95393682152422],[-55.27979217925966,73.95397249157433],[-55.27923944823732,73.95419099675311],[-55.27868648050429,73.95441395335361],[-55.27881134004644,73.95460124439859],[-55.279609528443046,73.95475276875881],[-55.28028294065763,73.9547216150722],[-55.28096077765039,73.95468594344713],[-55.28175879972071,73.95483752915013],[-55.28256156155873,73.954993639644],[-55.28335960766655,73.95514521841204],[-55.28415791401598,73.95529683942542],[-55.284956010493545,73.95545291028786],[-55.28575409251364,73.95560447868264],[-55.28655670430748,73.9557561433741],[-55.28735483732072,73.95591220384239],[-55.28803269449998,73.95587650633273],[-55.288706121925266,73.9558453219195],[-55.28938397224178,73.95580961936618],[-55.28993683957684,73.95558663071851],[-55.29048972114122,73.95536813919992],[-55.29104707896896,73.95514524641918],[-55.290922278783206,73.95495789255143],[-55.290124191035495,73.95480634633712],[-55.28999921838389,73.95461906236815],[-55.29055204342682,73.95439607087208],[-55.29110958444668,73.95417760553569]]],"type":"Polygon"},"id":"0000000000000000025f","properties":{"area":69567.91440257282,"elevation":674.5701378254209,"region":"NW","year":2018},"type":"Feature"},{"geometry":{"coordinates":[[[-57.42551174435914,75.55741166570559],[-57.423857361095585,75.55730917858051],[-57.422368169088585,75.5573894633676],[-57.420718372187686,75.5572868432484],[-57.419228879578355,75.5573670623133],[-57.41740949368981,75.55707727443344],[-57.4155945498409,75.55678743510131],[-57.41377527819301,75.5564976149796],[-57.41196044847636,75.55620774348378],[-57.410141291074076,75.55591789112256],[-57.40865181766225,75.55600261027648],[-57.40700219386914,75.55589560617432],[-57.40583817929879,75.55635039520276],[-57.404348820938395,75.5564307361436],[-57.40318962933832,75.55688555880491],[-57.404259804328795,75.55721548806885],[-57.40532982910681,75.55754548377655],[-57.404170592211564,75.55800030953849],[-57.40449609129665,75.55837040145404],[-57.40482616407623,75.55874496130076],[-57.404406890398455,75.55915521924919],[-57.40473697892045,75.55952977809378],[-57.40622605638904,75.55944507765327],[-57.40788042111057,75.55955205358173],[-57.40936975111626,75.55946737290934],[-57.41101974129045,75.55957435872341],[-57.41250904685363,75.55948965507767],[-57.413838076322364,75.5592220857362],[-57.41532722526453,75.55914182236238],[-57.41665159677408,75.55887434137958],[-57.41830584262379,75.55897684417698],[-57.41946517312553,75.55852648474206],[-57.4209545905809,75.55844176099706],[-57.4221184682124,75.55799139209562],[-57.423607815320565,75.55790664840612],[-57.425097043599216,75.55782635502192],[-57.42551174435914,75.55741166570559]]],"type":"Polygon"},"id":"000000000000000001c2","properties":{"area":144949.3385449544,"elevation":739.0337009502236,"region":"NW","year":2018},"type":"Feature"},{"geometry":{"coordinates":[[[-55.773717995963,74.25960369653058],[-55.771818485835034,74.25892596865751],[-55.769490927986865,74.25865837069234],[-55.76634287292047,74.2582392302811],[-55.763457858624164,74.25819463362525],[-55.760572656331554,74.25815006349794],[-55.75781681191125,74.25829275129055],[-55.755587319959474,74.25918455767656],[-55.75309477877842,74.25969734669698],[-55.75292533070888,74.26048215230314],[-55.75138238671301,74.26133835600737],[-55.75053070581969,74.26215437310665],[-55.75174360816465,74.2628677945789],[-55.752952185025826,74.26357678410223],[-55.7548560234576,74.26425454958314],[-55.754690968000105,74.26503938997301],[-55.75521280395465,74.26578851946343],[-55.75849026869124,74.26639046708686],[-55.76164295161599,74.26680960105821],[-55.76439846223709,74.26666690157374],[-55.76662807963848,74.26577953459949],[-55.76403720748514,74.26513749039306],[-55.7655802265266,74.2642857306882],[-55.7678098527608,74.26339393546715],[-55.77043599499248,74.26306398303802],[-55.7693527103204,74.26253780350345],[-55.767452928297736,74.26186448680272],[-55.76899568068177,74.26100835315306],[-55.77122532892122,74.26012097441917],[-55.773717995963,74.25960369653058]]],"type":"Polygon"},"id":"00000000000000000122","properties":{"area":403671.14662888064,"elevation":490.5711821446171,"region":"NW","year":2018},"type":"Feature"},{"geometry":{"coordinates":[[[-59.10619160498378,76.04490743809654],[-59.105808287483505,76.04453727511181],[-59.10618705196469,76.04412254291826],[-59.10427411239048,76.04384613299833],[-59.10236123127509,76.04356970593481],[-59.100831659738965,76.04366324778717],[-59.099302453999286,76.04375693301257],[-59.09758095375818,76.04366326724183],[-59.096051716690894,76.04375692891233],[-59.094330510919775,76.04366327738138],[-59.09280076536914,76.04375694864274],[-59.09146300568767,76.04403342632973],[-59.09185096065474,76.04440351047647],[-59.09070514056857,76.04486279842689],[-59.09032153631826,76.04528198176179],[-59.09223466222995,76.04555844143786],[-59.09261798759129,76.04592406476333],[-59.09453552984323,76.04620050719352],[-59.09644834542553,76.04647696210313],[-59.0979778392868,76.04638330058162],[-59.099507503916115,76.04629415507584],[-59.101228623209295,76.04638331205837],[-59.10237000602927,76.04592408004993],[-59.10351619935918,76.04546032381673],[-59.104662231060146,76.04500104668283],[-59.10619160498378,76.04490743809654]]],"type":"Polygon"},"id":"000000000000000001ed","properties":{"area":97113.76529210288,"elevation":739.1776043208048,"region":"NW","year":2018},"type":"Feature"},{"geometry":{"coordinates":[[[-53.30547643563366,72.64193995716865],[-53.3052936191658,72.64156092962406],[-53.30510618844081,72.64118637749672],[-53.30375496279659,72.64105261319725],[-53.30249306058335,72.64110609557339],[-53.30114207959447,72.64097235885748],[-53.29988471469369,72.64103031730158],[-53.29862261524744,72.64108383947188],[-53.29736527029914,72.64113729343485],[-53.29619694874428,72.6413825527116],[-53.29493503759795,72.64143609548302],[-53.29511770156344,72.64181064754418],[-53.294671733204126,72.64221642455577],[-53.29422597514287,72.64262224843445],[-53.2937800117238,72.64302353679182],[-53.29459171715667,72.64337133200497],[-53.29477893940025,72.64375037915875],[-53.29559046280257,72.64409812107701],[-53.29703531062663,72.64441924065113],[-53.29829721746951,72.64436575226162],[-53.2994654513024,72.64412043200862],[-53.30054022047509,72.64368793261251],[-53.30161467579564,72.64325986305192],[-53.30287675465511,72.64320190260906],[-53.30395113104911,72.6427738174238],[-53.30503031041385,72.64234129746548],[-53.30547643563366,72.64193995716865]]],"type":"Polygon"},"id":"00000000000000000026","properties":{"area":100305.58466473823,"elevation":1132.0630901287554,"region":"NW","year":2018},"type":"Feature"},{"geometry":{"coordinates":[[[-54.62430014650597,73.374900241737],[-54.62277070421528,73.37458808380076],[-54.621459644737556,73.37465503391955],[-54.61993025999807,73.3743428516205],[-54.618396175308156,73.37403068074937],[-54.61686670023779,73.37371854217365],[-54.61533276471842,73.37340646155828],[-54.61380338078036,73.37309429664651],[-54.61227389812608,73.37278662268862],[-54.61073985971453,73.3724744558522],[-54.60932191349456,73.37234962542433],[-54.60823383764297,73.37278665146344],[-54.60714592856943,73.37322803405817],[-54.60594652969776,73.37347778655295],[-54.6044169016797,73.37316568136472],[-54.60288317624854,73.37285349373066],[-54.601683495892786,73.37310317061299],[-54.60256187165982,73.3734465435602],[-54.60343595310836,73.37378991284271],[-54.60431438954563,73.37413327695812],[-54.605843673479576,73.37444540628161],[-54.60606678925485,73.37481994610468],[-54.6073777487389,73.37475749818154],[-54.608684190082386,73.37469511139436],[-54.61010663276142,73.37481994646922],[-54.61130625259757,73.3745657791995],[-54.61261722261296,73.37450340877366],[-54.614035341037216,73.3746282132906],[-54.615457617374325,73.3747530754962],[-54.61698711895351,73.37506079193481],[-54.61840943859032,73.37518563056071],[-54.619827447975446,73.37531045896887],[-54.62113841950619,73.37524802549005],[-54.62244961868561,73.37518562881657],[-54.623867603338205,73.37530599088964],[-54.62430014650597,73.374900241737]]],"type":"Polygon"},"id":"00000000000000000092","properties":{"area":100875.29712460419,"elevation":845.0033083134712,"region":"NW","year":2018},"type":"Feature"},{"geometry":{"coordinates":[[[-55.98400485528557,74.43193013661492],[-55.9838711854843,74.43174286223666],[-55.98304161499049,74.43159126518991],[-55.98234610619652,74.43163136240773],[-55.98178409783783,74.43185435533746],[-55.981088618251896,74.43188999907092],[-55.98039751317817,74.43192567882429],[-55.97983546943307,74.43214866552935],[-55.97913997179642,74.43218430195314],[-55.978310412379074,74.43203268446192],[-55.97748112211036,74.43188110810001],[-55.976651799474396,74.4317339768451],[-55.9758222780418,74.43158234848589],[-55.97499302574663,74.43143076125959],[-55.974163484057236,74.43128357438461],[-55.97346781445016,74.43131926135362],[-55.97360186300864,74.43150206744703],[-55.97373999048801,74.43168931608139],[-55.9731781196834,74.43191232739933],[-55.97261642043887,74.43213526560797],[-55.9720588288663,74.43235819593542],[-55.97149710096611,74.43258113032039],[-55.971630908421176,74.43276845691368],[-55.972460201068515,74.43292005848828],[-55.97328955234495,74.43306720773815],[-55.974118870242826,74.43321880207058],[-55.97494845730197,74.43337043753786],[-55.97578217936074,74.43352206333883],[-55.975916013130934,74.43370482203666],[-55.97535411121461,74.43392783818372],[-55.97548789884485,74.43411504563674],[-55.9763173514382,74.43426674620657],[-55.97701286865386,74.4342310050306],[-55.97757482765259,74.43400810003469],[-55.97827058700468,74.4339723988687],[-55.97909983962646,74.4341195939471],[-55.9797955980456,74.4340838871844],[-55.98035269364587,74.4338609613901],[-55.980914781959235,74.43363797465219],[-55.98161032963681,74.43360233220208],[-55.98230149488712,74.4335666486068],[-55.982863105468205,74.43334368209808],[-55.98342514402469,74.43312068721615],[-55.983982417957684,74.43289779429495],[-55.98384874017265,74.43271052042242],[-55.98371502201461,74.43252769509422],[-55.98357671530236,74.43234033757689],[-55.98344304637506,74.43215306314545],[-55.98400485528557,74.43193013661492]]],"type":"Polygon"},"id":"00000000000000000140","properties":{"area":71126.9608086743,"elevation":203.75989195137802,"region":"NW","year":2018},"type":"Feature"},{"geometry":{"coordinates":[[[-57.7662629436935,75.72302713265121],[-57.76592395486695,75.72265702403377],[-57.76425197210991,75.7225545204484],[-57.762749035567836,75.72263922650806],[-57.761585246577425,75.72309407927773],[-57.760082521121014,75.72317434880851],[-57.75892332021189,75.72362918469607],[-57.75926217499879,75.72400376109131],[-57.75809837777539,75.72445851773126],[-57.75768813731723,75.72486875913667],[-57.75802699711224,75.72523887673843],[-57.75837029905393,75.72560895094946],[-57.7602117132858,75.7258988398427],[-57.75980149592726,75.7263090829661],[-57.76014043589846,75.72667919528685],[-57.760479389331245,75.727053765292],[-57.760069153233275,75.72746400672473],[-57.759658894422344,75.7278787051907],[-57.75999786805937,75.72824881539614],[-57.761090544743006,75.72857875051224],[-57.762936294859465,75.72886414304017],[-57.764269643651794,75.72859662888499],[-57.7646797967505,75.72818192192382],[-57.7635872751021,75.72785193238285],[-57.76475132759267,75.72739707969265],[-57.76440784317172,75.72702701776552],[-57.764068992675924,75.72665683980665],[-57.7644793885298,75.72624217171304],[-57.76414036350249,75.72587206520431],[-57.76304781847165,75.72554660185179],[-57.76345793598012,75.72513189147425],[-57.763868505362616,75.7247171491667],[-57.763529529503764,75.7243470394879],[-57.76469315325555,75.72389225101091],[-57.7658524764188,75.72343742464489],[-57.7662629436935,75.72302713265121]]],"type":"Polygon"},"id":"000000000000000001d3","properties":{"area":88325.18924757696,"elevation":553.9385979180222,"region":"NW","year":2018},"type":"Feature"},{"geometry":{"coordinates":[[[-61.800946826457235,76.33976991731748],[-61.80071043360495,76.33958705866763],[-61.79971142004078,76.33945778093839],[-61.79870834210665,76.33933288161687],[-61.7979368784484,76.33938644471012],[-61.797165505875654,76.33944441349875],[-61.79639838239295,76.33949792073852],[-61.795627074732025,76.33955139962623],[-61.794623834898665,76.33942655768621],[-61.793856697921164,76.33948005594303],[-61.79331702918758,76.33971640547],[-61.79254569319234,76.33976987325026],[-61.791778745874545,76.33982788507967],[-61.791239207844576,76.34006415283541],[-61.79069977469866,76.34030053153512],[-61.790164679502546,76.34053685832188],[-61.7893931074523,76.34059039021555],[-61.78862627817883,76.3406483144562],[-61.7880867815468,76.34088468552014],[-61.787546968826426,76.34112101800582],[-61.78777906210582,76.34130386266973],[-61.78878209142346,76.34142869850113],[-61.78901420378732,76.34161154170303],[-61.78924602266119,76.34179434769933],[-61.79024939156867,76.34191921362742],[-61.7904812295207,76.34210201816325],[-61.79071307315616,76.34228482231916],[-61.79148454471308,76.34223136271588],[-61.79225579055888,76.34217337923486],[-61.79325929778522,76.34230263986292],[-61.794262544434076,76.34242756339154],[-61.795029525814996,76.34237402881713],[-61.795569253179366,76.3421376788593],[-61.796108487078975,76.34190136620914],[-61.79687551114808,76.34184334046299],[-61.797646925802155,76.34178985864337],[-61.797415012430044,76.34160706080809],[-61.79718328207119,76.34142418671634],[-61.79771828753242,76.34118784325597],[-61.79825775294606,76.34095156043568],[-61.79879302396721,76.34071525032115],[-61.79933263292339,76.34047888813221],[-61.79986757114972,76.34024253773796],[-61.800406969036366,76.34000624793832],[-61.800946826457235,76.33976991731748]]],"type":"Polygon"},"id":"00000000000000000215","properties":{"area":68783.27941677204,"elevation":319.49677552494455,"region":"NW","year":2018},"type":"Feature"},{"geometry":{"coordinates":[[[-54.50761432697495,74.21697918190299],[-54.506120592449456,74.21685429523573],[-54.5037036920711,74.21638609398038],[-54.50129124031154,74.21591793407818],[-54.49887906383007,74.21544524866617],[-54.499222405202815,74.21485216951056],[-54.49680529068839,74.21438397116988],[-54.494393064665296,74.21391579134718],[-54.493358622769314,74.21338513120907],[-54.492324050371145,74.21285453458745],[-54.49059841918277,74.21235066579874],[-54.49163280282186,74.21172639109436],[-54.48979559706094,74.21219458320033],[-54.488070090935025,74.21285453639867],[-54.48830194015231,74.21322911395151],[-54.48726735560413,74.21385336624256],[-54.48968413564926,74.21432157105887],[-54.492096506098484,74.21478974136089],[-54.49450907894659,74.21526242146304],[-54.49692582256467,74.21573067183007],[-54.49796024997122,74.21626126319035],[-54.498994987255415,74.21679189507917],[-54.501411591806246,74.21726010990929],[-54.50382403650413,74.21772833725132],[-54.50589301653114,74.21763466105457],[-54.50761432697495,74.21697918190299]]],"type":"Polygon"},"id":"00000000000000000259","properties":{"area":95268.16303535037,"elevation":1250.253358561968,"region":"NW","year":2018},"type":"Feature"},{"geometry":{"coordinates":[[[-57.53747984879359,75.53232484506188],[-57.53475520777885,75.5318878291757],[-57.530461338459695,75.5323247800115],[-57.52633224917571,75.53294014853623],[-57.521707776726,75.53300260405169],[-57.51724868602813,75.5332522932096],[-57.51196924318274,75.53257009504664],[-57.50652019908107,75.53170498525716],[-57.504785755381434,75.53063038062841],[-57.50825472650083,75.52927034120202],[-57.5118890031944,75.52809308588884],[-57.5154385580187,75.5277007182583],[-57.512963581161046,75.52667068997555],[-57.508179269027266,75.52654579990588],[-57.504214867219474,75.52734845042181],[-57.500745727479334,75.52870850484805],[-57.501405581118654,75.52945317138048],[-57.50090618873338,75.53064817578299],[-57.50189621640974,75.5317629915618],[-57.50511569262509,75.53275733385036],[-57.50684562757151,75.53382753280462],[-57.51089015022551,75.5339925275168],[-57.515349160642884,75.5337472844684],[-57.520798396929415,75.53461233286119],[-57.52509240311468,75.53417974210022],[-57.52922145844563,75.5335599719981],[-57.53335072226434,75.53294019985209],[-57.53747984879359,75.53232484506188]]],"type":"Polygon"},"id":"000000000000000001c3","properties":{"area":230420.98498183957,"elevation":682.9130468256778,"region":"NW","year":2018},"type":"Feature"},{"geometry":{"coordinates":[[[-55.31756547506349,74.05488642836275],[-55.31663797147407,74.05454748185274],[-55.31571031588982,74.05420860119743],[-55.31477842973322,74.05386528067677],[-55.31589322656241,74.05342380709499],[-55.31496564184642,74.05308492208657],[-55.313356050780875,74.05277727541765],[-55.31212084058956,74.05303587017805],[-55.310756261264245,74.05310274594503],[-55.30952101655996,74.05335694109543],[-55.308281442927274,74.05361107388107],[-55.30704637425148,74.05386529730139],[-55.305806760787526,74.05412391046181],[-55.30673443292954,74.05446276926418],[-55.30630172674009,74.0548730162981],[-55.307233738594086,74.05521192591246],[-55.30747892989533,74.05558652015755],[-55.30840645617179,74.05592532416928],[-55.309334080168895,74.05626423969319],[-55.310823309787864,74.0563846295626],[-55.31218321830051,74.05631779745433],[-55.31341861464269,74.05606358757186],[-55.31465804548902,74.05580499534074],[-55.31589318277948,74.05555083868052],[-55.317132760727084,74.05529665619032],[-55.31756547506349,74.05488642836275]]],"type":"Polygon"},"id":"000000000000000000e6","properties":{"area":89950.8702147701,"elevation":798.6642379359771,"region":"NW","year":2018},"type":"Feature"},{"geometry":{"coordinates":[[[-53.56259245198438,72.85704251395241],[-53.561571442464114,72.85632015486856],[-53.55991252448202,72.85562456171333],[-53.55697860685939,72.85498243602221],[-53.55659502706139,72.85423332676636],[-53.55684914851902,72.85345292424986],[-53.55837425694062,72.85261469089183],[-53.55690708536968,72.85229358340158],[-53.55464642567691,72.85297142648417],[-53.5520958042667,72.8530872740706],[-53.54973684108461,72.85357333704881],[-53.54756982477653,72.85443845265058],[-53.54667793573177,72.85524995534351],[-53.54514861497795,72.85608382868615],[-53.54489443558055,72.85686867091526],[-53.544002543940415,72.85767571868212],[-53.543110812098675,72.85848280833737],[-53.54476938751122,72.8591784420693],[-53.544515374423725,72.85995884299885],[-53.54744936799124,72.86060089707443],[-53.55009796510075,72.86067671490855],[-53.55245690090927,72.86018621519145],[-53.55491403665866,72.85988295508488],[-53.55736652757206,72.85958425726993],[-53.55953367435369,72.85871914275081],[-53.56042539544615,72.85790762351768],[-53.56259245198438,72.85704251395241]]],"type":"Polygon"},"id":"0000000000000000004c","properties":{"area":356196.27620922966,"elevation":934.6903359643798,"region":"NW","year":2018},"type":"Feature"},{"geometry":{"coordinates":[[[-54.51400861330552,73.47411521991445],[-54.510713412864064,73.47311635438986],[-54.506539779068795,73.47408401343331],[-54.501375934045164,73.47336607681137],[-54.49598956454048,73.47227360956619],[-54.49324258567611,73.47105627206558],[-54.494446519797116,73.46964721452821],[-54.49169959870332,73.4684298721242],[-54.49027288997885,73.46714564446646],[-54.489501302072796,73.46583466529437],[-54.48938988855566,73.46449246502189],[-54.490045525056836,73.46330192309138],[-54.485104870123095,73.46295854163938],[-54.48082399825303,73.46374339469524],[-54.48071698779305,73.464710939952],[-54.48082846135668,73.46605316489749],[-54.48291525806653,73.4673061845119],[-54.485002316734715,73.46855474484246],[-54.485773738486,73.46987016733641],[-54.48786041937029,73.47111873605903],[-54.48929181114084,73.47239847194314],[-54.4920385301299,73.4736202527174],[-54.49522696852496,73.47443185030069],[-54.50027908821321,73.47496249689081],[-54.50511265570397,73.47511851675382],[-54.50950935607026,73.47452096745127],[-54.51400861330552,73.47411521991445]]],"type":"Polygon"},"id":"000000000000000000a1","properties":{"area":359507.11618367775,"elevation":910.0621181961704,"region":"NW","year":2018},"type":"Feature"},{"geometry":{"coordinates":[[[-65.27734210289782,77.6908329681313],[-65.27645036130464,77.69059657229491],[-65.27603575047381,77.6903602350792],[-65.27489428417647,77.690244333624],[-65.27290966792867,77.69019974858186],[-65.27092999780814,77.69015071220191],[-65.26995351901667,77.69060551422933],[-65.26857997714488,77.690712527021],[-65.26766143817619,77.69081512944464],[-65.26652873950124,77.69090426337243],[-65.26555682516744,77.6913546867891],[-65.26493245689045,77.69143490016887],[-65.26380438011849,77.69152409396308],[-65.26421909163587,77.69176491137594],[-65.26415671720677,77.69200121259337],[-65.26336280196098,77.69237127313424],[-65.26425035451618,77.69260316315048],[-65.26466510946004,77.69284397832024],[-65.26611866848059,77.69313384040073],[-65.2681029920124,77.69318284880418],[-65.27008285209413,77.69322744741089],[-65.27206700703168,77.69327650181788],[-65.27305245564496,77.69302677180607],[-65.27343155240668,77.69296436989487],[-65.27471572516609,77.6926923963028],[-65.27533116834219,77.69261215449033],[-65.27646812320249,77.69252291265323],[-65.27668673941922,77.69209928218858],[-65.2769051006541,77.69168015873788],[-65.27712369368678,77.69125652524501],[-65.27727098598682,77.69107370234646],[-65.27734210289782,77.6908329681313]]],"type":"Polygon"},"id":"00000000000000000246","properties":{"area":80783.60286430133,"elevation":754.4750612881654,"region":"NW","year":2018},"type":"Feature"},{"geometry":{"coordinates":[[[-55.16740071639882,74.40910397135272],[-55.164689741407535,74.4082701401403],[-55.16128282656396,74.40746750760673],[-55.15927180808794,74.40659804290677],[-55.158201536106944,74.40607180650733],[-55.15716270606631,74.40531377104847],[-55.16002105779967,74.4042079129598],[-55.16287905577503,74.4031064986137],[-55.16623692486892,74.4027498214817],[-55.162825501708106,74.40194715508144],[-55.16099733716854,74.40135854995688],[-55.15992714859111,74.40082789382566],[-55.15875899359036,74.4004444037108],[-55.15565542502091,74.40117573354634],[-55.15267672630694,74.40208983180982],[-55.15005047370327,74.40241087559359],[-55.14969797026558,74.40300841740002],[-55.14895341042371,74.40377534556188],[-55.14860988195823,74.40460477213992],[-55.14923431721803,74.40553674826644],[-55.14898468009591,74.40624122719852],[-55.148837441697495,74.40710186371643],[-55.15015727333235,74.40800257107337],[-55.150777103812224,74.40893899321652],[-55.15348843219895,74.40977285443468],[-55.15759085183967,74.41053984175805],[-55.161443242057736,74.41093666757726],[-55.164921459515746,74.41076721625755],[-55.16663370355562,74.41010726602022],[-55.16740071639882,74.40910397135272]]],"type":"Polygon"},"id":"00000000000000000117","properties":{"area":373737.5123497044,"elevation":831.6182894409698,"region":"NW","year":2018},"type":"Feature"},{"geometry":{"coordinates":[[[-54.72772460768699,73.45762546092753],[-54.7273899575368,73.45706363331186],[-54.725735650374304,73.45656866961527],[-54.724081359642426,73.45606925711715],[-54.722427151027375,73.45556982918767],[-54.72100025427465,73.4554494233317],[-54.71891315424358,73.45535580915133],[-54.716714998276366,73.45507934419209],[-54.714739716145864,73.45517296363538],[-54.712652532203585,73.455083779626],[-54.71079311185305,73.45536470646199],[-54.70870639069064,73.45527556900622],[-54.70684694088159,73.45556088721939],[-54.70498308529654,73.45584187180154],[-54.703235001866936,73.45631450987007],[-54.70334643486151,73.45650175306945],[-54.704345405379925,73.45703241628014],[-54.70533984723381,73.45756303023452],[-54.70633416165555,73.45809370847184],[-54.707328410707596,73.45861983090438],[-54.70898290767681,73.45911925514136],[-54.710637064235684,73.45961868759389],[-54.71229154361051,73.46011815110161],[-54.71371827856836,73.46023853467935],[-54.71603256877254,73.4607067251289],[-54.71811952487131,73.46079591960363],[-54.72009493272233,73.46070229097216],[-54.72195420777676,73.46041686275396],[-54.722275442566406,73.45982385697558],[-54.723911895810225,73.45916385007372],[-54.72554394913823,73.45850394663208],[-54.72729630991102,73.45803568155763],[-54.72772460768699,73.45762546092753]]],"type":"Polygon"},"id":"00000000000000000099","properties":{"area":324845.1198149418,"elevation":754.7396054826789,"region":"NW","year":2018},"type":"Feature"},{"geometry":{"coordinates":[[[-55.678239873880216,74.67473707935795],[-55.67713388389507,74.67421089759092],[-55.6760282183228,74.67368475408284],[-55.67562667271776,74.6731229102953],[-55.674083958753656,74.67300701611671],[-55.67182761542276,74.67292668003547],[-55.66930830338566,74.67247188457631],[-55.66679329025615,74.67201705719876],[-55.66427376575608,74.67156222148849],[-55.66201748821364,74.67148195777584],[-55.66016697903707,74.67195907534034],[-55.66043008923761,74.67233368131022],[-55.65871343327116,74.6729980953285],[-55.65911020008285,74.67355985415377],[-55.65880272358671,74.67415743166053],[-55.65920389340588,74.67471486092613],[-55.65889633419691,74.67531232021588],[-55.65717496489001,74.67597678126437],[-55.657572019461,74.67653858299344],[-55.65867755213095,74.6770647547859],[-55.65978359901809,74.67759089406287],[-55.661598452374555,74.67808143294289],[-55.663141310244406,74.67819738274005],[-55.66539774102313,74.6782776173434],[-55.66738181728152,74.67798332977927],[-55.66937059336607,74.67769348605745],[-55.67135941328748,74.67739917644774],[-55.6734774480091,74.6772921272533],[-55.675198669727756,74.67662779680916],[-55.676919948035575,74.67596337781622],[-55.67722753390122,74.67536579068202],[-55.678239873880216,74.67473707935795]]],"type":"Polygon"},"id":"00000000000000000157","properties":{"area":314990.8264384215,"elevation":743.751020454701,"region":"NW","year":2018},"type":"Feature"},{"geometry":{"coordinates":[[[-54.68725353816218,73.94730608955282],[-54.68431527072982,73.94706086430926],[-54.68114023713076,73.94643657653056],[-54.67831774856836,73.94637860881382],[-54.675490553927496,73.94631624123464],[-54.67266788480358,73.94625825643648],[-54.67018854149106,73.94676212178462],[-54.66770942363472,73.94726150051993],[-54.666817612382545,73.94807755907598],[-54.66592139042024,73.94888911451184],[-54.66502961231068,73.94970508988995],[-54.66413769488774,73.95051663069376],[-54.66324136539427,73.95133271078313],[-54.66234954180735,73.95214428493861],[-54.66337512511509,73.95267488344331],[-54.66426686302604,73.95185887734179],[-54.66515883398691,73.95104733915204],[-54.66741077706654,73.95016885582889],[-54.66965816750383,73.94929488746061],[-54.67190527610872,73.94841646012617],[-54.674152846881825,73.94753802486987],[-54.67674793627771,73.94722139230946],[-54.679454824119524,73.94709652901078],[-54.682281690085176,73.94715454788538],[-54.685336248128465,73.94758706268811],[-54.68725353816218,73.94730608955282]]],"type":"Polygon"},"id":"000000000000000000cf","properties":{"area":106788.96414662017,"elevation":1109.8828546386187,"region":"NW","year":2018},"type":"Feature"},{"geometry":{"coordinates":[[[-55.35579786311088,74.01295746459887],[-55.355672844840726,74.01277012740537],[-55.3548702913354,74.01261859400826],[-55.35474553412089,74.01243130169141],[-55.35462053032697,74.0122439636044],[-55.35381775780072,74.01209237998899],[-55.353015246536835,74.01194083849586],[-55.352212638204534,74.01178467882056],[-55.35208772926136,74.01159745515554],[-55.35196300744857,74.01141016065361],[-55.35184257030395,74.01122291859599],[-55.35171764871145,74.0110400765839],[-55.35091490469748,74.0108839818506],[-55.350237348804484,74.01091965295261],[-55.34955507375258,74.01095529393088],[-55.34875241307806,74.01079930613552],[-55.348074603949364,74.01083492364691],[-55.347396606827594,74.0108706093045],[-55.34671899693953,74.01090176896784],[-55.34616161969834,74.01112474081317],[-55.346286531117656,74.01131208462309],[-55.34641138046378,74.01149931198482],[-55.345858221193446,74.01171783673097],[-55.3453009933468,74.01194073457432],[-55.34542590253204,74.01212807853074],[-55.345550565158455,74.0123153767046],[-55.34499333808364,74.01253389099547],[-55.34511818404261,74.01272111857925],[-55.34524309743058,74.01290846228231],[-55.34536794874561,74.01309568953731],[-55.3461705034098,74.0132517622702],[-55.34697327669213,74.01340337874413],[-55.34777581273235,74.01355494611738],[-55.34857842555911,74.01370662628942],[-55.349256316823826,74.01367538998234],[-55.34980926041531,74.01345242856922],[-55.35049142114353,74.01342124026762],[-55.35116925207124,74.01338549839245],[-55.35184689499068,74.01334982466764],[-55.352524828044665,74.01331869242985],[-55.35320246406729,74.01328301366527],[-55.353884812739764,74.01324735987711],[-55.354562671036575,74.0132161037827],[-55.355240296611264,74.01318041744115],[-55.35579786311088,74.01295746459887]]],"type":"Polygon"},"id":"000000000000000000e3","properties":{"area":67795.48346237703,"elevation":733.1520952430901,"region":"NW","year":2018},"type":"Feature"},{"geometry":{"coordinates":[[[-58.865306526964645,75.93420129345819],[-58.864173674658105,75.93388024233676],[-58.86227883136932,75.93359934262902],[-58.86038806331364,75.93332280825044],[-58.858493171008625,75.93304636315659],[-58.856785026105726,75.93295271995181],[-58.85508193507145,75.93285907927884],[-58.85356123173094,75.9329482382057],[-58.85204490478962,75.93304192349625],[-58.85033734437644,75.93294830982825],[-58.84882115504439,75.93303748327034],[-58.84711331436574,75.93294380275914],[-58.84559738207572,75.93303299366731],[-58.84388935920546,75.9329393605611],[-58.842743566471405,75.93340309963314],[-58.84388048016654,75.93372419854775],[-58.84425515092281,75.93409428646476],[-58.84538759415196,75.93441974257955],[-58.84499979151066,75.93483448301986],[-58.84689491612411,75.93511097373268],[-58.84878981183472,75.93538740666426],[-58.850680603195066,75.93566834363914],[-58.852575900826956,75.9359447834816],[-58.85446633391585,75.9362257192697],[-58.85598702995337,75.93613210147527],[-58.85750743874161,75.9360428467277],[-58.859210687364666,75.93613654227111],[-58.86054408132181,75.93586010927608],[-58.861877613713695,75.9355835937072],[-58.863393545755,75.9354944753201],[-58.86301907520831,75.93512431450563],[-58.864164749774105,75.93466503564382],[-58.865306526964645,75.93420129345819]]],"type":"Polygon"},"id":"000000000000000001df","properties":{"area":152481.79437272725,"elevation":630.8493933573803,"region":"NW","year":2018},"type":"Feature"},{"geometry":{"coordinates":[[[-68.2317685953794,76.28785255790059],[-68.23008302282048,76.28740665358588],[-68.2306047434088,76.28672890879754],[-68.23039504433184,76.28613139845311],[-68.22944543872698,76.28560518062721],[-68.2270240352899,76.28523060889583],[-68.2275501935053,76.2845572936009],[-68.22660032919288,76.28403561070327],[-68.223443419916,76.28373687538787],[-68.22028629396186,76.28343806766854],[-68.21807470528681,76.28366103342789],[-68.21554624379692,76.28371010166549],[-68.21302271599745,76.28375913036396],[-68.21081089512694,76.28398651944337],[-68.20828711948947,76.2840355745305],[-68.20607532919041,76.28425852663952],[-68.20418012216477,76.28465984273845],[-68.20481337459597,76.2850077008398],[-68.20502292517963,76.28560962223789],[-68.20449690200041,76.28628298342514],[-68.20691824114799,76.28665752450355],[-68.20786779650984,76.28718369563656],[-68.20881306922587,76.2877054310749],[-68.21123879657955,76.28808001977175],[-68.2107126910721,76.2887533595456],[-68.2125007817359,76.288780083868],[-68.2156624384591,76.28907885017179],[-68.21881951283719,76.28937761085344],[-68.22166436122863,76.28950242664665],[-68.22324274069491,76.28892722273473],[-68.22482129844687,76.28835203273056],[-68.22766187554252,76.28847686634298],[-68.23019009029561,76.28842777360204],[-68.2317685953794,76.28785255790059]]],"type":"Polygon"},"id":"0000000000000000024b","properties":{"area":329493.27612780983,"elevation":455.09164032390726,"region":"NW","year":2018},"type":"Feature"},{"geometry":{"coordinates":[[[-54.20367736978894,73.5439625802946],[-54.20346341652322,73.54358357338872],[-54.20258505941332,73.54324023988427],[-54.20104674561575,73.54292359927929],[-54.19950823928431,73.54261144682043],[-54.19796983482885,73.54229484938928],[-54.196431477795336,73.54198278727245],[-54.196217450440685,73.54160372379378],[-54.195998825690005,73.54122915167697],[-54.194460582771015,73.54091707249819],[-54.19424660751011,73.54053800604235],[-54.192708204359036,73.54022586457495],[-54.191276857707116,73.54009653906397],[-54.18984528477039,73.53997170347839],[-54.18862800671878,73.5402213588598],[-54.18751772860642,73.54065395332705],[-54.18839171750638,73.54100176050451],[-54.188610192924486,73.54137634122819],[-54.188159962263796,73.54178210041613],[-54.189038198145646,73.54212543462691],[-54.189912281982636,73.5424732337551],[-54.190790820148905,73.54281660634953],[-54.19166454043011,73.54316441910895],[-54.19243615312791,73.54332052398614],[-54.19386756399129,73.54344536181897],[-54.19540576546594,73.54376194682447],[-54.19684158787161,73.54388677043009],[-54.198166198854366,73.54382879643855],[-54.19959748602118,73.54395365812276],[-54.20092166118189,73.54389568604157],[-54.20235320500823,73.54402057287267],[-54.20367736978894,73.5439625802946]]],"type":"Polygon"},"id":"00000000000000000093","properties":{"area":106207.91195038198,"elevation":1087.49333781965,"region":"NW","year":2018},"type":"Feature"},{"geometry":{"coordinates":[[[-64.84134909204649,77.44700923906626],[-64.83934260935641,77.44635828862108],[-64.83486550508975,77.44589897424471],[-64.83203416295545,77.44531483423174],[-64.83084796564654,77.44459695301201],[-64.83212767599713,77.44368726658605],[-64.8342324593835,77.44271516315833],[-64.83222130013166,77.44206415079161],[-64.8286362647687,77.44214439326377],[-64.82594284646666,77.44275975318313],[-64.82324503475328,77.44337514042408],[-64.82114047354108,77.44434715731215],[-64.81844706016854,77.44496259446883],[-64.81634266211147,77.44593908964967],[-64.81693566089217,77.44629580450614],[-64.8172967304082,77.4470761843307],[-64.81848291088035,77.44778960298342],[-64.8196690425828,77.4485030910222],[-64.82085506907514,77.44922100726876],[-64.82121612932619,77.45000133567015],[-64.82487271990097,77.45052301598167],[-64.82905099004526,77.45079956509932],[-64.83204732005731,77.45036255233077],[-64.83533809260628,77.45010390167614],[-64.83773704205309,77.44931019644228],[-64.84043485725084,77.44869482950422],[-64.84089430919667,77.44785207774298],[-64.84134909204649,77.44700923906626]]],"type":"Polygon"},"id":"0000000000000000023b","properties":{"area":354014.62285768444,"elevation":793.9504473289551,"region":"NW","year":2018},"type":"Feature"},{"geometry":{"coordinates":[[[-57.62269317994214,75.47162301369154],[-57.62260403135193,75.47065093692282],[-57.62177914591843,75.4697234506531],[-57.619063454674645,75.46929098535418],[-57.61586183276984,75.47005794274104],[-57.61216527171489,75.47026302857762],[-57.60896365068574,75.47102995573402],[-57.60609191354164,75.4721626250137],[-57.603220187057914,75.47329967906596],[-57.59984930018175,75.47387935103964],[-57.596812711225915,75.4748291225682],[-57.59394100720568,75.47596173241449],[-57.59106939730616,75.47709884194522],[-57.58967359513292,75.478151188089],[-57.5890181551869,75.47916336000436],[-57.586886659758136,75.4802559227472],[-57.587711646160294,75.4811834108436],[-57.590427227129986,75.48161595395582],[-57.59445829269842,75.48178086167759],[-57.59799443470047,75.48138847359304],[-57.601200309069895,75.48062599749188],[-57.60407210475807,75.47948891833477],[-57.60694813494051,75.47835179353679],[-57.60981990063623,75.47721920787961],[-57.61269159063973,75.47608215296977],[-57.6155631533126,75.47494509197611],[-57.61843458868259,75.47380802489602],[-57.6198260924408,75.47275564007565],[-57.62269317994214,75.47162301369154]]],"type":"Polygon"},"id":"000000000000000001c5","properties":{"area":579356.7786827575,"elevation":663.1903624838455,"region":"NW","year":2018},"type":"Feature"},{"geometry":{"coordinates":[[[-53.447347091769736,73.15994040507583],[-53.44556797326619,73.15905747588528],[-53.44148794484552,73.1593473083043],[-53.436462392964025,73.15860259427507],[-53.43089294078575,73.15757705715538],[-53.4244808051674,73.15669853856917],[-53.41787674215922,73.15544556861427],[-53.41289607155408,73.15403650718991],[-53.411255185407626,73.15284589954456],[-53.413400041739024,73.15112469706425],[-53.41662398106993,73.14963982714694],[-53.41322604313186,73.14892195265425],[-53.407299974843696,73.1489843256092],[-53.402992541970896,73.15022396373728],[-53.40280497402018,73.1518649338153],[-53.40462004202398,73.15342562794969],[-53.40683621577672,73.15457162091508],[-53.40935551242092,73.15561951204442],[-53.411544841906036,73.15659158881569],[-53.41611114560965,73.15774205063703],[-53.422175296260534,73.1592135267436],[-53.42888645508554,73.16065826821405],[-53.433720105893485,73.16102837582103],[-53.437907247446425,73.16142523353965],[-53.44365483937619,73.16098375542376],[-53.447347091769736,73.15994040507583]]],"type":"Polygon"},"id":"00000000000000000060","properties":{"area":539275.5197096062,"elevation":1189.9576087827543,"region":"NW","year":2018},"type":"Feature"},{"geometry":{"coordinates":[[[-56.04841221991858,75.04911875728753],[-56.047404286395185,75.04877988994599],[-56.04567855419758,75.04848115887673],[-56.04539778213925,75.04810658375764],[-56.04583461292365,75.04770081808674],[-56.046998469514904,75.04725491134468],[-56.04599513425442,75.04691595760929],[-56.04499189778231,75.0465815538349],[-56.04470644962787,75.0462070084462],[-56.04370321820397,75.04586804238097],[-56.042258487403856,75.0459438606438],[-56.04067121093314,75.0458279752587],[-56.039226461240695,75.04590377119517],[-56.03764320142449,75.04578781039599],[-56.03633694218293,75.04604645182788],[-56.03733998017205,75.04638533870114],[-56.03762555640054,75.04675549864741],[-56.03790633037944,75.0471300144529],[-56.03818738311444,75.04750457405629],[-56.03846819787841,75.04787464866192],[-56.04019828783742,75.04817792015574],[-56.04047942311868,75.0485480359489],[-56.04220507591719,75.04885125154823],[-56.04393506648688,75.04915000597201],[-56.04523715377965,75.04889132437829],[-56.04682455229774,75.04900280512608],[-56.04841221991858,75.04911875728753]]],"type":"Polygon"},"id":"000000000000000001b5","properties":{"area":70932.65503263712,"elevation":949.9251635146783,"region":"NW","year":2018},"type":"Feature"},{"geometry":{"coordinates":[[[-64.93385767433264,77.43892044811828],[-64.9331175530069,77.43735976312493],[-64.92767723442887,77.43576789776995],[-64.9181303102586,77.43450154287498],[-64.90753985748775,77.43371669592956],[-64.89694968128346,77.4329363552745],[-64.88873587674121,77.43358293389548],[-64.88022361054384,77.4340511595151],[-64.87260747425553,77.43505442546073],[-64.86528093911,77.4362361005144],[-64.85766066955085,77.43723937265608],[-64.85032987181431,77.43842106816525],[-64.84329778972341,77.43978110394538],[-64.83804493803899,77.44221577581295],[-64.84841232787618,77.44341970720923],[-64.85558269521268,77.44326364858183],[-64.8640993079444,77.44279543684722],[-64.8735081151497,77.44286681573848],[-64.88083422742523,77.44168068486472],[-64.88935126246338,77.44121241703749],[-64.89697203151934,77.4402091573013],[-64.8995226386018,77.43838982897725],[-64.90506067909358,77.43613800257667],[-64.91565546357437,77.43691837328196],[-64.92355707140553,77.43831849916958],[-64.93385767433264,77.43892044811828]]],"type":"Polygon"},"id":"0000000000000000023c","properties":{"area":1287286.218011477,"elevation":791.2929937209748,"region":"NW","year":2018},"type":"Feature"},{"geometry":{"coordinates":[[[-53.24243335431978,73.03859484446392],[-53.23938349106699,73.0377609322257],[-53.234590154291936,73.03738640815938],[-53.23007299651735,73.03757817966644],[-53.22546658975704,73.03757815547827],[-53.22094974450821,73.03776990152494],[-53.216526181471195,73.0381488772541],[-53.21219648018602,73.03871523426416],[-53.20833468818992,73.04022240843567],[-53.20796478415993,73.04081543936117],[-53.20668055777897,73.04221564199052],[-53.205396337482064,73.04361576187102],[-53.20411217179878,73.04501591612444],[-53.20540966011938,73.04630458894118],[-53.20670726727491,73.0475977324373],[-53.209940126869874,73.04880614853116],[-53.21372601613265,73.0498005448801],[-53.2186175370819,73.05036242912554],[-53.22332635083098,73.05054971220338],[-53.22774976704339,73.05017065829708],[-53.23189678769092,73.04922531083142],[-53.234750410351324,73.04833795907264],[-53.23797013813456,73.04685753834326],[-53.2398964284218,73.04543065899944],[-53.239240891626324,73.04411076834153],[-53.23923183887281,73.04276407398777],[-53.239222979757734,73.0414219073947],[-53.2398607081682,73.04004850187383],[-53.24243335431978,73.03859484446392]]],"type":"Polygon"},"id":"00000000000000000066","properties":{"area":1352119.2812800198,"elevation":1251.6174181635745,"region":"NW","year":2018},"type":"Feature"},{"geometry":{"coordinates":[[[-52.889129965607225,72.60818903933158],[-52.88815351817079,72.6074621776925],[-52.885545027629234,72.60737748177507],[-52.88294090017382,72.60729271788493],[-52.88025181070485,72.60702073554029],[-52.87755883777502,72.60674871870465],[-52.87512853766736,72.60703860537306],[-52.87278293014368,72.60752012314923],[-52.87044182759671,72.60800174617437],[-52.86827020985993,72.60885788804748],[-52.86584021509202,72.60915220120293],[-52.86358384012867,72.60982107603438],[-52.86123845870595,72.61029820683149],[-52.86032438530152,72.61110525405128],[-52.85941463871301,72.61191238518859],[-52.86039109653903,72.61263924822534],[-52.863169048746435,72.61309850987365],[-52.865777734657364,72.61318322291056],[-52.86838166954749,72.61326794229245],[-52.87055351545544,72.6124117580687],[-52.87315753012105,72.6124920354901],[-52.875587699093934,72.61220222212964],[-52.877933129005775,72.6117206416152],[-52.88010464818701,72.61086449533603],[-52.88270878259861,72.61094920730116],[-52.8846844713895,72.61105622113057],[-52.88433664404766,72.61030263048632],[-52.884617482345284,72.60952674766243],[-52.88678469852231,72.60866615012817],[-52.889129965607225,72.60818903933158]]],"type":"Polygon"},"id":"00000000000000000012","properties":{"area":395426.9048781492,"elevation":1354.615271553395,"region":"NW","year":2018},"type":"Feature"},{"geometry":{"coordinates":[[[-54.05230439809591,73.09483742714347],[-54.05081057591195,73.09452086562645],[-54.048982270738804,73.09460562896442],[-54.04812626195511,73.09445400870348],[-54.04619109013102,73.09454316924912],[-54.04446067511488,73.09500692954136],[-54.043301565482594,73.09511393942316],[-54.0414642266645,73.09539487378474],[-54.040153342911005,73.09559111098322],[-54.03890929409258,73.09609043933065],[-54.03788372020875,73.09627329073393],[-54.036536992517796,73.09658544996559],[-54.03523943789981,73.09697341297432],[-54.033571651212014,73.09685740854034],[-54.0336742527214,73.09704467849423],[-54.03333981781166,73.09763777649543],[-54.03355367987019,73.09787858861796],[-54.03493621326442,73.09814163837785],[-54.03707664115533,73.09842704725094],[-54.03838320244063,73.09823532807249],[-54.04052794555492,73.0985207074149],[-54.04215529324445,73.09786521861523],[-54.04305167234569,73.09763335273136],[-54.04453658639951,73.09737025235111],[-54.04636950797371,73.0970937799465],[-54.047559811950585,73.09684409915596],[-54.04850975656868,73.09635806723325],[-54.05013743006083,73.09570700637683],[-54.051965651842885,73.09543052958932],[-54.05230439809591,73.09483742714347]]],"type":"Polygon"},"id":"0000000000000000006c","properties":{"area":136200.3706125591,"elevation":678.8529435386719,"region":"NW","year":2018},"type":"Feature"},{"geometry":{"coordinates":[[[-55.13106341923233,73.61137970351291],[-55.13014484603364,73.61120141216398],[-55.129930895762215,73.61086249803175],[-55.12837015957538,73.61055477782146],[-55.127166189762804,73.61061280281577],[-55.1264929098001,73.61064843150507],[-55.12504810646336,73.61052802029644],[-55.12414754357857,73.61037645033595],[-55.1227161144977,73.61026052964769],[-55.12215860441911,73.61028727964381],[-55.12082985333612,73.61035410435797],[-55.12016099788756,73.61038981265034],[-55.11940295528124,73.61042545755379],[-55.11807861334928,73.61049236514368],[-55.116874606651315,73.61074652267007],[-55.115786775088274,73.61118799089903],[-55.11590256246532,73.61137533450292],[-55.116116515240414,73.61155363879945],[-55.11690149211794,73.61187470720412],[-55.117699677703214,73.61205750551746],[-55.1185959225033,73.61223144679602],[-55.118818763057114,73.61257921035579],[-55.12037948168399,73.6128868959047],[-55.12160583051616,73.61282451224284],[-55.12316636285257,73.61313212783391],[-55.12404477406978,73.61327929019421],[-55.12483396173742,73.61343539534369],[-55.12606032036657,73.61337298141096],[-55.126934385698945,73.61352014293094],[-55.12772378446984,73.61367616494724],[-55.12893199523972,73.61342199382905],[-55.13026091048663,73.61335511073234],[-55.13068883272434,73.61313663450458],[-55.1299264571253,73.6128244447465],[-55.129788296963746,73.61260598565211],[-55.13021184304976,73.6121957535165],[-55.13063990896169,73.61178993869926],[-55.13106341923233,73.61137970351291]]],"type":"Polygon"},"id":"000000000000000000b9","properties":{"area":122210.39580917975,"elevation":627.5334526149061,"region":"NW","year":2018},"type":"Feature"},{"geometry":{"coordinates":[[[-55.28805068122125,74.11241327291955],[-55.28643647360299,74.11210557352224],[-55.284817854172196,74.1118023734553],[-55.283203559484896,74.11149471655935],[-55.28158950000086,74.11118697506835],[-55.2799751185711,74.11087936070504],[-55.27904787516174,74.11054041820115],[-55.278115737469896,74.11020151191809],[-55.277183669458886,74.10985822001449],[-55.27625184905138,74.10951934982573],[-55.275324302527025,74.10918041308112],[-55.274392520986886,74.10883703620902],[-55.27302803296742,74.1089083787839],[-55.27141378615814,74.1086007604212],[-55.26992442778762,74.10848035609563],[-55.268555419618394,74.10854718459188],[-55.2674363723686,74.1089931207887],[-55.26768586965814,74.10936326870616],[-55.268613445907185,74.10970655301615],[-55.2702275679413,74.11001426576934],[-55.2704773217226,74.11038433873877],[-55.27209152977925,74.1106920352034],[-55.27302336990671,74.1110354222116],[-55.27395091037581,74.11137425278666],[-55.27556506854158,74.11168198954613],[-55.27717924780286,74.11198521522175],[-55.27867297467836,74.11210557074664],[-55.2801624755859,74.11222597614295],[-55.28177676490741,74.11252916198929],[-55.283390947140084,74.11283690145493],[-55.28488008874979,74.11295729403791],[-55.28624913525158,74.11289041772707],[-55.28748878221287,74.11263176473518],[-55.28805068122125,74.11241327291955]]],"type":"Polygon"},"id":"00000000000000000108","properties":{"area":106788.96414667985,"elevation":853.6010447711215,"region":"NW","year":2018},"type":"Feature"},{"geometry":{"coordinates":[[[-65.04752008773144,77.15211555604319],[-65.04693163093788,77.1517588061328],[-65.04554480838024,77.1514645048312],[-65.04575868832795,77.15104094409048],[-65.0451746902035,77.15068415405564],[-65.04298074035862,77.15045679779601],[-65.04239666561573,77.15010007828926],[-65.04181229952691,77.14974332435122],[-65.0412239154948,77.14938663465922],[-65.04063960884795,77.14902987663777],[-65.038445638453,77.14880244567497],[-65.03786174368729,77.14844571252777],[-65.03727755760738,77.14808894494392],[-65.0356720908041,77.14821830002494],[-65.03406707531991,77.1483475981547],[-65.03275162418407,77.14865977590178],[-65.0317302722861,77.14914580103672],[-65.03231923450582,77.14950249997779],[-65.03290304813225,77.14985924381877],[-65.034289991306,77.15015357401596],[-65.03487857016573,77.15051031070118],[-65.03466016678118,77.15092944854442],[-65.03604692552133,77.15122373502524],[-65.0382406120653,77.15145112266964],[-65.03882497222237,77.15180788151173],[-65.04101860793254,77.15203532140924],[-65.04320809721787,77.1522626968712],[-65.04540216494463,77.15249012859175],[-65.04730156019136,77.15253474968398],[-65.04752008773144,77.15211555604319]]],"type":"Polygon"},"id":"00000000000000000226","properties":{"area":89631.5968400786,"elevation":1017.5980713828425,"region":"NW","year":2018},"type":"Feature"},{"geometry":{"coordinates":[[[-55.89624972580111,74.830493557859],[-55.89570105507791,74.82974884156411],[-55.89243720480398,74.82932964822128],[-55.88916883548947,74.82891498853346],[-55.88659110190282,74.82943225247108],[-55.88387561256577,74.82976221526748],[-55.88129387955668,74.83027949858345],[-55.87857839292531,74.83060942957624],[-55.87586259891162,74.83093939246328],[-55.873552884508676,74.83183119121277],[-55.870975495361826,74.83234846089157],[-55.87124766938566,74.83272304477912],[-55.868942275822825,74.83361042406236],[-55.86949055135742,74.83435954517805],[-55.869325783415185,74.8351443566988],[-55.8698741928945,74.83588903056116],[-55.871849409432095,74.8365668367332],[-55.87511359391079,74.83698149185014],[-55.878109998271555,74.83702612315878],[-55.88123584145087,74.83725346375773],[-55.8840941594395,74.8371107665159],[-55.886809868380794,74.83678086851228],[-55.88939144691487,74.83626358069438],[-55.891696958530176,74.83537176982647],[-55.89400222817139,74.83447992729123],[-55.89345377093405,74.83373525960447],[-55.895045561041535,74.83287913374942],[-55.895924247198906,74.83205866842934],[-55.89537131742825,74.83131395871783],[-55.89624972580111,74.830493557859]]],"type":"Polygon"},"id":"00000000000000000164","properties":{"area":511142.1966188648,"elevation":730.3852578427766,"region":"NW","year":2018},"type":"Feature"},{"geometry":{"coordinates":[[[-56.896952168147024,75.1776612598231],[-56.896341383631345,75.17691659012536],[-56.895730465912415,75.17617198864748],[-56.89221217345505,75.17558778180712],[-56.890143298714484,75.17491893080414],[-56.88662504110757,75.17433476893883],[-56.88326293833407,75.17393346010279],[-56.87989622021329,75.17353214762605],[-56.87637794372663,75.1729435107024],[-56.875040273695696,75.1722390274599],[-56.87301115781057,75.17254222610003],[-56.87071942127851,75.1734430155507],[-56.86987670919396,75.1742634319215],[-56.87048763792708,75.17500809721116],[-56.86964465511727,75.17582857894178],[-56.87025563763649,75.17657324078111],[-56.87013986461824,75.17735804977465],[-56.871477312277925,75.1780625818345],[-56.87354200103282,75.1787269872103],[-56.87487971082814,75.17943600448345],[-56.878397840284016,75.18002012128407],[-56.881461212783016,75.18005138986972],[-56.8848280773427,75.1804526877503],[-56.887583617171614,75.18010930005762],[-56.890642479044814,75.18014052383829],[-56.89339816654391,75.17979721286767],[-56.89599811475733,75.17926653696787],[-56.89684073820496,75.17844607754547],[-56.896952168147024,75.1776612598231]]],"type":"Polygon"},"id":"0000000000000000019d","properties":{"area":463925.9984433153,"elevation":716.194677461558,"region":"NW","year":2018},"type":"Feature"},{"geometry":{"coordinates":[[[-58.83998318410501,76.19474206065138],[-58.83979154236773,76.19455930386287],[-58.83960412975611,76.19437203202816],[-58.839412397444605,76.19418916050316],[-58.838449291817014,76.19405089521256],[-58.837486009805346,76.19391269893795],[-58.83729428131515,76.19372541575842],[-58.8378785853992,76.19349798965155],[-58.837686858088034,76.19331070644715],[-58.83672362735856,76.19317250659957],[-58.83653175243892,76.19298970507438],[-58.836344589751754,76.19280235602615],[-58.836152724149265,76.19261955389219],[-58.835961154367176,76.19243679226464],[-58.834997864213925,76.19229406082655],[-58.83403471463711,76.19215584879396],[-58.83326340282793,76.19220043759228],[-58.832487443348604,76.19224497368995],[-58.83152431324371,76.19210675051669],[-58.83075299210316,76.1921513302636],[-58.83016874650101,76.19238326179284],[-58.82958902544634,76.1926151271696],[-58.829004912089495,76.19284257189969],[-58.828420805081294,76.19307442422645],[-58.82861259026006,76.19325723230507],[-58.82880421254042,76.19344452293812],[-58.82822024867777,76.19367189101601],[-58.82841187213567,76.19385918162388],[-58.828599125314156,76.19404205323383],[-58.82879092573903,76.1942248603845],[-58.82975400320531,76.19436757796053],[-58.83071726314971,76.19450580838921],[-58.83090909366576,76.19468861343586],[-58.831096119299374,76.19487585108998],[-58.8320637713174,76.19501408452173],[-58.83302708680355,76.19515230454296],[-58.833990225870494,76.1952905935746],[-58.83495328002482,76.19542876417228],[-58.83572474166439,76.19538417102908],[-58.83630893818493,76.19515682492283],[-58.83689299134068,76.19492495320245],[-58.837664419293446,76.19488035276954],[-58.838435841460424,76.19483574952275],[-58.839211773750215,76.19478666954463],[-58.83998318410501,76.19474206065138]]],"type":"Polygon"},"id":"000000000000000001f0","properties":{"area":69734.72296340638,"elevation":1035.6535734326378,"region":"NW","year":2018},"type":"Feature"},{"geometry":{"coordinates":[[[-55.260979345105376,73.48938763447367],[-55.25697506301828,73.4884378917166],[-55.250513767746504,73.48895959990261],[-55.243811805581686,73.48911122670309],[-55.23699391165944,73.48907555776252],[-55.22969874204211,73.48829067692672],[-55.22216723373303,73.48713136976204],[-55.21966586844828,73.48532990577871],[-55.22440127521052,73.4831538301127],[-55.230742165704754,73.48244034979724],[-55.228900757437096,73.48060324282459],[-55.22196229541365,73.48038025292317],[-55.21586213629044,73.48146379680435],[-55.21023049970138,73.48330098762122],[-55.21009656249821,73.48523623955931],[-55.21325817883488,73.48701099168792],[-55.21971056987826,73.48861177011698],[-55.224847377844476,73.49027944034741],[-55.23034999494794,73.4903820400488],[-55.23746206784621,73.49195160091921],[-55.237332673080246,73.49389137397841],[-55.24049881924493,73.49566156999299],[-55.24696457199684,73.49513545962029],[-55.25283268678482,73.49367283215769],[-55.25690841443914,73.49153248628708],[-55.260979345105376,73.48938763447367]]],"type":"Polygon"},"id":"00000000000000000152","properties":{"area":856329.0641359885,"elevation":232.7994000989878,"region":"NW","year":2018},"type":"Feature"},{"geometry":{"coordinates":[[[-60.54986571279179,76.24944633358295],[-60.54823805561944,76.24876412246917],[-60.54584366964877,76.24813538784866],[-60.54190621305528,76.24760473823541],[-60.54027859719253,76.2469225011029],[-60.54019394749191,76.2461376755146],[-60.538566409464856,76.24545994291266],[-60.540786949410425,76.24452353577577],[-60.54147365760854,76.24368968551728],[-60.54138434703213,76.24290483410839],[-60.53899014399359,76.2422716400908],[-60.536595197900816,76.24164293763303],[-60.533086082166044,76.24147795107024],[-60.52958119840034,76.24131740369549],[-60.526285782285406,76.24133973131312],[-60.52406527634348,76.24227163250532],[-60.521840290472426,76.24320808889671],[-60.51940110699466,76.243961680712],[-60.516533875494154,76.2443495656173],[-60.51696197122734,76.24471527896364],[-60.51704668623837,76.24550007669481],[-60.51944135627247,76.24612875538052],[-60.52260703551544,76.24670845901325],[-60.52423458848872,76.24739071302713],[-60.526629171745874,76.2480238672974],[-60.529028370108605,76.24865263678713],[-60.532965566605725,76.24918329015208],[-60.53647069359025,76.2493437849129],[-60.53997987287212,76.2495087934973],[-60.543275081272675,76.24948652900589],[-60.546570284429905,76.24946866014113],[-60.54986571279179,76.24944633358295]]],"type":"Polygon"},"id":"00000000000000000209","properties":{"area":428495.7505362431,"elevation":444.43814015179447,"region":"NW","year":2018},"type":"Feature"},{"geometry":{"coordinates":[[[-61.501914862905565,76.36306422307241],[-61.50122832114924,76.36251574141653],[-61.50000196201142,76.36220359279548],[-61.497683236785925,76.36236860109831],[-61.49536443449203,76.36252917691937],[-61.49327774993435,76.36287253270717],[-61.49073161535504,76.36285469095911],[-61.48841262273696,76.36301519153814],[-61.485866725067,76.3629929228933],[-61.48400725325335,76.36351911824984],[-61.481915750856615,76.36386240488955],[-61.479824570828384,76.36421022758414],[-61.48028371852794,76.36457142263066],[-61.478651831672686,76.36528046167571],[-61.478562688906,76.36588242658917],[-61.48056476466857,76.36613654917645],[-61.48288345988891,76.36597602687759],[-61.485434057715096,76.36599836514507],[-61.488207661650755,76.36619901168484],[-61.490753899914935,76.36622133226807],[-61.49284516819059,76.36587792901459],[-61.4949319527595,76.3655301413495],[-61.49656406835379,76.36482560816205],[-61.498196196984786,76.36411657612439],[-61.500287559345104,76.36376876161049],[-61.501914862905565,76.36306422307241]]],"type":"Polygon"},"id":"00000000000000000210","properties":{"area":165167.49261224765,"elevation":549.7197269925139,"region":"NW","year":2018},"type":"Feature"},{"geometry":{"coordinates":[[[-58.914004389448635,75.8325516274801],[-58.91363876743517,75.83139673862546],[-58.9093089133679,75.8310712495938],[-58.90422988680136,75.83079476078481],[-58.8995209263839,75.83088393087989],[-58.894812429249484,75.83097307594305],[-58.88954606606522,75.83050930906403],[-58.88464984233502,75.83041125752598],[-58.879009410171214,75.82957740490293],[-58.873373083574016,75.82874351470616],[-58.87074668787472,75.8277268869792],[-58.865484823255585,75.82726315536364],[-58.86077597561692,75.82735232464435],[-58.856624697279806,75.82799444427523],[-58.858122679658294,75.82868557329908],[-58.86225201344843,75.82961306316047],[-58.86412476831298,75.83067434783905],[-58.86750027069655,75.83164642769798],[-58.8686195720687,75.83275226791949],[-58.87388585355395,75.8332159870391],[-58.8787818560744,75.83331413197777],[-58.88367783409318,75.83340774543312],[-58.88856949595822,75.83350584217989],[-58.893840331117126,75.83396963316058],[-58.899481203782905,75.83480344437658],[-58.90437695752242,75.83489709886818],[-58.90871132660842,75.83443778387797],[-58.912862795637146,75.83379571446879],[-58.914004389448635,75.8325516274801]]],"type":"Polygon"},"id":"000000000000000001dc","properties":{"area":583122.0205548605,"elevation":275.9222616141418,"region":"NW","year":2018},"type":"Feature"},{"geometry":{"coordinates":[[[-52.18140376842091,72.35332466800274],[-52.18124763653421,72.35294564445128],[-52.18108720710452,72.35256663040215],[-52.18038720173073,72.35240608371605],[-52.17914317864959,72.35245065575243],[-52.178055033329336,72.35287431257778],[-52.176967139455215,72.3533023613867],[-52.17588338751818,72.35372592578872],[-52.17479550814579,72.35414954217097],[-52.17495153327038,72.35452857067237],[-52.1751075645457,72.35490759888602],[-52.17401960703267,72.35533120916836],[-52.17355135348328,72.35573250587183],[-52.17308760879658,72.35613384127574],[-52.17262384619872,72.35653517509539],[-52.17277985269963,72.35691420444553],[-52.17409975074594,72.35705247507667],[-52.17518779522179,72.35662886560957],[-52.17643192960566,72.3565797402289],[-52.17627579369509,72.3562052485549],[-52.177364034327255,72.35577713905954],[-52.178451940564024,72.35535350682571],[-52.178920086991766,72.35495219555709],[-52.17938391120974,72.35455089242231],[-52.18047193183356,72.35412729563836],[-52.18031580986366,72.35374827163052],[-52.18140376842091,72.35332466800274]]],"type":"Polygon"},"id":"0000000000000000000c","properties":{"area":66624.88586182398,"elevation":1258.6822711846141,"region":"NW","year":2018},"type":"Feature"},{"geometry":{"coordinates":[[[-65.21404526690384,76.33591281591659],[-65.2137687714718,76.33573440439666],[-65.2127343544669,76.3356229425006],[-65.21169964561602,76.33551144362588],[-65.21066983494119,76.33539549728404],[-65.20963499170867,76.33528406746495],[-65.20860062202247,76.33517258641082],[-65.20757054419869,76.33505659357877],[-65.20653604011251,76.33494518158122],[-65.20578268592264,76.33501202256868],[-65.20502442728848,76.33507891412367],[-65.20399451630244,76.33496301562745],[-65.20295988723251,76.33485147625214],[-65.20220635455867,76.3349183835895],[-65.20172900784598,76.33515921452877],[-65.20125195615259,76.33540446548948],[-65.20077488886535,76.3356497149564],[-65.20105139984197,76.33582806294636],[-65.20132791740335,76.33600641046662],[-65.2016044415497,76.33618475751717],[-65.20263885437608,76.33629627089603],[-65.20367328649372,76.3364121687654],[-65.20470772315169,76.33652367255598],[-65.2057377370023,76.33663517835384],[-65.20601875624226,76.3368135129695],[-65.20629534749906,76.33699185391664],[-65.20732968499956,76.3371078134387],[-65.20835974947924,76.33721930711951],[-65.20911809056649,76.33715240565881],[-65.20959505286359,76.33690713947537],[-65.21007215437636,76.3366663719051],[-65.21082571811759,76.33659943877926],[-65.21186019554986,76.33671090945475],[-65.21261389447122,76.33664408100253],[-65.21309093550629,76.33640330608685],[-65.21356810900464,76.33615806174886],[-65.21404526690384,76.33591281591659]]],"type":"Polygon"},"id":"0000000000000000021a","properties":{"area":53083.284954057395,"elevation":385.5475043489898,"region":"NW","year":2018},"type":"Feature"},{"geometry":{"coordinates":[[[-54.95891549634605,74.41847254916382],[-54.95211991396439,74.41686282156823],[-54.94832510497959,74.41565447535068],[-54.94529294019007,74.41409822298198],[-54.94276016066869,74.41263116019955],[-54.94043239428432,74.41104817856676],[-54.93761438211675,74.41002256080479],[-54.935246495723,74.40859120174986],[-54.9331773114248,74.40704390225505],[-54.93132681271601,74.40588007592845],[-54.93313752145455,74.40425247858934],[-54.93355206785353,74.40268739575853],[-54.927799930016434,74.4029058559439],[-54.927862217655324,74.40299947445519],[-54.925481245927855,74.40461366327223],[-54.92538744263957,74.40581762654418],[-54.92579338521004,74.40729806758908],[-54.92785354269718,74.40850646992679],[-54.930283518870624,74.40978619254136],[-54.931656843656455,74.41103033349468],[-54.93378415011089,74.41209158594127],[-54.936151714179786,74.41352292799704],[-54.94008920023472,74.41515501954387],[-54.94164107588025,74.41620288785693],[-54.94442327817875,74.41738458833237],[-54.95122350414875,74.41899874617903],[-54.95869257984522,74.41941790230705],[-54.95891549634605,74.41847254916382]]],"type":"Polygon"},"id":"00000000000000000101","properties":{"area":426941.30046981096,"elevation":1052.5087968266453,"region":"NW","year":2018},"type":"Feature"},{"geometry":{"coordinates":[[[-56.895025818956746,75.23527285066709],[-56.89471825441507,75.2349027279533],[-56.89368371249625,75.23456835268222],[-56.892069612567006,75.23446133372927],[-56.89045525695127,75.2343542583225],[-56.88899735137566,75.23443011369504],[-56.887231306992476,75.23413580897912],[-56.8854655884391,75.23384153218741],[-56.88400305179406,75.23392172625759],[-56.88223720972429,75.2336274930014],[-56.88047134252917,75.23333312884618],[-56.87916486309311,75.23359619440129],[-56.87947255126046,75.23397082147547],[-56.87904882889603,75.23438105155178],[-56.88081928546644,75.2346753314366],[-56.88112245351815,75.23504993564482],[-56.8821613630023,75.2353798838604],[-56.88319575417485,75.23571431665253],[-56.88496621896493,75.2360086314353],[-56.88673216101725,75.23630291158938],[-56.888497945957354,75.23659273881965],[-56.889955850572434,75.23651696081095],[-56.89157014205648,75.23662399720347],[-56.89272072482477,75.23617360712625],[-56.89418311559967,75.2360933073754],[-56.89387536197736,75.23572325641456],[-56.895025818956746,75.23527285066709]]],"type":"Polygon"},"id":"000000000000000001a7","properties":{"area":90317.97690488653,"elevation":782.7888023523799,"region":"NW","year":2018},"type":"Feature"},{"geometry":{"coordinates":[[[-55.12719741795248,74.56259968207738],[-55.12707259741694,74.56241236487377],[-55.126243040033835,74.56225629617323],[-55.12611848864213,74.56206902409797],[-55.12599368343508,74.56188170595976],[-55.125164160231776,74.56173012326153],[-55.12433464996067,74.56157853695669],[-55.123509758035254,74.56142244464304],[-55.12338498481011,74.5612351245995],[-55.123255417275814,74.56104788629312],[-55.12243055869341,74.56089628001357],[-55.121601106519854,74.56074019098095],[-55.121476358360574,74.56055286942731],[-55.121351422059305,74.56036561798062],[-55.12052200285619,74.5602140149641],[-55.12039726998739,74.56002669247869],[-55.12027234897697,74.5598394400993],[-55.11956793925439,74.5598707106731],[-55.11899278224551,74.5600936651587],[-55.119117692134814,74.56028091815594],[-55.11924260480263,74.56046817097499],[-55.11866723420961,74.56068670341968],[-55.118792145487014,74.56087395628039],[-55.118916868607066,74.56106127924522],[-55.11904178544048,74.56124853174963],[-55.11916670505275,74.5614357840758],[-55.118591303272154,74.56165431541974],[-55.118716221493834,74.56184156778755],[-55.11954109867746,74.56199768055036],[-55.1196706359001,74.56218492062406],[-55.11979537850661,74.56237224233932],[-55.12062028832288,74.56252385961393],[-55.120749393432405,74.56271112312108],[-55.120874342275314,74.56289837362081],[-55.12169928480684,74.56305447690528],[-55.12252884672446,74.56320607427222],[-55.122653626867994,74.56339339372623],[-55.12277860073462,74.56358064271653],[-55.123607939387725,74.5637366801714],[-55.12443735592383,74.56388833945955],[-55.12513730198989,74.56385706382788],[-55.12501255828017,74.56366986227751],[-55.12488775167247,74.56348254437488],[-55.12546734975995,74.563259633299],[-55.12604270967365,74.56304108207343],[-55.126622278164156,74.56281816698791],[-55.12719741795248,74.56259968207738]]],"type":"Polygon"},"id":"00000000000000000128","properties":{"area":53455.66619783767,"elevation":1048.5181491822898,"region":"NW","year":2018},"type":"Feature"},{"geometry":{"coordinates":[[[-54.819595271969256,73.45832996605276],[-54.81925182257679,73.45776816426539],[-54.817276566317126,73.45786176032716],[-54.81507827571793,73.45758536028532],[-54.812991260405184,73.45749618544076],[-54.811131909528505,73.45778155564942],[-54.80904511596671,73.45769238075376],[-54.80695824930814,73.45759874797092],[-54.80487147826859,73.45750952419982],[-54.80312340566175,73.45798222903596],[-54.80103641349589,73.45789303031073],[-54.80126388483901,73.4582676108495],[-54.800947279200805,73.45886065771928],[-54.80129064840853,73.45942246633392],[-54.800969586402616,73.46002002072858],[-54.8026284293312,73.4605149898564],[-54.80362715752463,73.46104557802371],[-54.80528597024117,73.46154059242308],[-54.80748446387467,73.46182150042405],[-54.809459827445345,73.46172342080214],[-54.81177412459579,73.46218713581023],[-54.81374948728501,73.46208900861892],[-54.81583624712598,73.46218265810019],[-54.817695751169325,73.46189731395245],[-54.81735246464583,73.46133544266549],[-54.817668921960966,73.46073790947182],[-54.81798568855565,73.46014485456496],[-54.81830201458682,73.45955182208789],[-54.81796334166082,73.45898998963526],[-54.819595271969256,73.45832996605276]]],"type":"Polygon"},"id":"0000000000000000009d","properties":{"area":236856.97518660637,"elevation":660.1770401520481,"region":"NW","year":2018},"type":"Feature"},{"geometry":{"coordinates":[[[-66.56867088708924,76.62811323165846],[-66.56806457207259,76.62776089615774],[-66.5662365958836,76.62772526958958],[-66.56501019190381,76.62804189644356],[-66.56348071433489,76.62818008603509],[-66.56225451404536,76.62849672665861],[-66.5607249492591,76.62863489666745],[-66.5591998103276,76.62877764519713],[-66.55952998082151,76.62896939955095],[-66.55901720753256,76.62924583383041],[-66.5588565766329,76.62966943434375],[-66.56022556562027,76.62995033707301],[-66.5593026184596,76.6304453391013],[-66.55837495091846,76.63094025866911],[-66.5594406708775,76.63104732293924],[-66.56127358807042,76.63108297374187],[-66.56214305595981,76.63095809967326],[-66.56318173670401,76.63070396805601],[-66.56403350131978,76.6306281522694],[-66.56556310295508,76.63048542019348],[-66.56709247467809,76.63034718990154],[-66.5672531793312,76.62992361372947],[-66.56726628870204,76.62987901326026],[-66.56742698532184,76.62945543569755],[-66.56758301727695,76.62903178033797],[-66.56851054651038,76.62853684425119],[-66.56867088708924,76.62811323165846]]],"type":"Polygon"},"id":"00000000000000000235","properties":{"area":60924.75272306741,"elevation":945.2358378762743,"region":"NW","year":2018},"type":"Feature"},{"geometry":{"coordinates":[[[-51.66322502530308,72.08407519526591],[-51.66307803164221,72.0836961667889],[-51.66232443047906,72.08334388110657],[-51.6621817102946,72.0829648550758],[-51.662649839762324,72.08256355816823],[-51.662507120724676,72.08218900020249],[-51.66297522725837,72.08178770194876],[-51.66174915132047,72.08183230725915],[-51.660594189679706,72.08206413260571],[-51.65943941916261,72.08229600017411],[-51.658284440133365,72.0825323944935],[-51.65720092827649,72.08295152639381],[-51.6561173713463,72.08337511877227],[-51.65625998663871,72.08374968136695],[-51.65640260694699,72.08412871177866],[-51.65531919153516,72.08455234857628],[-51.65423551357646,72.08497145917524],[-51.65315200837514,72.08539508081788],[-51.653909973932755,72.08574734433293],[-51.65405256787662,72.08612637593292],[-51.65527892449349,72.08608182993923],[-51.65665234985341,72.08641624070619],[-51.65787849494909,72.0863716246879],[-51.6591761963582,72.08651879773025],[-51.66025984577677,72.0860951868247],[-51.66011714089275,72.08571616007296],[-51.659974441876486,72.08534160113369],[-51.66105801436188,72.08491798407167],[-51.66214154261309,72.08449882748369],[-51.66322502530308,72.08407519526591]]],"type":"Polygon"},"id":"00000000000000000006","properties":{"area":97925.16781031595,"elevation":1255.5790495020499,"region":"NW","year":2018},"type":"Feature"},{"geometry":{"coordinates":[[[-54.3688871639038,73.11301271902228],[-54.36738451722363,73.11270065187045],[-54.36598884298743,73.11257577514759],[-54.364593002823916,73.11245095713755],[-54.36319738168233,73.11232162210715],[-54.36180157022181,73.11219678183268],[-54.36050861498697,73.11225917900394],[-54.35900572116166,73.11194706301485],[-54.35750305154294,73.11163486430384],[-54.356321502495874,73.11188460729552],[-54.35503265214861,73.11194260249573],[-54.35373949542967,73.11200501911088],[-54.35266490656246,73.11244199358735],[-54.35137193931342,73.11250443923078],[-54.350297266339126,73.1129413981303],[-54.34921809473364,73.11337841442494],[-54.34943212540882,73.11375293271087],[-54.35028825859461,73.11409630052536],[-54.35050237373545,73.11447093396059],[-54.352004881788254,73.11478302843427],[-54.35340081536607,73.11491238359639],[-54.35468942453594,73.11484987215925],[-54.35608498402343,73.11497479273088],[-54.35737832291226,73.11491236020836],[-54.35856003565509,73.11466261255441],[-54.35984865496505,73.1146001794097],[-54.3610346369263,73.11435053610532],[-54.36232343268094,73.11429256737246],[-54.36350953939252,73.11404283686394],[-54.36469116424795,73.11379316305622],[-54.365979692127276,73.11373068383944],[-54.36716594625551,73.11348097453742],[-54.36834748302907,73.11323127507684],[-54.3688871639038,73.11301271902228]]],"type":"Polygon"},"id":"00000000000000000075","properties":{"area":141758.677456846,"elevation":690.1554043839753,"region":"NW","year":2018},"type":"Feature"},{"geometry":{"coordinates":[[[-56.96624220595013,75.11464977497599],[-56.96609056177476,75.11446689860286],[-56.96521205045984,75.11431974797745],[-56.96433809740711,75.11417261046795],[-56.963459613283284,75.11402545210133],[-56.962581142770894,75.11387828985423],[-56.96170723042682,75.11373114078293],[-56.96155117835856,75.11354835897268],[-56.9613996363944,75.1133610825484],[-56.960677290146336,75.1134012053411],[-56.95995039487695,75.11344130837276],[-56.95907652300711,75.1132941477414],[-56.9581979317531,75.11314703808861],[-56.95747558194073,75.11318714923794],[-56.95690495081505,75.11341006941338],[-56.95618239634006,75.1134502476617],[-56.95546002585048,75.11349035129149],[-56.95488916763789,75.11371333710836],[-56.95431851863656,75.11394076046933],[-56.95374785403496,75.11416818188816],[-56.95317713811477,75.11439108994588],[-56.953328602883516,75.11457837139587],[-56.95420723652604,75.11472550207925],[-56.95435875981132,75.11490838654348],[-56.95451478735454,75.11509568406278],[-56.95538891107096,75.11524279223337],[-56.95554495303116,75.11543008879893],[-56.955696417052565,75.11561285653212],[-56.95641887597274,75.11557275295463],[-56.95714564346723,75.11553713187845],[-56.95801958232896,75.11567978903422],[-56.958741991911964,75.11564407302156],[-56.95946898526197,75.11560397540467],[-56.96019116020578,75.11556381459621],[-56.9609135994082,75.11552369452194],[-56.961640310320014,75.11548354544617],[-56.9623627404498,75.11544342002534],[-56.963085204420636,75.11540780335633],[-56.96365577258541,75.1151803555336],[-56.96437818203103,75.11514022259395],[-56.96510058694826,75.11510008698899],[-56.96567161218287,75.1148771157054],[-56.96624220595013,75.11464977497599]]],"type":"Polygon"},"id":"00000000000000000198","properties":{"area":65645.74906746556,"elevation":472.8477566704551,"region":"NW","year":2018},"type":"Feature"},{"geometry":{"coordinates":[[[-57.83948130301084,75.73899970834123],[-57.836542708772264,75.73838435717279],[-57.83302013520175,75.73799640135677],[-57.83076391043996,75.73812566995353],[-57.82919407785516,75.7389907807744],[-57.82687094651397,75.73990491426461],[-57.82420449575353,75.74044441216698],[-57.824137540781635,75.74122474074534],[-57.82331713035977,75.74204970543343],[-57.82400393608732,75.74279434896708],[-57.82393678362163,75.7435747418507],[-57.826875574501024,75.74419010397222],[-57.82680848861148,75.74497483761982],[-57.82749538037207,75.7457150759399],[-57.82667494643272,75.74654003726819],[-57.828115126993346,75.74724010915254],[-57.8310582133997,75.74785542438823],[-57.834001123214485,75.74847084275234],[-57.836493803656275,75.7477440244306],[-57.83731424712842,75.74691899531666],[-57.83512475757166,75.74626354734298],[-57.83594077663793,75.74543856220087],[-57.83600770077492,75.74465386648494],[-57.83607453299559,75.74386905324369],[-57.8368951068992,75.74304405275501],[-57.839218159281636,75.74213439200108],[-57.83928512088132,75.74134961011515],[-57.837844765952745,75.74064955584947],[-57.83866538432033,75.7398245771813],[-57.83948130301084,75.73899970834123]]],"type":"Polygon"},"id":"000000000000000001e5","properties":{"area":322980.169636692,"elevation":553.3320575107197,"region":"NW","year":2018},"type":"Feature"},{"geometry":{"coordinates":[[[-59.24236349512515,76.1771687524532],[-59.241962324010196,76.17601833064965],[-59.238475430706536,76.17505515229132],[-59.23730245959198,76.17394926938529],[-59.237668325521945,76.17274980965836],[-59.2341856548623,76.17178220996774],[-59.2330127676717,76.17067632308182],[-59.23414981287635,76.16943226210432],[-59.23451990988045,76.16823274283963],[-59.23411865757563,76.16708232851812],[-59.2315993329153,76.16625290275398],[-59.22658721705195,76.16616372722186],[-59.223140503202444,76.1675504760051],[-59.223920647018076,76.16828622277548],[-59.22200788093771,76.16957941886089],[-59.21932776856819,76.1709215722408],[-59.21972914796731,76.17207203311973],[-59.222444715993696,76.17308426400389],[-59.22438464063128,76.17414104620458],[-59.22709989240121,76.17515327917842],[-59.22750144779497,76.17630822397854],[-59.229445497158636,76.17736501663477],[-59.232928135773136,76.17833262630286],[-59.23333384903657,76.17948305563371],[-59.236049438249104,76.18049529962924],[-59.24008503465647,76.17966141100757],[-59.24122659171137,76.17841729480506],[-59.24236349512515,76.1771687524532]]],"type":"Polygon"},"id":"000000000000000001f9","properties":{"area":474108.3995186492,"elevation":753.4477099549978,"region":"NW","year":2018},"type":"Feature"},{"geometry":{"coordinates":[[[-68.45809472183512,76.30798988189751],[-68.45671693935287,76.30771786824262],[-68.45524522177976,76.30786948980405],[-68.45313172580208,76.30766887282526],[-68.45101815998979,76.30747262468961],[-68.44890902665377,76.30727647507342],[-68.44743300130331,76.30742803550073],[-68.4459614708607,76.30757962318064],[-68.44448553628688,76.30773127203308],[-68.4433350566441,76.30805680080735],[-68.44250125850355,76.30855616618032],[-68.44313900677963,76.30890405108036],[-68.44377661761436,76.30925182495086],[-68.44441431312593,76.30960409386572],[-68.44431623454928,76.31002766200699],[-68.44569407699956,76.3102997485904],[-68.44707179617916,76.31057171790073],[-68.44844538755535,76.31084816638572],[-68.44950209545587,76.31094627731989],[-68.45097812360311,76.31079468132894],[-68.45212860388332,76.310469118677],[-68.45392553189242,76.31049142155062],[-68.45475931509476,76.30999204450315],[-68.45559318164106,76.30949258142824],[-68.4564271006091,76.30898872466058],[-68.45789846287173,76.30883715032041],[-68.45726071659446,76.30848933240688],[-68.45809472183512,76.30798988189751]]],"type":"Polygon"},"id":"0000000000000000024c","properties":{"area":108368.62743488215,"elevation":397.36912041780965,"region":"NW","year":2018},"type":"Feature"},{"geometry":{"coordinates":[[[-53.64039054270553,73.0640919981194],[-53.64029233372338,73.06390472471134],[-53.639552250624824,73.06374415824075],[-53.63890555462965,73.06377541352195],[-53.63848203614017,73.06379323076811],[-53.63838827678302,73.06377090538082],[-53.63764381029521,73.06361486029422],[-53.6374250327715,73.0636237653894],[-53.63677873632988,73.06348551307491],[-53.636131997424364,73.06351227510343],[-53.63558814115501,73.06373079506979],[-53.634941391250386,73.06375755257783],[-53.63429931832344,73.06378430915674],[-53.633822219008806,73.06397604831584],[-53.6332247997372,73.06400280464983],[-53.63257803504163,73.06402955323716],[-53.63251124669094,73.06405632751364],[-53.63246212897883,73.06406073565246],[-53.63191817086985,73.06427476061471],[-53.63136979732369,73.0644933129814],[-53.63082113498446,73.06470733260097],[-53.63027718266973,73.06492583484231],[-53.629728729307764,73.06513989862496],[-53.6298268465982,73.0653271770387],[-53.629969569641304,73.06535838336124],[-53.63004087628949,73.06548764067873],[-53.63013459468317,73.0656794480481],[-53.63078114323595,73.06564817817787],[-53.6312270478819,73.06563038237618],[-53.63131182281058,73.06564820437288],[-53.63195818460558,73.06561699915464],[-53.63260032296286,73.06559025172902],[-53.63280550276096,73.06558132714702],[-53.633461015254625,73.06572403203137],[-53.634205761078256,73.06588450861662],[-53.63485235638892,73.06585334055438],[-53.635400768395755,73.0656392606001],[-53.63604285507387,73.06560801746872],[-53.63668948036508,73.06558132536213],[-53.63733582538059,73.06555009998729],[-53.63798262807563,73.06552333394751],[-53.63852650350912,73.0653048073135],[-53.63907490830815,73.06509083217549],[-53.639623438661495,73.06487230314838],[-53.64017200128092,73.06465825514108],[-53.64007397996094,73.06446654680674],[-53.63997577179528,73.06427927335524],[-53.639962437605746,73.06426141232608],[-53.64039054270553,73.0640919981194]]],"type":"Polygon"},"id":"00000000000000000061","properties":{"area":58141.29703214336,"elevation":1017.9014685272075,"region":"NW","year":2018},"type":"Feature"},{"geometry":{"coordinates":[[[-57.34910514084409,75.57620686783322],[-57.34832465603913,75.57594369745429],[-57.34683556435416,75.57602398452835],[-57.34518114588248,75.57592141850185],[-57.343531061474906,75.57581441684476],[-57.34248769863924,75.57578767533819],[-57.34165408108011,75.57583225126842],[-57.34022689609909,75.57560483898027],[-57.3388982149975,75.57587236570458],[-57.33740886126588,75.5759526560509],[-57.335754559840716,75.57585012917102],[-57.33470213060093,75.57582337226347],[-57.333048041010336,75.57572075147124],[-57.332450238000106,75.5756404984223],[-57.33096112976218,75.575720784683],[-57.32930686847542,75.57561820594982],[-57.3294002547751,75.5757252048896],[-57.329320187170396,75.57592144105378],[-57.32964574096089,75.57629598827091],[-57.33146044363558,75.57658586775868],[-57.33327959467714,75.57687569769745],[-57.334773456068326,75.57679540487811],[-57.336352182377496,75.57690242551821],[-57.337640723331674,75.57710759822008],[-57.33846135595472,75.5770629530579],[-57.339901511283806,75.57729480888585],[-57.341555777695234,75.57739737486268],[-57.34304503568015,75.57731712768052],[-57.34437402839373,75.57704961881444],[-57.3460282816054,75.57715214873753],[-57.34735720419483,75.57688461989522],[-57.34868580306628,75.57661703898555],[-57.34910514084409,75.57620686783322]]],"type":"Polygon"},"id":"000000000000000001c1","properties":{"area":68105.34419132285,"elevation":792.3472873938946,"region":"NW","year":2018},"type":"Feature"},{"geometry":{"coordinates":[[[-54.71847624621141,73.79618273588339],[-54.71353097896915,73.79487621388387],[-54.70469773953133,73.79510806496387],[-54.69585964170967,73.79533547583198],[-54.68725361364899,73.79593747271274],[-54.678874939940144,73.79691401590235],[-54.670723905367765,73.79826958410402],[-54.662567948752574,73.7996207179736],[-54.6546442307103,73.80134631421586],[-54.6467158702538,73.80307201425582],[-54.646831869087336,73.80325935733535],[-54.65521493563576,73.80228275553935],[-54.66348201076637,73.80111895950984],[-54.67175364364647,73.79995512372187],[-54.67978914347332,73.79841673933208],[-54.68828361427908,73.79762305369299],[-54.697349040361,73.79777019122886],[-54.69615844556746,73.8003341261715],[-54.68777536491949,73.80131068975743],[-54.679280739667156,73.80209999646188],[-54.67371131067387,73.80429384173958],[-54.68163524482544,73.80256814324174],[-54.69001825931841,73.80159156989517],[-54.698628752956715,73.80098522133868],[-54.706436683577465,73.7990722717366],[-54.714601208399586,73.79887599022658],[-54.71847624621141,73.79618273588339]]],"type":"Polygon"},"id":"000000000000000000c0","properties":{"area":627883.6605632217,"elevation":1026.1259588628477,"region":"NW","year":2018},"type":"Feature"},{"geometry":{"coordinates":[[[-54.948427596796684,74.21976612391839],[-54.94818678613565,74.21939152191521],[-54.947255095907025,74.21905264368235],[-54.94770525936799,74.21864243228093],[-54.94677336548544,74.21830350504918],[-54.94721919049847,74.2178932315744],[-54.94766971762918,74.21748748983745],[-54.94673774771444,74.21714413667758],[-54.94718349707787,74.21673835693583],[-54.94694256883135,74.21636382064641],[-54.946702090487555,74.21598925964291],[-54.94576996495338,74.21564585458545],[-54.94496279646815,74.2154898583169],[-54.943825989043475,74.2159313006309],[-54.94269320617995,74.21637275135103],[-54.94155628574924,74.21681417798432],[-54.94179692438275,74.21718879031566],[-54.94065998324769,74.21762571481209],[-54.939527266549035,74.21806718911375],[-54.93976807147841,74.21844173236684],[-54.939317538922374,74.21885199391212],[-54.93956287274577,74.21922652891588],[-54.94118149184789,74.21953427063472],[-54.94255512926616,74.21946732741073],[-54.94405314497126,74.21959218891459],[-54.94555147913498,74.21971258942636],[-54.94704982889556,74.21983297794564],[-54.948427596796684,74.21976612391839]]],"type":"Polygon"},"id":"000000000000000000eb","properties":{"area":81974.93098393345,"elevation":1084.850458715597,"region":"NW","year":2018},"type":"Feature"},{"geometry":{"coordinates":[[[-55.85153392830698,74.98803357853774],[-55.84996432375857,74.98759206717236],[-55.84889863672074,74.98716400746231],[-55.84769463347753,74.98654423846168],[-55.84662880066137,74.98611612063526],[-55.84607139750193,74.98569251457643],[-55.84586643899088,74.98508607902401],[-55.84748042890591,74.98422993518645],[-55.84829207106336,74.98364577237743],[-55.84990175054711,74.98279409010402],[-55.84688291663888,74.98274949827123],[-55.84386434459257,74.98270490487307],[-55.840983446846614,74.9828476316894],[-55.837969163777785,74.9828030609161],[-55.838651555684244,74.98341392530176],[-55.83951659371058,74.98389108047176],[-55.83907052510277,74.98429684156909],[-55.84040849147345,74.9847739502435],[-55.84134033538861,74.98534472168822],[-55.84267791888514,74.98582628009514],[-55.84374383573906,74.98625434826752],[-55.84532233480974,74.98669580829413],[-55.8452243110415,74.98724874097684],[-55.847217531221645,74.98792204463982],[-55.850655584370784,74.98852849244543],[-55.85153392830698,74.98803357853774]]],"type":"Polygon"},"id":"00000000000000000170","properties":{"area":100327.4823669296,"elevation":926.1477696156718,"region":"NW","year":2018},"type":"Feature"},{"geometry":{"coordinates":[[[-55.49638870986846,74.73883667155395],[-55.49585826063086,74.73809201598209],[-55.49604555015415,74.73730720984541],[-55.495519264874105,74.73655806608265],[-55.4921526789997,74.73595167062021],[-55.49162660169787,74.73520251406596],[-55.488259839499264,74.73459158669534],[-55.485606690907254,74.73394953375704],[-55.48649834658073,74.73313346698288],[-55.48526343595913,74.73242003907355],[-55.48331912520122,74.7317378102772],[-55.479956921614026,74.73113132606531],[-55.47827596819073,74.73082365396321],[-55.47556481977431,74.73114922773925],[-55.47325034843098,74.7320365833014],[-55.47351349195011,74.73241112786891],[-55.47190825515309,74.73326280187982],[-55.47172543024916,74.73404314596878],[-55.47224708576763,74.73479225321131],[-55.47206436046346,74.73557708226058],[-55.47259044513956,74.73632174723623],[-55.47453464430835,74.73700402906495],[-55.47647889448041,74.73768180197922],[-55.47842283853701,74.73835957981964],[-55.480371576831686,74.73903731742446],[-55.48347517515907,74.73927369234474],[-55.48684193502138,74.7398845621005],[-55.48994528062914,74.74012085869315],[-55.492915076959854,74.74017000903056],[-55.49549238854696,74.73965711710349],[-55.49638870986846,74.73883667155395]]],"type":"Polygon"},"id":"00000000000000000254","properties":{"area":456361.18332516716,"elevation":892.6714087000505,"region":"NW","year":2018},"type":"Feature"},{"geometry":{"coordinates":[[[-55.29041398727097,74.73293726887808],[-55.288474305463886,74.7322550353795],[-55.2857006945338,74.73142119004939],[-55.2817631454574,74.73102881282844],[-55.27834314594589,74.73138548738244],[-55.27465979578899,74.73136771967734],[-55.271627849751354,74.7322862810755],[-55.27084747918425,74.73328953486197],[-55.27007148176648,74.73429283705427],[-55.27000478901895,74.73526492961855],[-55.27064678998162,74.73619693258424],[-55.27129329681993,74.73713335869348],[-55.27335784323958,74.73800279964057],[-55.27399991524218,74.73893922722301],[-55.276064636475596,74.73980433403645],[-55.27955148503497,74.74060691572308],[-55.2814289548861,74.74012983655975],[-55.27865068292315,74.73929598788507],[-55.27658612217204,74.73842646422685],[-55.27665294159851,74.7374588412527],[-55.2752976686399,74.73655809570336],[-55.27678259001421,74.73551913325984],[-55.276849402566825,74.73455150064301],[-55.27975660565117,74.73344563326778],[-55.28292255137971,74.73271437776557],[-55.28686004687915,74.73310675621221],[-55.29041398727097,74.73293726887808]]],"type":"Polygon"},"id":"00000000000000000143","properties":{"area":220449.40027038538,"elevation":1012.987829012468,"region":"NW","year":2018},"type":"Feature"},{"geometry":{"coordinates":[[[-54.42482658814096,73.08913871395295],[-54.42396596605199,73.08879534242763],[-54.4224631986422,73.08848327574863],[-54.42117915664493,73.08854119392323],[-54.41967644545499,73.08822910336157],[-54.41817354277205,73.08791695301905],[-54.41667091951222,73.08760483666448],[-54.415279655768245,73.08747996477281],[-54.413883963495856,73.08735514822051],[-54.41259531252807,73.08741757593754],[-54.41130665022401,73.08747999402081],[-54.40991541541838,73.0873550793503],[-54.408840784489485,73.08779210917855],[-54.407766104276995,73.08822913167927],[-54.40798008498324,73.08860364699792],[-54.40818963129084,73.08897822810418],[-54.40840386472577,73.08935278936973],[-54.40926420921614,73.08969611934322],[-54.409473792947516,73.0900706983523],[-54.41033442244002,73.09041406976827],[-54.41119058199946,73.09075738643178],[-54.41269337939712,73.09106954937664],[-54.41419620725237,73.09138613572678],[-54.41558751071646,73.09151097022352],[-54.41698309213468,73.09163579706332],[-54.41837874346862,73.09176072955105],[-54.41977435318009,73.0918855341074],[-54.42095612237637,73.09163580603042],[-54.42203071791057,73.09119882075738],[-54.42310549965516,73.09076187503695],[-54.42417999661174,73.09032487511111],[-54.42396587123999,73.08995030900073],[-54.42439401691852,73.0895445455644],[-54.42482658814096,73.08913871395295]]],"type":"Polygon"},"id":"00000000000000000074","properties":{"area":187974.67261518326,"elevation":564.3821250901908,"region":"NW","year":2018},"type":"Feature"},{"geometry":{"coordinates":[[[-57.4015708898268,75.5435349550776],[-57.40017083909305,75.5428304264837],[-57.39703155939147,75.54280810788813],[-57.39438283764218,75.54334320278814],[-57.394708436055126,75.54371780457645],[-57.39313401833536,75.54458288537273],[-57.39304055301242,75.54536767375734],[-57.39220672514217,75.54619258342184],[-57.39211751432132,75.5469729417062],[-57.39128384340089,75.54779788400512],[-57.391194480575955,75.54858269768171],[-57.39259022255456,75.54928719137918],[-57.39324575112674,75.55002745384382],[-57.39315648177362,75.55081226157075],[-57.39455230936776,75.55151680926605],[-57.39653206799211,75.55198946991337],[-57.39967588574032,75.55201620647017],[-57.39992999011101,75.55141424657386],[-57.397784929712465,75.55075426291032],[-57.395640310416006,75.55009429879263],[-57.39573392998737,75.54930956692577],[-57.39582307625384,75.54852475226708],[-57.39591221822221,75.54773993493009],[-57.39525678331944,75.54699521230671],[-57.39758001676449,75.54609005837699],[-57.39841402967562,75.54526509516788],[-57.39999240424115,75.54440001194826],[-57.4015708898268,75.5435349550776]]],"type":"Polygon"},"id":"000000000000000001ca","properties":{"area":129088.62064942239,"elevation":735.8288742511722,"region":"NW","year":2018},"type":"Feature"},{"geometry":{"coordinates":[[[-58.48296512541012,75.82736569237828],[-58.48278246101439,75.82717836104162],[-58.48260406694464,75.82699557585408],[-58.482421222356514,75.82680831709145],[-58.48148469287725,75.82667006220983],[-58.480552989949956,75.82652737045107],[-58.47979493769913,75.82657200965286],[-58.479041323957446,75.82661658853169],[-58.478104827311824,75.82647831863318],[-58.47716843039062,75.82633562811174],[-58.476236501015606,75.82619740683963],[-58.47547843578279,75.82623749954837],[-58.47490766458162,75.82646944268966],[-58.474149778298134,75.82651398816556],[-58.47321766059833,75.82637129587143],[-58.47228131026204,75.82623311457962],[-58.47152767812483,75.82627766635349],[-58.470952580858594,75.82650505158372],[-58.470377277985065,75.82673250801957],[-58.46980187089811,75.82696437893819],[-58.4699848529532,75.8271471580922],[-58.47016784658801,75.82733446783163],[-58.469592503414475,75.8275619209745],[-58.46901724485311,75.82779371544846],[-58.46920003987953,75.82797656774262],[-58.47013194158622,75.82811923601331],[-58.4710684844663,75.82825754085535],[-58.471251220599214,75.82844480755065],[-58.47142950879251,75.82862760047671],[-58.47236600313864,75.82877031583732],[-58.47311946332795,75.82872572099159],[-58.473877646499176,75.82868110729355],[-58.47463137947141,75.82863654823615],[-58.47538482316607,75.82859194509868],[-58.47632114363423,75.82873018524383],[-58.47707486778776,75.8286856173401],[-58.47765013345032,75.82845814427657],[-58.478403555155374,75.82841353008999],[-58.47916179449985,75.82836901138852],[-58.479915205201905,75.82832439166921],[-58.480668894202665,75.82827981050546],[-58.48124390155252,75.82805239981776],[-58.48181916552999,75.8278204976327],[-58.48239016797523,75.82759310884693],[-58.48296512541012,75.82736569237828]]],"type":"Polygon"},"id":"000000000000000001d9","properties":{"area":75142.32518079026,"elevation":543.3015978065614,"region":"NW","year":2018},"type":"Feature"},{"geometry":{"coordinates":[[[-55.66804180867026,74.4262938309691],[-55.66708310724309,74.42595495315682],[-55.66556255421304,74.4258390530681],[-55.66417128899834,74.42591032365651],[-55.6626507496554,74.42579440022912],[-55.66125953663858,74.42586576535614],[-55.65986817682004,74.4259326268015],[-55.65834790587582,74.42581671404878],[-55.65695666196032,74.4258880473204],[-55.655435961780924,74.42577213692061],[-55.654044701565724,74.42584344867655],[-55.65278715796455,74.42609765397582],[-55.651396110370825,74.4261689910872],[-55.65013399481784,74.4264275799647],[-55.64861365406316,74.42630721182302],[-55.64887660145605,74.42668180331079],[-55.64774841416601,74.42712770350127],[-55.64800697823555,74.42750224889855],[-55.64757454782428,74.4279080088373],[-55.64883642660869,74.4276538420896],[-55.65035700930728,74.42776976056234],[-55.65187741979099,74.42788573773082],[-55.653139606335685,74.42762713885888],[-55.65466020136628,74.42774302282585],[-55.655917639509795,74.42748887778126],[-55.657308758265415,74.42741750816604],[-55.65882941802283,74.42753347472174],[-55.66009146238917,74.42727482826363],[-55.661482481398686,74.42720799181156],[-55.66273989195253,74.42694935187211],[-55.664001829721876,74.42669067816429],[-55.665522450153254,74.42680659092274],[-55.666779898262384,74.42655241651788],[-55.66804180867026,74.4262938309691]]],"type":"Polygon"},"id":"00000000000000000131","properties":{"area":87914.69068899272,"elevation":399.38237454100334,"region":"NW","year":2018},"type":"Feature"},{"geometry":{"coordinates":[[[-55.17541835827948,74.07083658042394],[-55.16750329549167,74.06948546525963],[-55.1608279846444,74.06788462895958],[-55.16028826004207,74.065980641209],[-55.16110876638948,74.06400525289038],[-55.155120265804335,74.06236876936505],[-55.15458065445087,74.06046471930247],[-55.151316818248276,74.05869448898859],[-55.15282376150974,74.05668787066871],[-55.158411172249515,74.05448066120314],[-55.165590342669994,74.0547036055975],[-55.167704043568314,74.05363335246832],[-55.162326212921336,74.05293326349572],[-55.155762312298805,74.05364229997221],[-55.14968022827327,74.05510045955634],[-55.14880615037175,74.05591646315837],[-55.144579197387024,74.05805681486025],[-55.147160876810815,74.05986274564201],[-55.149060332919746,74.06169991617246],[-55.15164210221816,74.06350582110532],[-55.15354196274623,74.06534295668828],[-55.14795024104769,74.06755025505855],[-55.15084853344281,74.06876311006798],[-55.15803224484311,74.06898607539242],[-55.16266061718713,74.07068941145974],[-55.16716883483029,74.07220997368863],[-55.173861877272216,74.07168385698843],[-55.17541835827948,74.07083658042394]]],"type":"Polygon"},"id":"000000000000000000ee","properties":{"area":517992.9422713029,"elevation":866.9934509843926,"region":"NW","year":2018},"type":"Feature"},{"geometry":{"coordinates":[[[-53.780910127105585,72.79065097141019],[-53.78081216625501,72.79046368971412],[-53.78008077288821,72.7903031401901],[-53.7793496210488,72.79014263530068],[-53.778711643793805,72.7901738505077],[-53.7780784382521,72.79020062308882],[-53.777347143263725,72.79004454714287],[-53.77661140527969,72.7898840333862],[-53.77588029232857,72.78972351376214],[-53.77514902935373,72.78956742847159],[-53.77451122006918,72.78959419060793],[-53.7738782714269,72.78962536359637],[-53.773245071245,72.78965211830074],[-53.77270520475595,72.78987064461249],[-53.77207222455655,72.7898974426421],[-53.77134097985544,72.78974134119089],[-53.77060529351698,72.78958080177868],[-53.7699719245985,72.78961198172824],[-53.76943679656584,72.78982605749442],[-53.768897290421194,72.79004454988171],[-53.768362386427924,72.7902630378943],[-53.76846023172283,72.79045032608333],[-53.76855848917527,72.79063759266434],[-53.76865656900398,72.7908249284084],[-53.76938785395163,72.79098540937612],[-53.770119132207654,72.79114151908352],[-53.77085487367384,72.79130206051877],[-53.771586191132776,72.79146253214074],[-53.77231750141136,72.79161863250287],[-53.772955149863634,72.79159183133095],[-53.773588163007965,72.79156066226379],[-53.774221422587374,72.79153390673561],[-53.774859224569695,72.79150266097469],[-53.77559039681916,72.79166318486847],[-53.77632157995093,72.7918237056544],[-53.77695920590179,72.79179252135569],[-53.7775924644642,72.7917657533236],[-53.778230085139356,72.79173456424154],[-53.7787653201755,72.79151602381427],[-53.779300434325506,72.79130203601504],[-53.779839849597906,72.791083510636],[-53.78037486907687,72.79086503398271],[-53.780910127105585,72.79065097141019]]],"type":"Polygon"},"id":"0000000000000000004d","properties":{"area":69099.4027690579,"elevation":694.5593524258413,"region":"NW","year":2018},"type":"Feature"},{"geometry":{"coordinates":[[[-56.53217541020571,75.24338394350353],[-56.53084671186205,75.24267497182096],[-56.52732833470075,75.24208193231028],[-56.52453702390828,75.24145322481918],[-56.52393952366894,75.24070409812757],[-56.52261533677175,75.23999951564382],[-56.51909690792533,75.23940650065342],[-56.51557411999956,75.23881339629753],[-56.5120559450758,75.23822032898757],[-56.50913532652301,75.23837195603255],[-56.50561703939351,75.23777891907298],[-56.502544643146756,75.23774323598715],[-56.49947251000819,75.23770754964787],[-56.49640017817574,75.23767188751162],[-56.49377381134172,75.23819802026286],[-56.495098036228406,75.23890259274008],[-56.49495972978089,75.23968739646216],[-56.4962885462082,75.24039637895143],[-56.49834439898577,75.24106521699836],[-56.50186264004715,75.24165828944224],[-56.503623848759496,75.24195261162802],[-56.50714188262498,75.24255012711309],[-56.5103659833314,75.2427685700138],[-56.51373718514448,75.2431743970682],[-56.5171081793977,75.24358463194774],[-56.52032765103921,75.24380314596871],[-56.52355142291127,75.24402610013195],[-56.52632511378238,75.24368717362057],[-56.529397528244424,75.24372285412795],[-56.53217541020571,75.24338394350353]]],"type":"Polygon"},"id":"000000000000000001af","properties":{"area":409294.63680329506,"elevation":943.6851369140504,"region":"NW","year":2018},"type":"Feature"},{"geometry":{"coordinates":[[[-59.11503847973655,76.01985616931151],[-59.114458744889895,76.01930326714137],[-59.114645972984064,76.01870120639953],[-59.114070887106905,76.01814834400517],[-59.11273306827265,76.01764440599545],[-59.11120798614187,76.01773361941981],[-59.108728805697055,76.01768899208096],[-59.10643676824273,76.01782730571296],[-59.1043410615718,76.01815276476187],[-59.1018571170972,76.01810820082343],[-59.099953304177305,76.01861648423436],[-59.098236435339984,76.019307723793],[-59.0963326390001,76.01981601045303],[-59.094424224932936,76.02032434813044],[-59.0946156621099,76.02050714112022],[-59.09595349727737,76.02101552437608],[-59.0957661078258,76.02161303646047],[-59.0986335261705,76.02202773928745],[-59.101496297771796,76.02244243340445],[-59.103788114588724,76.02230424750944],[-59.10626716835477,76.02234881520125],[-59.10875128741302,76.02239336440057],[-59.111043281931735,76.0222551399809],[-59.111422023069515,76.02184043084547],[-59.111609394370205,76.02124298242826],[-59.11332152645663,76.02054733565119],[-59.11503847973655,76.01985616931151]]],"type":"Polygon"},"id":"000000000000000001e4","properties":{"area":208728.68105775656,"elevation":649.9811936453414,"region":"NW","year":2018},"type":"Feature"},{"geometry":{"coordinates":[[[-53.17378564771142,72.6958326312887],[-53.173424620155295,72.69507905612214],[-53.16980823095614,72.69427200949413],[-53.1661918157704,72.69346932279008],[-53.16637016512187,72.69250172912236],[-53.16339143982402,72.69166785851823],[-53.16076967929315,72.6915876036057],[-53.15733610948591,72.6911550748166],[-53.15408546966581,72.69110157373244],[-53.1511067588523,72.69161431709918],[-53.14803895411568,72.69193984687733],[-53.148127929674665,72.69212712395468],[-53.146050109568236,72.69317505719636],[-53.14460969142067,72.69419615315759],[-53.143164986714844,72.6952173173147],[-53.14298217849427,72.69618491873085],[-53.14343689168225,72.69712578326121],[-53.14578698451291,72.69798637256652],[-53.14912690995878,72.6982272366772],[-53.15228834694599,72.6980933912232],[-53.15554344435161,72.69814688966282],[-53.15852215578259,72.69763411830533],[-53.16123333682769,72.69655948456379],[-53.164118359731916,72.69585942458055],[-53.16746273914489,72.69610017506827],[-53.17062422277462,72.69596643283649],[-53.17378564771142,72.6958326312887]]],"type":"Polygon"},"id":"00000000000000000029","properties":{"area":516685.2116728533,"elevation":1227.5092290384855,"region":"NW","year":2018},"type":"Feature"},{"geometry":{"coordinates":[[[-55.397940643937595,74.86312524079116],[-55.39780682163951,74.86293792559509],[-55.39767749249079,74.86275066291016],[-55.39754393786335,74.86256339282747],[-55.396696696039164,74.86240730762933],[-55.39584928455726,74.86225565986742],[-55.39500214820186,74.86210405392119],[-55.39415502532518,74.86195244428558],[-55.39330764562892,74.86179641479431],[-55.39246054993003,74.8616447977779],[-55.39233102617144,74.86145748558354],[-55.39291516343539,74.86123900429588],[-55.39349946985886,74.86101607985353],[-55.39408349933513,74.86079310787989],[-55.39395422735629,74.86060584165713],[-55.39310692431148,74.86045418164284],[-55.39238895510757,74.8604899013459],[-55.39180483486443,74.86070838172911],[-55.39108704367514,74.86074402603164],[-55.390373738215,74.86077972053035],[-55.389784898467695,74.86099821199633],[-55.389071578203165,74.86103390159694],[-55.388353571394056,74.86106960609966],[-55.38776937730915,74.86128807346977],[-55.38718524399831,74.8615110254631],[-55.38731471420074,74.86169834072564],[-55.387448346983675,74.8618855472382],[-55.38686445153456,74.86210854317514],[-55.38628020353378,74.8623270049503],[-55.38640940950245,74.8625142747452],[-55.38725658126734,74.86267040427863],[-55.388103883809556,74.86282197303593],[-55.38823337473053,74.86300928695137],[-55.3883668355924,74.86319656256666],[-55.38908492955311,74.86316085880735],[-55.38979833639737,74.86312516994661],[-55.39064556320076,74.86328128471443],[-55.39149272695533,74.8634329091785],[-55.392210819882564,74.86339719390038],[-55.39292853164933,74.86336598751862],[-55.393775977384685,74.86351764762448],[-55.39448938271291,74.863481941591],[-55.39520727445481,74.86344628567852],[-55.39592075009249,74.86341506095557],[-55.39650931356971,74.86319213658454],[-55.397222696284004,74.86315642034722],[-55.397940643937595,74.86312524079116]]],"type":"Polygon"},"id":"0000000000000000015c","properties":{"area":62291.31350325555,"elevation":1030.0321624087594,"region":"NW","year":2018},"type":"Feature"},{"geometry":{"coordinates":[[[-55.7287211633256,74.42147354933338],[-55.72819501110157,74.42072889460196],[-55.725582121219574,74.42008674165588],[-55.72379855995181,74.41959626636557],[-55.72088678876218,74.41955168550047],[-55.71810853235642,74.41969435396558],[-55.71493368799045,74.41927516347015],[-55.71241881242897,74.41978798226256],[-55.70990392595749,74.42030525923572],[-55.70699198620622,74.42025620206412],[-55.70420944857907,74.42039889633313],[-55.701565284964815,74.42072891782048],[-55.69904596230311,74.42124171343787],[-55.69626779803238,74.42138437895613],[-55.69818096404339,74.4220576818396],[-55.700793991388785,74.42269980619659],[-55.70409810003861,74.42330625616655],[-55.70700988957322,74.42335077703721],[-55.709524738233895,74.42283802095348],[-55.712436757678205,74.4228826188743],[-55.71534833169943,74.42292719775836],[-55.718130989848135,74.42278452921485],[-55.720908914749074,74.42264629394863],[-55.72316057187243,74.42175448135269],[-55.72580929087022,74.42142897173386],[-55.7287211633256,74.42147354933338]]],"type":"Polygon"},"id":"00000000000000000138","properties":{"area":256675.55422259663,"elevation":360.6558863575749,"region":"NW","year":2018},"type":"Feature"},{"geometry":{"coordinates":[[[-55.910541056089166,75.12260472524652],[-55.909841037212686,75.12167284141624],[-55.9084140569442,75.1207765075453],[-55.90771401620506,75.11984012809116],[-55.904837855640274,75.11901520613553],[-55.90050370342615,75.11826160388604],[-55.89617399289056,75.11750797444084],[-55.893293132398895,75.11668308031774],[-55.89041728410836,75.11585811416383],[-55.888268039930885,75.11499753525543],[-55.89119766564684,75.11388277068673],[-55.89468900858257,75.11351706687009],[-55.89804222898533,75.11296420575988],[-55.89820724619265,75.1121838091083],[-55.89502329485495,75.11195198217834],[-55.891112783443994,75.11176026877844],[-55.88762142742869,75.11212586866672],[-55.884548997918856,75.11304891559234],[-55.884691697104806,75.1132362206013],[-55.88466507536428,75.11420824766111],[-55.884633762560846,75.11517586210094],[-55.88533378858601,75.11610781428944],[-55.886756177996915,75.11700856780436],[-55.889636817051134,75.11783355465306],[-55.89178603478415,75.1186941382624],[-55.89612056984957,75.11944771615075],[-55.900450051334126,75.12020132559334],[-55.901876972551925,75.12109757421935],[-55.90548441888978,75.12188682893394],[-55.90763385587777,75.12274747398327],[-55.910541056089166,75.12260472524652]]],"type":"Polygon"},"id":"00000000000000000180","properties":{"area":253330.9108309204,"elevation":1028.6225274725275,"region":"NW","year":2018},"type":"Feature"},{"geometry":{"coordinates":[[[-56.45445334053066,75.03368138435796],[-56.44766666947548,75.03268256745605],[-56.440612488513445,75.03421199878531],[-56.43165852702447,75.03332463277393],[-56.42948242800646,75.03150090952398],[-56.42096994313102,75.03116641709289],[-56.41289442289761,75.03139387910699],[-56.40437768167524,75.03009621189406],[-56.40637983744448,75.02785775235692],[-56.40838628557263,75.0256193244343],[-56.40822571553012,75.02349678315134],[-56.406629385626424,75.02145003704297],[-56.40646885467591,75.0193230944093],[-56.39883954983182,75.02010786693492],[-56.398411579687725,75.02149017394748],[-56.400730200205345,75.02350125221726],[-56.40304891991909,75.02551231905558],[-56.401046558035375,75.02775076291651],[-56.39976267841786,75.02994908815141],[-56.39991835366854,75.03207163814068],[-56.405122282634316,75.03393548303305],[-56.41378192681905,75.03445284636446],[-56.42302556876714,75.03571468920408],[-56.43139086764155,75.03585740788418],[-56.43961364453544,75.03581727417225],[-56.447109231663845,75.0348452310939],[-56.45445334053066,75.03368138435796]]],"type":"Polygon"},"id":"00000000000000000187","properties":{"area":706242.5218468526,"elevation":748.5167245728676,"region":"NW","year":2018},"type":"Feature"},{"geometry":{"coordinates":[[[-52.96449779768113,72.89013350114094],[-52.96431955832455,72.88975896136182],[-52.963039644477966,72.8898080316568],[-52.96175979362971,72.88986150724298],[-52.9603016989494,72.88953601464014],[-52.959022082651295,72.88958951866638],[-52.95774204318923,72.88964303260913],[-52.95637336394303,72.88950924367747],[-52.955272027265295,72.88993731564955],[-52.95399217780248,72.88999085017046],[-52.95289075977903,72.89041890603585],[-52.95161086811829,72.89047242249323],[-52.950331380614365,72.89052590982234],[-52.94905140076939,72.89057499216032],[-52.949229665031694,72.89095400949503],[-52.948132958309536,72.89138210185567],[-52.94894897964624,72.89173433110788],[-52.950406848876455,72.89205987026573],[-52.95168684801762,72.89200636354374],[-52.95296660747788,72.89195279835765],[-52.954424779338936,72.89227835246878],[-52.95570435965848,72.89222483525535],[-52.95689486900317,72.89198403565919],[-52.95817464887477,72.891930548647],[-52.95936533640249,72.89168978032026],[-52.96055576287151,72.89144895461435],[-52.96165728800598,72.89102089838404],[-52.962758875766816,72.8905883512168],[-52.96403853827755,72.89053481963666],[-52.96449779768113,72.89013350114094]]],"type":"Polygon"},"id":"0000000000000000003b","properties":{"area":98522.37427067658,"elevation":1337.8084928316719,"region":"NW","year":2018},"type":"Feature"},{"geometry":{"coordinates":[[[-53.792437009925166,72.86247369471388],[-53.790965377586936,72.86215711990492],[-53.78895425564277,72.86205459800446],[-53.78704141056344,72.86214374808861],[-53.78522651381603,72.86241578998849],[-53.78331360471858,72.86250489801384],[-53.781503316047186,72.86278138156737],[-53.77968826820622,72.86305336359048],[-53.77787346854699,72.86332985832034],[-53.77605861289023,72.86360633335808],[-53.77424386166735,72.86387835181172],[-53.77443992080447,72.86425733932882],[-53.772825802640135,72.8649084430997],[-53.772482442174486,72.86550142056359],[-53.77277677879359,72.86606330619374],[-53.77370865208733,72.86659841696878],[-53.77464075527528,72.86713345323341],[-53.7766561273134,72.86723606862876],[-53.77856902761898,72.86714682623405],[-53.78048202814869,72.86706216396469],[-53.78239511311662,72.86697292630068],[-53.7842053515048,72.86669645904779],[-53.78602023959404,72.8664244539532],[-53.78572591936635,72.86585819997556],[-53.78479395940104,72.86532308296597],[-53.78577038324614,72.8647032880083],[-53.78738917017551,72.86405226874238],[-53.789007848184866,72.86340123279675],[-53.790720245810725,72.86293743964495],[-53.792437009925166,72.86247369471388]]],"type":"Polygon"},"id":"00000000000000000054","properties":{"area":206406.60311005067,"elevation":728.1590293706779,"region":"NW","year":2018},"type":"Feature"},{"geometry":{"coordinates":[[[-55.56874220290054,74.8171340600147],[-55.56450612782481,74.8163715375836],[-55.5600914798151,74.816393798798],[-55.555413726864636,74.81604155425967],[-55.5513961694045,74.81662573472435],[-55.54737857495888,74.81720987424852],[-55.543628470973964,74.81816411355419],[-55.53987831004232,74.81912280730285],[-55.53572680750046,74.81951968870952],[-55.531579903385726,74.81991201617242],[-55.52756219140093,74.82049618746403],[-55.5238077016232,74.82145489188864],[-55.52478887495833,74.82179379138438],[-55.529867709495896,74.8227034740521],[-55.53351968793028,74.82368893867103],[-55.53859872731494,74.8246030464066],[-55.541987590513315,74.82520949811837],[-55.54653591149782,74.82537446123159],[-55.55068728568984,74.82498204234362],[-55.55417438779515,74.8236487905592],[-55.55766132350303,74.82231999929135],[-55.5547182999554,74.82129885825624],[-55.55320653397406,74.82021529653171],[-55.55669348624285,74.81888203568772],[-55.56070673648503,74.81829788959685],[-55.564590735035644,74.81753092528555],[-55.56874220290054,74.8171340600147]]],"type":"Polygon"},"id":"0000000000000000015a","properties":{"area":610101.4464395265,"elevation":938.2922412115995,"region":"NW","year":2018},"type":"Feature"},{"geometry":{"coordinates":[[[-53.635159997784406,73.33631122502659],[-53.63486128269459,73.33574934782851],[-53.63259598544184,73.33526778136901],[-53.63053135297032,73.33516516337511],[-53.628368804252226,73.33487536573297],[-53.62630427310751,73.33477281533251],[-53.62434225351755,73.33486195013114],[-53.62257198317378,73.33532127475488],[-53.62050741441832,73.33521865626724],[-53.61884401913459,73.33586972438042],[-53.61717637730903,73.33651631926519],[-53.61540623320312,73.3369800277279],[-53.61344414825885,73.33706472329067],[-53.61157560298038,73.3373367703508],[-53.613185386034175,73.33784512193051],[-53.61403717071151,73.33819288520006],[-53.61590557014319,73.33792088174017],[-53.61786749235665,73.33783174780307],[-53.61983394430372,73.33774702668235],[-53.62170243795756,73.33747500859029],[-53.62366431528954,73.33739028997222],[-53.62563091444972,73.33730555146826],[-53.62739653990683,73.33684183292468],[-53.62916705429107,73.33638250924368],[-53.63112876706571,73.33629334272489],[-53.63319328450111,73.33639590624976],[-53.635159997784406,73.33631122502659]]],"type":"Polygon"},"id":"0000000000000000006f","properties":{"area":131982.2169425617,"elevation":1227.2749488016839,"region":"NW","year":2018},"type":"Feature"},{"geometry":{"coordinates":[[[-57.061711565420275,75.20039827396327],[-57.06139937791325,75.20002815228635],[-57.06036037056674,75.19969368148303],[-57.0600527929033,75.19932357190835],[-57.05828691782299,75.19902932025883],[-57.05797483121881,75.19865919191813],[-57.05693578155721,75.19832477450247],[-57.05590132178763,75.19799476139106],[-57.054135643660445,75.19770047280802],[-57.0523698149308,75.19741063550569],[-57.05075986128631,75.19730363408996],[-57.049458144201914,75.19756668988228],[-57.04800423194704,75.1976469563368],[-57.046706815832366,75.19791008056498],[-57.045248556424504,75.19799035453322],[-57.04410699746314,75.19844063827732],[-57.04514153421968,75.19877514885026],[-57.045453540773686,75.1991452232789],[-57.047219443918905,75.19943951520476],[-57.04898521311621,75.1997338635528],[-57.05075097307334,75.200023686222],[-57.05105862163437,75.20039824596647],[-57.0528244794857,75.20068805019727],[-57.05428272055498,75.20060779489368],[-57.055736376226854,75.20052751374665],[-57.05734600389477,75.20063457660129],[-57.05879970405123,75.20055878311159],[-57.06041384334075,75.2006613261861],[-57.061711565420275,75.20039827396327]]],"type":"Polygon"},"id":"000000000000000001a4","properties":{"area":109703.29877721793,"elevation":619.2126341192968,"region":"NW","year":2018},"type":"Feature"},{"geometry":{"coordinates":[[[-55.256101283601716,73.52017776563711],[-55.25520495080747,73.5198344344924],[-55.25430859630144,73.51949548619568],[-55.253407740598526,73.51915662047544],[-55.25197202025083,73.51903625855041],[-55.25089276851506,73.51947766930206],[-55.24969334214645,73.51973180815976],[-55.24837358988525,73.51979874391573],[-55.247174111597054,73.52005736911086],[-55.24609492499759,73.52049879439977],[-55.24489082742259,73.52075298642546],[-55.2436914701611,73.52100712883491],[-55.243932287592294,73.5213816850009],[-55.24416876259201,73.52175625679806],[-55.24308964960209,73.52219770681796],[-55.24386973773444,73.52234933409653],[-55.24530568201057,73.52246976170262],[-55.24662563744943,73.52240285038613],[-55.24794558011195,73.52233592922224],[-55.249381114485885,73.52245634908363],[-55.25058070557177,73.52219771127461],[-55.25178027024244,73.52194356884861],[-55.25286374381308,73.5215020938433],[-55.2541792957426,73.52143525868819],[-55.253943056028774,73.52106067367855],[-55.25502207428471,73.52061920043995],[-55.256101283601716,73.52017776563711]]],"type":"Polygon"},"id":"000000000000000000b7","properties":{"area":89321.29833487324,"elevation":327.53482776597014,"region":"NW","year":2018},"type":"Feature"},{"geometry":{"coordinates":[[[-52.84448997228854,72.70904055176464],[-52.84431604882481,72.7086659674436],[-52.844142271878276,72.70828689842031],[-52.843334980113944,72.70793462610945],[-52.84189488108444,72.7076135874568],[-52.8405392868493,72.70747537915035],[-52.83918808259758,72.70733713365004],[-52.837832561086984,72.70720331989482],[-52.83665523842286,72.70744417866466],[-52.835214997569466,72.7071186186727],[-52.83403345155688,72.70735941714167],[-52.83276717340136,72.7074084800686],[-52.83167460309688,72.70783654632115],[-52.83058198504938,72.70826460498645],[-52.82948958652777,72.70869712113335],[-52.829663466368565,72.70907176812958],[-52.8304705381953,72.70942398665952],[-52.83165225303106,72.70918321472162],[-52.8330034609613,72.70931698705367],[-52.83444797790217,72.70964249015663],[-52.83571438867343,72.70959341558527],[-52.83698074954971,72.7095399154469],[-52.83824732893151,72.70948645479774],[-52.839598446233445,72.70962465912514],[-52.840864790838836,72.70957112989454],[-52.842046457867845,72.70933481815987],[-52.84331277280101,72.70928127045975],[-52.84448997228854,72.70904055176464]]],"type":"Polygon"},"id":"00000000000000000018","properties":{"area":100305.5846647052,"elevation":1420.791420911528,"region":"NW","year":2018},"type":"Feature"},{"geometry":{"coordinates":[[[-55.76953972044904,74.17016308615955],[-55.768465242478904,74.16963691572474],[-55.766021603771456,74.16918650043203],[-55.76357799299137,74.16873167240819],[-55.761129992247014,74.16827684017075],[-55.75882024913707,74.16800935773408],[-55.75689379021886,74.16830362842532],[-55.75483828575222,74.16841067130312],[-55.752786997032466,74.16851761862087],[-55.750860790038594,74.16880753464208],[-55.75112392972713,74.16918206108677],[-55.75014282946219,74.16981522128845],[-55.74916183541103,74.17044403902739],[-55.74955416172313,74.1710058204653],[-55.74994226429188,74.17156767285704],[-55.75170358216093,74.17205816924825],[-55.754147089916145,74.17251298900602],[-55.755908519533484,74.1729990647994],[-55.75740677691906,74.17311499073601],[-55.75959147369588,74.17319526835054],[-55.76164728222179,74.17308824874677],[-55.76331034064828,74.17242383545204],[-55.76523691499939,74.17212957492345],[-55.766900100554,74.17146071944143],[-55.768563495811605,74.17079627276345],[-55.76953972044904,74.17016308615955]]],"type":"Polygon"},"id":"00000000000000000116","properties":{"area":238835.06919100694,"elevation":581.5993630762819,"region":"NW","year":2018},"type":"Feature"},{"geometry":{"coordinates":[[[-55.54786892933041,74.36287651776166],[-55.5474809523044,74.3623146559586],[-55.54661170581893,74.36223885956448],[-55.54440890752572,74.36215414065667],[-55.54233076731926,74.36226117286768],[-55.54037771893864,74.36255099146528],[-55.537916430356816,74.36209619261926],[-55.53596767561986,74.36238601393929],[-55.533631112775026,74.36211399720125],[-55.531811871415805,74.36259562537205],[-55.529988065478165,74.36307269157263],[-55.52829799873416,74.36373714702945],[-55.52855663859015,74.36411170357701],[-55.52686205559212,74.36477609406867],[-55.52713426432809,74.3650792565545],[-55.52960459819525,74.36553410443888],[-55.53199479486512,74.36598003680834],[-55.532306767977175,74.36643485928889],[-55.53258766734398,74.36674255956059],[-55.534799521909385,74.36682279055147],[-55.53688196241522,74.36672025357029],[-55.53857613094682,74.36605584623263],[-55.54027076727992,74.36538694733791],[-55.542223866191925,74.36509708898981],[-55.54348116229919,74.36483851618802],[-55.54448017411119,74.36420979648852],[-55.546174505855355,74.3635453321633],[-55.54786892933041,74.36287651776166]]],"type":"Polygon"},"id":"00000000000000000123","properties":{"area":201010.62630289607,"elevation":485.6868945868945,"region":"NW","year":2018},"type":"Feature"},{"geometry":{"coordinates":[[[-55.75274675226056,75.00500491276962],[-55.751832689134794,75.00464818212377],[-55.75070031992329,75.00412198718308],[-55.749625424534536,75.00380541247631],[-55.7487070524633,75.00344418201671],[-55.74763675745184,75.00312764091011],[-55.74671374360425,75.00276642666722],[-55.746303656638716,75.00220457672064],[-55.74806054947883,75.00154015944116],[-55.747649995473665,75.0009783354931],[-55.746513279747745,75.00045213761534],[-55.7455810519326,75.00032731612905],[-55.74328474287616,75.00024699980946],[-55.74191127736543,75.00029166731828],[-55.7403997357083,75.00038970015638],[-55.74053788126738,75.00057704213945],[-55.74022585152771,75.00117007052624],[-55.741188794484394,75.00146883127505],[-55.74145650368368,75.00171407919188],[-55.74235258694144,75.00203511725515],[-55.742040599261045,75.00262814562856],[-55.74313302188349,75.00298487319404],[-55.74402946628094,75.00330594774596],[-55.744377256763585,75.00365826815117],[-55.74601811843664,75.0039793150478],[-55.74636606464691,75.004336000294],[-55.74728898558955,75.00469272989118],[-55.748359182055616,75.00500934245004],[-55.75093645625164,75.00546417639615],[-55.752381157601306,75.00539286369404],[-55.75274675226056,75.00500491276962]]],"type":"Polygon"},"id":"0000000000000000016d","properties":{"area":81046.32375991998,"elevation":1005.0628235500573,"region":"NW","year":2018},"type":"Feature"},{"geometry":{"coordinates":[[[-64.68943643881707,76.33707216944855],[-64.68916908293855,76.3368893216926],[-64.68889698856057,76.33671093599666],[-64.6886249006612,76.33653254984145],[-64.68835296108215,76.33635427434892],[-64.68883911262367,76.33610896648557],[-64.6885714792908,76.33593058337235],[-64.68781325974592,76.3359975033698],[-64.68717573668621,76.33605100946788],[-64.68688587411656,76.33601982705609],[-64.68586033882552,76.33590388882217],[-64.68573963399746,76.33591280029181],[-64.68499508172232,76.3358325336833],[-64.68424158861049,76.33589497888772],[-64.68388921447257,76.33606884773978],[-64.68358606935743,76.33609556914938],[-64.68282811187363,76.33615800556034],[-64.68179814035652,76.33604654396412],[-64.68103987047621,76.33610894129247],[-64.68028633776063,76.33617137262327],[-64.67952835220814,76.3362382965158],[-64.6797958931819,76.33641668949053],[-64.68006804413062,76.3365950075811],[-64.67958172496813,76.33683579514428],[-64.67985387945703,76.33701861211678],[-64.68012588169039,76.33719700785744],[-64.680393447812,76.33737539935926],[-64.68066532114968,76.33755368306106],[-64.68093734276306,76.33773207742975],[-64.68106221557312,76.33774544520598],[-64.68110680905188,76.33777670811784],[-64.68200758000638,76.33787480188015],[-64.68223502425587,76.33802643076706],[-64.68250693043528,76.33820471182777],[-64.6827789849109,76.3383831035539],[-64.68305104447013,76.33856599377845],[-64.68317592525186,76.33857936036611],[-64.68321608392704,76.33860612007922],[-64.68424593361136,76.33872204103093],[-64.68500400898048,76.33865510266098],[-64.68549028727222,76.3384143053133],[-64.6862481776793,76.33834744060036],[-64.68700622053854,76.33828499395038],[-64.68749229170977,76.33804426955953],[-64.6879785084424,76.33779896643696],[-64.68846424521891,76.3375582061069],[-64.68895043033369,76.33731289992595],[-64.68943643881707,76.33707216944855]]],"type":"Polygon"},"id":"00000000000000000219","properties":{"area":54487.51438351489,"elevation":249.70916905444125,"region":"NW","year":2018},"type":"Feature"},{"geometry":{"coordinates":[[[-53.40456649068465,72.71733887139835],[-53.40374598227948,72.71699109818842],[-53.40292551641863,72.71663883572644],[-53.403371249189505,72.71623751483517],[-53.401917699086475,72.71591644512321],[-53.40046838288099,72.71559539104845],[-53.3990149190733,72.71527429668129],[-53.3977483474629,72.71533231010478],[-53.39629935926194,72.71501126900009],[-53.39503280706708,72.715064776946],[-53.39386012570328,72.71531002491616],[-53.39259377193977,72.71536356272394],[-53.3915146881276,72.71579601047718],[-53.39044020549472,72.71622857555906],[-53.391255869999945,72.71657640440786],[-53.39081027084485,72.71698215638241],[-53.3909974432787,72.71735677628028],[-53.39181794483155,72.71770454089412],[-53.392005323808384,72.71807909054318],[-53.39219228358899,72.7184581456534],[-53.393641649353206,72.71877915237145],[-53.39382889286035,72.71915376851716],[-53.39509547871464,72.71910022319425],[-53.396361710650275,72.71904232087759],[-53.39762827723561,72.71898875654318],[-53.39907716540262,72.7193098067728],[-53.40025000234887,72.71906452523481],[-53.4015164350185,72.71900663256983],[-53.40132905227101,72.71863202398835],[-53.40240805443591,72.71819951530995],[-53.40348741821512,72.71776697856502],[-53.40456649068465,72.71733887139835]]],"type":"Polygon"},"id":"0000000000000000003c","properties":{"area":152910.29128884347,"elevation":1069.6484217909745,"region":"NW","year":2018},"type":"Feature"},{"geometry":{"coordinates":[[[-57.54848929786307,75.55431708522433],[-57.54493087697832,75.55470950003958],[-57.54154215526566,75.55528914782606],[-57.53831806786642,75.55605171350815],[-57.53509406209859,75.55681865567959],[-57.5333596263249,75.55749646569893],[-57.53092933876452,75.55830793193144],[-57.52787501090485,75.5592577878885],[-57.52481612286248,75.5602075573622],[-57.52159653201073,75.560970092472],[-57.51870262265778,75.56210268439978],[-57.518457170630754,75.56270017733085],[-57.51904582166297,75.5633601059653],[-57.52200658115855,75.56406021372636],[-57.524508234384335,75.56422518030374],[-57.52839654000202,75.5642028870213],[-57.52944453229301,75.56364549341042],[-57.525747805985226,75.56298560846754],[-57.525663103705455,75.56201794036933],[-57.52856176304524,75.56088087484727],[-57.5317855226002,75.56011841957275],[-57.53517890888627,75.5595387459983],[-57.53856777194118,75.55896344019246],[-57.54030693618487,75.55828124776865],[-57.54171163041228,75.55722885457955],[-57.544605489721555,75.5560962808306],[-57.54749509239715,75.5549592048069],[-57.54848929786307,75.55431708522433]]],"type":"Polygon"},"id":"000000000000000001cc","properties":{"area":216134.06088932426,"elevation":735.5777045671183,"region":"NW","year":2018},"type":"Feature"},{"geometry":{"coordinates":[[[-56.703208739699406,75.1286156584622],[-56.70290980911826,75.12824552401044],[-56.70188456982967,75.12791109263826],[-56.70013202705698,75.12761680464801],[-56.698384120519975,75.12731801358072],[-56.69663623749321,75.12702371790446],[-56.69633273678469,75.12665362093698],[-56.69530725280646,75.1263191829016],[-56.69500837658492,75.1259445956077],[-56.69398292726647,75.1256146610425],[-56.69268520908514,75.12587772066776],[-56.691236178998565,75.12595352892835],[-56.69008562971669,75.1264038770349],[-56.68893513046731,75.12684982199102],[-56.689960726312165,75.12718422006851],[-56.690259519483774,75.12755881264628],[-56.6912849926212,75.12789327510077],[-56.69231080578593,75.12822326510877],[-56.69260940123896,75.12859780936684],[-56.69436186632247,75.12889204721638],[-56.69581093129081,75.12881629014608],[-56.69741190829944,75.12892333548847],[-56.69886114279888,75.12884748434166],[-56.700457390752156,75.12895455376783],[-56.70175947894192,75.12869142630815],[-56.703208739699406,75.1286156584622]]],"type":"Polygon"},"id":"0000000000000000018f","properties":{"area":77100.71199204311,"elevation":776.4415317878634,"region":"NW","year":2018},"type":"Feature"},{"geometry":{"coordinates":[[[-55.284849073438835,74.59812527041746],[-55.28459023190709,74.59775074206335],[-55.28433620654011,74.59737612705872],[-55.284082001911585,74.59700158176848],[-55.28241890832772,74.59669389879483],[-55.28075541952049,74.59638622612087],[-55.27921707893295,74.59627026580176],[-55.277937452816786,74.59652445741528],[-55.276274300831886,74.59621679172244],[-55.274869359172406,74.59628367898918],[-55.2732063129436,74.5959804772368],[-55.271667804921016,74.59586003630709],[-55.270517278736506,74.59630154427649],[-55.26936271850163,74.596742964269],[-55.26821207473277,74.59718445636288],[-55.268466403424334,74.59755899581363],[-55.26942492193118,74.59790233222934],[-55.27038369493553,74.5982412189138],[-55.27134250337107,74.59858010062872],[-55.27300555347958,74.5988877621409],[-55.27466868322582,74.59919103486867],[-55.276332095972805,74.59949871314323],[-55.27774119052198,74.59943178108102],[-55.27940447895906,74.59973950320922],[-55.281067778626415,74.60004272043814],[-55.28234741044043,74.59978858242395],[-55.28350225796143,74.59934706262095],[-55.284652946985155,74.5989056416586],[-55.284398710915056,74.59853109846975],[-55.284849073438835,74.59812527041746]]],"type":"Polygon"},"id":"00000000000000000133","properties":{"area":145346.3981742543,"elevation":948.4410571604176,"region":"NW","year":2018},"type":"Feature"},{"geometry":{"coordinates":[[[-66.43783233190338,76.62022950108607],[-66.43570516668149,76.62001101283523],[-66.4335737814137,76.61979699889704],[-66.43297622457966,76.61944475382579],[-66.43186590905974,76.61931095662338],[-66.43196398281623,76.6189720311198],[-66.43177662181742,76.6187357451905],[-66.4296451409655,76.61852166406771],[-66.4275183621096,76.61830764248437],[-66.42705439551753,76.61816048682599],[-66.42582812991934,76.61847712209806],[-66.42612691964945,76.61865548621856],[-66.42582388012055,76.618869497305],[-66.42596199512604,76.61907903659117],[-66.42579690914832,76.61950266507438],[-66.42563212636334,76.61992632282504],[-66.4247046504356,76.6204212305131],[-66.4237726952953,76.62091173000826],[-66.42284525119845,76.6214067360636],[-66.42344267412358,76.62175900244617],[-66.423277496682,76.62218262149817],[-66.4238796915497,76.62253931837378],[-66.4254092313048,76.62240108444182],[-66.42754063058985,76.6226151435519],[-66.42967207644482,76.62282918282003],[-66.43180356886494,76.62304320224578],[-66.43363620684632,76.62308339410589],[-66.43546441918731,76.62311897974472],[-66.43593258322811,76.62287374846102],[-66.43608420247541,76.62283808534886],[-66.4362493195794,76.62241448618185],[-66.43514325848437,76.62228067467287],[-66.43595949681692,76.62184815192153],[-66.43688687250766,76.62135766336165],[-66.43781876369017,76.62086270544276],[-66.43766704328354,76.62064864406351],[-66.43783233190338,76.62022950108607]]],"type":"Polygon"},"id":"00000000000000000231","properties":{"area":131874.23382757427,"elevation":932.5130085275104,"region":"NW","year":2018},"type":"Feature"},{"geometry":{"coordinates":[[[-55.45593565408826,74.0682190917533],[-55.45530720672563,74.06728268694334],[-55.452885882835,74.06682784717587],[-55.44935417427148,74.06681001162488],[-55.44620158504174,74.06735849011339],[-55.44304897156224,74.06790246027474],[-55.43964210202563,74.06807638429149],[-55.43636481793129,74.06843760732875],[-55.43358668431073,74.0695434650723],[-55.43464366268073,74.07006959875592],[-55.43527231200303,74.07100605545374],[-55.43453643942426,74.07200935598333],[-55.43584303393232,74.07291006125406],[-55.43442939729178,74.07394903176024],[-55.43369362485097,74.07495236511785],[-55.43364025016124,74.07591993430279],[-55.43717186978593,74.07593783397834],[-55.440828200874165,74.07613845345125],[-55.44423498329513,74.07596455136459],[-55.44751688503471,74.0756078024885],[-55.450923776401055,74.07543393726749],[-55.45395158893887,74.07470262372725],[-55.455619020433026,74.07403824005519],[-55.4549903621569,74.07310184818346],[-55.45504410026386,74.07212972970923],[-55.4557752827675,74.07112642664175],[-55.45582861949803,74.07015882539149],[-55.4558823191042,74.06918669834391],[-55.45593565408826,74.0682190917533]]],"type":"Polygon"},"id":"000000000000000000f1","properties":{"area":574710.732357495,"elevation":773.2937834726465,"region":"NW","year":2018},"type":"Feature"},{"geometry":{"coordinates":[[[-54.67449156708502,73.26234808322323],[-54.67438019146626,73.26216077723593],[-54.67426881812962,73.26197347111957],[-54.674157266834065,73.26178623501484],[-54.674045898062616,73.26159892864027],[-54.673938830595155,73.2614116194851],[-54.67328775429813,73.26144283276868],[-54.67263667508975,73.26147404361868],[-54.671874066309826,73.26131801445744],[-54.67122327364531,73.2613537017813],[-54.67068352605289,73.26157221340584],[-54.67003715249009,73.26160338837312],[-54.66938605859041,73.26163458707164],[-54.668734961780586,73.26166578333648],[-54.668084100145904,73.26169702371489],[-54.667544352182,73.26191996037966],[-54.66700478215962,73.26213850660034],[-54.666353899757674,73.26216974040403],[-54.665707075624454,73.2622009227767],[-54.66505618741384,73.26223215173141],[-54.66440505820751,73.26226333170182],[-54.66386548698076,73.26248630295616],[-54.66332603673035,73.26270476709934],[-54.66267512484624,73.26273598704734],[-54.66202421005207,73.26276720456312],[-54.662135472935866,73.26295451741146],[-54.662246918399994,73.26314176000294],[-54.66170725031119,73.26336028876203],[-54.66181893249367,73.26354757801313],[-54.662577026657246,73.26370360605499],[-54.66322797117752,73.26367238674463],[-54.663879150888576,73.26364121155484],[-54.66464156197169,73.26379722836943],[-54.66539950435739,73.26395331446759],[-54.66616212879593,73.26410493614972],[-54.666813076455085,73.26407370360496],[-54.667464259315715,73.264042515176],[-54.6681152011521,73.26401127776589],[-54.66876166015899,73.26398011057911],[-54.66941283430202,73.26394891486669],[-54.670063767417574,73.2639176701758],[-54.67071488746133,73.26388203445951],[-54.671254458642856,73.26366347764927],[-54.67179383704061,73.26344498913924],[-54.67233344104074,73.26322654533435],[-54.67287297467399,73.2630079830118],[-54.67341268502929,73.2627850302417],[-54.67395225136604,73.26256658092056],[-54.67449156708502,73.26234808322323]]],"type":"Polygon"},"id":"00000000000000000084","properties":{"area":76878.53040761416,"elevation":620.87021247177,"region":"NW","year":2018},"type":"Feature"},{"geometry":{"coordinates":[[[-55.31826089548123,73.92537182530762],[-55.31721759694256,73.92484567752474],[-55.314394842589785,73.9247965750562],[-55.31157236714327,73.92474309163288],[-55.30874522964535,73.92469403559645],[-55.30580211936129,73.92445323066765],[-55.30260962176752,73.92384234347213],[-55.29941688401819,73.92323142581574],[-55.29757967416949,73.92254914567727],[-55.29438692850068,73.92193828180098],[-55.29156430923198,73.92188920335518],[-55.28911184820618,73.92239758864332],[-55.286900114639394,73.92328043227114],[-55.28714550745116,73.92365502417039],[-55.28830926923631,73.9243685344679],[-55.29082413244734,73.92501506487149],[-55.293343670786015,73.92566166022485],[-55.295180563083036,73.92634388693725],[-55.29837348517988,73.92695483046629],[-55.300094522140704,73.92744975290591],[-55.3026720176509,73.92712420581003],[-55.30561485259226,73.92736504123782],[-55.308442158986125,73.92741410228595],[-55.311264769670636,73.92746309121888],[-55.313966923674315,73.92732935344567],[-55.316419444597535,73.92681660683412],[-55.31807822545368,73.92615657941485],[-55.31826089548123,73.92537182530762]]],"type":"Polygon"},"id":"0000000000000000025d","properties":{"area":317708.2460294929,"elevation":607.0137510489513,"region":"NW","year":2018},"type":"Feature"},{"geometry":{"coordinates":[[[-53.718219738872264,72.84525712844903],[-53.718023536753314,72.84488257331755],[-53.716453807976464,72.84437419731908],[-53.71743491959166,72.84375442070534],[-53.71523211006498,72.84327731513028],[-53.71621292171248,72.84265301173401],[-53.71591872105657,72.84209117357203],[-53.7162665086386,72.8414980757486],[-53.71533453044481,72.8409630300662],[-53.71313166517234,72.84048591874863],[-53.71220421046061,72.83995080710724],[-53.711272410062,72.83941573899355],[-53.71034482308718,72.83888056907804],[-53.70843205090506,72.83896534371867],[-53.70862800943259,72.83933991208856],[-53.708284648915615,72.8399329945062],[-53.706666077789144,72.84058394633142],[-53.70759805027846,72.84111908595591],[-53.707250416579086,72.84171214361687],[-53.70690697879086,72.842305220432],[-53.707201169613285,72.8428714879218],[-53.708128640150804,72.84340662414142],[-53.707147701545836,72.84402644168507],[-53.707442103725484,72.84458827045816],[-53.708369432600605,72.84512335652899],[-53.710572317576435,72.84560491704995],[-53.71258334360162,72.84570305717101],[-53.71449192058711,72.84561831099188],[-53.716404690980944,72.84553356372403],[-53.718219738872264,72.84525712844903]]],"type":"Polygon"},"id":"0000000000000000004f","properties":{"area":186791.28877559883,"elevation":768.0783269078021,"region":"NW","year":2018},"type":"Feature"},{"geometry":{"coordinates":[[[-55.269795051395434,74.3323628264849],[-55.269540782967454,74.33198829532786],[-55.26860014192188,74.33164493698658],[-55.26708848277165,74.33152900277841],[-55.265576619756956,74.33140863277693],[-55.26418979196423,74.33147551536524],[-55.262803203719635,74.33154243332739],[-55.261291543453986,74.33142195843612],[-55.259904716688474,74.33149330337312],[-55.25839313686689,74.33137292144096],[-55.25713582697824,74.33162712056739],[-55.25574874043693,74.33169401083092],[-55.254362081445066,74.3317608659893],[-55.2531001598001,74.33201954654788],[-55.25184271837291,74.33227370891876],[-55.250331102756704,74.33215326216586],[-55.249069313345615,74.3324074663333],[-55.24793209796512,74.33284888963063],[-55.246549913028886,74.33291578720934],[-55.24679943789144,74.33329040631735],[-55.247740169379774,74.33363372935372],[-55.249127201853476,74.33356685414219],[-55.25051375153783,74.33349549920943],[-55.251775845161845,74.33324133222511],[-55.253287304265335,74.33336172183155],[-55.25467428043295,74.33329480525379],[-55.25593174480735,74.3330406248589],[-55.257193529726855,74.33278649085658],[-55.25858047327279,74.33271516694859],[-55.25996717813102,74.33264828112797],[-55.2612247645061,74.3323941096975],[-55.26273644085801,74.3325144690712],[-55.26399833086078,74.33226033374005],[-55.26550978734581,74.33237624716756],[-55.26689667547875,74.33230935539346],[-55.268283549614544,74.33224245327817],[-55.269795051395434,74.3323628264849]]],"type":"Polygon"},"id":"00000000000000000150","properties":{"area":80202.50004371173,"elevation":842.0432677218312,"region":"NW","year":2018},"type":"Feature"},{"geometry":{"coordinates":[[[-54.61548003396453,73.21319094390778],[-54.613959423201976,73.21287880502177],[-54.61244341718958,73.21257113396412],[-54.610927184250095,73.21225896772432],[-54.609629666388564,73.21232139298377],[-54.60811354749811,73.21200931930663],[-54.606927456332144,73.2122589686139],[-54.605522822272725,73.21213855299732],[-54.60422510150684,73.21220100816913],[-54.60303899734881,73.21245074730507],[-54.60163004273588,73.21232586598448],[-54.60044392299532,73.21258002269447],[-54.60066243262532,73.21295463689452],[-54.60088089393354,73.21332913388146],[-54.60175048664128,73.21367253228462],[-54.60132242712937,73.21407828876228],[-54.60219182413919,73.21442163808057],[-54.60370802468092,73.214729326709],[-54.603275311193244,73.21513954714736],[-54.60414502582725,73.2154829331809],[-54.605553950458045,73.21560331289118],[-54.60662876077999,73.21516631540034],[-54.60792624741283,73.21510386743537],[-54.60900526209934,73.21466685327105],[-54.61019143268917,73.21441275634365],[-54.61137754619429,73.2141629698407],[-54.61245666313017,73.21372597932968],[-54.613754315509965,73.2136636505159],[-54.61494029579383,73.213409403347],[-54.61548003396453,73.21319094390778]]],"type":"Polygon"},"id":"00000000000000000081","properties":{"area":109762.98850113817,"elevation":711.8552742890611,"region":"NW","year":2018},"type":"Feature"},{"geometry":{"coordinates":[[[-55.51555404900933,74.7514425465741],[-55.51542022749912,74.7512552840489],[-55.51457742828213,74.75110370548617],[-55.51373483354743,74.75095205261881],[-55.51360523577043,74.75076479317676],[-55.5134714403875,74.75057752902862],[-55.5133378392079,74.75039019405725],[-55.51320851047338,74.75020297940102],[-55.512365517881875,74.75005134569393],[-55.512231932750105,74.74986400971967],[-55.51281155178965,74.74964111853991],[-55.51268216582136,74.74945378713808],[-55.51183947365938,74.74930219635218],[-55.51099679477963,74.74915060189167],[-55.51015386901637,74.74899895839543],[-55.50931121670541,74.74884735658479],[-55.50846847411838,74.74869126259928],[-55.50775937437349,74.74872699308024],[-55.507179783499126,74.74894998552512],[-55.50660010857008,74.74917285997846],[-55.50602038453486,74.74939135993027],[-55.50544514007234,74.74961428044],[-55.50486548898508,74.74983726489083],[-55.504285720259986,74.75005575886317],[-55.50441502383727,74.75024309499732],[-55.50525800409653,74.75039913551412],[-55.505391609673346,74.75058191646136],[-55.50481192708169,74.75080489982074],[-55.504945634351685,74.75099216927906],[-55.50507495265208,74.75117950446293],[-55.50520866589254,74.7513667735363],[-55.50605160376425,74.75151832190753],[-55.50676063029073,74.75148266938851],[-55.507469496151245,74.75145145733104],[-55.50831226271095,74.75160306653545],[-55.5090257459183,74.75156745567773],[-55.509734955474855,74.75153172156843],[-55.510443969949264,74.75149605545224],[-55.51115728565348,74.75146487973512],[-55.51200007862306,74.75161647299987],[-55.51270908875798,74.75158079855035],[-55.51341809503478,74.75154512146945],[-55.51413155841093,74.75150949161731],[-55.514840402015075,74.75147825236739],[-55.51555404900933,74.7514425465741]]],"type":"Polygon"},"id":"00000000000000000154","properties":{"area":65825.57242542425,"elevation":894.2409813966032,"region":"NW","year":2018},"type":"Feature"},{"geometry":{"coordinates":[[[-59.81256233557831,76.14082713594513],[-59.81138963982396,76.14050603607903],[-59.809449854958906,76.14023851170539],[-59.80751463456915,76.13996651252398],[-59.8055748546498,76.13969446718413],[-59.805936082425085,76.13927983875683],[-59.80476325439297,76.13896322276439],[-59.803028572055325,76.13887399763155],[-59.80129430250496,76.13878928416595],[-59.79935437657021,76.13851733113744],[-59.797619858442374,76.13843254865472],[-59.79608587976039,76.1385262420023],[-59.79495753745055,76.13899442369633],[-59.79321864471872,76.13890524372083],[-59.79188968618486,76.13918617141806],[-59.79035586928782,76.13928423445724],[-59.789227766628805,76.13974797561607],[-59.790400387573996,76.14006904600542],[-59.79156891370343,76.14038567373066],[-59.792741624960094,76.14070673096924],[-59.79468115984144,76.14097429075188],[-59.796415667058184,76.14106343064465],[-59.79815498873001,76.14114813900136],[-59.800089949253916,76.14142018157096],[-59.80202995506728,76.1416877148755],[-59.80336304439935,76.14140679143115],[-59.80509771711564,76.14149597522781],[-59.806832291581216,76.14158065901937],[-59.808366089057955,76.14148704018761],[-59.80969961089011,76.14120615511052],[-59.81123323212936,76.14110802911874],[-59.81256233557831,76.14082713594513]]],"type":"Polygon"},"id":"000000000000000001fd","properties":{"area":126750.53419135432,"elevation":531.7643036758685,"region":"NW","year":2018},"type":"Feature"},{"geometry":{"coordinates":[[[-52.87470918770632,72.93643684329994],[-52.874535318952766,72.93606227773054],[-52.87269835371195,72.9363253566234],[-52.87103930182163,72.93697192259577],[-52.86920229525512,72.93723949461683],[-52.86736513590291,72.93750251488015],[-52.86552802046388,72.93777004677035],[-52.86369089661034,72.93803767581606],[-52.86158607588446,72.93773888947307],[-52.85966422515786,72.93781470057387],[-52.85773797883773,72.9378949311135],[-52.855544105562245,72.93740892131488],[-52.85344391821359,72.93711012647552],[-52.85160683863533,72.93737326037676],[-52.849769522744246,72.93764073968595],[-52.84985888437819,72.93782805945237],[-52.85012172733894,72.938394380316],[-52.851495160592584,72.93853263730819],[-52.853510636078,72.93863962904004],[-52.85552622230984,72.9387511288674],[-52.857537169197634,72.9388625827419],[-52.85955278780351,72.93897403547015],[-52.86147912558667,72.93889378523691],[-52.86357941312281,72.9391925507546],[-52.865683997937374,72.93949133221129],[-52.867610440344244,72.93941554502547],[-52.86953676345901,72.93933520444024],[-52.871462979916394,72.93925944207834],[-52.873211010015204,72.93880463712306],[-52.87358556152243,72.9382115580538],[-52.873960091673055,72.93761847744264],[-52.874334700189934,72.93702992698934],[-52.87470918770632,72.93643684329994]]],"type":"Polygon"},"id":"0000000000000000003e","properties":{"area":141319.4237276151,"elevation":1403.8608428560271,"region":"NW","year":2018},"type":"Feature"},{"geometry":{"coordinates":[[[-57.34550205611091,75.37993053156005],[-57.34354896825348,75.37945340638208],[-57.34118116112688,75.37938652386751],[-57.33881350833603,75.37932412092621],[-57.33660619200087,75.379448940381],[-57.33455962963124,75.37975668036076],[-57.332512709433935,75.38006435580772],[-57.33014488597549,75.37999745872406],[-57.32825863517503,75.38049242948739],[-57.32605152261628,75.38061282495664],[-57.324165339972886,75.3811077978356],[-57.322279169808965,75.38159828703793],[-57.32055367695191,75.38228049445978],[-57.32087446842009,75.382650591708],[-57.32135602902937,75.38320803224636],[-57.32110181802841,75.3838055560477],[-57.323795338769685,75.38424250368456],[-57.326484181165235,75.38467947856684],[-57.32885179168765,75.38474190094979],[-57.33122429607482,75.38480434760041],[-57.333270805170315,75.38449663871312],[-57.33515700867363,75.38400616762908],[-57.336878227468965,75.38332395700813],[-57.338603979889996,75.38264612987749],[-57.340329673114205,75.38196840030102],[-57.34205507413386,75.38128614594643],[-57.3437763300675,75.3806083431245],[-57.34550205611091,75.37993053156005]]],"type":"Polygon"},"id":"00000000000000000270","properties":{"area":250687.45784833125,"elevation":733.2931304669917,"region":"NW","year":2018},"type":"Feature"},{"geometry":{"coordinates":[[[-64.61019816425694,77.45330996682969],[-64.60766996852828,77.45289978431835],[-64.60490520987481,77.45291316810663],[-64.60214042256834,77.45292652001635],[-64.5990816529569,77.45275707220593],[-64.59690130088532,77.45312719567109],[-64.59472051875446,77.45350173322797],[-64.59283443628594,77.45405018504276],[-64.59036412064998,77.45424199121594],[-64.58847807285885,77.4547904371749],[-64.58600323613848,77.45498214332383],[-64.58382706226301,77.45535225649868],[-64.58388049004182,77.45595420815276],[-64.58558402693069,77.45642694647022],[-64.58564201467891,77.45702886944841],[-64.58734541243736,77.45750156032568],[-64.58822396010534,77.45803663840779],[-64.58993153296665,77.45850932920362],[-64.59134061519826,77.45880361963313],[-64.59439972332767,77.45897306930782],[-64.59775753161081,77.4593163921327],[-64.59964357183364,77.45876796888291],[-64.60181956607282,77.45839779902322],[-64.60341138576469,77.45767097168033],[-64.60559204129106,77.45730088154694],[-64.60718382558022,77.45656958606244],[-64.60877579953211,77.45584277685994],[-64.60871782897728,77.45524075849612],[-64.60783924213042,77.4547056966176],[-64.60860624415821,77.4540412358217],[-64.61019816425694,77.45330996682969]]],"type":"Polygon"},"id":"0000000000000000022d","properties":{"area":289410.2280574708,"elevation":943.6928130451455,"region":"NW","year":2018},"type":"Feature"},{"geometry":{"coordinates":[[[-55.58747932011284,74.60535353440629],[-55.58567783565956,74.60486303136847],[-55.58471000780497,74.60452408926785],[-55.58260085828563,74.60462669151252],[-55.58049198243319,74.60473369022905],[-55.578512006478256,74.60502347885023],[-55.57679516276544,74.6056879240433],[-55.57507849248904,74.60635677149214],[-55.57309855501399,74.60664666202314],[-55.57349110729638,74.60720850707006],[-55.57318337097348,74.60780158970208],[-55.57428034101246,74.60832770445082],[-55.575377185815825,74.6088538831355],[-55.575069606681154,74.60945145648039],[-55.57757549296519,74.60990626830335],[-55.58008149649103,74.6103610473614],[-55.58232453411669,74.61044129015629],[-55.58443373787373,74.61033879347647],[-55.586150513545945,74.60967436142637],[-55.58646239841284,74.60907686160705],[-55.5867704063067,74.60848377718784],[-55.584968870785325,74.60799331585919],[-55.58246291983975,74.60753399207411],[-55.58206577586746,74.60697660685094],[-55.58378247472581,74.60630774190373],[-55.58549960694829,74.60564332447146],[-55.58747932011284,74.60535353440629]]],"type":"Polygon"},"id":"00000000000000000142","properties":{"area":175387.59901267142,"elevation":746.552565541161,"region":"NW","year":2018},"type":"Feature"},{"geometry":{"coordinates":[[[-54.77086171383799,73.76802350620247],[-54.76984495373118,73.76749288294955],[-54.768163992927505,73.7669978885965],[-54.76580977400569,73.76653415328056],[-54.76345515091705,73.76606598102912],[-54.76243859330474,73.76553981581527],[-54.760753059864655,73.76504035005817],[-54.75974071846427,73.7645096885025],[-54.75939293997121,73.7639478964381],[-54.758380695942414,73.7634172264297],[-54.75803298029778,73.76285543060114],[-54.75835850172598,73.76226238779282],[-54.75734172272751,73.76173166806153],[-54.755772033132246,73.76142402224983],[-54.75410891228186,73.76208395084197],[-54.754224811463814,73.76227129655537],[-54.75524158381584,73.76279741588537],[-54.755585048425594,73.76335926696817],[-54.755932518561316,73.76392113651627],[-54.75694491109297,73.7644517491914],[-54.757961588865875,73.76498242199833],[-54.75897366533151,73.76551304632635],[-54.76065930433493,73.76600802775938],[-54.762344864466264,73.76650737718482],[-54.76336161616266,73.76703808866905],[-54.76437386882678,73.76756425151987],[-54.76650062553259,73.76765787529393],[-54.768855001720894,73.76812160130193],[-54.77086171383799,73.76802350620247]]],"type":"Polygon"},"id":"000000000000000000bf","properties":{"area":74885.20722310543,"elevation":981.231206690561,"region":"NW","year":2018},"type":"Feature"},{"geometry":{"coordinates":[[[-55.03671347100685,73.56570068232774],[-55.03636542165544,73.56513886493637],[-55.03667339544718,73.56454134152683],[-55.03500119968405,73.56404640879832],[-55.03356089510642,73.56392601843051],[-55.03145592857984,73.56383682360718],[-55.0293560040011,73.56374761484801],[-55.02725562271455,73.56366290891562],[-55.02526678643663,73.5637610282765],[-55.02328271023959,73.56385909020254],[-55.02095056872132,73.56339981080339],[-55.018614030133875,73.56293607926392],[-55.01627717156342,73.56247234175977],[-55.014177043386226,73.56238309656977],[-55.01219284196263,73.56248572612375],[-55.0118807039099,73.56307878062006],[-55.01090837507684,73.56370750264749],[-55.01125650803558,73.56426931768944],[-55.01293291173795,73.56476431715738],[-55.01394524006924,73.56529496686844],[-55.01627742015279,73.56575421961013],[-55.018382045372526,73.56584338518756],[-55.020482135336295,73.56593260719947],[-55.022587025273225,73.56602176952167],[-55.02457137668128,73.56591921432366],[-55.02632371254214,73.56544652915437],[-55.02842400545663,73.56553570389606],[-55.03040807038747,73.56543315365327],[-55.03239248810529,73.56533505982186],[-55.03472905454166,73.56579882397381],[-55.03671347100685,73.56570068232774]]],"type":"Polygon"},"id":"00000000000000000153","properties":{"area":192418.5183035493,"elevation":598.1063090192579,"region":"NW","year":2018},"type":"Feature"},{"geometry":{"coordinates":[[[-53.26488963527263,72.6339046967604],[-53.26209818409503,72.6334497911373],[-53.25939594882581,72.63318677078124],[-53.256787433950386,72.63310644529106],[-53.25426803241113,72.63321352740627],[-53.251748723846774,72.63332498858757],[-53.24913547270666,72.63324471949745],[-53.24661615762724,72.63335622101651],[-53.24391398448947,72.63308865421506],[-53.241122575006656,72.63263384496618],[-53.23851403850118,72.63255354078494],[-53.23635584986592,72.63341414326165],[-53.236721504989134,72.63416778120717],[-53.23708701441455,72.63491688365293],[-53.23808134582648,72.63564368799548],[-53.24096642807798,72.63628584688934],[-53.24366855078029,72.63655336500797],[-53.24655386444743,72.63719991487055],[-53.2492557982757,72.63746748175468],[-53.25204725971108,72.63792231593227],[-53.254571084399245,72.63781083745604],[-53.25709064660884,72.63770377519191],[-53.25879858687641,72.6372445030911],[-53.26031906558644,72.63641065431368],[-53.26247283256797,72.63555004493888],[-53.26462650541585,72.63468503747352],[-53.26488963527263,72.6339046967604]]],"type":"Polygon"},"id":"00000000000000000032","properties":{"area":374919.98534664215,"elevation":1119.4248313707567,"region":"NW","year":2018},"type":"Feature"},{"geometry":{"coordinates":[[[-53.789333233706856,73.19201911660605],[-53.787933168094646,73.19188983497806],[-53.78663563828259,73.19194782512623],[-53.785240062461824,73.19181847182772],[-53.78373711705559,73.19150189449297],[-53.782238845681576,73.19118081999534],[-53.78084316034486,73.19105150101623],[-53.77944301686171,73.19092222092144],[-53.77814550653364,73.19098014822559],[-53.776847802434915,73.19103813502224],[-53.77544767653613,73.19090882299987],[-53.77414996298372,73.19096678970283],[-53.772852657334425,73.1910247252427],[-53.77165300768304,73.19126994421752],[-53.77045808682041,73.1915152695876],[-53.771305089948825,73.19186304776933],[-53.77150597580001,73.19223758874728],[-53.77300412906498,73.19255863729933],[-53.77450248536884,73.19287523885147],[-53.77579990495276,73.19281729194947],[-53.776999587341585,73.19257204543969],[-53.77839965677363,73.19270141455395],[-53.77969722747728,73.19264336928921],[-53.78099483986184,73.19258543125784],[-53.78239492689098,73.19271476844982],[-53.78349201111065,73.19228219160144],[-53.784887613049484,73.19241155890379],[-53.78628770370534,73.19254086495944],[-53.78748745084131,73.19229559299608],[-53.78878499921721,73.19223759667108],[-53.789333233706856,73.19201911660605]]],"type":"Polygon"},"id":"0000000000000000006b","properties":{"area":80433.60695835129,"elevation":1029.9713675973676,"region":"NW","year":2018},"type":"Feature"},{"geometry":{"coordinates":[[[-66.91980302979893,76.56372826773111],[-66.91205301039273,76.56383968142791],[-66.90644362973994,76.56518195203367],[-66.90174375850468,76.56705471725338],[-66.89643268915978,76.56857977026401],[-66.88715348113932,76.56780385649702],[-66.88366636791876,76.56936004968898],[-66.87804784298805,76.57070227902685],[-66.8715154875667,76.57151833392415],[-66.86496947357848,76.5702831405718],[-66.86374318729409,76.56855300302338],[-66.86905856574265,76.5670324548426],[-66.87087776991488,76.5660425759195],[-66.86434517793265,76.56685857914563],[-66.85902990486106,76.56837907428252],[-66.85432556935675,76.57025192432316],[-66.85478482695073,76.57102776511223],[-66.85981018000054,76.5724056208614],[-66.86786769359068,76.5724725432814],[-66.8753188750466,76.57218717320404],[-66.88338122063728,76.57225848570327],[-66.88899936703015,76.57091186106535],[-66.89461800323083,76.56956966228645],[-66.9008429513914,76.56857528798336],[-66.90767877084474,76.56793768701564],[-66.91329266196324,76.56659095960167],[-66.91859891829755,76.56507045572302],[-66.91980302979893,76.56372826773111]]],"type":"Polygon"},"id":"0000000000000000023d","properties":{"area":411109.64702026255,"elevation":618.578181878903,"region":"NW","year":2018},"type":"Feature"},{"geometry":{"coordinates":[[[-53.68642172545856,72.73474279896045],[-53.68603366232178,72.7339936456307],[-53.685650413103176,72.73324005272532],[-53.68526241156114,72.73249089622155],[-53.682974854521035,72.7318220681679],[-53.68132498417477,72.73113090406324],[-53.67986706782046,72.73080983702592],[-53.67733427259871,72.73092576507095],[-53.67489955080977,72.73122899137505],[-53.6725628406513,72.73171951950242],[-53.67041792382728,72.73258455254806],[-53.66808156920272,72.73307504292214],[-53.66593215907634,72.73394011104847],[-53.66632011738,72.73469370078769],[-53.6673367517185,72.73541611373126],[-53.668357832268214,72.73613847243949],[-53.668112823727064,72.73691879723765],[-53.67039565659438,72.73758765571183],[-53.67267881818762,72.73825204615669],[-53.67521171395497,72.73813612024409],[-53.67784256627201,72.73821192680556],[-53.680375224461436,72.73809599282859],[-53.682520065687946,72.73723091161915],[-53.6827653794351,72.73645063747641],[-53.68427691378383,72.73561232522913],[-53.68642172545856,72.73474279896045]]],"type":"Polygon"},"id":"00000000000000000049","properties":{"area":398101.72046914406,"elevation":825.1734591229164,"region":"NW","year":2018},"type":"Feature"},{"geometry":{"coordinates":[[[-60.29849282213352,76.24503628454107],[-60.29806928704319,76.2446706291613],[-60.29687865986403,76.24435403675989],[-60.29568343476219,76.24403741920077],[-60.29372144992061,76.24376988712545],[-60.292530784991676,76.24345334506904],[-60.292107431739424,76.24308767640191],[-60.29091655402838,76.24277108611915],[-60.28895044123386,76.24250353104809],[-60.28698821432458,76.24224041925895],[-60.285026381421396,76.24197288309026],[-60.28306412756185,76.24170536496932],[-60.28152155477008,76.24180791441401],[-60.27976908714307,76.24172322343037],[-60.27823057548552,76.24182124470326],[-60.27710685830959,76.24228951635614],[-60.27753051442746,76.24265510286611],[-60.27794961380816,76.24302522817113],[-60.278373126802045,76.24339088656382],[-60.278792311480345,76.24375656366402],[-60.279216050005516,76.24412214473949],[-60.28040653801965,76.24443875754876],[-60.28236863194862,76.2447063340219],[-60.28279229516769,76.24507198172732],[-60.28454466636767,76.24515668531757],[-60.28629704874334,76.2452413747924],[-60.2882591740385,76.24550452727053],[-60.29022102091428,76.24577206866589],[-60.29218757019375,76.24603961088468],[-60.29372609672548,76.24593701030796],[-60.295059353807495,76.24565613448442],[-60.296601977134614,76.24555356704606],[-60.29793097547987,76.24527261815481],[-60.29849282213352,76.24503628454107]]],"type":"Polygon"},"id":"00000000000000000204","properties":{"area":151311.19133580333,"elevation":604.2642220860628,"region":"NW","year":2018},"type":"Feature"},{"geometry":{"coordinates":[[[-57.0696844536323,75.24720546190119],[-57.06952830510955,75.24701811822612],[-57.06937224193771,75.24683088957548],[-57.06921617144519,75.24664805472888],[-57.06832891294767,75.24650090942895],[-57.0676020139654,75.24654096215183],[-57.06702692909114,75.24676399239235],[-57.06629551600496,75.24680414061689],[-57.065412646929,75.24666146349956],[-57.064525142362555,75.24651425827663],[-57.06363792278812,75.24636709238001],[-57.0627548358191,75.24621996628342],[-57.06202370026947,75.24626014229315],[-57.06129247842743,75.24630020033348],[-57.06056564183032,75.24634034269232],[-57.05983422130156,75.24638046734401],[-57.058946851204475,75.2462333528582],[-57.058220008169634,75.24627348667433],[-57.05764478240466,75.24650088339746],[-57.056913614459994,75.24654104049762],[-57.056186682928505,75.24657665746373],[-57.05634287289322,75.24676393887793],[-57.056498877021944,75.24695129205973],[-57.05592380771357,75.2471742169081],[-57.05607972999283,75.24736145484583],[-57.05696695153006,75.24750865365085],[-57.05785006784125,75.24765580470651],[-57.058006029679035,75.247838646959],[-57.05816198126489,75.24802588297813],[-57.058893479258515,75.24798576520438],[-57.05962039285885,75.24794562968204],[-57.06035161047958,75.2479054632533],[-57.06108290513034,75.24786540938216],[-57.06196579721718,75.24801249914225],[-57.062696818937695,75.24797239613098],[-57.06342829661106,75.24793226165728],[-57.06415956796967,75.24789659049665],[-57.064730434816795,75.24766920431608],[-57.06546162022715,75.24762901898048],[-57.06634891963305,75.24777617659392],[-57.067231924371725,75.24792335866447],[-57.06796338190831,75.24788320749232],[-57.06853850083597,75.24765578167985],[-57.06910929548836,75.24742838232932],[-57.0696844536323,75.24720546190119]]],"type":"Polygon"},"id":"000000000000000001aa","properties":{"area":55071.93713717686,"elevation":641.0879149210442,"region":"NW","year":2018},"type":"Feature"},{"geometry":{"coordinates":[[[-57.24382131737294,75.46162134384988],[-57.24185903073264,75.46114418597386],[-57.24063731638731,75.46062689528112],[-57.23793532455071,75.46018989868233],[-57.23571476079501,75.46031033127598],[-57.23333363782343,75.46024789143777],[-57.23127335156606,75.46055558534466],[-57.22921313407145,75.46085879479942],[-57.22715295353299,75.46116648809247],[-57.2254140780431,75.46184422663046],[-57.22367514121428,75.46252206255507],[-57.22193609450505,75.46320427123666],[-57.219875891806545,75.4635074653191],[-57.21961732307208,75.46410497814975],[-57.22009875994693,75.46466682907204],[-57.220576023864204,75.46522424652792],[-57.22179790342316,75.46574150223195],[-57.22375962353004,75.46621864380182],[-57.22498167017624,75.46673587934046],[-57.22736708446365,75.46679833305761],[-57.229427326906375,75.46649514085402],[-57.231487363379365,75.46618742130734],[-57.233386975248855,75.46569248845002],[-57.23528650678377,75.46520192652586],[-57.23718615543961,75.46470699761768],[-57.235224206789724,75.46422986647042],[-57.23622282289764,75.46359223432354],[-57.23796213255719,75.46291442020814],[-57.23970110588844,75.46223666046579],[-57.24176121203837,75.46192895551246],[-57.24382131737294,75.46162134384988]]],"type":"Polygon"},"id":"0000000000000000026e","properties":{"area":269191.6287263305,"elevation":812.2548188329469,"region":"NW","year":2018},"type":"Feature"},{"geometry":{"coordinates":[[[-56.29153575258623,74.70410918617223],[-56.290545838474735,74.70377030778027],[-56.29026474622202,74.70340022971556],[-56.28998381354118,74.70302563410802],[-56.28969852389932,74.70265112158236],[-56.2894176565214,74.70228096968522],[-56.28772322674662,74.70198221709772],[-56.286028849023786,74.70168344965705],[-56.284615048238415,74.70175922801099],[-56.28305870268367,74.70164779233987],[-56.28150696428957,74.70153185945927],[-56.27995527894152,74.70142035947414],[-56.28023642309277,74.70179494310396],[-56.27910366269757,74.70224081790838],[-56.278680047376135,74.70265106071862],[-56.278960926423125,74.70302560026876],[-56.28065534088127,74.70332442868741],[-56.28234999471729,74.70362317083332],[-56.284044252264614,74.70392192521525],[-56.28432967052098,74.70429204289705],[-56.286024281329205,74.70459082413251],[-56.28771868313677,74.70488954618948],[-56.28799960270717,74.70526414262059],[-56.28927051349744,74.70500105598084],[-56.29054560639125,74.70474239327714],[-56.29111194950144,74.70451948248316],[-56.29153575258623,74.70410918617223]]],"type":"Polygon"},"id":"00000000000000000169","properties":{"area":87914.69068900052,"elevation":160.19175350048843,"region":"NW","year":2018},"type":"Feature"},{"geometry":{"coordinates":[[[-65.34325661848517,76.41447319452908],[-65.34193676169942,76.4141833823152],[-65.34213288298504,76.41375980282467],[-65.3430871301057,76.41327374106893],[-65.34176718623245,76.4129794283677],[-65.33996591189286,76.41293483588113],[-65.33816862875047,76.4128902662503],[-65.3369337609841,76.41319789693353],[-65.33513198183309,76.41315331184315],[-65.33305407882202,76.4129303670809],[-65.33097187844105,76.41270294584393],[-65.32889391294383,76.41248004126145],[-65.32709250044311,76.4124354236515],[-65.3252951909571,76.41238636275659],[-65.3240600810931,76.4126984979183],[-65.32310154001979,76.41318904608144],[-65.3244257993717,76.41347880187139],[-65.32650371191572,76.41370182629313],[-65.32782345456478,76.41399164959105],[-65.32839007804347,76.41434833972293],[-65.32970974904141,76.41463823018623],[-65.32951356758387,76.41506182564682],[-65.33083347826046,76.41535163027771],[-65.33206882423843,76.41504396107456],[-65.33387007122049,76.41508858698205],[-65.33595273944923,76.4153115147104],[-65.33746876977189,76.41518225610972],[-65.33870374142896,76.41487005010642],[-65.34022455829492,76.41473632818393],[-65.34174047291468,76.41460703921348],[-65.34325661848517,76.41447319452908]]],"type":"Polygon"},"id":"00000000000000000220","properties":{"area":100463.4070619226,"elevation":437.9190411739563,"region":"NW","year":2018},"type":"Feature"},{"geometry":{"coordinates":[[[-53.30102605734173,72.53016364386293],[-53.30093695871676,72.52997189306633],[-53.30084326288919,72.52978461870822],[-53.300754127551045,72.52959735407357],[-53.30003613847333,72.52943682345673],[-53.29931838662814,72.52927633818616],[-53.29869409063902,72.52930307712965],[-53.29806523372997,72.52932980385212],[-53.29735183076239,72.52916927175451],[-53.29663387973098,72.5290087267291],[-53.29591616592098,72.52884822705474],[-53.29528713730564,72.5288750122349],[-53.29466298139601,72.52890615377027],[-53.29403873321552,72.52893299261805],[-53.29340987658565,72.52895970193111],[-53.29278580287087,72.5289864673016],[-53.292161321080044,72.5290132507328],[-53.29144341025835,72.52885268373187],[-53.29081477656415,72.52887943171037],[-53.290284251234645,72.52909795367177],[-53.28974919828243,72.52931197738492],[-53.28983823248184,72.52949924732695],[-53.289927495103655,72.52968656558338],[-53.28939671232495,72.52990503591147],[-53.28886162859005,72.53011905637268],[-53.288950885498366,72.53030637495122],[-53.28966878431222,72.53046683529872],[-53.29038674122963,72.53062740979394],[-53.291104708699336,72.53078798124795],[-53.29119376263224,72.53097525020165],[-53.29128737739078,72.53116252914266],[-53.291911700399815,72.5311357010473],[-53.29253606866983,72.53110898780523],[-53.293253841066154,72.53126950175901],[-53.29388276930633,72.53124279354294],[-53.29450690946055,72.53121602457806],[-53.29522492553781,72.53137657858306],[-53.295849066584594,72.53134980464313],[-53.296384143074285,72.53113127568838],[-53.29700850054655,72.531104545763],[-53.29763718801756,72.53107777501351],[-53.29817219581344,72.530863726443],[-53.29870745948185,72.53064523809469],[-53.299242443973604,72.5304311858477],[-53.29977308476903,72.53021717030981],[-53.30040196495788,72.53019043736703],[-53.30102605734173,72.53016364386293]]],"type":"Polygon"},"id":"00000000000000000019","properties":{"area":77123.84954219614,"elevation":937.5731831194016,"region":"NW","year":2018},"type":"Feature"},{"geometry":{"coordinates":[[[-56.20279510477746,74.90401521514218],[-56.20179160278387,74.90368075428444],[-56.20079308715595,74.90334629548536],[-56.19979413222452,74.90300741615833],[-56.19822006674815,74.90289590877623],[-56.196645826704184,74.90278446003401],[-56.1950720340022,74.90266852972286],[-56.19377877297784,74.90293157606877],[-56.19234759079643,74.90300293650093],[-56.19077335960457,74.90289144053285],[-56.1893419897324,74.90296729219298],[-56.18819142317121,74.90341321819358],[-56.18704098569182,74.90385906505331],[-56.18804443428743,74.90419352863827],[-56.188325298040006,74.90456805408922],[-56.189324145527124,74.90490698947113],[-56.1903274321494,74.90524139628012],[-56.19203956152631,74.90554020111531],[-56.19375643027918,74.9058389540892],[-56.19533050830895,74.90595489550743],[-56.196904580268466,74.90606638224683],[-56.198482899611015,74.90617784620557],[-56.19977184049615,74.90591918057513],[-56.20106052699627,74.9056561351452],[-56.20149301135191,74.90524588802766],[-56.20192547584567,74.90483563922079],[-56.202362416164,74.90442542291203],[-56.20279510477746,74.90401521514218]]],"type":"Polygon"},"id":"00000000000000000176","properties":{"area":120606.58571905945,"elevation":663.6037970928509,"region":"NW","year":2018},"type":"Feature"},{"geometry":{"coordinates":[[[-55.50625674467843,74.27420282698267],[-55.50600259755956,74.27382830045879],[-55.505057255219626,74.27348934175797],[-55.50410748458188,74.27315051564483],[-55.50316221059893,74.27281154712507],[-55.50221678439152,74.27247264446419],[-55.501271371323206,74.27212935778958],[-55.50032601363021,74.27179044532664],[-55.499510194232315,74.27163883138147],[-55.49800285918518,74.27152289841057],[-55.49662518019757,74.27158980874087],[-55.495372002466546,74.27184844031005],[-55.4963174664718,74.27218730646445],[-55.495880509094846,74.27259754286995],[-55.4961389422126,74.2729676828418],[-55.49639331649332,74.27334219700815],[-55.49733852544056,74.27368557770352],[-55.49897486435054,74.273988798921],[-55.499229125664954,74.27436337931047],[-55.50086555222379,74.27466658394982],[-55.50181107398189,74.27500549181491],[-55.502756376666305,74.27534434938312],[-55.50439277617033,74.27565197301519],[-55.50564587396032,74.27539335546106],[-55.50607822265314,74.27498761524888],[-55.50582425297654,74.27461301854771],[-55.50625674467843,74.27420282698267]]],"type":"Polygon"},"id":"0000000000000000011c","properties":{"area":79316.28457358784,"elevation":746.2142437790721,"region":"NW","year":2018},"type":"Feature"},{"geometry":{"coordinates":[[[-60.08768436880134,76.14604424605963],[-60.08747469681078,76.14586146179965],[-60.08650247238706,76.14572765436972],[-60.08553055484126,76.14559388169526],[-60.08532533994569,76.14540663156956],[-60.08511588802617,76.14522377021021],[-60.084353449770624,76.14527285356037],[-60.083791582480636,76.1455091630635],[-60.0832341250134,76.14574100717606],[-60.082467035484484,76.14579006065871],[-60.08170023221358,76.14583915048956],[-60.0809331300795,76.14588819838986],[-60.07996123596692,76.14575440083578],[-60.07919412905862,76.14580344252332],[-60.07940352371384,76.14598630870728],[-60.079608972048085,76.14617360265757],[-60.079047099961,76.14640545076216],[-60.07848953532357,76.14663728077888],[-60.0786946100823,76.14682016315588],[-60.07889987416627,76.14700297073655],[-60.0791094677975,76.14718576174785],[-60.07931445345074,76.14737309028759],[-60.07875715320264,76.14760495882],[-60.07896242947929,76.14778776571276],[-60.079167233751235,76.14797060760486],[-60.07860991102769,76.14820247490404],[-60.078815090265614,76.14838972856656],[-60.07978714394551,76.1485235306808],[-60.08075939631423,76.1486572539474],[-60.081731478623894,76.1487910473066],[-60.08249824064002,76.1487420335838],[-60.08326547333664,76.14869298173717],[-60.08423728039416,76.14882672474188],[-60.08500450831169,76.14877766668268],[-60.08556184874466,76.14854133574951],[-60.0853564879165,76.14835853523428],[-60.08515160900954,76.14817569905233],[-60.085708824591606,76.14794381401674],[-60.085503763487054,76.14776105228243],[-60.08529870141247,76.14757372945424],[-60.08585618697204,76.14734188231371],[-60.085651024773185,76.14715900661231],[-60.08544568320942,76.14697620505959],[-60.08600314629213,76.14674435668633],[-60.08656501884253,76.14650804290206],[-60.087122632321915,76.14627611636773],[-60.08768436880134,76.14604424605963]]],"type":"Polygon"},"id":"00000000000000000200","properties":{"area":61840.22602417473,"elevation":371.0931805157592,"region":"NW","year":2018},"type":"Feature"},{"geometry":{"coordinates":[[[-53.35514625572611,72.76254528788161],[-53.35423216931395,72.762010195482],[-53.35331815657641,72.76147061312416],[-53.352403756874,72.76093553106686],[-53.35212291284338,72.76036920686155],[-53.350575768397846,72.75986089463426],[-53.348395242241175,72.75937930923203],[-53.3462102031693,72.75889768721744],[-53.34449343859878,72.7593569779836],[-53.34287048985618,72.76000357676172],[-53.34124720405369,72.76065011043265],[-53.34152816096736,72.76121643008527],[-53.340538288577676,72.7618362402928],[-53.34081466169362,72.76239806614868],[-53.34109563472233,72.76296438502689],[-53.340105665891585,72.76358419041809],[-53.34038225613719,72.76415054866929],[-53.34002985680531,72.76473913864432],[-53.34030623380546,72.7653054477348],[-53.34058726754489,72.76586728017992],[-53.34023061806413,72.76646032413203],[-53.34177781968105,72.76696867836169],[-53.34332968163584,72.76748151235799],[-53.34459587546409,72.76742352931511],[-53.34622354871015,72.7667769542286],[-53.347846731410684,72.76613040175039],[-53.34946980643029,72.76548383249619],[-53.35109277377679,72.76483724646762],[-53.35290343286341,72.76456523532036],[-53.354080438561226,72.76431996544308],[-53.353799468399906,72.76375813133818],[-53.35478945783448,72.76313834055786],[-53.35514625572611,72.76254528788161]]],"type":"Polygon"},"id":"00000000000000000043","properties":{"area":309832.8059642586,"elevation":1098.0731374836826,"region":"NW","year":2018},"type":"Feature"},{"geometry":{"coordinates":[[[-52.79374554531808,72.54435697423207],[-52.792947128280304,72.54400471406485],[-52.79234972065323,72.54388879638624],[-52.79109680912313,72.54393781393902],[-52.78983939653899,72.54399133274099],[-52.78864862072265,72.54404038884543],[-52.78774778293473,72.54383527683045],[-52.786976494028785,72.54391555106339],[-52.78599105625299,72.54395563296619],[-52.78473800309107,72.54400920550964],[-52.78348486939129,72.54405823428645],[-52.78240143988114,72.54448628436194],[-52.781723742206374,72.5446557462997],[-52.781317782372675,72.54491439516188],[-52.78086323398252,72.54531569878851],[-52.780809527551945,72.54546283509006],[-52.78098354100736,72.54583742428241],[-52.781153021651114,72.54621640621313],[-52.78195567907588,72.54656869564575],[-52.78316837676754,72.54651967962444],[-52.78405597791746,72.54672030802726],[-52.7846398042466,72.5468407177305],[-52.78580816750112,72.54659990110726],[-52.7870656061348,72.54655089896198],[-52.78832318947284,72.54649740207064],[-52.78958056588293,72.54644826369103],[-52.790748883852004,72.54620752938193],[-52.79178781563469,72.5460202310597],[-52.79195276123921,72.54581960088858],[-52.79240772597969,72.54541829621932],[-52.79349138260633,72.54499016198524],[-52.793321715995965,72.54461560771799],[-52.79374554531808,72.54435697423207]]],"type":"Polygon"},"id":"0000000000000000000d","properties":{"area":105245.84214379571,"elevation":1341.5257662055878,"region":"NW","year":2018},"type":"Feature"},{"geometry":{"coordinates":[[[-55.05284198789858,74.12068047938301],[-55.05179409295351,74.12015422227594],[-55.048935695747495,74.12010070870701],[-55.04607739088141,74.12004277076944],[-55.04309889030562,74.1198019664789],[-55.03987937294463,74.11918663754079],[-55.03665555787469,74.11857126303543],[-55.034804858246694,74.11788898431544],[-55.03295438656282,74.11720230634573],[-55.030417240251765,74.11655575552294],[-55.02924878627956,74.11583780467951],[-55.028767122415736,74.11508870093304],[-55.02590895893894,74.11503516311862],[-55.02341622245565,74.11554356713728],[-55.02526685520068,74.11622574934441],[-55.02643522134011,74.11693922715469],[-55.02896796012395,74.11759026774278],[-55.03150517712215,74.11824133376139],[-55.033360234980584,74.11892351781098],[-55.035210743782564,74.11960576330071],[-55.0384302083424,74.12022117231767],[-55.04140867971411,74.1204619352559],[-55.04438743410172,74.12070719313365],[-55.04724587446915,74.12076066111281],[-55.04998369804226,74.12062691123302],[-55.05284198789858,74.12068047938301]]],"type":"Polygon"},"id":"000000000000000000e0","properties":{"area":111220.04149708085,"elevation":995.053300140431,"region":"NW","year":2018},"type":"Feature"},{"geometry":{"coordinates":[[[-55.235531411890584,73.99424710909665],[-55.23460823280876,73.99390821259506],[-55.23300733848509,73.99360049996426],[-55.231406741616716,73.9932928192197],[-55.2298057599059,73.992985149372],[-55.228882740489624,73.99264622397627],[-55.22931540363778,73.99223599948948],[-55.22906993212658,73.99186147124512],[-55.229502772879876,73.99145567324047],[-55.228579652616425,73.99111681599128],[-55.22722388150706,73.99118367768757],[-55.225748190700706,73.9910632533119],[-55.22463337463085,73.99150475994995],[-55.22327779907262,73.99157163791283],[-55.2221675368928,73.9920130428674],[-55.22105703540295,73.99245451077513],[-55.22129789415164,73.99282906306381],[-55.22222099476883,73.99317245354008],[-55.22246615358679,73.99354256092504],[-55.22338906187354,73.99388589944272],[-55.22431223937451,73.99422478054743],[-55.22579264289203,73.99434520197859],[-55.227027781392906,73.99409101236178],[-55.22862857435685,73.99439866007445],[-55.23022946580796,73.99470191177372],[-55.23183017097266,73.99500960227137],[-55.233065504037555,73.99475541798529],[-55.234421065597296,73.99468854008997],[-55.235531411890584,73.99424710909665]]],"type":"Polygon"},"id":"00000000000000000263","properties":{"area":96154.37850548634,"elevation":800.0810679792668,"region":"NW","year":2018},"type":"Feature"},{"geometry":{"coordinates":[[[-53.239320998310134,72.68859998873168],[-53.23841150791665,72.68806493797094],[-53.23551737671294,72.68741833756572],[-53.23262796010412,72.68677618520003],[-53.230995954301505,72.68607619405675],[-53.228289339042206,72.68581307323302],[-53.22557806206101,72.68554548084673],[-53.22286689256869,72.68527796250676],[-53.22016037732991,72.68501041324261],[-53.21763207237871,72.68511742208076],[-53.21519728929867,72.68541174122043],[-53.21303469938883,72.68627679173784],[-53.213396061727636,72.68702592385584],[-53.21376135293427,72.68777952374832],[-53.2134938503857,72.68855985551804],[-53.215126093420274,72.68925992158101],[-53.21675372764718,72.68995554303547],[-53.219647575671196,72.69060210892626],[-53.22235880147408,72.69086965234519],[-53.2246106845781,72.69019635310896],[-53.22677319133994,72.68933127650335],[-53.2295736001579,72.68979056750528],[-53.23201256457108,72.68949184680393],[-53.234353733541184,72.68900576912844],[-53.23679286991207,72.68871144317964],[-53.239320998310134,72.68859998873168]]],"type":"Polygon"},"id":"00000000000000000030","properties":{"area":340147.3826629344,"elevation":1198.606344778776,"region":"NW","year":2018},"type":"Feature"},{"geometry":{"coordinates":[[[-55.132151431787314,74.63266104706052],[-55.12919955959212,74.63260751493628],[-55.126122832521006,74.6323667506047],[-55.12355447634404,74.6328750403175],[-55.120981402620785,74.6333834213748],[-55.11828376746851,74.63370443496461],[-55.11596031710561,74.63458291390212],[-55.115055385038396,74.63539887964835],[-55.11414555400581,74.63621491997799],[-55.11323609047003,74.63703092894197],[-55.11303547813862,74.63781126724689],[-55.112834851179194,74.63859609288139],[-55.112629583027484,74.63937643781256],[-55.1145469286717,74.64005870315812],[-55.11646441748961,74.64074094863624],[-55.1182525103706,74.64123588318324],[-55.12120437079169,74.6412894322379],[-55.12390674259732,74.64096831308264],[-55.124811962039324,74.64015229512404],[-55.12218984238863,74.63950570266894],[-55.12097706033827,74.63878780555766],[-55.121182210786365,74.63800749380144],[-55.121382720272855,74.63722719119012],[-55.120878731322684,74.63647803521957],[-55.12249314876803,74.63562629509178],[-55.12410722086777,74.63477909799525],[-55.126425951498334,74.63389620216519],[-55.12887402422733,74.63320056353864],[-55.13182137137918,74.63325411289868],[-55.132151431787314,74.63266104706052]]],"type":"Polygon"},"id":"0000000000000000012d","properties":{"area":233702.87122850737,"elevation":1025.1191513602566,"region":"NW","year":2018},"type":"Feature"},{"geometry":{"coordinates":[[[-57.79189361936669,75.70366131312119],[-57.791554993083665,75.70329118377546],[-57.791211492203146,75.70292112676145],[-57.79162167713275,75.70250640753387],[-57.79128308382082,75.70213627607906],[-57.79093961625001,75.70176621695238],[-57.78909812472483,75.70147632011722],[-57.78950814676683,75.70106613443],[-57.78858979536581,75.70092341083475],[-57.78708689524707,75.70100809260407],[-57.785419169599564,75.70090557061451],[-57.78391652410195,75.70099027146988],[-57.78241836624713,75.70107503314657],[-57.780745946217515,75.70097247423305],[-57.779247762798455,75.70105721281233],[-57.77958672920789,75.70142726097428],[-57.779176531346245,75.70184199865123],[-57.78026902789265,75.7021674986174],[-57.78135686867544,75.70249745250044],[-57.78319856037958,75.70278288514764],[-57.78504002922237,75.70306825918642],[-57.786881839481914,75.70335811837512],[-57.78722055584851,75.70372818204243],[-57.78872342355967,75.70364345971],[-57.79022157070108,75.70355872712217],[-57.79189361936669,75.70366131312119]]],"type":"Polygon"},"id":"000000000000000001d5","properties":{"area":71626.89476296988,"elevation":462.6618975903612,"region":"NW","year":2018},"type":"Feature"},{"geometry":{"coordinates":[[[-55.35495035000562,74.78261613180453],[-55.35300185895909,74.781938315741],[-55.35131630884361,74.78163067003526],[-55.34833764441087,74.78158165547468],[-55.34574684906747,74.78208993592125],[-55.343160684432156,74.78260276703477],[-55.340306848545026,74.78273658689179],[-55.3379791939317,74.78362388573078],[-55.33564709502512,74.7845067722154],[-55.33591007282276,74.78488132497682],[-55.334291454505085,74.78573309839601],[-55.33409532998414,74.78651787471551],[-55.33533032237833,74.78723130519806],[-55.33798802744839,74.78787790521696],[-55.34064565691438,74.78852442282505],[-55.3436287632661,74.78857350394178],[-55.34660765826727,74.78862253084763],[-55.349068847509876,74.78792692747231],[-55.35140091282601,74.78703956163304],[-55.348739085751085,74.78639299314597],[-55.34536780574507,74.785782080502],[-55.34199680896557,74.78517122516332],[-55.343615500243686,74.7843194740908],[-55.34594765870172,74.78343657934644],[-55.34853812628565,74.78292383677808],[-55.351253747675074,74.78259831364247],[-55.354624897384085,74.78321366100826],[-55.35495035000562,74.78261613180453]]],"type":"Polygon"},"id":"00000000000000000251","properties":{"area":229285.0475758153,"elevation":1018.956627043564,"region":"NW","year":2018},"type":"Feature"},{"geometry":{"coordinates":[[[-53.32121251759982,72.85799679445202],[-53.320842441108155,72.8572432118579],[-53.317649643901674,72.85738139303524],[-53.314461467288936,72.85751964127144],[-53.311174955940714,72.85746611741888],[-53.30789327390544,72.85741707299728],[-53.304517602049536,72.85717628030734],[-53.30095484299944,72.85656097435059],[-53.29729828708093,72.85575827242825],[-53.29491705300728,72.85489771016559],[-53.2944534650655,72.8539568377973],[-53.29590263025913,72.85293565863807],[-53.29798942990362,72.85188339035226],[-53.29470766894256,72.85183432436406],[-53.29170216918247,72.85234708727451],[-53.28879022026174,72.8530471921168],[-53.2878897453682,72.85385871738359],[-53.28707808720226,72.85485308974938],[-53.28754176920737,72.85579395849302],[-53.28928078268498,72.85668138324304],[-53.291662052482536,72.85753753725292],[-53.29513113266679,72.85796557505249],[-53.2986003906824,72.85839366011638],[-53.30188239574863,72.8584426978525],[-53.30526225725073,72.85868352528597],[-53.308544107558376,72.85873250417887],[-53.31173695370059,72.85859432957965],[-53.31501878546029,72.85864778538512],[-53.31830514866943,72.85869688981286],[-53.32121251759982,72.85799679445202]]],"type":"Polygon"},"id":"00000000000000000051","properties":{"area":283976.25525069004,"elevation":1131.6592246649207,"region":"NW","year":2018},"type":"Feature"},{"geometry":{"coordinates":[[[-64.91338587263559,77.53434972846293],[-64.91112977124736,77.5341222733665],[-64.90970266232186,77.53382802071002],[-64.909105175736,77.53347121826289],[-64.90767381087537,77.53318145050291],[-64.90542214639846,77.5329495228567],[-64.90316567882898,77.53272211683006],[-64.90090927064784,77.53249468994426],[-64.8989562424359,77.53244569802536],[-64.89789937664904,77.53293174379552],[-64.89594195942055,77.53288267984357],[-64.89458630203839,77.53319033052678],[-64.89352954497183,77.5336763858519],[-64.89247251011302,77.53416686870601],[-64.89389973794371,77.5344567079869],[-64.8958570547601,77.53450575692908],[-64.89781470365277,77.53455482269263],[-64.89976766181378,77.53460833723898],[-64.90172531568845,77.53465737152679],[-64.9039772689112,77.53488478795396],[-64.90623360149259,77.53511223093072],[-64.90848966353995,77.53533962049367],[-64.91014402784838,77.53521025575954],[-64.91180300278273,77.53508095915723],[-64.91315854033988,77.53477332472208],[-64.91338587263559,77.53434972846293]]],"type":"Polygon"},"id":"0000000000000000024e","properties":{"area":89485.81712192984,"elevation":682.778833433554,"region":"NW","year":2018},"type":"Feature"},{"geometry":{"coordinates":[[[-55.90599276903303,74.60651734071028],[-55.90488236060865,74.60599561812603],[-55.90263943840773,74.60591534349108],[-55.90012459652356,74.60546497660079],[-55.897877390596996,74.60538472165904],[-55.89563435764996,74.60530443634948],[-55.893663579004986,74.60559873557504],[-55.89155428939128,74.60571022647188],[-55.88985075566474,74.60637463643654],[-55.8877415925568,74.60648612904829],[-55.88563245796512,74.60659315209332],[-55.883523288882124,74.60670015164179],[-55.881414344110446,74.60680717256612],[-55.881115538217784,74.60740468325841],[-55.88152149952693,74.6079620590842],[-55.88263171319,74.6084882144058],[-55.88303730218762,74.60904561167077],[-55.88457572807736,74.60916158641358],[-55.88709084215167,74.60961641248703],[-55.88919987289383,74.60950940284158],[-55.891447337320244,74.60958515512492],[-55.893150717753606,74.60891631967024],[-55.8948539043994,74.60825191278403],[-55.89655746798747,74.60758301616637],[-55.898666489554984,74.60747606011921],[-55.900637370716254,74.60718171188081],[-55.902612859817935,74.60688742810586],[-55.90485570591128,74.60696321265497],[-55.90599276903303,74.60651734071028]]],"type":"Polygon"},"id":"00000000000000000155","properties":{"area":182456.11685699853,"elevation":226.3666730732269,"region":"NW","year":2018},"type":"Feature"},{"geometry":{"coordinates":[[[-55.450286159274064,74.88169292128029],[-55.44506007101315,74.8805915134868],[-55.438081529300185,74.88015001825735],[-55.43109859425147,74.87971308120406],[-55.424249316715155,74.8794633494909],[-55.416873972804346,74.87846009393755],[-55.40976604992397,74.87783578989036],[-55.402127737018944,74.876462386956],[-55.394493908193944,74.87508448709076],[-55.38829554177965,74.87364420570441],[-55.38424668997348,74.87209694413242],[-55.38664589021662,74.87024192043704],[-55.386895498798005,74.86848955656384],[-55.38018897772526,74.86842266386412],[-55.3738703900274,74.86891756771185],[-55.375373082495244,74.87000563567753],[-55.37727288835935,74.87165546432328],[-55.38060363885168,74.8732384202102],[-55.386084034794074,74.87471444462909],[-55.39300008355767,74.8761234538116],[-55.400375249723375,74.87712678897216],[-55.40774608071592,74.87812563419027],[-55.41498788625929,74.87893714531904],[-55.421966352731374,74.87937864913954],[-55.429346140223736,74.88037748936608],[-55.436458301050635,74.88100176829299],[-55.443570843523744,74.88163046143886],[-55.450286159274064,74.88169292128029]]],"type":"Polygon"},"id":"0000000000000000015b","properties":{"area":346799.1567379213,"elevation":1024.3871622366828,"region":"NW","year":2018},"type":"Feature"},{"geometry":{"coordinates":[[[-57.22856232040079,75.17371497433608],[-57.22824551580167,75.17334040279415],[-57.2264798245813,75.17305052431772],[-57.225440646122074,75.17272060253129],[-57.22512419940112,75.1723460682088],[-57.22626120380483,75.17189565243733],[-57.225222290134106,75.17156565634957],[-57.22345661183523,75.17127142724016],[-57.22169074462163,75.17098153506967],[-57.21992501362233,75.17069174253231],[-57.218315170619086,75.17058465542326],[-57.21670981912567,75.17048214968797],[-57.21510027509933,75.17037507977768],[-57.213650817925576,75.17045538793164],[-57.21396304381976,75.17082543303819],[-57.21282612720697,75.17128033247026],[-57.213142452468645,75.17165041819409],[-57.21345496266257,75.17202050552524],[-57.21376686549691,75.17239508879233],[-57.21335662253851,75.17280534513988],[-57.21367326127262,75.17317547116984],[-57.21398538074722,75.17354998041957],[-57.2150244155034,75.17387995986628],[-57.21461417213719,75.17429021642509],[-57.21492614696344,75.17466479505038],[-57.2159695568452,75.17499473702237],[-57.21700871713924,75.17532470511595],[-57.21877428014997,75.17561901811844],[-57.22038422663347,75.17572154887353],[-57.2219938376598,75.17582860657124],[-57.22344303846759,75.1757483434068],[-57.22473634384975,75.17548077353635],[-57.22587337248639,75.17503043909856],[-57.22701049920723,75.17457562924102],[-57.22814759164673,75.1741252072186],[-57.22856232040079,75.17371497433608]]],"type":"Polygon"},"id":"000000000000000001a9","properties":{"area":182838.83129531032,"elevation":496.7371997656708,"region":"NW","year":2018},"type":"Feature"},{"geometry":{"coordinates":[[[-56.91379423208377,75.09127954825671],[-56.91044556437512,75.09087824205729],[-56.907404469260726,75.09084707349051],[-56.90420714960165,75.090632962389],[-56.9010145067747,75.09041893370338],[-56.89781725402458,75.09020051085302],[-56.89492783262373,75.09036105658174],[-56.89173489698081,75.09014251090507],[-56.88854230731794,75.08992846921646],[-56.88580453325052,75.09027181341494],[-56.88275912849226,75.0902405938667],[-56.88032421274041,75.09095408467574],[-56.881354166675905,75.09128848549065],[-56.88268320540826,75.09199305721283],[-56.88401635612848,75.09269755065411],[-56.88576429480636,75.09299184251434],[-56.88880544779975,75.09302307189616],[-56.89200270416486,75.09323715771636],[-56.89474059699353,75.09289380567938],[-56.897781501034814,75.09292496882547],[-56.90082726246608,75.09295175083054],[-56.90386822746936,75.0929829358318],[-56.906909508739915,75.09300972125291],[-56.909955074266925,75.09304094638411],[-56.91269289633096,75.09269761701556],[-56.913678537159434,75.09205990967148],[-56.91379423208377,75.09127954825671]]],"type":"Polygon"},"id":"000000000000000001b2","properties":{"area":252449.75983666515,"elevation":550.3234431133437,"region":"NW","year":2018},"type":"Feature"},{"geometry":{"coordinates":[[[-55.274503904220715,74.58722283657755],[-55.27316156460385,74.58632202449084],[-55.26971046958529,74.5855193932019],[-55.26580854445999,74.5851314606957],[-55.26191140240091,74.58473905936603],[-55.258522301474365,74.58509582653991],[-55.25551256698883,74.5860099327499],[-55.25237783942657,74.5867412200348],[-55.249497322807414,74.58784704665206],[-55.24635815389217,74.5885783788466],[-55.24322329099502,74.58930515097846],[-55.24232268070218,74.59012120106493],[-55.24296001009723,74.59105762468936],[-55.24429787419269,74.59195833674599],[-55.24845371305207,74.5927253519414],[-55.25235549681227,74.59311773837561],[-55.25600322250571,74.59313555718921],[-55.259521298230624,74.59296614187383],[-55.26342298202361,74.59335856018329],[-55.26611167392903,74.5930374721108],[-55.26476978590094,74.59213670912371],[-55.266945710405686,74.59106212044759],[-55.26982635699973,74.58996066572914],[-55.272836273714745,74.58904213197864],[-55.27302775641319,74.58825729990328],[-55.274503904220715,74.58722283657755]]],"type":"Polygon"},"id":"00000000000000000137","properties":{"area":582710.9397927775,"elevation":945.9915400637094,"region":"NW","year":2018},"type":"Feature"},{"geometry":{"coordinates":[[[-56.158872969655285,75.09156048203346],[-56.158752414511994,75.08943796713787],[-56.15021329275403,75.0890946387427],[-56.14238773449016,75.08968767096147],[-56.1349900215544,75.09083811352225],[-56.127873387481024,75.09235866791381],[-56.12118449962719,75.0944410804924],[-56.12132724778545,75.0946283741359],[-56.11927164790347,75.09686233397055],[-56.117215873831015,75.09909641065737],[-56.11950803634284,75.10111192296854],[-56.12170631897986,75.09906520047011],[-56.12376201008844,75.09682672324888],[-56.12581746032752,75.09459268603717],[-56.132648970884475,75.09269756206263],[-56.13990376883163,75.09136431451596],[-56.147734149798765,75.09077122097052],[-56.155100507963446,75.09252812605415],[-56.15159999012425,75.0948379653993],[-56.147524415165236,75.09639860872032],[-56.140550506710206,75.0981108936341],[-56.136194046669594,75.09929703824157],[-56.13196224537833,75.10164253532977],[-56.13615829732381,75.10220434104643],[-56.14341771800246,75.10087109743723],[-56.148371681613305,75.0984899221404],[-56.15332148123444,75.09610431398511],[-56.158270969669374,75.09372316875076],[-56.158872969655285,75.09156048203346]]],"type":"Polygon"},"id":"00000000000000000182","properties":{"area":513270.4541181751,"elevation":967.74654394592,"region":"NW","year":2018},"type":"Feature"},{"geometry":{"coordinates":[[[-53.89473322405531,72.75635159327459],[-53.89463513466653,72.75615983232203],[-53.89390373398669,72.75600380442833],[-53.89380551946132,72.75581648090065],[-53.89370753735406,72.75562920486306],[-53.892971871043486,72.75546867160013],[-53.89224050676294,72.75531263661856],[-53.89214244665423,72.75512087409112],[-53.89267755012131,72.75490686342121],[-53.89257497843568,72.75471959248743],[-53.892476783329755,72.75453226792548],[-53.892378725403056,72.75434050530541],[-53.891647406825406,72.75418446777788],[-53.89091600387619,72.75402394158593],[-53.890180280437214,72.7538678342976],[-53.88944912948267,72.75370734945588],[-53.888815956806994,72.75373850923414],[-53.88818273879005,72.75376529808841],[-53.887549382053216,72.75379652252282],[-53.886916431857756,72.75382772278591],[-53.886283206305116,72.75385450452809],[-53.88574814927928,72.75407298072689],[-53.88521308024856,72.75429145509287],[-53.88531558198123,72.75447873015108],[-53.886046870571526,72.75463479459955],[-53.88677826365662,72.754795341477],[-53.886876177531065,72.7549826213256],[-53.88697869854112,72.75516989529379],[-53.88707684680324,72.75535722253846],[-53.886541760342325,72.75557570051498],[-53.88600666187465,72.75579417665861],[-53.88610480473308,72.7559815042402],[-53.886840529152,72.75613751192566],[-53.8875719833496,72.75629805538611],[-53.88820500952892,72.75626685328594],[-53.88883830630859,72.75624006494876],[-53.88956950420853,72.75639618378003],[-53.890300755791436,72.75655666803426],[-53.890934013189174,72.75652550340781],[-53.891567311328174,72.75649870494603],[-53.892200333002705,72.75646748798277],[-53.892833582449455,72.75643631624162],[-53.893466694239095,72.75640958007291],[-53.894099886769105,72.75637828659258],[-53.89473322405531,72.75635159327459]]],"type":"Polygon"},"id":"0000000000000000004e","properties":{"area":61074.95599585185,"elevation":592.2848908296941,"region":"NW","year":2018},"type":"Feature"},{"geometry":{"coordinates":[[[-53.06219678208332,72.65794811881791],[-53.06066728420608,72.6574353606065],[-53.05977105333373,72.65689578140405],[-53.057786585361484,72.65678877748205],[-53.05580672102972,72.65668176697973],[-53.05400083521351,72.65694930718459],[-53.052199485611176,72.65721684443055],[-53.05030436048299,72.65729707287014],[-53.048502739060915,72.65756463859404],[-53.04868111045089,72.65794371874301],[-53.04831562168997,72.65853228397769],[-53.04858289682904,72.65909858796896],[-53.048850510146856,72.65966045479561],[-53.047856170183856,72.66028028473298],[-53.04812386808124,72.66084656826267],[-53.047762497551844,72.66143516600899],[-53.04865881650444,72.66197473611274],[-53.04955964014992,72.66250978433852],[-53.05091071605689,72.66264804965958],[-53.05289488426885,72.66275505891065],[-53.05496399564642,72.66305376241296],[-53.05685921776881,72.6629735051683],[-53.05875423777138,72.66289329508177],[-53.05992697532264,72.66265246928981],[-53.05965933273107,72.66208618414265],[-53.05939188727679,72.66151982966507],[-53.058491044784866,72.66098476333386],[-53.05759034227806,72.66044520696313],[-53.05732279788197,72.65987891680726],[-53.05895044302281,72.65923680791036],[-53.06057371177613,72.65859022921744],[-53.06219678208332,72.65794811881791]]],"type":"Polygon"},"id":"0000000000000000001f","properties":{"area":237612.7850056876,"elevation":1286.6251945657593,"region":"NW","year":2018},"type":"Feature"},{"geometry":{"coordinates":[[[-54.64661350523269,73.73826347122115],[-54.64641270699253,73.7379334436032],[-54.64540482602425,73.7374028588897],[-54.64570393359511,73.73676519389306],[-54.644575608401546,73.73604732585954],[-54.64493668208064,73.73549883352638],[-54.644009252426486,73.73510637472737],[-54.641810976980544,73.73487897304119],[-54.63999154134361,73.73529816947286],[-54.638074064893054,73.73524912504502],[-54.63646018141016,73.73513315946842],[-54.63378912113935,73.73525803487156],[-54.63148363729534,73.73570390342118],[-54.63000320312923,73.73582429435898],[-54.630288578499574,73.73634158759722],[-54.630016493907256,73.73697921892612],[-54.630301889878886,73.73749651078333],[-54.62991404508734,73.737946899488],[-54.63170650975669,73.73863356244581],[-54.63483232299267,73.73925786129156],[-54.63691043989262,73.73930688070989],[-54.63842643911877,73.73928011707032],[-54.64103965470051,73.73930244386297],[-54.64249311700783,73.73942727378616],[-54.645057340704334,73.73911067978591],[-54.64661350523269,73.73826347122115]]],"type":"Polygon"},"id":"000000000000000000b3","properties":{"area":203852.4760560755,"elevation":1054.9495567051604,"region":"NW","year":2018},"type":"Feature"},{"geometry":{"coordinates":[[[-57.24112791972321,75.30063436894967],[-57.2409717880997,75.30045154630506],[-57.240080170285076,75.30030440322628],[-57.239919614943304,75.30011710305692],[-57.24049481034294,75.29989416687805],[-57.240334254951314,75.29970686673128],[-57.239446812281145,75.29955976084601],[-57.238555098477136,75.29941707644356],[-57.237823802449185,75.29945718189148],[-57.237248582558806,75.29968011065974],[-57.2366777843256,75.29990751411519],[-57.235942139645054,75.29994764439246],[-57.2352106210349,75.29998781219189],[-57.234640055022254,75.30021525233603],[-57.23390870884466,75.3002553430877],[-57.233173037938336,75.3002954630072],[-57.23260215950428,75.30052285380225],[-57.23202691199013,75.30074588112646],[-57.231456002001025,75.30097326804825],[-57.23088075586467,75.3012006848505],[-57.23104141466722,75.3013879186939],[-57.23119745158545,75.3015707477276],[-57.23062677491029,75.30179817430835],[-57.230051489524975,75.30202558772613],[-57.23021211564933,75.30220842826357],[-57.23036799586194,75.30239572283722],[-57.2305286620219,75.3025829562418],[-57.23142049435816,75.30272567520305],[-57.232307863418725,75.30287288755544],[-57.232468555632394,75.30306011922552],[-57.232628945930045,75.3032429142953],[-57.23336015399089,75.30320278654828],[-57.23409162976394,75.3031626991262],[-57.23498336127867,75.30330986781763],[-57.235714562812475,75.30326973148111],[-57.23628980512428,75.30304230271854],[-57.23686043843828,75.30281486092073],[-57.23743576659734,75.3025919367844],[-57.238006640726695,75.30236453413036],[-57.23858181952021,75.30213709756644],[-57.238421106143576,75.30195426308117],[-57.23826514365911,75.3017669738706],[-57.238835978758495,75.30153956785125],[-57.23941111830251,75.30131212790278],[-57.23998204000994,75.30108922656504],[-57.24055714787296,75.30086178271861],[-57.24112791972321,75.30063436894967]]],"type":"Polygon"},"id":"000000000000000001bb","properties":{"area":77100.71199199131,"elevation":713.9311774461028,"region":"NW","year":2018},"type":"Feature"},{"geometry":{"coordinates":[[[-57.603429944509806,75.68104029311304],[-57.603095487647316,75.68067018344728],[-57.6012583298315,75.68038035088071],[-57.60092393572593,75.68001023704618],[-57.60133863129295,75.67959558295414],[-57.60175317132649,75.67918527163546],[-57.59992042541029,75.67889545982997],[-57.59808788071245,75.678610018787],[-57.597000010866935,75.67828007644906],[-57.59591640656253,75.67795016160134],[-57.594248462589185,75.67784756836859],[-57.5925855073916,75.67774500787625],[-57.59075257986457,75.67745514470602],[-57.58908478771232,75.67735262487685],[-57.58758667871778,75.67743734112025],[-57.586423032340306,75.67789215584251],[-57.584920208978836,75.6779723889585],[-57.58375625344859,75.67842725918646],[-57.58259242329572,75.67888204916778],[-57.581094260612545,75.67896237206136],[-57.58142866754809,75.67933248681912],[-57.581763229138375,75.67970698750136],[-57.58134843666827,75.68011729680715],[-57.583181172504204,75.68040708375082],[-57.5850138267095,75.68069246751354],[-57.58651661836272,75.68061219377265],[-57.58834914888581,75.68089762051099],[-57.59018187761542,75.68118741796334],[-57.59168453029934,75.68110271989806],[-57.59351713627072,75.68139256033363],[-57.595015554862115,75.68130780459812],[-57.59668338518336,75.68141042229067],[-57.598181730025544,75.68133010275928],[-57.599849291253356,75.68143265246201],[-57.601347467875215,75.68134792288458],[-57.60285008071155,75.68126771738729],[-57.603429944509806,75.68104029311304]]],"type":"Polygon"},"id":"000000000000000001d1","properties":{"area":180605.23771521347,"elevation":660.655068287677,"region":"NW","year":2018},"type":"Feature"},{"geometry":{"coordinates":[[[-53.461049825768036,72.73848844465758],[-53.46092963633335,72.7369589537496],[-53.459542805675284,72.73547849366165],[-53.459422356218994,72.73394901606294],[-53.45740231264308,72.73249982002429],[-53.45538675498479,72.73105062505829],[-53.45083401283424,72.72971287671581],[-53.446566572425,72.72894148481626],[-53.441501325093235,72.72916441412238],[-53.43700209676188,72.73051553081092],[-53.437376557361944,72.73126918391921],[-53.437492328665655,72.73280306928515],[-53.43761296654363,72.73433252039975],[-53.43963279554544,72.7357817128825],[-53.43974883941184,72.73731570422223],[-53.43923590783132,72.73887635605466],[-53.43808555742607,72.74046384166253],[-53.437568236715244,72.74202445244072],[-53.438954993523566,72.74350047437551],[-53.44034172965831,72.74497643458822],[-53.44407395698017,72.74596633135488],[-53.44970595206684,72.74687157704],[-53.45468237880569,72.74645682737825],[-53.45646590569734,72.74484261633307],[-53.45634558331555,72.74330867485925],[-53.45685830578611,72.74174798160799],[-53.458004151570485,72.74016057793266],[-53.461049825768036,72.73848844465758]]],"type":"Polygon"},"id":"00000000000000000041","properties":{"area":1061901.789650134,"elevation":1019.4397464979074,"region":"NW","year":2018},"type":"Feature"},{"geometry":{"coordinates":[[[-59.05588393782133,76.02854244919004],[-59.054733400527404,76.02821695300628],[-59.05435437354834,76.02784685600024],[-59.052441435652696,76.02757040394926],[-59.05206255726483,76.0272047156228],[-59.05014953918075,76.02692831644659],[-59.049770649496004,76.02655820993483],[-59.04785745161933,76.02628174950141],[-59.045949091919354,76.02600524328591],[-59.044419740278045,76.0260944642285],[-59.04289474617628,76.0261880919196],[-59.04098627309699,76.02591161515198],[-59.0392647406129,76.02581799163691],[-59.03774001181606,76.02591162288259],[-59.03621047954268,76.02600527138331],[-59.036593830509155,76.02637537242673],[-59.036973009536986,76.02674098063301],[-59.03735639751703,76.02711107925232],[-59.036210410120596,76.02757486396594],[-59.03659391641273,76.02794047554565],[-59.037739996031505,76.02826598971212],[-59.038119062678994,76.0286316666634],[-59.03926474418039,76.02895720510543],[-59.04041105895028,76.02927821719169],[-59.04232376421586,76.02955473499918],[-59.04423241224961,76.02983115758646],[-59.04595343805867,76.02992480825857],[-59.0472869520658,76.02964833060258],[-59.04919979071572,76.02992478701806],[-59.05053735318477,76.02964836648931],[-59.05167900868322,76.0291845432436],[-59.053016747596374,76.02890814590627],[-59.05473797621821,76.0290017658719],[-59.05588393782133,76.02854244919004]]],"type":"Polygon"},"id":"000000000000000001e2","properties":{"area":156876.08239500868,"elevation":705.1137698647606,"region":"NW","year":2018},"type":"Feature"},{"geometry":{"coordinates":[[[-56.323177276472435,74.85722138246653],[-56.3203190254478,74.85640091038584],[-56.31889201942662,74.85550461683377],[-56.31960589457653,74.85449683762877],[-56.31675182879561,74.85367639488116],[-56.316038313760814,74.85274442937833],[-56.314611382463134,74.85184812336594],[-56.31175778076435,74.85102767535622],[-56.30890371965561,74.85020716762925],[-56.30633544347522,74.84976128387201],[-56.30291079956967,74.8501358632303],[-56.29877282809231,74.84957400372433],[-56.29520559435725,74.84976130447431],[-56.29163825746743,74.8499485390713],[-56.291780924348906,74.85013140292187],[-56.294634759302504,74.85095182731376],[-56.298915502646736,74.85170103045822],[-56.299624500355144,74.8526329699632],[-56.29962448544027,74.85360498792018],[-56.30319173371382,74.85438535675934],[-56.30461852100799,74.85528166479244],[-56.30675903608707,74.85613777040051],[-56.31004535178304,74.85655248596744],[-56.314183487645494,74.85710988579254],[-56.31832140245959,74.85766722523731],[-56.322035823365155,74.85766728319037],[-56.323177276472435,74.85722138246653]]],"type":"Polygon"},"id":"00000000000000000174","properties":{"area":364470.4513487349,"elevation":418.1539454637927,"region":"NW","year":2018},"type":"Feature"},{"geometry":{"coordinates":[[[-55.22377258133511,74.35077005077841],[-55.22365680077413,74.35008338168552],[-55.22107921980581,74.34944569842635],[-55.22031227739348,74.3488035943265],[-55.220196621819824,74.34812579147977],[-55.217244496225355,74.34741674855935],[-55.21503271793698,74.34682817830036],[-55.21246442753214,74.34619505202858],[-55.211149016169074,74.34578478173023],[-55.20730955287348,74.34539235146208],[-55.20396994573249,74.34574910614498],[-55.202016681921215,74.34603446872582],[-55.19892646949037,74.34676574032511],[-55.19860995536209,74.34735887273612],[-55.19990300355127,74.34822832587513],[-55.19960880400598,74.34885713122112],[-55.20045162985504,74.34966416865329],[-55.201298837652956,74.35031969980831],[-55.202364357548674,74.35084584494112],[-55.20412579951398,74.35134082034494],[-55.206114496563345,74.35171092997413],[-55.209708754483046,74.35172878045043],[-55.213061974165505,74.35187141685438],[-55.217150812535465,74.35263843955258],[-55.21915745497848,74.35254031762864],[-55.22111504365071,74.3522504880179],[-55.2225731796702,74.35168417477847],[-55.22377258133511,74.35077005077841]]],"type":"Polygon"},"id":"0000000000000000014f","properties":{"area":397320.5656330417,"elevation":861.3358275286603,"region":"NW","year":2018},"type":"Feature"},{"geometry":{"coordinates":[[[-54.475959003826894,73.68998924703607],[-54.472730705139604,73.68917324274715],[-54.47323002738297,73.68850880739288],[-54.472507807714926,73.68763931578046],[-54.472342867861066,73.68701056387454],[-54.47372944884689,73.68623022486341],[-54.47278863171896,73.68544537723551],[-54.47206173596932,73.6845758984088],[-54.47189684620308,73.6839471417049],[-54.47222685244356,73.68335408617418],[-54.471228151752854,73.68282344171581],[-54.46911886208508,73.68239980489697],[-54.46611796541032,73.68229286210233],[-54.46700534837995,73.6826361553484],[-54.46927954349934,73.68335855834518],[-54.469894701589396,73.68404081253153],[-54.46711668616682,73.68513328588993],[-54.46700523922533,73.68610091859705],[-54.46678682670331,73.68688567486319],[-54.466563806145764,73.68766606538438],[-54.46538651357456,73.68836165493647],[-54.46478457001083,73.68928917589339],[-54.46427173010012,73.68995357528763],[-54.46538661065594,73.69067592137436],[-54.46839200761583,73.69111289685218],[-54.47134399318784,73.69109951782507],[-54.473622664017164,73.69067595766265],[-54.475959003826894,73.68998924703607]]],"type":"Polygon"},"id":"000000000000000000b2","properties":{"area":186250.1829568958,"elevation":1063.9273094495761,"region":"NW","year":2018},"type":"Feature"},{"geometry":{"coordinates":[[[-65.21387125529367,76.41394707894555],[-65.21330928250028,76.41359034391887],[-65.21323367801345,76.41298836085475],[-65.21239526559178,76.41245324615853],[-65.2115524567611,76.41191813390243],[-65.21147678204893,76.41131622380203],[-65.21139636893156,76.41071867371214],[-65.21055830166594,76.41017908072591],[-65.20971998998574,76.40964402810229],[-65.20888143340181,76.40910893899944],[-65.20804340104706,76.40857379920473],[-65.20796314288462,76.4079718523438],[-65.20712474621583,76.40743675283747],[-65.20476581882845,76.40703545220082],[-65.20221073928457,76.40705329771704],[-65.19993234081538,76.40724946313776],[-65.20021304790544,76.40742785192927],[-65.20105137682151,76.40796289699048],[-65.20036910074712,76.40863181870965],[-65.20120750850634,76.4091668601502],[-65.20204581751068,76.40970197587977],[-65.20288418672666,76.41023708731693],[-65.20296426952063,76.41083902677309],[-65.20304466762336,76.41144099640812],[-65.20236249966435,76.4121054445922],[-65.20395885062355,76.41257365268225],[-65.20555960433506,76.41304630824342],[-65.20715614198959,76.41351449247713],[-65.20875661945257,76.41398717050134],[-65.21131172277929,76.41396485447432],[-65.21387125529367,76.41394707894555]]],"type":"Polygon"},"id":"0000000000000000021c","properties":{"area":154862.80651900824,"elevation":500.80038618221187,"region":"NW","year":2018},"type":"Feature"},{"geometry":{"coordinates":[[[-55.30167326096291,74.00002162993499],[-55.30154825980333,73.99983434905553],[-55.30075004851848,73.9996826840513],[-55.29994744947667,73.99953114871961],[-55.299269556262,73.99956234829672],[-55.29859187533808,73.99959797322474],[-55.297789294298504,73.9994464285582],[-55.29711139762562,73.99947762016745],[-55.29655419663207,73.99970053804267],[-55.296001231202,73.99991900941312],[-55.29544381817808,74.00014199409489],[-55.29489085570613,74.00036496016558],[-55.294333385172436,74.00058344255623],[-55.293780395352364,74.0008064048417],[-55.29322314659274,74.00102492911483],[-55.29267012942497,74.00124788761555],[-55.292790589002266,74.00143518994332],[-55.29359322491514,74.00158675594145],[-55.293718160888,74.00177404090002],[-55.293838634762814,74.00196134236229],[-55.29464130086263,74.0021129037631],[-55.2947660666468,74.00230025844738],[-55.2948907707071,74.00248749666521],[-55.295689032395934,74.0026435686144],[-55.29649155628614,74.00279519254865],[-55.29716954542838,74.00275950585048],[-55.29784731285142,74.002728269399],[-55.29852957541527,74.00269263149313],[-55.2992071205215,74.00265696214795],[-55.30000988420538,74.00281299871993],[-55.300687677871416,74.00277736961112],[-55.30056284982414,74.00259001878796],[-55.300438088885386,74.0024027841013],[-55.30031754638149,74.0022154867466],[-55.30019279074722,74.0020282517346],[-55.30074997850458,74.00180970656336],[-55.30062540628608,74.00162240100559],[-55.30050040316519,74.00143512022727],[-55.30038011625902,74.00124786813561],[-55.300255118447616,74.00106058703166],[-55.30080803032282,74.00083760493929],[-55.30068774481953,74.00065035274957],[-55.3005627485658,74.00046307155645],[-55.30112013501481,74.0002445696761],[-55.30167326096291,74.00002162993499]]],"type":"Polygon"},"id":"000000000000000000ec","properties":{"area":66909.26799226878,"elevation":762.8700238536976,"region":"NW","year":2018},"type":"Feature"},{"geometry":{"coordinates":[[[-57.078687324423875,75.2124957536041],[-57.07749215685371,75.21197854472463],[-57.077024266713664,75.21142111297715],[-57.07510222549759,75.21094403177086],[-57.07318021532956,75.21046242192224],[-57.07083941889486,75.21039550678577],[-57.06819047156509,75.20995855205769],[-57.06569364272736,75.20970435150112],[-57.063508446132936,75.20982479415487],[-57.060860006804276,75.20938778610883],[-57.05883082717067,75.20969101366647],[-57.056802092276556,75.20999870089132],[-57.054929276624904,75.2104892065885],[-57.05508528150133,75.21067204634384],[-57.05482216384062,75.21126948944224],[-57.05601736066205,75.21179123987172],[-57.05721237423239,75.21230854469631],[-57.058407377956286,75.21282572652193],[-57.060329156881096,75.21330284827782],[-57.06152440260402,75.21382012579201],[-57.06344616972832,75.21430168358475],[-57.06594313406603,75.21455143095429],[-57.06844041738401,75.2148055851192],[-57.070313331549414,75.21431507650034],[-57.07234216198474,75.2140074459728],[-57.0743708997655,75.21370418855106],[-57.076399837052264,75.2133965582562],[-57.07827260716833,75.21290601284312],[-57.078687324423875,75.2124957536041]]],"type":"Polygon"},"id":"000000000000000001a5","properties":{"area":254212.0618250063,"elevation":598.7899596076165,"region":"NW","year":2018},"type":"Feature"},{"geometry":{"coordinates":[[[-54.66258583903458,74.24825532275165],[-54.65889829905637,74.24804125073699],[-54.65567874323872,74.24857641694942],[-54.652579653938545,74.24929870248206],[-54.64959635540939,74.25020841502369],[-54.64661343827587,74.2511180987903],[-54.64374609536647,74.25221498158982],[-54.643982655900366,74.25258952918175],[-54.64180654480822,74.25365528641262],[-54.64100829412698,74.25465411666428],[-54.64021455661305,74.25565736390836],[-54.64011191464668,74.25662501623205],[-54.63931376767199,74.25762829999599],[-54.63990239317643,74.25856478342303],[-54.64312192399329,74.25803411038991],[-54.64646173018671,74.25768631820195],[-54.64956079969943,74.25696395271568],[-54.65290075094968,74.25661613519276],[-54.6562362727651,74.25626830397202],[-54.65818920539085,74.255987376485],[-54.65967400348754,74.25495288032013],[-54.6563253064162,74.25414127592119],[-54.65781007413918,74.25310678879207],[-54.65791271152274,74.25213918081673],[-54.658706444016374,74.25113584100572],[-54.6601914109138,74.25010584093901],[-54.66236294128396,74.24904012907507],[-54.66258583903458,74.24825532275165]]],"type":"Polygon"},"id":"000000000000000000ed","properties":{"area":419623.0250905436,"elevation":1190.9229245820256,"region":"NW","year":2018},"type":"Feature"},{"geometry":{"coordinates":[[[-54.95968687508805,73.5647152222372],[-54.9573502948192,73.56425154167408],[-54.95501836544426,73.5637877513238],[-54.95303407542872,73.56388584602726],[-54.95092921981826,73.56379666103842],[-54.94906086415604,73.56408204812892],[-54.94684470548027,73.563805630904],[-54.944512613042065,73.56334634850687],[-54.94217589825457,73.56288256598192],[-54.940075827937996,73.56279340784043],[-54.93797552627347,73.56270417893174],[-54.935875296219805,73.56261504196065],[-54.934118473316715,73.56308767348123],[-54.93423447921384,73.56327495009646],[-54.93657102519334,73.56373871863701],[-54.93757846699308,73.56426935018033],[-54.9379266165304,73.56483117211081],[-54.93827436344261,73.56539301693384],[-54.94060646451263,73.56585676555981],[-54.94271105822784,73.56594598060502],[-54.94481136070377,73.56603067695168],[-54.94656359928311,73.56555802276253],[-54.9485524262574,73.56545987622975],[-54.950652675739356,73.5655491231879],[-54.95263691765315,73.56545101037042],[-54.95473716849314,73.5655402094178],[-54.95672598014663,73.56544208810584],[-54.95847831359328,73.56496940642049],[-54.95968687508805,73.5647152222372]]],"type":"Polygon"},"id":"000000000000000000af","properties":{"area":162200.36762304514,"elevation":626.5182584899734,"region":"NW","year":2018},"type":"Feature"},{"geometry":{"coordinates":[[[-56.32366779482291,74.92762162561678],[-56.320377018995934,74.92748789729768],[-56.317866624110906,74.92742542834802],[-56.313929257644205,74.92685470814584],[-56.30949230655593,74.92689038155179],[-56.30505118528024,74.92693052394831],[-56.302482685019235,74.92764388783354],[-56.299571058986935,74.92829494850928],[-56.29627129542285,74.92866065350447],[-56.29555793609845,74.92889248541425],[-56.29498249768949,74.9300830521191],[-56.29213765807368,74.93123797584757],[-56.29416219241355,74.9321476305974],[-56.29225355413136,74.93332933989869],[-56.29426008036622,74.93400259073617],[-56.2969848398279,74.93463580426139],[-56.29999894429882,74.93564360119512],[-56.30415947720779,74.93523333911332],[-56.30846686309394,74.9350103877884],[-56.31262712120451,74.93460017342319],[-56.31707286082277,74.93456445413398],[-56.31980631863372,74.93352549149422],[-56.319511942941915,74.93288339907969],[-56.31923103551223,74.93180873143055],[-56.32009151589798,74.93099273774793],[-56.322522055092044,74.93001171159213],[-56.32236145016811,74.92910212211144],[-56.323222054830964,74.92828163588945],[-56.32366779482291,74.92762162561678]]],"type":"Polygon"},"id":"0000000000000000017b","properties":{"area":632378.5661967659,"elevation":703.63838096528,"region":"NW","year":2018},"type":"Feature"},{"geometry":{"coordinates":[[[-53.87492584903532,73.66871486858716],[-53.874818749508144,73.66852755098276],[-53.87471629133217,73.66834029834334],[-53.87460919625303,73.66815298047197],[-53.87383777547628,73.66799244334536],[-53.87316897254757,73.668023750872],[-53.87250439749309,73.66805047918798],[-53.87183553431688,73.66808166490844],[-53.87116690981012,73.66811289572202],[-53.87039551524849,73.66795234395754],[-53.86961954827745,73.66779184046739],[-53.86884804762165,73.6676357119285],[-53.86807650215215,73.66747521944018],[-53.8673052668806,73.6673191319043],[-53.86663635855449,73.66734593774689],[-53.86607450988276,73.66756442457933],[-53.8654056457325,73.66759558640037],[-53.86473672277104,73.66762238506968],[-53.86483932122751,73.6678096907388],[-53.86561085746513,73.66797019694242],[-53.865717622397206,73.66815747213194],[-53.86582023370169,73.66834477707586],[-53.866591799097876,73.6685052790322],[-53.866698818633814,73.66869260108234],[-53.86680120114143,73.668879857693],[-53.86757279569791,73.6690403554018],[-53.86767982820183,73.66922767670317],[-53.867782223551075,73.66941493258972],[-53.868553660040035,73.66957549525199],[-53.869329582344065,73.66973152561413],[-53.87010104298685,73.66989208165367],[-53.8702037076376,73.67007938362653],[-53.870310530698184,73.67026665547915],[-53.870975077150334,73.67023545847235],[-53.87164388880362,73.67020870639698],[-53.8723127729206,73.670177405181],[-53.87298182075857,73.67015069569219],[-53.87375321238766,73.67030675871764],[-53.87442201938687,73.6702799962829],[-53.87431931251686,73.67009269656454],[-53.87421233914068,73.66990094936308],[-53.874109878337556,73.66971369697843],[-53.87400717801821,73.66952639686578],[-53.87456922546626,73.66930793361023],[-53.87446652320666,73.66912063356678],[-53.87435966718738,73.66893336347906],[-53.87492584903532,73.66871486858716]]],"type":"Polygon"},"id":"0000000000000000008f","properties":{"area":59103.14765446797,"elevation":1277.0047647768397,"region":"NW","year":2018},"type":"Feature"},{"geometry":{"coordinates":[[[-54.27812209445435,73.66253456109968],[-54.27779660162581,73.66197269418629],[-54.27557606973189,73.66168729066729],[-54.27357390017422,73.66178097751147],[-54.271576282179666,73.66187458001806],[-54.2696811271225,73.66215109797236],[-54.26779045221992,73.66243196427813],[-54.265895378523545,73.66271291892224],[-54.26367915477062,73.66242756348933],[-54.2613516439251,73.66195486178846],[-54.25902383012257,73.66148669994318],[-54.25869388949158,73.66092033726737],[-54.25836838009316,73.66035852878791],[-54.25636625951872,73.66045214095783],[-54.25669634788595,73.66101400781929],[-54.256352754417044,73.66160708630574],[-54.256678432397386,73.6621733742562],[-54.25700392831035,73.66273518325953],[-54.25866713253112,73.66323465488219],[-54.260325988170216,73.66373853359151],[-54.26254648130786,73.66402389108359],[-54.264548739588406,73.66393028246839],[-54.26665770579471,73.66402834244634],[-54.26855289564479,73.66374738135953],[-54.270661940004544,73.66384108039311],[-54.272771389273686,73.66393916281748],[-54.27477336519551,73.66384550938263],[-54.276450078881176,73.6631900129252],[-54.27812209445435,73.66253456109968]]],"type":"Polygon"},"id":"0000000000000000009a","properties":{"area":131982.21694254788,"elevation":1090.2739718585324,"region":"NW","year":2018},"type":"Feature"},{"geometry":{"coordinates":[[[-55.11902390268611,74.6672725804045],[-55.117815669524944,74.66655909827097],[-55.114480041969834,74.66594377814866],[-55.112558383557754,74.66526151000146],[-55.110640859948845,74.66457930535726],[-55.10730536652435,74.66396388430543],[-55.10680135204932,74.66321480168868],[-55.10842009559575,74.66236757388008],[-55.110743227523834,74.66148467202945],[-55.11306657138562,74.66060171367909],[-55.11564398991052,74.6600934393759],[-55.11301759479567,74.6594468908684],[-55.1099361661363,74.65920604665918],[-55.106984438093825,74.65915255725949],[-55.10607014346229,74.65996409696719],[-55.10374720845437,74.66084699220305],[-55.102837309763274,74.66166298881866],[-55.102632386872784,74.66244781659609],[-55.10172261959314,74.66325935947778],[-55.101517634834146,74.66404418154019],[-55.1027303419324,74.66475766189916],[-55.10323423782887,74.66550675066686],[-55.10444711448717,74.66622470695279],[-55.107073494196115,74.66687122513521],[-55.11028424164718,74.66729930943423],[-55.11324060700507,74.66735281655382],[-55.11606749956618,74.66721904640923],[-55.11902390268611,74.6672725804045]]],"type":"Polygon"},"id":"00000000000000000132","properties":{"area":213380.8824260375,"elevation":1043.922838361705,"region":"NW","year":2018},"type":"Feature"},{"geometry":{"coordinates":[[[-55.344583175347566,74.34029115864983],[-55.3422599225694,74.33975158096494],[-55.3389825422421,74.33914072285177],[-55.33646769272528,74.33964903101035],[-55.3338278279686,74.33997452997792],[-55.330933796049145,74.33992551426829],[-55.32816482190207,74.34005927693897],[-55.325141390157064,74.33982291749663],[-55.32212263361529,74.33958660901595],[-55.31935347624053,74.33972042836733],[-55.31658449452272,74.33985863009707],[-55.313940186617394,74.34017969262706],[-55.31104619483314,74.34013060252566],[-55.3081522265688,74.34007708992524],[-55.30783570801431,74.34067466910912],[-55.308054201382255,74.34099569520158],[-55.309106618571,74.3411919118837],[-55.311621343295805,74.34133460457045],[-55.314519821082555,74.34138362457037],[-55.317422702601775,74.34143714783332],[-55.32019191421474,74.34129893586217],[-55.32309478713442,74.34134799342456],[-55.32599315729847,74.34140151716919],[-55.32889148126996,74.34145050208986],[-55.331789918135385,74.34150405262615],[-55.33443845181454,74.34117853060509],[-55.33733703465951,74.34122754675714],[-55.33998115497427,74.34090650224397],[-55.342754736310056,74.34076828660582],[-55.344583175347566,74.34029115864983]]],"type":"Polygon"},"id":"00000000000000000118","properties":{"area":173064.20195311966,"elevation":808.6967813494055,"region":"NW","year":2018},"type":"Feature"},{"geometry":{"coordinates":[[[-57.50592700800681,75.33691362564933],[-57.50487057989754,75.33658364973626],[-57.50380921324943,75.33624922729477],[-57.50275240336332,75.33591926969166],[-57.501695359863575,75.33558926372132],[-57.50283720088117,75.33513887918424],[-57.50251153201841,75.3347642896399],[-57.503653107016454,75.3343139708588],[-57.503327438617994,75.33393938138063],[-57.50373315868306,75.33352917639417],[-57.50414354139372,75.33311450919588],[-57.50454941134253,75.33270422852848],[-57.50495948183886,75.33228951536546],[-57.50463402008228,75.3319194333076],[-57.50373771504406,75.33177672715988],[-57.50243553324899,75.33204429591312],[-57.501129169688184,75.33231182083786],[-57.49982717140395,75.33257941422627],[-57.498525043166,75.33284688355245],[-57.49738341297838,75.33330175627098],[-57.496242181024996,75.33375659152806],[-57.49656750392311,75.33412668342721],[-57.49542619410642,75.3345815120214],[-57.49501591471289,75.33499173441174],[-57.495341238470154,75.3353618264392],[-57.49640248326164,75.33569182769176],[-57.49599239285878,75.33610655841937],[-57.49778494404905,75.33639634085092],[-57.49811035764983,75.33676642690874],[-57.499573035875784,75.33668621732522],[-57.501365592924515,75.33697157488746],[-57.503158121144864,75.33726138208579],[-57.50446022339052,75.33699384666072],[-57.50592700800681,75.33691362564933]]],"type":"Polygon"},"id":"0000000000000000026d","properties":{"area":100010.63784100817,"elevation":546.3728413600772,"region":"NW","year":2018},"type":"Feature"},{"geometry":{"coordinates":[[[-55.5382063288029,74.09092037230863],[-55.53782725765196,74.0903585608614],[-55.53676592434025,74.08983232518585],[-55.536386921772866,74.08927050949794],[-55.53600320964916,74.08870866935025],[-55.5349420907867,74.08818253791645],[-55.53251622070955,74.08772766872343],[-55.53145500300252,74.08720147145692],[-55.53039366083976,74.08667533854607],[-55.52796806080942,74.08621602819915],[-55.525546707637716,74.0857611871845],[-55.52312098091736,74.08530633671853],[-55.52069534231927,74.08484707307187],[-55.51839871241788,74.08457956335961],[-55.51622722961604,74.08449478795892],[-55.516481454267094,74.08486938250849],[-55.516178317674836,74.08546687999666],[-55.517239644918966,74.08599306785402],[-55.51761859814518,74.08655044597771],[-55.51991487106752,74.0868224432019],[-55.522215913887564,74.08709005391233],[-55.524641449598896,74.08754932232021],[-55.52706277415328,74.08800412894496],[-55.52812410840766,74.08853027891907],[-55.52986753513339,74.08902082759886],[-55.53161107405601,74.08951574121421],[-55.53267691971226,74.09004191273361],[-55.53509836969569,74.09049675590569],[-55.53616393226709,74.09102293234851],[-55.5382063288029,74.09092037230863]]],"type":"Polygon"},"id":"000000000000000000fc","properties":{"area":148441.0912410087,"elevation":770.8195897560387,"region":"NW","year":2018},"type":"Feature"},{"geometry":{"coordinates":[[[-53.51014462401916,73.64400257467165],[-53.51004218361728,73.64381524566906],[-53.50994392503127,73.64362353441713],[-53.50984148890861,73.6434362051567],[-53.5090743899145,73.64327563549446],[-53.50830735517462,73.64311517946614],[-53.50754054630715,73.64295912870661],[-53.50743792382304,73.64276738938982],[-53.50733991107486,73.64258008496452],[-53.50657286518169,73.64241950457601],[-53.50647467448619,73.64223226840348],[-53.506372092166714,73.64204500560507],[-53.50560531572319,73.6418844691263],[-53.504936294241475,73.64191118729056],[-53.50427192893165,73.64194245495672],[-53.50350034918034,73.64178190372031],[-53.50273360413554,73.64162135503842],[-53.50196668276921,73.64146087190065],[-53.50119953296883,73.64130033739441],[-53.50043282419298,73.64113977889564],[-53.49976383932131,73.64117095525438],[-53.49986616378668,73.64135829064132],[-53.49996452572735,73.64154557852527],[-53.500062649210776,73.64173281818731],[-53.50016516845,73.64192008437814],[-53.499594328885415,73.64213861616149],[-53.49969684608368,73.64232588242982],[-53.49979502369808,73.64251323881629],[-53.49989315127154,73.64270047816771],[-53.499995698427696,73.64289222140863],[-53.49942480490373,73.6431062746292],[-53.49952732641703,73.64329354059215],[-53.50029454606844,73.6434540818909],[-53.50106153726716,73.64361457181874],[-53.50182835212195,73.64377512728824],[-53.502595367501876,73.64393561067016],[-53.5033666007203,73.64409618617272],[-53.50403128420073,73.64406497054573],[-53.50470014308687,73.64403820823964],[-53.50546700143917,73.64419874823403],[-53.506233871883715,73.64435928495638],[-53.50690273553766,73.64433251448084],[-53.50757157114317,73.64430126414466],[-53.50824066994796,73.64427453673207],[-53.508904942954835,73.64424780110237],[-53.50957377004721,73.64421654324525],[-53.51014462401916,73.64400257467165]]],"type":"Polygon"},"id":"00000000000000000080","properties":{"area":67990.83903101417,"elevation":1404.9441048947397,"region":"NW","year":2018},"type":"Feature"},{"geometry":{"coordinates":[[[-56.45854671346085,74.96716049231532],[-56.45408766493099,74.96623299776934],[-56.450524984607476,74.96601004882882],[-56.446904021612326,74.96563990350768],[-56.441726960004665,74.96474812856881],[-56.43770948486612,74.96396776045444],[-56.4361176368734,74.96288419652568],[-56.43509638531194,74.9619924430796],[-56.434663967861326,74.96102034187281],[-56.434084109857714,74.96027566410173],[-56.43163156046769,74.9594640883057],[-56.42947791155262,74.95957554464398],[-56.42517471327334,74.95980299914136],[-56.42531751777704,74.96053870676862],[-56.42590160960768,74.96128787802114],[-56.42719938545472,74.96199242005062],[-56.429214766075965,74.9626657276981],[-56.429799020230796,74.96341044165264],[-56.43156924201452,74.96417738910282],[-56.433687263002405,74.9649755476626],[-56.43686210005814,74.96575584776545],[-56.43888213722561,74.96642917972807],[-56.44289545341821,74.96720512220854],[-56.44752386843847,74.96791406954357],[-56.45076571268515,74.9681504284164],[-56.4541055128846,74.96816828467894],[-56.457155566339054,74.96779817146685],[-56.45854671346085,74.96716049231532]]],"type":"Polygon"},"id":"00000000000000000183","properties":{"area":265908.217832668,"elevation":702.6211743089071,"region":"NW","year":2018},"type":"Feature"},{"geometry":{"coordinates":[[[-55.23160733281966,74.38875712742534],[-55.23040790507111,74.38804364978475],[-55.22976574560017,74.38754871233733],[-55.22753612557576,74.38696905175],[-55.22544944758351,74.38646069282028],[-55.22365231616874,74.38591671016118],[-55.22071797782094,74.38536821784515],[-55.218162990914344,74.3847707002673],[-55.216968128069,74.38450313741222],[-55.214881161281895,74.38415531032435],[-55.21159934821268,74.3835399337637],[-55.20831299189057,74.38292458455734],[-55.205873897685116,74.38291572457449],[-55.202721119092075,74.38249211173145],[-55.19994326904844,74.38262587468607],[-55.200540787574575,74.38311189738886],[-55.20243135077335,74.38378963831204],[-55.20466546374761,74.3843247598171],[-55.20596302900919,74.38477957567002],[-55.20769329759257,74.3852210451158],[-55.209499005047356,74.38576952716733],[-55.21278091872946,74.38638489250023],[-55.21606282905541,74.38699577786369],[-55.21922432813833,74.38742389347826],[-55.22130672063924,74.3877672173622],[-55.224022291212165,74.38815963135707],[-55.22718392608613,74.38858319116936],[-55.22925295649746,74.38892658709877],[-55.23160733281966,74.38875712742534]]],"type":"Polygon"},"id":"0000000000000000011d","properties":{"area":212183.78777619373,"elevation":828.5799015488053,"region":"NW","year":2018},"type":"Feature"},{"geometry":{"coordinates":[[[-53.35359445859598,72.68613414177536],[-53.352408362559814,72.68503719842447],[-53.349955884891365,72.68398932996239],[-53.34876973319497,72.68288789456648],[-53.34505519460124,72.6818979728726],[-53.340712125635015,72.68093483212465],[-53.33664542640588,72.68053797004775],[-53.33285977330737,72.68070290870965],[-53.329069309104696,72.68086793896383],[-53.32546639327065,72.68140748498197],[-53.324124321404334,72.68262037066036],[-53.324048507387666,72.6837752257353],[-53.323339429246374,72.68496133042213],[-53.322630533597284,72.68614299251709],[-53.32318339173223,72.68727118505205],[-53.32184563519837,72.68848409654952],[-53.322398704353034,72.6896122189688],[-53.32232261378712,72.69076712910675],[-53.32287578129682,72.69189524658951],[-53.32406190539215,72.69299668508725],[-53.32822229863229,72.69358525659047],[-53.33192325368144,72.6932285324191],[-53.33534329743985,72.69231442407778],[-53.33895085505756,72.69177040933158],[-53.34237101040455,72.6908518132836],[-53.34434188958184,72.68961669175073],[-53.347574639382124,72.68831909249472],[-53.35080757129215,72.68702593967448],[-53.35359445859598,72.68613414177536]]],"type":"Polygon"},"id":"0000000000000000002c","properties":{"area":1043623.8831113845,"elevation":1117.4198320329363,"region":"NW","year":2018},"type":"Feature"},{"geometry":{"coordinates":[[[-53.72794952612699,72.86020850193223],[-53.72691949012381,72.85948612716736],[-53.72653143313477,72.85873254325982],[-53.72677667735793,72.85795215065286],[-53.72702195560984,72.85717187358027],[-53.72408336605438,72.85653419798595],[-53.72114019963514,72.85590102734855],[-53.7182999382939,72.85545059539447],[-53.71584740499153,72.85575384445984],[-53.7135910295739,72.85643161133689],[-53.71094231470745,72.85636028304701],[-53.70848998902115,72.85666352041056],[-53.70623369571856,72.85734128267883],[-53.70397729673725,72.85802349808243],[-53.70436971839552,72.85877266994716],[-53.705395311745356,72.8594950649967],[-53.70706298810715,72.86019069216213],[-53.7085299433838,72.86051174765714],[-53.71147295375356,72.86114491948125],[-53.7141217201237,72.86122070099039],[-53.71677048710683,72.86129207400789],[-53.71932105656903,72.86117613376832],[-53.72186718512616,72.86106020426318],[-53.72451574166924,72.8611315265799],[-53.72706632184942,72.86102007203654],[-53.72794952612699,72.86020850193223]]],"type":"Polygon"},"id":"00000000000000000068","properties":{"area":372245.16975569574,"elevation":780.3243515850137,"region":"NW","year":2018},"type":"Feature"},{"geometry":{"coordinates":[[[-64.81154874058441,77.5277413386382],[-64.81095121631013,77.52738460234438],[-64.80952897528333,77.52709029332277],[-64.80893153045551,77.52673355107093],[-64.80667943487698,77.52650615747791],[-64.80442780306268,77.52627423123624],[-64.80307229440376,77.52658194416074],[-64.80111465195611,77.52653288365367],[-64.7994601767096,77.52666221693349],[-64.79810482947688,77.5269699328399],[-64.79644594039976,77.52709919529366],[-64.7947916602473,77.52722852803583],[-64.79373011700487,77.52771457686934],[-64.79266900119512,77.52820057401374],[-64.79161245869977,77.5286866464667],[-64.79220526080486,77.52904337493354],[-64.79280301106328,77.52940457252902],[-64.79422529277666,77.52969443016784],[-64.79565221759104,77.52998871773717],[-64.79542056004178,77.53041231180745],[-64.79707470516855,77.53028302512281],[-64.7987333039284,77.53015369837738],[-64.80008893590427,77.52984598760027],[-64.80174776884556,77.52971667192315],[-64.8034020698657,77.52958737302576],[-64.80446337428195,77.52910128635476],[-64.80641637924984,77.52915039510489],[-64.80777636158867,77.52884271901955],[-64.8091322894086,77.52853501787018],[-64.81049214138764,77.52822732437652],[-64.81154874058441,77.5277413386382]]],"type":"Polygon"},"id":"00000000000000000238","properties":{"area":127899.241057064,"elevation":750.3959255730539,"region":"NW","year":2018},"type":"Feature"},{"geometry":{"coordinates":[[[-56.623016264836124,75.28328395663645],[-56.62241421665784,75.28253933285212],[-56.620345424358405,75.28187045724434],[-56.617544982256334,75.28124173220529],[-56.61474454295919,75.28061303931162],[-56.61181503947676,75.28076467008088],[-56.60873390076755,75.28072891754036],[-56.606102766383366,75.28125511779251],[-56.60317323931532,75.28141117217913],[-56.602308069694466,75.28223167330987],[-56.599980698567606,75.28312795326028],[-56.600577948709656,75.28387262716464],[-56.600448751676566,75.28465737609699],[-56.60178213418742,75.28536638007638],[-56.60311981199833,75.28607091935305],[-56.603721908990885,75.28681560242325],[-56.60725357720738,75.28740866887493],[-56.61078960146084,75.28800172630478],[-56.61402233797919,75.28822024608205],[-56.61680476939467,75.287881302773],[-56.617237303875534,75.28747110910652],[-56.618833616794745,75.28661052809998],[-56.621161294109605,75.28570977684208],[-56.621290594531175,75.28492939258655],[-56.62288700193671,75.2840688555143],[-56.623016264836124,75.28328395663645]]],"type":"Polygon"},"id":"0000000000000000019a","properties":{"area":393433.9189077899,"elevation":963.147662547995,"region":"NW","year":2018},"type":"Feature"},{"geometry":{"coordinates":[[[-53.49971936814187,72.94271078390044],[-53.49888535125306,72.94236293632623],[-53.499335774240826,72.94195724623194],[-53.49850179622307,72.94160939656722],[-53.49831010150271,72.94123477492445],[-53.497476221270645,72.94088703719645],[-53.496646971068614,72.94053918336958],[-53.496455130858365,72.9401601444287],[-53.49562132710144,72.93981239750549],[-53.49488554049068,72.93965187961857],[-53.49350774737076,72.93952252612479],[-53.49203158478984,72.9392014641038],[-53.49075183299811,72.93925944034083],[-53.489472294470616,72.93931297137655],[-53.48809436558077,72.93918364366151],[-53.48681016768941,72.93923714957084],[-53.48553038683168,72.93929508678814],[-53.48443777099968,72.93972762510903],[-53.48334975760557,72.94016016128599],[-53.4835415764909,72.94053477778854],[-53.48437097924702,72.94088255566494],[-53.48456278244139,72.94126153736526],[-53.485396702803264,72.94160938445084],[-53.48622599983463,72.94195722211158],[-53.487702051924515,72.94227380130454],[-53.4891735040564,72.94259484637567],[-53.490649238706226,72.94291590497346],[-53.49212101140429,72.9432369731273],[-53.493592414582245,72.94355804958998],[-53.49487666664602,72.94350008013326],[-53.49634812731423,72.94382113322192],[-53.49772600119098,72.94395041671638],[-53.49817644280339,72.9435490977909],[-53.4986268560375,72.94314329357006],[-53.49971936814187,72.94271078390044]]],"type":"Polygon"},"id":"00000000000000000067","properties":{"area":175200.42121433394,"elevation":1003.8898232611173,"region":"NW","year":2018},"type":"Feature"},{"geometry":{"coordinates":[[[-57.265693259032396,75.24518989113213],[-57.26376215928612,75.24471280353137],[-57.26141692039533,75.24464586522454],[-57.25875023211367,75.24421335813183],[-57.256404868091415,75.24414643366309],[-57.25405944195275,75.24408406355315],[-57.25187444136347,75.24420445668379],[-57.24968509355386,75.24432485797601],[-57.24765620305303,75.24463253805821],[-57.24547132669399,75.24475290312884],[-57.24375448878625,75.2454307048186],[-57.24407100805605,75.24580083745886],[-57.24381657282311,75.24639833992514],[-57.24429379036268,75.24695570294827],[-57.24403962172005,75.24755324594055],[-57.24670193142576,75.2479902130683],[-57.24936390439123,75.248427174089],[-57.25202608362965,75.24886421501728],[-57.254692693021155,75.24930118823433],[-57.25703792500631,75.249363612909],[-57.25922745705545,75.24924328184696],[-57.261256440856705,75.24893556433217],[-57.262968626838266,75.2482577670822],[-57.2632228542365,75.24766021104986],[-57.26420370299003,75.24702257643504],[-57.26445814370455,75.24642505850356],[-57.26544345376755,75.24578742426768],[-57.265693259032396,75.24518989113213]]],"type":"Polygon"},"id":"000000000000000001b9","properties":{"area":273597.3836973593,"elevation":563.3394085553888,"region":"NW","year":2018},"type":"Feature"},{"geometry":{"coordinates":[[[-55.257300590472724,74.44453157828251],[-55.25704629283542,74.4441570055201],[-55.255400931952025,74.44384934404684],[-55.25514687317033,74.44347469778224],[-55.25350163311264,74.44317151231964],[-55.25223503729975,74.44342568735847],[-55.250714503101655,74.44330531781257],[-55.24919398489834,74.44318493609828],[-55.24805242754583,74.4436263921664],[-55.24678615395392,74.44388050488244],[-55.24551529542458,74.44413911606613],[-55.24424901008592,74.44439332708792],[-55.24298243096809,74.44464748345604],[-55.243232318910586,74.4450220628264],[-55.24278621361243,74.44542779222353],[-55.243040496145774,74.44580242671394],[-55.24259462372017,74.44620820026444],[-55.242848659768484,74.44658278841372],[-55.2430983205305,74.44695732012602],[-55.24404817145118,74.44729621638335],[-55.24499783058075,74.44763955454978],[-55.245818495617115,74.4477911217955],[-55.247338950027974,74.44791155597473],[-55.248988898229356,74.44821922470847],[-55.25038013206824,74.44814794101092],[-55.2516509622557,74.44789374845132],[-55.253042117879254,74.4478268212332],[-55.25431313664536,74.447572655848],[-55.254883975183056,74.44735415915437],[-55.25323834614548,74.44704648029692],[-55.25367989170212,74.44663629514308],[-55.25482148277223,74.44619480949196],[-55.25457178419963,74.44582022050051],[-55.25571311212109,74.4453787983363],[-55.256854826666476,74.44493734357877],[-55.257300590472724,74.44453157828251]]],"type":"Polygon"},"id":"00000000000000000113","properties":{"area":168319.08116833054,"elevation":815.4912715038405,"region":"NW","year":2018},"type":"Feature"},{"geometry":{"coordinates":[[[-52.88551818211277,72.7541844700852],[-52.88516601764888,72.75343533578001],[-52.88481360040323,72.75268173526912],[-52.883195142552125,72.75197718480835],[-52.88030108661646,72.75133064253444],[-52.87741153761209,72.75067960814714],[-52.87469609971274,72.75040758244114],[-52.872158536166744,72.75051014966289],[-52.869706241482376,72.75080449491561],[-52.86734280075715,72.7512860314811],[-52.86480551561056,72.75138858572477],[-52.864979695186015,72.75176763207473],[-52.8653319544543,72.75252118292117],[-52.86504632798825,72.75329708588511],[-52.86666508215051,72.75400164903533],[-52.86701744875375,72.7547551943432],[-52.869273625364315,72.7554285103258],[-52.87025908516728,72.75615537804197],[-52.871882170216395,72.75685546703362],[-52.87477178329386,72.7575064464064],[-52.87757665832355,72.75796578159904],[-52.87993986494417,72.75748868230767],[-52.88212916700546,72.75662806707909],[-52.884666405249206,72.75652546285984],[-52.88368083863892,72.7557986568195],[-52.88523273901958,72.75496479542353],[-52.88551818211277,72.7541844700852]]],"type":"Polygon"},"id":"0000000000000000001e","properties":{"area":398101.72046920523,"elevation":1368.369355579367,"region":"NW","year":2018},"type":"Feature"},{"geometry":{"coordinates":[[[-53.78182867740642,72.94937264211009],[-53.78015201725361,72.94867707033757],[-53.779755211017736,72.94792346841413],[-53.77936274819512,72.94717436768704],[-53.77768612684715,72.94647872309729],[-53.77600962014723,72.94578306202176],[-53.773244765052034,72.94552448375624],[-53.77068551725098,72.94564040670426],[-53.76812139648614,72.94575636286109],[-53.76565999096065,72.94605961427541],[-53.76348849731547,72.94692907120705],[-53.76132127762022,72.9477985653482],[-53.75915407675235,72.94866371047195],[-53.75698711214029,72.94953317132389],[-53.75718339027691,72.94990778048606],[-53.75693808409904,72.95068811534007],[-53.75979628214465,72.95113851981249],[-53.76216409955341,72.95064794700617],[-53.764728034944206,72.95053201072511],[-53.767189343596506,72.95022438523665],[-53.769954003699674,72.95048747223531],[-53.772714232298306,72.95074608128024],[-53.77537634564661,72.9508174338975],[-53.77794044935894,72.95070146500451],[-53.78049991148405,72.95058557726956],[-53.78158329859555,72.95015301402078],[-53.78182867740642,72.94937264211009]]],"type":"Polygon"},"id":"0000000000000000005a","properties":{"area":343713.8034509705,"elevation":815.2163379051458,"region":"NW","year":2018},"type":"Feature"},{"geometry":{"coordinates":[[[-56.41343847423826,75.00616426978237],[-56.41243083962641,75.00582983339835],[-56.410700720453725,75.00553105084268],[-56.40897054519524,75.00523676530723],[-56.409398475627974,75.0048265318798],[-56.408390991969625,75.00449207413216],[-56.40695052571287,75.00456339779109],[-56.40551019779773,75.00463926714193],[-56.403780183678016,75.00434493604095],[-56.40219725632808,75.00423348057393],[-56.40090386709258,75.00449209111808],[-56.39946369015244,75.00456784453596],[-56.39817038050905,75.00483099267115],[-56.397020143519576,75.00527689690173],[-56.39587417622029,75.00572721974193],[-56.394723626780106,75.00617317971798],[-56.39357320610807,75.00661906040457],[-56.39386297087835,75.00699363027789],[-56.39487525532297,75.00732804570876],[-56.396601009683636,75.00762686388379],[-56.39818848891594,75.0077383505644],[-56.39977146230863,75.00784979469262],[-56.401211644126334,75.00777399753201],[-56.40250492560016,75.00751090475303],[-56.40409222275308,75.00762241535278],[-56.40567520406245,75.00773381209453],[-56.40725827675682,75.00784531174916],[-56.408555785831346,75.00758227968502],[-56.40984900079954,75.00732357824728],[-56.41114216979718,75.00706054265079],[-56.412435030208094,75.00679745388749],[-56.41301034778118,75.0065744662803],[-56.41343847423826,75.00616426978237]]],"type":"Polygon"},"id":"00000000000000000184","properties":{"area":154641.99948110364,"elevation":744.0430941010909,"region":"NW","year":2018},"type":"Feature"},{"geometry":{"coordinates":[[[-52.17181242975864,72.3164969206468],[-52.16987250485522,72.31638100027436],[-52.16793299952249,72.3162650395757],[-52.16614915353905,72.31652369013794],[-52.16428530267036,72.3165950082421],[-52.16250159497159,72.31685366889721],[-52.16071801937745,72.31711224243907],[-52.159010342344615,72.31756263804076],[-52.1573023650079,72.31801296548244],[-52.15567482083605,72.31865062325319],[-52.155286911087224,72.31923932183274],[-52.154898939432414,72.31982790150272],[-52.15451094646992,72.32041647974387],[-52.1535033063388,72.3210318664316],[-52.153739526253496,72.32159814005641],[-52.15521544849516,72.32211542255412],[-52.15731122004148,72.3226103377575],[-52.15816739689468,72.3231543657097],[-52.16010726322596,72.32327027566626],[-52.16197111641753,72.32319897619412],[-52.16375475038599,72.32294029386811],[-52.165542673295164,72.32268170007065],[-52.167326430694864,72.32242302853513],[-52.168954139364835,72.32178542604423],[-52.17058604189454,72.3211477969925],[-52.17096957172125,72.32055470378548],[-52.17135749127127,72.31996606692421],[-52.17112551570247,72.31939978767313],[-52.170269579172654,72.3188558056983],[-52.17127714966395,72.31824487934473],[-52.169801324509834,72.31772766949022],[-52.17080896481997,72.31711232751306],[-52.17181242975864,72.3164969206468]]],"type":"Polygon"},"id":"0000000000000000000a","properties":{"area":339384.4856985794,"elevation":1158.7125262746506,"region":"NW","year":2018},"type":"Feature"},{"geometry":{"coordinates":[[[-55.08478247460577,73.79743125157646],[-55.084546239955436,73.79705671487703],[-55.08430535173937,73.79668214348638],[-55.08339567281841,73.79633879721732],[-55.08205778996933,73.7964056958133],[-55.08071590563104,73.79647257179141],[-55.07937799664993,73.79653945045203],[-55.07815637543078,73.79679363122483],[-55.0783924814619,73.79716817565928],[-55.07863326133259,73.79754275372667],[-55.07753203945584,73.79798418254951],[-55.077099503626506,73.79838997445829],[-55.07666694947159,73.798795764796],[-55.07623453327756,73.79920598364089],[-55.07647063650301,73.79958052823565],[-55.07738039063623,73.79991940613296],[-55.07816965028174,73.80007552713208],[-55.07939148141007,73.79982134976292],[-55.08084971656718,73.79994174889627],[-55.08219184758155,73.79987487411269],[-55.0834136015984,73.79962066905878],[-55.083966386401556,73.79940218282266],[-55.08439464183775,73.79899193208568],[-55.08415839227487,73.7986173962869],[-55.083917488756065,73.7982428257843],[-55.0843498679322,73.79783701647796],[-55.08478247460577,73.79743125157646]]],"type":"Polygon"},"id":"00000000000000000257","properties":{"area":79316.2845736329,"elevation":828.5386447380242,"region":"NW","year":2018},"type":"Feature"},{"geometry":{"coordinates":[[[-54.92577523991567,74.8164696370353],[-54.92493696856218,74.81631803626776],[-54.92338088461595,74.81619319385186],[-54.92194969862347,74.81626004726441],[-54.920522524152645,74.81632697754934],[-54.91896645822653,74.81620209977545],[-54.91753504851095,74.8162689903943],[-54.91635764761328,74.81671045353019],[-54.91660746170073,74.81708501834586],[-54.91542576137721,74.81752645648821],[-54.91639357921985,74.81786531543145],[-54.916643218266856,74.81823994882512],[-54.91760637662781,74.81858329407447],[-54.918573987535304,74.81892658193578],[-54.92025066184883,74.8192343197646],[-54.92050033841093,74.81960883087902],[-54.92205656610726,74.81972928007487],[-54.92348792407059,74.81966679878138],[-54.9225245992288,74.81932348308726],[-54.921557089753485,74.81898014488377],[-54.92130733580284,74.81860551810844],[-54.92105765861518,74.8182310067382],[-54.92223940041705,74.81779395131225],[-54.92341651611454,74.81735252354473],[-54.92459824614542,74.81691108118767],[-54.92577523991567,74.8164696370353]]],"type":"Polygon"},"id":"0000000000000000013b","properties":{"area":60524.18404212578,"elevation":1186.877771191464,"region":"NW","year":2018},"type":"Feature"},{"geometry":{"coordinates":[[[-54.87029975155909,73.6035049412342],[-54.86906014186793,73.60259982439945],[-54.86438690046548,73.60167225067394],[-54.85971385524066,73.60074031059173],[-54.86034696200266,73.59955423663511],[-54.85899145602022,73.59846174246024],[-54.858964714253666,73.59730231188385],[-54.85959777285638,73.59611623053769],[-54.85957107008024,73.59495690998027],[-54.86020428980341,73.59376624654823],[-54.86349505987647,73.59244639874088],[-54.86700899832447,73.5915010345624],[-54.86709819263799,73.59053345908491],[-54.86312041882305,73.59072965061443],[-54.859370453132684,73.59130042283608],[-54.85585223160161,73.59224573437199],[-54.8522181768321,73.59299934427251],[-54.84858372513501,73.59375737951152],[-54.8488157937473,73.59413193613662],[-54.84751806815346,73.59535376054278],[-54.84820936416992,73.59648184476445],[-54.848236197310314,73.59763679497098],[-54.84959165723334,73.59872927417192],[-54.84961834681645,73.5998841723223],[-54.85229825151185,73.60091422681462],[-54.85431831041581,73.60197105621548],[-54.85766247430751,73.60296543701536],[-54.86210851209214,73.60352279469244],[-54.86608587657047,73.60332658370855],[-54.87029975155909,73.6035049412342]]],"type":"Polygon"},"id":"000000000000000000ae","properties":{"area":459938.0287393468,"elevation":734.587319907353,"region":"NW","year":2018},"type":"Feature"},{"geometry":{"coordinates":[[[-53.695103655006825,72.69626963040096],[-53.6948138152517,72.69570781121338],[-53.69389511984274,72.6951726902705],[-53.69297210930306,72.69463761267474],[-53.69268230560746,72.69407130316239],[-53.691130597626355,72.69356739355993],[-53.68923546655963,72.69365214671619],[-53.68724670860083,72.693549607765],[-53.68535159746051,72.69363880315346],[-53.68355457954026,72.6939107637238],[-53.68185134160729,72.69437451180868],[-53.6800542504473,72.6946465513054],[-53.67844898498575,72.69529753737321],[-53.67854693263347,72.69548488104046],[-53.677574811642124,72.69610468163317],[-53.676598491236746,72.69672894029627],[-53.67688825686781,72.69729076540811],[-53.675282904688515,72.69794176478787],[-53.67431079381359,72.6985615908485],[-53.675229340869436,72.69909674375815],[-53.67702644708592,72.69882466438395],[-53.6789214723069,72.69873553949857],[-53.68062496577893,72.69827626452162],[-53.68242191237899,72.69799975799893],[-53.68431709498741,72.69791510564826],[-53.686113995088576,72.69764304505283],[-53.68791125149361,72.69736657496966],[-53.689712686877876,72.69709459197098],[-53.69150965479072,72.69681815207262],[-53.69330679644121,72.69654610925804],[-53.695103655006825,72.69626963040096]]],"type":"Polygon"},"id":"00000000000000000050","properties":{"area":232263.15382362093,"elevation":852.5761088787275,"region":"NW","year":2018},"type":"Feature"},{"geometry":{"coordinates":[[[-52.91730723806077,72.65499173098458],[-52.91678090998495,72.65386354293845],[-52.91562159767732,72.65275772185859],[-52.91509524768756,72.6516295940767],[-52.912045462923686,72.65060400095126],[-52.90962847328163,72.6495516099354],[-52.9061192986587,72.6489318388723],[-52.90215966651987,72.64870885960644],[-52.8981997868135,72.64849034105917],[-52.89467726234604,72.64921275911117],[-52.89394130206866,72.65039443139028],[-52.893201079519876,72.65157605747041],[-52.89372726880741,72.65270425673128],[-52.89362049773365,72.6538635730324],[-52.89414655129978,72.65499171873539],[-52.89467266758263,72.65611986125936],[-52.89646089037099,72.65719902475571],[-52.89761581701833,72.65830042109293],[-52.900037169748046,72.6593527298039],[-52.90308707444817,72.66037838394955],[-52.90713598625359,72.66078861129809],[-52.90868309971513,72.65995475079337],[-52.90752389832223,72.65885330101422],[-52.91078345055253,72.657564641045],[-52.914047449581176,72.65628039922942],[-52.91730723806077,72.65499173098458]]],"type":"Polygon"},"id":"00000000000000000034","properties":{"area":746719.3525038337,"elevation":1367.091323692993,"region":"NW","year":2018},"type":"Feature"},{"geometry":{"coordinates":[[[-57.25796567606907,75.23433199582544],[-57.25764891634543,75.23396194020002],[-57.2567614074504,75.23381475382672],[-57.255619885333246,75.23426958016422],[-57.2541619461535,75.23434979966602],[-57.25447845176038,75.23471993200023],[-57.253336955776945,75.23517027611037],[-57.25220009118216,75.23562513283366],[-57.25105828176607,75.23607553370545],[-57.24991671696274,75.23653036436524],[-57.25023336712467,75.2369004277272],[-57.24909199605899,75.23735529468583],[-57.247950443870046,75.23780564421081],[-57.24680882925353,75.2382559860096],[-57.246398573260706,75.23867068070899],[-57.24801287998706,75.23877323612285],[-57.24947097633996,75.23869302265592],[-57.25076858453856,75.23842549373502],[-57.25207076004235,75.23816236093325],[-57.253211907039166,75.23770755041316],[-57.25434918403245,75.23725712989507],[-57.25476405339949,75.23684246858512],[-57.25444730841591,75.23647241166734],[-57.25485762043881,75.23606213272035],[-57.25599900947799,75.23560727188162],[-57.25714045600296,75.23515691304532],[-57.25755094305811,75.23474666879557],[-57.25796567606907,75.23433199582544]]],"type":"Polygon"},"id":"000000000000000001eb","properties":{"area":60358.84310230784,"elevation":559.9727218582489,"region":"NW","year":2018},"type":"Feature"},{"geometry":{"coordinates":[[[-54.887850687624095,74.58561301799459],[-54.886530903804825,74.5847122844206],[-54.885919946988984,74.58377586435353],[-54.886009188832254,74.58280379771523],[-54.88398467635226,74.58193433847376],[-54.88196471516272,74.58106480449334],[-54.880649349392556,74.58015957259101],[-54.879329313117886,74.57925440548611],[-54.87801402493656,74.5783492217425],[-54.87599385892099,74.57747966618254],[-54.87537866632985,74.57654322479638],[-54.873358639964785,74.57567370823949],[-54.87029987236158,74.57542847852531],[-54.870665503854916,74.57599032599612],[-54.870576189348455,74.57695793413806],[-54.87189145663932,74.5778631466672],[-54.87320685867078,74.57876834827566],[-54.87452687813342,74.57966911332645],[-54.87584229324295,74.58057424685204],[-54.87786236886925,74.58144382126208],[-54.87988667919842,74.58231776491884],[-54.87979306063697,74.5832854362944],[-54.88111298838676,74.58419061423312],[-54.88172390602744,74.58512697703561],[-54.882339314384886,74.58606339973029],[-54.88295017619784,74.58699982377192],[-54.884270100922095,74.58790499545229],[-54.88616970880052,74.58858727822029],[-54.886258814637124,74.58761960027643],[-54.88494343107005,74.58671443526936],[-54.887850687624095,74.58561301799459]]],"type":"Polygon"},"id":"00000000000000000110","properties":{"area":200127.41146796136,"elevation":1159.0578331833956,"region":"NW","year":2018},"type":"Feature"},{"geometry":{"coordinates":[[[-56.8924040972105,75.19150677286387],[-56.890183315728734,75.19065514534591],[-56.88868956305975,75.18976330923928],[-56.88792684877694,75.18883132706989],[-56.88424829995782,75.18805992404586],[-56.88130519477173,75.18724831936476],[-56.879811549976374,75.18635651014883],[-56.87571358753354,75.18599535170034],[-56.87192777437963,75.18600426330983],[-56.86859675622653,75.18657053045966],[-56.868748315100575,75.18675786651447],[-56.86660364743599,75.18784139661757],[-56.86882428916965,75.18869759604118],[-56.86813311516311,75.18970530050422],[-56.8667150085288,75.19075321756259],[-56.86675088694511,75.19172084777242],[-56.867513269177294,75.19265279379478],[-56.867553505631676,75.19362039294926],[-56.86977404314048,75.1944721147479],[-56.87272163760801,75.19528364544941],[-56.876395726321796,75.19605956374379],[-56.88049377297444,75.19642073656397],[-56.88459176897971,75.19678189748205],[-56.887922537874175,75.19621555128083],[-56.88861373001122,75.19520785599872],[-56.885666248859145,75.1943962681904],[-56.886352928927195,75.19338404520738],[-56.8892290088543,75.19226035945559],[-56.8924040972105,75.19150677286387]]],"type":"Polygon"},"id":"0000000000000000019f","properties":{"area":591692.8926014281,"elevation":717.7275469536501,"region":"NW","year":2018},"type":"Feature"},{"geometry":{"coordinates":[[[-57.33389496909648,75.19294261014339],[-57.333578395091756,75.19257255090729],[-57.33180815746323,75.19228271183188],[-57.33148712834515,75.19190805713019],[-57.330037973928476,75.19199285710279],[-57.32874034453757,75.19226039691067],[-57.32729099996402,75.19234066590309],[-57.32615421108978,75.19279099950178],[-57.32501703882999,75.19324586535441],[-57.32388422987587,75.19369622183908],[-57.32274739125757,75.19415104293508],[-57.32161016624999,75.19460141807635],[-57.32047776576704,75.19505623274154],[-57.319340687330346,75.19550663543494],[-57.31788697012416,75.19558690961833],[-57.31674983400085,75.19604169119613],[-57.317070959714734,75.19641182211421],[-57.317953668069755,75.1965589576185],[-57.31956789972514,75.19666152805004],[-57.32101713173387,75.19658123353953],[-57.32247072104581,75.19650100957497],[-57.32392447958719,75.19642070260198],[-57.32522223960989,75.19615315825574],[-57.32667146639791,75.19607293715883],[-57.32780831294274,75.19561809721249],[-57.32926222431329,75.19553779322308],[-57.33039923118274,75.1950829797302],[-57.33153175145471,75.19463266035663],[-57.33194216862394,75.1942179109306],[-57.33234768446733,75.19380769111305],[-57.33348481656012,75.19335729388392],[-57.33389496909648,75.19294261014339]]],"type":"Polygon"},"id":"000000000000000001e8","properties":{"area":120277.11070754722,"elevation":478.79549300792723,"region":"NW","year":2018},"type":"Feature"},{"geometry":{"coordinates":[[[-54.49367499672468,74.25657599095426],[-54.49309560256523,74.25563510761826],[-54.49113349540126,74.25476110639084],[-54.48986694727229,74.25385592177386],[-54.48859640649511,74.25294627657114],[-54.48802107909766,74.25200984308368],[-54.4867503218261,74.25110020467989],[-54.48271903680069,74.25031986791568],[-54.48076144540745,74.24944586931484],[-54.47742167614853,74.24863432932716],[-54.4737341437445,74.24841581084581],[-54.475580095991425,74.24910256290889],[-54.47753760921026,74.24997654547484],[-54.48156857243146,74.2507568769811],[-54.482834965325516,74.25166652358658],[-54.48410599300731,74.25257173928765],[-54.48537219961989,74.25348138829209],[-54.486643040794426,74.25438660635515],[-54.48790947520847,74.25529181077803],[-54.4877981014466,74.2562638456223],[-54.48837312956202,74.25720029193118],[-54.48826177776749,74.25817232174703],[-54.48745462043882,74.2591711479336],[-54.48930081531956,74.25870302720656],[-54.49217679430606,74.25760604526536],[-54.49367499672468,74.25657599095426]]],"type":"Polygon"},"id":"0000000000000000025e","properties":{"area":145782.44483082683,"elevation":1235.2643591483798,"region":"NW","year":2018},"type":"Feature"},{"geometry":{"coordinates":[[[-54.687240235019736,74.21739388262826],[-54.68643763073,74.21723782578825],[-54.684939343413,74.21711744497647],[-54.68356155197553,74.21717987219633],[-54.68218349687818,74.21724224263811],[-54.680689999226246,74.21712187278335],[-54.679307659012096,74.21718426979112],[-54.677813664750616,74.21705947562579],[-54.67619958609701,74.21674728053607],[-54.67458977423316,74.21643963479528],[-54.673207259730006,74.21650205665338],[-54.6715976298732,74.21618989054775],[-54.66998333864397,74.21587778161961],[-54.66836941904548,74.2155701299858],[-54.66675950119357,74.21525794552574],[-54.6653818024646,74.21532035519465],[-54.66411979441265,74.21557450723348],[-54.66435151116819,74.21594913917725],[-54.664587950333775,74.21632369955502],[-54.665395071548716,74.2164797788403],[-54.666772977052666,74.21641287515766],[-54.66826662224971,74.21653771102166],[-54.669880948623764,74.21684983444389],[-54.67137922699212,74.21697476075072],[-54.67287305544595,74.21709506520415],[-54.674487307717726,74.21740721879749],[-54.67586491973817,74.21734481267534],[-54.677242886601455,74.21727794811787],[-54.678857217049604,74.21759006413694],[-54.68035107004372,74.21771491995007],[-54.68172892091861,74.21765251693536],[-54.683226989480566,74.21777287708488],[-54.68460482753367,74.21771045272754],[-54.685982903400784,74.21764806457912],[-54.687240235019736,74.21739388262826]]],"type":"Polygon"},"id":"00000000000000000262","properties":{"area":53616.035940876085,"elevation":1147.6647279048,"region":"NW","year":2018},"type":"Feature"},{"geometry":{"coordinates":[[[-57.68857661713337,75.74002080517603],[-57.68656093654217,75.73954811893846],[-57.68530345993653,75.739030895005],[-57.68404151914095,75.73851804706273],[-57.68428678358177,75.73792058921674],[-57.68152222209475,75.73748801439085],[-57.67909199739277,75.73742564244695],[-57.67683568418347,75.73755045925768],[-57.674748870040425,75.73786262505857],[-57.67266196680785,75.73817476886555],[-57.670739991892816,75.73866973420208],[-57.66882260502188,75.73916468186492],[-57.66899201466837,75.73935194408945],[-57.67024954418366,75.73986477480719],[-57.669255300267764,75.74050682940693],[-57.669759033995426,75.74105980751848],[-57.671021128454655,75.74157704861172],[-57.67378553275498,75.7420095590491],[-57.67429389944592,75.74256248330273],[-57.67597067572222,75.74266504559328],[-57.67839650524749,75.7427274860265],[-57.68031823096418,75.74222803175579],[-57.68240505506706,75.74192042189459],[-57.68483078596804,75.74197832827137],[-57.686583107382674,75.741296106434],[-57.688331297891,75.74061833585878],[-57.68857661713337,75.74002080517603]]],"type":"Polygon"},"id":"000000000000000001d2","properties":{"area":217517.25710222812,"elevation":684.59589484697,"region":"NW","year":2018},"type":"Feature"},{"geometry":{"coordinates":[[[-53.979469577710155,73.22247478510377],[-53.97830559404638,73.22156517431941],[-53.97779290010271,73.22062874738631],[-53.975982616223455,73.21974580213437],[-53.97242409805783,73.21933110997963],[-53.96907080196066,73.21929101238192],[-53.96531185234595,73.21850175840132],[-53.96195848838045,73.21846159455329],[-53.958810550946296,73.2188005040471],[-53.95556429498643,73.21894766553964],[-53.95262121793185,73.21965663815301],[-53.94988338164918,73.22074463523217],[-53.949985941473386,73.22093190854648],[-53.94984765386475,73.22189957720076],[-53.950360626382306,73.22284042255833],[-53.95217074146884,73.22371886313215],[-53.95333471585099,73.22462852427445],[-53.9557959863808,73.22547574880282],[-53.9582575844089,73.2263274203443],[-53.96202100130771,73.22711671543438],[-53.965579200651526,73.22753140481697],[-53.96903521925411,73.2277588565134],[-53.97228585261048,73.22761165274443],[-53.97533121183664,73.22708996789133],[-53.97762341672123,73.22640771399102],[-53.9784126707717,73.22540885412353],[-53.97919736794954,73.22441004326308],[-53.97933574381332,73.22344244612265],[-53.979469577710155,73.22247478510377]]],"type":"Polygon"},"id":"00000000000000000073","properties":{"area":742566.6145154216,"elevation":1060.174263725086,"region":"NW","year":2018},"type":"Feature"},{"geometry":{"coordinates":[[[-65.19186579872598,77.6732372950189],[-65.18927054208676,77.6728315601295],[-65.18835175808641,77.6722964400492],[-65.18575676208282,77.67189066734056],[-65.1831616267735,77.6714893759512],[-65.18224299233692,77.67095430825107],[-65.17881399257121,77.67061537085087],[-65.17538495606262,77.67027646369863],[-65.171960242936,77.66993762964444],[-65.16853130539917,77.66959870520057],[-65.16510199746858,77.6692597787851],[-65.16167751889583,77.66892088001413],[-65.15886382837782,77.66893869853878],[-65.15574253736241,77.66877821060007],[-65.15582722713611,77.6693801729788],[-65.15841785442636,77.66978150687078],[-65.15850267531157,77.67038346509308],[-65.16193168193485,77.67072233994621],[-65.16368400702282,77.67119506473064],[-65.16544126162603,77.67166323268911],[-65.16803611540305,77.67206906102273],[-65.1706268508575,77.67247038801737],[-65.17238386604285,77.6729429815018],[-65.17414092930693,77.67341120864342],[-65.17589749531714,77.67388389908885],[-65.17932689936603,77.6742183019938],[-65.18275565539054,77.6745572117119],[-65.18420927038159,77.67485149228033],[-65.18733065799869,77.67501205779327],[-65.19045208949419,77.67517258387622],[-65.19120119126121,77.67450369583561],[-65.1902781855983,77.67396857739703],[-65.19186579872598,77.6732372950189]]],"type":"Polygon"},"id":"00000000000000000244","properties":{"area":237901.31868972577,"elevation":737.2113949569717,"region":"NW","year":2018},"type":"Feature"},{"geometry":{"coordinates":[[[-57.29770943464248,75.2576174341933],[-57.296505451722346,75.25710013965015],[-57.296599012566894,75.25631983222758],[-57.29741957578511,75.2554948615701],[-57.29605517130482,75.2547903872762],[-57.2954175526626,75.25405018142058],[-57.29478444047315,75.25330547194673],[-57.2948779484502,75.25252064460331],[-57.29497172339433,75.25173585768037],[-57.29173426593303,75.251526331206],[-57.288180395456294,75.25094656051326],[-57.28494751590331,75.25073700709893],[-57.282187378603524,75.2510848673278],[-57.27990424745435,75.25199005167967],[-57.28053731670622,75.25273470588539],[-57.280443743075125,75.2535150256113],[-57.27889193970096,75.25438010449409],[-57.27952533870629,75.25512479817947],[-57.2794315725298,75.25590957614939],[-57.277879923665175,75.25677021375347],[-57.278513109114186,75.25751486098989],[-57.27841956636284,75.25829967367325],[-57.279057104709395,75.2590398881663],[-57.28083183460411,75.25933413967354],[-57.28438576233985,75.25991388946927],[-57.28794421777819,75.26049354331269],[-57.29070433830978,75.26014571381471],[-57.29298724176592,75.25924054017429],[-57.295270354219,75.25833530632498],[-57.29770943464248,75.2576174341933]]],"type":"Polygon"},"id":"00000000000000000267","properties":{"area":439253.7706058909,"elevation":572.4894305101868,"region":"NW","year":2018},"type":"Feature"},{"geometry":{"coordinates":[[[-56.91990769117249,75.0150021534994],[-56.9135088941316,75.01360199020247],[-56.905148020114545,75.01347713875508],[-56.895882085482334,75.01223310452363],[-56.895654510217604,75.01011057393448],[-56.88854239806951,75.00875057836777],[-56.882000883573376,75.00716310774821],[-56.87425085956583,75.00777841806367],[-56.87439799271255,75.00796573345576],[-56.8739075753262,75.01012842780611],[-56.87341254455942,75.01229108394978],[-56.87651172522528,75.01425750694308],[-56.86966237573954,75.01599211351311],[-56.863946025680725,75.01727191876417],[-56.86273322561311,75.01947467865831],[-56.86799042723459,75.02132524325596],[-56.869653753412685,75.02337189935139],[-56.872454023157886,75.02496383844446],[-56.88097074483409,75.02528038327611],[-56.88948773622813,75.02559258183808],[-56.897402537974,75.0251600504481],[-56.90531318541518,75.02473193776439],[-56.912010653131524,75.02281004394756],[-56.918445152748966,75.0214901794411],[-56.91246101317637,75.01967974451173],[-56.91798131875483,75.01724061575497],[-56.91990769117249,75.0150021534994]]],"type":"Polygon"},"id":"0000000000000000018e","properties":{"area":2093174.1867085656,"elevation":486.93456496478217,"region":"NW","year":2018},"type":"Feature"},{"geometry":{"coordinates":[[[-55.7130744634372,74.17773462693073],[-55.71294489120758,74.1775473337104],[-55.712811255259965,74.17736004099301],[-55.712681940942964,74.17717279254033],[-55.71199959595917,74.17720841400819],[-55.71131299630975,74.17724410458928],[-55.71049684894698,74.17709249762244],[-55.70981475187409,74.17712815618515],[-55.70925724203941,74.17735116037478],[-55.70857499498905,74.17738231755668],[-55.70788837730723,74.17741799537198],[-55.70733083320061,74.17764099337845],[-55.70677821540242,74.17786393720355],[-55.70622064334514,74.17808693141035],[-55.70566324185056,74.17830985271905],[-55.70498108327736,74.17834549304182],[-55.704294232854394,74.17838122817524],[-55.70361206703715,74.17841686342736],[-55.70292551132874,74.17844807089695],[-55.70305473836218,74.17863532484965],[-55.7031840358666,74.17882269474806],[-55.70262657216542,74.17904560607629],[-55.70275605328957,74.17923290505294],[-55.7028852849583,74.17942015872288],[-55.70301451943002,74.17960741221876],[-55.703830731641425,74.1797590512917],[-55.70395979370776,74.17994637501377],[-55.704089043171884,74.18013362757343],[-55.70490528648846,74.18028526190682],[-55.70572128984955,74.18043684754755],[-55.706403523775144,74.18040120522662],[-55.7070900059197,74.18036548883971],[-55.70790627972892,74.18051711011626],[-55.708588509316776,74.18048145977046],[-55.70927523940491,74.18044578043244],[-55.70996196584613,74.18041009853431],[-55.71051461529473,74.18018714713271],[-55.71107219169574,74.17996414146985],[-55.71162945426063,74.17974565646918],[-55.712182314362416,74.17952274453076],[-55.7120531734351,74.17933542575825],[-55.71123717819293,74.17918386742764],[-55.71110779718006,74.17899650277248],[-55.71097848669169,74.17880925406018],[-55.71084917900777,74.17862200517372],[-55.711406520369984,74.1783990681501],[-55.71195952875003,74.178176084758],[-55.71251672709125,74.17795759553427],[-55.7130744634372,74.17773462693073]]],"type":"Polygon"},"id":"0000000000000000010d","properties":{"area":74885.20722313573,"elevation":599.4037896731409,"region":"NW","year":2018},"type":"Feature"},{"geometry":{"coordinates":[[[-59.083833648640116,76.17928240158193],[-59.08364179585971,76.1790995531149],[-59.08267433894533,76.17896135148845],[-59.08248240898476,76.17877409154343],[-59.0830621176729,76.1785466321244],[-59.083637369918314,76.1783147565333],[-59.083445823966336,76.17813194760369],[-59.083249552291996,76.17794468363805],[-59.08305772438956,76.17776183361289],[-59.08209469946307,76.17762363302823],[-59.081127053921065,76.17748538365296],[-59.08035555727663,76.17752998667444],[-59.07978027927036,76.17776185420992],[-59.07900876278548,76.17780645220448],[-59.078237333824156,76.17785545766836],[-59.07746609685721,76.17790009051495],[-59.076498463948745,76.1777618205894],[-59.07572683473098,76.17781089053656],[-59.075151860878115,76.1780383014606],[-59.074572136567525,76.17827014966534],[-59.07380057075245,76.17831472852953],[-59.073029192432614,76.17836382888227],[-59.073220916284825,76.17854668659913],[-59.073417179308976,76.17872947462867],[-59.07283740266167,76.17896131701154],[-59.072262244576365,76.17919320212779],[-59.07245397120191,76.17937605979925],[-59.07264579431154,76.17956332740783],[-59.07284206512578,76.17974611509865],[-59.073613224044344,76.17970157354448],[-59.07438495610791,76.17965251233692],[-59.07534805786377,76.1797907465814],[-59.076119397117836,76.17974612244123],[-59.076890637531584,76.17969708524122],[-59.07785404972982,76.1798353488531],[-59.07882153031109,76.17997357172494],[-59.079593153534084,76.17992897560426],[-59.08036447955379,76.17988433618235],[-59.081135996925944,76.17983532418037],[-59.081710938285404,76.17960789905476],[-59.08229088539588,76.17937607315507],[-59.083062076962996,76.1793270134065],[-59.083833648640116,76.17928240158193]]],"type":"Polygon"},"id":"000000000000000001f6","properties":{"area":56577.228064691524,"elevation":842.5556527717015,"region":"NW","year":2018},"type":"Feature"},{"geometry":{"coordinates":[[[-57.29383014659894,75.09148919342955],[-57.292791049650624,75.09115473516627],[-57.290316386989346,75.09090500997279],[-57.2878370612845,75.09065531681843],[-57.285986431842616,75.09115027782019],[-57.283819425437684,75.09127062166378],[-57.281812795213106,75.09157830465809],[-57.27996209889698,75.09206885164538],[-57.2779555585583,75.09237653642889],[-57.275948937464015,75.09268420000213],[-57.27378196923903,75.09280458956798],[-57.27177547370652,75.09311225242072],[-57.27193145483204,75.09329953957358],[-57.27095951744817,75.09393720429321],[-57.27070956602767,75.09453469240245],[-57.27118221704243,75.09509209340315],[-57.27237272931699,75.09560934994931],[-57.27356358140162,75.09612664178556],[-57.275886448301655,75.09618905857593],[-57.27805381864552,75.09606865031091],[-57.2800603276984,75.09576100107306],[-57.28207147952317,75.09545326802856],[-57.28376161373245,75.09477549480408],[-57.285455690724376,75.09409774339731],[-57.28715035458076,75.09341998846627],[-57.28884475666088,75.09273770411134],[-57.29100735245738,75.09261729742792],[-57.29285809456959,75.09212680454323],[-57.29383014659894,75.09148919342955]]],"type":"Polygon"},"id":"000000000000000001a6","properties":{"area":199580.70018501533,"elevation":380.7308676395336,"region":"NW","year":2018},"type":"Feature"},{"geometry":{"coordinates":[[[-56.86133729751655,75.21843082994972],[-56.85972765142838,75.21832380208748],[-56.85739094174161,75.21825248385036],[-56.85535332778634,75.21855569542517],[-56.853319745888385,75.21885893333432],[-56.85113511361514,75.2189748383403],[-56.84910165846782,75.21927807543119],[-56.84706812219714,75.21958129094193],[-56.84503047121913,75.21988455205066],[-56.84518660881305,75.22007178679081],[-56.845645774345876,75.22062912754525],[-56.84537369863647,75.22122672011889],[-56.845101796013715,75.2218242390077],[-56.84701924784707,75.22230578583682],[-56.84805376781753,75.22264025138611],[-56.8505508791195,75.22289436224219],[-56.8528873037802,75.22296131056378],[-56.855076731717176,75.22284536757195],[-56.85741790966556,75.22291221075054],[-56.859299610358725,75.22242615751638],[-56.861181262558944,75.22193569083238],[-56.8599908936868,75.22141396790278],[-56.86098951478428,75.22078080766856],[-56.85834551095284,75.22033933824765],[-56.85788613900981,75.21978195164185],[-56.85961191696474,75.21910416663216],[-56.86133729751655,75.21843082994972]]],"type":"Polygon"},"id":"0000000000000000019b","properties":{"area":170502.717376634,"elevation":770.363998083453,"region":"NW","year":2018},"type":"Feature"},{"geometry":{"coordinates":[[[-57.15125918958511,75.24799467335173],[-57.14964499463303,75.24788767802926],[-57.14834289485691,75.24815524492264],[-57.14688037089005,75.24823548705254],[-57.145266164955245,75.2481284564864],[-57.14396423641211,75.2483960371501],[-57.14250165683318,75.24847624687659],[-57.140887250842894,75.24836925315343],[-57.139585222237706,75.24863680444687],[-57.13828333114307,75.24889988049746],[-57.13698121383786,75.24916741372098],[-57.13567905201184,75.24943493790484],[-57.13421667047307,75.24951524419085],[-57.133070552008654,75.24996563801423],[-57.13192913975381,75.25041596537574],[-57.13224111266582,75.25078609361077],[-57.13109513056979,75.25124091016949],[-57.129949269377455,75.25169125280401],[-57.130261226866985,75.25206138215003],[-57.13114871619897,75.25220858608442],[-57.13260677384747,75.2521282913663],[-57.13391332187029,75.2518652280537],[-57.13521542861365,75.25159767619525],[-57.13667340145404,75.25151735113819],[-57.13781932640068,75.25106701153032],[-57.139438292227375,75.25117400056122],[-57.14074005438023,75.2509064831327],[-57.14204223246285,75.25063892773127],[-57.14334418535055,75.25037582948228],[-57.14480234215683,75.25029560215772],[-57.1461043981863,75.25002801890686],[-57.14740668100991,75.24976046975739],[-57.14870874004094,75.24949737778815],[-57.15001505303132,75.24922985249506],[-57.150430032025,75.24881959721228],[-57.15084453121221,75.24840936923538],[-57.15125918958511,75.24799467335173]]],"type":"Polygon"},"id":"000000000000000001ab","properties":{"area":122039.41269593664,"elevation":637.2472693197458,"region":"NW","year":2018},"type":"Feature"},{"geometry":{"coordinates":[[[-53.444528973013774,72.86859158309197],[-53.441973687144035,72.86870309556596],[-53.439044379638325,72.86806543935059],[-53.436110022770336,72.86742333215653],[-53.43764840016778,72.86658499390497],[-53.43854465818597,72.86577790874686],[-53.437528167583594,72.86505552672114],[-53.434598524351436,72.86441342051195],[-53.43485729835235,72.86363307823233],[-53.433840462053546,72.86290627846297],[-53.43128983638813,72.86301773252788],[-53.42873476126393,72.86313367401836],[-53.426464978674495,72.86380699823545],[-53.426656733892834,72.86418156454832],[-53.425756044431054,72.86499309201326],[-53.42485974319595,72.86580020476062],[-53.42523901616433,72.86655379462184],[-53.424975840003555,72.86733413674018],[-53.42727215226545,72.86800301608336],[-53.4289265098787,72.86869861250793],[-53.431218695547834,72.86936748046216],[-53.434054475713886,72.86982235140934],[-53.436895012633784,72.87027269812738],[-53.43953919131322,72.87034849041385],[-53.44209429952228,72.87023703665285],[-53.443632614437874,72.86940313252751],[-53.444528973013774,72.86859158309197]]],"type":"Polygon"},"id":"00000000000000000047","properties":{"area":292892.30722092005,"elevation":1024.5490845079146,"region":"NW","year":2018},"type":"Feature"},{"geometry":{"coordinates":[[[-62.0000900638193,76.34295367674372],[-61.9996219311612,76.34258802479282],[-61.99838229905842,76.34228041784554],[-61.99714258992805,76.34197269115658],[-61.99590322654861,76.34166499385994],[-61.993891948972895,76.34141087527817],[-61.993423687030344,76.34104965680528],[-61.991412994197425,76.34079547601495],[-61.98963803250555,76.34072418352119],[-61.988572331350085,76.34120128971057],[-61.986797497490386,76.34112989800335],[-61.98502279436554,76.34105860457632],[-61.98348436466788,76.34117009366317],[-61.982414097046394,76.34164273627594],[-61.98134868832898,76.34211987586971],[-61.98181689459706,76.34248104023375],[-61.980746459425895,76.34295815505511],[-61.98121915656135,76.34331937783077],[-61.98168737560809,76.34368502515018],[-61.98216029486492,76.34404616881382],[-61.98339980682098,76.34435386351467],[-61.98309639637594,76.34477301054605],[-61.98410444688589,76.34490229785997],[-61.98540641193245,76.34460805724821],[-61.98741742566623,76.34486217863703],[-61.98942398848962,76.34511192716481],[-61.99073065527615,76.3448220456168],[-61.99226888719272,76.34471054952965],[-61.99333916623591,76.34423349349163],[-61.99440475713656,76.34376074429237],[-61.99617971784409,76.34383215184785],[-61.9977180873952,76.34372065232694],[-61.99949274249216,76.3437919965333],[-61.99979132250239,76.34337287539067],[-62.0000900638193,76.34295367674372]]],"type":"Polygon"},"id":"00000000000000000216","properties":{"area":159033.95177252547,"elevation":194.80639519239395,"region":"NW","year":2018},"type":"Feature"},{"geometry":{"coordinates":[[[-56.115887267551564,74.69410299922872],[-56.115472376264435,74.69354114694121],[-56.11576227452388,74.69294802720783],[-56.113929561089016,74.69245760645168],[-56.11351476991317,74.69190019269405],[-56.11125847783637,74.69182437943586],[-56.10913608058119,74.69193140156841],[-56.10715612751099,74.6922301808637],[-56.10545280367189,74.69289899665362],[-56.10572932533907,74.69327356993016],[-56.104025917798054,74.6939424855284],[-56.10232256533255,74.6946113124359],[-56.100619340503684,74.69528016647138],[-56.10032933292569,74.69587767358371],[-56.09933042415117,74.69651088346461],[-56.09904061651884,74.69710843031689],[-56.09945528898582,74.6976657921198],[-56.099874424747355,74.69822763348297],[-56.10099819653625,74.69874940032264],[-56.10325460144545,74.69882520406874],[-56.10551519184878,74.69890541806406],[-56.10763331700553,74.69879394499993],[-56.109755849774395,74.69868248438769],[-56.11187415840976,74.6985754538253],[-56.11357729930126,74.69790217744807],[-56.1155617361849,74.69760784881953],[-56.115142578563656,74.6970460106634],[-56.11472762731421,74.69648860718385],[-56.115722287905704,74.69585541143553],[-56.115307354830605,74.69529356187277],[-56.11559754227865,74.69470049066551],[-56.115887267551564,74.69410299922872]]],"type":"Polygon"},"id":"00000000000000000161","properties":{"area":284066.0608694098,"elevation":424.08885113879484,"region":"NW","year":2018},"type":"Feature"},{"geometry":{"coordinates":[[[-56.77570940695055,75.1899906710162],[-56.77555770252699,75.18980340109121],[-56.77467925999052,75.18965628742687],[-56.77395224418947,75.18969639758794],[-56.773225503223806,75.18973203888487],[-56.77234278335937,75.18958493714864],[-56.771464104547924,75.18943776576774],[-56.770737355055445,75.18947790786741],[-56.77016206355469,75.18970088315434],[-56.769430731171916,75.1897409987634],[-56.76870396080486,75.1897811332692],[-56.76797718588167,75.18982126509029],[-56.767098793862644,75.18967411837284],[-56.7663718386008,75.18970980627824],[-56.76579208864275,75.18993718469669],[-56.76521717099686,75.19016011667581],[-56.76464177802932,75.19038307478534],[-56.76479337142399,75.19057035186744],[-56.76567179499446,75.19071750843368],[-56.765823402799484,75.19090478458352],[-56.765975014121004,75.19109206050491],[-56.766126719980484,75.19127494180779],[-56.765551482306705,75.19150233946627],[-56.76570309675642,75.19168961518048],[-56.76642996012026,75.19164949251386],[-56.767156818927965,75.19160936716227],[-56.76788814971524,75.19157365515123],[-56.76861499958038,75.19153352441516],[-56.76949330962664,75.1916807358386],[-56.77022015775953,75.19164059925794],[-56.77079980884881,75.19141760380825],[-56.771526640658976,75.19137746231888],[-56.77225346791119,75.19133731814468],[-56.77298028080233,75.19130168108042],[-56.77385879848421,75.19144880177873],[-56.774590186624295,75.19140867055918],[-56.77443847984366,75.19122140079791],[-56.77428695730307,75.19103856886271],[-56.77413525751289,75.19085129864733],[-56.77398356124112,75.19066402820336],[-56.774558829131514,75.19044104257172],[-56.775134170223396,75.19021366055948],[-56.77570940695055,75.1899906710162]]],"type":"Polygon"},"id":"00000000000000000197","properties":{"area":52428.48415456516,"elevation":787.0752571000477,"region":"NW","year":2018},"type":"Feature"},{"geometry":{"coordinates":[[[-54.19673455237441,73.52347303107527],[-54.19474588574269,73.5235621969084],[-54.192868602992974,73.52384309545087],[-54.19109840687115,73.52430685611894],[-54.18932830276856,73.52477507727983],[-54.18766493144806,73.52543054843407],[-54.186001741655595,73.52608161765038],[-54.18621555545039,73.526460634894],[-54.1845524096282,73.52711161863428],[-54.18288478102904,73.52776712406859],[-54.183205839992766,73.52832895899616],[-54.18220240758442,73.5289532592353],[-54.1818634649837,73.5295462945626],[-54.181520379709355,73.53013936571477],[-54.182505793823154,73.53067444144496],[-54.182826713100724,73.53123634315119],[-54.182483391747,73.53182936669509],[-54.18346892227004,73.5323644357366],[-54.18434293574546,73.5327078123639],[-54.18601068459872,73.5320568043325],[-54.18767377021633,73.53140129033365],[-54.18735276379671,73.53083951345147],[-54.186371761662244,73.53030440399141],[-54.18671075760242,73.52971129076207],[-54.18704954915067,73.52911824553296],[-54.18672860699024,73.52855191632064],[-54.18839615634313,73.52790092430243],[-54.18873505159512,73.52730780335024],[-54.1903983566092,73.5266523953191],[-54.192061488355264,73.5259968533235],[-54.19306491395496,73.52537258479157],[-54.19406827379048,73.52474830932235],[-54.19573140436464,73.52409289236614],[-54.19673455237441,73.52347303107527]]],"type":"Polygon"},"id":"0000000000000000008e","properties":{"area":146202.52314516864,"elevation":1090.5781097759004,"region":"NW","year":2018},"type":"Feature"},{"geometry":{"coordinates":[[[-65.35507309683207,76.42906340930442],[-65.35479241702512,76.42888506567552],[-65.35374897724172,76.42877358031852],[-65.35346801218456,76.42859520290702],[-65.35394504169575,76.4283499454905],[-65.35442205550153,76.42810468658175],[-65.35414140250394,76.42792634137273],[-65.3530977272958,76.42781482094813],[-65.35281709471712,76.42763647394716],[-65.35253600495669,76.42745817316049],[-65.35225508019971,76.42727979320684],[-65.35197416217895,76.42710141277259],[-65.35121176364808,76.42716829599146],[-65.35045350980758,76.42723513503383],[-65.34941004516172,76.42712370815025],[-65.34837120972749,76.42701218829632],[-65.34761319568868,76.42707466228538],[-65.34685076789478,76.42714153040255],[-65.34581178294407,76.42703007742136],[-65.34504903911406,76.4270969073245],[-65.34429119863252,76.42716386785408],[-65.34353320219962,76.42723071503413],[-65.34277038003754,76.42729314951004],[-65.34201267216038,76.42736002335036],[-65.34153545764457,76.4276052551807],[-65.34105822741958,76.42785048551801],[-65.34133904160129,76.42802887804628],[-65.34237807924356,76.42814035160627],[-65.3426633732685,76.42831873302111],[-65.34218198854722,76.42856400607718],[-65.34246298801028,76.42874231800545],[-65.34350638149661,76.4288538556699],[-65.34454963959767,76.42896527780938],[-65.34558875565837,76.4290767364916],[-65.34663218497195,76.42918825964875],[-65.34767122039521,76.42930417471025],[-65.34871467390423,76.42941568820198],[-65.34899529822601,76.42959403846035],[-65.34927623496534,76.42977242023537],[-65.3503198861107,76.42988384757618],[-65.35107796699273,76.42981697909873],[-65.35155507499418,76.42957172914757],[-65.35231759136671,76.4295048466481],[-65.35335651473893,76.42962081414412],[-65.35411902092324,76.42955392543705],[-65.3545960667312,76.42930866811689],[-65.35507309683207,76.42906340930442]]],"type":"Polygon"},"id":"00000000000000000222","properties":{"area":73263.70733334105,"elevation":538.5928771624626,"region":"NW","year":2018},"type":"Feature"},{"geometry":{"coordinates":[[[-64.66772068538714,77.48659718739937],[-64.6676625377993,77.48599964075727],[-64.66677535305007,77.48546016508527],[-64.66589228665038,77.48492498317758],[-64.66418016260896,77.48445240716903],[-64.66164287066614,77.48404214061405],[-64.6615849628682,77.48344011653056],[-64.65910571130081,77.4836318472908],[-64.656332047292,77.4836452595678],[-64.65692516710928,77.48400200561316],[-64.65698305313482,77.48460394958714],[-64.65704127677459,77.48520592409783],[-64.65875344661316,77.48567865790406],[-64.65881143049467,77.48628059541186],[-64.65886924996038,77.48688260811447],[-64.65893168438757,77.48748004721936],[-64.6573354602615,77.4882114015312],[-64.65739771902754,77.48881338064241],[-64.65828059736894,77.48934846895274],[-64.65834291010819,77.48995044364021],[-64.66081782785199,77.48975866418536],[-64.66241417112319,77.48902740466528],[-64.66459479959592,77.48865725819175],[-64.66618670612782,77.48793049267935],[-64.66612855817718,77.48732848357557],[-64.66772068538714,77.48659718739937]]],"type":"Polygon"},"id":"00000000000000000230","properties":{"area":119168.91743542608,"elevation":890.1791040224454,"region":"NW","year":2018},"type":"Feature"},{"geometry":{"coordinates":[[[-56.775183108788816,74.93313755661784],[-56.774795260700344,74.93274960382352],[-56.7738675425173,74.93243302208973],[-56.773528833201794,74.93210302973112],[-56.772137625366526,74.93213871031405],[-56.77052345131644,74.93207180830885],[-56.76852571059162,74.93237504084966],[-56.76674639321708,74.9326649107878],[-56.76527503746877,74.93289680830142],[-56.76408883243814,74.93315537855781],[-56.76315253516917,74.93324900275009],[-56.76110558492363,74.93336054050275],[-56.76083379825432,74.93395802062581],[-56.759134910301455,74.93463132547318],[-56.75958520350757,74.93518876047737],[-56.75931315375154,74.93578630581555],[-56.75967429677666,74.93616972808829],[-56.76062412576272,74.93649083429779],[-56.76094512747304,74.93682524313118],[-56.7629027874537,74.93671826070732],[-56.763977362709824,74.93669590865224],[-56.76610894148966,74.93674049014754],[-56.767959191429206,74.93625002781644],[-56.769961619151175,74.93594678586201],[-56.77166043486269,74.93527343184408],[-56.77294469359595,74.93501040584337],[-56.773930050188824,74.93437271735964],[-56.774197601166435,74.93377521138443],[-56.775183108788816,74.93313755661784]]],"type":"Polygon"},"id":"00000000000000000186","properties":{"area":159522.50850045646,"elevation":367.4871134597729,"region":"NW","year":2018},"type":"Feature"},{"geometry":{"coordinates":[[[-55.60890517687934,74.77414381520718],[-55.60850382932873,74.77358203992986],[-55.60739339776993,74.77305583746772],[-55.60486076714683,74.77260099087488],[-55.60303708762234,74.77211050968928],[-55.603349369254055,74.77151297811594],[-55.60294800300192,74.77095114249295],[-55.60054884105698,74.77068353636943],[-55.59881421101489,74.77134801129962],[-55.59681206788124,74.77164231509143],[-55.59468072043802,74.77174488032958],[-55.592147715017035,74.7712900349293],[-55.58987815678938,74.77120973423546],[-55.587746861604565,74.77131233905382],[-55.58574456265266,74.7716066428539],[-55.58543251796651,74.77219971885089],[-55.58582935500183,74.7727615115326],[-55.58623068497831,74.7733233507037],[-55.58662764545596,74.77388525586403],[-55.58773793619963,74.77441143138172],[-55.5902707866194,74.77486624141679],[-55.59280796279631,74.77532102113891],[-55.59378438419372,74.77565998128615],[-55.59618338110643,74.77592753483137],[-55.598720773811536,74.77638679594706],[-55.600852062610386,74.77627972834861],[-55.603121766419484,74.77636448730166],[-55.605123858621624,74.77607015093548],[-55.60543593430095,74.7754726947569],[-55.60717049272046,74.77480824132257],[-55.60890517687934,74.77414381520718]]],"type":"Polygon"},"id":"0000000000000000015e","properties":{"area":279648.23721675505,"elevation":867.3750940892794,"region":"NW","year":2018},"type":"Feature"},{"geometry":{"coordinates":[[[-53.55036108946746,73.3842064042438],[-53.549505117372306,73.3838585761936],[-53.548292235918694,73.38410383509601],[-53.546976617418856,73.38415732672894],[-53.54566144113283,73.38421526760553],[-53.54444848080909,73.3844604994653],[-53.54303499045152,73.38432680289493],[-53.543231204177395,73.38470581435875],[-53.54211628877173,73.38513835345202],[-53.54099698703634,73.38557085947737],[-53.539882391988044,73.38600336221738],[-53.53942315414439,73.38640469616065],[-53.53895916678479,73.38681050387503],[-53.53850010461712,73.38721624554442],[-53.54001167890043,73.38753289240054],[-53.54132708703738,73.387479358462],[-53.54274058783764,73.38760865806029],[-53.54385996191243,73.38717614328249],[-53.54497452599139,73.38674361634517],[-53.54619195502421,73.3864984080423],[-53.547703794265395,73.38681940087318],[-53.548261011013864,73.38660088577019],[-53.548720299822286,73.38619957598856],[-53.5478685987121,73.38585176626327],[-53.54766797692702,73.38547721509238],[-53.5481272236918,73.3850714258433],[-53.549246561238945,73.384638921049],[-53.55036108946746,73.3842064042438]]],"type":"Polygon"},"id":"00000000000000000072","properties":{"area":78656.06868289768,"elevation":1293.1266566470827,"region":"NW","year":2018},"type":"Feature"},{"geometry":{"coordinates":[[[-52.03962231796905,72.38226420620282],[-52.03580528951304,72.38221520682832],[-52.03183216560455,72.38178708724809],[-52.02801524094947,72.38173802684717],[-52.023814712837996,72.38074366473127],[-52.01976592737276,72.38012831398328],[-52.01556539296266,72.37913836408865],[-52.012613612320344,72.37809496204018],[-52.01527102994097,72.37684642021361],[-52.01480740490165,72.37571376876693],[-52.014347961511255,72.37458117671062],[-52.01466467445993,72.37380533786886],[-52.01100382583006,72.3741308139304],[-52.00757012711049,72.3750271093811],[-52.008502304492815,72.3757583971728],[-52.009581344637205,72.3768686936204],[-52.010664813478606,72.37797897683078],[-52.01174844125306,72.37908936958993],[-52.011587879194416,72.38024428032772],[-52.01329116809361,72.38132777605684],[-52.01609159317124,72.38199224812018],[-52.01998864662076,72.38222854025311],[-52.02418928100675,72.38322288047033],[-52.028081979557406,72.38345924202542],[-52.03197936423072,72.38370002384822],[-52.03579645840798,72.38374906237419],[-52.03930563828287,72.38304012358799],[-52.03962231796905,72.38226420620282]]],"type":"Polygon"},"id":"0000000000000000000b","properties":{"area":291092.6221210205,"elevation":1375.481314908176,"region":"NW","year":2018},"type":"Feature"},{"geometry":{"coordinates":[[[-54.7083050443775,73.94978096624332],[-54.70648583872028,73.94909869549706],[-54.703658662226246,73.94903620150669],[-54.700720118905615,73.94879105163741],[-54.70095191548606,73.94916554696269],[-54.69870448694951,73.95004401207308],[-54.6984905090654,73.9508243664028],[-54.69692107660362,73.95167158155651],[-54.698062578301055,73.95238949713391],[-54.69852623950384,73.95313860316638],[-54.6996632498201,73.95385657914328],[-54.69809374584941,73.9546992983308],[-54.69991306268615,73.95538602542733],[-54.70105448096657,73.95610394089314],[-54.69880711353987,73.95698233891677],[-54.69859308541387,73.95776267854377],[-54.700296645357774,73.95826213016247],[-54.70254383851897,73.95738367085391],[-54.70490717602051,73.95669249216796],[-54.70591487255412,73.95606825399369],[-54.70545126976203,73.95531914670354],[-54.70498738709269,73.9545655625244],[-54.70587929832679,73.95375403036456],[-54.705415515753174,73.95300487227277],[-54.70427389204582,73.95228693178903],[-54.705843697559594,73.95143967608506],[-54.70673543161212,73.95062813186861],[-54.7083050443775,73.94978096624332]]],"type":"Polygon"},"id":"00000000000000000258","properties":{"area":203386.45038708267,"elevation":1112.9896315430703,"region":"NW","year":2018},"type":"Feature"},{"geometry":{"coordinates":[[[-56.58890853371479,75.14164960589429],[-56.587882927276596,75.14131518367631],[-56.58540818068931,75.14105649902923],[-56.58278635451349,75.14061509519811],[-56.5804587005344,75.14054373505559],[-56.57813092690297,75.14046790894535],[-56.57550915054431,75.14002648120356],[-56.572887101938555,75.13958053625335],[-56.57026511234171,75.13913906703874],[-56.56763864354715,75.13869321384936],[-56.565743530043456,75.13821165072167],[-56.56457095700506,75.13768987929923],[-56.56312158591743,75.13776572002746],[-56.563567629007615,75.13832312416162],[-56.565462826848,75.13880914632901],[-56.56663557144508,75.13932640064115],[-56.56853037485044,75.13980798180556],[-56.56970321182004,75.1403297273301],[-56.57203095697139,75.14040102636714],[-56.574652847968444,75.14084693801995],[-56.57712756936875,75.14110556890941],[-56.57960262180944,75.14136421302598],[-56.58207727786079,75.14162285412615],[-56.584552057577476,75.1418769542621],[-56.58717842177549,75.14232294173704],[-56.588627616504674,75.14224707127802],[-56.58890853371479,75.14164960589429]]],"type":"Polygon"},"id":"0000000000000000018a","properties":{"area":74457.25900935366,"elevation":822.2961743942005,"region":"NW","year":2018},"type":"Feature"},{"geometry":{"coordinates":[[[-55.76391237770228,74.13560503891247],[-55.76365392115596,74.13523492028436],[-55.76257931825821,74.13470876258187],[-55.762873564986556,74.13411128334046],[-55.760434351550984,74.13365642554422],[-55.75812447655414,74.13338884845449],[-55.755819218273075,74.1331213312445],[-55.7535094190545,74.13285826547417],[-55.75132886991267,74.1327779199484],[-55.74928213280302,74.13288050363383],[-55.747489625620744,74.13336208604282],[-55.745313643190656,74.1332818743595],[-55.743391708903715,74.13357616627265],[-55.74147444962335,74.13387045534192],[-55.73942325339622,74.13397300099238],[-55.73750119716226,74.13426734621473],[-55.73571319989371,74.13474887273037],[-55.73404997712991,74.13541332751112],[-55.73417916840426,74.13560058308066],[-55.73661835724167,74.13605540713631],[-55.73905747220249,74.13651027031952],[-55.74123808194314,74.13659048471852],[-55.743418517042535,74.13667074459839],[-55.74559446854811,74.1367510063442],[-55.74764583738732,74.13664401383922],[-55.74969692185562,74.13653695335718],[-55.75187292455811,74.13661725758554],[-55.7541826466286,74.13688482212316],[-55.75584602065811,74.13622043677293],[-55.75789273423644,74.13611335752438],[-55.75994397573125,74.13600634381694],[-55.761731936728104,74.13552478801093],[-55.76391237770228,74.13560503891247]]],"type":"Polygon"},"id":"0000000000000000014c","properties":{"area":272511.25705461146,"elevation":585.8188911327337,"region":"NW","year":2018},"type":"Feature"},{"geometry":{"coordinates":[[[-54.784372898689504,74.17367235256927],[-54.78320905206612,74.17295896831794],[-54.78342306322489,74.17217409259347],[-54.78079211729011,74.17249072278979],[-54.77828161189687,74.17299461937353],[-54.77738091853939,74.17381058277245],[-54.77510691126927,74.17468909110174],[-54.77283286803491,74.17556749797971],[-54.770558411853195,74.17644594346618],[-54.76828442040029,74.17732438026457],[-54.76600594217208,74.17820283558207],[-54.76325907889711,74.1783321238642],[-54.760743958980136,74.17883600215531],[-54.758233453205314,74.17933988780392],[-54.755954957652406,74.1802183492937],[-54.75642773427493,74.18097196605505],[-54.758608270915005,74.18106114286626],[-54.7611230711167,74.18055727618218],[-54.76351771070962,74.17986604050647],[-54.766148400132586,74.17954946212137],[-54.76877923635615,74.17923289196158],[-54.77164669182264,74.17929082818793],[-54.77415688194597,74.17878699141743],[-54.77643124269279,74.1779085783951],[-54.778709640848625,74.1770300837237],[-54.778923690680394,74.17624529378898],[-54.78051130603971,74.17539808337305],[-54.78278561648187,74.17451960221251],[-54.784372898689504,74.17367235256927]]],"type":"Polygon"},"id":"00000000000000000264","properties":{"area":229086.699019849,"elevation":1118.9639994330623,"region":"NW","year":2018},"type":"Feature"},{"geometry":{"coordinates":[[[-53.686363702429226,73.46774762490763],[-53.68504398664348,73.46780558626553],[-53.68362146657549,73.46767627781439],[-53.68230155512059,73.46773428778336],[-53.68108416274389,73.46797950126854],[-53.67986243679985,73.4682248009596],[-53.67854265390104,73.46828271353142],[-53.677423184495865,73.46871527931053],[-53.676304087989024,73.4691478161449],[-53.6765047766334,73.46952234147857],[-53.67670988832132,73.46990136772645],[-53.676250554421884,73.47030274981735],[-53.67579121031726,73.47070849263578],[-53.67599196921768,73.47108749659222],[-53.6761924890088,73.47146208980769],[-53.67573335650199,73.47186787914605],[-53.675934066789054,73.47224240299313],[-53.677458993288155,73.47255900825193],[-53.678778898489014,73.47250553742447],[-53.680000660513606,73.47225583892615],[-53.68142309227387,73.47238956052593],[-53.68264051637248,73.47214430081637],[-53.681779974233244,73.47179652364096],[-53.68025474821711,73.47147542781794],[-53.678734223885655,73.47115886814939],[-53.679193699545664,73.47075304876455],[-53.68031281616251,73.47032049536836],[-53.68143211962912,73.46988798206507],[-53.68255137122712,73.46945546099035],[-53.683670507816075,73.46901845283035],[-53.68478965543286,73.46858591620888],[-53.685908989891175,73.46815341967347],[-53.686363702429226,73.46774762490763]]],"type":"Polygon"},"id":"0000000000000000007a","properties":{"area":86654.99092185855,"elevation":1264.6631905648665,"region":"NW","year":2018},"type":"Feature"},{"geometry":{"coordinates":[[[-65.15036481346566,77.38528190789205],[-65.1500659629793,77.38510360589522],[-65.14976728970376,77.38492522538125],[-65.15028434074628,77.38467997601721],[-65.14998567483518,77.38450159532769],[-65.14916519938878,77.384568465832],[-65.14834931152053,77.3846354083884],[-65.14723458022567,77.3845194925689],[-65.14641852382945,77.38458631827788],[-65.14560228806812,77.38465321910456],[-65.14448329764933,77.3845372478727],[-65.14366737709628,77.38460417431833],[-65.14314987485751,77.3848493764113],[-65.14263280924612,77.38509016972033],[-65.14181684313161,77.38515708930724],[-65.14100054050643,77.38522397377032],[-65.14018468375568,77.38528644823954],[-65.13936409044311,77.38535328408953],[-65.1388471331215,77.38559853941929],[-65.13832963385362,77.38583928923747],[-65.137812470448,77.3860846192674],[-65.13699658096584,77.3861514433931],[-65.13618031574272,77.38621387103393],[-65.13566326776825,77.3864591174543],[-65.13596180982537,77.38663751270087],[-65.13707646246586,77.38674900842933],[-65.13819576741037,77.38686493550762],[-65.13931077525204,77.38697645318007],[-65.14012673585304,77.3869139831386],[-65.14064404029102,77.38666875960071],[-65.14146454346383,77.3866018102215],[-65.1425792179393,77.38671328063539],[-65.14339529743246,77.38665090935228],[-65.14421133820532,77.38658398562144],[-65.145031640595,77.38651710179342],[-65.14584769147994,77.38645472189823],[-65.14696237369532,77.38656617216472],[-65.14777870997109,77.3864992683092],[-65.14829572665272,77.38625846582708],[-65.14881317830012,77.3860132545805],[-65.14933028493886,77.38576800944536],[-65.14984757387364,77.38552723430199],[-65.15036481346566,77.38528190789205]]],"type":"Polygon"},"id":"00000000000000000237","properties":{"area":55437.55499743663,"elevation":697.1819584646049,"region":"NW","year":2018},"type":"Feature"},{"geometry":{"coordinates":[[[-56.13457977271029,74.83540301231167],[-56.13244393655269,74.83551447247049],[-56.129447208206955,74.83547433782701],[-56.126455216319584,74.83543423732733],[-56.12346321976392,74.8353940907521],[-56.120471218560475,74.83535389810088],[-56.117617370478904,74.83550106328052],[-56.114763457566646,74.83564818607987],[-56.112052251726325,74.83598263865593],[-56.10919851888185,74.8361253958143],[-56.106625533865575,74.83664703675743],[-56.10405271875055,74.83716880195158],[-56.10176074260731,74.83806062049229],[-56.10232259702528,74.83880531104376],[-56.10288001866197,74.83955440489908],[-56.10516287149917,74.8396302062257],[-56.10801230267925,74.83948306150752],[-56.110866148688025,74.8393359107502],[-56.11372019263071,74.83918876217379],[-56.11643561384707,74.838858754179],[-56.1192895736277,74.8387116383714],[-56.12213879989737,74.83856451547082],[-56.124854442204025,74.83823003334118],[-56.127427350003465,74.83770831177127],[-56.130000168245694,74.83719111291325],[-56.13284951943369,74.83704391879171],[-56.133714648909894,74.83622341104181],[-56.13457977271029,74.83540301231167]]],"type":"Polygon"},"id":"0000000000000000016b","properties":{"area":281415.36667780526,"elevation":566.4555609395326,"region":"NW","year":2018},"type":"Feature"},{"geometry":{"coordinates":[[[-57.10158920941251,75.4955862894124],[-57.097558247138004,75.4954168621005],[-57.090615450901396,75.49637103225632],[-57.08334713135874,75.49695519572566],[-57.076083278350616,75.49753938314306],[-57.06818175112627,75.49737882328766],[-57.05948647560935,75.49629080267492],[-57.05142872653281,75.495943022081],[-57.04305015289698,75.49522511743868],[-57.03673612813326,75.49692396839265],[-57.02820144965244,75.49601883746264],[-57.02396539724305,75.49468550010039],[-57.01622434463047,75.49471227953373],[-57.00863929223856,75.4949218913209],[-57.011074136117045,75.49595638263123],[-57.01785184681248,75.49754381474246],[-57.02490184527254,75.49852926088045],[-57.033436417359596,75.49943442693204],[-57.04181496724282,75.50015242361559],[-57.05003339073286,75.50068747135914],[-57.05777854286635,75.50066074672418],[-57.06456989279433,75.49951922870439],[-57.07183829681776,75.49893503453103],[-57.080216687337106,75.49965295544278],[-57.08827894243152,75.50000082834873],[-57.09554720651991,75.49941663281058],[-57.09544023959558,75.49747689495305],[-57.10158920941251,75.4955862894124]]],"type":"Polygon"},"id":"00000000000000000273","properties":{"area":882472.7206856002,"elevation":895.4701655417886,"region":"NW","year":2018},"type":"Feature"},{"geometry":{"coordinates":[[[-56.31159724505365,74.68986235733243],[-56.311173455686394,74.68930502797319],[-56.3093408331915,74.68881893350739],[-56.30750367957382,74.68833286145686],[-56.30524728825785,74.68826158632974],[-56.30270550169414,74.68781121126459],[-56.30086841188866,74.68829724641893],[-56.29875062652645,74.68840870586348],[-56.296917791317945,74.68889473276356],[-56.29522324280584,74.6895636260997],[-56.29536141976178,74.68975091250144],[-56.29437609321711,74.69038411935075],[-56.29268178983586,74.69105740371549],[-56.29169166519873,74.69169063255232],[-56.29281992390487,74.69221230146323],[-56.293948061260885,74.69273403470638],[-56.2964895702803,74.69317994292919],[-56.29903149876137,74.69363030750101],[-56.30114945821674,74.69351887818283],[-56.303548558533265,74.6937774976109],[-56.305951941677726,74.69404051997958],[-56.3072227858765,74.6937774748375],[-56.30538545557517,74.69329587743024],[-56.304257373105365,74.69276973721642],[-56.30453843068982,74.69217661553918],[-56.30623286325114,74.69150331551761],[-56.30792720704252,74.69083444370088],[-56.30962163469641,74.69016115334284],[-56.31159724505365,74.68986235733243]]],"type":"Polygon"},"id":"00000000000000000168","properties":{"area":226634.35338415182,"elevation":187.15995666237475,"region":"NW","year":2018},"type":"Feature"},{"geometry":{"coordinates":[[[-55.910969178625706,75.00025145807129],[-55.91039388226662,74.99990366756546],[-55.91041188960454,74.999502324357],[-55.90983658101253,74.99915897157996],[-55.9079817686242,74.99866851148609],[-55.90900278164131,74.99803973499452],[-55.907147656542946,74.99754929205399],[-55.90601056710333,74.99702754109687],[-55.90457026081633,74.99709888700082],[-55.90484696351206,74.99747347596278],[-55.90469505368823,74.9978524900068],[-55.90468189013959,74.9982538493334],[-55.90437871539894,74.99885131819964],[-55.90530597859637,74.99909660257063],[-55.905653868167846,74.99956030094857],[-55.90462833308864,75.00019349888805],[-55.905916996044276,75.0005011663405],[-55.90662607418748,75.0008668582431],[-55.906425468079945,75.00118341631543],[-55.90667961261374,75.00152229784285],[-55.907321588982576,75.00179882590528],[-55.907892370699855,75.00214658192361],[-55.90859708530749,75.00250778404596],[-55.90980980431762,75.00213321324652],[-55.909778687927904,75.00166500763648],[-55.909925578992784,75.0012815394133],[-55.9106660052465,75.00084900442751],[-55.910969178625706,75.00025145807129]]],"type":"Polygon"},"id":"00000000000000000171","properties":{"area":63943.22688588122,"elevation":926.4851943942135,"region":"NW","year":2018},"type":"Feature"},{"geometry":{"coordinates":[[[-53.609965912557705,72.63052910911526],[-53.60986795719469,72.63034182482865],[-53.60914561493556,72.63018576673039],[-53.60841867465561,72.63002521786045],[-53.60778990645044,72.63005199941063],[-53.607161343813935,72.63008319560474],[-53.60643882064207,72.62992270904736],[-53.60571190802698,72.6297621486448],[-53.60508314138614,72.6297889201482],[-53.604454579716794,72.6298201062969],[-53.603825808212214,72.62984687309195],[-53.60319706259515,72.62987812364463],[-53.60256846503894,72.62990481661842],[-53.602033216665006,72.63011891110337],[-53.6014981633099,72.6303374207492],[-53.60086954736913,72.63036410727527],[-53.60024077784778,72.6303953466629],[-53.599705668814785,72.6306093642702],[-53.599076888591625,72.63064059925227],[-53.59844807851774,72.6306673457774],[-53.59854633902526,72.63085461484062],[-53.59863984338332,72.63104195105171],[-53.59873352843132,72.63122921806193],[-53.598831593528665,72.6314209249458],[-53.59892528234595,72.63160819176628],[-53.59964761037838,72.63176429310953],[-53.60037432738855,72.63192483131972],[-53.600468032947504,72.6321120972459],[-53.60056634758716,72.63230385098288],[-53.60119499660949,72.63227267994075],[-53.601823621362584,72.63224587554433],[-53.60254619826911,72.63240638159408],[-53.60327292977601,72.63256242135847],[-53.60399534903548,72.632722990381],[-53.604624030570704,72.63269629272814],[-53.60525285981661,72.63266503751197],[-53.60597964714292,72.6328255518422],[-53.60660832703051,72.63279884680563],[-53.60714338346387,72.6325803218145],[-53.60767387780391,72.63236627946759],[-53.6082091390574,72.63214779879233],[-53.608744189450505,72.63193375440925],[-53.60927919852966,72.63171522208604],[-53.60918124283368,72.63152793773301],[-53.60845883243709,72.6313673906337],[-53.60836070733472,72.63118017488333],[-53.60889573111232,72.63096612954683],[-53.60943094201755,72.63074764423637],[-53.609965912557705,72.63052910911526]]],"type":"Polygon"},"id":"0000000000000000003a","properties":{"area":86931.50670938555,"elevation":811.2435305179677,"region":"NW","year":2018},"type":"Feature"},{"geometry":{"coordinates":[[[-54.067657131422365,73.37126605808034],[-54.06582434685673,73.37038764927824],[-54.06661359504827,73.36938878854595],[-54.06477647393784,73.36851030696636],[-54.062288255131996,73.36765864934851],[-54.06307759119784,73.36665979909992],[-54.06255580982134,73.36572340768352],[-54.05875229313712,73.36493416305048],[-54.055474761587476,73.36508126412693],[-54.051992339975655,73.3648583660613],[-54.04819313229185,73.36406911686046],[-54.04459906984785,73.36365433066985],[-54.041326053680486,73.36380153306617],[-54.0380487846508,73.3639531418251],[-54.03497636763524,73.3644792904687],[-54.03201095924315,73.3651882784963],[-54.03318814980422,73.36609796539364],[-54.03370995258361,73.36703884877018],[-54.03488710144728,73.36794847452309],[-54.037375285169055,73.36879573089684],[-54.03986367932681,73.36964295193964],[-54.043457422095926,73.37005766812462],[-54.04704720684491,73.37047234609977],[-54.05064126806156,73.3708870337863],[-54.054021155767884,73.37092275301056],[-54.05782481366611,73.3717120230826],[-54.06120478059323,73.37175215547803],[-54.06448669921683,73.37160053265455],[-54.067657131422365,73.37126605808034]]],"type":"Polygon"},"id":"0000000000000000007d","properties":{"area":657244.7772999994,"elevation":1127.8452041369417,"region":"NW","year":2018},"type":"Feature"},{"geometry":{"coordinates":[[[-65.29026016922714,77.54365134223785],[-65.2886105059828,77.54378067902198],[-65.28634493066707,77.54355777027415],[-65.2846909025884,77.54368703970849],[-65.28273322420276,77.54364243427412],[-65.28077570671104,77.54359792315812],[-65.27881810735282,77.54354885115994],[-65.27746702020107,77.54386096455687],[-65.275509705417,77.54381189780122],[-65.27355181222833,77.54376729632146],[-65.27159433029975,77.5437182761016],[-65.27024336325887,77.54403037963749],[-65.26859352365935,77.54415968820902],[-65.2669390735232,77.54429345732535],[-65.26559257676381,77.54460560555226],[-65.26454893851061,77.54509167452215],[-65.26515979778088,77.545448428719],[-65.26494144110907,77.54587201215033],[-65.26720671773502,77.54609497560583],[-65.26886096645646,77.54596561075294],[-65.27112180417507,77.54618857515288],[-65.27338694047735,77.54641599446661],[-65.27565221473513,77.54663895781295],[-65.27760960260697,77.54668799333895],[-65.27926400749905,77.54655423286493],[-65.28091837184263,77.54642046074818],[-65.28257277961184,77.54629122206434],[-65.28391930878786,77.54597901351646],[-65.28587674137034,77.54602809209334],[-65.28692035782231,77.54553755848674],[-65.28796365425046,77.5450515313094],[-65.28900263145074,77.54456102190592],[-65.29004610966223,77.5440750135595],[-65.29026016922714,77.54365134223785]]],"type":"Polygon"},"id":"00000000000000000249","properties":{"area":147978.9853868408,"elevation":447.4381517960602,"region":"NW","year":2018},"type":"Feature"},{"geometry":{"coordinates":[[[-55.53965974968491,74.53501563634512],[-55.53843804027444,74.53430217872011],[-55.53511158446859,74.5336957453262],[-55.53529443107948,74.53291540766094],[-55.53757292135917,74.5320280016151],[-55.539151632393995,74.53117632356752],[-55.5372297338212,74.53049854283483],[-55.53442949961276,74.53063678809684],[-55.53149972265764,74.53058776440015],[-55.52895793606117,74.53110052395732],[-55.52641650576297,74.53161333843691],[-55.524133379812724,74.53250072072609],[-55.52185461548341,74.5333880502962],[-55.51957143684231,74.53427096890543],[-55.519834630333065,74.53464548342734],[-55.517551543782794,74.53553290957771],[-55.51666877617595,74.53634891287895],[-55.5143857534563,74.53723626845618],[-55.51420725662645,74.5380165680435],[-55.51332457332197,74.53883708455496],[-55.51524644695527,74.53951485691586],[-55.51818035212669,74.53956387082806],[-55.52111448109129,74.53960850935452],[-55.52417774537775,74.53984484650924],[-55.52724132974743,74.54008117996071],[-55.52991211935887,74.53975567527048],[-55.53219538064413,74.5388682734934],[-55.53473699558376,74.53835549511778],[-55.53561535882011,74.53753949551005],[-55.53649839221672,74.53671902121805],[-55.53877694433773,74.53583613124546],[-55.53965974968491,74.53501563634512]]],"type":"Polygon"},"id":"0000000000000000013d","properties":{"area":509375.0671578344,"elevation":692.4067030320898,"region":"NW","year":2018},"type":"Feature"},{"geometry":{"coordinates":[[[-54.54917317624051,73.55883367544328],[-54.54806286519726,73.55811575856619],[-54.54519100111602,73.55786608478881],[-54.54209656204757,73.55724179894166],[-54.53922469327652,73.55699209986793],[-54.53635314973302,73.55674683374188],[-54.53359302030321,73.55668445955652],[-54.530832653095054,73.55662199604286],[-54.528295553817365,73.55693414265116],[-54.52564686958349,73.55705894818873],[-54.52299821599188,73.55718826291277],[-54.520568010309766,73.55768771851828],[-54.5181420343919,73.55818714123606],[-54.518583585608724,73.55894073310253],[-54.519694114644196,73.55965863917069],[-54.520135503614775,73.56040774641863],[-54.52300714482082,73.56065742570803],[-54.525883271961945,73.56090717716297],[-54.528754849854145,73.56115683451917],[-54.53151521306856,73.5612193100726],[-54.53416371618694,73.56108996637353],[-54.536923875817514,73.56115242824315],[-54.53980006012853,73.5614021432683],[-54.542448815833865,73.56127727191402],[-54.54498603715536,73.56096068379958],[-54.54675190194276,73.5604924644486],[-54.54829470490276,73.559649739229],[-54.54917317624051,73.55883367544328]]],"type":"Polygon"},"id":"0000000000000000009b","properties":{"area":387947.72858881915,"elevation":911.1006116601144,"region":"NW","year":2018},"type":"Feature"},{"geometry":{"coordinates":[[[-54.82095980296926,73.78546748171033],[-54.819827321330045,73.78475404382151],[-54.81691546073701,73.78450880347059],[-54.81377173643884,73.78388895830031],[-54.81263467297197,73.78317107399383],[-54.81485509681898,73.78229263339382],[-54.8170715648801,73.78141419018301],[-54.81750836131099,73.78100838799035],[-54.81570238431459,73.78032171683091],[-54.81255888607114,73.77970637283053],[-54.810757373673994,73.77901960037129],[-54.80761352350112,73.77839983472889],[-54.80446986389343,73.77778001479308],[-54.801906052822666,73.77809660818849],[-54.79922617980649,73.77822594454163],[-54.79968973924486,73.77897508010825],[-54.80216467983783,73.77962605603045],[-54.80396633650298,73.78031277107522],[-54.80509891722613,73.78103069310639],[-54.80489355292261,73.78181103454655],[-54.804684002378515,73.78259142555468],[-54.8058165091599,73.78330929367635],[-54.80628046935359,73.78405840524148],[-54.80808616809956,73.78474068773232],[-54.809771738365455,73.78524010613538],[-54.81268801675793,73.78548533932737],[-54.81559975327143,73.7857306013714],[-54.8183957758322,73.78578858749894],[-54.82095980296926,73.78546748171033]]],"type":"Polygon"},"id":"000000000000000000c6","properties":{"area":262762.8868835863,"elevation":949.209330257824,"region":"NW","year":2018},"type":"Feature"},{"geometry":{"coordinates":[[[-55.35290828547004,73.91550822860376],[-55.351311741593584,73.91520061017594],[-55.349840253821334,73.9150801973802],[-55.34848937362069,73.91515151083098],[-55.347017716187096,73.91503114611058],[-55.3454215165439,73.9147279055843],[-55.344195177499444,73.91498205129865],[-55.342848551990585,73.9150489923322],[-55.34162215061697,73.91530312018007],[-55.34027126480168,73.91537448878631],[-55.338799618590784,73.91525405813051],[-55.33744849592579,73.91532097693339],[-55.33610184143613,73.91539236738863],[-55.33634718243073,73.91576245720975],[-55.33659232398773,73.91613700032158],[-55.337515449087135,73.9164803509676],[-55.33843394112686,73.91681928588142],[-55.339357093111765,73.91715812749356],[-55.34095340055612,73.91746580302782],[-55.342299989321916,73.91739444872789],[-55.343771387266415,73.91751487680443],[-55.345247675547405,73.91763524998888],[-55.34659406486612,73.91756393471832],[-55.347820284477415,73.91730972991128],[-55.3490467157676,73.91705556209676],[-55.35027288577239,73.91679695678602],[-55.35149924424306,73.91654277171422],[-55.352052132080786,73.91632430789512],[-55.35248010519547,73.91591405459336],[-55.35290828547004,73.91550822860376]]],"type":"Polygon"},"id":"0000000000000000025a","properties":{"area":108561.395086795,"elevation":588.0813085648527,"region":"NW","year":2018},"type":"Feature"},{"geometry":{"coordinates":[[[-55.03385506404977,74.50505052279077],[-55.03117951357553,74.50537153460549],[-55.02825433942684,74.50531802536699],[-55.024959215841086,74.50470266251394],[-55.02166394502169,74.50408289149544],[-55.02186908615364,74.50330249108497],[-55.02417451673407,74.50242405317255],[-55.0267248864019,74.50191575216165],[-55.02928013798107,74.501407381484],[-55.030430514006866,74.50097041344767],[-55.02783539947372,74.50031939637496],[-55.024540076537875,74.49970402456911],[-55.021244797328556,74.49908417430672],[-55.018323945423525,74.49903069652588],[-55.01552365166462,74.49916443413298],[-55.013218484251816,74.5000429379536],[-55.013463717495625,74.50041747491036],[-55.01325839045986,74.50120229252049],[-55.01305352299271,74.50198259227673],[-55.014248295077685,74.50269606171291],[-55.0154435810458,74.50341398985387],[-55.01523834692794,74.50419431113295],[-55.01713350015153,74.504876629691],[-55.0176284354888,74.50562569819188],[-55.019523572530986,74.50630794520147],[-55.0214188498091,74.50699017266031],[-55.02471402161833,74.50761003983882],[-55.02739387874766,74.5072889768832],[-55.02994456719041,74.50678059791156],[-55.0327491599796,74.50665132748586],[-55.03295436650795,74.50586651924554],[-55.03385506404977,74.50505052279077]]],"type":"Polygon"},"id":"0000000000000000010e","properties":{"area":299086.6612886038,"elevation":1052.7803613901797,"region":"NW","year":2018},"type":"Feature"},{"geometry":{"coordinates":[[[-53.50233232373324,72.57233784191784],[-53.50152070530957,72.57199002883287],[-53.50132913447627,72.57161546943402],[-53.49988864441078,72.57129443010234],[-53.49907254110555,72.5709466007344],[-53.49835470251672,72.5707860407767],[-53.49710186131781,72.5708440497774],[-53.49584421277509,72.57089751034137],[-53.49459135201974,72.57095550054387],[-53.493431928331745,72.57119633524735],[-53.49226808970641,72.57144157438984],[-53.49120239936952,72.57187408211148],[-53.49013648351236,72.57230665153683],[-53.49032392568488,72.57268124463687],[-53.49113534760245,72.57302899327918],[-53.49132259048039,72.57340802324032],[-53.492767455925225,72.57372460525421],[-53.494207799153344,72.574045656706],[-53.49555434052768,72.57417949558808],[-53.49681196221151,72.5741215042179],[-53.49806500678108,72.57406349888218],[-53.499317866967,72.57401003951706],[-53.50057545911034,72.57395201986361],[-53.50164126547296,72.57351950159904],[-53.501453836531034,72.57314496836713],[-53.5018953697663,72.57273916491101],[-53.50233232373324,72.57233784191784]]],"type":"Polygon"},"id":"00000000000000000028","properties":{"area":111896.45222594582,"elevation":893.0301216328085,"region":"NW","year":2018},"type":"Feature"},{"geometry":{"coordinates":[[[-56.9044926309785,75.21630831519751],[-56.90288279873264,75.21619677898565],[-56.90054174012988,75.21612992464678],[-56.89789304655944,75.2156885334829],[-56.89555662538435,75.21562163972898],[-56.89321563843223,75.21555469988219],[-56.89133820134861,75.21604076844419],[-56.88961248840123,75.21671858553506],[-56.88788688259492,75.21739191894967],[-56.886156773839026,75.21806965347612],[-56.88646427183231,75.21843978196836],[-56.8861969091996,75.21903724633164],[-56.886656241463044,75.21959463190208],[-56.88784684951554,75.22011634744706],[-56.88757932637679,75.2207138817802],[-56.8887652570207,75.22123113371501],[-56.88995585516589,75.22175290638262],[-56.891146502842325,75.2222701619069],[-56.89379510610287,75.22271157848884],[-56.895980292635066,75.22259120418934],[-56.89552076070905,75.22203377218642],[-56.895061530928984,75.2214763815978],[-56.89532906521354,75.2208788808219],[-56.89705476820951,75.22020560778454],[-56.89878049586783,75.21952773577607],[-56.89977477369807,75.21889014264455],[-56.90077349478357,75.21825695533047],[-56.902499410202346,75.21757913067584],[-56.904225019945564,75.21690586982935],[-56.9044926309785,75.21630831519751]]],"type":"Polygon"},"id":"000000000000000001a2","properties":{"area":233064.4379643573,"elevation":775.8264781094991,"region":"NW","year":2018},"type":"Feature"},{"geometry":{"coordinates":[[[-53.06733369265533,72.60916111835012],[-53.065269187975346,72.608866795701],[-53.063204467180675,72.60856809958953],[-53.061224702429726,72.608461038473],[-53.059249122507865,72.60835399048514],[-53.05736295986154,72.60843429811493],[-53.05547686997676,72.60851009910128],[-53.05358608788281,72.60859034766003],[-53.05196751671148,72.60923693727567],[-53.05016616541117,72.60950445922548],[-53.04827965078773,72.60958473268056],[-53.046215322088024,72.6092859955869],[-53.046393523122305,72.60966496512313],[-53.04602792320201,72.61025361105399],[-53.045038078626995,72.61087343235448],[-53.04656293576441,72.61138619826468],[-53.04745927471509,72.61192126565425],[-53.04898431430013,72.61243412691418],[-53.05105326459804,72.61272838191545],[-53.05311782213276,72.61302712918027],[-53.05509339331782,72.61313415338448],[-53.056983952917584,72.61305386193894],[-53.05887036677013,72.61297363010158],[-53.060760703909814,72.61289336460287],[-53.06273623188368,72.61300490199238],[-53.064537507026095,72.61273731632498],[-53.06615636914631,72.61209070587803],[-53.06651759469034,72.61149765904835],[-53.0662500498331,72.61093585010694],[-53.06535374031542,72.61039625687081],[-53.06634349736271,72.60978094360308],[-53.06733369265533,72.60916111835012]]],"type":"Polygon"},"id":"00000000000000000017","properties":{"area":290217.49162985355,"elevation":1251.4778409229489,"region":"NW","year":2018},"type":"Feature"},{"geometry":{"coordinates":[[[-55.47052141184331,74.23014687854521],[-55.47026284922809,74.2297723599516],[-55.46863533067658,74.22946466301657],[-55.4683810831023,74.22909007538475],[-55.46881373028682,74.2286843391202],[-55.467872699478924,74.22834539385867],[-55.46761873750989,74.2279708496054],[-55.466677578797764,74.22763196871107],[-55.46573254896589,74.22728862777095],[-55.46479145832495,74.22694973712032],[-55.46385084009964,74.22661081632349],[-55.46290981721451,74.2262719159419],[-55.4620939476105,74.22612033042142],[-55.46071595310054,74.22618720811857],[-55.45959655993574,74.22663315266423],[-55.45985095425764,74.22700323250828],[-55.46079178911019,74.22734659785867],[-55.46035923756018,74.22775236158353],[-55.46130004442047,74.22809122811832],[-55.46224096209408,74.2284345855908],[-55.463181650842,74.22877351312299],[-55.464813911646395,74.22907671581653],[-55.46644586142277,74.22938442536386],[-55.46669999673302,74.22975451929543],[-55.46832770133129,74.23006216210277],[-55.46858171078015,74.23043670337705],[-55.47008450601357,74.23055268308026],[-55.47052141184331,74.23014687854521]]],"type":"Polygon"},"id":"00000000000000000104","properties":{"area":62478.19064181667,"elevation":786.3065722836097,"region":"NW","year":2018},"type":"Feature"},{"geometry":{"coordinates":[[[-55.50166834608261,74.53457863853298],[-55.50153888091933,74.53439134948842],[-55.50140967558724,74.53420410564603],[-55.50128021617059,74.53401681623527],[-55.501151205581515,74.53382950134541],[-55.50102184717002,74.53364670322665],[-55.5001877481024,74.5334906275137],[-55.49948778665842,74.5335263099987],[-55.49878782145036,74.53356198988234],[-55.49808759553781,74.53359762177477],[-55.49751675574038,74.53381616749975],[-55.496946184822185,74.53403913223943],[-55.496245934024266,74.53407475714698],[-55.49554593640803,74.53411042484437],[-55.49497504674956,74.53432896227359],[-55.49440442536039,74.53455191870991],[-55.49370440286184,74.53458757942529],[-55.49300428333118,74.53461874590359],[-55.49243343708122,74.53484176667237],[-55.49186276522088,74.53506471480524],[-55.49129207870371,74.53528766097526],[-55.49072128480871,74.53550611356212],[-55.4900166165699,74.53554178086515],[-55.489316797484776,74.53557747039861],[-55.48874577912851,74.53579598730576],[-55.48887512471247,74.53598328344688],[-55.48900447316911,74.53617057940492],[-55.4891381637347,74.53635780924877],[-55.48926751798091,74.53654510483796],[-55.48939687510007,74.53673240024405],[-55.490096996021016,74.53669675623073],[-55.49079685620939,74.53666106421599],[-55.491626375337724,74.53681708452298],[-55.492326492027736,74.53678143229517],[-55.49289721050223,74.53655848429973],[-55.493601908977396,74.53652280664195],[-55.49430184415288,74.53649159321783],[-55.49487252674819,74.53626863886826],[-55.49557261101088,74.53623297443845],[-55.49627269150988,74.53619730740682],[-55.496843621469885,74.53597876765677],[-55.4974142535851,74.53575580500372],[-55.49798512801172,74.53553288577803],[-55.49868526770121,74.53550170120172],[-55.49938530907536,74.53546602239605],[-55.499955890715405,74.53524305144029],[-55.50052671466566,74.53502012390872],[-55.501097551317386,74.534801569988],[-55.50166834608261,74.53457863853298]]],"type":"Polygon"},"id":"00000000000000000147","properties":{"area":69359.83134759212,"elevation":708.9535789311882,"region":"NW","year":2018},"type":"Feature"},{"geometry":{"coordinates":[[[-54.88660209672565,74.47742635571859],[-54.88471592199931,74.47674413886114],[-54.882829631758725,74.47606185638097],[-54.8802434992942,74.47541082180165],[-54.87905740436952,74.47469292793957],[-54.877871086870925,74.47397947097465],[-54.875985014668686,74.47329276614022],[-54.87410334991679,74.47261048153757],[-54.87431289166593,74.47183018234796],[-54.87103105347898,74.4712103284726],[-54.869144883271474,74.47052364664982],[-54.865987714239445,74.47009561916326],[-54.86716936571136,74.4708090666535],[-54.868355631462855,74.47152699175868],[-54.870241947956764,74.47220918816454],[-54.87212789365978,74.47289588057575],[-54.87330977954006,74.47360935607409],[-54.87519579306071,74.4742960865177],[-54.876381777268485,74.4750095128382],[-54.878268049872915,74.47569621121868],[-54.87875415859558,74.47644536944134],[-54.8799402354506,74.47715884042009],[-54.88182641962356,74.47784552470871],[-54.88371261422417,74.47852776809464],[-54.88638814899162,74.47821110910749],[-54.88660209672565,74.47742635571859]]],"type":"Polygon"},"id":"0000000000000000014a","properties":{"area":101168.16164712602,"elevation":1091.9138330757346,"region":"NW","year":2018},"type":"Feature"},{"geometry":{"coordinates":[[[-53.84249048184953,72.83362331929527],[-53.84165635730626,72.83327996786002],[-53.84018497129443,72.83295896942924],[-53.838713431225436,72.83264227871497],[-53.837246429693636,72.8323257574516],[-53.83606908264331,72.83257099174875],[-53.834896411984445,72.83282069832293],[-53.83352748790984,72.83269136141797],[-53.83225226642147,72.83274939988183],[-53.831079446398945,72.83299459488597],[-53.82960789596712,72.83267801293049],[-53.828337047287846,72.83273597030194],[-53.827066188329724,72.83279391816448],[-53.82579092668505,72.83285190821057],[-53.82461805915678,72.83309717526937],[-53.823249208824706,72.83296787332634],[-53.82207208518818,72.83321310492663],[-53.82290592887012,72.83356091785393],[-53.822469074803735,72.83396668736752],[-53.821394264306456,72.83439920073211],[-53.822228148384276,72.83474701651757],[-53.82369531199703,72.83506359583043],[-53.825068522225465,72.83519291229999],[-53.82633954391697,72.83513498051276],[-53.82771276971486,72.83526427584215],[-53.82898378220995,72.83520632436395],[-53.83025899755574,72.8351483808956],[-53.83143172275766,72.83490314557115],[-53.83270708577314,72.83484511430608],[-53.83397786598308,72.83478719469433],[-53.83524881562862,72.83472919624668],[-53.83632328319028,72.83429222627333],[-53.837500495288374,72.83404694386513],[-53.838869529080675,72.8341762493635],[-53.84024302148563,72.8343056089041],[-53.84141578531929,72.83406035128343],[-53.84249048184953,72.83362331929527]]],"type":"Polygon"},"id":"00000000000000000053","properties":{"area":140427.81853058925,"elevation":577.8121020730401,"region":"NW","year":2018},"type":"Feature"},{"geometry":{"coordinates":[[[-56.896421504172054,74.92225292063264],[-56.894628877411755,74.92187833269143],[-56.89466015115473,74.92131205323695],[-56.89229236509979,74.9208438325853],[-56.89170397394783,74.92042020929192],[-56.88824355448582,74.91983608753887],[-56.88727600287261,74.91925195458188],[-56.88805612541601,74.91868116137368],[-56.88780209965815,74.91805691528216],[-56.887913562715184,74.91727656901917],[-56.88794021267757,74.91668795057092],[-56.885688546594835,74.91667452710205],[-56.88268312972137,74.91664338346968],[-56.879677635810175,74.91661659278509],[-56.877118239236175,74.91714280223572],[-56.87756845792397,74.91770010542346],[-56.87745698727672,74.91848492756029],[-56.87736789976454,74.91901115599805],[-56.87678368054512,74.91950166428872],[-56.875410447588216,74.92028644901579],[-56.8756867338656,74.92091072499665],[-56.87632000304184,74.92141011542729],[-56.8795128292786,74.9219496700377],[-56.88008353418767,74.92236882414903],[-56.88354815267709,74.92295741721304],[-56.88642419380317,74.92304214933543],[-56.88900617959058,74.9232428597087],[-56.892016103989974,74.92326954576205],[-56.894878675216034,74.9231135179065],[-56.896421504172054,74.92225292063264]]],"type":"Polygon"},"id":"00000000000000000194","properties":{"area":269459.5840349941,"elevation":92.5208531557247,"region":"NW","year":2018},"type":"Feature"},{"geometry":{"coordinates":[[[-54.76565351008592,73.71698912558574],[-54.76240727182319,73.71618200969222],[-54.758496597449664,73.71540613862045],[-54.75481332936842,73.71500477792253],[-54.750902791371416,73.7142288835537],[-54.74848602882368,73.71364925344507],[-54.748749171682064,73.71295362118816],[-54.749092441437384,73.71211972244556],[-54.7510722757259,73.71113877346984],[-54.753832586903954,73.71003737341222],[-54.75059075293507,73.70923024903749],[-54.748383547482476,73.70983668645272],[-54.746608697561506,73.71058133977299],[-54.74672477463604,73.71076861784539],[-54.74664889906927,73.71149547894258],[-54.74575261803006,73.71228031392764],[-54.74598450341809,73.71292242073781],[-54.74565913429058,73.71351990070714],[-54.74556542320913,73.7144875265574],[-54.7475452337186,73.7152099165154],[-54.748771437650156,73.71568260076559],[-54.751268463826854,73.7159456108574],[-54.753386668350046,73.71603927292213],[-54.756414327981666,73.71620871424481],[-54.76032950361166,73.7169846253922],[-54.76413289675669,73.71757325302916],[-54.76565351008592,73.71698912558574]]],"type":"Polygon"},"id":"000000000000000000bb","properties":{"area":146197.44477713102,"elevation":989.8953859081125,"region":"NW","year":2018},"type":"Feature"},{"geometry":{"coordinates":[[[-55.730879349760436,74.14003291528229],[-55.730750155746,74.13984565980445],[-55.72993869756942,74.13969406651415],[-55.72912699985758,74.13954242459465],[-55.728311072323116,74.13939085123924],[-55.72749939909181,74.13923920223597],[-55.726687989832946,74.139087594802],[-55.72655859348844,74.13890029112078],[-55.72711144224798,74.13867733753169],[-55.72766452889546,74.1384544271622],[-55.7282173499542,74.13823146981042],[-55.728770481186274,74.13801293680021],[-55.72932758399291,74.13779001969066],[-55.72919842349604,74.13760276213772],[-55.728382331841075,74.13745114372323],[-55.727570745764744,74.13729949475484],[-55.726759423630796,74.13714788735604],[-55.72594767791641,74.13699630234672],[-55.72513163529831,74.13684466970639],[-55.724449454382274,74.1368803127638],[-55.72376708576413,74.13691602430812],[-55.7230848976265,74.13695166229824],[-55.72252755203933,74.1371746318542],[-55.72197468586384,74.13739757265462],[-55.72142173532145,74.13761613045438],[-55.72086884157568,74.13783906749575],[-55.72099817261018,74.13802637528451],[-55.72180968037415,74.13817793645627],[-55.721939023523085,74.13836524348595],[-55.7220681177425,74.13855250523429],[-55.72219746648563,74.13873981191763],[-55.72164455041308,74.13896275039487],[-55.721773898233565,74.13915005714439],[-55.722585461888954,74.13930161480225],[-55.72271493506965,74.1394844686765],[-55.722844046025564,74.13967172938858],[-55.72365589208017,74.13982332744985],[-55.72447180847602,74.13997492098937],[-55.725283243136275,74.14012653788191],[-55.726094941779316,74.14027819634659],[-55.726781485580624,74.14024247633247],[-55.72746378348663,74.14020682582922],[-55.72814607778112,74.14017117279239],[-55.728828368463894,74.14013551722199],[-55.72964433323784,74.14028708822384],[-55.730326511823904,74.14025587928077],[-55.730879349760436,74.14003291528229]]],"type":"Polygon"},"id":"00000000000000000149","properties":{"area":66023.05252217871,"elevation":590.1943829327577,"region":"NW","year":2018},"type":"Feature"},{"geometry":{"coordinates":[[[-54.8065479357995,73.62554631937051],[-54.80565161659541,73.62520294394027],[-54.805419764706805,73.62482843214039],[-54.80519248564179,73.62445384423246],[-54.804296242063494,73.62411046161786],[-54.8034042268603,73.62376713935454],[-54.80250795029983,73.62342824960285],[-54.80161618065341,73.62308484809648],[-54.80028752531636,73.62314731510833],[-54.79872658038431,73.62283966019578],[-54.79728635213975,73.62271481596034],[-54.796185043598946,73.6231562123727],[-54.796412556760615,73.62353078779773],[-54.79531537722234,73.62397224264885],[-54.79487849678016,73.62437803019417],[-54.79511038169453,73.62475260103362],[-54.796002065837335,73.62509591674849],[-54.79556955726972,73.6255016997168],[-54.79579709073341,73.62587627393897],[-54.7966934643467,73.62621962697938],[-54.79692078640316,73.62659415296567],[-54.7964837030272,73.62700001192142],[-54.79781703044903,73.6269375703369],[-54.79937325690551,73.62724521488799],[-54.8005905698609,73.62699547080037],[-54.80191922199552,73.62692864230108],[-54.803016303208445,73.62649165214938],[-54.80446113545015,73.62661201423882],[-54.80578982526299,73.62654958845317],[-54.806342726912334,73.62632666800458],[-54.806111029032365,73.6259520877239],[-54.8065479357995,73.62554631937051]]],"type":"Polygon"},"id":"000000000000000000b0","properties":{"area":122205.75642837209,"elevation":822.9806540226191,"region":"NW","year":2018},"type":"Feature"},{"geometry":{"coordinates":[[[-58.89131639114548,76.14374782079575],[-58.89112458130038,76.14356502415148],[-58.890932966560236,76.14338215381186],[-58.890741317109196,76.1431948724406],[-58.88997428668171,76.14323952174973],[-58.88920266245508,76.14328853041553],[-58.88843147414169,76.14333309288386],[-58.887851706248085,76.14356500965503],[-58.88727207298528,76.14379244037981],[-58.88650518793598,76.14383700345566],[-58.88573380778888,76.14388603992923],[-58.885153839379356,76.14411342352102],[-58.88457428166313,76.14434537075304],[-58.883994569140164,76.14457279121551],[-58.88341487681444,76.1448046204238],[-58.88283497649695,76.14503652106819],[-58.88302700424845,76.14521936407367],[-58.88398543202465,76.14535757490796],[-58.884177514599415,76.1455448273799],[-58.88436474602402,76.14572769357831],[-58.88455650991622,76.14591049402641],[-58.88474812568305,76.14609777821235],[-58.88570690952785,76.1462360219522],[-58.88647844240151,76.14619139756861],[-58.88705784350312,76.14595952089851],[-58.887637517533314,76.14572768302747],[-58.888217212823434,76.14550025388404],[-58.888797042585544,76.14526833873512],[-58.88937651291167,76.14504097910391],[-58.889956307894565,76.14480906006524],[-58.8905358949207,76.1445772124692],[-58.89111579434518,76.14434981437101],[-58.89092412957255,76.14416253394495],[-58.890736845731965,76.14397967172192],[-58.89131639114548,76.14374782079575]]],"type":"Polygon"},"id":"000000000000000001ee","properties":{"area":39911.067859573275,"elevation":967.2574204474552,"region":"NW","year":2018},"type":"Feature"},{"geometry":{"coordinates":[[[-55.19907363446089,73.63538757082753],[-55.19817289432048,73.63504417920888],[-55.1966034470159,73.63473648739327],[-55.195038241289666,73.63443334026755],[-55.19479733444331,73.63405871940094],[-55.19458783306061,73.63403201727193],[-55.19326352077901,73.63409885695127],[-55.191818804001926,73.63397843265543],[-55.19073074142555,73.63441996329303],[-55.18964256431354,73.63486137009286],[-55.188554578848894,73.63530281533096],[-55.187466541162586,73.63574425316914],[-55.186378695132625,73.63618572945037],[-55.18661485114143,73.63655582506121],[-55.18552693840864,73.63699729487948],[-55.18642774955008,73.6373406768667],[-55.18799284123888,73.63764835431702],[-55.18823361023268,73.63801836156487],[-55.18913433433806,73.63836180036093],[-55.1894285416777,73.63854014269819],[-55.190119788758594,73.6385445870009],[-55.191448566242734,73.63847771277727],[-55.192777330816774,73.63841082864293],[-55.19386538077256,73.63796936162903],[-55.19429353575505,73.63756359823154],[-55.19471729562375,73.6371533456082],[-55.19580522638146,73.63671186472348],[-55.196897728046174,73.63627040738544],[-55.19798561659271,73.63582902810896],[-55.19907363446089,73.63538757082753]]],"type":"Polygon"},"id":"000000000000000000c2","properties":{"area":121307.27190193531,"elevation":536.1031386173595,"region":"NW","year":2018},"type":"Feature"},{"geometry":{"coordinates":[[[-56.19492908877546,74.97695711842123],[-56.194465422179974,74.97623035391892],[-56.18706774738159,74.97544995403618],[-56.180383619924605,74.97540539464354],[-56.173708391986494,74.97555252645031],[-56.16722047350882,74.97782218688751],[-56.16103120871687,74.97852677027895],[-56.15417739867325,74.97943195261276],[-56.14764480411222,74.98056458502083],[-56.152848682917394,74.98260684694979],[-56.148933489761895,74.98532684747227],[-56.14545109960227,74.98763667532833],[-56.148456439844594,74.98961652199613],[-56.14929464236033,74.99170787201189],[-56.15333470881116,74.99305898409868],[-56.16353699148497,74.99369659924469],[-56.172905683486896,74.99321505547914],[-56.175277923651166,74.99232317591074],[-56.17351224308894,74.99008028297322],[-56.1668325144265,74.98810490813389],[-56.169302784925,74.98546062904235],[-56.16680546213614,74.98324895015955],[-56.17172400185066,74.98086327372079],[-56.17984847290098,74.97969058294399],[-56.18038805402722,74.97751007334921],[-56.187772295259556,74.97734951381872],[-56.19492908877546,74.97695711842123]]],"type":"Polygon"},"id":"0000000000000000017a","properties":{"area":1206169.0879821773,"elevation":816.9157675843887,"region":"NW","year":2018},"type":"Feature"},{"geometry":{"coordinates":[[[-58.900506452214714,76.14790370041113],[-58.90031930170288,76.14772088956902],[-58.89935614156143,76.14757821921485],[-58.89839737617657,76.14743996284426],[-58.89762607019356,76.14748896704953],[-58.89704645428194,76.14771641994761],[-58.89646686234047,76.14794828154749],[-58.89569500020009,76.14799290048268],[-58.89473652332585,76.1478546687498],[-58.89377343301851,76.14771638425702],[-58.892814504857185,76.14757817660502],[-58.89185140445483,76.14743547285627],[-58.89089279664393,76.1472972973644],[-58.88992957552782,76.14715906902912],[-58.88897089746648,76.14702077082994],[-58.888012334106854,76.1468825824844],[-58.88782037983135,76.14669526086394],[-58.88762856879152,76.14651246371722],[-58.88667004569293,76.14637426930109],[-58.88589869534053,76.14641882089407],[-58.88531877853975,76.14665072631449],[-58.885510565678054,76.1468335252419],[-58.88646940013985,76.14697176541782],[-58.886661052319326,76.14715904716908],[-58.88684852360869,76.1473418367032],[-58.88704014672133,76.14752470721066],[-58.88723181299752,76.14771198804092],[-58.88819042274786,76.14785017962777],[-58.889153675663195,76.14798841552107],[-58.89011260549335,76.14812663927349],[-58.89030431518552,76.14831391710004],[-58.890495990160986,76.14849678400095],[-58.89126279173213,76.14845216832539],[-58.89203421602461,76.14840759838276],[-58.8929975286464,76.1485458170405],[-58.89395603709797,76.14868405629011],[-58.89472746009101,76.14863947670352],[-58.89549902693196,76.14859041027864],[-58.89626610013668,76.14854581734525],[-58.89703750559437,76.14850122930264],[-58.89800066602846,76.14863949908245],[-58.898767439474334,76.14859485642138],[-58.899347307407304,76.14836302996976],[-58.899926909518754,76.14813557148027],[-58.900506452214714,76.14790370041113]]],"type":"Polygon"},"id":"000000000000000001ef","properties":{"area":38156.735206440084,"elevation":966.3089929394279,"region":"NW","year":2018},"type":"Feature"},{"geometry":{"coordinates":[[[-54.679971994061354,73.33265474235093],[-54.67887509142706,73.33193679467946],[-54.679079925494975,73.33115646653124],[-54.6779831440334,73.33043851178523],[-54.676881710104254,73.32972057586056],[-54.677091162628045,73.32894029063972],[-54.675338932861756,73.32825359487364],[-54.673590898716135,73.3275668323837],[-54.67183849065525,73.32688012496737],[-54.66911850029986,73.32682221381421],[-54.66650526550891,73.32695152782605],[-54.66433834496609,73.32782554712969],[-54.66217127033185,73.32870397139955],[-54.662394010993616,73.32907852713741],[-54.66218461630533,73.32985881377324],[-54.66263042459898,73.33061240409907],[-54.662420847293745,73.33139275855056],[-54.66156040504785,73.33220435293889],[-54.662006203681166,73.33295350680619],[-54.66310311830062,73.33367134399681],[-54.66354901421974,73.33442049223095],[-54.66464612903841,73.33513843514746],[-54.66509188326464,73.33588753119585],[-54.66684426025729,73.33657427341856],[-54.66924775835643,73.33722973176377],[-54.67197227390401,73.33728771733391],[-54.67436231130514,73.3367882564332],[-54.67522304809065,73.33597231036899],[-54.677390081112776,73.33509381051459],[-54.677595237422544,73.33431353645405],[-54.677804875676934,73.33353318798416],[-54.679971994061354,73.33265474235093]]],"type":"Polygon"},"id":"0000000000000000008d","properties":{"area":480379.71890550846,"elevation":721.6425218815963,"region":"NW","year":2018},"type":"Feature"}]}