{"type":"FeatureCollection","features":[{"geometry":{"coordinates":[[[-29.623096992253757,69.03909780170594],[-29.62286513672514,69.03867866571801],[-29.622125014616646,69.0382149038175],[-29.621384540333676,69.0377466696426],[-29.62064447784444,69.03728289989546],[-29.61962336451429,69.03718038335306],[-29.61846396024483,69.03726507324492],[-29.617300028450888,69.03734536596707],[-29.616278988161337,69.03724725592483],[-29.615257911129383,69.03714470800155],[-29.614236846575125,69.03704215270051],[-29.61321564080568,69.03694405892182],[-29.612194601021,69.03684148886641],[-29.611454363399805,69.03637774635179],[-29.610713977766753,69.03590949313319],[-29.609973799769243,69.03544574277016],[-29.609095327490152,69.03516040877138],[-29.608810094107078,69.0355260418226],[-29.60918010282614,69.03575788251487],[-29.610062999698314,69.03604328818179],[-29.61080319691903,69.03650703816554],[-29.611543472041927,69.03697521474139],[-29.61228357500319,69.03744342578082],[-29.61330479465933,69.03754152605055],[-29.61432587291388,69.03764408784643],[-29.615066008382392,69.03810785343546],[-29.615949078191857,69.03839322166547],[-29.616827517550284,69.03867412011475],[-29.61784859941222,69.03877677079731],[-29.618869766152873,69.03887929944659],[-29.620033522750514,69.0387946008539],[-29.621054707656576,69.03889711379678],[-29.62193316875794,69.03917809477736],[-29.623096992253757,69.03909780170594]]],"type":"Polygon"},"id":"00000000000000000000","properties":{"area":63861.00353373125,"elevation":1799.4650363441706,"region":"SE","year":2019},"type":"Feature"},{"geometry":{"coordinates":[[[-30.756025101726188,68.82105665683758],[-30.755267183800896,68.82059733879575],[-30.754509096397104,68.8201380565988],[-30.753751108738093,68.81967438004354],[-30.754518142091055,68.81935330002781],[-30.75426838554245,68.81894304847096],[-30.75351030538363,68.81847929576668],[-30.752752317888476,68.81802000437669],[-30.751994160932842,68.8175607488268],[-30.750977611324164,68.81746705135683],[-30.750219446582182,68.8170033206426],[-30.749077921244538,68.81709698993659],[-30.748190609035053,68.81682055023666],[-30.747432523700702,68.81635680413979],[-30.746545128707535,68.81608027869734],[-30.746286585532747,68.8164459475689],[-30.74501580323159,68.816722418351],[-30.744757230436594,68.81708808511712],[-30.743481821386027,68.8173645452305],[-30.742714735915644,68.81768556542444],[-30.743472896174158,68.81814483292068],[-30.744230886964896,68.81860413624395],[-30.74448072250067,68.81901883288452],[-30.744730366809044,68.81943356915971],[-30.745488422447544,68.81989286583594],[-30.746246436525507,68.8203565486867],[-30.74713384610472,68.82063300073231],[-30.74815049932679,68.82072672487875],[-30.749037949445494,68.82100316470358],[-30.75005011627024,68.82109676227742],[-30.751196015375417,68.82100315981107],[-30.75247142863281,68.82073113279631],[-30.75335874185255,68.82100758485699],[-30.754116830016656,68.82146687373357],[-30.75526280975066,68.82137770366154],[-30.756025101726188,68.82105665683758]]],"type":"Polygon"},"id":"00000000000000000001","properties":{"area":170755.72559322554,"elevation":1269.963052074399,"region":"SE","year":2019},"type":"Feature"},{"geometry":{"coordinates":[[[-30.365020131553546,68.90469600034488],[-30.364908474450523,68.90409848109962],[-30.363115904178883,68.90432145805256],[-30.3613235119004,68.90454437343774],[-30.35953102871685,68.90476738162337],[-30.357604530029477,68.90517318203175],[-30.35567817883232,68.9055789179091],[-30.35541067353079,68.9059490071149],[-30.353484368250477,68.90635479040323],[-30.35308313002555,68.90690325668011],[-30.35421568802817,68.90759890853586],[-30.354831074267963,68.90824548067384],[-30.354434089214248,68.90879392617389],[-30.355829930485907,68.90911942626782],[-30.35695808314187,68.90981504601677],[-30.358483054156764,68.90995777285099],[-30.360409402613772,68.90955195677812],[-30.36234009060203,68.90914616490704],[-30.362228623920842,68.90854871497072],[-30.362625637843053,68.90800021063743],[-30.36302683576809,68.9074473276374],[-30.363423811782905,68.90689882232141],[-30.363824971456264,68.90634593832601],[-30.364221909569125,68.90579743202815],[-30.3646232205663,68.90524897450209],[-30.365020131553546,68.90469600034488]]],"type":"Polygon"},"id":"00000000000000000002","properties":{"area":193402.37355001082,"elevation":1413.789731552375,"region":"SE","year":2019},"type":"Feature"},{"geometry":{"coordinates":[[[-30.254884638591655,68.92291144369152],[-30.254403052970314,68.92208206919187],[-30.254429848912146,68.9213017205681],[-30.253435582001217,68.92042326417685],[-30.252953888824415,68.91959392557298],[-30.25118363984554,68.91903202122442],[-30.24941784275611,68.91847461425161],[-30.24764750792857,68.91791281889343],[-30.245208445030894,68.91826950893278],[-30.24263555750082,68.91880906340668],[-30.240062707657266,68.91934864875743],[-30.23979501643923,68.91971873168345],[-30.23722222936099,68.92025822898111],[-30.235666018600885,68.92089594822176],[-30.234109635832056,68.92152910904888],[-30.23306196325811,68.92221582254477],[-30.23354351290082,68.92304523619543],[-30.235447555551673,68.92341976697651],[-30.237485206775258,68.9236159908365],[-30.23938931187989,68.92399058274712],[-30.241427070963113,68.92418674930526],[-30.2434650426183,68.92437849473144],[-30.245636448373304,68.92438737965237],[-30.24780800354863,68.92439630705455],[-30.25024727959917,68.92403964101742],[-30.2528200344192,68.92350005815436],[-30.254884638591655,68.92291144369152]]],"type":"Polygon"},"id":"00000000000000000003","properties":{"area":437986.17148201464,"elevation":1444.705358536444,"region":"SE","year":2019},"type":"Feature"},{"geometry":{"coordinates":[[[-30.215114046922274,68.93109839436467],[-30.214739421530613,68.9308664966383],[-30.21345087086871,68.93113848940531],[-30.212162135385885,68.93140604280892],[-30.210873336814057,68.93167805232868],[-30.209584755336877,68.93194554406446],[-30.20870184382546,68.93166463386322],[-30.20795265508043,68.93120091691236],[-30.207203496227745,68.93073719595168],[-30.206182320979412,68.93064352250965],[-30.20502761399449,68.93072824855163],[-30.204759975866317,68.93109388468858],[-30.20500077462878,68.93150860864992],[-30.20422037060398,68.93182964517388],[-30.20293626178186,68.93209720759555],[-30.201647493609652,68.9323692111884],[-30.202022066912946,68.93260103018874],[-30.203310644504594,68.93232906221496],[-30.204599358076614,68.93206151118929],[-30.205883626008493,68.93178954235091],[-30.20703858550409,68.93170476946594],[-30.20778756817834,68.93216853076117],[-30.208536781466442,68.9326322488475],[-30.20929041878311,68.93309601692742],[-30.210039491230596,68.93355976617174],[-30.21068173609952,68.93342156237803],[-30.2114620855235,68.93310495751473],[-30.211729653607467,68.93273930876107],[-30.213018303779673,68.93246732974248],[-30.21328584150625,68.93210167873971],[-30.21406611898999,68.93178506107313],[-30.21433367225789,68.93141494136948],[-30.215114046922274,68.93109839436467]]],"type":"Polygon"},"id":"00000000000000000004","properties":{"area":57522.48580997384,"elevation":1467.1401672344373,"region":"SE","year":2019},"type":"Feature"},{"geometry":{"coordinates":[[[-29.772659640026298,69.02583639987326],[-29.77242782285974,69.02541723381094],[-29.771268554255553,69.02550200157509],[-29.770247337781736,69.02540388479922],[-29.769364447931213,69.02511849372755],[-29.76848145718076,69.02483756567528],[-29.767460420645737,69.02473950471024],[-29.766439188767812,69.02463693021613],[-29.765418176530382,69.02453885448851],[-29.76528429544368,69.02461909683426],[-29.765007860855654,69.02498468592105],[-29.764727073000202,69.02535039805134],[-29.764963348056373,69.02576506237934],[-29.76598440862045,69.02586314088146],[-29.76672458408713,69.0263313968942],[-29.767745682238797,69.02642946250629],[-29.768490310765447,69.02689323174033],[-29.769235046812003,69.02736142704214],[-29.770256338238372,69.02745955030595],[-29.77083149613236,69.02742384466512],[-29.771549457985827,69.02729900968593],[-29.77131292054409,69.02688428093754],[-29.771594097258365,69.02651866983335],[-29.77187032759674,69.02615299224004],[-29.772530299004313,69.02591224757171],[-29.772659640026298,69.02583639987326]]],"type":"Polygon"},"id":"00000000000000000005","properties":{"area":56746.245206215644,"elevation":1737.677267822001,"region":"SE","year":2019},"type":"Feature"},{"geometry":{"coordinates":[[[-29.71931553195049,69.06485358324417],[-29.719083650916268,69.06443888906276],[-29.718338878539456,69.06397507401842],[-29.717179609123164,69.06405534271006],[-29.716153884462805,69.06395727849697],[-29.71485203000099,69.06422484301194],[-29.71383073082133,69.06412228601478],[-29.712805231661076,69.06402415915842],[-29.71164148288218,69.06410442896755],[-29.71048187376077,69.0641891512911],[-29.709456331933623,69.06408656993214],[-29.70815422393923,69.06435411316981],[-29.706990455942293,69.06443889073086],[-29.70582669137559,69.06451911384367],[-29.704524665615654,69.06478670120244],[-29.70424815689836,69.06515235796537],[-29.704479975517643,69.06556704104034],[-29.704199046409304,69.06593262886867],[-29.70522021545963,69.06603517810746],[-29.706103081851126,69.06631611985523],[-29.707266935017227,69.06623589326558],[-29.70829255730495,69.06633394442542],[-29.709451937708206,69.06624920058475],[-29.71061579023584,69.06616894698296],[-29.711360325406112,69.0666327281887],[-29.712381508966878,69.06673534044042],[-29.71340719228256,69.06683335453384],[-29.714570874337447,69.06675310710324],[-29.71587300209012,69.06648561878579],[-29.717174976070133,69.06621804291218],[-29.71847712435017,69.06595496219838],[-29.718758051460487,69.06558931051752],[-29.719038969620513,69.06522365854883],[-29.71931553195049,69.06485358324417]]],"type":"Polygon"},"id":"00000000000000000006","properties":{"area":142668.19938385603,"elevation":1748.0272057718319,"region":"SE","year":2019},"type":"Feature"},{"geometry":{"coordinates":[[[-30.16875282714602,68.96669537417337],[-30.1678698312057,68.96641886330158],[-30.167597803324746,68.96678451259609],[-30.16732576681374,68.96715016164306],[-30.166037005525116,68.96741771019569],[-30.164743903474438,68.96768973561154],[-30.163455427822637,68.96795729829087],[-30.162675006105978,68.96827832603435],[-30.16240287986488,68.96864396749186],[-30.161622604823922,68.96896059827012],[-30.160842179464275,68.96927714941225],[-30.161591382906284,68.96974094323305],[-30.16081121322735,68.9700619991033],[-30.159522380035064,68.97032956824161],[-30.15925038321284,68.97069516636182],[-30.158982727593035,68.97106528739205],[-30.158710844913614,68.97143096076968],[-30.158951611118702,68.97184559581096],[-30.159972727878678,68.97194372495494],[-30.160989305070622,68.97203736274096],[-30.16214866964073,68.9719526455156],[-30.16190804573158,68.97153797735466],[-30.16268840525106,68.97122134300254],[-30.16296040937833,68.97085127096315],[-30.16424904720238,68.97058370982668],[-30.16502934979561,68.97026706379145],[-30.164280187015066,68.96980336446642],[-30.164039410643397,68.96938862549305],[-30.165332611130463,68.96911660467683],[-30.166621269317154,68.96884909986485],[-30.167401668334254,68.96852805068885],[-30.166652372803807,68.96806428903199],[-30.167432696126856,68.96774770796677],[-30.168213201591577,68.96743108385546],[-30.16848522906458,68.96706543310692],[-30.16875282714602,68.96669537417337]]],"type":"Polygon"},"id":"00000000000000000007","properties":{"area":83792.59743966232,"elevation":1464.4950109203037,"region":"SE","year":2019},"type":"Feature"},{"geometry":{"coordinates":[[[-30.71002963259331,68.84029769911146],[-30.709414193839958,68.83887076652387],[-30.70585593533599,68.8385407543525],[-30.70255617548368,68.83784963123203],[-30.70142807634514,68.83637367555535],[-30.701829286221887,68.83504042428739],[-30.70158862272548,68.83384537037287],[-30.69880600242092,68.832418459466],[-30.69550194395846,68.83250320398732],[-30.692558879425366,68.83360011080356],[-30.690128589539935,68.83474610939508],[-30.686681637839012,68.83579844588712],[-30.68221384896028,68.83675715755669],[-30.67813817749059,68.83716296687217],[-30.674579638148263,68.8368329357008],[-30.674450392177558,68.83701578819417],[-30.674561964550133,68.83839813924538],[-30.675685699161214,68.83986958248767],[-30.678334234778188,68.84148379203079],[-30.681504672836592,68.84236223617498],[-30.684933858068746,68.84287507207839],[-30.688750794278477,68.84283494995152],[-30.69282633485605,68.84242913687811],[-30.69690200736236,68.84201889302555],[-30.700723579401476,68.84198322021],[-30.703501523783064,68.84341014841158],[-30.70771081459835,68.84282152489371],[-30.709124482294193,68.84158194113324],[-30.71002963259331,68.84029769911146]]],"type":"Polygon"},"id":"00000000000000000008","properties":{"area":1032234.2138650272,"elevation":1275.6951646715322,"region":"SE","year":2019},"type":"Feature"},{"geometry":{"coordinates":[[[-30.039024065901216,69.0215244623029],[-30.038141263508013,69.02124354528438],[-30.037253875390082,69.02096260250485],[-30.036232672615938,69.02086452032509],[-30.03507322794967,69.02094923687507],[-30.03404776657344,69.0208511556327],[-30.033026593120276,69.02075305033809],[-30.031867080403874,69.02084220912604],[-30.030707770294814,69.02092696629265],[-30.029414769366458,69.02119453580117],[-30.02811713628173,69.0214620736001],[-30.02799219084375,69.02154228947356],[-30.02772030734939,69.02190798578933],[-30.02809475816138,69.02213979293482],[-30.029387951295682,69.02187231013075],[-30.030547306892156,69.02178756296254],[-30.03170673416713,69.02169833830027],[-30.03286601202009,69.02161368737454],[-30.033615288185775,69.02207742416071],[-30.03436418678526,69.02254558823725],[-30.035113523159303,69.02300931699641],[-30.035862687915486,69.02347308071457],[-30.03610352415382,69.02388780862232],[-30.035826985739146,69.02425342419221],[-30.03606782772188,69.02466815247088],[-30.036950721391246,69.02494908225007],[-30.037227121677702,69.02458338844234],[-30.037351982946866,69.0245076325794],[-30.037111193196584,69.02408843859578],[-30.03738771104745,69.02372282087548],[-30.037659610813275,69.02335718275128],[-30.03793170358025,69.02299150539748],[-30.038203586029383,69.02262586676845],[-30.038480068921345,69.02226024799894],[-30.03875200789957,69.02189014067233],[-30.039024065901216,69.0215244623029]]],"type":"Polygon"},"id":"00000000000000000009","properties":{"area":76071.69767703576,"elevation":1539.6907454528316,"region":"SE","year":2019},"type":"Feature"},{"geometry":{"coordinates":[[[-30.1165767474608,69.00992185074914],[-30.116411742790998,69.00948937148016],[-30.115288219109257,69.00879375085447],[-30.114159953813036,69.00809814258564],[-30.113798683864545,69.00775924767306],[-30.114717245567736,69.00725978293947],[-30.114975841922792,69.00699671786239],[-30.114873306600412,69.00639918967181],[-30.113205734163834,69.00643485791888],[-30.111399625779026,69.00665780892469],[-30.10945999825908,69.00705915676494],[-30.109201345539358,69.0073222126095],[-30.109303940241748,69.00791970814265],[-30.10889369794117,69.00847265038882],[-30.10904534873263,69.00900776442495],[-30.10718135494712,69.0093956912011],[-30.106410048963273,69.00960532174891],[-30.107025323413527,69.01025631955972],[-30.108149041695206,69.01095193038009],[-30.109682922392963,69.01109462517502],[-30.1112169708228,69.0112417322185],[-30.112750976159074,69.01138893745038],[-30.113522292487854,69.01117491903963],[-30.114315889440174,69.01075127273513],[-30.11626018078693,69.01034991116882],[-30.1165767474608,69.00992185074914]]],"type":"Polygon"},"id":"0000000000000000000a","properties":{"area":142023.99072652074,"elevation":1523.9356407905461,"region":"SE","year":2019},"type":"Feature"},{"geometry":{"coordinates":[[[-30.111043101866507,68.99975516839685],[-30.108867093232416,68.99974621416293],[-30.106548218062382,68.99991564455895],[-30.104372160618816,68.99990673681646],[-30.10246377132258,68.99952768252274],[-30.099877361447575,69.00006284138436],[-30.097424932651464,69.00041954577163],[-30.095926560598794,68.99949204363924],[-30.094424035755566,68.99856454385092],[-30.092381746781953,68.99836834136622],[-30.09006728675941,68.99853779071204],[-30.0878868715051,68.99852891710827],[-30.087761959704697,68.99860467431951],[-30.08875188299366,68.99948311214013],[-30.08679892334722,68.99999150577959],[-30.086402042737205,69.00043732842981],[-30.087663870439066,69.00095017702138],[-30.08970617366556,69.00114636964452],[-30.091752929294426,69.00134259018235],[-30.093795190040858,69.00153429466856],[-30.095837566399748,69.00173051336395],[-30.09828994790267,69.00137822592094],[-30.100604281807083,69.00120436504913],[-30.102650937973284,69.00140058212408],[-30.10496527761252,69.00122665089881],[-30.107551476745034,69.00069155285304],[-30.11013777385011,69.00015201755768],[-30.111043101866507,68.99975516839685]]],"type":"Polygon"},"id":"0000000000000000000b","properties":{"area":189034.99243561205,"elevation":1521.3910241478363,"region":"SE","year":2019},"type":"Feature"},{"geometry":{"coordinates":[[[-30.354964789321155,68.96429634516369],[-30.35459028993539,68.96406451028577],[-30.354077521464685,68.96401991846442],[-30.35343517418021,68.96415365721262],[-30.352922422143966,68.96410459397319],[-30.35241406113594,68.9640600456299],[-30.351767637794108,68.96419376362569],[-30.351125410052106,68.9643275677522],[-30.35048336275522,68.96446579694626],[-30.34983685298225,68.96459962146902],[-30.34919480852034,68.96473337781556],[-30.348548140050056,68.96487158841174],[-30.347906083824018,68.9650053391683],[-30.347259535360834,68.96514361969906],[-30.346617467369448,68.96527736486615],[-30.34597079027698,68.96541109693594],[-30.34583699294091,68.96559399224651],[-30.346216022214495,68.96582586162583],[-30.346595059062402,68.96605772997877],[-30.34696950001223,68.9662895870282],[-30.347348551958756,68.96652145334106],[-30.347723340849587,68.96675334453688],[-30.348102207012328,68.96698524820896],[-30.34861059882792,68.96703427874563],[-30.348744199595306,68.9668469527701],[-30.348878116184828,68.96666413017248],[-30.349524818031362,68.96653038447543],[-30.35016691048789,68.96639662577779],[-30.350300495754563,68.9662092986846],[-30.350434397141456,68.9660264749588],[-30.35108087535669,68.96589276201902],[-30.35172295955272,68.965754529461],[-30.35236522428646,68.96562072197626],[-30.35301155280903,68.96548692504584],[-30.35314543019445,68.96530409923716],[-30.353279118683442,68.96511684552146],[-30.3539213607515,68.96498303143709],[-30.354567798595113,68.96484930341825],[-30.354697258354527,68.96466642704164],[-30.354830931380196,68.96447917221106],[-30.354964789321155,68.96429634516369]]],"type":"Polygon"},"id":"0000000000000000000c","properties":{"area":56616.61989170644,"elevation":1445.1227309842352,"region":"SE","year":2019},"type":"Feature"},{"geometry":{"coordinates":[[[-30.446626023418467,68.95367478344797],[-30.445493418956598,68.95298366861081],[-30.444360746469272,68.95228800216262],[-30.443223674787262,68.95159686180739],[-30.44362049258996,68.95104390910691],[-30.444021896409115,68.95049543006705],[-30.44441880839611,68.94994255184278],[-30.444307391606703,68.94934503166189],[-30.444704146537767,68.94879654527692],[-30.444079968486317,68.94814998507185],[-30.443455691189225,68.94750334681197],[-30.4421891406229,68.94699503523185],[-30.441284037281243,68.94749897593717],[-30.44037436211524,68.94799832240825],[-30.439464785446795,68.9485022062844],[-30.43855957335989,68.94900613201183],[-30.437649923942,68.94951000586033],[-30.437253004163594,68.95005847514028],[-30.436856267882778,68.95061137139253],[-30.434925357790952,68.95101713770754],[-30.434528483322293,68.95156567698521],[-30.434640060439424,68.95216759729388],[-30.435772475596448,68.95285876240266],[-30.43639672203095,68.95350532472708],[-30.437150602338736,68.95396909139389],[-30.43868443315855,68.95411173158897],[-30.439950719757537,68.95462007912204],[-30.44188147264384,68.95421431932161],[-30.443807899776576,68.95380409608862],[-30.445471266154218,68.95376397932915],[-30.446626023418467,68.95367478344797]]],"type":"Polygon"},"id":"0000000000000000000d","properties":{"area":226919.41252581053,"elevation":1418.4517840227343,"region":"SE","year":2019},"type":"Feature"},{"geometry":{"coordinates":[[[-30.038016298610284,69.03536556165048],[-30.036856880855783,69.03545026152317],[-30.03555944460977,69.03571779987568],[-30.034538166004435,69.03561970925239],[-30.034413493224502,69.0356999696557],[-30.034185950568585,69.0360031514034],[-30.032964224618937,69.03625734982313],[-30.031671127673494,69.03652491344161],[-30.030373395554157,69.03679244546375],[-30.029075841751293,69.0370599271794],[-30.028950943196485,69.0371402222399],[-30.028723652992607,69.03744343373117],[-30.02810821188655,69.03762624562277],[-30.027889681116772,69.03782249587384],[-30.028777070109154,69.03810338360083],[-30.029936482095444,69.03801867120106],[-30.031100169460526,69.03793393292597],[-30.032259574361483,69.03784920190792],[-30.03341910700411,69.03776453746296],[-30.03413238847806,69.03754599798616],[-30.034328640458313,69.03736769750577],[-30.03498865725464,69.03713129877144],[-30.03511333633875,69.0370510376597],[-30.035340879383707,69.0367478540702],[-30.036558135340105,69.03649369091582],[-30.037343110940537,69.03617705675896],[-30.037530415236077,69.03593184431172],[-30.037744449307393,69.03573116844044],[-30.038016298610284,69.03536556165048]]],"type":"Polygon"},"id":"0000000000000000000e","properties":{"area":52136.481758570015,"elevation":1538.6588975724464,"region":"SE","year":2019},"type":"Feature"},{"geometry":{"coordinates":[[[-30.01049031972318,69.04725347815038],[-30.010249354280194,69.04683877066087],[-30.00987494083139,69.04660687342401],[-30.008987457256538,69.04632598148567],[-30.008104812002003,69.04604506598304],[-30.006806990383826,69.04631258538568],[-30.005509478407838,69.04658013040891],[-30.005380177651173,69.04666042320036],[-30.00515283664307,69.04696364237398],[-30.003935562215318,69.04721781652104],[-30.002637778993023,69.04748537570975],[-30.002361317026516,69.04785098147137],[-30.00106382130953,69.04811856418027],[-30.0009389809802,69.04819879875089],[-30.00071157039333,69.04850201228855],[-30.0000960256608,69.0486803954916],[-29.99987762861809,69.04888107599032],[-30.000764937158824,69.04916194955304],[-30.001652400198555,69.04944289335197],[-30.002539684594492,69.04972387042167],[-30.00383725963082,69.0494562729561],[-30.005134942419698,69.04918874005384],[-30.00643260172417,69.04892119582038],[-30.007128286720793,69.04872499776248],[-30.00734662684086,69.04852430698917],[-30.0080066331723,69.04828802464753],[-30.009304223366456,69.04802045564142],[-30.01008896066812,69.04769937853993],[-30.0102716832263,69.0474541360082],[-30.01049031972318,69.04725347815038]]],"type":"Polygon"},"id":"0000000000000000000f","properties":{"area":87913.74949489742,"elevation":1555.8355763366542,"region":"SE","year":2019},"type":"Feature"},{"geometry":{"coordinates":[[[-30.51335654403674,68.95029030119112],[-30.512727690501823,68.94964824437339],[-30.511595235353635,68.94895258698935],[-30.510966463809712,68.94831052254797],[-30.51085502507649,68.94770848233242],[-30.509833924715835,68.94761489064501],[-30.507903039219556,68.94802507110516],[-30.505976619760762,68.9484308797382],[-30.504179582454263,68.94865831956476],[-30.50265024435746,68.94851562668782],[-30.50098688858481,68.94855571978634],[-30.499060500167793,68.94896597918682],[-30.497129775423463,68.94937177700838],[-30.497000500122315,68.94955454237666],[-30.49839630375631,68.9498800928013],[-30.49953323868116,68.95057571084071],[-30.500670228082132,68.9512668528021],[-30.501803028843653,68.95196248287958],[-30.502939953010284,68.95265364602565],[-30.50447395771436,68.95279637825371],[-30.506003585690703,68.95293904897233],[-30.507537309415476,68.95308171200669],[-30.509200603968196,68.95304161773952],[-30.510355400971285,68.95295240390674],[-30.51074785345657,68.95239945529302],[-30.511657641842795,68.95189557797607],[-30.512054464665205,68.95134713852141],[-30.511938537328763,68.95074963448155],[-30.51335654403674,68.95029030119112]]],"type":"Polygon"},"id":"00000000000000000010","properties":{"area":248660.19456423738,"elevation":1427.9237494975007,"region":"SE","year":2019},"type":"Feature"},{"geometry":{"coordinates":[[[-30.064695011552097,69.02751301364314],[-30.062782134429156,69.02713405919665],[-30.060909446129575,69.02597463869883],[-30.061078696132245,69.02501148249536],[-30.05954493772107,69.02486433545295],[-30.057377810984484,69.02474391363936],[-30.05504573800131,69.02502043041505],[-30.05221403748236,69.02514529164893],[-30.048976741313485,69.02581409096459],[-30.045735009852056,69.02648749557407],[-30.043041749504344,69.02642504410672],[-30.042118793531166,69.02692443917825],[-30.04184670954853,69.02729012603915],[-30.038604986693368,69.02796341186482],[-30.03742338604302,69.02872591249685],[-30.03957249375637,69.02951964512745],[-30.041445345839513,69.03067904953683],[-30.043594785816097,69.03147271986334],[-30.046426328644213,69.03135233749101],[-30.048642330929265,69.0305853648992],[-30.04968584246173,69.03000563143353],[-30.05178153017099,69.02931447661896],[-30.05175488807791,69.02869915709242],[-30.054920685603513,69.02804367710088],[-30.05774786085926,69.02792324553255],[-30.059625198689346,69.02908261480496],[-30.061430987709354,69.02886415214738],[-30.06407093188245,69.02826217092077],[-30.064695011552097,69.02751301364314]]],"type":"Polygon"},"id":"00000000000000000011","properties":{"area":415868.35096263484,"elevation":1537.1960700078184,"region":"SE","year":2019},"type":"Feature"},{"geometry":{"coordinates":[[[-30.580537315426128,68.87998372435482],[-30.580176217901656,68.87897146590814],[-30.579302032215757,68.87791019634493],[-30.576234361340706,68.87840962172076],[-30.57355883404322,68.87835615738456],[-30.572524250777843,68.87904283592108],[-30.57136059025724,68.87991682277378],[-30.570705036471747,68.88083534088035],[-30.56801607391091,68.88156217309427],[-30.567360813776695,68.88248079086154],[-30.56670516915815,68.88339937170143],[-30.5655413997403,68.88426889040151],[-30.566410948792,68.88533017577397],[-30.56473862820631,68.88615059652783],[-30.564083307611163,68.88706916822218],[-30.56495713579791,68.88813043392702],[-30.566339520483787,68.88923632313507],[-30.56824360307536,68.88960645247437],[-30.570789672392518,68.88984275130407],[-30.5719535633616,68.8889731819359],[-30.57057124125259,68.88786738635434],[-30.570718407161667,68.88689970494558],[-30.573411584122272,68.88617289665672],[-30.57457553246737,68.88530334902005],[-30.57777274502615,68.8846211684324],[-30.57842816348092,68.88370261483679],[-30.57806691778651,68.88269038514457],[-30.578718074393684,68.88177175100058],[-30.57734011439315,68.88066588343573],[-30.580537315426128,68.87998372435482]]],"type":"Polygon"},"id":"00000000000000000012","properties":{"area":440703.76923679793,"elevation":1340.399891818578,"region":"SE","year":2019},"type":"Feature"},{"geometry":{"coordinates":[[[-30.299921579758006,68.94853344771445],[-30.299703043209643,68.94733838590659],[-30.297179189945982,68.9463172421023],[-30.29478922524553,68.94510881809053],[-30.292131532631554,68.94427058226584],[-30.28920192666949,68.94379784651511],[-30.28681183690173,68.94259390925691],[-30.283351602001897,68.94285256339192],[-30.280025230923254,68.94293280854896],[-30.278709636509,68.94398519362333],[-30.276885997047415,68.94498843305091],[-30.276083305997783,68.94608983050668],[-30.27476790257186,68.94714218467276],[-30.27589603598417,68.9478333292042],[-30.279360786946604,68.9475747093201],[-30.281617161963286,68.94896153514917],[-30.28132264356641,68.95011197031063],[-30.281028451181534,68.95125797592351],[-30.28448870494434,68.95099929097739],[-30.28795328085912,68.95073622206513],[-30.29020986822991,68.95212749315564],[-30.290428144418357,68.95332254281674],[-30.29415603697122,68.95269373648874],[-30.296492489437195,68.95173953625248],[-30.298316371470907,68.95073626727606],[-30.299118948083354,68.94963482072073],[-30.299921579758006,68.94853344771445]]],"type":"Polygon"},"id":"00000000000000000013","properties":{"area":700687.287779353,"elevation":1448.311468166298,"region":"SE","year":2019},"type":"Feature"},{"geometry":{"coordinates":[[[-30.202548362791116,68.96677117405562],[-30.20074675291335,68.96698969381069],[-30.19929313757132,68.96822484907923],[-30.19733102560456,68.96941092054655],[-30.19587295397219,68.97064614576627],[-30.193910949574796,68.97183229047238],[-30.19041498447791,68.97287563722703],[-30.189469624542774,68.97415541441913],[-30.185460872924953,68.97514979569844],[-30.182156854402912,68.97444531327943],[-30.180417736533133,68.97310303755174],[-30.176841669863386,68.97275975362284],[-30.17354178978785,68.97205520252766],[-30.172355616127554,68.9729247295986],[-30.171410347756577,68.97420450837669],[-30.174982081218985,68.97454787256677],[-30.178014298759408,68.97561800312617],[-30.18118461473301,68.97650983943934],[-30.18529604647359,68.97611297757415],[-30.18879201827665,68.97507402337749],[-30.19331349469485,68.97412869284878],[-30.19578820680718,68.97299164751567],[-30.19775023212987,68.97180547517853],[-30.19818720565685,68.97047222852113],[-30.199640846566783,68.96924147053123],[-30.201602845358742,68.96805536905978],[-30.202548362791116,68.96677117405562]]],"type":"Polygon"},"id":"00000000000000000014","properties":{"area":252283.65823721405,"elevation":1463.6395088977802,"region":"SE","year":2019},"type":"Feature"},{"geometry":{"coordinates":[[[-30.635754392996144,68.8786370198447],[-30.633966264498486,68.87886444882635],[-30.633837002894232,68.87904727697595],[-30.632427939285137,68.87950213099874],[-30.63101873482972,68.87996136275858],[-30.62960970901049,68.88041626589126],[-30.627692309727415,68.88082640406122],[-30.627808198468113,68.88142397760139],[-30.62690755551257,68.88192784382277],[-30.626006676695493,68.882431744893],[-30.625105961813556,68.8829356012626],[-30.624205210968178,68.88343945270628],[-30.62381286698913,68.88398795127881],[-30.62342054196392,68.88454091554885],[-30.623032657895536,68.88509380560568],[-30.624165171564865,68.88578500591396],[-30.624414817426086,68.8861996907606],[-30.625944340160167,68.8863379096144],[-30.62773243001942,68.88611496714873],[-30.629649793234403,68.8857047096874],[-30.631063291376602,68.88524541387928],[-30.63145124377382,68.88469693025068],[-30.632352047740987,68.8841931084264],[-30.632744506048876,68.88364015770463],[-30.633136984966704,68.88309167265567],[-30.634037562815433,68.8825877670843],[-30.63442549548516,68.88203488780255],[-30.634817908518585,68.88148640007807],[-30.634701976007513,68.88088890955503],[-30.63508993019301,68.88033591519114],[-30.633957301210966,68.87964480801372],[-30.6353664446548,68.879185548129],[-30.635754392996144,68.8786370198447]]],"type":"Polygon"},"id":"00000000000000000015","properties":{"area":219672.48517968526,"elevation":1344.3001418763556,"region":"SE","year":2019},"type":"Feature"},{"geometry":{"coordinates":[[[-30.422319548547627,68.92927012230297],[-30.421606149789042,68.92724570270236],[-30.416112367008758,68.92731703281659],[-30.41194332356469,68.92555571142408],[-30.413780311639936,68.92377203949157],[-30.414462538672836,68.92207316015383],[-30.413931937170087,68.92280441350091],[-30.408527389624314,68.92425806731178],[-30.40566923908048,68.92594809777381],[-30.405874305205646,68.92792797406054],[-30.406739463684527,68.92898920476551],[-30.412143780165113,68.92753556670814],[-30.415537181502305,68.92961345354263],[-30.414721202986385,68.93149965538308],[-30.411867379844587,68.93318968551516],[-30.41003019976454,68.93497778934665],[-30.40768029858072,68.93671681654551],[-30.405843205640362,68.93850048662243],[-30.405022585911887,68.94038665232843],[-30.408041357805804,68.94223270670642],[-30.412522802901325,68.94206777825292],[-30.414359877421333,68.94027962467275],[-30.416709989113322,68.93854063150917],[-30.418547147009914,68.93675251111594],[-30.419871574442055,68.93491982491379],[-30.42221703504684,68.93318078859235],[-30.422016278036175,68.93120093960079],[-30.422319548547627,68.92927012230297]]],"type":"Polygon"},"id":"00000000000000000016","properties":{"area":763192.0361397251,"elevation":1417.4685819685344,"region":"SE","year":2019},"type":"Feature"},{"geometry":{"coordinates":[[[-30.348476813795042,69.01827818910532],[-30.348097852654526,69.01804635329151],[-30.346938308701457,69.01813553415496],[-30.346184711691897,69.01767182703503],[-30.345159271006935,69.01757372932282],[-30.344271843798143,69.01729723520118],[-30.343379975577975,69.01701633313078],[-30.342220816717102,69.01710551134194],[-30.34093197092357,69.01737752170828],[-30.339638839351117,69.01764507907188],[-30.33959424757154,69.01771193980336],[-30.33938901154714,69.01790814114568],[-30.3396788752086,69.01826039550535],[-30.33845714977058,69.01851456845192],[-30.338341221801375,69.01859487859458],[-30.338586496933058,69.01900952846273],[-30.338314501654835,69.01937513120059],[-30.338047042276838,69.01974085909649],[-30.337779423977423,69.020110978786],[-30.338537389701578,69.02057466756537],[-30.3394247183268,69.0208511222392],[-30.340316666038127,69.02113204921991],[-30.34107464863572,69.02159583911873],[-30.34222961362657,69.02150661736923],[-30.34352275651335,69.02123460491158],[-30.34441457726876,69.02151554508593],[-30.345569470127277,69.02142641149217],[-30.34686256904249,69.02115883690514],[-30.34755362158214,69.02095814431019],[-30.34775884153725,69.02075746338281],[-30.3480264392315,69.02039186958758],[-30.34804412827732,69.02028927715925],[-30.348311732029433,69.01991921557845],[-30.34842762130325,69.0198433651073],[-30.348182361894054,69.0194286944416],[-30.34794172403243,69.01901403359447],[-30.348209180602442,69.01864389738499],[-30.348476813795042,69.01827818910532]]],"type":"Polygon"},"id":"00000000000000000017","properties":{"area":161885.5360445423,"elevation":1478.330013660599,"region":"SE","year":2019},"type":"Feature"},{"geometry":{"coordinates":[[[-34.548807302909545,68.05822040153139],[-34.54858427210497,68.05762734339463],[-34.54736694416996,68.05696743690685],[-34.54587764972863,68.05686479970318],[-34.54526230134843,68.05701646761332],[-34.54379515363309,68.0569138799842],[-34.54230584283799,68.05681131971042],[-34.54081654965842,68.05670874300024],[-34.53941638065533,68.05641892526758],[-34.53792694408776,68.05631636165751],[-34.53674103208885,68.05629852315826],[-34.5355369951114,68.05659728979923],[-34.53584921892395,68.05700305812749],[-34.536165699694244,68.05740886260092],[-34.53756143756522,68.05769872286018],[-34.5381767341078,68.05755152245364],[-34.53946098935967,68.0580241704134],[-34.54067388843727,68.05868411441759],[-34.54198038886738,68.05915681197249],[-34.54338055581728,68.05944664837082],[-34.54487427640978,68.0595492322518],[-34.546363766937766,68.05965176333477],[-34.546586677296624,68.0595938500574],[-34.547130709401586,68.05913900759883],[-34.54853081957101,68.05877781387893],[-34.548807302909545,68.05822040153139]]],"type":"Polygon"},"id":"00000000000000000018","properties":{"area":123487.73480838492,"elevation":1875.2902063834174,"region":"SE","year":2019},"type":"Feature"},{"geometry":{"coordinates":[[[-30.633181362574994,68.98388073856542],[-30.63266861579913,68.98383168977755],[-30.63215590941022,68.98378710584929],[-30.631647445905294,68.98373801886635],[-30.63100093985445,68.9838762442444],[-30.63035880123152,68.98401004093213],[-30.629716693725054,68.98414830156722],[-30.62907458013357,68.98428655941933],[-30.628432624508882,68.9844203079559],[-30.627790365715754,68.98455848495009],[-30.627143919985762,68.98469230203489],[-30.626635492721835,68.984647663953],[-30.62612268679927,68.98459870666942],[-30.625480615614162,68.98473683370356],[-30.62483847072529,68.98487507303616],[-30.62432566676537,68.98482610928266],[-30.623942184503868,68.98459422012084],[-30.62343390387319,68.98454964581673],[-30.622791721094156,68.98468340921356],[-30.622145157379126,68.9848215954626],[-30.621502998200214,68.98495982002605],[-30.621373727340433,68.98514262660078],[-30.62175291209556,68.98537455719867],[-30.622131935761324,68.98560194471285],[-30.622515413273717,68.98583383906717],[-30.622894286790938,68.98606573106555],[-30.623277779582395,68.98629762333309],[-30.623786096302318,68.98634219786348],[-30.62429893027102,68.98639116328776],[-30.624811663570874,68.98643577516548],[-30.624940917757108,68.98625296539085],[-30.625074781580935,68.98607015680098],[-30.625716958290266,68.9859319158292],[-30.62635896443857,68.98579817861693],[-30.627001129101547,68.98565993207708],[-30.62764328767931,68.98552168275398],[-30.628289887680783,68.98538793831914],[-30.62893203419508,68.98524968340769],[-30.629573973853503,68.98511146550757],[-30.63021614523433,68.98497767176934],[-30.63085827361563,68.9848394085071],[-30.63150036559544,68.98470572427954],[-30.63214709344687,68.98456745645919],[-30.63278900291793,68.98442922462417],[-30.63291838823349,68.98424636913003],[-30.633047570731787,68.98406355338402],[-30.633181362574994,68.98388073856542]]],"type":"Polygon"},"id":"00000000000000000019","properties":{"area":55710.753973398736,"elevation":1447.2358761570372,"region":"SE","year":2019},"type":"Feature"},{"geometry":{"coordinates":[[[-31.715828944107738,68.7849825097979],[-31.7149816432493,68.78487108371249],[-31.713452167887212,68.78474178192063],[-31.711927065141644,68.78460796760744],[-31.710856880345077,68.78436270619471],[-31.7100098347284,68.78425120853643],[-31.708939587660787,68.78400154436677],[-31.708092370355082,68.78389007625873],[-31.706825981720048,68.78378300846127],[-31.705738037013486,68.78314540919449],[-31.704890872286743,68.78303392147079],[-31.70348158974248,68.78271728622587],[-31.70219749278392,68.78221787728698],[-31.70217072967848,68.78225360117],[-31.702295509232755,68.78265488339606],[-31.703459352338196,68.78333716735526],[-31.704868533676972,68.78365372850138],[-31.705818308620806,68.78408622783017],[-31.70666092743701,68.7841977431376],[-31.707610759836214,68.78463023013883],[-31.708770225278734,68.78492458213313],[-31.709407826974054,68.78517429112615],[-31.710567210015363,68.78546855381745],[-31.711664206160947,68.78559789611893],[-31.712680832939906,68.78584315052677],[-31.713697540728003,68.78577181402443],[-31.715467770812886,68.78553548945024],[-31.715828944107738,68.7849825097979]]],"type":"Polygon"},"id":"0000000000000000001a","properties":{"area":52126.72386431288,"elevation":1704.940882312646,"region":"SE","year":2019},"type":"Feature"},{"geometry":{"coordinates":[[[-30.545381701284867,68.9982969802316],[-30.53880896028722,68.99377550402573],[-30.535228316234384,68.99951435949818],[-30.528570966669104,69.00496778058633],[-30.51385585532362,69.00340711264985],[-30.503831771487253,69.00443720317185],[-30.51510003060334,68.99941178010413],[-30.522430711128365,68.99832824098006],[-30.523969118622595,68.99239761875641],[-30.521342735424003,68.98921826160574],[-30.516107706486157,68.99421696040034],[-30.502222048233207,68.99606303000944],[-30.50439375977473,68.99077895130819],[-30.494664072925264,68.9959515377909],[-30.48390413223963,69.00102155990265],[-30.466049860955188,69.00230125092902],[-30.453162950617408,68.99973281981012],[-30.44935050196785,69.00349189435609],[-30.460872902177968,69.00945817273184],[-30.475021633195066,69.01331970953822],[-30.48971446003709,69.01037671734314],[-30.505588706439152,69.01184819833433],[-30.52226137534166,69.01221829351792],[-30.537756676074864,69.01345345591724],[-30.528026871187645,69.00648394976423],[-30.54156917809468,69.00284080772475],[-30.545381701284867,68.9982969802316]]],"type":"Polygon"},"id":"0000000000000000001b","properties":{"area":4632145.373057258,"elevation":1425.7905608460153,"region":"SE","year":2019},"type":"Feature"},{"geometry":{"coordinates":[[[-30.56480997467603,68.9750293916727],[-30.5642973615586,68.9749848301766],[-30.563655236527946,68.97511863160322],[-30.56300872247922,68.97525685411681],[-30.56236647736089,68.97539504144343],[-30.561724334572965,68.97552883449103],[-30.561082210296583,68.97566709160188],[-30.560440256478184,68.97580083937906],[-30.55979351144331,68.97593908755037],[-30.55966418753897,68.97612187651401],[-30.559530385651435,68.9763047374041],[-30.559401057599366,68.97648752626253],[-30.559267476254817,68.97667481420571],[-30.559137943260314,68.97685764265572],[-30.559516995284813,68.97708951075586],[-30.55989616365765,68.97731698632316],[-30.560275097876698,68.97754877701585],[-30.560145900348616,68.9777316422139],[-30.55950371021015,68.97786989340537],[-30.559370096815986,68.97805271499337],[-30.559748835361315,68.97828454692639],[-30.559619629510983,68.97846741191567],[-30.559486013144415,68.978650233783],[-30.559998710566607,68.9786992788635],[-30.560507111170775,68.97874388752255],[-30.5608904816687,68.97897571971092],[-30.561398915601863,68.97902479198389],[-30.56153272144296,68.97884192868159],[-30.56166202437272,68.97865467050353],[-30.561795625192225,68.97847184678909],[-30.561925149123663,68.97828901567486],[-30.562571549692507,68.97815083619932],[-30.563213761224507,68.97801703810387],[-30.563342938506445,68.97783417031286],[-30.562964034425697,68.97760227304587],[-30.563097752117166,68.97741952389894],[-30.563739917075935,68.97728125696904],[-30.56386921892514,68.97709846432171],[-30.564002994811,68.97691559950471],[-30.56413690146125,68.9767328099815],[-30.5637531952898,68.97650095150362],[-30.563374306393765,68.97626905552829],[-30.563508080539652,68.97608619138332],[-30.56363737666265,68.9759033992854],[-30.563771146596682,68.97572053502792],[-30.5639004137013,68.97553327598125],[-30.564034312274554,68.97535048696462],[-30.564676241601116,68.97521672344286],[-30.56480997467603,68.9750293916727]]],"type":"Polygon"},"id":"0000000000000000001c","properties":{"area":54804.888055157586,"elevation":1426.4819793493086,"region":"SE","year":2019},"type":"Feature"},{"geometry":{"coordinates":[[[-29.981693461039256,69.16546429163948],[-29.980698972038176,69.16458578809812],[-29.981252056641825,69.16385449484834],[-29.979744896122043,69.16292254947514],[-29.978242069738815,69.16199504160548],[-29.977764888445776,69.16116123934728],[-29.976083832842672,69.16119687093916],[-29.976043848325162,69.16198171093583],[-29.973430629957395,69.1625167865705],[-29.970822083419957,69.16305191434948],[-29.968209141248185,69.16358701152355],[-29.966429816388207,69.16302509467916],[-29.965876995649282,69.16375640955737],[-29.965836864837566,69.16454121414442],[-29.9652839866341,69.16527252861728],[-29.965899378490292,69.16591905248774],[-29.96754467607924,69.16666817500708],[-29.96932396305431,69.1672300397012],[-29.97083098591449,69.16816198550993],[-29.97302940109721,69.168175352087],[-29.975366018676812,69.16800597118478],[-29.977421713799856,69.16820215337417],[-29.979004631083953,69.16756444957979],[-29.980587513815603,69.16693127480578],[-29.98062332020048,69.16615095233847],[-29.981693461039256,69.16546429163948]]],"type":"Polygon"},"id":"0000000000000000001d","properties":{"area":336515.78457849944,"elevation":1625.393928178664,"region":"SE","year":2019},"type":"Feature"},{"geometry":{"coordinates":[[[-30.474771974987895,69.0560066837729],[-30.474508866158345,69.05569456830706],[-30.473746281634067,69.05523082937441],[-30.47298822367029,69.05477148434821],[-30.473251299054454,69.05440140469808],[-30.47222583303452,69.0543078125774],[-30.47120023951408,69.05420967006994],[-30.47017446233117,69.05411602720274],[-30.469416440829587,69.05365231016346],[-30.468654034709715,69.05319301079763],[-30.467494770816728,69.0532821829776],[-30.466201407116742,69.05355418239574],[-30.465309590687273,69.0532732396028],[-30.464551700951276,69.05280949581763],[-30.46405676890315,69.05265788391479],[-30.463294106179667,69.05219863408182],[-30.462402381521382,69.05191767261819],[-30.462647708328316,69.05233238034687],[-30.46187180988706,69.05265343026532],[-30.461604097369356,69.05301909158517],[-30.46184941894434,69.05343380127603],[-30.462611890028903,69.0538975664696],[-30.4623443737379,69.05426319019357],[-30.463369970924983,69.05436128162403],[-30.46439557522897,69.05445489808996],[-30.465421324031723,69.05454858256286],[-30.46631747601599,69.05482949486773],[-30.46720935806071,69.05510596356872],[-30.467971795235815,69.05556973884418],[-30.46899728334742,69.05566336118682],[-30.470022990399077,69.0557614040181],[-30.470914758549508,69.0560378885826],[-30.471940427468713,69.05613603244701],[-30.472970390243443,69.0562296714991],[-30.47399594333574,69.05632325749174],[-30.474771974987895,69.0560066837729]]],"type":"Polygon"},"id":"0000000000000000001e","properties":{"area":98883.70304303353,"elevation":1492.001703145382,"region":"SE","year":2019},"type":"Feature"},{"geometry":{"coordinates":[[[-30.312710371399845,69.09561238195005],[-30.31164907192147,69.09481425182766],[-30.309865484449627,69.09425243339174],[-30.30794358690028,69.09387782856662],[-30.305887927748202,69.09368609020324],[-30.303970386722042,69.09331152107706],[-30.30204865158104,69.09293248247474],[-30.300398850619626,69.09219231548079],[-30.298615180075466,69.09163047131567],[-30.296831575761487,69.09107307239213],[-30.29531539947118,69.09014561065176],[-30.294138163847858,69.08942324474177],[-30.29614038941332,69.08894164557182],[-30.294463671075167,69.08898173090815],[-30.292907407131004,69.08894164052425],[-30.29284499350699,69.08902631477227],[-30.29238136104532,69.08957038341228],[-30.29389737392674,69.09049787736525],[-30.295413536160563,69.0914208868143],[-30.29719709660872,69.09198277178886],[-30.298713262845833,69.09291025272856],[-30.300501347970812,69.09346760251377],[-30.302151210297808,69.09421223644239],[-30.304206857931433,69.09440402836572],[-30.306124155561925,69.09477855748099],[-30.308179911425214,69.09497029156199],[-30.310101875527433,69.09534936068246],[-30.311885371712286,69.095906747166],[-30.312710371399845,69.09561238195005]]],"type":"Polygon"},"id":"0000000000000000001f","properties":{"area":103082.55472496878,"elevation":1508.1413889087135,"region":"SE","year":2019},"type":"Feature"},{"geometry":{"coordinates":[[[-30.44397729464113,69.08342571253098],[-30.44296972198084,69.08255173595823],[-30.442474586959218,69.08172232953098],[-30.443009680153512,69.08098658144311],[-30.44122155428209,69.08042919471737],[-30.439433521316243,69.07987178504041],[-30.437244113152552,69.07986283639745],[-30.43465774534782,69.08040692204705],[-30.432869705261755,69.07984946808965],[-30.430546429012146,69.08002341981509],[-30.4304841640409,69.08011257864649],[-30.42963249910341,69.08052726458654],[-30.42704608446012,69.08107129149492],[-30.425958064979675,69.08173569679774],[-30.425993842756466,69.08243582427485],[-30.424633809383156,69.08287722737415],[-30.425191132419826,69.08353723815122],[-30.42568627472889,69.08436659421015],[-30.427607868819837,69.08474114285112],[-30.429262346474452,69.08548578698147],[-30.43131805981253,69.08567312110101],[-30.433770522559676,69.08531637064462],[-30.436361133567033,69.08477238109302],[-30.438283060931845,69.08514697473773],[-30.44073998214083,69.08478576130899],[-30.44305863102128,69.084607357998],[-30.44395512590596,69.08421050214727],[-30.44397729464113,69.08342571253098]]],"type":"Polygon"},"id":"00000000000000000020","properties":{"area":375497.4516468283,"elevation":1516.5058067821697,"region":"SE","year":2019},"type":"Feature"},{"geometry":{"coordinates":[[[-30.405490818620766,69.0925891587089],[-30.40421552366503,69.09208085732766],[-30.40389900625408,69.09251338695478],[-30.40407724430385,69.09294140739176],[-30.403363823013223,69.09324916018113],[-30.403078531620636,69.09356127521667],[-30.401201285565048,69.09395808726133],[-30.399257082934234,69.09436389964769],[-30.398494495597934,69.09457789332693],[-30.398093086213983,69.09513082753816],[-30.398766430547937,69.09571050887001],[-30.398070980139323,69.09591116047208],[-30.39766953582553,69.09646409475533],[-30.397781206330606,69.09706164510212],[-30.397379742082894,69.09761011173964],[-30.39813789184423,69.09807385054093],[-30.39923025250803,69.09808276214748],[-30.40006861152934,69.09777063002097],[-30.400349446828834,69.09729801104994],[-30.400603804526277,69.09703490223991],[-30.399925949969656,69.09645518184121],[-30.401803067227636,69.09606281462217],[-30.40314537729291,69.09572395508128],[-30.403484211409015,69.09534493252126],[-30.403885507456632,69.09479198449509],[-30.40417092040819,69.09432372202073],[-30.40442070803901,69.0940606756107],[-30.40521878513123,69.09363708218436],[-30.405089599993154,69.09314210890312],[-30.405490818620766,69.0925891587089]]],"type":"Polygon"},"id":"00000000000000000021","properties":{"area":82875.73795010425,"elevation":1521.3900106723588,"region":"SE","year":2019},"type":"Feature"},{"geometry":{"coordinates":[[[-27.151934486134934,69.74582964929769],[-27.150534290275427,69.74547291003667],[-27.149138715253216,69.74511618919955],[-27.147568991518366,69.74494225058734],[-27.146003871209814,69.74476832732957],[-27.14409981232979,69.74495115602453],[-27.142026291893785,69.74532130588919],[-27.13995750112258,69.74569142515568],[-27.138222752404076,69.74569587438087],[-27.136483779984236,69.74570031440244],[-27.134414700282917,69.74607039339193],[-27.13234135650714,69.74643608963139],[-27.130267730398206,69.74680615878336],[-27.130102633895945,69.74698452231786],[-27.12907278947362,69.74747055618299],[-27.129259929365436,69.74788970571676],[-27.13132898551931,69.74752409565956],[-27.133402546137724,69.74715393246967],[-27.135475861896175,69.74678833427102],[-27.13754944574405,69.74641819373382],[-27.139618426302185,69.74605255074636],[-27.141691822938544,69.74568246795994],[-27.143087693865812,69.74603918963237],[-27.14516118614298,69.74566913780889],[-27.146895769855917,69.74566464286298],[-27.148630365099987,69.74566012772351],[-27.15003042584946,69.74601244087195],[-27.151600152111207,69.74619083175729],[-27.151934486134934,69.74582964929769]]],"type":"Polygon"},"id":"00000000000000000022","properties":{"area":72074.74595388497,"elevation":1546.0495618011485,"region":"SE","year":2019},"type":"Feature"},{"geometry":{"coordinates":[[[-34.55101463417553,68.16007965672559],[-34.55069793413064,68.15967384277741],[-34.5498864252534,68.1592323845911],[-34.549070302114245,68.15879097586489],[-34.54875379134021,68.15838522931202],[-34.54944056682151,68.15805077778542],[-34.54834802062569,68.15816671246937],[-34.547255467383394,68.15828263851792],[-34.54644387875882,68.15784120524961],[-34.54553431398136,68.15758696838516],[-34.54444627329252,68.15770736833761],[-34.54363030342112,68.15726592712213],[-34.54253773320466,68.15738193126843],[-34.5413560275107,68.15768510758862],[-34.54017443871106,68.15798834536916],[-34.539987155198375,68.15836295610471],[-34.539804471532214,68.15873300747108],[-34.540120835455745,68.15913877643386],[-34.539933693113994,68.15950883739292],[-34.540749660086945,68.15995030281249],[-34.54056682218626,68.16032490720775],[-34.540379486360315,68.16069501482397],[-34.54128914440463,68.16094917092211],[-34.542288045312894,68.16102052741749],[-34.543469759670685,68.16071726821316],[-34.54456219766021,68.1605969101668],[-34.54565026034849,68.16048094177478],[-34.54683632532925,68.16017776172569],[-34.54792436564371,68.16006177555307],[-34.548740418706394,68.16049880282831],[-34.549556398529326,68.16094025977905],[-34.55046153441594,68.16119440798605],[-34.55014497319063,68.16078866305119],[-34.55083157113024,68.16044974177557],[-34.55101463417553,68.16007965672559]]],"type":"Polygon"},"id":"00000000000000000023","properties":{"area":131792.0328449533,"elevation":1984.0136294526524,"region":"SE","year":2019},"type":"Feature"},{"geometry":{"coordinates":[[[-30.330047357712722,69.13712215670947],[-30.325195823191446,69.13549020169526],[-30.328736264342023,69.13366637530127],[-30.327733004316286,69.13278795166026],[-30.32213251896441,69.1344200167427],[-30.316469213952242,69.1338937958024],[-30.31335695169352,69.13438877379875],[-30.310324600060362,69.13626157903002],[-30.30626698961451,69.13804081648324],[-30.299930599860197,69.13842867853062],[-30.29534656814773,69.1364310161398],[-30.29323312625829,69.1340721987613],[-30.29187300180487,69.13218148524435],[-30.288211921269163,69.12967994825206],[-30.28409639603786,69.12929649453132],[-30.28263818949947,69.1305316520038],[-30.281666022089116,69.13260066507227],[-30.28326679659651,69.13490600097369],[-30.287712691964018,69.1370865062068],[-30.291395877818626,69.13880330248111],[-30.29611348985156,69.14061812483824],[-30.302048745571103,69.14078313644515],[-30.308929170640045,69.13965945185768],[-30.315804998054105,69.1385357381267],[-30.32079472874133,69.13998495784351],[-30.326640568598098,69.1387631803232],[-30.330047357712722,69.13712215670947]]],"type":"Polygon"},"id":"00000000000000000024","properties":{"area":945233.4352831716,"elevation":1560.756887104609,"region":"SE","year":2019},"type":"Feature"},{"geometry":{"coordinates":[[[-29.948977010264834,69.21243644056969],[-29.94381779054843,69.21194146525784],[-29.936616410056235,69.21341740288064],[-29.936397833225026,69.21516539676404],[-29.933838388997618,69.21707834874597],[-29.92760908812155,69.21727009081395],[-29.92346195458235,69.2147105473938],[-29.923961470902086,69.21259696386196],[-29.93102022603404,69.21130824949137],[-29.935742370958746,69.21018905222304],[-29.937784764619785,69.20822259520942],[-29.938141360436497,69.20629180932713],[-29.932607764177522,69.20556496070236],[-29.931122729215954,69.20680013198074],[-29.92856317433319,69.20871755339351],[-29.92703368950577,69.21073304195674],[-29.9229269627321,69.21249888968556],[-29.92088471151985,69.21446534998343],[-29.91935506436308,69.21648081714294],[-29.91937299855773,69.21864348710302],[-29.92463022573976,69.21973596340135],[-29.931140603096047,69.21917853405819],[-29.935724533840634,69.21824219193081],[-29.9408613412641,69.21657447000361],[-29.945409735317508,69.21641834713867],[-29.94693480018702,69.21440290631438],[-29.948977010264834,69.21243644056969]]],"type":"Polygon"},"id":"00000000000000000025","properties":{"area":639968.7800933338,"elevation":1646.9445172971932,"region":"SE","year":2019},"type":"Feature"},{"geometry":{"coordinates":[[[-29.998856424886576,69.1661197357147],[-29.997688220931472,69.16620891609388],[-29.996381673146946,69.16647642770279],[-29.99548986590564,69.166195503963],[-29.994597964813266,69.16591014444633],[-29.99356809860753,69.16581205327721],[-29.993291459116158,69.16618217304513],[-29.992502206585307,69.16649874596105],[-29.9922258313538,69.1668643562926],[-29.991436675715626,69.16718099995119],[-29.991160073083492,69.16754664773771],[-29.990883578225393,69.16791672534552],[-29.990094371916058,69.16823336264385],[-29.989300712636414,69.16854993568518],[-29.989541425810355,69.16896469139387],[-29.98977791596218,69.16937934758296],[-29.98950126012394,69.16974499368368],[-29.989880265881663,69.16998133770755],[-29.991186876927937,69.16970926006144],[-29.99249330646244,69.169441754873],[-29.993657149288836,69.16935702310731],[-29.994410917047187,69.16982080381408],[-29.995066313766042,69.16968697285502],[-29.994312667273235,69.16922327165892],[-29.99510199513624,69.16890668705537],[-29.99640855629201,69.16863910866816],[-29.997714890696532,69.16837155778934],[-29.99850423796581,69.16805048667672],[-29.997750563761315,69.16758680451554],[-29.99699699109693,69.1671230034462],[-29.996760590103218,69.16670832246714],[-29.998062846795648,69.16644082312202],[-29.998856424886576,69.1661197357147]]],"type":"Polygon"},"id":"00000000000000000026","properties":{"area":94659.21800391938,"elevation":1627.4338704199836,"region":"SE","year":2019},"type":"Feature"},{"geometry":{"coordinates":[[[-30.096715889399153,69.05667110036194],[-30.091289330295883,69.05733106582636],[-30.08224171236994,69.0584324055152],[-30.073738211111,69.05585509077038],[-30.068373865448613,69.05200691703716],[-30.059741075448915,69.04961237114921],[-30.05476478495002,69.05177949086233],[-30.065453122333977,69.0514271784411],[-30.06632712937347,69.0547537021454],[-30.060418754289387,69.05752726466031],[-30.051366811341524,69.05862416578366],[-30.049547445304267,69.05518174610289],[-30.050688991926794,69.05365229777382],[-30.045654847413203,69.05598883857215],[-30.043902310911655,69.05898533522351],[-30.048646931368026,69.06218702305307],[-30.060155699939767,69.06073331522249],[-30.067499978483447,69.06339992110767],[-30.0749689661802,69.06303867860649],[-30.080511546898613,69.05992624811608],[-30.083213803214385,69.06293168060849],[-30.081403250545257,69.06609762868634],[-30.08624143905936,69.0641133230745],[-30.090018372153,69.06198632543872],[-30.09337601133207,69.05968989032299],[-30.096715889399153,69.05667110036194]]],"type":"Polygon"},"id":"00000000000000000027","properties":{"area":1224748.7899959863,"elevation":1530.9769255848737,"region":"SE","year":2019},"type":"Feature"},{"geometry":{"coordinates":[[[-30.228326160006173,69.18017034961294],[-30.226506938159,69.18039334396225],[-30.224553988810516,69.18079911902267],[-30.2226007822927,69.18120490779778],[-30.220781462322453,69.1814278315639],[-30.219234304862592,69.18128068032962],[-30.21741489835452,69.18150367692019],[-30.21600121016223,69.18117365670103],[-30.21486440472216,69.180478060456],[-30.213722689969096,69.17978240443017],[-30.21413282915204,69.17923393854473],[-30.21454332869977,69.17868103980825],[-30.21299596953646,69.17853836652412],[-30.21144868223765,69.17839120770115],[-30.20962927272577,69.17861414257861],[-30.209357159904492,69.17897978416578],[-30.20997717331221,69.17962634414604],[-30.209571330552688,69.18017932181024],[-30.210195685223386,69.18082585903284],[-30.211332554138853,69.18152145462648],[-30.21274173483833,69.18185146801645],[-30.214288969153724,69.18199410556586],[-30.215836318498138,69.18214127067164],[-30.21738373925564,69.18228395022723],[-30.218930940055884,69.18243112089003],[-30.220616600353598,69.18239101955234],[-30.222163845283323,69.18253815513906],[-30.224116965498492,69.1821324095665],[-30.226074541827604,69.18172657645565],[-30.22751036981333,69.18127176492276],[-30.22792057521845,69.18072329871852],[-30.228326160006173,69.18017034961294]]],"type":"Polygon"},"id":"00000000000000000028","properties":{"area":131798.2413355419,"elevation":1595.4302265354524,"region":"SE","year":2019},"type":"Feature"},{"geometry":{"coordinates":[[[-30.397473345689967,69.1449657329514],[-30.396443374370264,69.14486770415508],[-30.39568083514502,69.14440839765581],[-30.394784553327636,69.14412744954286],[-30.39451698090702,69.14449311073218],[-30.394244953450944,69.14486319199321],[-30.392947264330225,69.14513519136894],[-30.39164989711425,69.14540274732252],[-30.390347856483814,69.14567475167543],[-30.390080189172277,69.14604487441925],[-30.389812726538114,69.14641048926458],[-30.390057798694805,69.14682521674277],[-30.390307720348492,69.147239912877],[-30.389522833083124,69.14756091514802],[-30.390285321092477,69.14802472440843],[-30.390013196597458,69.14839033222131],[-30.39118155545308,69.14830115706728],[-30.392077935582694,69.14858212767221],[-30.3932416649851,69.14849292730953],[-30.393509307302025,69.14812726605713],[-30.39480682357611,69.1478552227895],[-30.39559166386891,69.14753419224705],[-30.395859259908782,69.1471685275686],[-30.3961312841282,69.14680291041185],[-30.396911434835935,69.14648186538417],[-30.39666624052914,69.14606715113906],[-30.396933802171745,69.1457014854625],[-30.39668861404122,69.14528677153723],[-30.397473345689967,69.1449657329514]]],"type":"Polygon"},"id":"00000000000000000029","properties":{"area":91941.72849184826,"elevation":1562.5140372767676,"region":"SE","year":2019},"type":"Feature"},{"geometry":{"coordinates":[[[-26.98012529323243,69.82872881326479],[-26.978711851615966,69.827770025849],[-26.979915751260545,69.82710568139628],[-26.97902848266218,69.82620489109003],[-26.97761493850402,69.82524623986356],[-26.975858002496874,69.82465316255497],[-26.973931551535554,69.82423398433444],[-26.97200983715984,69.82381926274289],[-26.969401251237997,69.82412701190303],[-26.966966612592827,69.82425187192645],[-26.9641885513279,69.8247378556822],[-26.962275652594943,69.82492514310871],[-26.9600193008006,69.82546919469247],[-26.95724133119925,69.82595965585405],[-26.954806584923023,69.82608451358878],[-26.954815494934106,69.82668646993325],[-26.956741754187114,69.8271012246382],[-26.95866816460098,69.82752039870331],[-26.96076393289014,69.82775670562673],[-26.9628596950789,69.82798853763424],[-26.964955497753728,69.82822489821889],[-26.967051361707394,69.82846122889329],[-26.96897766453931,69.82887589105421],[-26.971242850645833,69.8289338701448],[-26.973682104303744,69.82880459600926],[-26.97543442711873,69.82940206027119],[-26.978212447877855,69.82891604565427],[-26.97996930249073,69.82951352711059],[-26.98012529323243,69.82872881326479]]],"type":"Polygon"},"id":"0000000000000000002a","properties":{"area":371252.9367054009,"elevation":1015.050998313789,"region":"SE","year":2019},"type":"Feature"},{"geometry":{"coordinates":[[[-30.48814478140812,69.14962999989405],[-30.48737787421854,69.14916625257993],[-30.487645306203678,69.14880061574982],[-30.486882740085957,69.14833683530998],[-30.48584826222248,69.14824322249673],[-30.484818303395055,69.14814953211477],[-30.483788280779624,69.14805148133478],[-30.48262429717601,69.14814064951996],[-30.48159429782542,69.14804705086225],[-30.481326788146013,69.14841267708987],[-30.48002912137353,69.14868461792511],[-30.478731563829907,69.14895662290017],[-30.477946907044114,69.14927771844792],[-30.47884304969104,69.14955417406813],[-30.48014507836053,69.14928221269632],[-30.481442644100795,69.14901019482213],[-30.482606543183365,69.14892542812356],[-30.483369026135367,69.14938476437219],[-30.484136053802025,69.1498484944385],[-30.484898471115308,69.15031221490419],[-30.48566104571641,69.15077153866949],[-30.48591086122237,69.15118621565668],[-30.485643178076035,69.15155635849003],[-30.485375681749726,69.15192199347214],[-30.48459536954078,69.15224298106632],[-30.485759150907647,69.1521538734457],[-30.486539516282264,69.15183276472472],[-30.48680699465207,69.15146712783287],[-30.48707446445801,69.15110149069267],[-30.48734212080225,69.15073134570495],[-30.487609573420936,69.15036570807032],[-30.487877345976,69.14999563802311],[-30.48814478140812,69.14962999989405]]],"type":"Polygon"},"id":"0000000000000000002b","properties":{"area":66578.4930458286,"elevation":1718.8498672590338,"region":"SE","year":2019},"type":"Feature"},{"geometry":{"coordinates":[[[-33.06412282769688,69.04200062565944],[-33.06289653000823,69.04132730675984],[-33.061670303130164,69.04065397719597],[-33.06044399904441,69.03997620902697],[-33.05910632298286,69.0394901731737],[-33.05777301153109,69.03899966160253],[-33.05632849129681,69.03869647981186],[-33.05477205391742,69.03858056507228],[-33.05310885348879,69.03864746745279],[-33.051445509662365,69.03871427757913],[-33.04955952673382,69.03915574411157],[-33.04789609790722,69.03922262916961],[-33.04778927069092,69.03940546012005],[-33.04797641703842,69.04000303497357],[-33.04942127242684,69.04030621626065],[-33.05064735449942,69.04097949575996],[-33.052092254817424,69.04128276535734],[-33.05331841562146,69.04196049256468],[-33.05454464271849,69.04263385399929],[-33.05587797981839,69.04311985296873],[-33.05754569413182,69.04305303892743],[-33.05920900860347,69.04298612436737],[-33.06098352057469,69.04273195943706],[-33.06242849655056,69.04303516534289],[-33.063984643225794,69.04315559420222],[-33.06379281904353,69.04255803412553],[-33.06412282769688,69.04200062565944]]],"type":"Polygon"},"id":"0000000000000000002c","properties":{"area":203361.90744024565,"elevation":1470.331458023936,"region":"SE","year":2019},"type":"Feature"},{"geometry":{"coordinates":[[[-32.77661332623529,69.13581571585101],[-32.776314586760705,69.1354054914487],[-32.77516425752936,69.13551249497529],[-32.77389777063478,69.13580228003875],[-32.77263139898581,69.13609212743415],[-32.77136500106194,69.13638196400862],[-32.77010318743162,69.13667183680026],[-32.768948121084414,69.13677886018188],[-32.76779776551397,69.13688144935912],[-32.766531284357406,69.13717124434098],[-32.76630393330059,69.13754586766427],[-32.76503740380006,69.13783565017569],[-32.76533169800109,69.13824588433042],[-32.76625933581631,69.1385134397943],[-32.76730277877817,69.13859374281111],[-32.76845332407673,69.13848668444174],[-32.769380814215374,69.13875426201848],[-32.770535634537076,69.13864720353195],[-32.771463159396916,69.13891476732282],[-32.77261351560701,69.13880771817641],[-32.77324662509936,69.13866505210795],[-32.77399149475114,69.13833060080071],[-32.77525777561863,69.13804078224578],[-32.77548523431209,69.1376706482496],[-32.77570821637985,69.13730054043434],[-32.7759354606571,69.13693044900567],[-32.7761630387952,69.13656038782177],[-32.77638610408283,69.1361858076157],[-32.77661332623529,69.13581571585101]]],"type":"Polygon"},"id":"0000000000000000002d","properties":{"area":100095.72727022097,"elevation":1706.8432065702546,"region":"SE","year":2019},"type":"Feature"},{"geometry":{"coordinates":[[[-33.18603020399379,69.04458689132554],[-33.18523208870164,69.04317337642853],[-33.18329241732224,69.04186688754153],[-33.18009507866578,69.04085018333895],[-33.17996583559468,69.04200507765871],[-33.176612647842674,69.04310649692945],[-33.17222037488166,69.04413656637234],[-33.16837651388976,69.04423464147125],[-33.16496090650322,69.0435925687948],[-33.16122414777483,69.04350338762002],[-33.15737603429192,69.04360150724888],[-33.153313794904925,69.04407416765667],[-33.149358558127034,69.04435954638058],[-33.14963048040093,69.04573292770604],[-33.150945981639985,69.04719103769094],[-33.15070085111821,69.0485287785881],[-33.15130268363435,69.04934930153053],[-33.15493251203402,69.04962126256949],[-33.158566661085935,69.04989325132458],[-33.162303178838854,69.0499779773575],[-33.16647699296956,69.04932247311288],[-33.169830270930284,69.04822110955904],[-33.17214902913883,69.0470350178706],[-33.176536674243195,69.04600939203377],[-33.180710426660646,69.04535392012188],[-33.184340091899706,69.04562589961188],[-33.18603020399379,69.04458689132554]]],"type":"Polygon"},"id":"0000000000000000002e","properties":{"area":742338.9004336101,"elevation":1494.9345808846274,"region":"SE","year":2019},"type":"Feature"},{"geometry":{"coordinates":[[[-33.108508656473894,69.04845298690516],[-33.107171025735255,69.04796695116973],[-33.10561473521305,69.04784656569021],[-33.104062880630806,69.04773059769305],[-33.102613787091094,69.04742736675666],[-33.10116899307622,69.04712412769358],[-33.09994267954203,69.04645083475184],[-33.09871217942678,69.04577752416712],[-33.097378829382166,69.04528701681718],[-33.09571120887485,69.04535837920756],[-33.09426625348585,69.04505515507583],[-33.094565227359226,69.04546537593893],[-33.093718005155914,69.04598262977457],[-33.09442693411573,69.04661581860627],[-33.09410129853854,69.04717319922017],[-33.09532766275751,69.04784650133438],[-33.09666535783783,69.04833703569582],[-33.09800315506473,69.04882308612402],[-33.09944785407668,69.04912628466441],[-33.100892594812656,69.04942946826417],[-33.102341777562565,69.0497327166008],[-33.10389800228984,69.04984870932697],[-33.10567264999621,69.04959899118052],[-33.10640852946427,69.04926454508023],[-33.10829028091867,69.04882750997996],[-33.108508656473894,69.04845298690516]]],"type":"Polygon"},"id":"0000000000000000002f","properties":{"area":149917.12998387142,"elevation":1475.7122312608942,"region":"SE","year":2019},"type":"Feature"},{"geometry":{"coordinates":[[[-32.89015992351392,69.03494189289762],[-32.889459810118396,69.03430425179259],[-32.888015209884664,69.03400105431771],[-32.88698068911352,69.0339207922411],[-32.88664617962919,69.03447818168122],[-32.88476009583453,69.03491515034628],[-32.882873837745784,69.03534766650512],[-32.881099030050635,69.03560186662796],[-32.87987717711038,69.0349240559648],[-32.87865990384646,69.03425074976731],[-32.877108070283846,69.03413033062961],[-32.87780822605148,69.03476795004595],[-32.87902563868315,69.03544133704102],[-32.87973013662345,69.03607896079535],[-32.87784377982974,69.03651595706627],[-32.87595325244451,69.03695298860946],[-32.874067117986165,69.03738996676037],[-32.87373269259277,69.03794289073178],[-32.874954355353836,69.03862068422414],[-32.8761761737213,69.03929399575837],[-32.87783948139956,69.03923155736251],[-32.87961423696866,69.03897736350932],[-32.88150036997996,69.0385404264463],[-32.88339109502071,69.03810339288866],[-32.885277110296315,69.03766640758397],[-32.88694046637769,69.03760393715118],[-32.88882653802431,69.03716697909312],[-32.889161042217744,69.03660958259883],[-32.88897829095028,69.03601209808525],[-32.8893083216561,69.03545473197227],[-32.89015992351392,69.03494189289762]]],"type":"Polygon"},"id":"00000000000000000030","properties":{"area":206985.28218320236,"elevation":1450.9062089959587,"region":"SE","year":2019},"type":"Feature"},{"geometry":{"coordinates":[[[-32.44996195434936,69.13627051536923],[-32.44978804427548,69.13567298547869],[-32.44857968094044,69.13499520000079],[-32.44736672345672,69.13431746251003],[-32.447192888793914,69.13371993010678],[-32.44586836527011,69.13322492911098],[-32.444196430648624,69.13328738996636],[-32.44332670815921,69.13380016039821],[-32.44142270771792,69.13423269162416],[-32.44055770211909,69.1347454621143],[-32.43917086220377,69.13521815990296],[-32.438823091256275,69.13577555117732],[-32.4379581184109,69.13628838157886],[-32.437088504356645,69.13680114966122],[-32.4362234916632,69.13731840108319],[-32.43691444790723,69.1379560457341],[-32.436566749471716,69.13850896198984],[-32.437257919125294,69.13915110907394],[-32.437431896259085,69.1397441451075],[-32.438640363991716,69.14042641757368],[-32.44043295256442,69.1401767031094],[-32.441761697672575,69.14067163552446],[-32.44308603581816,69.14116657120015],[-32.444762584137585,69.14110418564704],[-32.445627752578524,69.14059138409394],[-32.44649268508909,69.14007862035541],[-32.44736221381375,69.1395613636581],[-32.44771023286904,69.13900841165025],[-32.44805339503669,69.1384510141767],[-32.44892300641201,69.13793825355944],[-32.44927078942835,69.13738079596033],[-32.449614064794915,69.13682790004782],[-32.44996195434936,69.13627051536923]]],"type":"Polygon"},"id":"00000000000000000031","properties":{"area":320215.74289605557,"elevation":1854.8132936773143,"region":"SE","year":2019},"type":"Feature"},{"geometry":{"coordinates":[[[-33.00068761313269,69.02206406346252],[-32.99938557916435,69.02061036762188],[-32.99757082219361,69.01911208625792],[-32.99460552818616,69.01772530192122],[-32.99142603473423,69.01670865703797],[-32.988242248830744,69.0156875443082],[-32.98791233719372,69.0162448893],[-32.9886925788181,69.01766287598721],[-32.98481768752921,69.01872412615548],[-32.981415430337826,69.01807761493623],[-32.97856597419136,69.01649904434039],[-32.97778132686253,69.0150855144501],[-32.97596647368823,69.01358726490946],[-32.97382155673622,69.01265089225804],[-32.97371007783945,69.01283365433551],[-32.975525067469796,69.0143319630812],[-32.97682700615421,69.01578561176939],[-32.978124583427146,69.01724375334113],[-32.97890499370351,69.0186617451276],[-32.98123708119154,69.02019567936236],[-32.98253912887657,69.02164929388134],[-32.98435404638965,69.02314756502699],[-32.98742626700152,69.02435152584155],[-32.98868385662732,69.02405721400704],[-32.98789892949825,69.02264372064114],[-32.99177841614255,69.02158242879254],[-32.995399300354585,69.02185446243182],[-32.99869451994966,69.02268830051277],[-33.00068761313269,69.02206406346252]]],"type":"Polygon"},"id":"00000000000000000032","properties":{"area":428011.1414947405,"elevation":1427.307837742027,"region":"SE","year":2019},"type":"Feature"},{"geometry":{"coordinates":[[[-33.47815927034608,68.87847654766367],[-33.47774915063933,68.87825358006252],[-33.47661653696285,68.87836504394753],[-33.475796001385994,68.87791906962691],[-33.47487296457368,68.87765606854408],[-33.47362874291499,68.87795032076875],[-33.47270581608188,68.8776916584388],[-33.471782828730625,68.87742863677495],[-33.470752670856655,68.87735284014875],[-33.47054316361089,68.87772288667126],[-33.46930344565735,68.87802171155955],[-33.46805929905766,68.87831598801687],[-33.466819697970074,68.87861027885451],[-33.46712759110286,68.87902051852082],[-33.467948038383156,68.8794664291672],[-33.46876397220424,68.87991677951518],[-33.46958448175903,68.88036268063935],[-33.47072162902172,68.8802512241192],[-33.471961084611394,68.8799569415525],[-33.47320071085874,68.87966260478977],[-33.47444042513484,68.87936386062732],[-33.475577546836334,68.87925683508679],[-33.476500569089204,68.87951547832009],[-33.477227340373595,68.87918104120261],[-33.47691949267349,68.87877525084039],[-33.47815927034608,68.87847654766367]]],"type":"Polygon"},"id":"00000000000000000033","properties":{"area":84696.38461327876,"elevation":1277.1117077502004,"region":"SE","year":2019},"type":"Feature"},{"geometry":{"coordinates":[[[-33.39421221223708,68.90343852858734],[-33.392986031536005,68.90276522489646],[-33.391755346061124,68.90209188321049],[-33.39052912166236,68.90142307141967],[-33.389195718241076,68.90093702002179],[-33.38785813664951,68.90045095727963],[-33.38652465077494,68.89996492386798],[-33.38519156137347,68.89947890658169],[-33.38375126144896,68.89918011292619],[-33.38241793981258,68.89869404008543],[-33.380977664726544,68.8983908641027],[-33.380870718010534,68.89857812727362],[-33.381071350834134,68.89917562423818],[-33.38229751543068,68.89984454866696],[-33.38352381594647,68.90051781597774],[-33.383207164110175,68.90107525788302],[-33.381860649013106,68.90155680886437],[-33.38205688101335,68.90214988180077],[-33.38174003006148,68.90270724980876],[-33.38245361712263,68.9033404965476],[-33.38275670401947,68.90375070099947],[-33.384299627746664,68.90386220949284],[-33.38584701681266,68.90397812566957],[-33.38771083510335,68.90353661507021],[-33.389258179603125,68.90365260991403],[-33.390805390350216,68.90376404547433],[-33.39224588660526,68.90406727881474],[-33.393895609540905,68.90399592236585],[-33.39421221223708,68.90343852858734]]],"type":"Polygon"},"id":"00000000000000000034","properties":{"area":168939.84738358116,"elevation":1260.6834237416435,"region":"SE","year":2019},"type":"Feature"},{"geometry":{"coordinates":[[[-33.465214569966584,68.88429565423768],[-33.46440291042239,68.88288213432614],[-33.46111664371501,68.88206163469916],[-33.45782577672035,68.88123672244271],[-33.45411571648921,68.88115644367754],[-33.450089276356536,68.88163355319473],[-33.45224292723005,68.8825699962186],[-33.455636381531995,68.88320313466701],[-33.45861063416627,68.8845855037945],[-33.45890473853574,68.8859588672753],[-33.456626311800676,68.88714501798195],[-33.45249258555541,68.88780940519092],[-33.449094889996275,68.88717171103332],[-33.445808492534745,68.88635131408334],[-33.44241064311861,68.88571358740876],[-33.43973085257247,68.88570915524213],[-33.440024958310325,68.88708254109264],[-33.43980214935859,68.88842027691982],[-33.44309301705727,68.88924523849427],[-33.44648626520578,68.88988293637105],[-33.450093725078,68.89014597899474],[-33.45401327653707,68.88985617530466],[-33.45783011626972,68.88974911824147],[-33.461754255757505,68.88945931471922],[-33.464550126052906,68.8883088572357],[-33.46477300181059,68.88697109490454],[-33.46499161308688,68.88563333891649],[-33.465214569966584,68.88429565423768]]],"type":"Polygon"},"id":"00000000000000000035","properties":{"area":517689.6663793219,"elevation":1276.5763370679083,"region":"SE","year":2019},"type":"Feature"},{"geometry":{"coordinates":[[[-32.64983224962612,69.0807234790105],[-32.64902497946388,69.08027312110335],[-32.649078683740846,69.08009026742471],[-32.648730891441204,69.07985842786287],[-32.64844094316962,69.07944822642509],[-32.64762948521009,69.07899784023559],[-32.646822316142064,69.07854746983114],[-32.646010849610704,69.07809264504861],[-32.64497618332913,69.07801234211009],[-32.643937211092585,69.07793212692529],[-32.64290290488414,69.07785183947085],[-32.641979707667595,69.07758429535662],[-32.64094077273265,69.07750405804605],[-32.639906292721506,69.07741924599559],[-32.6398483460478,69.07742377114417],[-32.638697770652826,69.07753077683294],[-32.638987524894716,69.07794099904275],[-32.638760210414624,69.07831109770525],[-32.639206251109734,69.07856080772845],[-32.639513830182075,69.07894428063797],[-32.64032531508318,69.07939467206482],[-32.641092284638816,69.07982274180144],[-32.64096316330477,69.08003678233516],[-32.641770256462046,69.08048718747371],[-32.64236326789851,69.08053620456832],[-32.64315695169486,69.08097769325227],[-32.643620801896155,69.0810222619591],[-32.644543610298676,69.08128980700006],[-32.64546676895442,69.0815528314404],[-32.64638976332616,69.08182043755767],[-32.64765182700249,69.08153061565223],[-32.64831168497002,69.08137897039803],[-32.64886001492902,69.08142356363791],[-32.649604724163424,69.08109356421683],[-32.64983224962612,69.0807234790105]]],"type":"Polygon"},"id":"00000000000000000036","properties":{"area":125559.20083740226,"elevation":1671.8878047384685,"region":"SE","year":2019},"type":"Feature"},{"geometry":{"coordinates":[[[-33.429390102587185,68.8963619322924],[-33.428993250395955,68.89517142489082],[-33.42642929867196,68.89401199459952],[-33.42312512644273,68.89415915056242],[-33.419820871364564,68.89430187606465],[-33.41630695875797,68.89481463962494],[-33.41464386457802,68.8958536158723],[-33.41195050367448,68.89681228945406],[-33.40843671968836,68.89732962353528],[-33.40502553088516,68.8976550813266],[-33.40172137209064,68.89779779512702],[-33.398738205022426,68.89738753158834],[-33.39707043414839,68.89842206334947],[-33.39592004744659,68.89950112804314],[-33.39837719377127,68.90084337127661],[-33.401048126063046,68.90181541291678],[-33.403719020923106,68.90278309335221],[-33.40659970277077,68.90338505563965],[-33.409587113901395,68.90379971740693],[-33.410733080647255,68.9027250824962],[-33.40982358216364,68.90149440202464],[-33.41148692703576,68.90045543907797],[-33.41521451276553,68.89957250424929],[-33.417988191375606,68.90035732502164],[-33.42139938485526,68.9000273564713],[-33.424913070477935,68.89951455761599],[-33.4265763218485,68.89847560128807],[-33.42823963191602,68.89743658471936],[-33.429390102587185,68.8963619322924]]],"type":"Polygon"},"id":"00000000000000000037","properties":{"area":692517.497720003,"elevation":1262.1884510558095,"region":"SE","year":2019},"type":"Feature"},{"geometry":{"coordinates":[[[-33.07027638716957,68.97928339136176],[-33.06957184246913,68.97865022031021],[-33.06823854279108,68.97815973876584],[-33.06636121084572,68.9786011727178],[-33.06448400997328,68.97903818487124],[-33.06437263613618,68.97922541217285],[-33.06404712845648,68.97978282836841],[-33.06268713495714,68.98025994360465],[-33.06339152920762,68.98089315172099],[-33.06151425803937,68.98133455585138],[-33.062218648011324,68.98196777076468],[-33.063440655863985,68.9826410677322],[-33.064149671764504,68.98327878189967],[-33.06433697129065,68.98387181786794],[-33.06400680478458,68.98442920049465],[-33.062646881389114,68.98490635084075],[-33.06232144552696,68.98546372558323],[-33.063057143910385,68.98513371638887],[-33.06493435587563,68.98469225702682],[-33.06526001322005,68.98413937804237],[-33.06610707033733,68.98361765438145],[-33.06488088464747,68.98294432947291],[-33.06521095996935,68.98239141713911],[-33.06708826687125,68.98194996318163],[-33.06844809031075,68.98147284761099],[-33.06722637826575,68.98079950945488],[-33.06755641671934,68.98024212345427],[-33.069433523275286,68.97980064187826],[-33.07027638716957,68.97928339136176]]],"type":"Polygon"},"id":"00000000000000000038","properties":{"area":108248.32044150721,"elevation":1367.144678436739,"region":"SE","year":2019},"type":"Feature"},{"geometry":{"coordinates":[[[-33.062290048352395,68.98643134646441],[-33.06033254998697,68.98608795085768],[-33.05782658947206,68.98667210575869],[-33.055431957510976,68.98707346541572],[-33.053363131940095,68.98691738502534],[-33.05129839326559,68.9867613258345],[-33.04966656752903,68.98586058716428],[-33.04792738840726,68.98514709886396],[-33.04645585352522,68.98581157730963],[-33.046536303597925,68.98659188491652],[-33.045581788040316,68.98729639914751],[-33.04307587304786,68.98788051752136],[-33.04473459026667,68.98780921264563],[-33.046473649948084,68.98852713980148],[-33.04810576292105,68.98942340407949],[-33.04715150955035,68.99012796210519],[-33.044645520462396,68.99071207004782],[-33.04494429985705,68.99112230961845],[-33.047120221083716,68.99109553564237],[-33.049296344106885,68.99106433033184],[-33.05136532984138,68.99122039484035],[-33.05321584074634,68.99175102969154],[-33.055280289009815,68.99190711417987],[-33.05664498210699,68.99143003271188],[-33.058116380248016,68.99076560165803],[-33.06062242828512,68.99018140431036],[-33.0610594292034,68.98943680057792],[-33.05994472786024,68.98858062853508],[-33.05986442980522,68.98779584657434],[-33.061335813670276,68.98713588911093],[-33.062290048352395,68.98643134646441]]],"type":"Polygon"},"id":"00000000000000000039","properties":{"area":318404.05552461656,"elevation":1388.3018842454585,"region":"SE","year":2019},"type":"Feature"},{"geometry":{"coordinates":[[[-33.31982554802867,68.83927208911051],[-33.31871068790763,68.83841151706457],[-33.3185144600303,68.83781840760179],[-33.31635631989476,68.83784967105656],[-33.31451478460517,68.83732348684305],[-33.31267313987414,68.83680179099089],[-33.31104103118405,68.83590550591914],[-33.30941346635661,68.83500915948696],[-33.307250804562,68.83504041010022],[-33.30580168755216,68.83570478722976],[-33.30332250685943,68.83629340313996],[-33.301159704895596,68.83632467742693],[-33.2994251822077,68.83561563151062],[-33.29736941659126,68.83546398421215],[-33.29848426489207,68.83632015973421],[-33.30021900053719,68.83702917433098],[-33.301957922679385,68.83774256532352],[-33.30379954976149,68.83826436038044],[-33.3056411203353,68.83879052773818],[-33.30726882430069,68.83968680587623],[-33.30911039520246,68.8402129706094],[-33.31095185817747,68.84073468495508],[-33.31279797011779,68.84126087421527],[-33.31474661327822,68.84159973715144],[-33.316695123982605,68.84193861621631],[-33.31752453210354,68.8414213520638],[-33.31949103474687,68.84079267696967],[-33.31940193366367,68.84001224887132],[-33.31982554802867,68.83927208911051]]],"type":"Polygon"},"id":"0000000000000000003a","properties":{"area":324744.9613245202,"elevation":1092.180127506358,"region":"SE","year":2019},"type":"Feature"},{"geometry":{"coordinates":[[[-32.76286145980038,68.96882231630667],[-32.762571687408524,68.96841208729634],[-32.76279453134456,68.96804198804016],[-32.761987498392294,68.96758715196955],[-32.762210342122344,68.96721705405213],[-32.76243351750223,68.96684698645953],[-32.76248248036528,68.96667307327341],[-32.76133639942456,68.96678006086663],[-32.760083409361144,68.96706992026976],[-32.75887954701515,68.96734638098123],[-32.75832205268752,68.9673196415965],[-32.757796021476565,68.96727949805025],[-32.75671689415566,68.9673731486117],[-32.756538537769195,68.96756935240225],[-32.75528546593043,68.96785917069153],[-32.75517394444138,68.96804200079245],[-32.75598104635947,68.96849683442107],[-32.75593203285394,68.96867074633154],[-32.75673927574998,68.96912110460002],[-32.75750611564007,68.96954924017896],[-32.757372421593814,68.96976768113367],[-32.757323414462185,68.96994159376189],[-32.75777363054873,68.9699950897966],[-32.758340003196025,68.97002189586156],[-32.758870533413734,68.97006201147063],[-32.76012812978305,68.96977213432757],[-32.760868431134675,68.96944217959995],[-32.761608374618056,68.96911219095404],[-32.76286145980038,68.96882231630667]]],"type":"Polygon"},"id":"0000000000000000003b","properties":{"area":71632.7498510445,"elevation":1365.1859146523423,"region":"SE","year":2019},"type":"Feature"},{"geometry":{"coordinates":[[[-33.027477939983626,68.90917298806875],[-33.02707203553199,68.90895000459557],[-33.02718370883124,68.90876273991483],[-33.0272906117075,68.90857547917766],[-33.02688491615427,68.90835245213756],[-33.02647917194267,68.90812953991902],[-33.02607334870011,68.9079020833264],[-33.025560566645545,68.90786200090109],[-33.02493630041592,68.908009136349],[-33.024312027651625,68.9081562691452],[-33.02368774835271,68.90830339928964],[-33.02306331994967,68.90844609955512],[-33.02295195650522,68.90863339098644],[-33.02284482373562,68.9088206918982],[-33.022220716923556,68.90896341852091],[-33.02210920341817,68.90915063663185],[-33.02200211691295,68.90933346680215],[-33.02137793794878,68.90948066032941],[-33.02126641548701,68.90966787800859],[-33.02167227144456,68.90989087883598],[-33.0221893166112,68.90993098465195],[-33.0227022726589,68.90997115194713],[-33.02310800711935,68.91019407567025],[-33.02351383553054,68.91042154145268],[-33.02391958549747,68.91064446283818],[-33.02443679467799,68.91068463315192],[-33.02506099207607,68.91053742570898],[-33.025573969720625,68.91057758242442],[-33.0260911826341,68.9106177466589],[-33.02619830055705,68.91043044296045],[-33.026309595140816,68.91024761897647],[-33.02693391416938,68.91010047646304],[-33.027041023216036,68.90991317235827],[-33.027152309008635,68.90973034793893],[-33.027259414550095,68.90954304380493],[-33.02737103544866,68.90936024912558],[-33.027477939983626,68.90917298806875]]],"type":"Polygon"},"id":"0000000000000000003c","properties":{"area":50274.32455649176,"elevation":1195.378235044548,"region":"SE","year":2019},"type":"Feature"},{"geometry":{"coordinates":[[[-32.77718857863055,68.96566972807933],[-32.776604364899626,68.96564302755053],[-32.77609172607501,68.96559840300728],[-32.77483420303804,68.96588826967222],[-32.77471824976398,68.96607996511658],[-32.77405393360692,68.96638765559995],[-32.77335832340864,68.96655268410115],[-32.772618116885646,68.96688262693363],[-32.773425057219534,68.96733301459876],[-32.773202037478576,68.96770309806766],[-32.77297915112775,68.96807325459888],[-32.77223889188623,68.9684031966975],[-32.771498754226386,68.96873320843977],[-32.770758456985384,68.96906314352643],[-32.770018479633634,68.96939310549827],[-32.76997369967609,68.96957150949002],[-32.77073614147034,68.96999509543664],[-32.77008977911852,68.97017791741608],[-32.77037950508253,68.97058817328181],[-32.770918989920816,68.97059259430954],[-32.771476509188204,68.97065499671967],[-32.77273391628123,68.9703652404561],[-32.77295683054568,68.96999508284947],[-32.77317987821037,68.9696249983052],[-32.77329572211057,68.96943322970527],[-32.77396471228346,68.96912558771423],[-32.77466029320673,68.9689650259624],[-32.77540054249984,68.96863507110581],[-32.77613619415107,68.96830506557927],[-32.775846292960544,68.96789039527104],[-32.77606927600372,68.96752030794072],[-32.77577504302791,68.96711009209135],[-32.77651541879885,68.96678009025406],[-32.77622542513778,68.96636989253591],[-32.776961193962215,68.96603984184769],[-32.77718857863055,68.96566972807933]]],"type":"Polygon"},"id":"0000000000000000003d","properties":{"area":65625.3497459359,"elevation":1365.2442142384834,"region":"SE","year":2019},"type":"Feature"},{"geometry":{"coordinates":[[[-32.71166207922584,69.16903604742059],[-32.710846250172814,69.1685856354773],[-32.709918612788215,69.16831805090526],[-32.708875100095625,69.16823777593137],[-32.707608647750696,69.16852764501637],[-32.706565482185134,69.16844738368727],[-32.70552625930296,69.16836710269136],[-32.70425563900452,69.16865699727438],[-32.70298912506705,69.16894682636617],[-32.70171831057496,69.16923662599953],[-32.70067922589221,69.16915638308254],[-32.700451885433665,69.16952650667082],[-32.69918115966328,69.16981635781087],[-32.69895364842303,69.17018640639199],[-32.698726271235145,69.17055652808605],[-32.69902052541638,69.17096675248038],[-32.69994797042291,69.17123433565841],[-32.700875638397704,69.17150186999932],[-32.70169140961578,69.17195222549488],[-32.7027348956405,69.17203247866135],[-32.70377391686434,69.17211274825543],[-32.70492892094132,69.17201024191297],[-32.70597242998939,69.17209047130498],[-32.707243162875315,69.17180067447244],[-32.70850945314633,69.17151077509459],[-32.70873703782199,69.17114066937916],[-32.70948600178215,69.17080624106691],[-32.70971356433913,69.17043613434598],[-32.71045810126861,69.17010615552674],[-32.71120723491469,69.16977622205444],[-32.71143476080216,69.16940611344315],[-32.71166207922584,69.16903604742059]]],"type":"Polygon"},"id":"0000000000000000003e","properties":{"area":151728.81735527707,"elevation":1763.0312735849047,"region":"SE","year":2019},"type":"Feature"},{"geometry":{"coordinates":[[[-32.88964705298042,69.12529664678577],[-32.88790364759589,69.12457874947174],[-32.88589702799561,69.12520307667162],[-32.884706407530274,69.12627325017057],[-32.881955309912385,69.12722747421195],[-32.88024731674438,69.12826193663444],[-32.876457066955496,69.12913593281554],[-32.87266245194431,69.13000989147399],[-32.86931802645534,69.13013921238786],[-32.86630833268135,69.12971565119577],[-32.86363708259961,69.12873463665711],[-32.86222813440436,69.12746383376891],[-32.86070765211128,69.12637577999884],[-32.85921821593171,69.12704017532926],[-32.859588339661066,69.12823073698256],[-32.86047567226218,69.12946148561102],[-32.86199618339236,69.13054947123308],[-32.86478321586931,69.1313476184138],[-32.86790461935521,69.13158401285307],[-32.871137406530735,69.13163753696853],[-32.87470466970095,69.13113809159903],[-32.8774558347759,69.13018381894177],[-32.88020728277377,69.12922959976243],[-32.882958530483,69.12827533089326],[-32.88622707481228,69.12736125139173],[-32.88741769107281,69.12629106382653],[-32.88964705298042,69.12529664678577]]],"type":"Polygon"},"id":"0000000000000000003f","properties":{"area":235972.28012577753,"elevation":1654.449970285573,"region":"SE","year":2019},"type":"Feature"},{"geometry":{"coordinates":[[[-33.448153980128154,69.02043201075105],[-33.447329125236074,69.01998162593456],[-33.44650412532932,69.0195357503107],[-33.44557210984404,69.01927262881343],[-33.444537824257026,69.01919682747915],[-33.443498752318895,69.01912103679544],[-33.442571192469195,69.01885796437118],[-33.441639275282455,69.018599286892],[-33.44060024603967,69.01852347467442],[-33.43956582383266,69.01844768035158],[-33.43852681338195,69.01837185281776],[-33.43749221201525,69.0182960869347],[-33.43645334419949,69.01821584622711],[-33.436761096087196,69.0186260649153],[-33.43706866013406,69.01903632675653],[-33.436854621757966,69.01941084600276],[-33.43716237477704,69.01981659396081],[-33.437469959280754,69.02022685540162],[-33.437773296877864,69.02063711946029],[-33.438705115979815,69.02090022060999],[-33.439637135520364,69.02115880150322],[-33.440671693162265,69.02123906477942],[-33.44171064062144,69.02131491930196],[-33.442535599268915,69.02176082422125],[-33.4436770905422,69.02164929457786],[-33.44471607335651,69.02172512684322],[-33.4459646165402,69.02143081990945],[-33.44721313330059,69.02113650239781],[-33.44794432818866,69.02080207212337],[-33.448153980128154,69.02043201075105]]],"type":"Polygon"},"id":"00000000000000000040","properties":{"area":116400.91361286868,"elevation":1633.3311584389987,"region":"SE","year":2019},"type":"Feature"},{"geometry":{"coordinates":[[[-32.68337358854767,69.17868543275186],[-32.68296792461209,69.17845809014848],[-32.682446175034634,69.17841792976311],[-32.68192442798017,69.17837776745725],[-32.68151844278507,69.17815039004978],[-32.68099684588658,69.17811029754493],[-32.68035914321101,69.17825738493325],[-32.67984202341326,69.17821726482231],[-32.67932008877864,69.17817713559505],[-32.67920437822463,69.17835999067765],[-32.67909287603938,69.1785472215426],[-32.678455218811905,69.17868994425122],[-32.67782190653722,69.17883711332965],[-32.67718871205556,69.17897980728483],[-32.676551110821656,69.17912695157736],[-32.67591790328153,69.1792696401119],[-32.67528476461571,69.17941675571504],[-32.67464706811289,69.17955946206295],[-32.674535666785125,69.17974676333314],[-32.67494152797476,69.17996973165225],[-32.67534713069692,69.1801970979799],[-32.67575735890749,69.18042451314591],[-32.67564160993204,69.18060736624638],[-32.675008233788404,69.18075452391061],[-32.67489233609356,69.18093730329824],[-32.67541411609747,69.18097749094449],[-32.67593583262488,69.1810220331923],[-32.67634152872505,69.18124504019077],[-32.67675178452982,69.18147245251535],[-32.67726916444566,69.18151254063356],[-32.677906827378806,69.18136539209314],[-32.678539882997555,69.18122273659162],[-32.67906153930229,69.18126283755922],[-32.679583339574855,69.18130300985896],[-32.68021658679405,69.181160304399],[-32.680854227478946,69.18101314306003],[-32.68096566466088,69.1808302667866],[-32.68108164131221,69.18064301055452],[-32.68119313988565,69.18045577771179],[-32.68130904774071,69.18027287792948],[-32.68194218350793,69.18012573563682],[-32.68257553069974,69.17998309365142],[-32.68269134915445,69.17979576323363],[-32.68280290784293,69.17961295925564],[-32.682918863988476,69.17942570202464],[-32.68303007739962,69.17924286740988],[-32.683146229969424,69.17905556744788],[-32.68325770455046,69.17886833360615],[-32.68337358854767,69.17868543275186]]],"type":"Polygon"},"id":"00000000000000000041","properties":{"area":81978.8535560905,"elevation":1783.6790198285564,"region":"SE","year":2019},"type":"Feature"},{"geometry":{"coordinates":[[[-32.92523964400881,69.12762877162221],[-32.923567546822696,69.12769124582286],[-32.921560788576556,69.12831547374167],[-32.91903698397409,69.12889961778909],[-32.91662031716523,69.12929650503587],[-32.91442648470794,69.12932323525155],[-32.9121253267251,69.1295372586171],[-32.909931637119804,69.12956399295597],[-32.90807645297355,69.12903337274025],[-32.90588277241356,69.12906016032396],[-32.90391168773965,69.1287123533124],[-32.90194539937331,69.12836899031433],[-32.90172232728922,69.12873908928334],[-32.901276421020995,69.12948378884978],[-32.90239116641201,69.13034433699109],[-32.90446920952057,69.13050485557143],[-32.90655158574652,69.13066100031469],[-32.90863397826479,69.13082147028042],[-32.91071196361569,69.13097758421158],[-32.91312871696487,69.13058072053559],[-32.91521112761702,69.13074121002857],[-32.91751199536105,69.13052722159617],[-32.919817427677636,69.13031759457469],[-32.92234117131211,69.129733477307],[-32.923830581194316,69.12906909356221],[-32.924793854170446,69.1283690041424],[-32.92523964400881,69.12762877162221]]],"type":"Polygon"},"id":"00000000000000000042","properties":{"area":154446.34841239348,"elevation":1646.5588892435371,"region":"SE","year":2019},"type":"Feature"},{"geometry":{"coordinates":[[[-33.06711942154846,69.09378868998697],[-33.066111626845604,69.09274520136898],[-33.065099255039264,69.09170178464085],[-33.06283418616104,69.09094819637909],[-33.06023449916838,69.0907520370299],[-33.05752771186687,69.09073860946494],[-33.05525815363115,69.08998501962985],[-33.052332957413476,69.09034624493083],[-33.04940343230319,69.09070740276648],[-33.04918481036165,69.09107748694886],[-33.04811459694391,69.09196935487205],[-33.047566201128525,69.09289686021654],[-33.0475348724153,69.0938600135827],[-33.04802537005341,69.0948677527113],[-33.04799433726659,69.09583540971795],[-33.047963156209285,69.0968029951138],[-33.04845352194181,69.09781077907391],[-33.049461348338866,69.09885415979643],[-33.05047361579422,69.09990208662931],[-33.05273866201886,69.10065118591207],[-33.05523132738151,69.10103466778459],[-33.058049558452346,69.10086083535207],[-33.059637028221736,69.10000907278389],[-33.06122448090335,69.09916183893365],[-33.061777286501794,69.09823438766581],[-33.06336474431857,69.09738273527918],[-33.06443493148342,69.09649536669451],[-33.06550077432888,69.09560798401569],[-33.06657080456195,69.0947206030506],[-33.06711942154846,69.09378868998697]]],"type":"Polygon"},"id":"00000000000000000043","properties":{"area":707916.8403769495,"elevation":1616.1736897963303,"region":"SE","year":2019},"type":"Feature"},{"geometry":{"coordinates":[[[-32.696639354808994,69.18553911329789],[-32.695185686372575,69.18523148173566],[-32.6936251093824,69.18511105416366],[-32.69205987763449,69.18499067586775],[-32.69038333807266,69.18505304842773],[-32.688590794570295,69.18530278040532],[-32.68703001668848,69.1851824391455],[-32.685808195822666,69.18450458622368],[-32.68458638777755,69.1838268386343],[-32.68313282578849,69.18351912519451],[-32.681344778312024,69.18376885788085],[-32.681117334208025,69.18413899250045],[-32.68025220596582,69.18465617417523],[-32.67939160124193,69.18517351712642],[-32.68009160772255,69.18581110064858],[-32.68165683748646,69.18593149422907],[-32.68299017133578,69.1864220325938],[-32.68421185377718,69.18709983776643],[-32.68543380803213,69.18777758968012],[-32.68561650109436,69.18837508853512],[-32.686838361337514,69.18905287110476],[-32.68840346488406,69.18917327412973],[-32.69030731332651,69.18874074067531],[-32.692099907901,69.18849102633074],[-32.69336634255743,69.18820122574205],[-32.69475314246105,69.1877241222925],[-32.69509205501515,69.18716667905538],[-32.695957216268965,69.18665391136477],[-32.69629608455173,69.18609646645528],[-32.696639354808994,69.18553911329789]]],"type":"Polygon"},"id":"00000000000000000044","properties":{"area":226007.99958289124,"elevation":1785.071071039459,"region":"SE","year":2019},"type":"Feature"},{"geometry":{"coordinates":[[[-32.636017882383186,69.21656552264905],[-32.63520202421353,69.21611519190701],[-32.63438598912718,69.21566035308092],[-32.63409609958011,69.21525011600953],[-32.63536687610569,69.21496028652211],[-32.63507269483004,69.2145500313063],[-32.6341451648381,69.21428250531362],[-32.63286993277048,69.21457234547802],[-32.63194243243718,69.21430480496362],[-32.63112639152637,69.21385441994269],[-32.630198741850414,69.21358691047836],[-32.62915531157488,69.2135065678242],[-32.6278845023324,69.21379645755881],[-32.62660924393945,69.2140862423105],[-32.62638188448026,69.2144563646792],[-32.625628104775394,69.2147863663146],[-32.62487912948619,69.2151163733164],[-32.624129993292215,69.21544630343658],[-32.624941514555765,69.21589663582213],[-32.62471411058181,69.21626675679636],[-32.625008324466314,69.21667699316198],[-32.62529827267192,69.21709175416701],[-32.62507071942693,69.21746180299323],[-32.62611415337998,69.21754210084576],[-32.62704617752008,69.2178096577321],[-32.627973600672114,69.21807715694725],[-32.62901707971961,69.2181574333297],[-32.629944684754825,69.21842499282913],[-32.63121980903449,69.21813514417957],[-32.632263311237004,69.21821539677563],[-32.63330682354783,69.21829564170353],[-32.63457757129612,69.21800585899112],[-32.635331152045524,69.21767585180153],[-32.63555855576176,69.21730578820218],[-32.63526434599734,69.21689553255104],[-32.636017882383186,69.21656552264905]]],"type":"Polygon"},"id":"00000000000000000045","properties":{"area":179809.97161202767,"elevation":1862.7483709472344,"region":"SE","year":2019},"type":"Feature"},{"geometry":{"coordinates":[[[-33.66009068120182,69.00930654811971],[-33.659675773480224,69.00908355710396],[-33.65978286185544,69.00889632788717],[-33.65988554731234,69.00870903622928],[-33.65936830533989,69.00867336424437],[-33.658846466920686,69.00863767188991],[-33.65843186388726,69.00841023566448],[-33.657914632387424,69.00837455830074],[-33.65739720558384,69.0083389230241],[-33.6568756612088,69.00829878177065],[-33.65635843650365,69.00826309868148],[-33.65584101649396,69.0082274576773],[-33.65532373644706,69.00818730098058],[-33.65480206379185,69.00815166582058],[-33.654182261805175,69.00829874914604],[-33.653660590030896,69.00826310978114],[-33.65314337524155,69.00822741489415],[-33.65304092389512,69.00841026046751],[-33.65293378788254,69.00859748494],[-33.65231391227688,69.00874467662442],[-33.65220691295186,69.00893197294575],[-33.65262159749312,69.00915491425445],[-33.653036289936274,69.00937785434503],[-33.653450990281485,69.00960079321742],[-33.65334839633124,69.00978815320583],[-33.65324579505433,69.00997092714404],[-33.6537631065755,69.01001109119801],[-33.65428036093386,69.01004678353182],[-33.65469508498765,69.01026971874963],[-33.65521686236911,69.01030982378391],[-33.655734127201384,69.01034551073874],[-33.65625139426374,69.01038119579073],[-33.65676857977615,69.01042127651637],[-33.65729025284083,69.01045702026643],[-33.65780752669964,69.0104926995933],[-33.65832471928783,69.01053277459265],[-33.65894901644152,69.010385618578],[-33.65957339024912,69.01023406234326],[-33.65967594000444,69.01004669817624],[-33.65926116830868,69.00982377802929],[-33.65936372518552,69.009641000219],[-33.659988131237455,69.00948932630224],[-33.66009068120182,69.00930654811971]]],"type":"Polygon"},"id":"00000000000000000046","properties":{"area":60238.605099260734,"elevation":1717.8159867760792,"region":"SE","year":2019},"type":"Feature"},{"geometry":{"coordinates":[[[-32.636508417843885,69.25564957934387],[-32.63633016620728,69.25505203725622],[-32.635625496902556,69.25441443747556],[-32.635973350957016,69.2538614688887],[-32.63567901842452,69.25344680138032],[-32.634336730731924,69.2529562592868],[-32.632771782796915,69.25283139230991],[-32.631086166223014,69.25289830401098],[-32.63097023100464,69.25308113213094],[-32.629583437755734,69.2535582097497],[-32.62819218060526,69.25403093973243],[-32.62941854605671,69.25470868241247],[-32.628027282670416,69.25518584244668],[-32.62611437335282,69.2556183598201],[-32.62420120367842,69.25605089521804],[-32.622747680989285,69.25574766390856],[-32.62129393576972,69.25544002988924],[-32.620950763420176,69.25599293407326],[-32.622404334837356,69.25630061406386],[-32.623630626108074,69.25697840852092],[-32.62485235782313,69.25765614081482],[-32.62619010241959,69.25815115249681],[-32.62787560275543,69.25808873615271],[-32.629561237637354,69.25802182719839],[-32.63147409913276,69.25758930390721],[-32.63338710207782,69.25715671343471],[-32.63529563054614,69.25671976354444],[-32.635643329584035,69.25616683644975],[-32.636508417843885,69.25564957934387]]],"type":"Polygon"},"id":"00000000000000000047","properties":{"area":197021.001640437,"elevation":1949.8186657974784,"region":"SE","year":2019},"type":"Feature"},{"geometry":{"coordinates":[[[-33.1210075220484,69.16356018097908],[-33.11853724503976,69.1622135238205],[-33.11420289902844,69.16033629522167],[-33.111567618640514,69.16110771952295],[-33.11099237186284,69.1630028548397],[-33.11041274309556,69.16489798690466],[-33.106185587095695,69.16652108125714],[-33.10064279489502,69.1666860600287],[-33.09520717724337,69.16666822991067],[-33.08999447786902,69.16627581980484],[-33.08466595356982,69.16607072669626],[-33.07879329173737,69.16679303102549],[-33.072697582530175,69.16788554242694],[-33.070552939838294,69.16966473259463],[-33.07101654214559,69.17163567244111],[-33.07556936190948,69.17314286777868],[-33.08078657592461,69.17353524962083],[-33.08666353027828,69.17281288906251],[-33.09209914587724,69.1728306802224],[-33.09764630991066,69.172665673402],[-33.10352336144234,69.17194333920806],[-33.10879421119816,69.17040048426544],[-33.11406473802556,69.16885759016245],[-33.11829210870254,69.1672345205328],[-33.12043238622289,69.1654553671015],[-33.1210075220484,69.16356018097908]]],"type":"Polygon"},"id":"00000000000000000048","properties":{"area":1227418.1941275683,"elevation":1747.8667417237566,"region":"SE","year":2019},"type":"Feature"},{"geometry":{"coordinates":[[[-33.06725760262012,69.14401592931533],[-33.066655535489296,69.14319550699453],[-33.0670969339918,69.1424508229911],[-33.06597343726085,69.14159025055318],[-33.06537132667407,69.14076975146563],[-33.06425210114205,69.13990910087281],[-33.06238823694504,69.13938298835004],[-33.0607474021897,69.13848223016397],[-33.059101880315424,69.1375814584017],[-33.05701948136648,69.13742547179744],[-33.05526705898599,69.13671194871678],[-33.05318478190986,69.13655590526302],[-33.054308303237754,69.13741652318605],[-33.05386702680356,69.13815672379471],[-33.054468867935654,69.13897723012718],[-33.05506627914949,69.13980212510354],[-33.05514658569165,69.140582479877],[-33.056270358219116,69.1414430842016],[-33.05687235732597,69.14226358220698],[-33.05695258125162,69.14304386490011],[-33.05703295062616,69.14382422114284],[-33.05815212160048,69.14468481746269],[-33.05927579044163,69.14554548598963],[-33.060916878440224,69.14644619213703],[-33.06311069681803,69.1464149954551],[-33.0643724685536,69.14612514780997],[-33.0663790460864,69.14550083745938],[-33.066816027683416,69.14475618702227],[-33.06725760262012,69.14401592931533]]],"type":"Polygon"},"id":"00000000000000000049","properties":{"area":347391.0534671304,"elevation":1696.0398237004147,"region":"SE","year":2019},"type":"Feature"},{"geometry":{"coordinates":[[[-33.45127535263693,69.05569459764595],[-33.45065998656689,69.05487407724569],[-33.450044804168044,69.05405362714681],[-33.448180772327454,69.05353193808551],[-33.44652646579455,69.0526356462744],[-33.44466263413008,69.05211391019573],[-33.443516491327664,69.05222096964505],[-33.44101508639434,69.05281397126008],[-33.43851350052458,69.0534025761015],[-33.43622590878599,69.05362551166192],[-33.43404090089475,69.05365679886657],[-33.4321770718088,69.05313505604418],[-33.430527266994766,69.05223877261541],[-33.428556246245506,69.05189985609859],[-33.42864986081299,69.05268023859261],[-33.42822184579927,69.05342491099505],[-33.427798263855536,69.05416953654128],[-33.42841357612458,69.05498551775364],[-33.42902448453989,69.05580601400801],[-33.43078144534352,69.05651505813142],[-33.43254263570637,69.05722400464872],[-33.43451362110063,69.05756287834805],[-33.43648461694982,69.05790184045007],[-33.438562471476175,69.05805343727198],[-33.44074728387273,69.0580177369258],[-33.4430349044119,69.05779928139836],[-33.445219877331034,69.05776805552608],[-33.44740483684433,69.05773232552988],[-33.4493846761191,69.0571036153898],[-33.45084724192338,69.05643480696138],[-33.45127535263693,69.05569459764595]]],"type":"Polygon"},"id":"0000000000000000004a","properties":{"area":447939.70258009486,"elevation":1739.5332266827184,"region":"SE","year":2019},"type":"Feature"},{"geometry":{"coordinates":[[[-33.08782304158621,69.14420324631608],[-33.08751972362762,69.14379297749869],[-33.08669911811806,69.1433426411046],[-33.08691787668243,69.14297254787104],[-33.086618862882055,69.14256228463842],[-33.086315727236084,69.1421520865451],[-33.08549539954444,69.14170170016376],[-33.08467485633403,69.14125582391495],[-33.08384997613626,69.140805391121],[-33.08407287280759,69.14043088205284],[-33.08314089776808,69.14016780141799],[-33.0820973870458,69.14009198926611],[-33.08116550010412,69.13982442380474],[-33.08034510785293,69.13937852226506],[-33.07941307248849,69.13911098833314],[-33.07836962986806,69.1390351484199],[-33.07815112830606,69.13940525725182],[-33.07793261963742,69.13977536599357],[-33.07770978080764,69.14014993888787],[-33.07801308233866,69.14056018557949],[-33.078833464338494,69.14100610124781],[-33.07913660384615,69.14142074455006],[-33.07943547143168,69.1418310242956],[-33.08025592422477,69.14227693180723],[-33.0812993267006,69.14235715560775],[-33.08211978687945,69.14280752386132],[-33.08294469593761,69.14325796746245],[-33.08376526803264,69.14370385445379],[-33.084585624235565,69.14415425158947],[-33.08562913456787,69.14423444293318],[-33.08677952803932,69.1441274267303],[-33.08782304158621,69.14420324631608]]],"type":"Polygon"},"id":"0000000000000000004b","properties":{"area":105530.78938438202,"elevation":1710.527259757465,"region":"SE","year":2019},"type":"Feature"},{"geometry":{"coordinates":[[[-32.97894956943944,69.1342372066704],[-32.97720158713364,69.13351926449783],[-32.97426746206193,69.13388045892106],[-32.97155199914966,69.13386704441614],[-32.969059322354894,69.13348355779067],[-32.96679400029909,69.13272997794539],[-32.96474275484827,69.13160629656676],[-32.96269604905502,69.13047812446872],[-32.96429243277045,69.12963095001717],[-32.96347649618055,69.12918057219018],[-32.96031945400549,69.12991180306882],[-32.95749689987205,69.1300857210039],[-32.95511570292997,69.12951495775093],[-32.952515961825135,69.12931882079181],[-32.94991194235891,69.12911807996433],[-32.94697788915296,69.12947928940352],[-32.94664336887813,69.13003218645488],[-32.949024415455085,69.13060297713203],[-32.95162424030683,69.13079917697208],[-32.95422832512391,69.13099981198714],[-32.95682801629653,69.1311960751976],[-32.95909754984932,69.13194962545846],[-32.96136730932809,69.1327076836471],[-32.96363709494959,69.13346127622039],[-32.96612523154769,69.13384477478478],[-32.96861773572767,69.13422824003028],[-32.97099901339439,69.13479458962499],[-32.97349152693874,69.13517801140362],[-32.97620268247348,69.13519142004691],[-32.978396563110024,69.13516463230954],[-32.97894956943944,69.1342372066704]]],"type":"Polygon"},"id":"0000000000000000004c","properties":{"area":225102.15589718055,"elevation":1637.714334360054,"region":"SE","year":2019},"type":"Feature"},{"geometry":{"coordinates":[[[-33.09903313041397,69.10685832115787],[-33.098841478011316,69.10626077352758],[-33.09698194511764,69.10573462862706],[-33.095336514462716,69.10483389761296],[-33.093695632304446,69.10393758266095],[-33.093098220053704,69.10311711849417],[-33.091457190293276,69.10221639275916],[-33.09085508769271,69.10139592636484],[-33.089731537516926,69.10053525570082],[-33.0886122784384,69.09967469957387],[-33.08801033302106,69.09885422228827],[-33.08896890077558,69.0981541609862],[-33.08888869185059,69.09736926367128],[-33.08817957259973,69.09673610631438],[-33.086097162877365,69.09658006369806],[-33.086181991216364,69.09736041212268],[-33.085740394613836,69.09810059350771],[-33.08634258389275,69.09892111016158],[-33.08642276656004,69.09970589526414],[-33.08650299899519,69.10048620964545],[-33.08710492628033,69.10130669518665],[-33.08874591373089,69.10220742906498],[-33.08882622284256,69.10298774387577],[-33.08995004325066,69.10384838042987],[-33.09159096229565,69.10474469669761],[-33.09345028614938,69.10527526869659],[-33.09509124460292,69.10617158723281],[-33.097062182544796,69.10651491001914],[-33.09903313041397,69.10685832115787]]],"type":"Polygon"},"id":"0000000000000000004d","properties":{"area":138141.16206971588,"elevation":1608.4048785655634,"region":"SE","year":2019},"type":"Feature"},{"geometry":{"coordinates":[[[-33.120459152008564,69.1045930218078],[-33.11944687939008,69.10354518924558],[-33.11947366556826,69.10257753427977],[-33.11898307229711,69.10157426388267],[-33.11900986768495,69.10060661136447],[-33.11903665739951,69.09963896010412],[-33.11854170654662,69.09863125691209],[-33.118051218698454,69.09762798735233],[-33.116820469210154,69.09695016273098],[-33.11476926745971,69.0958265090591],[-33.112388074405075,69.09526016403805],[-33.10945857936125,69.09562136767812],[-33.1091329109551,69.09617873628889],[-33.109623489490275,69.09718649638418],[-33.110118372652565,69.09819426226869],[-33.1123882260889,69.09894335533592],[-33.11443935626531,69.1000670896798],[-33.11545160636186,69.10111498623951],[-33.116463642989515,69.10215837522055],[-33.11747590847671,69.10320183036261],[-33.11797088980623,69.10420954286673],[-33.11794403565893,69.10517720026473],[-33.117395681947514,69.10610471622067],[-33.11476921449588,69.1068761320432],[-33.114439219917045,69.10743351501178],[-33.117261800960364,69.10725959955796],[-33.1198883922754,69.10648821053496],[-33.12043243639133,69.1055562077464],[-33.120459152008564,69.1045930218078]]],"type":"Polygon"},"id":"0000000000000000004e","properties":{"area":239595.65486843837,"elevation":1607.327526398631,"region":"SE","year":2019},"type":"Feature"},{"geometry":{"coordinates":[[[-32.860716435227715,69.15703655809266],[-32.859561666716665,69.15713910027857],[-32.854794902051054,69.15871762749163],[-32.84992091587051,69.15775888882924],[-32.84791881484384,69.15566758400381],[-32.84431585168405,69.15441907939353],[-32.838768806215676,69.15457517011255],[-32.83356494892524,69.15417827215292],[-32.83051933228138,69.15200222510667],[-32.830082399202595,69.15002681619342],[-32.83120620564929,69.1481718642872],[-32.83545124268929,69.146557700633],[-32.83675333209079,69.14530020702179],[-32.831326586592304,69.14527347303208],[-32.82886501608504,69.1466334383527],[-32.82774587484334,69.14848848755531],[-32.82766108333647,69.15042373268834],[-32.82758093617166,69.15235891185394],[-32.82750070367816,69.15429421182405],[-32.83088067534238,69.15591283884595],[-32.83642335264773,69.15575234468467],[-32.84151561036786,69.15634090990082],[-32.845716092111175,69.15840997796975],[-32.84876158565199,69.16058154945223],[-32.85214164135301,69.1622001768411],[-32.85639113408635,69.16058604321348],[-32.85959282637776,69.1588915502666],[-32.860716435227715,69.15703655809266]]],"type":"Polygon"},"id":"0000000000000000004f","properties":{"area":505913.6984651525,"elevation":1702.8905620226053,"region":"SE","year":2019},"type":"Feature"},{"geometry":{"coordinates":[[[-32.81263842526243,69.17430664156248],[-32.81148348131894,69.1744091732501],[-32.81021718994227,69.17470354447619],[-32.808950829764946,69.17499335953379],[-32.807679966556115,69.17528319115725],[-32.80675255795541,69.17502010212749],[-32.80593648903598,69.17456527720445],[-32.805004312843096,69.17430217361377],[-32.804781567130256,69.1746723005496],[-32.80403251052677,69.17500227594446],[-32.803287711145195,69.1753322633605],[-32.80358190677182,69.17574692386171],[-32.80439806446481,69.17619729068451],[-32.80365323072399,69.17652728082706],[-32.80290871952541,69.17685729772371],[-32.80372475699246,69.1773075956332],[-32.804768169266765,69.17738792230344],[-32.80592298062769,69.17728529650934],[-32.8070778280019,69.17717830519136],[-32.807711128268814,69.1770311700785],[-32.80689507382153,69.1765807797998],[-32.806596432110425,69.17617058314315],[-32.80786273380469,69.17588071447808],[-32.80913362777506,69.1755908807108],[-32.81039997636087,69.17529651814546],[-32.811666340594385,69.17500669014937],[-32.811893748438244,69.174636672115],[-32.81263842526243,69.17430664156248]]],"type":"Polygon"},"id":"00000000000000000050","properties":{"area":54803.54298506293,"elevation":1736.9687191956366,"region":"SE","year":2019},"type":"Feature"},{"geometry":{"coordinates":[[[-33.24870295926164,69.07270603162549],[-33.24839969047426,69.0722958022762],[-33.24861811128819,69.07192564616649],[-33.24757920026301,69.07184992675029],[-33.24664708398736,69.07158679904586],[-33.24560827193305,69.0715064779439],[-33.244676337869564,69.0712434097524],[-33.24353038849554,69.07135491431357],[-33.24331636101121,69.07172502221236],[-33.242058836300906,69.07201933830036],[-33.241844780332926,69.07238944460033],[-33.24058720746883,69.07268374845513],[-33.239334411830264,69.07297803014573],[-33.23807678578451,69.07327231263065],[-33.23734095669128,69.07360677216332],[-33.23816609555203,69.07405269773517],[-33.23794753619462,69.07442719557476],[-33.237733537751815,69.07479737040548],[-33.238772515682484,69.07487316114869],[-33.23981150308617,69.07494894423834],[-33.240850283537085,69.07502923413335],[-33.241996395098695,69.07492221979444],[-33.24314231884335,69.07481076872884],[-33.24428841702725,69.074703736142],[-33.2454387728578,69.07459669695731],[-33.24606312948778,69.07444956523865],[-33.24679868358529,69.07411510454789],[-33.247534559774856,69.07378066963524],[-33.24827040025386,69.07345070227888],[-33.24848879556399,69.0730761907539],[-33.24870295926164,69.07270603162549]]],"type":"Polygon"},"id":"00000000000000000051","properties":{"area":121835.97572709282,"elevation":1616.175404113006,"region":"SE","year":2019},"type":"Feature"},{"geometry":{"coordinates":[[[-32.82971674014977,69.16863019622251],[-32.829306522639506,69.1684028240384],[-32.82804028362591,69.16869712622518],[-32.82677377243218,69.1689869151816],[-32.82550737678518,69.16927676642837],[-32.824240954795826,69.1695666068657],[-32.82401362951085,69.16994122792595],[-32.82379072783141,69.17031127569456],[-32.82252423557169,69.17060110205894],[-32.821253382821666,69.17089101850753],[-32.81998703778385,69.17118078035537],[-32.81872071028702,69.17147507672568],[-32.818497655861734,69.17184523389152],[-32.81722690174302,69.1721350732879],[-32.81596039749342,69.1724249170269],[-32.81469410995819,69.17271925245217],[-32.813427752748744,69.1730090317292],[-32.81216131108656,69.17329891616225],[-32.81245554499932,69.17370912662363],[-32.81338322463417,69.17397668058945],[-32.81465386777839,69.17368237073921],[-32.81539862354909,69.17335239999993],[-32.81614336000154,69.17302242572441],[-32.817414171253695,69.17273259502876],[-32.81868047980071,69.17244278115922],[-32.819946859791635,69.17214848426048],[-32.82121331536752,69.17185860592342],[-32.822479744593274,69.17156871677767],[-32.82374608941246,69.1712789327902],[-32.82501698079883,69.1709846378788],[-32.82628327266078,69.17069483224117],[-32.82650619965147,69.17032466479502],[-32.827250851055254,69.16999470950064],[-32.8279999590227,69.16966472267362],[-32.82874466783926,69.16933028808879],[-32.82948946103012,69.1690002792977],[-32.82971674014977,69.16863019622251]]],"type":"Polygon"},"id":"00000000000000000052","properties":{"area":75637.94775613642,"elevation":1733.1296015180271,"region":"SE","year":2019},"type":"Feature"},{"geometry":{"coordinates":[[[-32.91320904246836,69.14765903496514],[-32.91187115097868,69.14716854629779],[-32.91101511644448,69.14768580758961],[-32.9106806557487,69.1482431631843],[-32.9093029399984,69.14872031691552],[-32.908451071418035,69.14923757744754],[-32.90655163128111,69.14967459956584],[-32.904656604652686,69.15011156698543],[-32.9027568457013,69.15054858345411],[-32.90097330365809,69.15079823265037],[-32.89941259956542,69.15068230983012],[-32.89751286940363,69.15111933125853],[-32.89584075957844,69.15118623785534],[-32.89416411665871,69.15124860995238],[-32.89394114268215,69.15162317012366],[-32.8936068064447,69.15217612415644],[-32.89379422408909,69.15277366698422],[-32.895354785768404,69.15289404943971],[-32.897031287729185,69.15282715999919],[-32.89881506099434,69.15257744148414],[-32.90037568208908,69.15269341285845],[-32.90205243944669,69.15263096679926],[-32.90394744233183,69.15218952799933],[-32.905847118790014,69.15175253663648],[-32.90670318164205,69.15123970003545],[-32.90859835370337,69.1507982322908],[-32.909454470716014,69.15028545376967],[-32.910310632784295,69.14976819883933],[-32.911683921386526,69.14929106491066],[-32.912540145558,69.14877387112206],[-32.912874431351575,69.14821643814359],[-32.91320904246836,69.14765903496514]]],"type":"Polygon"},"id":"00000000000000000053","properties":{"area":149917.1299839204,"elevation":1711.5877730294403,"region":"SE","year":2019},"type":"Feature"},{"geometry":{"coordinates":[[[-32.517044691367055,69.32056962039758],[-32.51687082231762,69.31997213153448],[-32.5156443969282,69.31929430628522],[-32.5154705699861,69.31869681611911],[-32.51401238286468,69.31838914548399],[-32.51255423920488,69.31808145978717],[-32.51121654107535,69.31758650211155],[-32.509758493510056,69.31727878747506],[-32.507952577305886,69.31752402062358],[-32.50673079502345,69.3168462573765],[-32.505040681632586,69.31690869181415],[-32.50323475135576,69.31715841262222],[-32.50300293009976,69.31752852044629],[-32.502655092562314,69.31808142974529],[-32.50387684586713,69.3187636599712],[-32.50417118384909,69.31917394616964],[-32.505513496041885,69.31966891016684],[-32.506735234918914,69.32034661130888],[-32.50819341470308,69.32065435608848],[-32.50976746978577,69.3207792049433],[-32.51122108534732,69.32108686341844],[-32.51256327235261,69.32158184497118],[-32.514021282943084,69.3218894985829],[-32.51582725854093,69.3216397968642],[-32.51669681509984,69.32112696249257],[-32.517044691367055,69.32056962039758]]],"type":"Polygon"},"id":"00000000000000000054","properties":{"area":182527.50266918103,"elevation":2159.527650349379,"region":"SE","year":2019},"type":"Feature"},{"geometry":{"coordinates":[[[-32.97216270856398,69.2411886995904],[-32.97018288986619,69.24084533881756],[-32.968689123352675,69.24150530779661],[-32.96667367753348,69.24212957517956],[-32.966753824972756,69.2429143943249],[-32.96421217473512,69.24349850110887],[-32.96271843948691,69.24415844316185],[-32.96018116121902,69.24474263826373],[-32.95763948473293,69.2453267792398],[-32.95554820377046,69.2451706976878],[-32.95379129960572,69.24445275900473],[-32.95203443284012,69.24373927077772],[-32.95263196056582,69.24455982045016],[-32.95009460721995,69.24514391309805],[-32.950170460787476,69.2459287255254],[-32.95237332774903,69.24589748013759],[-32.95446904980866,69.24605804808041],[-32.956560394406566,69.2462141448358],[-32.95865170496642,69.24637468327161],[-32.960747547515716,69.24653515862566],[-32.963061785068376,69.24632115786072],[-32.96538048781261,69.24610708774206],[-32.967917766243936,69.24552291545976],[-32.96941148236815,69.24485856231023],[-32.97037917267239,69.24415851103144],[-32.97135136948821,69.24345394932655],[-32.971797046152155,69.24271371644382],[-32.970673385906764,69.24185312895574],[-32.97216270856398,69.2411886995904]]],"type":"Polygon"},"id":"00000000000000000055","properties":{"area":202456.06375466808,"elevation":1867.2836556357115,"region":"SE","year":2019},"type":"Feature"},{"geometry":{"coordinates":[[[-33.46310983436692,69.17910466608384],[-33.46238743026172,69.17847146854342],[-33.46218227874801,69.17787395734496],[-33.460933822770286,69.17720504244822],[-33.46073300100088,69.1766075255533],[-33.459163534714364,69.17649156644582],[-33.45749133725187,69.17656739838341],[-33.45560514736476,69.17700890481446],[-33.455498125929765,69.17719612869053],[-33.45569879807816,69.17778918338536],[-33.45485609781236,69.17831090633327],[-33.45453506012959,69.17886829488518],[-33.45474002370983,69.17946581961021],[-33.454418965642155,69.18002320889984],[-33.45409789182165,69.18058059800921],[-33.45430317841885,69.18117368208642],[-33.45293426441118,69.1816552597767],[-33.45418276613396,69.18232860345199],[-33.45386165151217,69.18288599402246],[-33.45406682262605,69.18348347886788],[-33.45489624775606,69.18392938169858],[-33.45667982236232,69.18367071398664],[-33.45792385652288,69.18434411608993],[-33.45866411774981,69.18400966590774],[-33.45950695473878,69.1834879155347],[-33.46087138372183,69.18300632182],[-33.46118785865991,69.18244896485541],[-33.46150914643274,69.18189158853995],[-33.461830075078474,69.18133418334166],[-33.462151132106605,69.18077685040892],[-33.461945972012984,69.18017933724805],[-33.46278882449075,69.17966199954829],[-33.46310983436692,69.17910466608384]]],"type":"Polygon"},"id":"00000000000000000056","properties":{"area":234160.59275429312,"elevation":1896.8759161904773,"region":"SE","year":2019},"type":"Feature"},{"geometry":{"coordinates":[[[-33.04415503083729,69.29006493226818],[-33.04374464719462,69.28983751134255],[-33.042804020335865,69.28957441318053],[-33.04197894715009,69.28912402655959],[-33.040819510752385,69.28923108829757],[-33.03954867502384,69.28952535676174],[-33.038384915871106,69.2896323908695],[-33.03722545007817,69.2897394240483],[-33.03700262431917,69.29010949627353],[-33.03573185064759,69.29040380507459],[-33.03446090932659,69.29069367363056],[-33.033716175637416,69.29102809312577],[-33.032967182404356,69.29135802799803],[-33.032217968909386,69.29168800246352],[-33.03199943075396,69.29206262273917],[-33.03282444671498,69.292512953066],[-33.03398370976938,69.29240592382021],[-33.035147610650924,69.29229892349608],[-33.036084137839886,69.29256202084258],[-33.037354824950846,69.29226775024893],[-33.03862562617115,69.29197789822747],[-33.039896459928485,69.2916835627865],[-33.041171910959754,69.29138925448235],[-33.04244277496431,69.29109944278366],[-33.04318740687308,69.29076497919309],[-33.04341034839256,69.29039485480396],[-33.04415503083729,69.29006493226818]]],"type":"Polygon"},"id":"00000000000000000057","properties":{"area":97378.19621315188,"elevation":2012.0765838600614,"region":"SE","year":2019},"type":"Feature"},{"geometry":{"coordinates":[[[-33.06324875426376,69.19296351798026],[-33.06295010548198,69.19255328387175],[-33.06316850541051,69.19218315001615],[-33.062865383906,69.1917729514277],[-33.06204491026875,69.19132261952616],[-33.06100143190608,69.19124673174588],[-33.05984664542709,69.19135381328135],[-33.05858009534889,69.19164364319812],[-33.05888348122189,69.19205388123578],[-33.0591820516859,69.19246412434869],[-33.058963735870066,69.19283868170908],[-33.0576972980989,69.19312846204474],[-33.05643092250196,69.19342277645691],[-33.05516451998637,69.1937170800684],[-33.05546766770897,69.1941273699263],[-33.05472316043845,69.19445731936078],[-33.05502616561826,69.19486753764761],[-33.05532504023355,69.19527782024869],[-33.05562826515435,69.19568799428403],[-33.05667170568234,69.1957683191121],[-33.05771506738729,69.19584409136341],[-33.05876301108573,69.19592436555462],[-33.05991782083303,69.19581733309387],[-33.06065802789165,69.19548734848166],[-33.06140269527923,69.19515296904743],[-33.06162114544786,69.19478283587954],[-33.06184421446367,69.19441274010316],[-33.062062703485594,69.19403813472202],[-33.062285757997245,69.19366803873795],[-33.06303029434474,69.19333812438813],[-33.06324875426376,69.19296351798026]]],"type":"Polygon"},"id":"00000000000000000058","properties":{"area":109154.16412719518,"elevation":1773.3836146157616,"region":"SE","year":2019},"type":"Feature"},{"geometry":{"coordinates":[[[-33.52271012024856,69.09186237552316],[-33.52230449752212,69.09067173345268],[-33.520645611231885,69.0897754844979],[-33.5172075603914,69.09010992285975],[-33.514492094212464,69.09107303170107],[-33.51073298055126,69.09196038547223],[-33.50718817359245,69.09247770146726],[-33.503643049187986,69.09299497469758],[-33.500307675358,69.0931376616735],[-33.4970791440598,69.09309749881373],[-33.49385079531024,69.09305733493275],[-33.49104610489008,69.09227253239942],[-33.488241218802976,69.09148776110746],[-33.485226925357175,69.09107304245433],[-33.4822127311601,69.09066284595447],[-33.48252029230176,69.09107307842552],[-33.48292152024525,69.09226365297074],[-33.48562381543549,69.0932312466671],[-33.48853109954582,69.0938332800442],[-33.49154986071509,69.09424349442057],[-33.494778427630344,69.09428806358905],[-33.49789970185209,69.0945110653737],[-33.501337839172365,69.09418107578131],[-33.50467316237072,69.09403840686741],[-33.508008444665066,69.09389118946574],[-33.51134383727046,69.09374855345642],[-33.51467491702731,69.09360137455823],[-33.51811729864922,69.09327135463253],[-33.52155509398493,69.09294141821526],[-33.52271012024856,69.09186237552316]]],"type":"Polygon"},"id":"00000000000000000059","properties":{"area":343767.67872434185,"elevation":1781.6836594737788,"region":"SE","year":2019},"type":"Feature"},{"geometry":{"coordinates":[[[-33.80540378053118,68.89753474096193],[-33.80416409232201,68.8968703024967],[-33.80168929622265,68.89746339019526],[-33.79993262012536,68.89675883190775],[-33.79797043074443,68.89642438264516],[-33.79549580137978,68.8970219029594],[-33.79323042088555,68.89724937493311],[-33.793025448730866,68.89761943997944],[-33.79055041038342,68.89821692100199],[-33.788080243429704,68.89881000597074],[-33.78560547671108,68.89940750356357],[-33.78467790858188,68.90011650039851],[-33.78427217886373,68.90085674261128],[-33.78386192774719,68.90160143893785],[-33.78345150643437,68.90234606305808],[-33.784075945853274,68.90316209852391],[-33.78593537836581,68.90368375327857],[-33.787794760239514,68.90420103056464],[-33.78975688998101,68.90453552080047],[-33.791821356354895,68.90468260681631],[-33.793885805986406,68.90482977862202],[-33.796155632692695,68.90460687427239],[-33.79863049913831,68.9040093444054],[-33.79955350436388,68.90330478079099],[-33.80099365386481,68.90263143026918],[-33.801921265089355,68.90192693990468],[-33.80232709074228,68.90118223775892],[-33.802737273755604,68.9004375936883],[-33.8041776000892,68.89976871269842],[-33.8035531767203,68.89894824708837],[-33.80344627661855,68.89816788216815],[-33.80540378053118,68.89753474096193]]],"type":"Polygon"},"id":"0000000000000000005a","properties":{"area":536712.3837791102,"elevation":1669.2727111484833,"region":"SE","year":2019},"type":"Feature"},{"geometry":{"coordinates":[[[-33.957762429999015,68.86467555569573],[-33.956933008333266,68.86423416009835],[-33.95610369686767,68.86378824712335],[-33.9549708948059,68.86389971976031],[-33.95383839808176,68.86401560713891],[-33.95271030091623,68.86412714285295],[-33.95250518067655,68.86450168594952],[-33.952304512974074,68.86487177007149],[-33.95159102036479,68.86520620820679],[-33.95190307828609,68.86561645079016],[-33.95067234812594,68.86591518471417],[-33.9504717559753,68.86628973556519],[-33.95026660992781,68.86665988092686],[-33.95006588900759,68.86702996359332],[-33.9503825165466,68.8674402199899],[-33.95018193389855,68.86781037523706],[-33.95121202551139,68.86788612468433],[-33.9520413698487,68.86833206887917],[-33.953173927529996,68.8682161212751],[-33.95440475339122,68.86791736356483],[-33.955434705270356,68.86798873006518],[-33.9556353568129,68.86761863988934],[-33.95584051295281,68.86724397432215],[-33.95604115149162,68.86687388411391],[-33.956241810766954,68.86649939766687],[-33.956959863255896,68.86616494453575],[-33.95716033118619,68.86579478168632],[-33.95736115960591,68.86542025013898],[-33.957561758603404,68.86505015917706],[-33.957762429999015,68.86467555569573]]],"type":"Polygon"},"id":"0000000000000000005b","properties":{"area":103719.10201295707,"elevation":1740.223865639147,"region":"SE","year":2019},"type":"Feature"},{"geometry":{"coordinates":[[[-33.700610393215726,68.93467903353076],[-33.698643841547366,68.9333814013276],[-33.698229268842105,68.93219081568492],[-33.69554508049013,68.93122322434832],[-33.69306563905821,68.92988550182301],[-33.69141124136082,68.92899367142931],[-33.688414821582064,68.92858345262178],[-33.688209711192215,68.92895354102323],[-33.690171585435884,68.93025559451658],[-33.6921336737069,68.93155762120558],[-33.69099659807596,68.93263672180518],[-33.68944934022876,68.93349288815507],[-33.69203119095806,68.9346433464907],[-33.69296318101809,68.93586961599833],[-33.692343298987105,68.9369843645208],[-33.689654440771186,68.93795203287921],[-33.68593105199493,68.93884386206136],[-33.683037023299136,68.93825075702166],[-33.68086559410366,68.93925402984482],[-33.683349349672696,68.94059178381141],[-33.686243244212015,68.94118925062668],[-33.68934220644024,68.94141225046364],[-33.69275346039312,68.94107783369292],[-33.69647684059828,68.9401815838421],[-33.69813118540058,68.93914259428644],[-33.69978566393697,68.93809914722358],[-33.6998880468939,68.9369487201523],[-33.700507791708056,68.93583389789701],[-33.700610393215726,68.93467903353076]]],"type":"Polygon"},"id":"0000000000000000005c","properties":{"area":472397.482094218,"elevation":1605.5812051585438,"region":"SE","year":2019},"type":"Feature"},{"geometry":{"coordinates":[[[-33.16997283423734,68.71513516934705],[-33.16956715037398,68.71491222204321],[-33.16865307291666,68.71464909066012],[-33.16784598069497,68.71419872393014],[-33.16703889408923,68.71375282130909],[-33.16623166739335,68.71330248859653],[-33.16542464175872,68.71285657671967],[-33.165638640834864,68.71248200639454],[-33.164622068079765,68.7124061538101],[-33.163600912742965,68.71233037469402],[-33.16257979247841,68.71225011933912],[-33.16155865574305,68.71217432520486],[-33.160644392500345,68.71191122728978],[-33.1609432713401,68.71232145406641],[-33.161745988369084,68.71276738673865],[-33.16255310592109,68.71321774595775],[-33.1633600841861,68.71366367507669],[-33.16314606559435,68.71403377436562],[-33.16293201434134,68.71440834236462],[-33.16395325154699,68.71448412575701],[-33.16486745633643,68.71474724508415],[-33.165781346550396,68.71501032888861],[-33.16680260044147,68.71509055995571],[-33.16782369313278,68.7151663580392],[-33.168737778336585,68.71542949495853],[-33.16997283423734,68.71513516934705]]],"type":"Polygon"},"id":"0000000000000000005d","properties":{"area":54803.54298504018,"elevation":616.5299481729321,"region":"SE","year":2019},"type":"Feature"},{"geometry":{"coordinates":[[[-29.617237661323465,69.48096350238959],[-29.616296810958897,69.47930028705784],[-29.61416996614493,69.47771725405993],[-29.609568037814096,69.47785994894416],[-29.606107717660787,69.47654449023473],[-29.605537055778406,69.47727584542217],[-29.606473474982963,69.47894353577907],[-29.602192648349074,69.48010287402404],[-29.60318250530365,69.48098577864448],[-29.606638469480455,69.48230562885568],[-29.611244678266896,69.4821585403138],[-29.614272438211085,69.4840268435986],[-29.613643713534078,69.4855429400587],[-29.61301938458757,69.48705910785307],[-29.611868941147158,69.48852162736094],[-29.60915336453084,69.48983706688401],[-29.60382487092946,69.49089836604348],[-29.601501549915543,69.49027852488835],[-29.60244244089414,69.49194625130673],[-29.602620667428116,69.49314572277173],[-29.60647348226881,69.49253034393934],[-29.609189008712637,69.49121937892609],[-29.611909108367477,69.48990393028471],[-29.61410291025025,69.4885395339563],[-29.614727187737195,69.48702790729209],[-29.614834207735544,69.48545827584539],[-29.6159847176619,69.48399566378451],[-29.61660888883446,69.4824795666876],[-29.617237661323465,69.48096350238959]]],"type":"Polygon"},"id":"0000000000000000005e","properties":{"area":406264.68205507495,"elevation":1922.3187502302114,"region":"SE","year":2019},"type":"Feature"},{"geometry":{"coordinates":[[[-33.19026647653722,68.71319547531228],[-33.189160558244694,68.71233932897378],[-33.18805913516677,68.71147866722085],[-33.18695317694082,68.710622547578],[-33.18636020793616,68.70980210614671],[-33.18453191402175,68.70927587228286],[-33.182489626256356,68.70911982318948],[-33.18045191218474,68.70896377860011],[-33.178302449103896,68.708994990686],[-33.17647437252008,68.70846876583047],[-33.17422256519154,68.70868729884735],[-33.17451674400836,68.70909307562933],[-33.17613105570022,68.70999379355959],[-33.177236772442214,68.71084995873052],[-33.17476640971929,68.71143411706782],[-33.175872307266744,68.71229472031],[-33.17748196965665,68.71319100790926],[-33.178079627427984,68.71401144180048],[-33.17765147052358,68.7147516951424],[-33.179265755723584,68.71564792544089],[-33.18087991227187,68.71654429652347],[-33.182815059884966,68.71688758976904],[-33.182730575396,68.7161072556205],[-33.183666899314936,68.71540269083684],[-33.18358658937188,68.71462236435278],[-33.185544239601725,68.71399807907048],[-33.188010057854804,68.71340945694699],[-33.19026647653722,68.71319547531228]]],"type":"Polygon"},"id":"0000000000000000005f","properties":{"area":320215.7428959942,"elevation":616.6115177431001,"region":"SE","year":2019},"type":"Feature"},{"geometry":{"coordinates":[[[-30.36834215576192,69.16970931476818],[-30.36733431055138,69.1688308718916],[-30.364752455414393,69.16859008926492],[-30.36176933121403,69.16890222613888],[-30.359058149286824,69.16884423529572],[-30.356208794835602,69.16897352924096],[-30.353359385830355,69.16909841371108],[-30.35038087011714,69.16941051703749],[-30.3472595325602,69.16990548562757],[-30.344954223480737,69.16929908519607],[-30.343157194133365,69.16873725500078],[-30.341453807254965,69.169557703161],[-30.338198601264775,69.1702354578387],[-30.3360269926277,69.16944620352437],[-30.335621084551576,69.16999916712496],[-30.33494781717617,69.17091326668228],[-30.335304593119464,69.17192999773546],[-30.336174185631524,69.1729911804773],[-30.337181946059424,69.17386966028396],[-30.339763788819926,69.17411044002577],[-30.34234101361293,69.1743468094728],[-30.345596184337207,69.17366895586906],[-30.348846959541472,69.17299124821032],[-30.352102093746048,69.17231340381652],[-30.354679402342647,69.17255421134834],[-30.357528827848217,69.17242937429853],[-30.360244388568905,69.17248285824539],[-30.363227416350473,69.1721752179387],[-30.366478224498458,69.17149295487383],[-30.36766873683466,69.17062340788134],[-30.36834215576192,69.16970931476818]]],"type":"Polygon"},"id":"00000000000000000060","properties":{"area":538515.8383092384,"elevation":1600.2221309175452,"region":"SE","year":2019},"type":"Feature"},{"geometry":{"coordinates":[[[-30.142064866272317,69.2181841944296],[-30.14157879972005,69.2173503301446],[-30.14109304161935,69.21652097018989],[-30.140094234359445,69.21564253106241],[-30.138818791236364,69.21512971607858],[-30.136754296267476,69.21493350103414],[-30.134823346613906,69.21455452425063],[-30.133035353392028,69.21399706329504],[-30.131104562598562,69.21361803544275],[-30.12876354134665,69.21378751148589],[-30.126288819235793,69.21414425848042],[-30.126016580481217,69.2145098838579],[-30.124433655629982,69.2151475840444],[-30.12336811564039,69.21582980427354],[-30.12281946118063,69.21656557200161],[-30.122271037296144,69.21729683045363],[-30.121722515285185,69.21803255685059],[-30.121174153378632,69.21876388887057],[-30.123376870080648,69.21877723769605],[-30.125717905707912,69.21860337536303],[-30.127372181568628,69.21935251701076],[-30.12888833622035,69.22027999656089],[-30.12833998968968,69.22101127981405],[-30.130814622657276,69.22065899747155],[-30.133432307741888,69.22011946655658],[-30.135773210617202,69.2199455939852],[-30.13838623074568,69.2194060350387],[-30.140589006417045,69.21941934979228],[-30.14151662069797,69.2189154841278],[-30.142064866272317,69.2181841944296]]],"type":"Polygon"},"id":"00000000000000000061","properties":{"area":433439.57717584894,"elevation":1631.8935652947869,"region":"SE","year":2019},"type":"Feature"},{"geometry":{"coordinates":[[[-29.926445151778655,69.260394025416],[-29.92611059303312,69.25937737499399],[-29.9262890874065,69.25841422868176],[-29.924398587360788,69.2572504049492],[-29.923546625707385,69.25618464635203],[-29.921241288091927,69.25557377644961],[-29.921098818915954,69.25575659164022],[-29.91988591246913,69.25662164680872],[-29.919190217173163,69.257540209673],[-29.91901178444464,69.25850338686128],[-29.918316329814765,69.25942198549673],[-29.91813338991116,69.2603851017794],[-29.9179551141775,69.2613527879866],[-29.91829395542593,69.26236494105923],[-29.917598344663297,69.26328354157313],[-29.918450007670415,69.26434483641196],[-29.918271565066192,69.26531245115696],[-29.919127743705666,69.26637816002979],[-29.918944883574266,69.26734136042464],[-29.921054107842618,69.26675721966824],[-29.922266997240033,69.26589214170252],[-29.922967180165926,69.26497354079092],[-29.92366268302269,69.26405946032955],[-29.92435843496599,69.2631408695643],[-29.925054029613914,69.26222674655726],[-29.925749465347266,69.26130819096801],[-29.926445151778655,69.260394025416]]],"type":"Polygon"},"id":"00000000000000000062","properties":{"area":295753.44189740485,"elevation":1677.17081195217,"region":"SE","year":2019},"type":"Feature"},{"geometry":{"coordinates":[[[-31.9022951158037,68.86050637180756],[-31.901902845745536,68.86027893494928],[-31.901390004726323,68.86023430414735],[-31.90087724208217,68.86019417490638],[-31.900368950556224,68.86014961599352],[-31.89985591909776,68.86010502110712],[-31.89934316412736,68.8600648862451],[-31.89883488050795,68.86002032175783],[-31.898322055402637,68.8599756797084],[-31.897809308107057,68.85993553922621],[-31.897301032395188,68.85989096916538],[-31.896667678951125,68.86003362838855],[-31.896039061762007,68.86017631913752],[-31.895405895039897,68.86031461753481],[-31.894897557250108,68.86027446826066],[-31.894384541896102,68.86022985340666],[-31.89387193898579,68.86018977263464],[-31.893363534444095,68.86014511432867],[-31.893243232397353,68.86032794773485],[-31.893122667318593,68.86051525206499],[-31.89300676866151,68.86069808725448],[-31.89351524490767,68.8607426311948],[-31.894027995216916,68.8607827872065],[-31.8944203880545,68.8610102052988],[-31.894812788510862,68.86123762229539],[-31.89532549105718,68.86128220291496],[-31.89583378891726,68.86132677989585],[-31.896226209153227,68.8615541928677],[-31.896618637008462,68.86178160474371],[-31.897131419140255,68.86182174924909],[-31.89776015066173,68.86168355635284],[-31.89839340682248,68.86154081744986],[-31.898906264950796,68.8615854589761],[-31.899414642899657,68.86162559352033],[-31.900047692615733,68.86148288887404],[-31.90067660264024,68.86134464180279],[-31.901189388746992,68.86138477157542],[-31.90169751029861,68.86142936885538],[-31.901818093487762,68.86124656108129],[-31.901938400500356,68.861059291371],[-31.9020542370819,68.86087644947993],[-31.902174738646597,68.8606891381681],[-31.9022951158037,68.86050637180756]]],"type":"Polygon"},"id":"00000000000000000063","properties":{"area":51186.687658584524,"elevation":1936.7138480818771,"region":"SE","year":2019},"type":"Feature"},{"geometry":{"coordinates":[[[-29.568263470283267,69.35982757420534],[-29.567884435658076,69.35959568580653],[-29.567509910470992,69.3593593224211],[-29.56713522173993,69.359127428537],[-29.56661798349603,69.35907392629228],[-29.565953512383086,69.35920775868792],[-29.565293775673887,69.35934150803199],[-29.564772038202502,69.35929247310332],[-29.564397347938687,69.35905613968869],[-29.56402269858247,69.35882423740998],[-29.5635054797665,69.35877072393002],[-29.562841212108335,69.35890450379554],[-29.562181268687677,69.35903827744175],[-29.561663880461616,69.35898922791277],[-29.56114213247393,69.35893574762548],[-29.56062495560323,69.35888665598415],[-29.56010770801517,69.35883767715772],[-29.55944326365981,69.35896693327598],[-29.558783307111113,69.35910069174723],[-29.558119014236333,69.35923445049666],[-29.55797622048498,69.35941730605361],[-29.558350810889078,69.35964922466225],[-29.558872530837903,69.35969828273718],[-29.55938982455599,69.35975169796018],[-29.559764435763974,69.35998361276101],[-29.560138923392245,69.36021545023668],[-29.560660621491955,69.3602690485545],[-29.56117790242685,69.36031802508069],[-29.56169511264188,69.36036711442206],[-29.562216894334906,69.36042059239306],[-29.562734110871965,69.360469677986],[-29.56325153555912,69.36051872334754],[-29.563630565097466,69.36075505655687],[-29.564147663242967,69.36080406069115],[-29.564807650810046,69.36067027742747],[-29.56532937823231,69.36072385874839],[-29.5658464823759,69.36077285679926],[-29.566506463376182,69.3606390659489],[-29.56717093393143,69.36050977721953],[-29.56731366840623,69.36032691322836],[-29.56745632678153,69.36014416383846],[-29.568116284352758,69.36001036607662],[-29.568263470283267,69.35982757420534]]],"type":"Polygon"},"id":"00000000000000000064","properties":{"area":57520.19467225825,"elevation":1848.914113853404,"region":"SE","year":2019},"type":"Feature"},{"geometry":{"coordinates":[[[-29.535368653770885,69.36902671271253],[-29.532773485175532,69.36877696898686],[-29.529892785134674,69.36888841156866],[-29.526579699252032,69.36954836592935],[-29.523413868515707,69.3700299649246],[-29.520675853532335,69.36995866731272],[-29.51750535133928,69.37043574800927],[-29.514624851186465,69.3705472352219],[-29.512319673982265,69.36992743379727],[-29.509291864526602,69.3702261430121],[-29.50626858216208,69.37052050892676],[-29.502955458608877,69.37118043307304],[-29.502665651530965,69.37154605284348],[-29.502986651739167,69.37256278136817],[-29.503820500135266,69.37362842315738],[-29.50641560423176,69.3738826177891],[-29.509443450937606,69.3735882792206],[-29.512181276291166,69.37365966950284],[-29.515204654178703,69.3733608963924],[-29.518232269764734,69.37306660638266],[-29.520970073200456,69.37313794617954],[-29.523993448776082,69.3728436159098],[-29.527306484476515,69.37217927999433],[-29.5300445634778,69.372250602437],[-29.531801307850884,69.37143902189385],[-29.530963045348958,69.3703688975061],[-29.53375439278641,69.36965988904872],[-29.535368653770885,69.36902671271253]]],"type":"Polygon"},"id":"00000000000000000065","properties":{"area":402641.362705524,"elevation":1844.7262930651552,"region":"SE","year":2019},"type":"Feature"},{"geometry":{"coordinates":[[[-25.192645716850723,70.14803609449586],[-25.19249403796104,70.1476124480536],[-25.192346972140662,70.14718889201225],[-25.19167358952003,70.14669838039025],[-25.19061662850324,70.1465690300796],[-25.189372546137346,70.14662253575389],[-25.188320436388093,70.14649322767576],[-25.187936860700436,70.14684997005502],[-25.18703149577577,70.14714424724117],[-25.18612195333496,70.14743855648636],[-25.18468620122126,70.14766596138818],[-25.18325474232118,70.14789789270333],[-25.181818948623242,70.14812527144973],[-25.180383172931254,70.14835713349201],[-25.179473517051974,70.14865140499256],[-25.180717565364933,70.14859789792827],[-25.181966143737174,70.14854888799616],[-25.18263954892593,70.149039412115],[-25.183883628939203,70.14898587908533],[-25.185132024234278,70.14893687545867],[-25.185805479895706,70.14942288814383],[-25.187049415776954,70.14937385790593],[-25.187428562796768,70.14901710638149],[-25.188864353199406,70.14878517855522],[-25.190300281038,70.14855781415177],[-25.191735931723173,70.14832597266798],[-25.192645716850723,70.14803609449586]]],"type":"Polygon"},"id":"00000000000000000066","properties":{"area":78592.08013924333,"elevation":705.391202749141,"region":"SE","year":2019},"type":"Feature"},{"geometry":{"coordinates":[[[-30.3563471510566,69.20781236840462],[-30.355468617879808,69.20675110575675],[-30.352909020887406,69.20572545202226],[-30.34994834417405,69.2052572945126],[-30.347116828650787,69.2046017569564],[-30.34482916517889,69.20321051844815],[-30.34186393391717,69.2027379058785],[-30.338898491766127,69.2022696634806],[-30.336071502729688,69.20161418569924],[-30.33270049664617,69.20168993878319],[-30.33000727781632,69.20085166686695],[-30.327313731630742,69.20001334631095],[-30.324620530350796,69.19917504946484],[-30.324598320577625,69.19995536194972],[-30.323786767487366,69.20105683807854],[-30.32400964139183,69.20225633596957],[-30.325262610985522,69.20354944588036],[-30.325998395228726,69.20479354358147],[-30.328178882128206,69.2055872248009],[-30.33087233580862,69.20642556911771],[-30.333159727503595,69.20781230229419],[-30.33598678842599,69.20846783721906],[-30.338952077024942,69.20894045504073],[-30.342862833741524,69.2081288939594],[-30.34650597046081,69.2076830257968],[-30.349604804669355,69.207968383388],[-30.352976096301866,69.20789257228965],[-30.3563471510566,69.20781236840462]]],"type":"Polygon"},"id":"00000000000000000067","properties":{"area":668955.3348889613,"elevation":1638.7804270211989,"region":"SE","year":2019},"type":"Feature"},{"geometry":{"coordinates":[[[-30.17990928581208,69.22154635188417],[-30.1782237544599,69.22158649469357],[-30.17681034924619,69.22125654593565],[-30.17498654655944,69.22147948263245],[-30.17316277412539,69.22169792773039],[-30.172021389649323,69.22100237308298],[-30.17088425549564,69.22030671221974],[-30.169742673388573,69.21961110242914],[-30.167918960645007,69.21982959452308],[-30.16596125565637,69.22023540985214],[-30.16399938560702,69.22064118133504],[-30.162313765848946,69.22067682269926],[-30.162175505293252,69.2208597174811],[-30.163317110444233,69.22155970495595],[-30.164454252313508,69.22225538919865],[-30.165595644658083,69.22295096744149],[-30.167009140889856,69.22328098824646],[-30.168284517492335,69.22379378077072],[-30.16996989970686,69.2237536005717],[-30.171383524774306,69.2240835774678],[-30.17334553906253,69.22367781701067],[-30.175031013604162,69.22364212255277],[-30.176854984679476,69.2234191828051],[-30.177644159378296,69.22310261814955],[-30.17857165551952,69.22259874689256],[-30.1794992651884,69.22209930017209],[-30.17990928581208,69.22154635188417]]],"type":"Polygon"},"id":"00000000000000000068","properties":{"area":189771.35092638852,"elevation":1638.7708983631514,"region":"SE","year":2019},"type":"Feature"},{"geometry":{"coordinates":[[[-27.017162649723108,69.82508564333656],[-27.01662301398985,69.82442572492292],[-27.01556188999038,69.82370785776652],[-27.014331126452767,69.82316826726053],[-27.014866206151293,69.82382823749519],[-27.01540577494362,69.824488162949],[-27.013323416829046,69.82485385114805],[-27.011240884817806,69.82521943264534],[-27.009158626844997,69.82558958817664],[-27.007584602469436,69.82541118888122],[-27.006184310815446,69.82505444486742],[-27.004953660571616,69.82451488847028],[-27.00287113296091,69.82488054683884],[-27.000788753908008,69.82525070064816],[-27.000615015618386,69.82542902280598],[-27.00167609888907,69.82614693182067],[-27.003250300526638,69.82632535842598],[-27.004480870725416,69.82686484982092],[-27.005542278176183,69.82758280795603],[-27.007285896863973,69.82757834686242],[-27.00885986484089,69.82775222403015],[-27.010772746672185,69.82756943346979],[-27.012003432510138,69.82810452865765],[-27.014085893810876,69.82773888913364],[-27.01354630075055,69.8270789586306],[-27.013011197407483,69.82641898337656],[-27.013519563732707,69.82587496154956],[-27.01508024901224,69.82545135642421],[-27.017162649723108,69.82508564333656]]],"type":"Polygon"},"id":"00000000000000000069","properties":{"area":138256.58815041278,"elevation":1011.4417192305681,"region":"SE","year":2019},"type":"Feature"},{"geometry":{"coordinates":[[[-30.22044256096057,69.2190715588814],[-30.21954634369322,69.21879068695878],[-30.218645570088903,69.21850968050202],[-30.217477291114232,69.21859439526581],[-30.21617077071199,69.21886647414811],[-30.214864341569047,69.2191339577836],[-30.21356208679987,69.21940599139819],[-30.212389451352983,69.2194906881665],[-30.211354929037537,69.21939705884694],[-30.21018674214817,69.21948179110124],[-30.20888012090955,69.21975380570258],[-30.208608199536602,69.22011942603096],[-30.208987221936777,69.22035132714691],[-30.209883541814275,69.22063222675311],[-30.21091806026016,69.22073033509385],[-30.21181426559234,69.2210067927091],[-30.2127150990712,69.22128772751621],[-30.213745016871158,69.22138580112299],[-30.214779394339413,69.221483920493],[-30.21594786079084,69.22139475664412],[-30.217254276937986,69.22112718550899],[-30.218288847945974,69.22122088642342],[-30.21959523840622,69.22095329454103],[-30.219867347748043,69.22058769148104],[-30.2201393598603,69.22021754357846],[-30.219898522922094,69.21980284077733],[-30.220170612766555,69.21943723780929],[-30.22044256096057,69.2190715588814]]],"type":"Polygon"},"id":"0000000000000000006a","properties":{"area":99188.3671906853,"elevation":1641.8387445887447,"region":"SE","year":2019},"type":"Feature"},{"geometry":{"coordinates":[[[-30.33024801525544,69.21401495439815],[-30.3274653673019,69.21179430571202],[-30.323653043296115,69.20948006532831],[-30.31956837554443,69.20753138812158],[-30.31548394228116,69.20558278505241],[-30.310404991394382,69.20647902626449],[-30.30415334881959,69.20746900586745],[-30.298855937804525,69.20717024336606],[-30.29450386361412,69.20558724518321],[-30.29042368840345,69.20363862403214],[-30.28661574713588,69.20131989590307],[-30.28253547110041,69.19937124379176],[-30.27696620493401,69.19943809773007],[-30.275365357580487,69.20086064049704],[-30.273242775080085,69.2022295719126],[-30.277322801164143,69.20418262051511],[-30.281131057491788,69.20649686597064],[-30.284939034585,69.20881567318358],[-30.28888535842791,69.21094705761028],[-30.293099251714036,69.21271289789222],[-30.29772780921037,69.21393025507892],[-30.30207979545916,69.21551319833085],[-30.306703952847812,69.21673052016236],[-30.311738251746846,69.21739492682995],[-30.317312028632635,69.21732358532032],[-30.323024290202085,69.21706944613075],[-30.328375106394645,69.21580301327113],[-30.33024801525544,69.21401495439815]]],"type":"Polygon"},"id":"0000000000000000006b","properties":{"area":1390448.8003445677,"elevation":1638.2399884384697,"region":"SE","year":2019},"type":"Feature"},{"geometry":{"coordinates":[[[-29.528706833038193,69.3782258127056],[-29.5281001971219,69.37757477792753],[-29.527204088744053,69.37729383969504],[-29.52579047121002,69.37695936559511],[-29.524377006441863,69.37662052140331],[-29.52282065129096,69.37646888547673],[-29.521121816947144,69.37650013564824],[-29.51941831913943,69.37653133002843],[-29.517862160620265,69.37637971693067],[-29.51630603075473,69.37622808695339],[-29.5146070395725,69.37625929918921],[-29.51261824572121,69.37665624647516],[-29.512475746675825,69.37683902721733],[-29.512043081815012,69.37738752397308],[-29.511610601221996,69.37793598166228],[-29.512738723065375,69.37863600581908],[-29.514437672490402,69.37860485153126],[-29.515708437253036,69.37912650103813],[-29.51740743635785,69.3790953116532],[-29.518963562219543,69.37924696614782],[-29.52052425541714,69.37939856336243],[-29.522080438644128,69.37955018405283],[-29.523779498720288,69.37951891992988],[-29.525335523725836,69.37967054376062],[-29.526807212700493,69.3792246709642],[-29.528274156707777,69.37877431611216],[-29.528706833038193,69.3782258127056]]],"type":"Polygon"},"id":"0000000000000000006c","properties":{"area":187959.6912518005,"elevation":1845.3098253566184,"region":"SE","year":2019},"type":"Feature"},{"geometry":{"coordinates":[[[-27.09541550293639,69.84542362397058],[-27.094706355702467,69.84494204934344],[-27.093471325178257,69.84440696221763],[-27.092405590104846,69.84368905104688],[-27.091339712782375,69.8429711665883],[-27.091321964202223,69.84236914274811],[-27.090256182623506,69.8416512496671],[-27.089194842006687,69.84092885880492],[-27.08812919884245,69.84021094920163],[-27.08811140898846,69.83961340407593],[-27.08653734122564,69.83943512183815],[-27.086028974910658,69.83997908761751],[-27.086568644165027,69.8406390341162],[-27.084486102186414,69.84100469785768],[-27.082930033327496,69.84143278037139],[-27.082943184645043,69.84203473903],[-27.08243491885026,69.84257429389604],[-27.082974528120207,69.84323425452794],[-27.08299247551872,69.8438362124396],[-27.083005622006596,69.84443817157273],[-27.083549875288284,69.8450981636523],[-27.083037046972667,69.84564213267028],[-27.08410274077874,69.84636007872297],[-27.08429002889815,69.84677923138501],[-27.086033449400905,69.8467747941796],[-27.08811576169555,69.84640912801174],[-27.09020273217413,69.8460389878022],[-27.091776793423975,69.84621740912195],[-27.09335088394795,69.84639125539836],[-27.094385294139794,69.84590521558407],[-27.09541550293639,69.84542362397058]]],"type":"Polygon"},"id":"0000000000000000006d","properties":{"area":235262.85000019206,"elevation":1001.8415669040768,"region":"SE","year":2019},"type":"Feature"},{"geometry":{"coordinates":[[[-30.312081492998807,69.24312395338299],[-30.311452962481845,69.24247740800976],[-30.311341341508154,69.24187537073271],[-30.311229830234733,69.2412778780938],[-30.31060568776901,69.24063130403734],[-30.311011370220648,69.2400783599102],[-30.30986545023937,69.23938722347607],[-30.31027112452967,69.23883428221214],[-30.309375018457548,69.23855336111076],[-30.30782321320161,69.2384106416568],[-30.30613309026657,69.23845082053364],[-30.30417570189118,69.23885659909493],[-30.302757744558164,69.23852662195374],[-30.302623895168402,69.23870946967739],[-30.302730832746754,69.23931146399333],[-30.303876890880026,69.2400070496207],[-30.30243646759578,69.2404618484534],[-30.301509169296622,69.24096127779278],[-30.302137911439647,69.24160786598502],[-30.303283850337593,69.24230349629954],[-30.304429858788826,69.24299911722825],[-30.305847771696794,69.24332903983927],[-30.307399536735918,69.24347174142444],[-30.30867916999184,69.24398455308092],[-30.310231009564056,69.24412722358966],[-30.311675801979458,69.24367243381863],[-30.312081492998807,69.24312395338299]]],"type":"Polygon"},"id":"0000000000000000006e","properties":{"area":184336.37190241102,"elevation":1652.7923214250686,"region":"SE","year":2019},"type":"Feature"},{"geometry":{"coordinates":[[[-29.114630199157194,69.49355598544619],[-29.11410841287932,69.49350696284874],[-29.11358676127283,69.49345339021106],[-29.113216594808314,69.49321710970285],[-29.112842032810423,69.4929852520863],[-29.112471958192952,69.49274885510226],[-29.11195025383941,69.49269539090275],[-29.11128148501213,69.49282914922239],[-29.110612428844657,69.49295843194488],[-29.109943703673615,69.49308775069923],[-29.109274710082044,69.4932215379208],[-29.108601418366643,69.4933508786156],[-29.108454380281966,69.49353366694817],[-29.108828975029418,69.49377004673335],[-29.108677306610293,69.49394835280063],[-29.108530058129226,69.49413117908539],[-29.10838293748226,69.49431408201818],[-29.108235890863163,69.49449687036454],[-29.108084286925052,69.4946796864484],[-29.107937028835977,69.49486251235476],[-29.10845876427632,69.49491599047128],[-29.10898050309217,69.49496946670054],[-29.10950209454326,69.49501854512279],[-29.110023970250733,69.49507209431918],[-29.110393920691223,69.49530842103628],[-29.110768489686905,69.49554028518138],[-29.11113866223589,69.49577657216356],[-29.11166028021753,69.495825642647],[-29.11232921060735,69.49569639166168],[-29.11247644261615,69.4955135615749],[-29.11262802070146,69.49533074117821],[-29.112775247889743,69.49514791090012],[-29.112922472683703,69.49496508052839],[-29.113069358185545,69.49478221108362],[-29.11322105678576,69.49459946702993],[-29.11336814411922,69.49441655963645],[-29.11351535930697,69.49423372888651],[-29.11366236545871,69.49405093580167],[-29.113814205897636,69.49387258725461],[-29.114482997002373,69.49373881706087],[-29.114630199157194,69.49355598544619]]],"type":"Polygon"},"id":"0000000000000000006f","properties":{"area":52085.21564813009,"elevation":2100.9538893069716,"region":"SE","year":2019},"type":"Feature"},{"geometry":{"coordinates":[[[-29.834654682584272,69.34854602301667],[-29.834132696962204,69.34849249668919],[-29.833615600303776,69.34844350185213],[-29.833236574190394,69.34821160737387],[-29.832857555797403,69.34797971186683],[-29.832478545124584,69.34774781533105],[-29.832103922665038,69.34751155113244],[-29.831582258691615,69.34746240797801],[-29.83092231520122,69.347596197372],[-29.830784102854643,69.34777901694659],[-29.831163095049867,69.34801091811009],[-29.83102042831812,69.34819821940032],[-29.830360461847068,69.34833200661714],[-29.829700610574395,69.34846132081401],[-29.829040632118485,69.34859510223832],[-29.828380647606068,69.34872888076706],[-29.82772065703723,69.34886265640021],[-29.827060660412105,69.34899642913777],[-29.826922410528276,69.3491792457333],[-29.827301463538443,69.3494155888783],[-29.827675976639995,69.34964743471812],[-29.828055166845783,69.34987930568496],[-29.82843402790371,69.35011113829032],[-29.828291447822895,69.3502939675473],[-29.827631412089094,69.3504277435047],[-29.827493156730725,69.35061056093922],[-29.82787223770091,69.35084690256795],[-29.82838949639426,69.35089599356309],[-29.829049542999474,69.35076221399203],[-29.829709378832263,69.35062847026036],[-29.82985215563353,69.35044560092447],[-29.829473141535484,69.3502136961168],[-29.829611296408984,69.35002644568016],[-29.830271313972123,69.34989266103638],[-29.830931204421827,69.34976334362513],[-29.831591209997963,69.34962955318844],[-29.832251004814065,69.34949579859472],[-29.832910998276034,69.34936200236768],[-29.833571117855186,69.34922827930534],[-29.834230894505748,69.34909451602786],[-29.834373627829436,69.34891164304081],[-29.83451182165656,69.34872882010485],[-29.834654682584272,69.34854602301667]]],"type":"Polygon"},"id":"00000000000000000070","properties":{"area":50273.55597334421,"elevation":1749.3528123233464,"region":"SE","year":2019},"type":"Feature"},{"geometry":{"coordinates":[[[-30.09197145687068,69.32559056068412],[-30.09096361806988,69.32176469197576],[-30.08269199472883,69.3201995434094],[-30.072975733013337,69.31908918621978],[-30.06422243127491,69.31669018222507],[-30.059692031019903,69.31311842297083],[-30.05578573778065,69.31609267516411],[-30.05471115830841,69.31972242280283],[-30.053114695612962,69.32330302973905],[-30.04996226119356,69.3267409754664],[-30.050443891987097,69.33051786621691],[-30.043657095335895,69.3336080467522],[-30.041543450804884,69.33714409158009],[-30.038903660405687,69.34062666409784],[-30.037307302825084,69.34421178202906],[-30.044334903280305,69.34742674287615],[-30.053685540935096,69.34830971232269],[-30.05476023430546,69.34467554483392],[-30.054278741493192,69.3408986627452],[-30.057952964091893,69.33751424391144],[-30.06006653467667,69.3339781691135],[-30.0606195815666,69.33029940294452],[-30.061176803148395,69.32661616213655],[-30.069756136486063,69.32703532885843],[-30.07664543107415,69.33043315774836],[-30.085746593213646,69.32794945764338],[-30.09197145687068,69.32559056068412]]],"type":"Polygon"},"id":"00000000000000000071","properties":{"area":3002372.9959227717,"elevation":1709.9016166041765,"region":"SE","year":2019},"type":"Feature"},{"geometry":{"coordinates":[[[-30.271789102687364,69.29077833353992],[-30.270014534148523,69.28943620811324],[-30.26769567304731,69.28882974035068],[-30.26458327474205,69.28853991007286],[-30.260926795695394,69.28898131191559],[-30.25768059604915,69.28887881480948],[-30.25402408444602,69.28932023492149],[-30.250639735472365,69.28940049651374],[-30.24752723854662,69.28911068140695],[-30.24468679005696,69.2884506909196],[-30.241306666918998,69.28852650935139],[-30.242314405381684,69.28940941522222],[-30.240976809565144,69.29046174131349],[-30.240156274240046,69.29156317164478],[-30.239852974221858,69.29270913024125],[-30.240209940874067,69.2937258560552],[-30.24304574437742,69.2943813379673],[-30.24615815114152,69.29467117088491],[-30.24927080039433,69.29496101163733],[-30.252383151075232,69.29525086318232],[-30.255905914023522,69.29499221810477],[-30.259428610303683,69.29472913397869],[-30.26308498729594,69.29428764768538],[-30.265706919725798,69.29374371533935],[-30.268596404010996,69.29283847064524],[-30.27097322035448,69.29187978901071],[-30.271789102687364,69.29077833353992]]],"type":"Polygon"},"id":"00000000000000000072","properties":{"area":657632.461921924,"elevation":1725.099219648111,"region":"SE","year":2019},"type":"Feature"},{"geometry":{"coordinates":[[[-29.749949518734,69.36009066026007],[-29.74947684879214,69.35925673209823],[-29.747965145684187,69.35832486446418],[-29.74853152410156,69.35759353307886],[-29.747019831201055,69.35666157917251],[-29.749146819646118,69.35607740671938],[-29.747871522014783,69.35556019105721],[-29.746078905347346,69.35499384829131],[-29.744143763919975,69.35461042776859],[-29.74206586654956,69.35441420341209],[-29.73970692209347,69.35457920018884],[-29.737067092841414,69.35510979900748],[-29.73678167540053,69.35547548574564],[-29.73518088835852,69.35610865662902],[-29.734092926659937,69.35679090348425],[-29.733526552124925,69.35752665238186],[-29.73296028059197,69.35825792970162],[-29.734467381898106,69.35918989191151],[-29.73546195976827,69.36007279059955],[-29.73541266814156,69.36085311786212],[-29.737205464485875,69.36141947839654],[-29.739140656643354,69.36180295093375],[-29.74135683398652,69.36182074666158],[-29.74357749748597,69.36183857596258],[-29.74593616194057,69.36166915338734],[-29.748295216562138,69.36150416211903],[-29.748861467984952,69.36077286510326],[-29.749949518734,69.36009066026007]]],"type":"Polygon"},"id":"00000000000000000073","properties":{"area":418040.4699406707,"elevation":1799.5979167021837,"region":"SE","year":2019},"type":"Feature"},{"geometry":{"coordinates":[[[-29.82751989130911,69.34550042726711],[-29.82728366337973,69.34508576529238],[-29.826525573718328,69.34461754825844],[-29.82576759797526,69.34415375849213],[-29.825014034015638,69.34368559820008],[-29.82411768394047,69.34340465173177],[-29.82279776856118,69.34367219569228],[-29.82147796107143,69.34393980414083],[-29.820157997262932,69.344207324935],[-29.818838141338812,69.3444749102192],[-29.8177991587177,69.34437231191252],[-29.817518252570682,69.34473793772008],[-29.816198348472817,69.34500549983582],[-29.81487842015918,69.34527305036912],[-29.814080296081826,69.34558964465039],[-29.813277615950575,69.345906284356],[-29.812479452426928,69.34622287053541],[-29.813233014271734,69.34669106036708],[-29.81389306393482,69.34655723586948],[-29.81469555599439,69.34624063110971],[-29.815493828648727,69.34592410915964],[-29.816296485854473,69.34560745753615],[-29.817616219116417,69.34533993270064],[-29.818936132842417,69.34507235756674],[-29.82025615445209,69.34480484692344],[-29.821571483535624,69.34453729834307],[-29.822610503563183,69.34463986936034],[-29.823506744198784,69.34492074905435],[-29.824264897088934,69.34538451248365],[-29.825022958789386,69.34585274191622],[-29.8262000833769,69.34576796493563],[-29.82751989130911,69.34550042726711]]],"type":"Polygon"},"id":"00000000000000000074","properties":{"area":62955.17369639347,"elevation":1751.2207955258805,"region":"SE","year":2019},"type":"Feature"},{"geometry":{"coordinates":[[[-30.394735416314436,69.22921156479454],[-30.394351988369774,69.22897969238598],[-30.393972874713935,69.22875225963656],[-30.393589462156157,69.22852038513899],[-30.393206057348916,69.22828850959114],[-30.392688858619035,69.22823948116957],[-30.3921715293394,69.22819037534452],[-30.39178794212257,69.22795853538015],[-30.391409017536258,69.22772670260801],[-30.39102563645852,69.22749928962705],[-30.390508329516596,69.22745017763914],[-30.38999095609018,69.22740117879455],[-30.389607608047157,69.22716929332584],[-30.389090244125683,69.22712029116772],[-30.3885729399038,69.22707564068102],[-30.388055785053506,69.22702659526897],[-30.387538633238684,69.226977547978],[-30.387021281364305,69.22692853830085],[-30.386370148902003,69.22706672286961],[-30.38623198879516,69.22724959300228],[-30.386615503768244,69.2274814483529],[-30.38699902649373,69.22771330265256],[-30.387382353868166,69.22794519539461],[-30.3877658920974,69.22817704759282],[-30.387627601144082,69.2283598437041],[-30.387493962948497,69.22854264811184],[-30.387877308337,69.22877453953035],[-30.388260998162377,69.22900646593223],[-30.388639907040183,69.22923830742512],[-30.38902327563378,69.22947019570498],[-30.38940685509509,69.22970204343827],[-30.3897902391919,69.22993392961729],[-30.390169325040212,69.23016137391097],[-30.390552927646475,69.23039321850312],[-30.390936334883875,69.23062510154256],[-30.39145357839164,69.23067413581316],[-30.391970824935026,69.23072316820443],[-30.392488208113377,69.23077227424046],[-30.393005472837444,69.2308168342894],[-30.393522525269745,69.23086590054537],[-30.39365633787059,69.23068305097806],[-30.393277351954644,69.2304512231641],[-30.393411163653457,69.23026837391149],[-30.394062023814072,69.23013012047267],[-30.394195961348206,69.22994734616934],[-30.393816846850246,69.22971544435977],[-30.39395064988134,69.22953259484878],[-30.39460181238079,69.22939884394799],[-30.394735416314436,69.22921156479454]]],"type":"Polygon"},"id":"00000000000000000075","properties":{"area":75636.79141937263,"elevation":1649.0529922553385,"region":"SE","year":2019},"type":"Feature"},{"geometry":{"coordinates":[[[-30.377171153983735,69.2313117939734],[-30.37301064298196,69.23171310866536],[-30.36992943673947,69.23064291490091],[-30.36657634904808,69.22993840933032],[-30.363089251751262,69.22942115568789],[-30.36012397252773,69.22894842905968],[-30.36279954732965,69.23057160457829],[-30.364957598279112,69.23214117529335],[-30.362460430898675,69.2332826864601],[-30.357889961290695,69.23423254972946],[-30.35426922519166,69.23389805390684],[-30.351593618366305,69.23227498122309],[-30.34995269907167,69.2307499976809],[-30.351937042411993,69.229563817938],[-30.35171404254754,69.22836437693115],[-30.35157582616424,69.22854717784229],[-30.3495960585805,69.22973775321921],[-30.34865063371589,69.2310219467264],[-30.34925275103279,69.23245330440936],[-30.34985906887445,69.23388020512314],[-30.350465564992756,69.23531164887021],[-30.353412951180804,69.23656462133977],[-30.35716751060233,69.23671624222742],[-30.361332452157253,69.23631935776686],[-30.364591991163568,69.23564160834928],[-30.369162568325137,69.23469183664649],[-30.373728660883312,69.23374202808634],[-30.37674294452868,69.23264509640991],[-30.377171153983735,69.2313117939734]]],"type":"Polygon"},"id":"00000000000000000076","properties":{"area":444309.53522398433,"elevation":1653.1774715965732,"region":"SE","year":2019},"type":"Feature"},{"geometry":{"coordinates":[[[-29.829954788094668,69.35320577484026],[-29.828822106438626,69.35251012279],[-29.82726574069552,69.35235854448038],[-29.82528596901832,69.3527598513484],[-29.823444241104543,69.35297835643806],[-29.822030889776787,69.3526439335016],[-29.8208937567012,69.35194830528215],[-29.8194756401082,69.35161386897141],[-29.818062321143106,69.35128387630759],[-29.816644225275727,69.35094952636602],[-29.8155116010395,69.350249411895],[-29.814374589855547,69.34955376918137],[-29.81375926300015,69.34890278025041],[-29.813665599453643,69.34830523900723],[-29.81305019048352,69.34765417113216],[-29.81149392816749,69.34750704294207],[-29.81210941190712,69.34815364774205],[-29.812724672261716,69.34880464399099],[-29.81230107414902,69.34935315396096],[-29.812394783995366,69.34995512848701],[-29.812492954053745,69.35055262234127],[-29.81362535796541,69.35125268539863],[-29.81504346519462,69.3515827098693],[-29.816318683193856,69.3520999332331],[-29.81759408536484,69.35261267481003],[-29.819012019727793,69.35294716814431],[-29.820425658794612,69.35327711199498],[-29.82212451865413,69.3532458631179],[-29.8235424949355,69.3535758797226],[-29.825098691252883,69.35372753619299],[-29.826797522550944,69.35369180085755],[-29.828496490991917,69.35365612176157],[-29.829954788094668,69.35320577484026]]],"type":"Polygon"},"id":"00000000000000000077","properties":{"area":105529.17605222127,"elevation":1749.3889802068347,"region":"SE","year":2019},"type":"Feature"},{"geometry":{"coordinates":[[[-29.90105503838015,69.31123676655484],[-29.898785248614775,69.3098410179541],[-29.898589169577022,69.30864153116043],[-29.898393103929322,69.30744204527888],[-29.89715782965183,69.30614885011722],[-29.895405396918463,69.30480228069547],[-29.893657359420814,69.30345560039655],[-29.891387851254606,69.30205545660135],[-29.888698885991225,69.30121261927985],[-29.888417974879466,69.30157835233578],[-29.887579524125833,69.30267523113447],[-29.88621962643011,69.3037275850782],[-29.8853813289928,69.30482449281621],[-29.883508363867488,69.30582784291231],[-29.882665873879443,69.30692478957346],[-29.88182751779888,69.30802619061204],[-29.880467503323306,69.3090740701735],[-29.878072752738372,69.31002387741326],[-29.877234610420246,69.3111252575248],[-29.87743067720427,69.31232478569407],[-29.878942441602582,69.31325226426128],[-29.881912219654744,69.31373383533251],[-29.88502453801099,69.31403258692252],[-29.887851748194915,69.31469698353315],[-29.89096416459317,69.31499128908413],[-29.894353104047116,69.3149199437722],[-29.89698394357535,69.31438481358168],[-29.899895662245047,69.3134840692606],[-29.900216710770138,69.31233808108495],[-29.90105503838015,69.31123676655484]]],"type":"Polygon"},"id":"00000000000000000078","properties":{"area":765426.2125675109,"elevation":1692.7784722756348,"region":"SE","year":2019},"type":"Feature"},{"geometry":{"coordinates":[[[-30.401999486548082,69.2057656215734],[-30.40136623819721,69.20511907324662],[-30.401254594372233,69.20452149481673],[-30.401143088091107,69.20392399214226],[-30.401027271966218,69.20332651772644],[-30.39974749042086,69.20281370549641],[-30.398061981371264,69.20285384387297],[-30.39678229028731,69.20234547292516],[-30.395636210866297,69.20164989330421],[-30.394084422377468,69.20150714040692],[-30.393683216069302,69.2020556307367],[-30.392247276082234,69.20251049128656],[-30.390289847874822,69.20292068077076],[-30.388336621032717,69.20332646353224],[-30.38665105217557,69.20336658395861],[-30.38496993439552,69.20340673270594],[-30.38301263375318,69.2038125085475],[-30.381059375606494,69.20422273927565],[-30.380791907415308,69.2045884031881],[-30.381688098135673,69.20486933153059],[-30.383373620401564,69.20482919227825],[-30.384653366675952,69.205337531132],[-30.38620523251359,69.20548019350232],[-30.387618901865917,69.20581021250591],[-30.388898605165366,69.2063185519594],[-30.39045037944594,69.20646120714989],[-30.391868296592328,69.20679119517656],[-30.39354927645262,69.2067510420133],[-30.39510106173328,69.20689376149187],[-30.39665287375137,69.20703646404326],[-30.398338338261713,69.20699630245436],[-30.39912334808819,69.20667972728502],[-30.400041754163585,69.20617587082786],[-30.401999486548082,69.2057656215734]]],"type":"Polygon"},"id":"00000000000000000079","properties":{"area":293941.7822226378,"elevation":1643.1611419835472,"region":"SE","year":2019},"type":"Feature"},{"geometry":{"coordinates":[[[-29.83986274959652,69.3228883897723],[-29.838587482662906,69.32237114834824],[-29.836794940470472,69.32180475542017],[-29.835283175177814,69.32087727818232],[-29.83377165261039,69.31994531458518],[-29.83433350941421,69.31920955747334],[-29.833860899029094,69.31838023558835],[-29.832349253069385,69.31744821949349],[-29.830137470894922,69.317430463028],[-29.83037394826671,69.3178495806436],[-29.829294825455047,69.31853179978107],[-29.830284609314557,69.31941473550039],[-29.83076176833981,69.32024409725885],[-29.82916085251911,69.32087728051799],[-29.82808176654284,69.32156400205677],[-29.826481036719464,69.3221971957944],[-29.824884555613572,69.3228303622225],[-29.826298300648382,69.32316033196666],[-29.828933679463773,69.3226252894735],[-29.831426141059683,69.32227745855442],[-29.83293790232267,69.32320940930948],[-29.8344493658516,69.32413687510311],[-29.833887714579703,69.32487267486746],[-29.835586591436766,69.32483697184506],[-29.83770017170331,69.32425286480502],[-29.83930094090161,69.32361962387358],[-29.83986274959652,69.3228883897723]]],"type":"Polygon"},"id":"0000000000000000007a","properties":{"area":187053.8614143227,"elevation":1699.5359010845314,"region":"SE","year":2019},"type":"Feature"},{"geometry":{"coordinates":[[[-30.498097471590924,69.18895476394502],[-30.496563444967936,69.18803173779848],[-30.495033979534632,69.18710427132388],[-30.493232573478956,69.18654683911734],[-30.491167992133285,69.18635963557206],[-30.489500382358045,69.18561491488309],[-30.48743573389836,69.18542769627302],[-30.485371194945436,69.18523586445612],[-30.48510360343395,69.18560602136715],[-30.485085765763767,69.18638636487705],[-30.486615350231173,69.18730935446688],[-30.48659735855831,69.18809420688024],[-30.486062394382916,69.18882990483829],[-30.48500994202784,69.18951663727681],[-30.48344488977597,69.19015424384499],[-30.484974223528287,69.19107733193214],[-30.485473665677603,69.19191115235843],[-30.487003194433807,69.19283421842962],[-30.48646811985254,69.19356992289214],[-30.486450293142546,69.19435027305741],[-30.487868334195838,69.19467583461882],[-30.489932846681377,69.19486759078688],[-30.492403137216822,69.1945064125513],[-30.493834437418123,69.19405152110001],[-30.495404106583848,69.19340945079071],[-30.49593912738758,69.19267814503205],[-30.49699157809837,69.19198693949836],[-30.49803946199795,69.19130026621242],[-30.497544631595403,69.19047088879924],[-30.49807520201321,69.18973960991832],[-30.498097471590924,69.18895476394502]]],"type":"Polygon"},"id":"0000000000000000007b","properties":{"area":417134.64010335924,"elevation":1673.4880031093444,"region":"SE","year":2019},"type":"Feature"},{"geometry":{"coordinates":[[[-30.075174066182043,69.27785139961506],[-30.074795050368742,69.2776195515],[-30.07441604223946,69.27738770235734],[-30.07403258628436,69.27715579474761],[-30.073653463078138,69.27691951318367],[-30.073274345441845,69.27668758511496],[-30.073412675776364,69.2765048334996],[-30.074068249611017,69.2763709904006],[-30.07420643939465,69.2761881623491],[-30.074344626953756,69.27600533422505],[-30.07448281228843,69.27582250602842],[-30.07410383452242,69.27559065611338],[-30.073724864439004,69.27535880517095],[-30.073345638906385,69.27512244702305],[-30.072962361859098,69.27489061237948],[-30.072583282277684,69.27465868251096],[-30.072204343043516,69.27442682744677],[-30.071825207678774,69.27419501041659],[-30.071307956221887,69.27414590255955],[-30.071169759065025,69.27432872758202],[-30.07154868532909,69.27456058547551],[-30.071410413434712,69.2747478802245],[-30.07127221299714,69.27493070548995],[-30.071134010335,69.27511353068283],[-30.070995805448256,69.27529635580314],[-30.07085759833687,69.27547918085085],[-30.070719389000768,69.27566200582598],[-30.070581177439916,69.27584483072849],[-30.06992560669678,69.27597865799743],[-30.069787517040883,69.2761659126577],[-30.07016645542269,69.2763977744222],[-30.070550060670314,69.276629653648],[-30.07041184141173,69.27681247865215],[-30.07027361992812,69.27699530358366],[-30.070652576125003,69.27722716405489],[-30.071031540005166,69.27745902349882],[-30.07141051156879,69.27769088191539],[-30.071789623493153,69.27792281513726],[-30.07216861042691,69.27815467149864],[-30.072551928077157,69.27838650848331],[-30.072931193445783,69.27862286897336],[-30.073448415437774,69.27867189420743],[-30.07358649464102,69.27848463574111],[-30.073724702049496,69.27830180756459],[-30.07438025460308,69.27816807712821],[-30.075035872299594,69.27803422892893],[-30.075174066182043,69.27785139961506]]],"type":"Polygon"},"id":"0000000000000000007c","properties":{"area":53896.87532278461,"elevation":1689.3804032683188,"region":"SE","year":2019},"type":"Feature"},{"geometry":{"coordinates":[[[-29.570898677904648,69.38214085007738],[-29.57043504310469,69.38130705516244],[-29.568646840032105,69.38074073719002],[-29.56656902237285,69.38053562761472],[-29.564633770281997,69.38015213053097],[-29.562560230339205,69.37995142991146],[-29.56033958705443,69.37992920929165],[-29.55811886585672,69.37991131062547],[-29.555470176529088,69.38044199099258],[-29.553102475097678,69.38060691585295],[-29.550739195521256,69.38076744365092],[-29.548375859230116,69.38093248040022],[-29.546012509523322,69.38109747916317],[-29.54572718657527,69.38146314048927],[-29.54567353784209,69.38224341341736],[-29.547461664454932,69.38281426088209],[-29.549249932006692,69.38338053864068],[-29.551185029412,69.3837640504026],[-29.553263029070234,69.38396914921869],[-29.555336377820215,69.38416975084868],[-29.55741440612128,69.38437490422477],[-29.559349699533175,69.38475841975215],[-29.561137856820636,69.38532466212102],[-29.56335840126862,69.3853469795718],[-29.56601160858987,69.38481629820532],[-29.56866031075636,69.38428568836547],[-29.56923549753148,69.38355443001144],[-29.57084524130605,69.38292123772443],[-29.570898677904648,69.38214085007738]]],"type":"Polygon"},"id":"0000000000000000007d","properties":{"area":412605.49091657397,"elevation":1847.4281818181819,"region":"SE","year":2019},"type":"Feature"},{"geometry":{"coordinates":[[[-30.294410282031563,69.24383296043904],[-30.29189965157734,69.24124669104371],[-30.285964609674515,69.24030132618311],[-30.284988108646026,69.2423659221743],[-30.28076967936737,69.24432790790098],[-30.27347015331225,69.245215283093],[-30.2682129905306,69.24335582196602],[-30.263093855925316,69.24130466144995],[-30.259281345905652,69.23899039966189],[-30.25495156628667,69.23662258236787],[-30.25076450643125,69.23407197722655],[-30.247603099698548,69.23534728029456],[-30.242867583335507,69.23726024872433],[-30.241748332180997,69.23950764156328],[-30.24011607676181,69.2417104380643],[-30.240548694201077,69.2441049485146],[-30.241498531433272,69.24654849975859],[-30.242452790325853,69.24899214033127],[-30.247977577116423,69.25049034859023],[-30.25479106832766,69.24877358554595],[-30.261600100967463,69.24705244876519],[-30.267129310510217,69.24855069533548],[-30.272248504849923,69.25059740016631],[-30.278598325353553,69.25099426652848],[-30.284858742461747,69.25000434301224],[-30.29115069389978,69.24823855720382],[-30.29381708456344,69.24612942256644],[-30.294410282031563,69.24383296043904]]],"type":"Polygon"},"id":"0000000000000000007e","properties":{"area":2087484.8601913396,"elevation":1651.8287220185678,"region":"SE","year":2019},"type":"Feature"},{"geometry":{"coordinates":[[[-29.005511433341276,69.54367628427268],[-29.00513705419745,69.54343997186396],[-29.004766701281333,69.54320363210236],[-29.004914052430344,69.54302077218468],[-29.00506554958238,69.54283796265685],[-29.004691111083865,69.54260608306625],[-29.00432077562599,69.54236974210475],[-29.003946429750094,69.54213342647728],[-29.00357616271564,69.54190159440276],[-29.003054555643892,69.54184802039612],[-29.00238115977245,69.54197740350092],[-29.001712397653222,69.5421066445318],[-29.001190716799226,69.54205317834338],[-29.000668961550797,69.54200414430973],[-28.999995630784305,69.54213340224845],[-28.99984389462397,69.54231624448583],[-28.999696718608515,69.54249906204439],[-28.999545184727555,69.54268186647353],[-28.99939813394889,69.54286476068128],[-28.999246595171172,69.5430475649093],[-28.999099409488956,69.5432303820815],[-28.998425830375833,69.5433596710815],[-28.998274280817448,69.54354247450526],[-28.998648997742592,69.54377441047107],[-28.999018951279798,69.54401072719008],[-28.998871756960796,69.54419354436014],[-28.99819848588284,69.5443228720036],[-28.998051490493488,69.54450565089135],[-28.998573005318534,69.54455916535682],[-28.999242056525908,69.5444298997165],[-28.999915327545974,69.54430056730722],[-29.000588670504584,69.54416679786806],[-29.001257573822368,69.54403744650912],[-29.001930957073572,69.54390818200558],[-29.002599641419398,69.54377886234552],[-29.003272882777576,69.54364951505164],[-29.00379468505368,69.54369853936167],[-29.004169389848766,69.54393489458221],[-29.004690917819744,69.54398838726225],[-29.005360010161375,69.54385466036268],[-29.005511433341276,69.54367628427268]]],"type":"Polygon"},"id":"0000000000000000007f","properties":{"area":50273.55597334245,"elevation":2206.3626939351198,"region":"SE","year":2019},"type":"Feature"},{"geometry":{"coordinates":[[[-30.355223463900597,69.28439295159377],[-30.353689552699556,69.28346545516898],[-30.35202183559475,69.28272523569376],[-30.350082062343414,69.2823506693009],[-30.348280440835214,69.28178879879174],[-30.346207016032906,69.28159707618637],[-30.344133639279896,69.28140532346035],[-30.342055779672407,69.28121360647343],[-30.33957633498708,69.28157033799417],[-30.337097149459783,69.28193153304868],[-30.33542949165567,69.28118688020434],[-30.33515750107664,69.2815569174513],[-30.333578916739047,69.2821945485711],[-30.331996060160957,69.28283226556255],[-30.33300816499844,69.28371067081427],[-30.334542190682704,69.28463819921704],[-30.336343571655522,69.28519558445437],[-30.338416891796438,69.28538729543877],[-30.340356693977544,69.28576637283695],[-30.34243025816491,69.28595810093984],[-30.34450819864379,69.28614977241794],[-30.346715424079598,69.28615869788872],[-30.34892715134355,69.28616316960945],[-30.351272609402137,69.28598929085454],[-30.35310077236396,69.28576632309802],[-30.35467924777791,69.28512867026005],[-30.355223463900597,69.28439295159377]]],"type":"Polygon"},"id":"00000000000000000080","properties":{"area":368219.8288860723,"elevation":1764.0715891541054,"region":"SE","year":2019},"type":"Feature"},{"geometry":{"coordinates":[[[-30.490298530729174,69.25722808031986],[-30.48952703495008,69.25676437787503],[-30.48835882058311,69.25685354277897],[-30.487458144392818,69.2565770513035],[-30.486552958663307,69.25629615586917],[-30.485250780886002,69.25656815789257],[-30.484978752382883,69.2569382249401],[-30.484711169305022,69.25730386800196],[-30.48496081058104,69.25771859017536],[-30.485732234229804,69.25818231819466],[-30.484943072794998,69.25850338494944],[-30.484675468960535,69.25886902876441],[-30.48336901151383,69.25914100745342],[-30.4820669887768,69.25941301960714],[-30.480760413023855,69.25968509059177],[-30.479971145269246,69.2600061320233],[-30.479703653080833,69.26037172866111],[-30.479436086627008,69.26074190864496],[-30.479168577154724,69.26110750476829],[-30.480069370904555,69.2613884019275],[-30.48137584422899,69.26111637515189],[-30.482410434597302,69.26121008423354],[-30.483716881313317,69.26093803673496],[-30.48450614067195,69.26061697472144],[-30.485290851596883,69.2602959790487],[-30.486597563813483,69.26002394249781],[-30.486864951381786,69.25965833449973],[-30.487132528570214,69.25928821809349],[-30.4879173734495,69.25897163838629],[-30.488189251386927,69.25860148982964],[-30.48897406123385,69.25828490503291],[-30.48975884616984,69.25796384781502],[-30.490031021164945,69.25759373244327],[-30.490298530729174,69.25722808031986]]],"type":"Polygon"},"id":"00000000000000000081","properties":{"area":98282.53735331072,"elevation":1757.8352065391903,"region":"SE","year":2019},"type":"Feature"},{"geometry":{"coordinates":[[[-28.914951696880692,69.57746288409766],[-28.914206990280704,69.57699024534358],[-28.914510127469843,69.57662458483354],[-28.913765360804238,69.57615637797844],[-28.913020720521278,69.57568373283245],[-28.912276223589163,69.57521548050758],[-28.913101007360783,69.57490336942767],[-28.91392597850757,69.57459121656889],[-28.913181381084932,69.57411857217814],[-28.912284990396962,69.57383316612488],[-28.911986222083176,69.57419883687305],[-28.91168308403216,69.57456449165396],[-28.91033645588973,69.57482307916248],[-28.91003764445733,69.57518874673843],[-28.91025607744571,69.57560344215378],[-28.911000858967853,69.57607606451829],[-28.911745559838398,69.57654428607476],[-28.912490196242825,69.57701693794668],[-28.911665250016796,69.5773291614995],[-28.910840361265677,69.57764126635192],[-28.91158497515601,69.57810941173285],[-28.912329784355514,69.57858214128046],[-28.912026456157427,69.57894772160947],[-28.9132214466566,69.5788675282904],[-28.913524626228583,69.57850186883921],[-28.914349726543545,69.57818971130882],[-28.914648311276906,69.57782407205062],[-28.914951696880692,69.57746288409766]]],"type":"Polygon"},"id":"00000000000000000082","properties":{"area":52991.045485467854,"elevation":2216.5452249300292,"region":"SE","year":2019},"type":"Feature"},{"geometry":{"coordinates":[[[-28.930299933221175,69.57188903009249],[-28.93008136063918,69.57147433204605],[-28.928886362781665,69.57155010606044],[-28.929104821408153,69.57196924042182],[-28.928806081882737,69.57233046765629],[-28.92798112724958,69.57264705744899],[-28.92663458372102,69.5729057134383],[-28.92528767904729,69.5731643181008],[-28.923941088170668,69.57342295023996],[-28.92259438014408,69.57368600473298],[-28.921702727265902,69.57339616340279],[-28.921029416824656,69.57352546488605],[-28.92020455921566,69.5738376557435],[-28.918857802757127,69.57410067688606],[-28.919232229547195,69.57433259537298],[-28.920124085623442,69.57462241432145],[-28.92086874486871,69.57509062497262],[-28.921912118560588,69.5751976538178],[-28.92311173562065,69.57512183455037],[-28.92400356784513,69.57540723236838],[-28.92519863033826,69.57533141830797],[-28.92654521189484,69.57506837633967],[-28.927593200520143,69.57517534215461],[-28.927891884290887,69.57480971921784],[-28.92767342771042,69.57439058227341],[-28.926928840819084,69.57392237024209],[-28.926705711411394,69.57350317728448],[-28.92753074879379,69.57319110504883],[-28.928351276101925,69.57287893653579],[-28.929697807420514,69.57262026507406],[-28.930001120137895,69.57225469375511],[-28.930299933221175,69.57188903009249]]],"type":"Polygon"},"id":"00000000000000000083","properties":{"area":69295.98255788918,"elevation":2215.834418268238,"region":"SE","year":2019},"type":"Feature"},{"geometry":{"coordinates":[[[-30.140201170245106,69.34425638578456],[-30.137391876783525,69.34281609503198],[-30.13312897745149,69.34182616990012],[-30.12858963925199,69.34120633199956],[-30.12377822016959,69.3409521430808],[-30.119100662974404,69.34051072948537],[-30.114699452429072,69.33970806790587],[-30.110579145050426,69.3385353383426],[-30.10604006753399,69.33791108218685],[-30.10164321497387,69.33710395139083],[-30.103030087117723,69.3382187532687],[-30.10597754214352,69.33947623987405],[-30.109683108927044,69.34120188923953],[-30.110516880775045,69.34304796524512],[-30.108238279355454,69.3445996912944],[-30.11062838694431,69.3465929533155],[-30.11343765114346,69.34803320243466],[-30.117562185389087,69.34920598178881],[-30.12210150935308,69.34983020918426],[-30.126092446978788,69.35118580004821],[-30.13090830873281,69.35143995525961],[-30.13544765081702,69.35205978857279],[-30.138876687851543,69.35120362032222],[-30.136999557088682,69.34925949172535],[-30.136678429448814,69.34746242410992],[-30.13792255606905,69.3458126151824],[-30.140201170245106,69.34425638578456]]],"type":"Polygon"},"id":"00000000000000000084","properties":{"area":1233287.323562931,"elevation":1712.6845272423298,"region":"SE","year":2019},"type":"Feature"},{"geometry":{"coordinates":[[[-29.66235936006203,69.44120613849479],[-29.6619803602814,69.44097427357629],[-29.660936845157032,69.44087612953504],[-29.659897977503743,69.44077357703482],[-29.658997119664562,69.44048821241569],[-29.657958128302848,69.44039011654597],[-29.656914753510627,69.44028758724494],[-29.655871440588516,69.44018948260064],[-29.65468517665054,69.44026974613598],[-29.65364622879346,69.44017161921327],[-29.653360921735423,69.44053723224549],[-29.65255370642937,69.44085387573391],[-29.652268373921668,69.44121948714672],[-29.652500318679188,69.4416342287248],[-29.65287927017135,69.44187055166296],[-29.65378003676209,69.44215152245006],[-29.654533802369055,69.44261969582736],[-29.655434332995046,69.44290505049989],[-29.6564777621975,69.44300315706964],[-29.657374121607877,69.44328858190767],[-29.658417583008273,69.44338667432083],[-29.65946090080643,69.44348922990872],[-29.66035714223882,69.44377012740729],[-29.661686066389453,69.4435070777538],[-29.66197149889607,69.44314141010793],[-29.66225687204857,69.44277130990514],[-29.662024943153366,69.44235654715085],[-29.66178860103087,69.44194190525906],[-29.662074010247284,69.4415762381522],[-29.66235936006203,69.44120613849479]]],"type":"Polygon"},"id":"00000000000000000085","properties":{"area":108246.66556428715,"elevation":1903.544584730717,"region":"SE","year":2019},"type":"Feature"},{"geometry":{"coordinates":[[[-30.019502271897572,69.3735749719486],[-30.018739758579088,69.3731112034891],[-30.01798161590606,69.37264741394418],[-30.018257933868696,69.37228181539852],[-30.01749557372703,69.3718135702441],[-30.016456554390988,69.3717155402205],[-30.015274900960126,69.37180024032905],[-30.014235971220693,69.37170207941092],[-30.01305879187095,69.37178682064122],[-30.012015468853352,69.37168877537299],[-30.011114568648637,69.37140783694893],[-30.010838203731165,69.37177796862495],[-30.010561579630597,69.37214359315853],[-30.010802278349534,69.37255826376992],[-30.01052164140797,69.37292394222293],[-30.010245114365475,69.37329399772598],[-30.010485949755445,69.37370874512756],[-30.010864882986084,69.37394062294479],[-30.01190829587733,69.37403867556155],[-30.013085383476458,69.37395398108981],[-30.0139862027869,69.37423494551021],[-30.015167845834767,69.37415017830551],[-30.016068703767786,69.37443112947048],[-30.01738853461369,69.37416354625476],[-30.01870400132844,69.3738959684124],[-30.019502271897572,69.3735749719486]]],"type":"Polygon"},"id":"00000000000000000086","properties":{"area":84695.08979290091,"elevation":1735.2871773169695,"region":"SE","year":2019},"type":"Feature"},{"geometry":{"coordinates":[[[-33.35819159531268,68.6601678180269],[-33.357906336584826,68.65891480390475],[-33.35643478556414,68.65809878069999],[-33.35344268968376,68.65742099187278],[-33.35074506097352,68.65689932106085],[-33.34845304925545,68.65685024777834],[-33.34559470797115,68.6572159307453],[-33.342941462891126,68.65721148313504],[-33.34201388330613,68.65779111561282],[-33.34199614452779,68.65887913124475],[-33.340243780457214,68.66010096027834],[-33.33797864277978,68.66128707228869],[-33.335312071905605,68.66212095136318],[-33.33417058376797,68.66332044022455],[-33.33262310433856,68.66417207937971],[-33.331080192838925,68.6650238059888],[-33.33045159432192,68.66601368842841],[-33.333702262872286,68.6668386324243],[-33.336613973873696,68.66698583419463],[-33.339530299771525,68.66720430500071],[-33.34267835218285,68.66693230347403],[-33.34543874088029,68.66674947008106],[-33.349634715897906,68.66590670569738],[-33.35066465171937,68.66513976379272],[-33.35292991986766,68.66395805381039],[-33.351413906352555,68.66287451426533],[-33.354084800449414,68.66179093498756],[-33.35621614172604,68.66096154598354],[-33.35819159531268,68.6601678180269]]],"type":"Polygon"},"id":"00000000000000000087","properties":{"area":777848.098224461,"elevation":848.5531095414485,"region":"SE","year":2019},"type":"Feature"},{"geometry":{"coordinates":[[[-29.837650977233814,69.42593371933117],[-29.834511820463227,69.42346780286286],[-29.829629125266145,69.42182244702593],[-29.824750915286106,69.42017702659953],[-29.819868293728273,69.41853160296077],[-29.812867317685598,69.41963297669646],[-29.81125778425171,69.42026622511224],[-29.810744842854096,69.4223798560836],[-29.816617534661813,69.42274550129967],[-29.818708691620486,69.4251087808257],[-29.81402662735029,69.42682553617676],[-29.808154106277556,69.42646434068989],[-29.801576897889532,69.42701283381331],[-29.800007421261693,69.42469853592308],[-29.801139857882244,69.42323595381882],[-29.797496853304526,69.42505082577703],[-29.795419003673345,69.42701730391245],[-29.794384453461348,69.42908183374631],[-29.795432321902357,69.43134705841345],[-29.798794436937662,69.43206054412671],[-29.803998260599947,69.43039283074228],[-29.809447230073424,69.43130690731145],[-29.81466001243761,69.43180637375087],[-29.817776839167674,69.4299379617643],[-29.82350221520266,69.42831932547084],[-29.82994124208298,69.42794920354228],[-29.835055800380264,69.42784668264726],[-29.837650977233814,69.42593371933117]]],"type":"Polygon"},"id":"00000000000000000088","properties":{"area":1179843.3631586258,"elevation":1799.1338582677158,"region":"SE","year":2019},"type":"Feature"},{"geometry":{"coordinates":[[[-33.10605625408012,68.71509953854579],[-33.1054944632867,68.71331140056141],[-33.10289030708214,68.71137164893887],[-33.098083362199894,68.71138950993269],[-33.092955535944384,68.71196476409666],[-33.090378001783805,68.71273618810376],[-33.089410416546116,68.71440392180625],[-33.0840640698952,68.71534923297494],[-33.07952461099513,68.7167449279798],[-33.07547127372942,68.71546514157562],[-33.071199406673934,68.71455549189031],[-33.0689165204165,68.7157371681811],[-33.06488536417708,68.71716849273952],[-33.0674850287261,68.71911270526871],[-33.072291997968854,68.71909487600634],[-33.07602408781887,68.72092755984912],[-33.07879323428753,68.72075364866716],[-33.07823149200907,68.71897003415442],[-33.083466399865976,68.71820745015799],[-33.087091702748694,68.72022742271446],[-33.08773806647192,68.71911713765344],[-33.08870577960353,68.71744944267502],[-33.09351273667008,68.71742714478009],[-33.097463425734055,68.71889418319668],[-33.10259149890565,68.71831900250884],[-33.10406746514578,68.7166869531984],[-33.10605625408012,68.71509953854579]]],"type":"Polygon"},"id":"00000000000000000089","properties":{"area":846510.9242895823,"elevation":567.2748061345397,"region":"SE","year":2019},"type":"Feature"},{"geometry":{"coordinates":[[[-30.331086228800284,69.32453377896097],[-30.329686032022487,69.32342345462132],[-30.326569263183597,69.32313805847751],[-30.32345222151107,69.32284820408637],[-30.323180207455987,69.32321384543],[-30.323158112643824,69.3239986875735],[-30.325458931049102,69.3253899196171],[-30.32775985219024,69.326776684086],[-30.32746107195866,69.32792709326766],[-30.32352819432491,69.32874313100386],[-30.319590716369586,69.3295547373926],[-30.317735644823873,69.33055802587246],[-30.31588073185825,69.33156579882329],[-30.3145430310609,69.33261811614695],[-30.312166349133875,69.33357679900969],[-30.312906627754856,69.33482092848135],[-30.313651153026377,69.33606942272242],[-30.31466336365271,69.33694791561223],[-30.316906347761684,69.33617199141636],[-30.317722432769422,69.3350706525872],[-30.318538304479656,69.3339692356511],[-30.319876132465982,69.33291684178496],[-30.321731146294056,69.3319090926445],[-30.324629417543235,69.33099946021196],[-30.325445500915766,69.32989808655863],[-30.327822147692476,69.32894381697099],[-30.329155457539255,69.32788701947186],[-30.33049329648171,69.32683469134102],[-30.330791982662685,69.3256841640305],[-30.331086228800284,69.32453377896097]]],"type":"Polygon"},"id":"0000000000000000008a","properties":{"area":322928.3370181018,"elevation":1752.0143535844709,"region":"SE","year":2019},"type":"Feature"},{"geometry":{"coordinates":[[[-29.954894154094116,69.40933693825231],[-29.951630048845498,69.40922547280823],[-29.948223426207754,69.40929677064302],[-29.944540346349175,69.40973381764698],[-29.940714323116833,69.41035364255207],[-29.93815035145874,69.40932356326965],[-29.93586286130677,69.40792789299613],[-29.939309701821422,69.40707616669636],[-29.94327366317958,69.40627353065082],[-29.944214612053695,69.40576962983508],[-29.940250655050686,69.40657675997622],[-29.936567345731614,69.40701371736122],[-29.93287966145818,69.40745078852615],[-29.92919643628658,69.40788771474482],[-29.928915478507086,69.40825341544465],[-29.925990424737446,69.40915411639101],[-29.92514750449134,69.41025551904181],[-29.927613341586927,69.41068802959745],[-29.930877418886357,69.41079949777769],[-29.934003473895718,69.41109385446353],[-29.937267330401227,69.41120980221167],[-29.940955104772286,69.41077280489489],[-29.944357338898843,69.41070142245961],[-29.94762594934442,69.41081291949422],[-29.951032654253257,69.41074155697261],[-29.954577715576427,69.41048736321596],[-29.954894154094116,69.40933693825231]]],"type":"Polygon"},"id":"0000000000000000008b","properties":{"area":258614.4185655967,"elevation":1748.5851076956806,"region":"SE","year":2019},"type":"Feature"},{"geometry":{"coordinates":[[[-30.36288851038973,69.14410516876133],[-30.362665764942285,69.14290566197253],[-30.361412645393816,69.14161249909714],[-30.36073926241598,69.14253111080413],[-30.359419363966648,69.14358341533594],[-30.358095180222538,69.14463581254078],[-30.354197873631428,69.14545178618218],[-30.350434415688255,69.14608051087426],[-30.348151301660177,69.14469370894855],[-30.346898271874494,69.14340064181135],[-30.347705291967298,69.14229918866747],[-30.347999627848964,69.14114873936208],[-30.348806645608313,69.14004735994713],[-30.35013112333463,69.13899501272346],[-30.347040978307415,69.13870515400403],[-30.34354507133262,69.13896822865962],[-30.342737999658333,69.14006965513386],[-30.341930850134602,69.14117107934828],[-30.343696771399767,69.14251327436342],[-30.343919507755157,69.14370827095414],[-30.34517251044218,69.14500144183671],[-30.345395648014474,69.14620094280428],[-30.34781239208202,69.14740488747773],[-30.351303767625854,69.14714180409554],[-30.354799878838424,69.14687872197233],[-30.358701495254593,69.1460672091831],[-30.361568602561412,69.1451574948665],[-30.36288851038973,69.14410516876133]]],"type":"Polygon"},"id":"0000000000000000008c","properties":{"area":272201.86612599937,"elevation":1555.6755665621897,"region":"SE","year":2019},"type":"Feature"},{"geometry":{"coordinates":[[[-30.147892984463013,69.18595383019684],[-30.147785946513274,69.18535180472864],[-30.146648916737394,69.1846561909368],[-30.145239852768768,69.18432621244858],[-30.143692626290605,69.18418355756386],[-30.14214514946918,69.18403638037331],[-30.14032599469917,69.18425493484011],[-30.138368302164984,69.18466064848957],[-30.13641082011557,69.18506648802108],[-30.135140070512428,69.18455366113498],[-30.133592598066116,69.18440650647025],[-30.133320652285693,69.1847721675369],[-30.133423273199018,69.18536971972102],[-30.133013084147102,69.18592259508245],[-30.132085593935503,69.18642202575674],[-30.130645170687295,69.18687688072465],[-30.128687818532764,69.18727818768859],[-30.129307624493677,69.18792920180574],[-30.13044449801839,69.18862480524643],[-30.131581775860514,69.18932043608558],[-30.1329906073991,69.18965039730544],[-30.134399819920926,69.1899803810227],[-30.13567513593314,69.19049319418825],[-30.137632676904282,69.19008743504018],[-30.13959016348066,69.18968165024656],[-30.141275845457386,69.18964594680472],[-30.14309506801433,69.18942298363292],[-30.144401475791685,69.18915543812216],[-30.145324684216334,69.18865602448305],[-30.14625201787511,69.1881521555899],[-30.146145093101318,69.1875546716893],[-30.14707256943662,69.18705075968649],[-30.14748282206441,69.18650223779153],[-30.147892984463013,69.18595383019684]]],"type":"Polygon"},"id":"0000000000000000008d","properties":{"area":361879.0200245104,"elevation":1608.1762703838522,"region":"SE","year":2019},"type":"Feature"},{"geometry":{"coordinates":[[[-30.419305218973548,69.13013476802247],[-30.41918917095451,69.12953724428903],[-30.41804771115645,69.12884166235911],[-30.41650473371804,69.1286989653964],[-30.414823607367403,69.12873908719881],[-30.413013364668352,69.1289620784558],[-30.41146613554268,69.12881935522206],[-30.40978945468063,69.12885946555959],[-30.409655673731034,69.12904234407723],[-30.408224241759406,69.12949711999195],[-30.406275808189587,69.12990293349236],[-30.404331613261473,69.13031316159594],[-30.402900159895214,69.1307679626594],[-30.40314533884804,69.13118265950212],[-30.404420794192596,69.13169101935998],[-30.406235442079815,69.13146802892054],[-30.407912159447292,69.13142788226295],[-30.409727042216144,69.13120499935896],[-30.411136051548514,69.13153049766316],[-30.41254509922634,69.13186044984191],[-30.413691155126884,69.13255161788378],[-30.414832637007994,69.13324723688515],[-30.41597418778519,69.13394284657905],[-30.417004245640417,69.1340364970501],[-30.417405588921895,69.13348356104771],[-30.41781134185749,69.13293513966599],[-30.418212646257103,69.13238220255191],[-30.418613925945206,69.13183373292227],[-30.41849809402007,69.1312361678198],[-30.418903784776866,69.13068327750132],[-30.419305218973548,69.13013476802247]]],"type":"Polygon"},"id":"0000000000000000008e","properties":{"area":202452.96864943422,"elevation":1544.9346826126948,"region":"SE","year":2019},"type":"Feature"},{"geometry":{"coordinates":[[[-33.37044524790553,68.67242593787418],[-33.3697941857542,68.6721851631968],[-33.36912533331297,68.67193983240819],[-33.367600342836,68.67182387387234],[-33.36575425288488,68.67226539172671],[-33.36430516393705,68.67261321360904],[-33.36268635347048,68.67288076717018],[-33.361558298725,68.67311264447886],[-33.36002871739055,68.67299669069922],[-33.358499167274886,68.67288518812173],[-33.356969768257734,68.67276927311076],[-33.35686724807658,68.67295650046258],[-33.35668430803075,68.67315719227943],[-33.354914277175304,68.67358082687971],[-33.354316722098154,68.67392418134395],[-33.354499417921794,68.67420062135562],[-33.356028883205255,68.67431656292544],[-33.35755835911974,68.67442801951914],[-33.35908800672744,68.67454399986109],[-33.36072003516722,68.67447266036702],[-33.36214249593797,68.67477585219315],[-33.363881414153475,68.67451720051594],[-33.3654109286068,68.67463315477696],[-33.366026254042595,68.67460640571818],[-33.366235772842195,68.67423631839625],[-33.36703409551768,68.67376366813937],[-33.36879974019177,68.67333999827156],[-33.369544481664676,68.67296099649744],[-33.37024007601982,68.67267114092387],[-33.37044524790553,68.67242593787418]]],"type":"Polygon"},"id":"0000000000000000008f","properties":{"area":115337.18613109755,"elevation":873.3656851247266,"region":"SE","year":2019},"type":"Feature"},{"geometry":{"coordinates":[[[-33.20649742076323,68.72758942847994],[-33.20619883959992,68.72717922730337],[-33.20589993154596,68.72676899629941],[-33.206113991460796,68.72639881545572],[-33.20581963287798,68.72598861837717],[-33.20500819625866,68.72553824757287],[-33.20398709629116,68.72546247920616],[-33.202858925280545,68.7255694625114],[-33.20162358335186,68.72586378004534],[-33.20049553159154,68.72597081736023],[-33.19968838896381,68.72552488798054],[-33.198881296242654,68.72507448521004],[-33.198074355292896,68.72462861927458],[-33.19726712806085,68.72417825056898],[-33.19645993153597,68.72372787723789],[-33.19533195244545,68.72383934055027],[-33.195117957923394,68.72420946146943],[-33.19551911825104,68.72443238671381],[-33.19643332011469,68.72469547002882],[-33.1972447492258,68.72514584849559],[-33.19805202587259,68.72559174895572],[-33.19885911766472,68.72604215687167],[-33.19966611882353,68.7264880186952],[-33.20047327188665,68.72693841736141],[-33.20128487386808,68.72738430377025],[-33.20107091074628,68.72775890411764],[-33.20187781494609,68.72820479677561],[-33.203005968598845,68.72809774694039],[-33.20392001129556,68.72836086736132],[-33.20504831044261,68.72825387374925],[-33.2052622202198,68.72787926759595],[-33.20649742076323,68.72758942847994]]],"type":"Polygon"},"id":"00000000000000000090","properties":{"area":81978.85355606594,"elevation":671.9529468303548,"region":"SE","year":2019},"type":"Feature"},{"geometry":{"coordinates":[[[-26.636547090180894,70.06774996058186],[-26.635490436889864,70.06762954943352],[-26.634781314694344,70.06714800152037],[-26.633546061554927,70.06720596205831],[-26.632306517772996,70.06726835626408],[-26.631423660411905,70.0669696335228],[-26.630362378400786,70.0668492519794],[-26.630010088622107,70.0672104380939],[-26.628600995403858,70.06745119812682],[-26.62771812672154,70.0677543857679],[-26.62842721750971,70.068236047452],[-26.627544319195074,70.06853478834556],[-26.626130627475664,70.06877555857487],[-26.625247803416656,70.06907881192414],[-26.626309016145917,70.06919914938905],[-26.6273703683467,70.06931955821749],[-26.62860538991876,70.06925715555518],[-26.629666767223114,70.06937754809661],[-26.63108026643329,70.0691367792176],[-26.632137160789235,70.06925718616924],[-26.633376691372185,70.06919471296209],[-26.634611840451683,70.06913678674675],[-26.635494911699872,70.06883352498],[-26.635847149849084,70.06847232684109],[-26.636194875120957,70.06811116001985],[-26.636547090180894,70.06774996058186]]],"type":"Polygon"},"id":"00000000000000000091","properties":{"area":73163.99359193094,"elevation":1016.3832143736159,"region":"SE","year":2019},"type":"Feature"},{"geometry":{"coordinates":[[[-33.291050799819715,68.7204325777443],[-33.289838041611524,68.71975925005428],[-33.28862061720448,68.71908592434416],[-33.28842896835221,68.71849289963163],[-33.28772451343893,68.71785966151602],[-33.289575008698726,68.71741817900983],[-33.28887049570374,68.71678506381753],[-33.287127012423305,68.71703923925526],[-33.287019899171824,68.71722646358201],[-33.28568219176953,68.71770366697898],[-33.284344487394165,68.71818521100859],[-33.2855573974282,68.71885403145592],[-33.28421957171533,68.71933569190882],[-33.28236905577561,68.71977706398754],[-33.28307360835439,68.72041028848345],[-33.28173131152917,68.72089185310966],[-33.281521791488466,68.72126200492805],[-33.282841782927285,68.72174802541569],[-33.28447828236527,68.72167669655651],[-33.2856955603501,68.72234998842654],[-33.28712251121116,68.72264871350124],[-33.28854490408915,68.72295197743506],[-33.28875887919341,68.72258184600994],[-33.287546231604736,68.72190856911448],[-33.28888375780251,68.7214269609257],[-33.290734317073785,68.72098550140774],[-33.291050799819715,68.7204325777443]]],"type":"Polygon"},"id":"00000000000000000092","properties":{"area":130894.41258408973,"elevation":856.4526889414873,"region":"SE","year":2019},"type":"Feature"},{"geometry":{"coordinates":[[[-33.56571373878833,68.66399819413023],[-33.5649066650741,68.66367268455078],[-33.563377120231024,68.66356118347474],[-33.56316314305101,68.66381092577566],[-33.56194567510191,68.66423005627931],[-33.56010418635538,68.66467157023988],[-33.55826707857032,68.66511747854031],[-33.5564253330536,68.66555887360735],[-33.5561177287616,68.66611633225304],[-33.5563139011023,68.66658898515136],[-33.55672416051511,68.66693676724663],[-33.55641206247918,68.66749408942951],[-33.55671076945622,68.66777957333852],[-33.55803505955219,68.66826110709196],[-33.55880660525361,68.66843947931592],[-33.559970336990645,68.66859999081383],[-33.56054108382468,68.66842607859043],[-33.560389534208674,68.6679801419948],[-33.559216959321645,68.66733360997938],[-33.55980097563703,68.6669947685173],[-33.56009082764428,68.66660228444677],[-33.560804208968065,68.66614749394944],[-33.56101383920573,68.66589780387939],[-33.561727378601994,68.66544296577568],[-33.56356446581138,68.66499701204172],[-33.56540602301509,68.66455564097029],[-33.56571373878833,68.66399819413023]]],"type":"Polygon"},"id":"00000000000000000093","properties":{"area":85511.73469783398,"elevation":1299.7430143945808,"region":"SE","year":2019},"type":"Feature"},{"geometry":{"coordinates":[[[-33.16873778774379,68.76440376970486],[-33.168439084697354,68.76399354826248],[-33.167631855765734,68.76354316253375],[-33.1673331554805,68.76313740809921],[-33.16703889577634,68.76272714625267],[-33.16590617418759,68.7628341585315],[-33.164671096797285,68.76312847041353],[-33.163431615091255,68.76341834049353],[-33.16251740009945,68.76315524070392],[-33.16159880175307,68.76289217254192],[-33.16189756889293,68.76330236586605],[-33.16270467189179,68.76375278559121],[-33.1630034676783,68.76416297682921],[-33.16176372244,68.76445287665645],[-33.16154972964763,68.76482734818529],[-33.16133570157164,68.76519746656997],[-33.161121666653905,68.76556758491407],[-33.16142039864539,68.7659778967739],[-33.162227461615366,68.7664237785057],[-33.163039074943505,68.76687415974403],[-33.163654446996965,68.76672699285099],[-33.16386845686456,68.76635687024041],[-33.16408245989079,68.76598674758922],[-33.163788227365,68.76557647683646],[-33.16502324223187,68.76528221347742],[-33.166262973831095,68.76498793131191],[-33.16749810747906,68.76469807286834],[-33.16873778774379,68.76440376970486]]],"type":"Polygon"},"id":"00000000000000000094","properties":{"area":72014.57301344766,"elevation":714.0459392127555,"region":"SE","year":2019},"type":"Feature"},{"geometry":{"coordinates":[[[-33.23844683377317,68.74529654823907],[-33.23763543323772,68.74484617751361],[-33.23454964769229,68.74558189650409],[-33.23167362164748,68.7459431097441],[-33.22858344648204,68.74667888702479],[-33.22613542428451,68.74629979772385],[-33.22643416796938,68.74671005008082],[-33.22589909388887,68.74763755851816],[-33.22383444194419,68.74844916043658],[-33.2212571612442,68.7492205280382],[-33.219700744966694,68.75007223315478],[-33.21865295268998,68.75095958128608],[-33.216075557028596,68.75173100642112],[-33.21810001639684,68.75285471100274],[-33.21920601665707,68.75371084225345],[-33.221658399621546,68.75408983651249],[-33.224748470329274,68.75335414690744],[-33.22689784631116,68.75332290143297],[-33.228454190648314,68.75247569727301],[-33.22847633070631,68.7515080789489],[-33.22849864704051,68.75054488769244],[-33.23005477230351,68.74969320303973],[-33.22905159719021,68.74864974804316],[-33.229586723147776,68.74772229969992],[-33.232672412238074,68.74698658125277],[-33.235441405409844,68.74680817804723],[-33.23535681397573,68.74602781371226],[-33.23844683377317,68.74529654823907]]],"type":"Polygon"},"id":"00000000000000000095","properties":{"area":295757.9633821654,"elevation":733.1682588742162,"region":"SE","year":2019},"type":"Feature"},{"geometry":{"coordinates":[[[-33.21330210120726,68.75655579970598],[-33.211875160562386,68.75625251581114],[-33.21066229763534,68.75557916925602],[-33.209444903631905,68.7549058947585],[-33.20801804685953,68.75460715592068],[-33.20680518431763,68.75393381919878],[-33.20559219486152,68.75326051536301],[-33.20437947049246,68.75258715775423],[-33.20305952851357,68.75210114307455],[-33.20120441744401,68.7525425632714],[-33.20160588456223,68.75276551938087],[-33.20313980502204,68.75288143977473],[-33.20435724570364,68.75355479899346],[-33.20557001488467,68.75422815736572],[-33.2052488294314,68.75478550984401],[-33.204927984314466,68.75533842262845],[-33.2056323956339,68.75597610344457],[-33.203777570080824,68.75641308004235],[-33.20396917136173,68.75701054234737],[-33.204669214397505,68.757643799499],[-33.20588204461439,68.75831708477351],[-33.20709948969772,68.75899039319566],[-33.20852638600442,68.75928918434305],[-33.209739216599104,68.7599624794505],[-33.21105913702311,68.76044856171801],[-33.21035917969936,68.75981536547194],[-33.21118851640756,68.75929809151548],[-33.20997567233713,68.75862480974008],[-33.2087627564553,68.75795144483357],[-33.21010488887676,68.75747438683747],[-33.21195987492715,68.75703292980025],[-33.21330210120726,68.75655579970598]]],"type":"Polygon"},"id":"00000000000000000096","properties":{"area":141764.53681246258,"elevation":736.0094689890611,"region":"SE","year":2019},"type":"Feature"},{"geometry":{"coordinates":[[[-33.633429594160326,68.67218062803343],[-33.63190011734138,68.67206920113173],[-33.63057583336533,68.67158763871997],[-33.62935399814471,68.67091875742368],[-33.628132231719924,68.67024986553042],[-33.62822586258056,68.66993771636848],[-33.62766860790744,68.66951412835535],[-33.62670530826286,68.66898342987798],[-33.62497072613117,68.66924654855013],[-33.623441250150165,68.66913060367492],[-33.621911658291225,68.66901915331182],[-33.6206766777364,68.66919309340008],[-33.61945926404005,68.66961220117007],[-33.61935680478162,68.66979950037829],[-33.61914268286909,68.67004915310702],[-33.620672119482734,68.67016067740309],[-33.621702203025905,68.67035687097626],[-33.62261191745919,68.6704951520498],[-33.62414126980907,68.67060656571476],[-33.62577340226504,68.67053527081208],[-33.627302926262836,68.67064672190882],[-33.6285290796472,68.6713155693611],[-33.629750908496675,68.67198445836101],[-33.6304642881824,68.67261318218297],[-33.63117337031196,68.67324642246099],[-33.632912406775596,68.67298779797532],[-33.6331220844344,68.67273806018544],[-33.633429594160326,68.67218062803343]]],"type":"Polygon"},"id":"00000000000000000097","properties":{"area":74101.56139979289,"elevation":1403.9635800999765,"region":"SE","year":2019},"type":"Feature"},{"geometry":{"coordinates":[[[-33.397619065856105,68.72880235274287],[-33.396713768409775,68.72757160761726],[-33.39734262458048,68.72646129829963],[-33.39695021648119,68.72527068655202],[-33.396557646231265,68.72408011924654],[-33.39616530489262,68.72288950920722],[-33.39373070897643,68.72154735018793],[-33.39087670183983,68.72094982301172],[-33.388335149894914,68.71979042706401],[-33.38974875649963,68.72105689439645],[-33.39064932580478,68.72228756243462],[-33.38899952485019,68.72332208833022],[-33.390925840046506,68.72462856264079],[-33.38927148272346,68.72566314202238],[-33.38557493186993,68.72655049232907],[-33.38272122210766,68.72594850321221],[-33.37965331949695,68.72572103714536],[-33.37679945063165,68.72511912884409],[-33.37770019786813,68.72634983533287],[-33.380134904070054,68.72769204117296],[-33.380736728560954,68.72850801197377],[-33.38317583500166,68.72985020847035],[-33.38602980893665,68.73045223106332],[-33.38878102354875,68.73123696621545],[-33.39184899014128,68.73146440071886],[-33.39533591331903,68.73095163793816],[-33.39699034798832,68.72991262447202],[-33.397619065856105,68.72880235274287]]],"type":"Polygon"},"id":"00000000000000000098","properties":{"area":505913.698465222,"elevation":993.1958951274931,"region":"SE","year":2019},"type":"Feature"},{"geometry":{"coordinates":[[[-33.37165357239858,68.76051989075536],[-33.370735224056986,68.76025683919026],[-33.36900499293482,68.759547862065],[-33.366641620865764,68.75995364527952],[-33.36427817528445,68.76035492096953],[-33.36212451869808,68.76039061523437],[-33.362423222610495,68.76080082238072],[-33.36047015477326,68.7614250812331],[-33.357999978016224,68.7620181587967],[-33.3565552883705,68.76268257628065],[-33.35459754958837,68.76331127077083],[-33.35263999446493,68.76393561587786],[-33.352216374856475,68.76468026083684],[-33.353331296528395,68.76553642599386],[-33.351373595368806,68.76616511048829],[-33.35269810990275,68.76665117953888],[-33.354321110745374,68.76754304009164],[-33.35658195299524,68.76732896177056],[-33.35831201197848,68.76803795419646],[-33.35975678446334,68.76736908491786],[-33.362227099178,68.76678052211042],[-33.364697506714144,68.76619187397421],[-33.364608277771005,68.76541150598446],[-33.36451919379541,68.7646312113915],[-33.3659639602419,68.76396678327029],[-33.366895774147174,68.763262281133],[-33.36526836220342,68.7623659898325],[-33.367225752784215,68.76173726685539],[-33.36969603414569,68.76114864324778],[-33.37165357239858,68.76051989075536]]],"type":"Polygon"},"id":"00000000000000000099","properties":{"area":352826.1155814071,"elevation":1047.5294734295628,"region":"SE","year":2019},"type":"Feature"},{"geometry":{"coordinates":[[[-33.20027254398971,68.80512425698002],[-33.199269366750904,68.80408087018523],[-33.198265936398805,68.803037447693],[-33.19726259048826,68.80199401887573],[-33.19491727240172,68.80142768834138],[-33.192567130952995,68.8008613706917],[-33.1900076735348,68.80066969824017],[-33.18978919878229,68.80103972984303],[-33.18874134961101,68.80192706504151],[-33.18820626283406,68.80285465729854],[-33.185619872086626,68.80362602605346],[-33.18354638798541,68.80443758618839],[-33.181473113364916,68.80524914756721],[-33.18042513018904,68.80613646092196],[-33.18142401654821,68.8071844002349],[-33.180888923093974,68.80811188967456],[-33.18189214492522,68.80915536342235],[-33.18391650900547,68.81027454982683],[-33.18669467754094,68.81009616159182],[-33.18947274893878,68.80992230429763],[-33.19192957288094,68.81030127704035],[-33.19346805925781,68.81041724974567],[-33.19502868423384,68.80956553082522],[-33.19658932441396,68.80871833888754],[-33.19764180069256,68.80782650003731],[-33.19920244174693,68.80697924011042],[-33.19973751434074,68.80605174868089],[-33.20027254398971,68.80512425698002]]],"type":"Polygon"},"id":"0000000000000000009a","properties":{"area":600121.4417782921,"elevation":842.6746700703208,"region":"SE","year":2019},"type":"Feature"},{"geometry":{"coordinates":[[[-32.5302034184118,68.98157989342188],[-32.528709613549395,68.98049183343399],[-32.52750577996309,68.97981404169266],[-32.5252716385879,68.97905599809299],[-32.52367530349671,68.9789400637139],[-32.52115596284647,68.97951975185889],[-32.5195551036349,68.98036254958686],[-32.51794989904303,68.98120530691224],[-32.51531892569226,68.98196774807903],[-32.51216642532784,68.98268571275958],[-32.50958896880454,68.98248059153161],[-32.507172268122936,68.98208370617614],[-32.50558022550808,68.98196778276946],[-32.50546446608532,68.98215507145123],[-32.505406325922706,68.98312269580492],[-32.506547901895196,68.98397437902051],[-32.50752445944654,68.98502221817716],[-32.50867935024545,68.98571343719743],[-32.510275858496634,68.98582491931892],[-32.511363720624054,68.9849420070346],[-32.51296461812129,68.98409475678329],[-32.51543495612931,68.98352847795664],[-32.51749042853604,68.98290417687238],[-32.52012145480564,68.98214169405388],[-32.5212094379047,68.98125434930952],[-32.52384019137721,68.98049180235836],[-32.52671196535748,68.98015298172793],[-32.528723095333746,68.98128555720072],[-32.5302034184118,68.98157989342188]]],"type":"Polygon"},"id":"0000000000000000009b","properties":{"area":193893.71782591776,"elevation":1774.1140609816482,"region":"SE","year":2019},"type":"Feature"},{"geometry":{"coordinates":[[[-33.48627490305384,68.76632119848266],[-33.48598058877869,68.76494783153306],[-33.4829171759387,68.76375272871584],[-33.47964416376834,68.7629322860676],[-33.47585402921195,68.76303928791786],[-33.47205926694153,68.7631418101999],[-33.46878615357404,68.76232135750047],[-33.46530808011709,68.76187100431126],[-33.46193262781353,68.76123338142979],[-33.45925719565601,68.76219649201127],[-33.456992056542916,68.76338265029783],[-33.455747902926305,68.76464461184081],[-33.455012079879545,68.76594215850702],[-33.45223410008481,68.76709257630053],[-33.45170797995367,68.76802009061983],[-33.454771293842974,68.76921074227046],[-33.45814695277686,68.76984836314519],[-33.461629342216455,68.7702987565321],[-33.46511192029963,68.77075353103665],[-33.46869703584952,68.7710166753622],[-33.47228226318578,68.77127972732774],[-33.47628635001049,68.77080258873423],[-33.47998742307084,68.76991522514173],[-33.48122725205878,68.76865329746546],[-33.48298406851807,68.76743150180101],[-33.48627490305384,68.76632119848266]]],"type":"Polygon"},"id":"0000000000000000009c","properties":{"area":1054854.9720011542,"elevation":1161.4211850024194,"region":"SE","year":2019},"type":"Feature"},{"geometry":{"coordinates":[[[-32.573211549885585,68.98906666661857],[-32.57240430875451,68.98861632411781],[-32.572631880362444,68.98824621654495],[-32.57285910592457,68.98787607800693],[-32.57257383437531,68.98746141983477],[-32.57228405227599,68.98705113640496],[-32.571481333279095,68.9866007693922],[-32.57067434619545,68.98614594599927],[-32.569755708073764,68.98588284505725],[-32.56883703357727,68.98561530914941],[-32.568275328294156,68.98558409754378],[-32.56775339851696,68.98554396634376],[-32.56666104686561,68.98563767429536],[-32.56649605261699,68.9858293274615],[-32.56523868051618,68.98611922260464],[-32.56500678362316,68.98648929511621],[-32.565296629030385,68.986899551986],[-32.56558654178504,68.98731423731194],[-32.565876406082545,68.98772449326057],[-32.566678902944176,68.98817482005717],[-32.56759744360869,68.98844241261523],[-32.56805242091076,68.98866089306017],[-32.56889067031181,68.98891951852833],[-32.56943465116206,68.98897746369364],[-32.56988939970394,68.98919155169202],[-32.570353200564206,68.98924060913733],[-32.57091055693795,68.98927183134226],[-32.571436876322814,68.98931640201864],[-32.57252933343777,68.9892227710773],[-32.57258270943773,68.98920939529198],[-32.573211549885585,68.98906666661857]]],"type":"Polygon"},"id":"0000000000000000009d","properties":{"area":90652.79904953002,"elevation":1768.4153009769934,"region":"SE","year":2019},"type":"Feature"},{"geometry":{"coordinates":[[[-33.13195028308107,68.85552104313325],[-33.13073287722553,68.85484775216841],[-33.12951554105354,68.85417445068418],[-33.12829813340226,68.85350106590435],[-33.128106557637054,68.85290358551667],[-33.12791923509431,68.85231046553572],[-33.128244670121845,68.8517531466753],[-33.12732162004428,68.85149000485778],[-33.12599726075747,68.85100398117322],[-33.12589034397074,68.85118684743159],[-33.12453925283492,68.85166841575541],[-33.12473090872394,68.8522615038488],[-33.12440538879159,68.8528188159074],[-33.12407999427611,68.85337620062242],[-33.123758843683646,68.85392912197801],[-33.12394623325615,68.85452667644428],[-33.12413789059783,68.85511976785791],[-33.12483799883463,68.8557574164826],[-33.12586800915761,68.85583316459741],[-33.12740646305914,68.85594909900128],[-33.128623621033825,68.85662246347859],[-33.12984101123827,68.8573002440156],[-33.131169819982446,68.85778628152438],[-33.13149090199468,68.85722887138854],[-33.13078630905115,68.8565957200812],[-33.131111944118445,68.85603834778118],[-33.13195028308107,68.85552104313325]]],"type":"Polygon"},"id":"0000000000000000009e","properties":{"area":120024.28835568357,"elevation":969.6816517013232,"region":"SE","year":2019},"type":"Feature"},{"geometry":{"coordinates":[[[-33.34446646547439,68.77454824319078],[-33.34416773378776,68.77413803087946],[-33.34335164011075,68.77369206866977],[-33.34254026309147,68.77324173459714],[-33.34162158584588,68.77297864813549],[-33.340386467380974,68.77327295767189],[-33.33946782292743,68.77301432572186],[-33.33844217273867,68.77293402906676],[-33.33763072984002,68.77248817834307],[-33.336712145295344,68.77222505921735],[-33.33650263341202,68.77259517506741],[-33.33680121392214,68.77300540417403],[-33.3376129985895,68.77345575795407],[-33.338428825968094,68.77390168197049],[-33.33924047642961,68.77435206989041],[-33.33953911851289,68.77475782477504],[-33.338304086548945,68.77505207445112],[-33.33758167534623,68.77538656920149],[-33.33788050071416,68.77579675380795],[-33.33715805683424,68.77612677817183],[-33.33796960974282,68.77657710199112],[-33.33878554333183,68.77702302505128],[-33.33959729948617,68.77747341205162],[-33.340725417036474,68.77736196209091],[-33.34196495662652,68.77706764574555],[-33.34320006085124,68.7767733622933],[-33.342896972722635,68.77636307320445],[-33.34208538529447,68.77591713169979],[-33.341273773939655,68.77547130159148],[-33.341996286133266,68.77513686081157],[-33.34323129069046,68.77484257898229],[-33.34446646547439,68.77454824319078]]],"type":"Polygon"},"id":"0000000000000000009f","properties":{"area":94660.66515597589,"elevation":1055.3693100053022,"region":"SE","year":2019},"type":"Feature"},{"geometry":{"coordinates":[[[-30.510560589011323,69.3849411699308],[-30.510074446026813,69.3833314527369],[-30.50630657935075,69.38239949028147],[-30.502538780459158,69.38146758209393],[-30.497963726710854,69.38163703933186],[-30.49338412887768,69.38181089291861],[-30.489076724441322,69.3816102741921],[-30.484367822916163,69.38196700691124],[-30.47978832880467,69.38213646020064],[-30.474941248223026,69.3826759922082],[-30.46996065924368,69.38339834906057],[-30.46968849452056,69.3837640492903],[-30.464435816814387,69.38485203418605],[-30.459704564066538,69.38598911934045],[-30.463200510795232,69.38729111736866],[-30.466968467922406,69.38822309561083],[-30.47087022772243,69.38897217787925],[-30.471351802625172,69.39058192499492],[-30.472243628904064,69.39164768106076],[-30.476823221219384,69.39147379421082],[-30.47991328990655,69.39332432847795],[-30.484492794079635,69.3931548596638],[-30.489478054633274,69.39243245503363],[-30.49473084846451,69.39134443429064],[-30.498940323085424,69.39015832756377],[-30.503149696523653,69.38897225579503],[-30.505272175662213,69.38759884568906],[-30.508437964548023,69.38631904516788],[-30.510560589011323,69.3849411699308]]],"type":"Polygon"},"id":"000000000000000000a0","properties":{"area":1677143.9438680452,"elevation":1792.941053908361,"region":"SE","year":2019},"type":"Feature"},{"geometry":{"coordinates":[[[-33.09626841894512,68.81097463370602],[-33.096188152744865,68.81019429664465],[-33.09610788943929,68.80941396043802],[-33.09591615751644,68.8088164198477],[-33.094083520400346,68.80829022564843],[-33.09181836645284,68.80850426809081],[-33.0895529905059,68.80871831767196],[-33.08933460529522,68.80908847763011],[-33.08787658493937,68.80975286241926],[-33.08744400955867,68.81049307071898],[-33.0880371193417,68.81131353773718],[-33.08709153319655,68.81201805174192],[-33.08717184500718,68.81279842877626],[-33.08468809355861,68.81338255219379],[-33.08220438024898,68.81396670628855],[-33.08067048129793,68.81385075256408],[-33.08137071567958,68.81448391743449],[-33.08385430013931,68.81389982002653],[-33.08622651232064,68.8135029690841],[-33.08784518747375,68.81439920492936],[-33.08946392995054,68.81529553816061],[-33.091840583892456,68.8148986716204],[-33.0941058015375,68.81468463415605],[-33.09556398445712,68.81402017832826],[-33.09599657645343,68.8132755460813],[-33.09591631807067,68.81249520604504],[-33.09532325882952,68.81167915696474],[-33.09626841894512,68.81097463370602]]],"type":"Polygon"},"id":"000000000000000000a1","properties":{"area":250465.77909686725,"elevation":848.4651515151513,"region":"SE","year":2019},"type":"Feature"},{"geometry":{"coordinates":[[[-33.46174983599565,68.73124589509749],[-33.461143407568116,68.73042984927675],[-33.459520159678654,68.72953359282602],[-33.458913650827526,68.72871758215312],[-33.45707654307147,68.72819586070115],[-33.454927323001854,68.72822708724486],[-33.45246590282149,68.72882018558475],[-33.450004548424694,68.72940873040633],[-33.4497948843843,68.72977883921506],[-33.44732915085278,68.73037192695782],[-33.446401662110624,68.73107648286481],[-33.44751627841568,68.73193258903095],[-33.44812265514964,68.73274861275925],[-33.4492375750262,68.73360924700248],[-33.449331228330365,68.73438952169644],[-33.44686987015261,68.73497819678663],[-33.44798447382826,68.73583434643456],[-33.449821616764524,68.736356045145],[-33.45186395414134,68.73650769356796],[-33.454222853674125,68.73610186129841],[-33.455663029444715,68.7354374813829],[-33.45812888786271,68.73484439852925],[-33.45905650488687,68.7341399073387],[-33.45998847216833,68.73343536435166],[-33.460915842168816,68.73273079111276],[-33.461335040908295,68.73199061183975],[-33.46174983599565,68.73124589509749]]],"type":"Polygon"},"id":"000000000000000000a2","properties":{"area":399024.14355211635,"elevation":1075.0857520385898,"region":"SE","year":2019},"type":"Feature"},{"geometry":{"coordinates":[[[-32.45669079649219,69.0705344646898],[-32.456289506031474,69.07030703868593],[-32.45537086947431,69.07003945066066],[-32.45456372397186,69.06958907803924],[-32.453529151898124,69.0695043883553],[-32.45298517306856,69.06947317446676],[-32.45245019388821,69.06942859506312],[-32.45145582142619,69.06933938957287],[-32.4504211163593,69.06925914909857],[-32.44938662083248,69.06917885870713],[-32.448829268077134,69.0691432469895],[-32.44830766833472,69.06909860408028],[-32.44706355835427,69.06937955666864],[-32.44593547619365,69.06948656986808],[-32.44529773675204,69.06963815142986],[-32.44474037675821,69.0695935485489],[-32.444508364782905,69.0699636688945],[-32.444276544840534,69.07033374679402],[-32.444566502298194,69.0707440108999],[-32.44514164026281,69.07078866678607],[-32.44598445668599,69.07104276559954],[-32.446403471393,69.0712791335234],[-32.447326542705014,69.07154664870961],[-32.4473713187409,69.07154220708773],[-32.44852173745414,69.07143964713605],[-32.449627374689456,69.07134152033976],[-32.44967215021895,69.07133707800382],[-32.45082255703423,69.07123449969109],[-32.452053176106254,69.07095360345278],[-32.45296291808795,69.07121669987527],[-32.45300735361612,69.07121222535687],[-32.45416234463362,69.07110967769354],[-32.45540217602447,69.07082875196106],[-32.455923823394365,69.07086439328877],[-32.456463262569066,69.07090451347644],[-32.45669079649219,69.0705344646898]]],"type":"Polygon"},"id":"000000000000000000a3","properties":{"area":91517.7780746229,"elevation":1770.2672600527744,"region":"SE","year":2019},"type":"Feature"},{"geometry":{"coordinates":[[[-30.936859471502963,69.4248947376947],[-30.93581616922634,69.42480107952174],[-30.935031544849657,69.42434182838456],[-30.933849623409564,69.42443543627215],[-30.932672449506242,69.42452463179146],[-30.931624714919185,69.4244354960121],[-30.930447541101334,69.42452467358139],[-30.929399600144404,69.42443097849075],[-30.92913637034117,69.42480110762283],[-30.92939955951378,69.42521577010157],[-30.930184427956622,69.42567508770317],[-30.93123229293086,69.42576870157315],[-30.93201701478354,69.42622804916927],[-30.932801922372374,69.4266917452464],[-30.933586707706013,69.42715108406294],[-30.93437138808621,69.42761034348955],[-30.93515618693683,69.42807406667733],[-30.935811641796843,69.42793586312011],[-30.93659654863301,69.42761035353458],[-30.9363334085617,69.42719566462246],[-30.935548561271304,69.42673634125916],[-30.934763882274336,69.42627708850512],[-30.935026843092885,69.42590698974742],[-30.935811638595805,69.4255858788095],[-30.936601049007976,69.42526486940275],[-30.936859471502963,69.4248947376947]]],"type":"Polygon"},"id":"000000000000000000a4","properties":{"area":63861.00353373477,"elevation":2002.4241418120416,"region":"SE","year":2019},"type":"Feature"},{"geometry":{"coordinates":[[[-32.877817170790124,69.000437350771],[-32.877522847381805,69.00002710984296],[-32.876711369348186,68.99957678542526],[-32.87589978150295,68.99912638329062],[-32.874976643967855,68.99886331147617],[-32.87371918255764,68.99915313508586],[-32.87257760104434,68.99926017258937],[-32.871654587959966,68.99899260764644],[-32.87039723290073,68.99928247536731],[-32.87017438989227,68.99965705326717],[-32.86943413483415,68.99998702018503],[-32.869732758969846,69.00039725032161],[-32.86847531326414,69.0006871025536],[-32.867217841626335,69.00097694405952],[-32.86596470351323,69.00127121712585],[-32.864707320895214,69.00156111027682],[-32.863672849754856,69.00148077814833],[-32.863449969731654,69.00185087675284],[-32.86374426061383,69.00226110726781],[-32.86455589236355,69.00271153931111],[-32.8655902801753,69.00279179150633],[-32.866401826340145,69.00324213972276],[-32.86721340381174,69.0036924832652],[-32.86802495521595,69.00414293808592],[-32.86894796870284,69.00441045392303],[-32.86917099379459,69.0040403030773],[-32.86991126747637,69.00370590609731],[-32.87064685028929,69.00337593273403],[-32.871904420426965,69.00308605898009],[-32.873161766157544,69.00279621740634],[-32.87441472463919,69.0025019230933],[-32.87567235788117,69.0022120902499],[-32.87589540217137,69.00184200427705],[-32.87663544336733,69.00151204599972],[-32.87685396341717,69.00113744411782],[-32.87707697897624,69.00076735712959],[-32.877817170790124,69.000437350771]]],"type":"Polygon"},"id":"000000000000000000a5","properties":{"area":181621.65898347364,"elevation":1371.4673101116525,"region":"SE","year":2019},"type":"Feature"},{"geometry":{"coordinates":[[[-32.92057108202552,68.99402963523407],[-32.9166202973986,68.99430613581953],[-32.91222809268545,68.99532721787332],[-32.907835793594174,68.99634843104825],[-32.90399646643629,68.99644199125122],[-32.90082160171621,68.99542086116598],[-32.902333257737126,68.9965089319493],[-32.9051782652094,68.99808294763083],[-32.902850544889816,68.99926015133747],[-32.90207469548273,69.00055775310717],[-32.89768242674811,69.00157890950405],[-32.894726017753094,69.00018765608733],[-32.894471843323736,68.99880980827322],[-32.89295585756897,68.99772626473447],[-32.89280863121741,68.99887671239033],[-32.89203261946155,69.00017429398757],[-32.89280864312569,69.00159229203074],[-32.89483762990251,69.00271600424415],[-32.89867676457148,69.002626756644],[-32.90285060330043,69.00197574656111],[-32.90621264624392,69.00087880853825],[-32.90853582221931,68.99969714909915],[-32.91086348884212,68.99851992673027],[-32.91266952154023,68.99730259024618],[-32.91447984050037,68.99608084924132],[-32.91887204213501,68.99506416692445],[-32.92057108202552,68.99402963523407]]],"type":"Polygon"},"id":"000000000000000000a6","properties":{"area":306628.08761041384,"elevation":1364.778896802654,"region":"SE","year":2019},"type":"Feature"},{"geometry":{"coordinates":[[[-33.248796510440044,68.9235847409443],[-33.24808748337201,68.9229516142257],[-33.247891205529854,68.9223540379824],[-33.2476994989448,68.92176096392183],[-33.24739634765697,68.92135072753405],[-33.246067577792566,68.92086475949581],[-33.244627254443785,68.9205615413832],[-33.243079912951266,68.92044557199583],[-33.24121152836516,68.92088697572156],[-33.239557392907564,68.92095837562472],[-33.239450318435885,68.92114116696582],[-33.23809457176577,68.92162277276476],[-33.236743565559586,68.92209988528602],[-33.23796541018986,68.92277323336015],[-33.23661432003937,68.92325481620718],[-33.23577602968603,68.92377205744559],[-33.23648493146962,68.92440520634847],[-33.23719401200047,68.92503842457938],[-33.23811702137418,68.9253015566736],[-33.239557371075946,68.92560476865967],[-33.24078336936607,68.92627806696775],[-33.24243781463397,68.92620676458839],[-33.24387809065444,68.92650997521982],[-33.24563948670592,68.92625129658035],[-33.24699053414989,68.92577421149883],[-33.246798844647465,68.92517666319233],[-33.24815000945549,68.92469952519171],[-33.247958099604936,68.92410202302325],[-33.248796510440044,68.9235847409443]]],"type":"Polygon"},"id":"000000000000000000a7","properties":{"area":247748.2480397946,"elevation":1272.1676135144037,"region":"SE","year":2019},"type":"Feature"},{"geometry":{"coordinates":[[[-32.419394647062134,69.1198431838735],[-32.41737927180142,69.11871057969404],[-32.416402887583246,69.11766269623165],[-32.413691521884225,69.11764041895142],[-32.41167608389478,69.11650774365961],[-32.41018225933087,69.11541529314228],[-32.409214705131355,69.11515216465199],[-32.406044359438646,69.11587013307391],[-32.40425620658476,69.11611540207694],[-32.40197291930563,69.11632048033478],[-32.40022053523576,69.11559811285949],[-32.39831663430036,69.11603064200443],[-32.39859743381284,69.11644979959952],[-32.39762103959295,69.11714094919066],[-32.39703684363128,69.11806844079454],[-32.396978748638254,69.11903163052061],[-32.398111443428675,69.11989667493134],[-32.40014495331576,69.12006170042793],[-32.40197763860621,69.11981641706826],[-32.40499177849934,69.1192857896797],[-32.4068244940072,69.11903608892531],[-32.409651628905394,69.11887115329651],[-32.411783037058264,69.1198209035759],[-32.41381645642504,69.11998589134507],[-32.4160638660063,69.12074842019726],[-32.417780478327025,69.1206859361992],[-32.419394647062134,69.1198431838735]]],"type":"Polygon"},"id":"000000000000000000a8","properties":{"area":312945.20095609536,"elevation":1815.407103887767,"region":"SE","year":2019},"type":"Feature"},{"geometry":{"coordinates":[[[-31.029671473875144,69.42110898170706],[-31.02940824350536,69.42069427431565],[-31.028231082665066,69.42078794540313],[-31.0269246000001,69.4210644037016],[-31.025613593065778,69.42134082296747],[-31.024436295144923,69.42142999598373],[-31.0236515923805,69.42097069037732],[-31.022862355417658,69.42051146792807],[-31.022077511880504,69.42005219392412],[-31.02128820159102,69.4195928877086],[-31.0201109917417,69.41968202468003],[-31.019852508962273,69.42005214897864],[-31.01958931499643,69.42042228556332],[-31.019330712226477,69.42078794149293],[-31.019067705254102,69.4211580371775],[-31.019330612326254,69.42157269057904],[-31.019593665018665,69.42198741848038],[-31.019856930604753,69.42240210556533],[-31.019598306847293,69.42276776285927],[-31.02038294269676,69.42323148436436],[-31.020646131349327,69.42364170230272],[-31.020909227619192,69.424056428115],[-31.021698432196793,69.4245201701259],[-31.022483202943988,69.42497948694549],[-31.02340194337514,69.42525591706612],[-31.024708348850776,69.4249794518014],[-31.02601922829124,69.42470300285838],[-31.027325819531182,69.4244220814888],[-31.02706270580961,69.42401183636144],[-31.026278101398965,69.42354811199979],[-31.025488792714814,69.42308878894045],[-31.024703810736593,69.4226295295587],[-31.024440998880326,69.42221484626906],[-31.025747428443953,69.4219383340767],[-31.027053969457192,69.42166188544799],[-31.028364983844018,69.42138545307115],[-31.029671473875144,69.42110898170706]]],"type":"Polygon"},"id":"000000000000000000a9","properties":{"area":123645.77279938122,"elevation":1981.8666820969809,"region":"SE","year":2019},"type":"Feature"},{"geometry":{"coordinates":[[[-33.20612300251786,68.91089414982822],[-33.20500826213217,68.91003803302087],[-33.203893283656285,68.9091774083085],[-33.20535151673209,68.90851303790507],[-33.20402269950777,68.90802694202566],[-33.20228362313512,68.90731355074485],[-33.20043754717085,68.90678732457822],[-33.19794939592073,68.9073759575847],[-33.19567078078415,68.9075899583554],[-33.193396492263986,68.90780846994647],[-33.19348134908073,68.90858883321039],[-33.19253596588375,68.90929332755637],[-33.19158626224899,68.90999345840542],[-33.1932183380988,68.91088972815298],[-33.19433303454886,68.91175032637862],[-33.19287039158719,68.91241473213395],[-33.19398513967109,68.91327533447428],[-33.195617326732545,68.91417162105559],[-33.193641791300806,68.91479590924824],[-33.193833555606076,68.91539341972654],[-33.19632617283795,68.91480478851841],[-33.19860035668687,68.91459074847711],[-33.201093091096,68.91400218119296],[-33.20337156475026,68.91378814255158],[-33.20534712479276,68.9131593977905],[-33.20577497684909,68.91241916207423],[-33.20466020637784,68.91155857110196],[-33.20612300251786,68.91089414982822]]],"type":"Polygon"},"id":"000000000000000000aa","properties":{"area":366413.7708669016,"elevation":1249.8858061258181,"region":"SE","year":2019},"type":"Feature"},{"geometry":{"coordinates":[[[-32.56295551907592,69.06651679556603],[-32.56277710738321,69.0659237268156],[-32.560761641671775,69.06479112380579],[-32.558514257366184,69.06403309299054],[-32.555696083132226,69.06419804321588],[-32.552878033736256,69.06436301143053],[-32.5507464044079,69.0634177075634],[-32.54891376772368,69.06367188188425],[-32.54735760204793,69.06354698779337],[-32.544338940030435,69.06407767299571],[-32.54264435709996,69.06414899208772],[-32.54241693708471,69.06451910993093],[-32.54132446799396,69.06540203789075],[-32.54075365056038,69.06632949560417],[-32.54189979237661,69.06718568184355],[-32.543464765048974,69.06809531105431],[-32.541855120843536,69.06894252031316],[-32.543531844256414,69.06888458209056],[-32.54599754038019,69.06926803234661],[-32.547718810213404,69.069201185235],[-32.549667450163,69.06954454484512],[-32.551696443164396,69.06971844147924],[-32.55352899194789,69.06946423632702],[-32.555201212915875,69.06940186609445],[-32.556730570341884,69.06952225311286],[-32.55916979247406,69.06913428122974],[-32.560257817254225,69.06824691124129],[-32.560828505007954,69.06732391402332],[-32.56295551907592,69.06651679556603]]],"type":"Polygon"},"id":"000000000000000000ab","properties":{"area":465766.0038374128,"elevation":1678.2249472634965,"region":"SE","year":2019},"type":"Feature"},{"geometry":{"coordinates":[[[-32.41890881682878,69.13535641116763],[-32.417700248956045,69.13467860911234],[-32.41700918724497,69.13404092114754],[-32.41631796191338,69.13340327225883],[-32.41504270483727,69.13291279109511],[-32.41450315174274,69.13286826179414],[-32.41331700715988,69.13297079883978],[-32.41156919854169,69.13321605209143],[-32.411528941453106,69.13321599679038],[-32.40973632442778,69.13346130344982],[-32.40783243580194,69.13389380239163],[-32.40604421344483,69.13413904904858],[-32.40500528705198,69.13405876433578],[-32.404657432219395,69.13461171201],[-32.40378801760054,69.13512453478157],[-32.40344014399736,69.13568191084151],[-32.403092227654305,69.1362348564631],[-32.40274452022758,69.1367921896727],[-32.404300691378744,69.13691705909015],[-32.40620919308456,69.13648451414082],[-32.408113311697875,69.13605203295782],[-32.40944210489072,69.13654694566762],[-32.41065052641849,69.13722925083792],[-32.411974952404385,69.1377197242001],[-32.41336160460119,69.13724703021619],[-32.414748347253315,69.136774397142],[-32.41665681643624,69.13634633417061],[-32.41856093444444,69.1359137893367],[-32.41890881682878,69.13535641116763]]],"type":"Polygon"},"id":"000000000000000000ac","properties":{"area":207001.39550778051,"elevation":1859.7233625401234,"region":"SE","year":2019},"type":"Feature"},{"geometry":{"coordinates":[[[-33.238665309722485,68.94761040884384],[-33.238469249908235,68.94701734044074],[-33.23827745617861,68.94641980492136],[-33.2370512487743,68.94574653303279],[-33.23549949978727,68.94563060614091],[-33.23621286604952,68.94626821438368],[-33.235887386136405,68.9468256446517],[-33.23556634634926,68.94737856418227],[-33.234728073287286,68.94790019545547],[-33.233889726539516,68.94841746833575],[-33.23253409073349,68.94889461654179],[-33.23169584640259,68.94941630483883],[-33.22982299404811,68.94985337609883],[-33.227950120839814,68.95029477770224],[-33.22607733058793,68.95073622813842],[-33.22453008840471,68.95062028793956],[-33.22308969200268,68.95031708519929],[-33.22287564619163,68.95069166290041],[-33.22152018611401,68.95116881248211],[-33.221194701744935,68.95172613017247],[-33.2225279362202,68.95221221441962],[-33.22418670556122,68.95214531598779],[-33.225841051716536,68.95207396795591],[-33.22760695591175,68.9518198111226],[-33.229372633942425,68.95156567608574],[-33.231241006712075,68.95112422163507],[-33.23311376042947,68.95068270317536],[-33.233434921289565,68.95012531529045],[-33.234790416048895,68.94964820047265],[-33.23614602035991,68.9491666759428],[-33.236471530753946,68.9486092429204],[-33.2373098355021,68.94809195506792],[-33.238665309722485,68.94761040884384]]],"type":"Polygon"},"id":"000000000000000000ad","properties":{"area":131800.25626976718,"elevation":1325.7467950466419,"region":"SE","year":2019},"type":"Feature"},{"geometry":{"coordinates":[[[-33.43450011286708,68.9251811244956],[-33.43378668195861,68.92454796503377],[-33.432449102106276,68.92406192230484],[-33.43100419693326,68.92376311456657],[-33.42945698130162,68.92364719618551],[-33.427909806054835,68.92353573044093],[-33.426362435443906,68.92341982153995],[-33.42470799774501,68.92349116781294],[-33.4229512317771,68.92374974857161],[-33.42129691948669,68.92382112768604],[-33.42159998668994,68.92423135414991],[-33.42231360510847,68.92486456332804],[-33.42199681737502,68.92542193304197],[-33.42168035397497,68.92597933147442],[-33.420846506457806,68.92649657313106],[-33.42155982530296,68.92712975895797],[-33.42279501878411,68.92780304643487],[-33.4242353034025,68.92810183992371],[-33.42578273480988,68.92821334398633],[-33.427334446561275,68.92832929804324],[-33.4286677492743,68.92881532125791],[-33.429501532114855,68.92829803248013],[-33.43033540346215,68.92777634224396],[-33.43116925967263,68.92725911758649],[-33.43200325862566,68.92673737534429],[-33.4328324655041,68.92622011637991],[-33.434183588985,68.92573851907828],[-33.43450011286708,68.9251811244956]]],"type":"Polygon"},"id":"000000000000000000ae","properties":{"area":226007.99958293673,"elevation":1365.6329210155368,"region":"SE","year":2019},"type":"Feature"},{"geometry":{"coordinates":[[[-33.65338403576793,68.87482447213118],[-33.6532815701809,68.87404418086047],[-33.65266185610135,68.87322371020191],[-33.6515335397795,68.87237197211869],[-33.65019141455514,68.8718859371289],[-33.648443511933664,68.87118142831544],[-33.646383370050714,68.87102984907567],[-33.644113701229244,68.87125275504422],[-33.64164343100962,68.87184582336074],[-33.63978823813752,68.87132412828598],[-33.63731351277423,68.87192164361936],[-33.63586880934908,68.8725904459845],[-33.63339411131215,68.87318357131055],[-33.63194918449895,68.87385245271818],[-33.629991687902795,68.8744811489645],[-33.62802972576882,68.87511434111714],[-33.62761496824628,68.8758545165376],[-33.6289572204371,68.87634056797668],[-33.630807783415875,68.87686231649494],[-33.63266266786305,68.87738403156149],[-33.6347228378767,68.87753119520733],[-33.63668029064524,68.87786557904127],[-33.63874040949549,68.87801719628293],[-33.64090752394606,68.87798152080109],[-33.643070154500656,68.87794139607765],[-33.64533983455144,68.87772291082679],[-33.64781476728287,68.8771254053279],[-33.6495671800045,68.8768667261741],[-33.6510075368114,68.87619790551788],[-33.65296940686371,68.87556912665603],[-33.65338403576793,68.87482447213118]]],"type":"Polygon"},"id":"000000000000000000af","properties":{"area":570228.6001500484,"elevation":1484.3202174378075,"region":"SE","year":2019},"type":"Feature"},{"geometry":{"coordinates":[[[-33.46032284507455,68.93462555031749],[-33.45619368539137,68.93432229768247],[-33.45277802952854,68.9346522827383],[-33.45193532397641,68.93613717891118],[-33.44717305979839,68.93694870461988],[-33.44251321529246,68.93757302032655],[-33.43848671984414,68.93708250226823],[-33.43660938673781,68.93849603118036],[-33.43576221146731,68.93998086719529],[-33.43089284382305,68.94097525679989],[-33.426973166596326,68.94030194723379],[-33.4225231587209,68.94055165561561],[-33.41797043108279,68.94099311045967],[-33.4177562942778,68.94136321595853],[-33.41742627800154,68.94288818384696],[-33.420315792180354,68.94348569834546],[-33.424444939357286,68.94379337517917],[-33.429109271916936,68.94316916720537],[-33.43202091768606,68.94183138230034],[-33.43699731765363,68.94064970882924],[-33.44112650654703,68.94095739268197],[-33.444649168475664,68.94044018234972],[-33.44962549406141,68.93925855363752],[-33.45428526661966,68.93863427623694],[-33.45450369455975,68.93729654002387],[-33.45896283279836,68.93607475319808],[-33.46032284507455,68.93462555031749]]],"type":"Polygon"},"id":"000000000000000000b0","properties":{"area":514066.2916365296,"elevation":1396.8654250694178,"region":"SE","year":2019},"type":"Feature"},{"geometry":{"coordinates":[[[-33.1895661660837,69.00610489243377],[-33.18853166313736,69.00602906766092],[-33.18686852498167,69.00610042389492],[-33.184991279448305,69.00653746853597],[-33.18477716935354,69.00691200164042],[-33.18393438670303,69.00742924037607],[-33.18309156903409,69.00794647483828],[-33.18121444163029,69.00838797282528],[-33.180888766618466,69.00894086378689],[-33.18004614797775,69.00946258255128],[-33.179720544932636,69.01002001554524],[-33.17939515222135,69.01057293430675],[-33.17855244494351,69.01109464628254],[-33.17822666959394,69.0116475342065],[-33.17790119057036,69.01220492211806],[-33.17913200696787,69.01287824896681],[-33.18068369084445,69.01299425293165],[-33.18256116229495,69.01255722616808],[-33.18340381900249,69.01203996038872],[-33.184246467838186,69.01151821959935],[-33.18612831351926,69.01108129822194],[-33.18644934094235,69.01052388995234],[-33.187292189402754,69.01000663346628],[-33.18761762481342,69.00944918485082],[-33.187943186605864,69.00889180879868],[-33.18826873255311,69.00833443258614],[-33.18911146601406,69.00781716803097],[-33.18891518488469,69.0072196459594],[-33.18924068340444,69.0066622692764],[-33.1895661660837,69.00610489243377]]],"type":"Polygon"},"id":"000000000000000000b1","properties":{"area":183433.34635487583,"elevation":1466.246017389275,"region":"SE","year":2019},"type":"Feature"},{"geometry":{"coordinates":[[[-43.826470874691665,61.255692283841576],[-43.82572178856802,61.25531770324999],[-43.82495472255881,61.25530883215519],[-43.82419224643556,61.255299892171266],[-43.82344319558954,61.2549252967702],[-43.82269402500319,61.25455075262268],[-43.82194489689386,61.254171709698625],[-43.82117797093848,61.25416725083985],[-43.82041551910462,61.25415839776139],[-43.819639525641875,61.25433225925145],[-43.8188592547656,61.25469348998525],[-43.818096770225075,61.2546890012821],[-43.81732972286358,61.25468007559808],[-43.817316341612454,61.25505016348083],[-43.817298529526745,61.255415879245795],[-43.81766409871531,61.255790382381015],[-43.81843106095235,61.255794866405246],[-43.81919368233009,61.25580379203575],[-43.819960487049926,61.255812701438444],[-43.820709654444116,61.25618726849786],[-43.821467786814665,61.25637905746564],[-43.82223029045149,61.256387903134275],[-43.8229972683744,61.25639235446051],[-43.82375541931364,61.25658412752422],[-43.82451779200171,61.25659301230934],[-43.82528922485347,61.25641917572717],[-43.826069600884914,61.25605795155345],[-43.826470874691665,61.255692283841576]]],"type":"Polygon"},"id":"000000000000000000b2","properties":{"area":85595.28172357578,"elevation":1317.9192211055276,"region":"SE","year":2019},"type":"Feature"},{"geometry":{"coordinates":[[[-42.678916736364656,62.06606254673533],[-42.678586828698954,62.065317931764866],[-42.6770751749946,62.06454644805748],[-42.67602733994028,62.06441716806578],[-42.675996103652174,62.06478722757069],[-42.67514436670607,62.065509657292374],[-42.67468515547721,62.06624094743242],[-42.6746226388575,62.06698119108455],[-42.6749527466388,62.067725833166406],[-42.67331168122713,62.068434864070845],[-42.67196512523573,62.06888963826258],[-42.67037758713952,62.06904570081456],[-42.668767959809635,62.06938460522259],[-42.667193795075136,62.06935339019022],[-42.66688175324817,62.069848329610785],[-42.6668549672798,62.07016493019005],[-42.66800084655796,62.07055289001146],[-42.66956153253778,62.070771381678405],[-42.67120252005082,62.07006238835842],[-42.67246442499664,62.06953179528388],[-42.673806564563016,62.07003564500567],[-42.674627190148556,62.070053438765584],[-42.67507311772218,62.069451496494636],[-42.67551002323249,62.068961025419995],[-42.67715092741821,62.068252013172284],[-42.678787475681936,62.06754294657645],[-42.67885431720045,62.06680279155553],[-42.678916736364656,62.06606254673533]]],"type":"Polygon"},"id":"000000000000000000b3","properties":{"area":152117.8986808055,"elevation":652.6767172711087,"region":"SE","year":2019},"type":"Feature"},{"geometry":{"coordinates":[[[-42.82748961448218,62.09810564701856],[-42.82699016355052,62.09783812367347],[-42.82583518905831,62.097445736466],[-42.82466690468952,62.097240607713566],[-42.8234853154635,62.0972182674898],[-42.822834202432006,62.097097944393234],[-42.82164818924635,62.09707561082501],[-42.820711750530364,62.09735658200612],[-42.82004290747029,62.097414486089626],[-42.81910644577333,62.09769544431541],[-42.81792027378157,62.097673124829306],[-42.81672528534681,62.09783809582304],[-42.81604302969526,62.098083360082],[-42.81601184469656,62.0984534578962],[-42.816752043021374,62.09902424653802],[-42.81792034352449,62.09922934784723],[-42.81908851760459,62.09943449143916],[-42.820270324015056,62.099456824746916],[-42.820912402153944,62.099764465772985],[-42.82196019442154,62.09948799374534],[-42.822803134949154,62.09942557412977],[-42.82344067153775,62.09932749315727],[-42.8246224802225,62.099349779526904],[-42.825309150304335,62.0991000788147],[-42.826245435698105,62.09882358798383],[-42.82691432407612,62.09876117664592],[-42.82745841871247,62.098475802271004],[-42.82748961448218,62.09810564701856]]],"type":"Polygon"},"id":"000000000000000000b4","properties":{"area":128514.25755807797,"elevation":949.9408873991591,"region":"SE","year":2019},"type":"Feature"},{"geometry":{"coordinates":[[[-42.81419694503895,62.96843302570555],[-42.81341223226278,62.96804955265036],[-42.81263183907184,62.967661547120024],[-42.811847019279014,62.96727811978687],[-42.811062248497414,62.96689019206283],[-42.81149924000275,62.96652897129817],[-42.811940797565235,62.9661633425517],[-42.81197190484196,62.965793228589185],[-42.811155885753,62.96577985372597],[-42.81035764979531,62.96557918281139],[-42.80954163777525,62.96556579622886],[-42.80872576491554,62.965552464061446],[-42.80791416365649,62.965539094087084],[-42.807098154943596,62.96552568975932],[-42.80628203139975,62.965507838505616],[-42.805470571602434,62.96549451122547],[-42.8046545663166,62.96548108915184],[-42.80502908785669,62.965860173450814],[-42.8058451114258,62.96587347767775],[-42.80662995798959,62.96625700399634],[-42.80744143860593,62.96627032291874],[-42.808226285452186,62.966658334839515],[-42.809011043770305,62.96704178604519],[-42.809795821606826,62.96742523269096],[-42.810576318583166,62.96781320261972],[-42.81013916045301,62.9681743625904],[-42.80970224678759,62.96854002317241],[-42.810482515513,62.96892349510106],[-42.81128524630792,62.969124197659625],[-42.812127906393194,62.96876747688329],[-42.812944004209804,62.968780844748],[-42.8137601031288,62.96879420668589],[-42.81419694503895,62.96843302570555]]],"type":"Polygon"},"id":"000000000000000000b5","properties":{"area":75624.17915746423,"elevation":567.1091187299764,"region":"SE","year":2019},"type":"Feature"},{"geometry":{"coordinates":[[[-42.8162704737296,62.972923308619684],[-42.815467866887275,62.97272713851001],[-42.814656248628,62.97270926628197],[-42.813853658152894,62.97251308488216],[-42.813073287011335,62.972125131633625],[-42.812257386161306,62.97211177017838],[-42.81147246045983,62.97172832925096],[-42.81068772997494,62.971340333001464],[-42.809907398887226,62.970956856546685],[-42.8091225318113,62.970573401979266],[-42.8083243262487,62.97037277090111],[-42.80747717202119,62.970729438684806],[-42.80666116657011,62.97071609142187],[-42.80584502414869,62.97070267788707],[-42.80622420748549,62.97107724885606],[-42.80578265258979,62.97144292769371],[-42.80493985100722,62.97179960756227],[-42.80531445042284,62.97217870650762],[-42.806130492733615,62.97219206357899],[-42.80695978710052,62.97201814341596],[-42.807758025029905,62.97221878627587],[-42.8085428857914,62.97260675046943],[-42.80935879610067,62.97262013890283],[-42.81017029795286,62.97263349304341],[-42.810972983234315,62.97283414215975],[-42.811784630212706,62.97284754498899],[-42.81258733209419,62.97304818281863],[-42.81338537188454,62.97324440049691],[-42.8142014203535,62.97326219500141],[-42.81501749107068,62.97327560270227],[-42.81582900708672,62.973289031135536],[-42.8162704737296,62.972923308619684]]],"type":"Polygon"},"id":"000000000000000000b6","properties":{"area":78341.2155342149,"elevation":562.0471719716052,"region":"SE","year":2019},"type":"Feature"},{"geometry":{"coordinates":[[[-43.442007213064734,62.74416696472115],[-43.44196267719571,62.74376121575389],[-43.44118232739978,62.74323949051597],[-43.440005053819085,62.742668769911646],[-43.438908129219456,62.74228523974957],[-43.43806543199431,62.74244576854234],[-43.4368435417261,62.7426151899804],[-43.436366453560275,62.74262415362013],[-43.43514468648517,62.74279361617278],[-43.4339808219075,62.74313689584908],[-43.433508183415974,62.74314142192303],[-43.43228192449736,62.743315279184465],[-43.431925086179504,62.74366757687736],[-43.43148819867842,62.74422047930899],[-43.43024412212483,62.74476007036709],[-43.4305696856831,62.74496068635142],[-43.43177809505512,62.744974113219584],[-43.43299095100958,62.74499190486299],[-43.434203743389695,62.745005309450804],[-43.435037582489805,62.74500527229096],[-43.43590278258721,62.744831383535896],[-43.437115571581685,62.74484475648194],[-43.43832404322908,62.74486260134683],[-43.43955024894185,62.74469322021596],[-43.440714052547804,62.74434538999887],[-43.441548014913565,62.7443453637115],[-43.442007213064734,62.74416696472115]]],"type":"Polygon"},"id":"000000000000000000b7","properties":{"area":123697.73440297238,"elevation":766.2141829275313,"region":"SE","year":2019},"type":"Feature"},{"geometry":{"coordinates":[[[-42.03957981725028,63.33733448034042],[-42.03920528626831,63.33695539876008],[-42.038424847612085,63.33656305789214],[-42.03764012628015,63.33617505239224],[-42.03685972796519,63.33578270256723],[-42.03605264469524,63.33557751038665],[-42.03522776687164,63.335559707389535],[-42.03440288521234,63.335537446048804],[-42.033533181451176,63.33588972776841],[-42.032726257768594,63.33568457319777],[-42.03192352073838,63.335483916809714],[-42.03190125701618,63.335689061778055],[-42.03163373406116,63.33597440415382],[-42.03241852027247,63.336362396988015],[-42.03319887386368,63.33675477887888],[-42.03398356221801,63.3371427012411],[-42.03476395615066,63.33753507417593],[-42.035133980126105,63.33791411321698],[-42.035508625952545,63.33829760913888],[-42.03546410244196,63.33866772050024],[-42.036266665325975,63.33887280047618],[-42.03709609101133,63.33889065463697],[-42.03792105479787,63.33891301194042],[-42.038790510203185,63.33856068232803],[-42.03924537342649,63.33819954905859],[-42.0394905822486,63.338074694768366],[-42.039535205847564,63.337704529453056],[-42.03957981725028,63.33733448034042]]],"type":"Polygon"},"id":"000000000000000000b8","properties":{"area":91296.97191585416,"elevation":633.6237308146398,"region":"SE","year":2019},"type":"Feature"},{"geometry":{"coordinates":[[[-42.053625946612186,63.33555528581683],[-42.053483313729004,63.33523865891829],[-42.05313553268929,63.334672355870154],[-42.05319781115313,63.33411497484729],[-42.052020756400445,63.33353082043249],[-42.05084790949855,63.33294225418112],[-42.04967065833234,63.332358071963014],[-42.048453403225714,63.33214409235718],[-42.04757062212598,63.33175164856574],[-42.04701308046202,63.3318631182908],[-42.04694622791143,63.33242054548927],[-42.046883841155946,63.332977917518434],[-42.04806092223333,63.33356206956629],[-42.04906429567383,63.33406594652432],[-42.04902408524332,63.33441372651187],[-42.04897961770518,63.334806149111515],[-42.048092173318096,63.33530112070852],[-42.046790230860886,63.335827272561694],[-42.04548809615527,63.336353465332536],[-42.04464085132849,63.336522892790725],[-42.045198232638846,63.33684843411334],[-42.04554603880658,63.33741471567652],[-42.04672326042797,63.33799889738637],[-42.04786482946818,63.33771343400908],[-42.047860378812956,63.337338927348206],[-42.04709784476008,63.336763707310084],[-42.0467455589223,63.336197374623865],[-42.048052124741986,63.335671226274044],[-42.04935418206135,63.3351405543039],[-42.05053583590444,63.33479719751559],[-42.05158365705799,63.33531897748275],[-42.05277861660587,63.335720259087935],[-42.053625946612186,63.33555528581683]]],"type":"Polygon"},"id":"000000000000000000b9","properties":{"area":100229.53068517972,"elevation":634.9121435808366,"region":"SE","year":2019},"type":"Feature"},{"geometry":{"coordinates":[[[-43.657685014148434,62.74760937536606],[-43.657377391707186,62.74722146316691],[-43.656913693781476,62.74685583646691],[-43.6562001709957,62.746467926200346],[-43.65574532019539,62.746057699324446],[-43.65503177384458,62.7455716313457],[-43.65586128914907,62.745165836644404],[-43.65710538386396,62.74462182908155],[-43.65753785360266,62.7440733397972],[-43.657564666602504,62.74351594326034],[-43.657105400137105,62.74315032163494],[-43.65591032026367,62.74276686109686],[-43.65590135745789,62.74295413511457],[-43.65506756699313,62.74349812186497],[-43.654715222582865,62.74389941980884],[-43.6542827233455,62.74440773993353],[-43.653043108407935,62.74495176986309],[-43.651803499130985,62.74549135862404],[-43.650581742698144,62.74566523976392],[-43.65048806542347,62.74604871742287],[-43.650947343959956,62.74640994401625],[-43.652128993370646,62.74698069132768],[-43.65331506619375,62.74755142360556],[-43.654510150325216,62.74793497994179],[-43.65572300934879,62.74794833337241],[-43.656445377239166,62.74814902544699],[-43.6576582461904,62.748162357855946],[-43.657685014148434,62.74760937536606]]],"type":"Polygon"},"id":"000000000000000000ba","properties":{"area":116206.65777539476,"elevation":1470.025279503105,"region":"SE","year":2019},"type":"Feature"},{"geometry":{"coordinates":[[[-43.47962872020852,62.83477593547819],[-43.47916499558923,62.83455298597014],[-43.479182641367395,62.83422299086889],[-43.47920505890615,62.833852876019236],[-43.47882157257429,62.83347390309385],[-43.47805464311733,62.833108250712385],[-43.47811259057208,62.83290310471461],[-43.47730101623592,62.83288969804042],[-43.476805935349724,62.832885259538216],[-43.47603911715854,62.83251516269138],[-43.47521408773087,62.832689068669964],[-43.47559759354365,62.83306362001086],[-43.4756600746321,62.833242023569134],[-43.47604359249324,62.83361657475003],[-43.476021348247684,62.83399112437732],[-43.47518742166795,62.834347876398],[-43.474357939713165,62.834709001919265],[-43.47474152524512,62.83508805281651],[-43.47431333749777,62.835453730497846],[-43.47463892364311,62.835641022721944],[-43.47504463553971,62.83565438469039],[-43.4755084480787,62.83583722592916],[-43.4762976494863,62.83622064995874],[-43.4770960027354,62.83641241726767],[-43.47790750179606,62.83606011893421],[-43.47868329732024,62.83588620927378],[-43.47914699074773,62.83606909128284],[-43.47956176166486,62.835886293734085],[-43.47958403733377,62.83551611522305],[-43.479606306872,62.83514605269786],[-43.47962872020852,62.83477593547819]]],"type":"Polygon"},"id":"000000000000000000bb","properties":{"area":79714.97718157724,"elevation":1152.237082616958,"region":"SE","year":2019},"type":"Feature"},{"geometry":{"coordinates":[[[-42.001365290406035,63.53376226339991],[-42.00097288566241,63.53356610881191],[-42.00057599965519,63.53337435089555],[-42.0001836051087,63.53317819403068],[-41.99978672951293,63.53298197595944],[-41.999372017216544,63.53297303791999],[-41.998957444199995,63.53296415992394],[-41.99853824696728,63.532950700912465],[-41.998123524608076,63.532941873836045],[-41.997731163258386,63.53274559351076],[-41.99733429776156,63.532553940692175],[-41.99691959347599,63.53254053593361],[-41.99648268250054,63.5327188693495],[-41.99604113109627,63.53289273718734],[-41.9956264110923,63.53288390105291],[-41.995211702755284,63.53287494792282],[-41.99477477867539,63.533048817389],[-41.99433335127173,63.533227198433885],[-41.99389626730311,63.53340111889197],[-41.993459327515104,63.53357944180141],[-41.9934369526596,63.53376232040821],[-41.9938293093124,63.5339585012482],[-41.99422630755976,63.53415468731861],[-41.99464103254249,63.53416364403294],[-41.99507797332833,63.533989773831664],[-41.99551940773578,63.53381138905565],[-41.995933989182866,63.53382473738673],[-41.99632650304997,63.53401651336035],[-41.99672337991039,63.534212629222125],[-41.99711575302796,63.534408914726804],[-41.99753498090919,63.53441780563571],[-41.99797191000381,63.53424392415159],[-41.9983864996637,63.534252805730695],[-41.99880122860724,63.53426174735479],[-41.99922045555149,63.53427063208239],[-41.99963518526367,63.53427957068147],[-42.00007210124199,63.534105681369205],[-42.00051364888358,63.53393179669371],[-42.000928235936165,63.53394066905353],[-42.00134296227601,63.53394960145514],[-42.001365290406035,63.53376226339991]]],"type":"Polygon"},"id":"000000000000000000bc","properties":{"area":50265.581196451945,"elevation":481.60834101709355,"region":"SE","year":2019},"type":"Feature"},{"geometry":{"coordinates":[[[-42.289454513113746,63.46906077323164],[-42.28903971380147,63.4690518267771],[-42.28860279261973,63.46923021009144],[-42.28817016401854,63.46940412364508],[-42.28773323304298,63.469582504050514],[-42.287300785761786,63.46976081633078],[-42.28688611753511,63.469751923209195],[-42.28648924605954,63.469555709416596],[-42.286092271730325,63.46936400466398],[-42.28569989904674,63.46916772194788],[-42.28530303276628,63.46897162016049],[-42.28488823714818,63.46896265861316],[-42.28445129454667,63.46914102600602],[-42.284036636370125,63.46913212253545],[-42.28363979180932,63.468935899502604],[-42.283247332463546,63.468744118986514],[-42.28283268035155,63.468735211144995],[-42.28241802860807,63.46872630179651],[-42.28199874955209,63.4687173962189],[-42.281980926495876,63.4689047137961],[-42.28196321180792,63.469087521399665],[-42.281940909904115,63.46927479038602],[-42.28233770662147,63.46946656385088],[-42.28273469866234,63.46966273776796],[-42.28312706799876,63.46985891585001],[-42.28352387991194,63.47005068583576],[-42.283920737927225,63.470246910581054],[-42.284313122539494,63.47044308524616],[-42.28470994964871,63.47063485175306],[-42.28512462845865,63.47064375279495],[-42.285561588878174,63.47046538111129],[-42.28597626591669,63.47047427905575],[-42.286373145695386,63.47067049571959],[-42.28676555199741,63.4708666623994],[-42.28718037438424,63.47087561714531],[-42.28759505791485,63.47088450921121],[-42.28801422045158,63.47089344854699],[-42.28844667986993,63.47071513227713],[-42.28888362314819,63.47053674785301],[-42.28890144722799,63.47035388336524],[-42.2889193685117,63.47016662433069],[-42.2889416288402,63.4699793530816],[-42.288959452187974,63.469796489217096],[-42.28939651874453,63.46961816506289],[-42.289414297283734,63.469430845644204],[-42.28943659585449,63.469248031057404],[-42.289454513113746,63.46906077323164]]],"type":"Polygon"},"id":"000000000000000000bd","properties":{"area":52076.95349176769,"elevation":1260.819543752128,"region":"SE","year":2019},"type":"Feature"},{"geometry":{"coordinates":[[[-43.12424264471534,62.996828573183585],[-43.123872560367786,62.9962667477086],[-43.122187172609,62.99698464507926],[-43.120501563046886,62.997702575962506],[-43.118856066346304,62.9978630825102],[-43.11727772508189,62.997096124057755],[-43.11565008477791,62.997073797557945],[-43.114071434003414,62.99630684825617],[-43.11246627606451,62.99590998090203],[-43.110861014381676,62.99551314677855],[-43.109255669173635,62.99512072729015],[-43.107623703552775,62.99509400181446],[-43.105978275387926,62.995254547386054],[-43.10633498857228,62.996003674023626],[-43.107909021151684,62.99677059898837],[-43.10908175418673,62.99752867646712],[-43.11025000496917,62.99829116547601],[-43.111828519541035,62.999058118430995],[-43.113420391452166,62.99963780697204],[-43.1150792805423,62.99929001693189],[-43.11669790587226,62.99949960922223],[-43.11834335913207,62.99933907233358],[-43.12000219670074,62.99899570722163],[-43.121687602777826,62.99827777277943],[-43.12255723468607,62.997546478801276],[-43.12424264471534,62.996828573183585]]],"type":"Polygon"},"id":"000000000000000000be","properties":{"area":222344.1435105429,"elevation":1046.7644272390185,"region":"SE","year":2019},"type":"Feature"},{"geometry":{"coordinates":[[[-42.57337421521754,63.36845896399252],[-42.572995355391136,63.36807992911024],[-42.57220153925932,63.36769202418691],[-42.57141230004181,63.3673084896556],[-42.5706185242685,63.366920575448155],[-42.569824917173925,63.36653260195868],[-42.56943257724479,63.36631859261006],[-42.5701102565793,63.36603765179683],[-42.57014596753336,63.365667538704116],[-42.57017720386264,63.36529750415857],[-42.569802598949806,63.364918497496674],[-42.56958861636566,63.364668768575505],[-42.56919159097553,63.36447252162686],[-42.569026803813124,63.3643432115133],[-42.568647611828005,63.36396422010595],[-42.567818304037765,63.36395085469065],[-42.56699338889043,63.36393295295411],[-42.56616393516793,63.36391963009909],[-42.56533916205259,63.36390177715359],[-42.5644917124823,63.36407123906469],[-42.563631232580086,63.364427934230996],[-42.56361344956914,63.36461524507783],[-42.563778363327714,63.364744508693995],[-42.56415735534477,63.36512357295342],[-42.56453635667302,63.36550263682455],[-42.56536585126177,63.36551597156205],[-42.56615505784224,63.3659038814214],[-42.56698434999351,63.365921766364515],[-42.56777811905391,63.36630519631079],[-42.5685673680969,63.36669320662432],[-42.56939683257642,63.36671101937437],[-42.570185973727355,63.36709895856882],[-42.57097966577881,63.36748242343341],[-42.57177346058489,63.36787033643301],[-42.57256280153476,63.36825832257302],[-42.57252711592606,63.36862844236231],[-42.57337421521754,63.36845896399252]]],"type":"Polygon"},"id":"000000000000000000bf","properties":{"area":79834.93930587682,"elevation":1153.8757974752275,"region":"SE","year":2019},"type":"Feature"},{"geometry":{"coordinates":[[[-43.27612421267397,63.07122871362182],[-43.27572737315407,63.071036945095614],[-43.27533043619773,63.070849614323556],[-43.274933600128655,63.07065795869629],[-43.27453677535902,63.07046618666162],[-43.274139955525,63.0702744134595],[-43.27374299481139,63.070082694523336],[-43.27334618484868,63.06989091898588],[-43.27293588055263,63.06988647281116],[-43.272525576454285,63.069882025142604],[-43.272115521194884,63.0698730816575],[-43.27170964224405,63.06986864123796],[-43.27129933879648,63.06986418910495],[-43.270875772668894,63.070042571657524],[-43.270456669274246,63.0702253465919],[-43.27044325786252,63.0704082385908],[-43.270840201797846,63.07059996958853],[-43.27082683525332,63.0707872455626],[-43.27040753933522,63.070965577919935],[-43.26998395327228,63.07114395844243],[-43.26997500621905,63.0713312452934],[-43.26996163412188,63.071518522068615],[-43.26994836499175,63.07170136012802],[-43.27035858903836,63.07171025612696],[-43.270764345644395,63.07171475684669],[-43.27116116867507,63.07190642849804],[-43.271571498912024,63.0719108811383],[-43.27198168352014,63.07191538771638],[-43.27239201415354,63.071919837369315],[-43.272797671434695,63.07192876972006],[-43.273194649493675,63.07212049425607],[-43.27359144983494,63.07230777428746],[-43.27400168360283,63.07231665704361],[-43.27442522020477,63.07213387654972],[-43.274844509755575,63.071955527903356],[-43.275268080103295,63.071777128205234],[-43.27568717724185,63.0715943335464],[-43.27611087747548,63.07141599092484],[-43.27612421267397,63.07122871362182]]],"type":"Polygon"},"id":"000000000000000000c0","properties":{"area":58416.28210349158,"elevation":1680.4693083748632,"region":"SE","year":2019},"type":"Feature"},{"geometry":{"coordinates":[[[-42.33104000970679,63.569158603211704],[-42.33064306542315,63.56896692057038],[-42.3302284993746,63.568957986574524],[-42.32980929074307,63.56894905834512],[-42.32941245946726,63.56875285867491],[-42.329015680822465,63.568561116429194],[-42.32861871001923,63.56836496882738],[-42.32819951044857,63.568356034708074],[-42.327762567560406,63.56853436102089],[-42.327330065595916,63.56870827450661],[-42.32689296307341,63.56888665229959],[-42.32647389716139,63.568877773011785],[-42.32607699638704,63.56868595922171],[-42.325680193429974,63.56848974684282],[-42.32528324583271,63.56829358768972],[-42.324886500072644,63.56810183156965],[-42.3244673063312,63.56809288378156],[-42.32444948577709,63.56827580197291],[-42.32484642757398,63.568471964013426],[-42.32524322472938,63.56866817927871],[-42.32522541845151,63.56885098267622],[-42.32478830232246,63.5690293526318],[-42.32435133104348,63.5692076667468],[-42.32433365883426,63.56939053178735],[-42.32473046432379,63.56958674990329],[-42.325127274978904,63.56978296686282],[-42.32552419365624,63.56997466966005],[-42.32592101458559,63.57017088430102],[-42.32631784068068,63.57036709778546],[-42.3267147746268,63.57055879709089],[-42.327115964639106,63.57075499432278],[-42.32751275895924,63.57094674566922],[-42.327909605632314,63.57114295450138],[-42.32832448938357,63.571151903696254],[-42.32876132699349,63.570973511126695],[-42.32919844921768,63.57079512386888],[-42.32961768269263,63.5708040543581],[-42.33003227330734,63.57081299058986],[-42.33005005237979,63.570630184342164],[-42.33007242678015,63.57044291238531],[-42.33050939442136,63.57026445959048],[-42.33094189143919,63.57009064797283],[-42.33096412019158,63.56990331532183],[-42.33098213490617,63.56971605811631],[-42.3309999075693,63.569533252964206],[-42.33102213549819,63.569345920941444],[-42.33104000970679,63.569158603211704]]],"type":"Polygon"},"id":"000000000000000000c1","properties":{"area":69284.99029771295,"elevation":1385.7468165947832,"region":"SE","year":2019},"type":"Feature"},{"geometry":{"coordinates":[[[-40.91660420495716,64.59170189369712],[-40.91626084344079,64.59113107681719],[-40.91542705234701,64.5909170797583],[-40.914187509073926,64.59050239234645],[-40.91282739368645,64.59083680224616],[-40.91161897401954,64.59023928930708],[-40.91041061586997,64.58963733392294],[-40.90917103383439,64.58922708080215],[-40.909509895279164,64.58979782094764],[-40.91028574742533,64.59038641033467],[-40.91149414431088,64.59098393744351],[-40.91227007922484,64.59156808536298],[-40.91087429558765,64.592085351828],[-40.90947859473022,64.59260709851506],[-40.90811864613719,64.59293703721602],[-40.906754143596494,64.59327146936523],[-40.90622792229539,64.59381544892977],[-40.90706621706858,64.59402955353119],[-40.908332731593504,64.59425694449618],[-40.9095722108335,64.59466720595172],[-40.91090549223776,64.59452002553121],[-40.91223889246675,64.59437732535879],[-40.913630119742976,64.5938556178948],[-40.915025786496706,64.59333836682532],[-40.915984375240555,64.59280770680374],[-40.91651071347653,64.59225926618805],[-40.91660420495716,64.59170189369712]]],"type":"Polygon"},"id":"000000000000000000c2","properties":{"area":139030.20241240613,"elevation":782.3939306811651,"region":"SE","year":2019},"type":"Feature"},{"geometry":{"coordinates":[[[-41.62988664022674,64.41249060458107],[-41.629507502987,64.41210715245724],[-41.62955664734733,64.41173700011738],[-41.62961001257072,64.4113624875788],[-41.62965905779945,64.41098790986354],[-41.628847619932614,64.41059546593145],[-41.6280359525094,64.41019864408307],[-41.62808958494943,64.40982850834828],[-41.62722887681257,64.4098062564698],[-41.62636385229091,64.4097839322523],[-41.62552986074035,64.40957435618506],[-41.624615882679485,64.40992665472245],[-41.623706215187845,64.41027889700017],[-41.62284102710364,64.41025660059603],[-41.62200734722244,64.41004700753292],[-41.621169050841026,64.40983744999986],[-41.621119901483524,64.41021202223948],[-41.621498904346296,64.41059549797231],[-41.622359626513195,64.4106177918128],[-41.62322452697252,64.4106400831997],[-41.62403172455625,64.41103244643635],[-41.6248699214227,64.41124203845486],[-41.62573066741718,64.41126430762002],[-41.62656902614184,64.41147395002243],[-41.62738046907523,64.41186629551765],[-41.62818760202074,64.4122586862416],[-41.62905270116697,64.4122809970637],[-41.62988664022674,64.41249060458107]]],"type":"Polygon"},"id":"000000000000000000c3","properties":{"area":62042.79391047759,"elevation":635.7807844506518,"region":"SE","year":2019},"type":"Feature"},{"geometry":{"coordinates":[[[-41.915884399458555,64.576683633062],[-41.91549648571091,64.57630013351165],[-41.9146758617557,64.57590770128078],[-41.913855403526654,64.57551532609287],[-41.913034967471475,64.57512294594804],[-41.91221455358968,64.57473056084656],[-41.91139403548731,64.57433362435343],[-41.91057351044333,64.57394128351532],[-41.90974866371514,64.57354888212738],[-41.90892803955684,64.57315646933577],[-41.9080409168984,64.57332145919862],[-41.907171205979296,64.57330360203089],[-41.90630615759545,64.57328131762168],[-41.90625702861035,64.57365588508874],[-41.90621255346701,64.57403040067796],[-41.90616358329468,64.57440054717216],[-41.90655150454353,64.57478401983994],[-41.90739422205262,64.57498918931621],[-41.90830842827375,64.5746368948889],[-41.90915099400361,64.57484647408974],[-41.90997166757228,64.57523888866076],[-41.91079656395397,64.57563129181867],[-41.91161698276227,64.57602368860442],[-41.912437423745615,64.57641608043356],[-41.91325788690453,64.57680846730577],[-41.91407835549438,64.57720533371834],[-41.91497022597963,64.57703587361064],[-41.91583524102604,64.57705814882941],[-41.915884399458555,64.576683633062]]],"type":"Polygon"},"id":"000000000000000000c4","properties":{"area":79251.74404614157,"elevation":1663.7905240293237,"region":"SE","year":2019},"type":"Feature"},{"geometry":{"coordinates":[[[-35.351427711797356,66.83564192372353],[-35.35064283824373,66.835209392621],[-35.349862496897366,66.83477243097902],[-35.34891726523391,66.83470995571912],[-35.34813684167498,66.83427744715067],[-35.347196013866494,66.8342149962984],[-35.34633092087952,66.83396528521557],[-35.34538993326519,66.83390286704599],[-35.34452487074748,66.83365314386094],[-35.34366438336115,66.83340340627497],[-35.3427235652814,66.83334103872153],[-35.34256289724531,66.8337111409024],[-35.342402412636396,66.83408573083075],[-35.342709972414866,66.83448700128089],[-35.34349486164808,66.83491953507264],[-35.343334381245334,66.83529412759147],[-35.344114746652075,66.83572666709063],[-35.3449797323493,66.83597632394662],[-35.34584031556281,66.836226053979],[-35.34670542312568,66.83647135226263],[-35.34764618980661,66.83653373623758],[-35.34858715219495,66.83660060080159],[-35.34953244865292,66.83666307824585],[-35.35047337271334,66.83672551170838],[-35.35141872366817,66.83678785917198],[-35.35110662425848,66.83638657091403],[-35.35126701736512,66.83601650174398],[-35.351427711797356,66.83564192372353]]],"type":"Polygon"},"id":"000000000000000000c5","properties":{"area":88310.35454100872,"elevation":1520.0070493862172,"region":"SE","year":2019},"type":"Feature"},{"geometry":{"coordinates":[[[-35.506657936873886,66.89481863373311],[-35.505868743291295,66.8943861212423],[-35.506024719617464,66.8940115475324],[-35.50523981202728,66.89357899367155],[-35.50445067915325,66.89314647371431],[-35.50358555352477,66.89289676210186],[-35.50272034287851,66.892651508695],[-35.50185100114883,66.89240182381981],[-35.50090553900559,66.89233940812579],[-35.499960262628925,66.8922769393423],[-35.499014951917154,66.8922145797943],[-35.49933155313413,66.89262032486812],[-35.49917102933895,66.89299043990503],[-35.499487565466225,66.89339176770555],[-35.49979979679591,66.89379748109428],[-35.50058900258342,66.89423010088345],[-35.501378275735945,66.89466260005199],[-35.50074509857712,66.89500142963034],[-35.50106171642448,66.89540728975864],[-35.50184646178972,66.89583980164345],[-35.502791733671714,66.89590218613212],[-35.50366143858129,66.8961474724107],[-35.504606550345734,66.89620988971352],[-35.50570805672857,66.89590216601071],[-35.506341200670505,66.89556331153291],[-35.50649731699487,66.89518880583985],[-35.506657936873886,66.89481863373311]]],"type":"Polygon"},"id":"000000000000000000c6","properties":{"area":92839.09067134515,"elevation":1634.199118465821,"region":"SE","year":2019},"type":"Feature"},{"geometry":{"coordinates":[[[-36.327096784354694,66.69872523740828],[-36.32653494796331,66.69819901233613],[-36.32674444355477,66.69766393727585],[-36.326659674275945,66.69736965919272],[-36.325464787533846,66.69672309390323],[-36.3242696793181,66.69608095657858],[-36.3241716374624,66.69560389323279],[-36.32396205611517,66.69549237728259],[-36.32306128202619,66.69542992380603],[-36.32188414580757,66.69479672455856],[-36.320475089445544,66.6947120063138],[-36.31891883570281,66.69499742935024],[-36.31736709756795,66.69528279118079],[-36.315957867273525,66.69519807045893],[-36.315101695694715,66.69543884517434],[-36.3150260529124,66.69563504624367],[-36.31489667839774,66.6959739252537],[-36.315520874340805,66.69633513559788],[-36.31557884713271,66.69669634575763],[-36.31647958433642,66.69685239967349],[-36.317674557103736,66.6974944963091],[-36.31886976349714,66.69814111185934],[-36.319435985667205,66.69864498126856],[-36.319221970975335,66.69920239074335],[-36.31977484223555,66.69952786306237],[-36.321184144216296,66.69961258825833],[-36.32266444903936,66.69950998412799],[-36.32344922212976,66.69945649444138],[-36.32507241050903,66.69898387692],[-36.32631203352417,66.69877874904412],[-36.327096784354694,66.69872523740828]]],"type":"Polygon"},"id":"000000000000000000c7","properties":{"area":186112.02945314322,"elevation":1336.590131401488,"region":"SE","year":2019},"type":"Feature"},{"geometry":{"coordinates":[[[-38.102398691816944,66.19153819730943],[-38.10199290661594,66.19132860639108],[-38.101587127762016,66.19111901428779],[-38.10164052664508,66.19093615590036],[-38.10169866648329,66.19074889656652],[-38.10129289832627,66.1905393039084],[-38.101346283925906,66.19035201654677],[-38.1014044242907,66.19016475776965],[-38.101462250623236,66.1899774816777],[-38.10151578988821,66.1897946911273],[-38.101056509253866,66.18977231828787],[-38.100592758583915,66.18975004919247],[-38.10018701381667,66.18954045360951],[-38.09978110437395,66.18933090637101],[-38.09932197637106,66.1893085941216],[-38.09885823625938,66.18928631859039],[-38.09839879731157,66.18926398551967],[-38.09788164030932,66.18942456232443],[-38.09736434883808,66.1895894996724],[-38.09730632514933,66.18977682330981],[-38.097252913938185,66.18996410871928],[-38.09719491746893,66.19015131609687],[-38.097141491453016,66.19033417223136],[-38.097083464458514,66.1905214963306],[-38.0974891974995,66.19073110281471],[-38.0978949657633,66.19094059162124],[-38.09783694230114,66.19112791648386],[-38.09778353154518,66.19131520309723],[-38.098189297201934,66.19152026182117],[-38.09859505363219,66.19172986538058],[-38.09900081640971,66.19193946775519],[-38.0994065855346,66.19214906894496],[-38.09986593166031,66.19217133126584],[-38.100329721572166,66.19219360297312],[-38.10078889888789,66.19221591143929],[-38.10130623681702,66.19205538761813],[-38.10182355523222,66.19189043227495],[-38.10234072573594,66.19172540798783],[-38.102398691816944,66.19153819730943]]],"type":"Polygon"},"id":"000000000000000000c8","properties":{"area":53895.01391669187,"elevation":474.6432243606645,"region":"SE","year":2019},"type":"Feature"},{"geometry":{"coordinates":[[[-36.261062081766354,66.73756399596954],[-36.260665003000284,66.7373454732073],[-36.26026827278214,66.73713143206069],[-36.2598713719128,66.73691743694435],[-36.25946996512358,66.73670336527844],[-36.25900171959062,66.73667662747734],[-36.2584577162831,66.7368326803483],[-36.257913847077006,66.7369888002112],[-36.25737422949934,66.73714931582447],[-36.25683020903065,66.73730536221414],[-36.256286182865736,66.73746140643591],[-36.255742290799255,66.73761751765201],[-36.25520265007952,66.73777802470194],[-36.25472999785957,66.7377468041861],[-36.25426174388837,66.73772004912043],[-36.25371783723396,66.73787615204468],[-36.253173808814,66.73803664439787],[-36.2531070249506,66.73821054828102],[-36.25278589935722,66.73830417829684],[-36.25224197394654,66.7384602754547],[-36.25217056375879,66.73864753294629],[-36.252099268760546,66.73883039891749],[-36.25202330630476,66.73901769721061],[-36.252496128331416,66.73904441973595],[-36.253040064571486,66.73888832110289],[-36.253508182827794,66.73891958848522],[-36.25398100616191,66.73894630553622],[-36.2544491035589,66.73897310870319],[-36.25492177654189,66.73900433019965],[-36.25538991424528,66.73903101361327],[-36.255862590307494,66.73906223163449],[-36.256330870717015,66.73908898076853],[-36.256803525549095,66.73911573454251],[-36.25708889037718,66.73903554526908],[-36.25712017278773,66.73903551737648],[-36.2575883399147,66.73906665352399],[-36.25813236854729,66.73890614195393],[-36.25838635509311,66.73883483041385],[-36.25882790453737,66.73886155777998],[-36.25937192307204,66.73870104116958],[-36.25991596055711,66.73854498315542],[-36.260459992344785,66.73838892297337],[-36.26052673043421,66.7382150155684],[-36.26084783357701,66.73812136646427],[-36.260919183300615,66.73793410501672],[-36.2609907091424,66.73774679650032],[-36.261062081766354,66.73756399596954]]],"type":"Polygon"},"id":"000000000000000000c9","properties":{"area":63990.530610535,"elevation":1437.6399711799588,"region":"SE","year":2019},"type":"Feature"},{"geometry":{"coordinates":[[[-41.17619980697553,65.17189336477514],[-41.175370342271655,65.17149651412983],[-41.17542830971343,65.17112193159079],[-41.17548627551921,65.17074734970122],[-41.17459887801813,65.17072507696945],[-41.173769603694375,65.17032371943166],[-41.172940058541485,65.16992690810409],[-41.172110696779434,65.16953003836112],[-41.171254626696594,65.1693159639921],[-41.17036725456821,65.16928921561284],[-41.16941742688923,65.16964151564534],[-41.168530048138535,65.16961475374727],[-41.16766956145358,65.16940068751862],[-41.16681323653971,65.16919113282704],[-41.16586350761285,65.16953890703118],[-41.16491818501768,65.1698867572512],[-41.163968412099415,65.17023451788697],[-41.16391044394624,65.17060915702758],[-41.16296063595081,65.17095691108267],[-41.16334866538337,65.17134491009638],[-41.16284468402326,65.17170607530622],[-41.163259497690994,65.17190671376474],[-41.16411556864944,65.17211628644105],[-41.16494504732556,65.17251316283308],[-41.165774269156444,65.17291446901807],[-41.16663053483194,65.17312408774767],[-41.16749113817186,65.17333804831463],[-41.168320540307846,65.17373495684504],[-41.169149820950985,65.17413179724849],[-41.17006850268664,65.1739712717463],[-41.17101388771589,65.17362349053234],[-41.17196369510841,65.17327566869223],[-41.1729088914609,65.17292781089954],[-41.17385879961933,65.17258003856998],[-41.174804070666084,65.17222778581761],[-41.1757226655858,65.17206721911745],[-41.17619980697553,65.17189336477514]]],"type":"Polygon"},"id":"000000000000000000ca","properties":{"area":217841.73839937538,"elevation":220.66076941926002,"region":"SE","year":2019},"type":"Feature"},{"geometry":{"coordinates":[[[-41.551094137252896,65.03682271099079],[-41.55070631068774,65.03643920351949],[-41.550759772654,65.03606461452945],[-41.549930445582326,65.03566779949013],[-41.54998391581783,65.03529321222813],[-41.549154401696356,65.03490082563872],[-41.54827149571653,65.03487852413078],[-41.547384167579445,65.03485626373742],[-41.54647458435129,65.03501674662238],[-41.54686241865538,65.03540470657427],[-41.546808983490976,65.0357747977681],[-41.546755471518836,65.03614938465809],[-41.54626059231761,65.03651059702732],[-41.54532411024064,65.03686286187846],[-41.54438760619359,65.03721512012001],[-41.54389268022797,65.03757632479616],[-41.54472213287732,65.03797313152478],[-41.54466866504666,65.03834322654193],[-41.545551594829575,65.03837004962298],[-41.5464390271019,65.03839232353903],[-41.5472949775789,65.03860192563803],[-41.54817784989175,65.03862417171968],[-41.549087613352356,65.03845917760842],[-41.549555813091665,65.03828086752323],[-41.550050683560535,65.03791963848421],[-41.55054568683045,65.03755847067423],[-41.5510451025129,65.03719725376324],[-41.551094137252896,65.03682271099079]]],"type":"Polygon"},"id":"000000000000000000cb","properties":{"area":92843.15254027616,"elevation":1322.6921919604963,"region":"SE","year":2019},"type":"Feature"},{"geometry":{"coordinates":[[[-36.61124400777907,66.689829320686],[-36.611052336651156,66.68905790699792],[-36.60930873010889,66.68857630031347],[-36.6074314978626,66.68846486277435],[-36.60568800665942,66.6879832069305],[-36.604015812582375,66.68731434922314],[-36.60200034614471,66.68757746360868],[-36.5999804810161,66.6878405521179],[-36.599842178712095,66.6882106738279],[-36.59862474871912,66.68890181257589],[-36.59740757551772,66.68959296308526],[-36.595249298547664,66.69022617133184],[-36.59309107007939,66.69085941421699],[-36.59187367868931,66.69155051871967],[-36.591124601675375,66.69226846327417],[-36.59186036567549,66.6928793265883],[-36.59373767207946,66.69299080683273],[-36.59561937019034,66.6931022543518],[-36.597496605619845,66.69320933626484],[-36.59937848991492,66.69332079717148],[-36.601398453696945,66.69305768855993],[-36.60334692439182,66.69298189442897],[-36.60543388429857,66.69253149933785],[-36.60759208520177,66.69189834769587],[-36.608809272601526,66.6912071650046],[-36.61049486620886,66.69054721086587],[-36.61124400777907,66.689829320686]]],"type":"Polygon"},"id":"000000000000000000cc","properties":{"area":368203.4776606746,"elevation":1107.1383639282735,"region":"SE","year":2019},"type":"Feature"},{"geometry":{"coordinates":[[[-36.61549814894718,66.69388265096407],[-36.6145571968311,66.69382915603691],[-36.612938511626076,66.69430182615721],[-36.611529422072124,66.69422156070067],[-36.60998214080973,66.69451141948932],[-36.60836343259672,66.69498849338184],[-36.6068831242907,66.6950910882209],[-36.605473947580336,66.69500629667597],[-36.60392217087703,66.6952962058284],[-36.60230346941248,66.69577327449637],[-36.60075631100855,66.69606316251503],[-36.599275762286496,66.6961657181834],[-36.59772855869257,66.69645557049189],[-36.59610983924981,66.69693263307916],[-36.59462938031029,66.6970352046855],[-36.59301086267914,66.69751236737473],[-36.593412053404954,66.69772636165945],[-36.59489255111083,66.697623803519],[-36.596373042223995,66.69752122840312],[-36.597848899790336,66.69741422961329],[-36.59932934159491,66.69731173698452],[-36.60080981268181,66.69720911099994],[-36.60229024130227,66.6971065844217],[-36.603770581353444,66.69699958136952],[-36.60538927837394,66.69652688248199],[-36.6070079819513,66.69604977367115],[-36.608483973484134,66.69594718218899],[-36.609964385367945,66.69584017750117],[-36.61158298214547,66.69536301303708],[-36.613201574601625,66.69489040521702],[-36.61482020814859,66.69441327112267],[-36.61549814894718,66.69388265096407]]],"type":"Polygon"},"id":"000000000000000000cd","properties":{"area":113676.59642407905,"elevation":1099.9143069123284,"region":"SE","year":2019},"type":"Feature"},{"geometry":{"coordinates":[[[-36.71536853747218,66.70043754606465],[-36.71477105898395,66.69945205702531],[-36.71417344620762,66.69846661594627],[-36.7140441593708,66.69750790203764],[-36.713914879601845,66.69654919108503],[-36.714730993189285,66.6956439842338],[-36.7141333164271,66.69465848653084],[-36.7140041409509,66.69370424420397],[-36.71387469608337,66.69274559336627],[-36.71213119047745,66.69226396258972],[-36.7099863645598,66.69156838471251],[-36.70984820253652,66.69194292397987],[-36.70997764254042,66.69290164609119],[-36.7077523700998,66.69372212415745],[-36.70741351680872,66.69465410510756],[-36.70565658120133,66.69550132411617],[-36.70531780742753,66.69643325825677],[-36.70638349051999,66.69744544406377],[-36.70509923026354,66.69832393765896],[-36.7047558846365,66.69925582003239],[-36.70347607603547,66.70012985667344],[-36.70313278976535,66.70106180979074],[-36.7027894780873,66.70199376516906],[-36.704327857407925,66.70303267512736],[-36.70681598134006,66.70279635714593],[-36.70890271777076,66.70234600991003],[-36.70924614578311,66.70141405962238],[-36.71193951421467,66.70062038596647],[-36.71436078451862,66.70056679340999],[-36.71536853747218,66.70043754606465]]],"type":"Polygon"},"id":"000000000000000000ce","properties":{"area":409869.7998561505,"elevation":1064.209572534732,"region":"SE","year":2019},"type":"Feature"},{"geometry":{"coordinates":[[[-40.23777742063907,65.57437179065678],[-40.2373672964818,65.57417115630531],[-40.23740287347193,65.57398391029243],[-40.23743861392457,65.57379661218607],[-40.23747871181748,65.57360925009051],[-40.237514287245304,65.57342200451976],[-40.23706393427596,65.57340866740313],[-40.23661355922278,65.57339081123189],[-40.236198955314855,65.57319017352175],[-40.235748462831125,65.5731767672472],[-40.23529823752576,65.57315897054566],[-40.23484774646318,65.5731455609545],[-40.23439737819339,65.57312769662451],[-40.23394253068732,65.57311434772697],[-40.233492308506186,65.57309654437937],[-40.23304182029146,65.57308312813846],[-40.233006216169265,65.57327037227573],[-40.23296606746381,65.57345321537049],[-40.2329302983173,65.5736405120335],[-40.23289033466618,65.57382782058318],[-40.23285456446586,65.57401511754058],[-40.23326931887365,65.57421571513261],[-40.23322904798071,65.57440301218432],[-40.23319358764612,65.57459032179104],[-40.23315331564058,65.5747776191346],[-40.23311770972635,65.5749648647201],[-40.2335323157221,65.57516551442272],[-40.23394261128844,65.57537062777092],[-40.234357373858174,65.57557133929647],[-40.234321774624824,65.57575858585632],[-40.23428150805184,65.57594588451268],[-40.23469613687437,65.5761465310336],[-40.235110958196785,65.57635164151837],[-40.23556119164589,65.5763650379981],[-40.236011612407644,65.57638289803862],[-40.23642626055832,65.57658353899588],[-40.23687668579667,65.57660139585147],[-40.23736717281228,65.57642748571391],[-40.23740291714351,65.57624018556939],[-40.236988121976694,65.57603948392301],[-40.237028207057584,65.57585223663061],[-40.23751436423491,65.5756827915651],[-40.23755460927908,65.57549549217536],[-40.23759018701421,65.575308245005],[-40.237630430945686,65.575120945907],[-40.23766600762922,65.57493369903088],[-40.23770610590814,65.57474633591441],[-40.23774168154096,65.57455908933265],[-40.23777742063907,65.57437179065678]]],"type":"Polygon"},"id":"000000000000000000cf","properties":{"area":67481.67348350576,"elevation":1005.6788797641607,"region":"SE","year":2019},"type":"Feature"},{"geometry":{"coordinates":[[[-28.69340563054428,68.6804433463221],[-28.693347559486043,68.6798458198815],[-28.692785751282813,68.67919035707709],[-28.692723300807817,68.67859284417054],[-28.692166016822373,68.67794175983624],[-28.69095751252101,68.67742012159333],[-28.689022371969205,68.67780359030739],[-28.687666763358596,68.67746473097048],[-28.686021299964104,68.67748702550647],[-28.686083783207593,68.67808450557568],[-28.684148472019427,68.67846802378439],[-28.682208803501467,68.67885592246182],[-28.681272412152715,68.67934647881332],[-28.681829682431438,68.67999745962094],[-28.681892269517242,68.68059941543821],[-28.681455123595992,68.68114345597527],[-28.682012559715968,68.68179451426414],[-28.682074941879126,68.68239200095853],[-28.683426201293898,68.68273535681044],[-28.684634560787043,68.68325709913255],[-28.685985592414063,68.68360038976053],[-28.68748403429808,68.68376093569678],[-28.689276436095792,68.68355584220673],[-28.6912162300626,68.68316787751785],[-28.69215253708275,68.68267736745962],[-28.692589616444078,68.6821333725395],[-28.692531679895264,68.68153141372999],[-28.692968603078658,68.68098734180391],[-28.69340563054428,68.6804433463221]]],"type":"Polygon"},"id":"000000000000000000d0","properties":{"area":267670.6007715023,"elevation":1010.8399685350109,"region":"SE","year":2019},"type":"Feature"},{"geometry":{"coordinates":[[[-28.5637617507955,68.72326408256984],[-28.562762883808862,68.72315709697615],[-28.561612546332363,68.72322846959531],[-28.5603192365217,68.72348704092765],[-28.559021768085703,68.72374125621086],[-28.55772853966567,68.72399988203793],[-28.556578169255015,68.72407121458207],[-28.555873600376845,68.72360296821468],[-28.554723051502403,68.72367432234599],[-28.554428947981272,68.72404000147705],[-28.554134650497417,68.7244012090732],[-28.554339669683078,68.72482031524274],[-28.555485687584508,68.72474450095095],[-28.55663608871739,68.72467317674808],[-28.557340703409864,68.72514141941947],[-28.558045207133215,68.72561408938574],[-28.55874975414523,68.72608224770728],[-28.559458715668136,68.72655490164259],[-28.55916005183695,68.72691612928325],[-28.559869045201808,68.72738878128862],[-28.560515448467363,68.7272595136838],[-28.560809697400767,68.7268982921892],[-28.56160793299259,68.72658618651604],[-28.561402831813602,68.72617148566106],[-28.56069371288352,68.72569876482164],[-28.559989348031902,68.72522607180916],[-28.56078751946147,68.72491848015038],[-28.562080642357955,68.72466425669217],[-28.56237497189119,68.72429860313828],[-28.562673678676504,68.72393744832858],[-28.562967989751932,68.72357179414735],[-28.5637617507955,68.72326408256984]]],"type":"Polygon"},"id":"000000000000000000d1","properties":{"area":71107.08006960068,"elevation":1082.2571702202727,"region":"SE","year":2019},"type":"Feature"},{"geometry":{"coordinates":[[[-36.731943010592246,66.7377156438614],[-36.731140274441856,66.7372875157026],[-36.73080603182412,66.73688618987084],[-36.73094410433731,66.73651607845974],[-36.73060969706945,66.73611480086633],[-36.729802579357695,66.7356911835228],[-36.73040917192563,66.7353433754864],[-36.73054724055638,66.73497326646935],[-36.73021303362864,66.73457194195122],[-36.72941024151994,66.73414385435848],[-36.72853627788295,66.7339031078419],[-36.72766219015471,66.73366228680617],[-36.7267882605806,66.73342152852024],[-36.72584754539013,66.73336798228713],[-36.72570920755638,66.73374252363877],[-36.72510281356514,66.73408586879319],[-36.7249646024469,66.73446047901214],[-36.725298977775026,66.73485726230068],[-36.72516076470542,66.73523187372658],[-36.72502254751939,66.73560648551363],[-36.72488877792174,66.73597658043506],[-36.72427772965892,66.7363243733989],[-36.72508494628194,66.73674797918011],[-36.72588759626646,66.73717602892843],[-36.72683282079094,66.73722956480499],[-36.7276355152163,66.73765760397522],[-36.72844265210857,66.73808123758694],[-36.72924522264206,66.73850931530471],[-36.730190506912905,66.73856282624944],[-36.73119848072004,66.73843352824642],[-36.73180918043691,66.73808567933139],[-36.731943010592246,66.7377156438614]]],"type":"Polygon"},"id":"000000000000000000d2","properties":{"area":117299.75487593253,"elevation":1204.5007019471398,"region":"SE","year":2019},"type":"Feature"},{"geometry":{"coordinates":[[[-28.048668665641994,68.8499115529665],[-28.048320880953337,68.84967520525083],[-28.047968688715635,68.8494388500295],[-28.047620716462678,68.84920253674322],[-28.047272953082302,68.84896618641032],[-28.04692519678711,68.84872983520903],[-28.046572831361537,68.84849351263286],[-28.046225001430642,68.84825268599585],[-28.045721255027736,68.84819923723312],[-28.045070191667165,68.84832403927929],[-28.044414717479775,68.8484534192928],[-28.043759229210032,68.84857820882866],[-28.043103656958507,68.84870310934707],[-28.042448281278972,68.8488279707929],[-28.042296732910966,68.84901076563254],[-28.042140565878746,68.84919358973595],[-28.041988925656153,68.84937191068822],[-28.04183729133457,68.84955481914093],[-28.041681318827678,68.84973760679077],[-28.041529671530963,68.84991592746812],[-28.041378030034917,68.85009883565021],[-28.041725820913488,68.85033508735842],[-28.042073540089667,68.85057145208192],[-28.041921976469048,68.85075424710904],[-28.04177044650072,68.85093264604599],[-28.042118174181912,68.85116901071744],[-28.042466110756912,68.85140533834975],[-28.042813816744605,68.85164609728766],[-28.04266228646171,68.85182449735859],[-28.042510717921576,68.85200729334478],[-28.042858468340867,68.85224365622747],[-28.043362286775675,68.85229711432689],[-28.043861780701896,68.8523550375813],[-28.044365526930417,68.85240860597007],[-28.045020997969626,68.85228373398647],[-28.045676586831338,68.85215893681253],[-28.04632754455323,68.85202957863709],[-28.046483791071157,68.85185122318357],[-28.046635330496194,68.85166842342856],[-28.046787069337086,68.85148558740843],[-28.046942983841014,68.85130719013394],[-28.047598452246042,68.85117791107062],[-28.047749944003872,68.85099950644515],[-28.04790167014829,68.85081666956262],[-28.048057808756777,68.85063383922316],[-28.04820941647781,68.85045551203133],[-28.04836093365201,68.8502727110565],[-28.048517064994,68.85008988043319],[-28.048668665641994,68.8499115529665]]],"type":"Polygon"},"id":"000000000000000000d3","properties":{"area":92846.82429466816,"elevation":1000.5484499827993,"region":"SE","year":2019},"type":"Feature"},{"geometry":{"coordinates":[[[-25.21198929301048,69.36468797058089],[-25.211846565058657,69.3642643240489],[-25.211195462608735,69.36377829666134],[-25.21156129999448,69.36342160611605],[-25.21073174996004,69.36311391770909],[-25.209897887389552,69.36280621231896],[-25.20925141439924,69.3623201554074],[-25.20805626329632,69.36237371145864],[-25.206678536251847,69.36260113416064],[-25.205296130670035,69.3628284843183],[-25.204934876952805,69.36318522048632],[-25.20406093807597,69.36347953806704],[-25.203191317207736,69.36377386309158],[-25.20333402460589,69.36419299256285],[-25.202460031695523,69.36448730166005],[-25.202094371781726,69.36484401994275],[-25.20173336048637,69.36520079774097],[-25.20187144716631,69.36562436436725],[-25.201510418982295,69.36598114201594],[-25.20215689222229,69.36646712239946],[-25.202986295905404,69.36677477946844],[-25.204002959052076,69.36690412242413],[-25.205015300222282,69.36703344602131],[-25.206027449283425,69.3671627948128],[-25.20740518708064,69.36693091064728],[-25.208787514291025,69.366703489086],[-25.210165484566055,69.36647604292848],[-25.210022898957245,69.36605247400178],[-25.21089234130179,69.36575814055794],[-25.21125789581477,69.36540140194533],[-25.21162355333353,69.36504474283223],[-25.21198929301048,69.36468797058089]]],"type":"Polygon"},"id":"000000000000000000d4","properties":{"area":155565.83908564682,"elevation":276.2597796143251,"region":"SE","year":2019},"type":"Feature"},{"geometry":{"coordinates":[[[-28.601253931090984,68.74544367620317],[-28.600549328949214,68.74497096836623],[-28.599840342969525,68.74450277530563],[-28.60013466821926,68.74413719201603],[-28.599430118838665,68.74366898679028],[-28.598721000332855,68.74319631701651],[-28.59801650772671,68.74272810465703],[-28.596866121788846,68.74280390848713],[-28.5965717014189,68.74316509077285],[-28.596777013950852,68.74358424538212],[-28.59598322609087,68.74389188866029],[-28.595688970533985,68.74425754119443],[-28.595390108774602,68.74461873230534],[-28.59509583474396,68.74498438420875],[-28.595300940177932,68.74539907093984],[-28.596010042088487,68.7458717592867],[-28.595715567083634,68.7462329419813],[-28.596420295748405,68.7467056384912],[-28.59712914122721,68.74717377289444],[-28.597833726414283,68.74764649919915],[-28.598542753453817,68.74811470362586],[-28.599189206359483,68.74798983331705],[-28.599487994858194,68.74762423871853],[-28.599278469979016,68.74720945403767],[-28.59907341330459,68.7467903421962],[-28.599871483220625,68.74647819823734],[-28.601164743896007,68.7462240539049],[-28.600959534736088,68.74580486848005],[-28.601253931090984,68.74544367620317]]],"type":"Polygon"},"id":"000000000000000000d5","properties":{"area":86506.06556237143,"elevation":1079.6804123711338,"region":"SE","year":2019},"type":"Feature"},{"geometry":{"coordinates":[[[-39.99850652869692,65.73905532771848],[-39.997677124307444,65.7386495542472],[-39.99775737809847,65.73827496363792],[-39.996928007703964,65.73786918630623],[-39.99601838890172,65.73783799229803],[-39.995113151645434,65.7378023316258],[-39.99424360499624,65.73758385653231],[-39.993253708948046,65.73792270868482],[-39.99230837983553,65.73807881590709],[-39.99135867955158,65.73823485499223],[-39.99045344097937,65.73819916005448],[-39.99037309152239,65.73857374629493],[-39.990292905101775,65.73894828114307],[-39.99021255103239,65.73932286850854],[-39.9892226950381,65.73966175603258],[-39.98823718142817,65.74000510167457],[-39.98861172917593,65.74039302997758],[-39.989557151932,65.74023694904731],[-39.990506930744054,65.74008532639252],[-39.99133626587894,65.74049115096408],[-39.9922459591567,65.74052237947318],[-39.993075337280565,65.74093259721056],[-39.99390020867098,65.74133839665022],[-39.99485000289177,65.74118233540806],[-39.99583999739246,65.74084346517125],[-39.99678540430005,65.74068732860319],[-39.997654902561926,65.74090584002275],[-39.99818992763732,65.74054912364252],[-39.99827018103554,65.74017452964615],[-39.99834588849772,65.73980444827133],[-39.99842628213924,65.73942992003215],[-39.99850652869692,65.73905532771848]]],"type":"Polygon"},"id":"000000000000000000d6","properties":{"area":125452.50708003393,"elevation":1110.323874839262,"region":"SE","year":2019},"type":"Feature"},{"geometry":{"coordinates":[[[-36.61152939413457,66.81807752594978],[-36.6111995227974,66.81767623885307],[-36.61025419663362,66.8176182645474],[-36.609447060187875,66.81719456757726],[-36.608639973378644,66.816766589853],[-36.60783294919848,66.81633849103541],[-36.60695887621034,66.81609771509089],[-36.60601352707297,66.81604421834678],[-36.604930066156435,66.8163607694758],[-36.605264450861334,66.81675762599761],[-36.606067052957094,66.81718574740952],[-36.606874106625455,66.81761374210085],[-36.6076811508584,66.81804184856205],[-36.60706595014995,66.81838516899874],[-36.605982307441344,66.81870624111656],[-36.60489887833377,66.81902286447819],[-36.60476056318329,66.81939297067258],[-36.604145200934155,66.81974078825753],[-36.60516198306556,66.8196070112931],[-36.60610721642797,66.81966495410396],[-36.60719071999049,66.81934392724499],[-36.60820756022285,66.81921458798735],[-36.6092241336143,66.81908082715374],[-36.61030766535576,66.81876423651399],[-36.61139117386217,66.81844763730028],[-36.61152939413457,66.81807752594978]]],"type":"Polygon"},"id":"000000000000000000d7","properties":{"area":63858.167712385235,"elevation":1726.6276691899216,"region":"SE","year":2019},"type":"Feature"},{"geometry":{"coordinates":[[[-28.626247025320293,68.75087489478467],[-28.62568980419929,68.75022386028041],[-28.624686466760625,68.75011684962034],[-28.622742162435895,68.7505003259951],[-28.62153394987727,68.74997861590559],[-28.620468183319293,68.74926958388988],[-28.61940688354154,68.74856504098952],[-28.61934883966795,68.7479675468052],[-28.61784612146923,68.74780702908492],[-28.616343431913187,68.74764649521317],[-28.615282135360307,68.74694195746824],[-28.61377953111974,68.74678139568925],[-28.613632313811106,68.7469597685123],[-28.614693551260704,68.7476688273363],[-28.614751478700015,68.74826632469293],[-28.615812811497808,68.74897086713823],[-28.616874083742506,68.74967532432842],[-28.617935340006852,68.75038439569437],[-28.6174939590806,68.75092839429767],[-28.618055762579996,68.75157937958917],[-28.618613184930787,68.75223488177721],[-28.61917484703964,68.75288589997261],[-28.61973686397749,68.75353695635334],[-28.620588548129437,68.75382682440107],[-28.62209567760876,68.75398737224343],[-28.623036490579043,68.75349232967282],[-28.62498083897133,68.75310888156268],[-28.625422109088873,68.7525648597103],[-28.625868093312683,68.75201635821976],[-28.625805683060893,68.75141884011505],[-28.626247025320293,68.75087489478467]]],"type":"Polygon"},"id":"000000000000000000d8","properties":{"area":165312.63837834075,"elevation":1081.9055902755415,"region":"SE","year":2019},"type":"Feature"},{"geometry":{"coordinates":[[[-37.03235718299994,66.702769598965],[-37.03195137487532,66.70255560126692],[-37.031478685849486,66.7025333056725],[-37.03101053736807,66.70250654980161],[-37.03060460298416,66.70229247962637],[-37.03013208634521,66.7022657405117],[-37.02966376919523,66.70223902789192],[-37.029191089739875,66.7022167238201],[-37.02872295112878,66.70218995955523],[-37.028250298112134,66.70216314518807],[-37.02778198636133,66.70213642566799],[-37.02730947790926,66.7021096761103],[-37.02677441540231,66.7022702155303],[-37.026301588892274,66.70224344215207],[-37.02583345540192,66.70221666730414],[-37.02529400961236,66.70237722050751],[-37.024758931949734,66.70253775179285],[-37.024223848463215,66.7026982809821],[-37.02368406742589,66.70285880771672],[-37.02361729029056,66.70304606915093],[-37.02402303285986,66.70326009408073],[-37.02442877254787,66.70346972747784],[-37.024834528338936,66.70368375004755],[-37.025240457016054,66.70389333288887],[-37.02564170996393,66.70410730462172],[-37.02604762739474,66.70432139196005],[-37.02645325799926,66.70453095116464],[-37.026921432555135,66.70455772363665],[-37.02746105649933,66.70439723039557],[-37.027996158463026,66.70423668662798],[-37.02853125460145,66.70407614076429],[-37.02900379961643,66.7041028857125],[-37.02947666372543,66.70412964900616],[-37.029944837206706,66.7041564104217],[-37.030417386358614,66.70418315013987],[-37.03095246967467,66.70402259431371],[-37.03148768899164,66.70386210467915],[-37.03202727672503,66.70370159291186],[-37.03209399872813,66.7035143271226],[-37.03215652143908,66.70332703326675],[-37.03222339410253,66.70314422629122],[-37.032290289048504,66.70295691258144],[-37.03235718299994,66.702769598965]]],"type":"Polygon"},"id":"000000000000000000d9","properties":{"area":72916.06384177091,"elevation":1252.9595412396295,"region":"SE","year":2019},"type":"Feature"},{"geometry":{"coordinates":[[[-25.166011506653337,69.41357306031219],[-25.16587324286131,69.4131539545639],[-25.165222225928847,69.41266787581239],[-25.164205374355593,69.41253855908435],[-25.163188861818544,69.41240928316923],[-25.16254227441291,69.41192320504356],[-25.161342858124204,69.41197229634695],[-25.160326076685642,69.411842952233],[-25.15996036954353,69.41219967538956],[-25.15857818493841,69.41242708987875],[-25.157704236057153,69.4127213992662],[-25.156830267758213,69.4130157038471],[-25.156972706035024,69.4134348338242],[-25.156607246771703,69.41379159807276],[-25.15623715853408,69.41415279573185],[-25.156888090669135,69.41463880412519],[-25.15753481929226,69.41512487614806],[-25.158551392098556,69.41525418994458],[-25.159567980974664,69.41538349659596],[-25.160767632793537,69.41533000171593],[-25.16178424772203,69.4154592929014],[-25.16298364014232,69.41541022762559],[-25.1638130853534,69.41571795300334],[-25.16418314845282,69.41536123289018],[-25.16505714492374,69.41506688446847],[-25.16542283276331,69.41471014855614],[-25.16528022977661,69.41429102867839],[-25.165645847374652,69.41392979706123],[-25.166011506653337,69.41357306031219]]],"type":"Polygon"},"id":"000000000000000000da","properties":{"area":116560.99313411437,"elevation":389.15718847878156,"region":"SE","year":2019},"type":"Feature"},{"geometry":{"coordinates":[[[-28.720557226438135,68.77095867790973],[-28.71949137923321,68.77025407269726],[-28.718425520983235,68.76954957354074],[-28.71987032608005,68.76911256025214],[-28.720311810517654,68.76856410203968],[-28.719246194698872,68.76785957291496],[-28.718180442690617,68.76715507275667],[-28.716526143176928,68.7671773705645],[-28.715460384738023,68.76647277211235],[-28.71439461523571,68.76576827971499],[-28.713186095135974,68.76524655146258],[-28.713038979167845,68.76542490659739],[-28.71259753216223,68.76597341831751],[-28.712156251881716,68.76651738427537],[-28.712218643036405,68.76711495026494],[-28.71127765214877,68.76760988248532],[-28.711844011286054,68.76826090057592],[-28.710898667742626,68.76875141460985],[-28.71146492691948,68.76940686590527],[-28.712677811139624,68.7699286328696],[-28.713890627192256,68.77045031205839],[-28.714956371013713,68.77115484735153],[-28.71602217925505,68.77185937450807],[-28.717377699061384,68.77220271398883],[-28.718175876386923,68.7718906306781],[-28.719116816852367,68.77140008036865],[-28.720557226438135,68.77095867790973]]],"type":"Polygon"},"id":"000000000000000000db","properties":{"area":168030.10640650225,"elevation":1098.741733461579,"region":"SE","year":2019},"type":"Feature"},{"geometry":{"coordinates":[[[-25.1957983049653,69.41755506866828],[-25.19514728690032,69.41706900203889],[-25.193439442588687,69.41705121133172],[-25.191918801791292,69.41685949420959],[-25.190393849608856,69.4166677486062],[-25.188686018829728,69.41665431777182],[-25.1866125142445,69.41699318937701],[-25.184539024208526,69.41733652828766],[-25.183482243021405,69.41780920282726],[-25.181408774960794,69.41815257983953],[-25.179335263757935,69.41849592868593],[-25.17827834395966,69.41896856856259],[-25.178238367930298,69.41957056869639],[-25.17870644322674,69.42023497034563],[-25.179861288242325,69.42078343368942],[-25.181386498547777,69.42097966893557],[-25.182545804751072,69.42152812287058],[-25.184070840074813,69.42171986625443],[-25.185961493774286,69.42155930381503],[-25.187664786744506,69.42157273292437],[-25.189372651484145,69.42158612260423],[-25.190429523601676,69.42111340414554],[-25.19098236672359,69.42057836687535],[-25.192547460920576,69.4201725671259],[-25.193096036853834,69.41963298307039],[-25.193644436785167,69.41909792525944],[-25.193176333273783,69.41843351253573],[-25.193724699275037,69.41789845523114],[-25.1957983049653,69.41755506866828]]],"type":"Polygon"},"id":"000000000000000000dc","properties":{"area":256252.7670069678,"elevation":391.75504625735925,"region":"SE","year":2019},"type":"Feature"},{"geometry":{"coordinates":[[[-36.806410000088874,66.80795983854635],[-36.806137953579075,66.80737569024038],[-36.80526408734849,66.80713487121328],[-36.80405126731603,66.80649722451258],[-36.80283382681906,66.80585516681357],[-36.80162098436874,66.80521743043435],[-36.801353484775454,66.8046288718645],[-36.8010189757794,66.80423203218997],[-36.799667925061165,66.8039644356843],[-36.79899012697526,66.80449513018927],[-36.79783962718579,66.80500347211874],[-36.79669368036396,66.80550735277485],[-36.79601582241238,66.80603791867273],[-36.79533801576674,66.80657305938138],[-36.795132924089344,66.80713044295373],[-36.79540051151937,66.80771458020676],[-36.79566790425932,66.8083031580547],[-36.796885326731456,66.80894078065043],[-36.79809817898305,66.8095829614093],[-36.79836585337329,66.81016709657315],[-36.79985073729159,66.81006007789045],[-36.80106357463316,66.81070216354544],[-36.80248148394743,66.8107824445576],[-36.803631983773975,66.81027409787312],[-36.80323507566431,66.81003775692908],[-36.803431325706526,66.80950271208191],[-36.803467121006186,66.80927078505776],[-36.803163721336944,66.80891854168989],[-36.80478696195174,66.80844137187854],[-36.806410000088874,66.80795983854635]]],"type":"Polygon"},"id":"000000000000000000dd","properties":{"area":216990.09101494198,"elevation":1416.8672083176668,"region":"SE","year":2019},"type":"Feature"},{"geometry":{"coordinates":[[[-38.385506937039196,66.36041768597258],[-38.38515019361687,66.36002527623059],[-38.38432533449352,66.35960610506146],[-38.38350485948642,66.35919141177412],[-38.38361185470061,66.35881684845839],[-38.38267988036878,66.35877228077808],[-38.38180602058361,66.35854489170524],[-38.38082047445775,66.35868755765465],[-38.38000002632408,66.35826841051019],[-38.37912159300415,66.35804093536252],[-38.37824756194309,66.35780913990816],[-38.377369160155595,66.35758165275841],[-38.37644154733156,66.35753708988733],[-38.37679844639522,66.35792953836717],[-38.37761883153062,66.35834870618895],[-38.37844382870751,66.3587633882885],[-38.37926426536573,66.35918254639044],[-38.38008484205577,66.35959721771829],[-38.38090980214212,66.3600163670774],[-38.381730258428135,66.3604310786193],[-38.38115944851426,66.36078335303054],[-38.38012036620524,66.36111333085381],[-38.380530557449255,66.36132287324972],[-38.38140910782179,66.36155034060764],[-38.38222953083848,66.36196941627952],[-38.382746916276254,66.36180445202508],[-38.38332202978521,66.36145221988996],[-38.384361092338764,66.36112221546371],[-38.385399959942134,66.36079225301731],[-38.385506937039196,66.36041768597258]]],"type":"Polygon"},"id":"000000000000000000de","properties":{"area":74729.3129747671,"elevation":271.0073701842546,"region":"SE","year":2019},"type":"Feature"},{"geometry":{"coordinates":[[[-40.33743842804457,65.71189051386946],[-40.3366045385453,65.71148468931496],[-40.33667585524809,65.71111013589766],[-40.335842037907874,65.71070882739048],[-40.33489658528687,65.7108649089248],[-40.33528016379126,65.71125281545305],[-40.33474948736548,65.71160956141773],[-40.334678143880495,65.71198411466125],[-40.333692676747496,65.71232744826705],[-40.33271185733239,65.71267083539992],[-40.33173070507253,65.71301420351212],[-40.33074969469424,65.71335751202794],[-40.32984007464009,65.713326259827],[-40.32885901349285,65.71366967053665],[-40.32833294066722,65.71403085757113],[-40.32923821932304,65.71406207181971],[-40.33014782465507,65.71408880836933],[-40.331093096059384,65.7139327486495],[-40.33199821301855,65.71396399498164],[-40.33290802291465,65.71399517879621],[-40.333853279141586,65.713839098027],[-40.334798526009365,65.71368301015367],[-40.335779503562094,65.7133396690628],[-40.33585083663419,65.71296511303836],[-40.33683630264641,65.71262176121942],[-40.33736259396472,65.71226507256603],[-40.33743842804457,65.71189051386946]]],"type":"Polygon"},"id":"000000000000000000df","properties":{"area":60235.319283919154,"elevation":1368.5603278100143,"region":"SE","year":2019},"type":"Feature"},{"geometry":{"coordinates":[[[-38.32459565412416,66.38500958591341],[-38.32377531209804,66.38459493058923],[-38.32295032836315,66.38417576820844],[-38.32212972201546,66.38376108627935],[-38.321773071617955,66.38336417634022],[-38.32136284878077,66.38315459147601],[-38.32043081809841,66.3831144977645],[-38.3194454921413,66.3832571898685],[-38.31862492283532,66.38283805358705],[-38.31763960051815,66.38298073145508],[-38.3166540976808,66.38312345165136],[-38.31582915045991,66.38270872636761],[-38.315008657240526,66.38228956696886],[-38.3141302580184,66.38205767162354],[-38.31448694944478,66.38245455220266],[-38.315311913966376,66.38287371851676],[-38.3161323822216,66.38328844423566],[-38.31602517185858,66.3836629753198],[-38.316899165093425,66.3838948552309],[-38.31783121139895,66.38393497496804],[-38.31870970649611,66.38416684558311],[-38.31953014389663,66.38458603298783],[-38.320350587666695,66.38500066642871],[-38.32117555223477,66.38541984717995],[-38.321996019150355,66.38583458751332],[-38.32298142915604,66.38569187359964],[-38.32402054495161,66.38536189063926],[-38.32459565412416,66.38500958591341]]],"type":"Polygon"},"id":"000000000000000000e0","properties":{"area":63859.594723974136,"elevation":191.64233576642323,"region":"SE","year":2019},"type":"Feature"},{"geometry":{"coordinates":[[[-30.270420137672694,68.54845396917203],[-30.26920734891089,68.54716079631974],[-30.267231916104418,68.54618874562884],[-30.264627864800485,68.54535039192261],[-30.262389415880296,68.54474402336066],[-30.262598878480127,68.54593902520274],[-30.25930819569778,68.54679521210919],[-30.25617780253843,68.54668822171703],[-30.253832304577564,68.54548418126733],[-30.251357646599743,68.54446310571434],[-30.252071044127675,68.54570717449057],[-30.248775685471,68.54656329363893],[-30.245248588246632,68.54700473128428],[-30.242510678790893,68.5463492897883],[-30.241222010420845,68.54740166739927],[-30.242430465893786,68.5486947338846],[-30.244642190057395,68.55008153862333],[-30.247643249351206,68.55037140578268],[-30.250777918292947,68.55047840907118],[-30.25391260516506,68.55058099191317],[-30.25730605676521,68.55032236571007],[-30.260440732215407,68.5504293817582],[-30.262099547639934,68.54960883849148],[-30.265889792148318,68.54879736534122],[-30.269024466634146,68.54890438121727],[-30.270420137672694,68.54845396917203]]],"type":"Polygon"},"id":"000000000000000000e1","properties":{"area":470597.3445395861,"elevation":789.0876374742359,"region":"SE","year":2019},"type":"Feature"},{"geometry":{"coordinates":[[[-33.82942506997705,67.7243496622401],[-33.82912612837033,67.72393940667334],[-33.828345811660284,67.72349802198761],[-33.82727126618262,67.72360945630226],[-33.826102946657144,67.72390827402536],[-33.824934547761075,67.72420250790742],[-33.823761810638565,67.72450129090004],[-33.82259360741829,67.72480003552845],[-33.821425275652636,67.72509431226038],[-33.821233526259824,67.72546891610153],[-33.820060919121005,67.72576323841751],[-33.819869227465865,67.72613333894938],[-33.82026148265013,67.72635631714518],[-33.82123796506557,67.72642762130128],[-33.8221164643374,67.72668624969158],[-33.822999353975455,67.72694488769402],[-33.823975978782485,67.72702062993861],[-33.824854344670804,67.72727928429023],[-33.82592904821354,67.72716786664658],[-33.82612085203865,67.7267977133015],[-33.82582644884875,67.72638753485566],[-33.82504161693087,67.72594604118156],[-33.824747427698235,67.72553581694875],[-33.82591575254229,67.72524151112556],[-33.82708394826473,67.72494273740976],[-33.82825212028323,67.72464395401596],[-33.82942506997705,67.7243496622401]]],"type":"Polygon"},"id":"000000000000000000e2","properties":{"area":73819.92404249441,"elevation":872.723307101914,"region":"SE","year":2019},"type":"Feature"},{"geometry":{"coordinates":[[[-28.780540908814064,68.90045544456656],[-28.77938159668625,68.90053122651527],[-28.77728126672752,68.90110199305967],[-28.77467278840462,68.90161922275962],[-28.772206748684017,68.90195368618981],[-28.770775451325882,68.90101277951699],[-28.768902700059538,68.90061596559153],[-28.768608465381906,68.90098158258346],[-28.768019871625853,68.90170842121185],[-28.767431135590524,68.9024396901187],[-28.768652997310944,68.90296146885888],[-28.770084383208264,68.90390228446367],[-28.77152022541272,68.9048386750412],[-28.770931626582467,68.90557003793364],[-28.771350788114365,68.90640389093848],[-28.77352230303722,68.90643058982182],[-28.775100876994557,68.90718865212276],[-28.77676413036954,68.90716633986375],[-28.776848820609114,68.90638606115871],[-28.777432859704607,68.90565919993013],[-28.778021627180202,68.90493236112543],[-28.77861013326097,68.90420104960539],[-28.77919882668296,68.9034742081962],[-28.77928341152559,68.90269393285625],[-28.779363626854764,68.90191356023428],[-28.77995233786253,68.9011822872723],[-28.780540908814064,68.90045544456656]]],"type":"Polygon"},"id":"000000000000000000e3","properties":{"area":222379.466969213,"elevation":1398.2260712208347,"region":"SE","year":2019},"type":"Feature"},{"geometry":{"coordinates":[[[-38.491785196701095,66.45747005504965],[-38.491424121917866,66.45707762435137],[-38.49106298261259,66.45668075971528],[-38.490701756299735,66.45628837807973],[-38.491276856743724,66.45593607712262],[-38.490447558827164,66.45551689749267],[-38.48956448032554,66.45528952003592],[-38.48868617573771,66.45505759992497],[-38.48780312900035,66.45483021037612],[-38.48692482879416,66.45459839493294],[-38.48598842643182,66.45455821482497],[-38.48511000826185,66.45432632029272],[-38.48546654042544,66.45472320209791],[-38.48536421617574,66.45509775916699],[-38.48618902688793,66.45551249141437],[-38.48701842588541,66.45593164924249],[-38.48644327492317,66.45628393121999],[-38.485867964974524,66.45663614456541],[-38.48622912359955,66.45702854091907],[-38.486122138704474,66.4574031547735],[-38.48601517823716,66.45777765238581],[-38.48497608165248,66.4581076434922],[-38.48393278956463,66.45843764592107],[-38.48429401546762,66.45883448387677],[-38.48418677801352,66.45920459877352],[-38.48506983013028,66.45943650003619],[-38.48595267986776,66.4596638952004],[-38.48683127503853,66.45989578726083],[-38.48776754502245,66.45993594424425],[-38.487406499410454,66.45954349836228],[-38.487045217800144,66.45914666860948],[-38.4880841608976,66.45881670928438],[-38.48912756943119,66.45848673901097],[-38.490166637816024,66.45815671362385],[-38.491209924607276,66.45782229390703],[-38.491785196701095,66.45747005504965]]],"type":"Polygon"},"id":"000000000000000000e4","properties":{"area":112773.3268528326,"elevation":677.7221957797874,"region":"SE","year":2019},"type":"Feature"},{"geometry":{"coordinates":[[[-32.720682907624244,68.05363201527625],[-32.72029492513138,68.0534046245098],[-32.719911515156696,68.05318158886051],[-32.71952354705021,68.05295419596786],[-32.719028539698925,68.05291410443031],[-32.71853800175703,68.05287394612125],[-32.71815014986053,68.05265097047175],[-32.717762207361936,68.05242357256186],[-32.71737878127133,68.05220064553087],[-32.716990759736575,68.05197770922105],[-32.71649564360296,68.0519375351699],[-32.71600526773863,68.05189744071308],[-32.715510347195845,68.05185722051489],[-32.715015373466514,68.05181711418267],[-32.71452477175067,68.05177252002146],[-32.71392291585105,68.05191966591775],[-32.713320956993385,68.05206238808074],[-32.71321387249406,68.05224968610379],[-32.71359725777516,68.05247262527716],[-32.71398515867857,68.05270003547595],[-32.714373160729856,68.05292298086755],[-32.714261897303125,68.05310583856632],[-32.71415481435409,68.05329313772627],[-32.7140476881638,68.05347590000834],[-32.71394060187544,68.05366319918507],[-32.71432861750684,68.05388614501297],[-32.714712079101226,68.05411361835432],[-32.715207096582844,68.05415372550229],[-32.71570211635991,68.05419383083745],[-32.716196947404924,68.05423397689823],[-32.71668750442977,68.05427414350967],[-32.717075556378994,68.05449708144019],[-32.71757039752697,68.05453722244889],[-32.718060829038464,68.05457731091285],[-32.718556001340964,68.05461747891145],[-32.71915781117631,68.05447477501761],[-32.719759708191454,68.05432760483787],[-32.72036183289813,68.05418492645778],[-32.720468783324,68.05400208625876],[-32.72057582493855,68.0538147823259],[-32.720682907624244,68.05363201527625]]],"type":"Polygon"},"id":"000000000000000000e5","properties":{"area":61140.63379404262,"elevation":812.8907865690716,"region":"SE","year":2019},"type":"Feature"},{"geometry":{"coordinates":[[[-30.453876602652848,68.57322427291189],[-30.45350651455133,68.57299238983644],[-30.453635846674505,68.57280958088556],[-30.453765176779456,68.57262677189313],[-30.453395098321565,68.57239488862658],[-30.452895497154415,68.57234585207638],[-30.45239157719087,68.57230123095302],[-30.451892309563267,68.57225222674066],[-30.45138838344561,68.5722031374969],[-30.451018348124286,68.57197571222599],[-30.450518764299925,68.57192666706537],[-30.450014980384122,68.57187764823257],[-30.449644952858357,68.57164575476718],[-30.449274746388138,68.57141836427495],[-30.44877084708537,68.57136926540329],[-30.44814205354539,68.57150309145206],[-30.448012899273678,68.5716903203482],[-30.447879134047213,68.57187319175192],[-30.447749767167913,68.57205599556603],[-30.44762039826994,68.57223879933854],[-30.446987244693325,68.5723725733508],[-30.446857998923193,68.57255545204961],[-30.44672862072807,68.57273825525964],[-30.44659925126928,68.5729255229146],[-30.446969450782312,68.57315292106604],[-30.446840069742066,68.57333572458528],[-30.446710827858126,68.57352306800098],[-30.447210090971012,68.57356762611592],[-30.447714029240394,68.57361673027057],[-30.448213506336305,68.57366570977946],[-30.448712908084254,68.57371033792273],[-30.44908748596493,68.57394224221888],[-30.44958697476161,68.57399121673947],[-30.450219953745783,68.57385300527606],[-30.45084893261434,68.57371924422951],[-30.4514820975225,68.57358098781074],[-30.452115070842694,68.57344723260739],[-30.452744032805576,68.57331346338698],[-30.45324784425012,68.57335800761342],[-30.453747269703843,68.5734070822135],[-30.453876602652848,68.57322427291189]]],"type":"Polygon"},"id":"000000000000000000e6","properties":{"area":52087.29030034133,"elevation":871.1601634320732,"region":"SE","year":2019},"type":"Feature"},{"geometry":{"coordinates":[[[-30.476149847821628,68.55538344599996],[-30.47603830003778,68.55478590679616],[-30.47592675621457,68.55418836802521],[-30.474812034128135,68.55349717650199],[-30.474700653684298,68.55289971300681],[-30.473327151138548,68.55256972698798],[-30.47182444703155,68.55243151200273],[-30.471695038460226,68.55261429277695],[-30.470303929450093,68.55306909982197],[-30.46841329933547,68.55347494956126],[-30.46652248782096,68.55388069934776],[-30.466130193333345,68.55443367359358],[-30.46574226334853,68.55498211507941],[-30.46385163374137,68.55538786764434],[-30.46245585610806,68.55584267039295],[-30.46206796738093,68.55639564398946],[-30.46267881148633,68.5570377773043],[-30.46379357347802,68.5577333816476],[-30.46516703982543,68.55805892236872],[-30.46628171360201,68.55875008179147],[-30.46778462619137,68.55889274234933],[-30.46915790021306,68.55921820715275],[-30.470660478244614,68.55936091538348],[-30.471900307889506,68.5598692392045],[-30.473032844328618,68.55978009084976],[-30.472421843237893,68.5591379644776],[-30.47431259991652,68.55872774239761],[-30.475204472988306,68.55822831840452],[-30.47559224641051,68.55767538539234],[-30.475984874226956,68.5571269592528],[-30.47536950103072,68.5564803378505],[-30.475761783821742,68.55593187768109],[-30.476149847821628,68.55538344599996]]],"type":"Polygon"},"id":"000000000000000000e7","properties":{"area":309353.21108810505,"elevation":857.6476940565121,"region":"SE","year":2019},"type":"Feature"},{"geometry":{"coordinates":[[[-38.47678041713882,66.46360128234596],[-38.47663318206389,66.46245528696254],[-38.47648602934739,66.46131372966558],[-38.473788208706004,66.46081432567642],[-38.47186631876404,66.46091243275009],[-38.46874060841372,66.46190685523116],[-38.46599375834436,66.46159018458023],[-38.463296093493355,66.46109078892097],[-38.46054472351746,66.4607741689525],[-38.457690995809735,66.46083216763911],[-38.45461873162191,66.4616392785216],[-38.451867391426404,66.46132270251906],[-38.44985178776816,66.4600963921194],[-38.448304492393824,66.45888797754354],[-38.44591881072036,66.45896828165573],[-38.44710513928344,66.45977982815879],[-38.44865242707115,66.46098826136873],[-38.44973153323606,66.4621698966195],[-38.45081062778863,66.46335601084046],[-38.45329434572037,66.46460457405801],[-38.45500212769917,66.46525113037946],[-38.45764184034616,66.4659422963041],[-38.46050010101346,66.46588432563416],[-38.46325144842669,66.46619643236016],[-38.46621667296414,66.46576394082877],[-38.46902149923515,66.46589330008354],[-38.471211070633764,66.4648587477079],[-38.474336701569186,66.463864352014],[-38.47678041713882,66.46360128234596]]],"type":"Polygon"},"id":"000000000000000000e8","properties":{"area":571113.1130981699,"elevation":633.5889354033304,"region":"SE","year":2019},"type":"Feature"},{"geometry":{"coordinates":[[[-30.354501127943447,68.57374156043699],[-30.35349768016873,68.57364345396576],[-30.352757413996862,68.573184146024],[-30.35201731320977,68.57272044501539],[-30.351147712482785,68.57244392488425],[-30.35027827060116,68.57216301008185],[-30.3494043217677,68.57188207867715],[-30.34840531223049,68.57178844995917],[-30.34753140354607,68.57150750661037],[-30.346398800882124,68.57159668070267],[-30.34513689342366,68.57186871170386],[-30.343870441924118,68.57213625581785],[-30.343607481216782,68.572501935085],[-30.342345507203845,68.57277394227798],[-30.341079178634047,68.57304588787576],[-30.340820499298193,68.57341161376071],[-30.340557350011974,68.57377721323019],[-30.34029432255892,68.5741428880685],[-30.34053511110351,68.57455759543303],[-30.341275411670455,68.57502128181947],[-30.342274172212594,68.57511492440145],[-30.343014458453606,68.57557871628578],[-30.34388831200707,68.57585961299337],[-30.34488712555386,68.57595323652825],[-30.345890472430348,68.57605132878757],[-30.34689383833063,68.57614494904361],[-30.34815576207516,68.57587293720661],[-30.349421988238824,68.57560542960489],[-30.35068399656856,68.57533347144839],[-30.351820977233725,68.5752442350408],[-30.352449862320373,68.57511049183474],[-30.353212338090678,68.57479392253404],[-30.353979201578554,68.57447282017793],[-30.35423796902114,68.5741072226994],[-30.354501127943447,68.57374156043699]]],"type":"Polygon"},"id":"000000000000000000e9","properties":{"area":197025.83722303837,"elevation":828.0438663190673,"region":"SE","year":2019},"type":"Feature"},{"geometry":{"coordinates":[[[-37.64834177521126,66.73469681034827],[-37.64799401205031,66.73429990836142],[-37.64758376240427,66.73408589786338],[-37.64663836929457,66.7340413132677],[-37.64569304606638,66.73399228289014],[-37.644689705571885,66.73413048498415],[-37.64374438618924,66.73408144021043],[-37.642799071884895,66.73403238844479],[-37.6417958642028,66.73417063561581],[-37.640730214230096,66.73449615406776],[-37.6396643968538,66.73482159660537],[-37.63859852422516,66.73514714746446],[-37.63847394007668,66.7355217233204],[-37.63835348357083,66.73589180136183],[-37.638233100836736,66.73626638622044],[-37.63810818679791,66.73664094465933],[-37.638522842297554,66.73685050799622],[-37.63946371165783,66.73689956435315],[-37.640409113850005,66.73694864051618],[-37.6414748652013,66.73662312125005],[-37.64242012125097,66.73667211497077],[-37.64342338877439,66.73653397769814],[-37.64443120712932,66.73639574266508],[-37.645496895966055,66.73607019108216],[-37.646562704774816,66.73574469878554],[-37.647628346151045,66.7354191305814],[-37.64822139092219,66.73507133439378],[-37.64834177521126,66.73469681034827]]],"type":"Polygon"},"id":"000000000000000000ea","properties":{"area":103715.22831045988,"elevation":1306.914712446351,"region":"SE","year":2019},"type":"Feature"},{"geometry":{"coordinates":[[[-30.56993794505731,68.58692261241842],[-30.569692846431487,68.58650796260505],[-30.56894813999933,68.58604862059467],[-30.567944741555166,68.58595498901022],[-30.567200186517322,68.58549124855585],[-30.566321690828566,68.58521483978141],[-30.565447621516025,68.58493835411339],[-30.564315010960804,68.58502753089103],[-30.563441075826294,68.58474664346494],[-30.56230847470311,68.58483580396509],[-30.561305173796203,68.58474212408214],[-30.560043391661022,68.58501417315625],[-30.55878145574212,68.58528613597893],[-30.558522834385013,68.58565625910639],[-30.558264173942653,68.58602191775448],[-30.558509393573697,68.5864366253357],[-30.55925395497081,68.58689591039051],[-30.559998742834857,68.5873551518561],[-30.560872718193362,68.58763606131056],[-30.561875936006427,68.58772978296017],[-30.562879231532847,68.58782338236888],[-30.563753232912127,68.58809980913823],[-30.564756522562995,68.58819797417841],[-30.565893686023248,68.58810872033173],[-30.566767673774088,68.58838524285848],[-30.567900244177206,68.5882960836355],[-30.568903408986817,68.58838967905821],[-30.56916227695196,68.58802403665192],[-30.569420808426795,68.58765835839714],[-30.569679429778873,68.58728829100419],[-30.56993794505731,68.58692261241842]]],"type":"Polygon"},"id":"000000000000000000eb","properties":{"area":138144.55253568792,"elevation":964.2050484631728,"region":"SE","year":2019},"type":"Feature"},{"geometry":{"coordinates":[[[-37.65543637845066,66.75844150447105],[-37.654544405207034,66.7585440825821],[-37.65437048681176,66.75857527155864],[-37.65354563338633,66.75834343055857],[-37.65265383469563,66.75844594645957],[-37.65247999491919,66.7584816396249],[-37.65159248415512,66.75843262820233],[-37.65064721809913,66.7583880147803],[-37.64970170237959,66.75833893666866],[-37.64922918659503,66.75846378011218],[-37.64816330811082,66.75878931434882],[-37.64815452692879,66.75881161106209],[-37.648038541825045,66.75901226623566],[-37.64750794094362,66.75932436114216],[-37.64691044547275,66.75967219755293],[-37.64684359006407,66.75988175151663],[-37.64625490486556,66.76006019927914],[-37.6461345349802,66.76043470591124],[-37.64648682823024,66.76083153749423],[-37.64736963980538,66.76106791996651],[-37.648315163455344,66.76111250825787],[-37.648966033461335,66.7609163371344],[-37.64985336190514,66.76096090883928],[-37.650798825681775,66.76100991799785],[-37.651748612004184,66.76072008595038],[-37.6518153462059,66.76070228106143],[-37.65239945165863,66.76052389791855],[-37.65251991204417,66.76014933687745],[-37.65311749633996,66.75980154181377],[-37.653652610879796,66.75948933318833],[-37.65471843071611,66.7591638694802],[-37.654776271908545,66.75912374736436],[-37.65489224070679,66.7587758810654],[-37.65543637845066,66.75844150447105]]],"type":"Polygon"},"id":"000000000000000000ec","properties":{"area":81789.73683260889,"elevation":1332.309732178196,"region":"SE","year":2019},"type":"Feature"},{"geometry":{"coordinates":[[[-30.33507710697215,68.65175354027133],[-30.334573293203974,68.65170895717608],[-30.334069493494475,68.65165990695857],[-30.333699384110684,68.6514280240828],[-30.333329282014585,68.65119614023035],[-30.332954643561486,68.6509642439579],[-30.332584544494814,68.65073682343288],[-30.33221446424678,68.65050493663729],[-30.331844391285728,68.65027304886515],[-30.331469912549366,68.65004122418624],[-30.33109965597641,68.6498093737764],[-30.330595908216246,68.64976031068731],[-30.32996266404703,68.64989851349165],[-30.329329426183612,68.6500322482636],[-30.32869631306326,68.65016605585967],[-30.328058638449708,68.65030431441191],[-30.327425383548558,68.65043804094189],[-30.327291658180638,68.65062086602629],[-30.32716227599934,68.65080374201317],[-30.327028546482428,68.6509865669997],[-30.327402990753914,68.65121840419408],[-30.327773227384018,68.65145026502167],[-30.328143273053985,68.65168216419536],[-30.32851332601121,68.65191406239265],[-30.328887799666855,68.65214589562008],[-30.328754073864292,68.65232872256327],[-30.32812089784226,68.65246252880875],[-30.327987164652363,68.65264535520323],[-30.32835742784389,68.65287721467566],[-30.32873191364862,68.65310904850436],[-30.329235722916852,68.65315811773692],[-30.329869056285705,68.65301991642764],[-30.33050204310725,68.65288614145628],[-30.331135222549722,68.65275232441788],[-30.33163917577739,68.65279699529067],[-30.33214318786381,68.65284601475354],[-30.33264700459494,68.6528950717177],[-30.333017123419012,68.65312695774622],[-30.333387130621695,68.65335430192673],[-30.333890962439654,68.65340335431138],[-30.334024789243553,68.65322059813165],[-30.33365031242653,68.65298866410957],[-30.33328018872291,68.65275677984647],[-30.332910060737152,68.6525293599116],[-30.333039345045403,68.65234659344623],[-30.333677057115313,68.6522083115427],[-30.334310140258246,68.6520745956572],[-30.334943416014433,68.65194083769845],[-30.33507710697215,68.65175354027133]]],"type":"Polygon"},"id":"000000000000000000ed","properties":{"area":72922.2064204989,"elevation":931.6362309675532,"region":"SE","year":2019},"type":"Feature"},{"geometry":{"coordinates":[[[-30.610863639090105,68.59721872364345],[-30.610618319683873,68.59680402911543],[-30.610248385369687,68.59657213800634],[-30.609240578043043,68.59647853148923],[-30.607978637809822,68.59675048327125],[-30.60671680573183,68.5970224994345],[-30.60571354365757,68.59692887023546],[-30.60545479249459,68.59729900867282],[-30.604192914290234,68.59757100301918],[-30.60343480206088,68.59788760094018],[-30.602672369956565,68.59820861692694],[-30.60241371869405,68.59857424723045],[-30.60165559418429,68.59889530099194],[-30.601397051368973,68.5992610053927],[-30.60113840788703,68.59963109863828],[-30.60138358192124,68.60004581325003],[-30.601758167542062,68.60027322829382],[-30.602761405701308,68.60036680956308],[-30.603764786046103,68.60046045886644],[-30.60502681964525,68.60018846525637],[-30.606034550197815,68.60028214071008],[-30.60679238430798,68.59996549141556],[-30.607051279934744,68.59959542410907],[-30.607309878339397,68.5992297853439],[-30.60806775653427,68.59890874128216],[-30.609329678937566,68.59863671112979],[-30.609588431198368,68.59827102955046],[-30.609846977838014,68.59790538750926],[-30.61060511508354,68.59758436688502],[-30.610863639090105,68.59721872364345]]],"type":"Polygon"},"id":"000000000000000000ee","properties":{"area":99192.31805021186,"elevation":956.5474476204193,"region":"SE","year":2019},"type":"Feature"},{"geometry":{"coordinates":[[[-30.52235059865885,68.62625189214822],[-30.52059806486463,68.6256990226015],[-30.518716472529935,68.62532443298765],[-30.516705241380734,68.62513716635955],[-30.514176971085476,68.625681118345],[-30.51164432873088,68.62622517164966],[-30.50924518468732,68.62658188721282],[-30.507104839475804,68.62657743293843],[-30.50496451080349,68.62657294600058],[-30.503211970442514,68.62601558388448],[-30.50133040168093,68.62564102746256],[-30.501316955625718,68.62642136995203],[-30.50280636557874,68.62734437426133],[-30.502788417882073,68.62812471244588],[-30.502266858725267,68.6288604950854],[-30.50325661725327,68.62973452235995],[-30.50500908825081,68.63029184814485],[-30.506890692548584,68.63066643212015],[-30.508901771958786,68.6308537253047],[-30.510912917425525,68.63104545410182],[-30.513182553110052,68.63086704545061],[-30.51532305539244,68.63087155702239],[-30.517726407114328,68.6305147799543],[-30.519251468604708,68.62987269558295],[-30.52077647935437,68.62923506097388],[-30.521293638050548,68.6284992819345],[-30.521815460961943,68.62776804768977],[-30.522332752346223,68.62703222769655],[-30.52235059865885,68.62625189214822]]],"type":"Polygon"},"id":"000000000000000000ef","properties":{"area":399033.9369964724,"elevation":963.162094652255,"region":"SE","year":2019},"type":"Feature"},{"geometry":{"coordinates":[[[-31.0587135354389,68.52373716574124],[-31.058214049617327,68.52369257675245],[-31.057585305168644,68.52383086368154],[-31.057086017879016,68.523786230327],[-31.056706948139187,68.52355435412868],[-31.05633234312131,68.52332696800254],[-31.05595328808398,68.52309508977],[-31.055578697544657,68.52286770163289],[-31.055199657209172,68.5226358213663],[-31.05482527763898,68.52240839090524],[-31.054321301153813,68.52236379934514],[-31.054196422499945,68.52254658724176],[-31.05407167418932,68.52272944995654],[-31.053946791648706,68.5229122377873],[-31.053826241721048,68.52309505425795],[-31.053197497377568,68.52323332137672],[-31.05257327828164,68.52337157417813],[-31.051944586494937,68.52350972071734],[-31.051320355772138,68.5236479681421],[-31.050695922736,68.52378625319595],[-31.05057113194362,68.5239735012147],[-31.05094568573474,68.52420090357586],[-31.051324777973626,68.52442829337689],[-31.05169927148482,68.5246601965601],[-31.052078378298678,68.52488758432499],[-31.052452886417438,68.52511948549977],[-31.05295671587068,68.5251641237057],[-31.053580980158355,68.52502586825504],[-31.054085008160467,68.52507046206493],[-31.054459540322235,68.52530235766794],[-31.054963248190713,68.52534691370181],[-31.055462756038466,68.52539151413124],[-31.055966798037222,68.52543610104027],[-31.05646610501751,68.52548512582317],[-31.0569699559043,68.52552974938612],[-31.057090497486357,68.5253469295755],[-31.057215249344704,68.5251596757903],[-31.057844029856973,68.52502138979148],[-31.057968897338068,68.52483859803023],[-31.05809363056491,68.52465573138863],[-31.058213962786628,68.52447295134608],[-31.058339020972525,68.52429011917123],[-31.058463757654174,68.52410286478151],[-31.058588483114537,68.5239199980138],[-31.0587135354389,68.52373716574124]]],"type":"Polygon"},"id":"000000000000000000f0","properties":{"area":63863.54723781598,"elevation":1019.5963502427583,"region":"SE","year":2019},"type":"Feature"},{"geometry":{"coordinates":[[[-37.85199337990836,66.70833010899105],[-37.85164103448993,66.70793324273812],[-37.851288843409044,66.70753644334347],[-37.851404843203824,66.70716188140544],[-37.85152518896434,66.70679171002075],[-37.85070020903267,66.70636814802961],[-37.84987539903648,66.70594897003959],[-37.8490504407047,66.70552983646554],[-37.84822536463962,66.70511063063766],[-37.84740049083153,66.70468704910003],[-37.84657561173139,66.70426790085074],[-37.846691515079534,66.7038932796998],[-37.84575075899502,66.7038487477087],[-37.84486340660012,66.70361240779462],[-37.845219975969414,66.70400924004849],[-37.84462705594879,66.70436151059154],[-37.84498377504447,66.70475841185241],[-37.844863175689994,66.70513294587295],[-37.84568822605636,66.7055520571176],[-37.84651327218504,66.70597128013335],[-37.846865371305086,66.70636809116894],[-37.84674945788111,66.7067427157496],[-37.84710188882327,66.7071395451554],[-37.846981305869775,66.70751408412815],[-37.84686559488692,66.70788422279445],[-37.84769037932081,66.7083078611389],[-37.848515396752475,66.70872700705858],[-37.84934012171043,66.70914613003274],[-37.84921987759253,66.70952069161036],[-37.850165191882965,66.70956526616499],[-37.85099008245039,66.70998888496695],[-37.85152066811911,66.70982390847047],[-37.851641201391246,66.7094493626022],[-37.851757174897585,66.7090792360783],[-37.851877382240666,66.70870467295579],[-37.85199337990836,66.70833010899105]]],"type":"Polygon"},"id":"000000000000000000f1","properties":{"area":101903.60860199932,"elevation":1171.9009546539382,"region":"SE","year":2019},"type":"Feature"},{"geometry":{"coordinates":[[[-37.84455572549973,66.7151703817162],[-37.844319368079404,66.71439896892792],[-37.84361474321763,66.71360529318228],[-37.84337845480116,66.71283376587249],[-37.84267389683393,66.71204008875304],[-37.84291020434866,66.71129101806996],[-37.842201203704704,66.71049720592784],[-37.84084556759412,66.7102430681422],[-37.839075348597675,66.70977489887072],[-37.83713120998817,66.70986855375824],[-37.835302976908736,66.70958760900002],[-37.83518706477729,66.7099621792371],[-37.83494621364858,66.71070684287571],[-37.83282371690492,66.71136228014595],[-37.831169359597304,66.71203567468338],[-37.8304604193577,66.71276248071526],[-37.83022411181604,66.7135071145512],[-37.83140129643246,66.71432314823173],[-37.83257851874482,66.7151436112261],[-37.832814751556306,66.71591056237854],[-37.83369770594157,66.71614690647051],[-37.83564635868467,66.71605323276732],[-37.83771088370166,66.7155850660596],[-37.83965943243291,66.71549588685168],[-37.84154571406749,66.71558952061054],[-37.84325361247536,66.71624053699627],[-37.844319280704845,66.71591507635765],[-37.84455572549973,66.7151703817162]]],"type":"Polygon"},"id":"000000000000000000f2","properties":{"area":337414.17070435354,"elevation":1173.7741369781477,"region":"SE","year":2019},"type":"Feature"},{"geometry":{"coordinates":[[[-38.766028759538315,66.42696977831001],[-38.76519501035792,66.42655508792018],[-38.76436560111429,66.4261404302753],[-38.76353175866795,66.42572566363074],[-38.76270240113638,66.42531099603565],[-38.76233681853221,66.42491411449524],[-38.76197119362614,66.42452171527918],[-38.76114158055339,66.4241070231478],[-38.761708017253305,66.42375474643599],[-38.76134678272031,66.42335790196141],[-38.76051290073395,66.4229431693457],[-38.759629958545894,66.42271579191417],[-38.75999564426397,66.4231126280001],[-38.76036122204028,66.42350503117265],[-38.76025876685164,66.42387959892108],[-38.75922431588777,66.42420954788876],[-38.75818530301785,66.42454398432001],[-38.75855081860104,66.42494087773018],[-38.75938489905013,66.42535557569283],[-38.759746010677574,66.42574799631988],[-38.75871142967325,66.42608242676583],[-38.75767687851746,66.42641236642774],[-38.75809166063933,66.42662196764952],[-38.759126268785955,66.42628754142446],[-38.76016502206302,66.42595307896829],[-38.76119952989457,66.42562311981887],[-38.76208257950971,66.42585048806669],[-38.76291208788403,66.42626522676164],[-38.763745791014436,66.42667993203126],[-38.764575205982794,66.42709459452777],[-38.765511679334,66.4271347289439],[-38.766028759538315,66.42696977831001]]],"type":"Polygon"},"id":"000000000000000000f3","properties":{"area":52084.06661878268,"elevation":1181.4876266629904,"region":"SE","year":2019},"type":"Feature"},{"geometry":{"coordinates":[[[-30.82459741505633,68.49091821049963],[-30.823848046607598,68.4904588941136],[-30.822724558875095,68.49054809380802],[-30.822969679287667,68.49096283481923],[-30.822719929912452,68.491328441975],[-30.822965253137202,68.49174314347243],[-30.82271097266706,68.49210875527405],[-30.822461418189718,68.49247890088813],[-30.821208421101822,68.492750897775],[-30.821453729308942,68.49316560308071],[-30.82120393293593,68.49353120943897],[-30.820949818187945,68.49390135771678],[-30.821698895643504,68.49436065670106],[-30.822443676182516,68.49481991576691],[-30.821689895036773,68.49514097439493],[-30.821939754009136,68.49555567612057],[-30.821685413917315,68.49592128909563],[-30.82268889969397,68.4960149702641],[-30.82331308114786,68.49587675541852],[-30.823567266561067,68.49551106472062],[-30.82381697213069,68.49514099010757],[-30.823072349864546,68.49468169856301],[-30.823825773957005,68.49436059800799],[-30.82407554325106,68.49399498679605],[-30.824329695652526,68.49362929625576],[-30.824583890528565,68.49325921770524],[-30.82433408501086,68.4928489855458],[-30.82408905625142,68.49243432116558],[-30.824338587080142,68.49206417296371],[-30.824093317807932,68.49165393690029],[-30.82434316723935,68.49128382436913],[-30.82459741505633,68.49091821049963]]],"type":"Polygon"},"id":"000000000000000000f4","properties":{"area":51181.42438206516,"elevation":970.7847192908399,"region":"SE","year":2019},"type":"Feature"},{"geometry":{"coordinates":[[[-38.42855977338913,66.57837854589992],[-38.42715041701908,66.57831611427676],[-38.42568805380592,66.57843651604078],[-38.42422542649813,66.57856131999793],[-38.422655795043696,66.57905630616183],[-38.42108160210141,66.57955127493906],[-38.419619132484996,66.57967172483788],[-38.41804942698076,66.58017109264777],[-38.416586918047756,66.58029150827697],[-38.415012876690625,66.5807864220157],[-38.414905830737254,66.58116105344865],[-38.41474528388574,66.58172288468054],[-38.416096297431515,66.58197257074555],[-38.41750556301003,66.58203942670893],[-38.418914603380024,66.58210188154304],[-38.42032371611868,66.58216875628824],[-38.42173277622175,66.58223117986032],[-38.42319535135829,66.5821108204386],[-38.424715885002705,66.58180312350905],[-38.42617854067719,66.58167824464559],[-38.42681170375487,66.58113873263333],[-38.427440506497284,66.58059916956358],[-38.428541799782685,66.58008191355509],[-38.42729778351565,66.57945767257475],[-38.427458232731,66.57889578183699],[-38.42855977338913,66.57837854589992]]],"type":"Polygon"},"id":"000000000000000000f5","properties":{"area":166216.10825302807,"elevation":1166.807788917753,"region":"SE","year":2019},"type":"Feature"},{"geometry":{"coordinates":[[[-25.841988908611622,69.558583004512],[-25.841832786445856,69.55816394705073],[-25.84098549722687,69.55785620894083],[-25.839777236856012,69.557914194678],[-25.838751633217708,69.55778936051273],[-25.83772592745686,69.55766443947113],[-25.836522008456054,69.55771797779087],[-25.835135227123942,69.55794981915916],[-25.833752784718467,69.55818616786392],[-25.832370649157763,69.55842255055079],[-25.83098380736116,69.55865435434433],[-25.82977997357355,69.55870791853893],[-25.82857587605283,69.55876584050799],[-25.8275458679145,69.55864104803906],[-25.827189233215602,69.55899776896835],[-25.8275236247713,69.55923854800163],[-25.82855356744757,69.55936345313704],[-25.829935840582728,69.55913151851128],[-25.831318357675435,69.55889520395027],[-25.832526710501064,69.55884170000333],[-25.833195415146353,69.5593232648728],[-25.833864330355812,69.55980932001667],[-25.83507273926574,69.55975579472755],[-25.83645506341515,69.55951946562412],[-25.837480720570525,69.5596443148946],[-25.838867597290992,69.55941245031825],[-25.840249884010294,69.55917608670977],[-25.840606456421103,69.55881941672868],[-25.841988908611622,69.558583004512]]],"type":"Polygon"},"id":"000000000000000000f6","properties":{"area":71159.81215585775,"elevation":1046.5991209457409,"region":"SE","year":2019},"type":"Feature"},{"geometry":{"coordinates":[[[-30.52172178745182,68.65592723955633],[-30.521347093846547,68.65569535701269],[-30.5209726285536,68.65546789877686],[-30.520602628175812,68.65523609497252],[-30.520731789841495,68.65505324050379],[-30.520861278662718,68.65487042177982],[-30.520486609538278,68.65463853703035],[-30.5201164950822,68.65440665665884],[-30.519741971739514,68.65417484530118],[-30.51936734726252,68.65394742245637],[-30.51949670789504,68.65376452987307],[-30.51962597686533,68.65357728732647],[-30.519255909297087,68.65334986967078],[-30.51875211640585,68.65330083298282],[-30.51824799725131,68.65325175867287],[-30.517873532975404,68.6530244072166],[-30.517499120720853,68.65279247489751],[-30.516999563591675,68.65274340145594],[-30.516495615524565,68.65269886099397],[-30.51612102474237,68.65246696448716],[-30.515617261636425,68.65241791632673],[-30.51498400909351,68.65255614430068],[-30.51435072899625,68.65268990463801],[-30.513717793935555,68.65282816293654],[-30.51358826717803,68.65301097500304],[-30.513963036517957,68.65324283906969],[-30.514333046469286,68.65347027124626],[-30.514707632360576,68.65370217290547],[-30.515082094571444,68.65393399817842],[-30.51545234613862,68.6541658527218],[-30.51582693220227,68.65439328648543],[-30.516330736493575,68.65444233354907],[-30.516834543673202,68.65449137878494],[-30.517209149092565,68.6547188087627],[-30.51771296521395,68.65476785077888],[-30.518212566058445,68.65481692132187],[-30.51858719078958,68.65504434752522],[-30.518961516057068,68.65527620183862],[-30.519336177878568,68.65550809094428],[-30.519706299545955,68.65573997365985],[-30.520080822330716,68.65596732048819],[-30.52058480582227,68.65601642729969],[-30.52108866111638,68.65606545690227],[-30.52159249636454,68.65611001977243],[-30.52172178745182,68.65592723955633]]],"type":"Polygon"},"id":"000000000000000000f7","properties":{"area":52993.15621855269,"elevation":986.9366159234809,"region":"SE","year":2019},"type":"Feature"},{"geometry":{"coordinates":[[[-30.619960259476716,68.63306541371743],[-30.61909525663667,68.63200859725619],[-30.618230128661498,68.6309518160632],[-30.616477651073108,68.63039446077144],[-30.616464372243605,68.63117476383239],[-30.617329466359912,68.63223602161561],[-30.616682800089936,68.63315011947618],[-30.616539975145503,68.63411328534389],[-30.616397504874907,68.6350809527655],[-30.616254649581368,68.63604412156518],[-30.616111976983984,68.63700725210418],[-30.61547003815708,68.6379258557781],[-30.613815581610226,68.63875076984552],[-30.610654112757988,68.63943298729382],[-30.607751280544626,68.63974515815434],[-30.608241679854544,68.64057457334829],[-30.610756668756597,68.6408108783141],[-30.613289454937902,68.64026239898612],[-30.615443156487792,68.6394865219316],[-30.616089729831906,68.63857238246345],[-30.61824349646579,68.63779203838307],[-30.618890050956153,68.63687796554609],[-30.619028225318818,68.63591032723515],[-30.619170971198255,68.6349471571381],[-30.61931370192666,68.63398398850329],[-30.619960259476716,68.63306541371743]]],"type":"Polygon"},"id":"000000000000000000f8","properties":{"area":139956.2843722403,"elevation":992.1705703045616,"region":"SE","year":2019},"type":"Feature"},{"geometry":{"coordinates":[[[-30.518016299749927,68.66418545688754],[-30.517659607371655,68.66317329513107],[-30.515287204948944,68.66197376878972],[-30.513044429897654,68.66059142718787],[-30.510025489089536,68.6603061031136],[-30.50713158671777,68.6598378232233],[-30.505343510638664,68.66084118509282],[-30.503555380623478,68.66184887756688],[-30.499756332338524,68.66266495905647],[-30.49673294619359,68.66237953400896],[-30.493843536285134,68.66191132981223],[-30.491083277511176,68.66126031227843],[-30.488060121309726,68.66097492784405],[-30.484911968873885,68.66087235049277],[-30.48464886430746,68.66124249837101],[-30.48664655057409,68.66221007256445],[-30.48940662260527,68.66286110293953],[-30.491645191238746,68.66424786763196],[-30.492875795486945,68.66553661186501],[-30.494503548635464,68.66627681314722],[-30.497522156564234,68.66656220461566],[-30.50054554654189,68.66684761190432],[-30.50382734863673,68.66676734354303],[-30.505615390965836,68.6657595244608],[-30.50941902950176,68.66494355239098],[-30.512442349282566,68.66522893368527],[-30.51598284299373,68.66477855913736],[-30.518016299749927,68.66418545688754]]],"type":"Polygon"},"id":"000000000000000000f9","properties":{"area":563901.5341210309,"elevation":979.6050103190985,"region":"SE","year":2019},"type":"Feature"},{"geometry":{"coordinates":[[[-24.356983325573797,69.81564133201742],[-24.356020129723245,69.81490553547258],[-24.354669154701504,69.81452652515935],[-24.353705988597838,69.81379082430755],[-24.352742773855553,69.8130550356888],[-24.351779623467234,69.81231924015042],[-24.352363684308994,69.81178864292009],[-24.35449070827133,69.81145419468366],[-24.35507051289305,69.81091913484364],[-24.354107145535895,69.81018338543142],[-24.352564365415603,69.8099827311661],[-24.352689323618844,69.81040636599167],[-24.35313954372794,69.81107523003797],[-24.3510125497193,69.81140965898345],[-24.348881127092184,69.81173963641852],[-24.346950424800628,69.8118957036912],[-24.345594791747008,69.81151666504276],[-24.345206753307757,69.81187335428459],[-24.343597142962185,69.81227025333651],[-24.34146580616808,69.81260467676417],[-24.339338740463795,69.8129346401938],[-24.33875457755331,69.81346973985364],[-24.340689792283158,69.81331361821475],[-24.342624989632046,69.81316205133223],[-24.34358825627055,69.81389784675767],[-24.344939249966675,69.8142768161611],[-24.346290409973587,69.8146558537168],[-24.347837697799683,69.8148565239256],[-24.349964715817585,69.81452208463988],[-24.351899939939777,69.8143705102188],[-24.353251054293878,69.81474951491742],[-24.35460222199974,69.81512850691303],[-24.35576151850971,69.8156814505437],[-24.356983325573797,69.81564133201742]]],"type":"Polygon"},"id":"000000000000000000fa","properties":{"area":148232.84266936753,"elevation":979.0308919609885,"region":"SE","year":2019},"type":"Feature"},{"geometry":{"coordinates":[[[-30.69611718891107,68.65677888248493],[-30.69562673927041,68.65595400139505],[-30.69563567270011,68.655173669059],[-30.693749492345297,68.65480352057222],[-30.691863260308057,68.65442899684928],[-30.68971838201905,68.6544289304045],[-30.687702827468236,68.65424170648726],[-30.687444299551455,68.6546072923607],[-30.686931558544696,68.65534308291753],[-30.685914844081957,68.6560298257029],[-30.68489372153376,68.65671652269376],[-30.682365278227373,68.65726050454379],[-30.68134861558716,68.65795164352595],[-30.679319868646058,68.65854474782496],[-30.67679161643684,68.65908874525354],[-30.676782593920233,68.65986908397092],[-30.678668844466205,68.66024362097131],[-30.680942939731366,68.66006081736637],[-30.68295854269788,68.66024809951881],[-30.68509879227834,68.6602525417999],[-30.687243740873594,68.66025702662236],[-30.68977653609137,68.65970856696285],[-30.692175447648292,68.65934738419848],[-30.693570996979133,68.65888808527482],[-30.6945877814968,68.65820136032565],[-30.69560431231386,68.65751466927343],[-30.69611718891107,68.65677888248493]]],"type":"Polygon"},"id":"000000000000000000fb","properties":{"area":313882.54067945963,"elevation":1017.8964793392199,"region":"SE","year":2019},"type":"Feature"},{"geometry":{"coordinates":[[[-25.91598774124234,69.57217439424005],[-25.915314427047736,69.57168837844571],[-25.91464540251936,69.57120679704144],[-25.913436909857577,69.5712602660686],[-25.912589894628677,69.57095706886572],[-25.911559805108965,69.57083217534304],[-25.910355837206662,69.57089021606292],[-25.909147373954745,69.57094365005271],[-25.907943538318268,69.57099722435574],[-25.906913479634177,69.57087682484432],[-25.90553111009543,69.57110864075372],[-25.905174236094027,69.57146984545271],[-25.905330364559987,69.57188902161583],[-25.906360530365568,69.57201384538521],[-25.907390502344406,69.57213869515988],[-25.908059377693924,69.57262031120617],[-25.908732750939187,69.57310632856665],[-25.90958449562691,69.57340958486802],[-25.91078825412074,69.57335602881888],[-25.911640042583173,69.57365927286331],[-25.912844069233188,69.5736013325907],[-25.91405235672252,69.57354782036484],[-25.914921890608692,69.57324901394672],[-25.915278645115013,69.57289231376791],[-25.915630799698224,69.57253112900476],[-25.91598774124234,69.57217439424005]]],"type":"Polygon"},"id":"000000000000000000fc","properties":{"area":91102.68944788405,"elevation":1083.929337116734,"region":"SE","year":2019},"type":"Feature"},{"geometry":{"coordinates":[[[-30.477425189815843,68.67895403984518],[-30.475949022149546,68.67724621684171],[-30.471432014434026,68.67603780874022],[-30.466785591161884,68.67501222353012],[-30.461488263023654,68.67490518079742],[-30.45619094336256,68.67479816783725],[-30.451151979100125,68.6743210444041],[-30.45135703914593,68.67629640413644],[-30.453577815154816,68.67846348026605],[-30.452266687657993,68.6802962155003],[-30.44793704099248,68.68184354880441],[-30.44341996380344,68.68063514906558],[-30.437988735145762,68.68071089487258],[-30.435077040765446,68.68102301947735],[-30.434778278632592,68.68294939823014],[-30.439683229938023,68.6836093185426],[-30.444463396869363,68.68445214022653],[-30.44976526687093,68.68456359911356],[-30.454148631763147,68.68595478619112],[-30.454353737487903,68.68793021232744],[-30.45836683275017,68.68909401429875],[-30.46105575171287,68.68758681511194],[-30.461354390727166,68.68565606625592],[-30.46518493858297,68.68405970234915],[-30.470616074316098,68.68398386062817],[-30.47531588698436,68.68266848931069],[-30.476622426910986,68.68083576424102],[-30.477425189815843,68.67895403984518]]],"type":"Polygon"},"id":"000000000000000000fd","properties":{"area":1355628.346686267,"elevation":968.0668539515462,"region":"SE","year":2019},"type":"Feature"},{"geometry":{"coordinates":[[[-30.70064311875878,68.6380462113839],[-30.700398036052384,68.63763153767417],[-30.699644402328325,68.63717221719428],[-30.698766036278627,68.63689578573067],[-30.69788763685223,68.63661488431984],[-30.697138435045446,68.63615558967778],[-30.69600577759932,68.63624477336106],[-30.694739356116564,68.63652118750495],[-30.693477336868952,68.63679324117791],[-30.692469588913582,68.63669958318997],[-30.691207742460634,68.63697157710602],[-30.690200003686883,68.63687790277149],[-30.689941380332332,68.63724802456571],[-30.689687241553784,68.6376136817579],[-30.68842091247398,68.63788572722822],[-30.688166666768556,68.63825577153918],[-30.68790794391374,68.63862142656565],[-30.68815768873485,68.63903616051559],[-30.68890697932692,68.63949546635621],[-30.689785163216108,68.639771885689],[-30.69079301728478,68.63986556202637],[-30.69179633521745,68.63995923119583],[-30.692674905999862,68.64023566743967],[-30.69368247057192,68.64032928734514],[-30.694690375715005,68.64042293531514],[-30.695827446313345,68.6403337236312],[-30.696830621945917,68.64042739624155],[-30.69809696205112,68.64015538835132],[-30.69935900534804,68.63987894089782],[-30.699617582025308,68.63951326591842],[-30.69987173499688,68.63914766638275],[-30.700130295563962,68.63878199106709],[-30.70038457435704,68.63841188703265],[-30.70064311875878,68.6380462113839]]],"type":"Polygon"},"id":"000000000000000000fe","properties":{"area":178002.65293940337,"elevation":989.9524995480924,"region":"SE","year":2019},"type":"Feature"},{"geometry":{"coordinates":[[[-30.53622718251833,68.66805157052673],[-30.535108026205254,68.667360342039],[-30.533725578677746,68.66703484255143],[-30.532472652137606,68.6665264967361],[-30.5309611420724,68.66638383770336],[-30.529453877745166,68.66624113151505],[-30.527812911203455,68.66628126818352],[-30.526038230570087,68.66650870847667],[-30.524267922662208,68.66673159170332],[-30.522368327102274,68.66714189313643],[-30.520464305162587,68.66754766000366],[-30.520334934413654,68.66773044322981],[-30.52045097798825,68.66832801279497],[-30.521962558471905,68.66847066961975],[-30.52360351838055,68.66843052386504],[-30.52485216185039,68.66893886691146],[-30.52597567291481,68.66963007156392],[-30.527094897853317,68.67032122248959],[-30.527210984429853,68.67091871135736],[-30.527322326386027,68.67151623511158],[-30.527942235262756,68.67216280605054],[-30.528816155847075,68.67243924538957],[-30.530327815992365,68.67258196407879],[-30.531973241223596,68.67254180140064],[-30.533110210241297,68.67245266884824],[-30.534002006685984,68.67194876178677],[-30.534394649458896,68.6714003388073],[-30.53427858100631,68.6708028179619],[-30.534162714970776,68.67020525789351],[-30.534554967662658,68.66965233560916],[-30.53494300604963,68.66910390876924],[-30.534831479131146,68.66850639540948],[-30.53622718251833,68.66805157052673]]],"type":"Polygon"},"id":"000000000000000000ff","properties":{"area":264965.78109303484,"elevation":983.7763914258082,"region":"SE","year":2019},"type":"Feature"},{"geometry":{"coordinates":[[[-28.779934500400348,69.03288182447736],[-28.77957337757431,69.03264994462177],[-28.779212039025587,69.03241359174716],[-28.77885103735133,69.0321772777544],[-28.778494194725155,69.03194541585049],[-28.77813308109943,69.03170902295236],[-28.7777718987019,69.03147274338727],[-28.777410597070915,69.03123638583999],[-28.777049525456476,69.03100449943933],[-28.77654105731407,69.0309509987226],[-28.776032795236777,69.03089745895689],[-28.77567164798276,69.03066117390249],[-28.775314861709035,69.03042930381125],[-28.774806412961585,69.03037579677606],[-28.774654963129052,69.03055863274233],[-28.775016204658304,69.03079048821411],[-28.774868884692726,69.03097326832562],[-28.774213430204558,69.03110257918186],[-28.774066228934913,69.03128543568694],[-28.774427493437948,69.03152180208303],[-28.774784285032197,69.03175367457376],[-28.77463695660199,69.03193645474859],[-28.774489955281584,69.0321192746687],[-28.77434274879794,69.03230213172452],[-28.774195742798536,69.03248495147778],[-28.774552215735557,69.03271678481717],[-28.774405208302337,69.03289960488434],[-28.77425799569883,69.03308246208722],[-28.774619287628354,69.03331882811644],[-28.774980567613838,69.03355068388382],[-28.775341544818893,69.03378700821152],[-28.7758500678574,69.03384051261453],[-28.77635826466856,69.03389397536488],[-28.77686659137756,69.03394751333587],[-28.777522118210896,69.03381818912001],[-28.778177639463372,69.03368886201974],[-28.778685969442463,69.03374239353678],[-28.779194302675755,69.03379592322719],[-28.779341485121424,69.03361306123841],[-28.779488589049535,69.03343031343626],[-28.77964022813443,69.0332474347783],[-28.77978720069712,69.03306460976123],[-28.779934500400348,69.03288182447736]]],"type":"Polygon"},"id":"00000000000000000100","properties":{"area":57519.73992891425,"elevation":1529.5878178227597,"region":"SE","year":2019},"type":"Feature"},{"geometry":{"coordinates":[[[-37.88328299505011,66.80358098951717],[-37.8824534667297,66.80316183505246],[-37.8830019886118,66.80285415581477],[-37.88264524580082,66.80245728094391],[-37.8816375325848,66.8025955172754],[-37.88062978351668,66.8027381854737],[-37.87962641879891,66.80287647383753],[-37.87913603051809,66.8030012908775],[-37.87909141547535,66.80304142018275],[-37.878498232520826,66.80338921241304],[-37.87795431065141,66.80370139866926],[-37.876888641343456,66.8040269046387],[-37.875822948185565,66.80435240230702],[-37.87570245573651,66.80472692721644],[-37.87510931102317,66.80507921337838],[-37.874993374727005,66.80544931731065],[-37.87582281635741,66.80587296322092],[-37.87683055522876,66.80573026286818],[-37.87783386067688,66.80559204352181],[-37.87872129666898,66.8054894706974],[-37.87932776746341,66.80532894984246],[-37.880393464257374,66.80500342204057],[-37.88146370573413,66.8046734644047],[-37.88252935459598,66.80434791996976],[-37.882573967071,66.80430778931365],[-37.88316260840952,66.8039555196815],[-37.88328299505011,66.80358098951717]]],"type":"Polygon"},"id":"00000000000000000101","properties":{"area":75450.64610745102,"elevation":1464.0376656813203,"region":"SE","year":2019},"type":"Feature"},{"geometry":{"coordinates":[[[-24.43864719125536,69.83415994463667],[-24.438321842833624,69.83391472868946],[-24.437804524266888,69.8338478302533],[-24.43709555275299,69.8339592969821],[-24.436386576447212,69.83407076048168],[-24.435869264766893,69.83400385538309],[-24.435548364597043,69.83375866653262],[-24.435227145353245,69.83351342742313],[-24.434901734558682,69.83326812270778],[-24.434580529678513,69.83302288204955],[-24.43406336491619,69.83295605114908],[-24.433354415911793,69.8330675001606],[-24.43264546211738,69.83317894594298],[-24.431936290731937,69.83329041978163],[-24.431419134139148,69.83322357979725],[-24.430901868448817,69.83315665721534],[-24.43038901843604,69.83308976649883],[-24.430063574049914,69.8328445626269],[-24.429742434793063,69.83259931088024],[-24.42942151548312,69.83235402708262],[-24.428904067493793,69.83228712858897],[-24.42871236532939,69.83246548562298],[-24.429033490051946,69.83271073973691],[-24.42935462192817,69.8329559930816],[-24.429680172336113,69.83320127935679],[-24.430000992375877,69.83344648165053],[-24.43032214576502,69.83369173267806],[-24.430643306308678,69.83393698293625],[-24.430968885606188,69.83418226608444],[-24.430772555391506,69.83436062341777],[-24.430580846517636,69.83453898293094],[-24.43109814184247,69.83460590620143],[-24.431610916355467,69.834672713235],[-24.432128220266243,69.83473963289303],[-24.43264552848339,69.83480655073696],[-24.433162514774974,69.83487341727154],[-24.433871735237936,69.83476193703314],[-24.434388840541722,69.83482888011402],[-24.434901637717008,69.83489567576902],[-24.435418964420425,69.83496258394888],[-24.435739881859316,69.83520338681066],[-24.436257220062334,69.83527029198959],[-24.436966235325755,69.83515882853958],[-24.437162313813047,69.8349848811002],[-24.437354306689095,69.83480656337511],[-24.437550268647417,69.8346281486551],[-24.4377422553511,69.83444983053317],[-24.43845112818347,69.83433827980954],[-24.43864719125536,69.83415994463667]]],"type":"Polygon"},"id":"00000000000000000102","properties":{"area":50317.570447452876,"elevation":1031.3315756169584,"region":"SE","year":2019},"type":"Feature"},{"geometry":{"coordinates":[[[-24.45554734527263,69.83268850287317],[-24.45490088362444,69.8321979564996],[-24.454258763470555,69.83171193812404],[-24.453612146461975,69.8312214168577],[-24.453482675004906,69.83079777060705],[-24.454383461551235,69.83050797342288],[-24.454771412640874,69.83015125134645],[-24.453741496734924,69.83001745404769],[-24.45309483746961,69.82953142801648],[-24.452256475222054,69.82921923512312],[-24.45122211810525,69.82908549888906],[-24.450191862973668,69.8289517390526],[-24.45032126420083,69.82937538898639],[-24.450450442769153,69.82979449118292],[-24.449032685796748,69.83001745395113],[-24.44761007293777,69.83024043323303],[-24.446709351806646,69.8305302718178],[-24.44773931458525,69.83066400528197],[-24.448385983745993,69.83115452234057],[-24.44942040417426,69.83128827697375],[-24.450450543796585,69.83142207202326],[-24.451288838732268,69.83173419351475],[-24.452323430197794,69.83186800842925],[-24.45335330095065,69.83200173362397],[-24.454191667907327,69.8323094521248],[-24.454838327586486,69.8327999703983],[-24.45554734527263,69.83268850287317]]],"type":"Polygon"},"id":"00000000000000000103","properties":{"area":57570.55357495193,"elevation":1032.3341633466132,"region":"SE","year":2019},"type":"Feature"},{"geometry":{"coordinates":[[[-25.550087092098572,69.64977615023986],[-25.54941844880935,69.64929010253897],[-25.548753905776582,69.64880400580677],[-25.547723902307254,69.64867917762997],[-25.54651103921081,69.64873268932283],[-25.54511968807224,69.64896453827224],[-25.543906934628254,69.64901810896136],[-25.54324232229802,69.64853201881164],[-25.542573668204778,69.64804597098217],[-25.541543550141107,69.64792113202334],[-25.54069623509171,69.64761345073764],[-25.540335139711036,69.6479701797127],[-25.540486850146973,69.64839380426726],[-25.540633956289927,69.64881745990445],[-25.540272721417754,69.64917410929645],[-25.53990698298431,69.64953086912627],[-25.54005869183584,69.64995449435989],[-25.539693146812898,69.65031122119689],[-25.540361791192684,69.65079728233572],[-25.54102627636722,69.65128330583597],[-25.541695189665802,69.65176932761018],[-25.542542336633353,69.65207253944133],[-25.543572561947993,69.65220189669554],[-25.544419756371045,69.652505097354],[-25.545084174885574,69.65299113405915],[-25.546297051531134,69.65293766354307],[-25.547175374314666,69.65264329794296],[-25.547540973377405,69.65228663338912],[-25.546872114568437,69.6518006068373],[-25.546207894644787,69.65131454557573],[-25.547086269957635,69.65102026142016],[-25.548481813014135,69.65078834673696],[-25.54987326456813,69.65055646518024],[-25.54972157425604,69.65013281956685],[-25.550087092098572,69.64977615023986]]],"type":"Polygon"},"id":"00000000000000000104","properties":{"area":135520.9161439132,"elevation":946.4351426913541,"region":"SE","year":2019},"type":"Feature"},{"geometry":{"coordinates":[[[-28.445586689238045,69.13059855252665],[-28.445381500325407,69.13017941221841],[-28.444717194002383,69.1303087061837],[-28.44390545568521,69.13062086076465],[-28.442581245535944,69.1308750300642],[-28.44126128355611,69.13112921817773],[-28.4399370293636,69.13138336407175],[-28.438612580454922,69.131641931483],[-28.437288203848098,69.13189616805909],[-28.436271506871428,69.13178909068805],[-28.435250474734072,69.13168208945649],[-28.434229299497833,69.13157060704445],[-28.43392607683847,69.13193629567263],[-28.43362289228026,69.13229747331171],[-28.433319524466356,69.13266308382005],[-28.433524836217956,69.13308228544145],[-28.43373434698597,69.13349692963304],[-28.434091133952375,69.1337332657186],[-28.43541542987715,69.13347909299961],[-28.436739829631044,69.1332249859197],[-28.438059653990535,69.13296628528987],[-28.438362911572295,69.13260517619571],[-28.43968729126022,69.13234653272904],[-28.441011476147967,69.13209231078635],[-28.442335968831557,69.13183811770746],[-28.443655887125058,69.13158403333907],[-28.44498017740405,69.13132534304064],[-28.445283517337575,69.13096418487622],[-28.445586689238045,69.13059855252665]]],"type":"Polygon"},"id":"00000000000000000105","properties":{"area":63860.49866122851,"elevation":1868.4657243421418,"region":"SE","year":2019},"type":"Feature"},{"geometry":{"coordinates":[[[-37.624918154821074,66.90439676081316],[-37.62450790902191,66.9041872108348],[-37.623616059498104,66.90395091347862],[-37.622666294675774,66.90390187092183],[-37.62171197929935,66.90385279415212],[-37.620762224756106,66.90380373753669],[-37.6197500403967,66.90394641541386],[-37.61880028959085,66.90389734433177],[-37.617725612113226,66.90422291409521],[-37.6167714476354,66.90417386839091],[-37.61569659391021,66.90449935414205],[-37.61462203694934,66.90482485010683],[-37.61354735194754,66.90514594531676],[-37.61342694191239,66.90552050188693],[-37.61377943517357,66.90591736578803],[-37.61472909459997,66.90596640605212],[-37.615678759157596,66.90601543930575],[-37.61669552003337,66.90587726043643],[-37.617707892739645,66.90573899731405],[-37.61872008053121,66.90560077542287],[-37.619669746518156,66.90564977927059],[-37.620624118134046,66.90569887100247],[-37.62169864992515,66.90537332436683],[-37.62264846309172,66.90542237391901],[-37.623723107693515,66.90509687862925],[-37.62479772820089,66.90477137492516],[-37.624918154821074,66.90439676081316]]],"type":"Polygon"},"id":"00000000000000000106","properties":{"area":81986.00891533431,"elevation":1793.3807551447505,"region":"SE","year":2019},"type":"Feature"},{"geometry":{"coordinates":[[[-30.46681244536088,68.74292876272284],[-30.465296418696877,68.74278604790534],[-30.463517040724568,68.74300901268118],[-30.462393414061793,68.74231338941554],[-30.46087740687699,68.74217074141168],[-30.45962431983802,68.74166239211958],[-30.4581082523032,68.74151963835429],[-30.45685083614195,68.74101133206099],[-30.455597709171943,68.74050298564885],[-30.45395239475255,68.74054316338724],[-30.453560000767983,68.74109162304049],[-30.452659129190028,68.74159549988714],[-30.453279084002567,68.7422420468525],[-30.452882081446866,68.74279049917546],[-30.452489754340917,68.74333903386339],[-30.45209748488114,68.74389191882165],[-30.453479684251093,68.74421740020425],[-30.454995735956132,68.74436012716106],[-30.456516376448313,68.74450284487119],[-30.45776939406852,68.745011147505],[-30.459677890098835,68.74460534947829],[-30.461193835626492,68.74474804867607],[-30.462973150989132,68.74452515037679],[-30.464881675529906,68.7441148935289],[-30.466531573131366,68.74407474675883],[-30.466415585909264,68.74347717471949],[-30.46681244536088,68.74292876272284]]],"type":"Polygon"},"id":"00000000000000000107","properties":{"area":169849.85967500022,"elevation":1190.619873982123,"region":"SE","year":2019},"type":"Feature"},{"geometry":{"coordinates":[[[-30.59006203755962,68.71280304701419],[-30.58905426640577,68.71270494815651],[-30.58804198166897,68.71261130408632],[-30.587163571364368,68.71233487709395],[-30.586155874831494,68.71224122232141],[-30.585143630374816,68.71214755711242],[-30.58413575773662,68.71205392741136],[-30.583123634131933,68.71195585769951],[-30.582864937870553,68.71232598814501],[-30.58311012696223,68.71274061183736],[-30.58234329234667,68.71305723561073],[-30.58258860977642,68.71347193601389],[-30.582833736509826,68.71388667583864],[-30.583078937997076,68.71430130038708],[-30.582820377838942,68.71466692752881],[-30.583703168298367,68.71494342505648],[-30.584710991286325,68.71504156170155],[-30.585723220256646,68.71513515369234],[-30.586731032384044,68.71522881055957],[-30.587497990433473,68.71490777187493],[-30.588260568710403,68.71458668667822],[-30.58851905089845,68.71422105057992],[-30.589285956851832,68.7139000033092],[-30.589544614671208,68.7135343262845],[-30.589803395988945,68.713168724397],[-30.59006203755962,68.71280304701419]]],"type":"Polygon"},"id":"00000000000000000108","properties":{"area":79263.2678483533,"elevation":1116.7825435729842,"region":"SE","year":2019},"type":"Feature"},{"geometry":{"coordinates":[[[-38.02774876298906,66.81706974415538],[-38.02679014288579,66.81550460414614],[-38.02293755154843,66.81550904902767],[-38.01903126615726,66.81570080738483],[-38.01749293623364,66.81600408699403],[-38.01370727767163,66.81734175430739],[-38.010202226004616,66.81622250980189],[-38.00635421131538,66.81622700581086],[-38.00784359150432,66.81762715092795],[-38.008802178172786,66.81918783034688],[-38.006911505754296,66.82061471912367],[-38.00883781841073,66.82208179696666],[-38.00509208388188,66.82337048171749],[-38.00185046649026,66.82287993949517],[-38.00036110756058,66.82147981666562],[-38.00131531647386,66.82304496835548],[-38.00237216873253,66.82437819105436],[-38.00634076459793,66.82400362202382],[-38.00929269549945,66.82342842426928],[-38.010657129281476,66.82250537379626],[-38.01055458090506,66.82121670613537],[-38.0104654484141,66.82002610957203],[-38.011878856501426,66.81858136613756],[-38.015963463283434,66.81782779773583],[-38.01928987826794,66.8195044066473],[-38.023374408403896,66.81875527396495],[-38.02728515501671,66.81856354034413],[-38.02774876298906,66.81706974415538]]],"type":"Polygon"},"id":"00000000000000000109","properties":{"area":364225.6488555535,"elevation":1475.4368800541777,"region":"SE","year":2019},"type":"Feature"},{"geometry":{"coordinates":[[[-33.111255572451185,68.13184014168489],[-33.11047076144417,68.13139426228157],[-33.10968600472571,68.13094391458564],[-33.10869607491913,68.1308680634988],[-33.107911152539614,68.13042221259714],[-33.10712633883882,68.12997177756888],[-33.10634609619703,68.12952591281275],[-33.10545866912028,68.12926283250323],[-33.10425465994725,68.12955267178903],[-33.10326033154146,68.12947685852491],[-33.103550189905675,68.12988261710544],[-33.10284567581346,68.13021702312803],[-33.10164173627496,68.13050691350902],[-33.10044223070568,68.13080118002469],[-33.09973781931887,68.13113118019581],[-33.09952802259066,68.1315012830946],[-33.09931854773603,68.13187141569932],[-33.099108929169326,68.13224147558556],[-33.0988994412929,68.13261160826043],[-33.09968424864874,68.1330575140141],[-33.100464435150435,68.13350788423213],[-33.101249300238116,68.13395378124908],[-33.1020341673119,68.13440413783742],[-33.10281446737586,68.13485003106932],[-33.10391592761728,68.13474302648753],[-33.104803194135826,68.13500608835706],[-33.105900173441725,68.13489914554617],[-33.1070996702009,68.13460921832116],[-33.10809403108231,68.13468504527044],[-33.10830354661454,68.13431497085479],[-33.10950313284124,68.1340250962078],[-33.10971262217975,68.1336550204266],[-33.1099222961989,68.13328490158364],[-33.1106268200849,68.13295045694642],[-33.11083628326362,68.13258038055633],[-33.11104593111447,68.13221026110325],[-33.111255572451185,68.13184014168489]]],"type":"Polygon"},"id":"0000000000000000010a","properties":{"area":216936.0265730094,"elevation":1300.3911020502114,"region":"SE","year":2019},"type":"Feature"},{"geometry":{"coordinates":[[[-30.647165198574744,68.69973789939245],[-30.64680406596474,68.69872568946371],[-30.644280164104742,68.69849380578266],[-30.64136837564687,68.69881042125034],[-30.639103213264587,68.69820844758198],[-30.636708589102003,68.69778929537608],[-30.63431406615111,68.69737010169415],[-30.632178085919506,68.69658531662135],[-30.630042256282593,68.6958004984186],[-30.627647829472618,68.69538134361649],[-30.624994520915074,68.69532787917008],[-30.621953371992017,68.69582724348429],[-30.61878743844546,68.69650950021013],[-30.61600503763751,68.69663878198654],[-30.613481177850005,68.69640699501792],[-30.61397169300802,68.69723187579692],[-30.614836671559157,68.6982931333269],[-30.616210214169048,68.69939903074902],[-30.618604673830184,68.69981819014174],[-30.620481805087024,68.70096860571323],[-30.622617958170405,68.7017534187893],[-30.625141713447587,68.70198977502993],[-30.627924171787427,68.7018604239831],[-30.629952980261503,68.70126735207782],[-30.633123579853525,68.70058510684916],[-30.635905931896154,68.70045132602357],[-30.638559060113806,68.70050485218253],[-30.641600104512396,68.70000543195265],[-30.64438268701808,68.69987163547783],[-30.647165198574744,68.69973789939245]]],"type":"Polygon"},"id":"0000000000000000010b","properties":{"area":543972.4839192628,"elevation":1092.2006364894764,"region":"SE","year":2019},"type":"Feature"},{"geometry":{"coordinates":[[[-30.62840133643327,68.67218062952163],[-30.625364677053934,68.67268011670477],[-30.622715971925505,68.67262656472667],[-30.619549966454976,68.67330880297146],[-30.61689677095494,68.67325533010909],[-30.614248202972494,68.67320627410768],[-30.611728719361285,68.67296987811632],[-30.60933867226812,68.6725507640306],[-30.60656054805075,68.67268450449025],[-30.605909631143888,68.6735986491458],[-30.605262923928695,68.67451722448999],[-30.60612801012298,68.67557399971614],[-30.605481580147543,68.67649261499791],[-30.604834967743813,68.6774111538997],[-30.604692294264535,68.6783743750561],[-30.60632428163865,68.67911458352773],[-30.60858507486997,68.67971649982934],[-30.610975066835387,68.68013566700174],[-30.613628284014105,68.68018917228763],[-30.6155278995566,68.67977897164836],[-30.61768615975087,68.67900307788265],[-30.619844295769795,68.6782271535579],[-30.621498497445806,68.67740226338088],[-30.6226491028558,68.67653273488143],[-30.623295715600502,68.67561419472095],[-30.623942145865687,68.67469557819844],[-30.624588698252705,68.67378150065474],[-30.627754769239424,68.67309475985442],[-30.62840133643327,68.67218062952163]]],"type":"Polygon"},"id":"0000000000000000010c","properties":{"area":533102.0929000304,"elevation":1053.2583606028643,"region":"SE","year":2019},"type":"Feature"},{"geometry":{"coordinates":[[[-28.522769161972906,69.10512818646446],[-28.522051332022365,69.10465993384184],[-28.519259776191124,69.10535109424295],[-28.515955603077842,69.10599323161755],[-28.5128075769349,69.1064525538559],[-28.51101491048943,69.10527082331801],[-28.510239084502015,69.10420065156569],[-28.509971546834468,69.1031840304468],[-28.51327585846469,69.10254635761667],[-28.514029357057122,69.10163666856208],[-28.51117990886634,69.1017302877721],[-28.50878548519302,69.10127994433839],[-28.508633963448574,69.10145831705145],[-28.506350748705763,69.10220748458669],[-28.505088755031412,69.10306356798951],[-28.504843638088996,69.10402679278334],[-28.50459837091655,69.10498994111421],[-28.50486154294376,69.10600662546727],[-28.50659610799008,69.10658630986444],[-28.508995135968686,69.10703663718766],[-28.511692646940872,69.10712581857197],[-28.514243480832377,69.10739336087067],[-28.516789518663163,69.10766093960578],[-28.519487336668053,69.10775005110727],[-28.521261890999003,69.10694745977234],[-28.52201559517938,69.10603776719384],[-28.522769161972906,69.10512818646446]]],"type":"Polygon"},"id":"0000000000000000010d","properties":{"area":226002.75767335345,"elevation":1800.3154379253017,"region":"SE","year":2019},"type":"Feature"},{"geometry":{"coordinates":[[[-28.433105655410117,69.12294223318163],[-28.432896072022423,69.12252311751332],[-28.432690998035408,69.12210839212912],[-28.432485900225792,69.12168927009829],[-28.43161631278381,69.12139945150412],[-28.431313075655794,69.12176505221136],[-28.430501478776133,69.12207273061321],[-28.430198185981315,69.12243393311516],[-28.429895039254994,69.1227996090582],[-28.429591757060386,69.12316520725847],[-28.428775824402848,69.12347284640956],[-28.428985463682462,69.12389204668258],[-28.428682122941566,69.12425324728603],[-28.428378927951165,69.12461892134397],[-28.428071299181305,69.12498009024642],[-28.42828080986603,69.12539921482863],[-28.42863762591842,69.12563552791545],[-28.42965867384937,69.12574261962654],[-28.43067534012644,69.12584959577497],[-28.430978676060565,69.12548839050135],[-28.431794503646216,69.12517626388227],[-28.431584959456547,69.12476154173916],[-28.43189270922395,69.12439593293941],[-28.43219600676018,69.12403472613681],[-28.43249926444837,69.1236691225],[-28.43280233892954,69.12330795169402],[-28.433105655410117,69.12294223318163]]],"type":"Polygon"},"id":"0000000000000000010e","properties":{"area":56613.917252844054,"elevation":1885.5900932327015,"region":"SE","year":2019},"type":"Feature"},{"geometry":{"coordinates":[[[-37.37090100597564,66.96555783357839],[-37.36883651314522,66.96450099428576],[-37.36868031872779,66.96354230555048],[-37.36941164851723,66.9628199102835],[-37.367030579944746,66.96269506155467],[-37.36496590752804,66.96163380329544],[-37.36528263103169,66.96070185282231],[-37.367984867116725,66.95989476786528],[-37.367351593667145,66.95890928121177],[-37.365162063846704,66.95822262829121],[-37.36278094305976,66.95809772937415],[-37.36033289603317,66.95816020295665],[-37.357822500320175,66.95840984887462],[-37.355311975425245,66.95865516966975],[-37.35607449831058,66.95926598664332],[-37.35813454248243,66.96032731690588],[-37.36019914513941,66.96138407487985],[-37.36083237732024,66.9623695573224],[-37.359084372951415,66.96322569931336],[-37.356382182934865,66.96403276672025],[-37.35368001484576,66.96484435931376],[-37.35545460887873,66.96531700695327],[-37.358031985717076,66.96488005477364],[-37.36073422149268,66.96407295040068],[-37.36311538705429,66.96419779826873],[-37.365179849168555,66.96525907470732],[-37.367436282490694,66.9657540664722],[-37.36982186811005,66.96587892367958],[-37.37090100597564,66.96555783357839]]],"type":"Polygon"},"id":"0000000000000000010f","properties":{"area":307560.77377626946,"elevation":2088.666109096625,"region":"SE","year":2019},"type":"Feature"},{"geometry":{"coordinates":[[[-24.47175613731787,69.8904338558992],[-24.471238959872174,69.89036695217136],[-24.47072157339498,69.89030007798148],[-24.4703961555261,69.89005478838517],[-24.470075168360214,69.8898095303638],[-24.469749551656474,69.8895642705438],[-24.469232191462304,69.88949739095321],[-24.468715048906972,69.88943047820808],[-24.46838956795918,69.88918529594454],[-24.468068617014616,69.8889400332222],[-24.46774303675475,69.88869476863744],[-24.46722570714773,69.88862788183678],[-24.4667083818487,69.88856099322591],[-24.466191274180556,69.88849407146435],[-24.465477879428892,69.88860560403904],[-24.464768789140432,69.88871708511982],[-24.464055270932143,69.88882853043441],[-24.463863486808542,69.8890069051726],[-24.464184599561186,69.88925214609763],[-24.46451014272476,69.8894974187809],[-24.464831269869116,69.88974265815568],[-24.46515682753598,69.88998792926836],[-24.46548206533845,69.890233150177],[-24.46580321409506,69.89047838722186],[-24.4661287935416,69.89072365597407],[-24.46644974334528,69.8909689228095],[-24.466258168932068,69.89114726928224],[-24.465544574050593,69.89125872262058],[-24.464835725113932,69.89137025462314],[-24.464122120570735,69.89148170145496],[-24.463413148181672,69.89159314624008],[-24.463216908659295,69.89176710200539],[-24.463542472731213,69.89201237649505],[-24.464059745690612,69.8920791942337],[-24.464768732715395,69.89196774624507],[-24.465482352008554,69.89185629618845],[-24.466195639299215,69.89174479345567],[-24.46690461185231,69.89163333576145],[-24.46761810283079,69.89152179518324],[-24.46832706573601,69.8914103310254],[-24.469040660869503,69.89129886469226],[-24.46975403782051,69.89118742644068],[-24.470463102064024,69.8910804193698],[-24.47117635567068,69.89096889386285],[-24.471368220656696,69.89079059113264],[-24.471564278519935,69.89061215902771],[-24.47175613731787,69.8904338558992]]],"type":"Polygon"},"id":"00000000000000000110","properties":{"area":63916.91381159799,"elevation":1150.5849350072212,"region":"SE","year":2019},"type":"Feature"},{"geometry":{"coordinates":[[[-38.141607618779,66.80980591848574],[-38.14077379491053,66.8093867561448],[-38.1408896721379,66.80901218754573],[-38.1400558842732,66.80859302142464],[-38.14016723845381,66.80822288489311],[-38.13933331160488,66.80780376467888],[-38.13849958640261,66.8073845897451],[-38.13760784539248,66.80715271629462],[-38.13666229561242,66.80710813456338],[-38.13577058218968,66.80687624839821],[-38.13487871040728,66.80664440583222],[-38.13392896386726,66.80659981206617],[-38.133817533329456,66.80696994169226],[-38.13417427063137,66.80736677104957],[-38.13406285394559,66.80774134128183],[-38.133946889864866,66.80811590271936],[-38.13478073480208,66.80853505886932],[-38.13466917531017,66.80890956403466],[-38.13455319932193,66.80927968802447],[-38.13443723421496,66.80965425185622],[-38.13432581002377,66.81002882526028],[-38.134209838050324,66.81040338988123],[-38.13409840711639,66.81077796408164],[-38.13445519603134,66.81117479740374],[-38.13481636501925,66.81157168907242],[-38.13565032848966,66.81199084365389],[-38.136541886721325,66.81222271618375],[-38.13749183896671,66.8122672900767],[-38.13855299996236,66.8119373271065],[-38.13961445718813,66.81160737323862],[-38.14062208170133,66.81146471327557],[-38.14115272044495,66.81129969571158],[-38.14126421837166,66.81092962190554],[-38.14138009664063,66.81055505090717],[-38.14149614638927,66.81018043057651],[-38.141607618779,66.80980591848574]]],"type":"Polygon"},"id":"00000000000000000111","properties":{"area":153534.7702936065,"elevation":1582.728270473887,"region":"SE","year":2019},"type":"Feature"},{"geometry":{"coordinates":[[[-37.8103366144461,66.90667539694282],[-37.80997978112362,66.90627848581492],[-37.809150374928805,66.90585937197939],[-37.80831647806689,66.90543579137115],[-37.807486980498076,66.90501660018518],[-37.807607617487925,66.90464204804988],[-37.8067737433819,66.90422289993349],[-37.80689406488432,66.90384833124928],[-37.807491623066305,66.90349606115142],[-37.80808471343049,66.9031482768313],[-37.8072553288038,66.90272464559905],[-37.80624292231538,66.90286730549447],[-37.80523086875204,66.90300553454423],[-37.804338940480484,66.90277368108407],[-37.80338909556597,66.90272463902235],[-37.80326873192265,66.90309920335896],[-37.802198499323936,66.90342471728562],[-37.802078115696126,66.9037992815183],[-37.801957728455,66.90417384612601],[-37.801837337600425,66.90454841110869],[-37.801716984501034,66.90491853523933],[-37.80206929215774,66.90531539834302],[-37.80242598149816,66.90571665552781],[-37.80230563025576,66.90608678161477],[-37.802185234139095,66.90646134931451],[-37.80254198078695,66.90685816631999],[-37.80337582087808,66.90728178659872],[-37.803255474306894,66.9076519154405],[-37.804147333806775,66.90788826959381],[-37.805039106116546,66.90812010893106],[-37.80605117807217,66.90798192695567],[-37.80700104140232,66.90803099817994],[-37.80807113070859,66.90770097912531],[-37.80914585849357,66.9073754810094],[-37.809266164005166,66.90700090634918],[-37.8103366144461,66.90667539694282]]],"type":"Polygon"},"id":"00000000000000000112","properties":{"area":151742.06069968618,"elevation":1705.8287169090781,"region":"SE","year":2019},"type":"Feature"},{"geometry":{"coordinates":[[[-25.649765894252617,69.69442516188286],[-25.64960980874362,69.69400150510971],[-25.648579794932424,69.69387664056043],[-25.647906539515066,69.69339054748812],[-25.646876476890448,69.69326578347041],[-25.6458419033214,69.69314093406243],[-25.644811965741855,69.69301604275802],[-25.643777400111883,69.69288676402354],[-25.642925588514466,69.69258350981227],[-25.641530051396558,69.69281539406937],[-25.64013416546812,69.69304721883941],[-25.638738587889268,69.69327907782791],[-25.637342919602883,69.6935154516778],[-25.63594709037768,69.69374731834482],[-25.634917109512827,69.69361805640258],[-25.633882640395203,69.69349312346148],[-25.63403422121685,69.69391676897766],[-25.63506880410408,69.69404158787003],[-25.63592041582382,69.69434480793906],[-25.636772193253464,69.69465251743397],[-25.637802216458134,69.69477735110517],[-25.638836782605352,69.69490225587137],[-25.639871177050694,69.69503160101279],[-25.64056680414741,69.69491557155301],[-25.64144526306815,69.6946168224196],[-25.642840913612808,69.69438493727691],[-25.644236661624177,69.69415311929856],[-25.645632271697025,69.69392120888774],[-25.646849693645436,69.69386775161547],[-25.647696880347745,69.69417093710716],[-25.648731450534587,69.69430030040894],[-25.649765894252617,69.69442516188286]]],"type":"Polygon"},"id":"00000000000000000113","properties":{"area":77505.27311232155,"elevation":995.1265051838756,"region":"SE","year":2019},"type":"Feature"},{"geometry":{"coordinates":[[[-25.750827096486876,69.67812264962073],[-25.750671052623858,69.67769902057232],[-25.75000197898935,69.67721744703057],[-25.74914588570923,69.67690978616089],[-25.748271856615688,69.67720851512478],[-25.748428017907997,69.67762769975157],[-25.747032268374006,69.67786403238648],[-25.745641072714267,69.67809590031018],[-25.744245448699026,69.67832776019299],[-25.74285416356628,69.67856413016682],[-25.741641376494403,69.67861761427396],[-25.74042837943944,69.67867112168567],[-25.739393867828927,69.6785462756967],[-25.73818088126226,69.67859976485418],[-25.737329300525047,69.67829655743516],[-25.735938156055237,69.67852841634016],[-25.734903485155076,69.6784035718789],[-25.735059606904265,69.67882274084612],[-25.73591120996351,69.67913037586924],[-25.737306968480986,69.67889406481613],[-25.73833710930006,69.67902334402069],[-25.739188851244187,69.67932662494431],[-25.74004050055614,69.67962982101633],[-25.741074856482122,69.67975469494533],[-25.742466056518957,69.67952278772103],[-25.743861973433063,69.67929091004034],[-25.745253088967587,69.67905456322849],[-25.74664875443337,69.67882269338503],[-25.748039991380345,69.67859081553195],[-25.749435782185724,69.67835447293574],[-25.750827096486876,69.67812264962073]]],"type":"Polygon"},"id":"00000000000000000114","properties":{"area":60281.87908746558,"elevation":1026.3748802681996,"region":"SE","year":2019},"type":"Feature"},{"geometry":{"coordinates":[[[-37.924293400316266,66.8917775359631],[-37.92393655192084,66.89138064285007],[-37.92310259197161,66.89096153058236],[-37.92274591731608,66.89056470235474],[-37.922389107812265,66.89016780627719],[-37.92155538658067,66.88974863579833],[-37.920721516384624,66.8893295097673],[-37.91982976538252,66.88909313106241],[-37.919709287000146,66.88946773459031],[-37.91959339157704,66.88984223842503],[-37.91947290603948,66.89021684270978],[-37.91983408220965,66.89061369659059],[-37.920663564994605,66.89103288063271],[-37.92007055033459,66.89138515738534],[-37.91900026872008,66.89171068990132],[-37.917930138875384,66.89203616462056],[-37.91733706852968,66.89238843037319],[-37.91722127109098,66.89276300334018],[-37.91710073778148,66.89313760936024],[-37.91811299162126,66.89299489401901],[-37.91918301306379,66.89266934917781],[-37.920253353241065,66.89233937292339],[-37.9212611331302,66.89220112514025],[-37.922152876514815,66.89243298731375],[-37.92310708821629,66.89248210411027],[-37.92405694537868,66.89252670691907],[-37.92417738020514,66.89215209585737],[-37.924293400316266,66.8917775359631]]],"type":"Polygon"},"id":"00000000000000000115","properties":{"area":62055.70840550171,"elevation":1660.1868692727055,"region":"SE","year":2019},"type":"Feature"},{"geometry":{"coordinates":[[[-30.441569523078975,68.84529188942861],[-30.440445755639928,68.8446007093179],[-30.438300899468654,68.84381147383031],[-30.43575926055142,68.84357512629383],[-30.43322207180547,68.84333431355253],[-30.43068475839942,68.84309796068679],[-30.42774629092826,68.84341009983383],[-30.427616905262035,68.84359292967333],[-30.424923537571225,68.8443197598288],[-30.42324686439272,68.84514026552422],[-30.42208313252957,68.8460098026839],[-30.4214186378104,68.8469283591312],[-30.42177548060863,68.84794058058385],[-30.422640679579047,68.84899741359597],[-30.4245179610271,68.85015676827842],[-30.426399478612005,68.8513116428653],[-30.427260217818038,68.85237294671613],[-30.429141845861974,68.85352782431724],[-30.43128670126549,68.85431709101314],[-30.43369471900069,68.85473626808752],[-30.436499458352472,68.8546069401042],[-30.439696612265323,68.85392919006193],[-30.441373326821438,68.85310870893397],[-30.44101651628937,68.85209645774907],[-30.44116810486827,68.85112886580578],[-30.441319749814475,68.85016562654697],[-30.440963103828654,68.84915345431],[-30.441114663603198,68.84818586660053],[-30.4412662797874,68.84722263156017],[-30.441417811905314,68.84625951277948],[-30.441569523078975,68.84529188942861]]],"type":"Polygon"},"id":"00000000000000000116","properties":{"area":802144.2706251772,"elevation":1337.5841759096065,"region":"SE","year":2019},"type":"Feature"},{"geometry":{"coordinates":[[[-30.40929434884322,68.84343686495073],[-30.407417183887237,68.84228200769415],[-30.403114188692854,68.84148381933076],[-30.39880669037953,68.84068564326179],[-30.393977463986918,68.8406232192314],[-30.38993744675938,68.83945938493598],[-30.3885908317146,68.83757320368947],[-30.38481406070674,68.83603925584966],[-30.38051090311162,68.83524102923003],[-30.37594483352,68.83481295775401],[-30.37217254677817,68.83328353088663],[-30.367606263870602,68.83285099167524],[-30.36542139937615,68.83362237126602],[-30.363214098450385,68.83517860487422],[-30.363035821382187,68.83692663324622],[-30.365153781218954,68.83849624361085],[-30.3693230897515,68.83947717166595],[-30.37336303365922,68.84064106387557],[-30.37766606617658,68.84143924233919],[-30.381969044419574,68.84223736640958],[-30.38680281618685,68.8422998248358],[-30.390445847570252,68.84401216193447],[-30.39474895096325,68.84481027774952],[-30.399319435817443,68.84523835884937],[-30.403756263686848,68.84585371043507],[-30.4081038498176,68.84508678339213],[-30.40929434884322,68.84343686495073]]],"type":"Polygon"},"id":"00000000000000000117","properties":{"area":1092021.3644706036,"elevation":1343.219198140463,"region":"SE","year":2019},"type":"Feature"},{"geometry":{"coordinates":[[[-30.476582378435978,68.81764101935373],[-30.476114066064945,68.8160312188001],[-30.47066502812432,68.81532224176935],[-30.464823680929253,68.81516622672127],[-30.45898225864386,68.81501012410175],[-30.452614555738663,68.81558983399152],[-30.447562557460124,68.81433236730425],[-30.442773456187275,68.81270925317439],[-30.439750118505795,68.81163899892609],[-30.433779324200792,68.8116658309509],[-30.427804326912476,68.81169255403213],[-30.423019622652713,68.8100649613083],[-30.416388904719874,68.81101030376884],[-30.416125792945238,68.81137591538265],[-30.416701076801452,68.81358316427999],[-30.42135627135392,68.81539356480168],[-30.424994933009028,68.8171059436476],[-30.429784127025215,68.81872901984094],[-30.435362423787673,68.81925517804032],[-30.440945178909107,68.81978131533978],[-30.447183402548283,68.81938453915438],[-30.4536848328995,68.8186264644435],[-30.458210688487576,68.82061521167677],[-30.46260754333237,68.82279128704126],[-30.468448943806195,68.82294730892707],[-30.473184436828394,68.82162742765786],[-30.475645922009793,68.81970554076885],[-30.476582378435978,68.81764101935373]]],"type":"Polygon"},"id":"00000000000000000118","properties":{"area":1685363.5409352297,"elevation":1310.446640163402,"region":"SE","year":2019},"type":"Feature"},{"geometry":{"coordinates":[[[-30.30289596600802,68.86376148413228],[-30.302146705065212,68.86329769197222],[-30.30139758365492,68.86283843815816],[-30.300514716642862,68.86255750204695],[-30.299631672496734,68.8622765996178],[-30.298748829206428,68.86200011898848],[-30.297866030763892,68.86171916597199],[-30.297116870086622,68.86125546153878],[-30.296367739198143,68.86079175309813],[-30.295618506773526,68.86032796504291],[-30.294735590620952,68.86005149807212],[-30.293456072663638,68.86031906753225],[-30.292171594632165,68.86059104405138],[-30.291904032139698,68.86095668094094],[-30.292145030047656,68.86137136524417],[-30.292894085639556,68.8618350971238],[-30.29364755373675,68.86229887654258],[-30.29439680033554,68.86276267599305],[-30.294129241919983,68.86312831806113],[-30.29487839175321,68.86359203946739],[-30.29562757138004,68.86405575686594],[-30.29651044208058,68.86433225723607],[-30.297527013772818,68.86443035667973],[-30.298673059675842,68.86434114318527],[-30.299555962679026,68.86462209092578],[-30.300572569554358,68.86472016828161],[-30.301589341225785,68.86481384710135],[-30.30236528766367,68.86449724071555],[-30.30262818442789,68.86412710504023],[-30.30289596600802,68.86376148413228]]],"type":"Polygon"},"id":"00000000000000000119","properties":{"area":117309.63641552516,"elevation":1379.7362174695668,"region":"SE","year":2019},"type":"Feature"},{"geometry":{"coordinates":[[[-30.591207866025787,68.79722277967723],[-30.59045438620305,68.79676342668456],[-30.58931285420711,68.79685263864944],[-30.58829619218134,68.79675452945605],[-30.587283950153456,68.79666092114695],[-30.587020827192095,68.79703098975341],[-30.585745538166393,68.79730304862095],[-30.58497865912718,68.79761962258868],[-30.584211594259962,68.7979406981879],[-30.58395298647379,68.79831076547279],[-30.58368989532547,68.79867643919286],[-30.583935088655487,68.79909114779696],[-30.583168131630902,68.79940771371416],[-30.583417897262986,68.79982242668457],[-30.582646366597512,68.80014345318322],[-30.582387809785708,68.80050912894805],[-30.58212470049824,68.80087926721434],[-30.58186599520882,68.8012448672733],[-30.581099108683468,68.80156596514723],[-30.58224073091136,68.80147674060095],[-30.583516069473312,68.80120474833926],[-30.58453271656359,68.80129834951292],[-30.58554493113697,68.80139201568548],[-30.58682024236639,68.80111999413394],[-30.588095530163905,68.80084796152177],[-30.58886258259349,68.8005269780341],[-30.589125623309567,68.80016129439448],[-30.58938417934066,68.79979121735737],[-30.58964720349829,68.79942553332526],[-30.589905775897712,68.79905992161687],[-30.58966067487482,68.79864518489632],[-30.589919204598452,68.79827510798293],[-30.590686252831212,68.79795846771043],[-30.590441079801103,68.79754384806314],[-30.591207866025787,68.79722277967723]]],"type":"Polygon"},"id":"0000000000000000011a","properties":{"area":120933.10008860883,"elevation":1274.9366316101316,"region":"SE","year":2019},"type":"Feature"},{"geometry":{"coordinates":[[[-38.07546577034697,66.80589524567716],[-38.074636328710845,66.80547606012249],[-38.07380251584968,66.80505692542033],[-38.07391832494509,66.80468236422787],[-38.07308454808943,66.80426322574306],[-38.07225079795724,66.80384408225952],[-38.071247467843385,66.80398673060155],[-38.07029773081038,66.80394218187118],[-38.0693523960704,66.8038975704603],[-38.06828646447277,66.80422310639048],[-38.06734112657385,66.80417848017338],[-38.06639139574021,66.80413390251978],[-38.06627548662661,66.8045084569334],[-38.06663672309978,66.80490530806131],[-38.06746618707145,66.80532449584004],[-38.0682999004876,66.80574367269563],[-38.06913381565624,66.80616279492645],[-38.06854514656569,66.80651057169827],[-38.067479425619055,66.80684056159794],[-38.066418223757026,66.80717055478834],[-38.06535245138105,66.80749608862311],[-38.06429120133104,66.80782606532787],[-38.06464790566801,66.80822291474719],[-38.06565567050512,66.80808019194376],[-38.066600993728116,66.80812476309953],[-38.067550838662534,66.80817389509834],[-38.068558591437345,66.80803114965599],[-38.069561937058126,66.80788845210053],[-38.07062750725596,66.80756293276922],[-38.071688826427675,66.80723297172729],[-38.07269213115039,66.80709025042069],[-38.07369979533051,66.80694758237891],[-38.07476120789864,66.80662210366854],[-38.07535419928738,66.80626980347881],[-38.07546577034697,66.80589524567716]]],"type":"Polygon"},"id":"0000000000000000011b","properties":{"area":132701.14364616128,"elevation":1488.7775231830924,"region":"SE","year":2019},"type":"Feature"},{"geometry":{"coordinates":[[[-26.27071809052615,69.57722212071391],[-26.27037472036813,69.57697685643512],[-26.269344574434765,69.57685644178483],[-26.268140612697156,69.5769144171832],[-26.267284510211876,69.57661122355668],[-26.26625001217416,69.57649080672661],[-26.265220047285627,69.57637044213385],[-26.264016122074914,69.57642838381337],[-26.262807589386412,69.57648636920644],[-26.26177760153573,69.576361454845],[-26.260747476154062,69.57624109258492],[-26.259365072890393,69.57647743918736],[-26.259017432034298,69.57683862704593],[-26.257634984325943,69.57707495831377],[-26.256257178919913,69.5773157495173],[-26.254874899135427,69.57755202208568],[-26.25400990009532,69.57785083858442],[-26.253144761609637,69.57814957109905],[-26.25227972285962,69.57844837820384],[-26.25330974458549,69.57856871942444],[-26.25399187636769,69.57905479078167],[-26.254674311936164,69.5795363786017],[-26.255352049161264,69.58001793691697],[-26.256386478967745,69.58013834936747],[-26.25759046071737,69.58008038737434],[-26.258972764833107,69.57984400820891],[-26.26035055975343,69.57960774919046],[-26.261732885851266,69.57936689878593],[-26.263115247376213,69.57913056151975],[-26.263980451050294,69.57883185119508],[-26.26329802120687,69.57835027495143],[-26.26416307278553,69.5780514848337],[-26.26554540501083,69.57781068015849],[-26.26692337505743,69.57757440834037],[-26.268305603234285,69.57733802507465],[-26.269509587805214,69.57728004802912],[-26.27071809052615,69.57722212071391]]],"type":"Polygon"},"id":"0000000000000000011c","properties":{"area":151948.59520023712,"elevation":1309.0610611785137,"region":"SE","year":2019},"type":"Feature"},{"geometry":{"coordinates":[[[-38.039235660875725,66.81572757949488],[-38.03881643527133,66.81551799146386],[-38.03887435774097,66.81533073415511],[-38.03893227934435,66.8151434769444],[-38.03851760954541,66.81493390082177],[-38.03810280120297,66.81472425630037],[-38.03768374556017,66.81451473227696],[-38.03726909574273,66.81430515243417],[-38.03685430738816,66.81409550419144],[-38.03643527183575,66.81388597640455],[-38.036020641998824,66.81367639284197],[-38.03554776037996,66.81364960560751],[-38.03507079935537,66.81362732833028],[-38.034598063363354,66.81360504439675],[-38.03412532854224,66.81358275871952],[-38.03364822588511,66.81356040898025],[-38.033590417351476,66.813747730206],[-38.03353228764679,66.81393503394149],[-38.03300159021655,66.81409999839947],[-38.032943633148975,66.81428281289523],[-38.03288581798875,66.81447013430649],[-38.03282785678695,66.81465738864631],[-38.03324247418219,66.81486698327853],[-38.033661642615925,66.81507658941202],[-38.03407644848484,66.81528613197841],[-38.03401831822052,66.81547343690781],[-38.03348776772792,66.81563835484214],[-38.03295263672945,66.81580337471176],[-38.0328946726301,66.81599062994258],[-38.03331385507745,66.81620023790417],[-38.03372849963499,66.81640983186882],[-38.03414332598917,66.8166193750169],[-38.034562528537656,66.81682897921313],[-38.035035000399425,66.81685124554116],[-38.035507618625964,66.81687357729467],[-38.03598495788828,66.81689587037322],[-38.03645743326798,66.81691813145814],[-38.03693005501645,66.8169404579669],[-38.0374653318552,66.8167799277536],[-38.03799573935729,66.81661492560326],[-38.03852646116184,66.81644993897616],[-38.038584387954636,66.8162626811802],[-38.03864248901879,66.8160753738947],[-38.0391774209424,66.81591037996373],[-38.039235660875725,66.81572757949488]]],"type":"Polygon"},"id":"0000000000000000011d","properties":{"area":75635.12282905173,"elevation":1479.2950002351718,"region":"SE","year":2019},"type":"Feature"},{"geometry":{"coordinates":[[[-30.750197060907773,68.70850448676416],[-30.749818085522552,68.70827263132314],[-30.74931429104836,68.70822800748992],[-30.748810567718888,68.70817899229897],[-30.74843134522459,68.70795156247331],[-30.74805695777989,68.70771970004658],[-30.747548421758964,68.70767511179501],[-30.747044584160538,68.70762601498275],[-30.746665520651238,68.70739865545522],[-30.74616169199829,68.70734955541297],[-30.745657863196236,68.70730503332133],[-30.745154040206817,68.70725592963048],[-30.744645524084127,68.70721133073992],[-30.744141838915574,68.70716229854912],[-30.744012487669227,68.70734513911373],[-30.74439138681266,68.70757701068908],[-30.744262233127575,68.70775981169209],[-30.743628913147838,68.70789804809982],[-30.743499553790386,68.70808088849118],[-30.743370390731144,68.70826368892787],[-30.742737054186847,68.70840192164336],[-30.742607685449734,68.70858476146716],[-30.742986785819312,68.7088165972866],[-30.742857416322256,68.7089994374601],[-30.742728243131452,68.70918223767961],[-30.743107155181868,68.70941411317229],[-30.743481844099346,68.70964602487791],[-30.743860708281144,68.70987343361458],[-30.744364778434424,68.7099225016104],[-30.744868458015365,68.70996706780902],[-30.745247735132374,68.71019897268135],[-30.745626626141483,68.71042637655769],[-30.7461303836883,68.71047540284106],[-30.746763763384457,68.71033715400007],[-30.747396938818046,68.71019894233858],[-30.7475260851676,68.71001613790062],[-30.747655427827603,68.70983329350204],[-30.748288586699367,68.70969507815028],[-30.74892200169195,68.70956128485084],[-30.7495551488413,68.70942306402635],[-30.749684473531985,68.70924021814693],[-30.74980923511258,68.70905737440754],[-30.74993862403982,68.70887013890506],[-30.750067942649462,68.7086872928971],[-30.750197060907773,68.70850448676416]]],"type":"Polygon"},"id":"0000000000000000011e","properties":{"area":71110.4745839448,"elevation":1152.2157028491865,"region":"SE","year":2019},"type":"Feature"},{"geometry":{"coordinates":[[[-30.77437006729374,68.70545892455112],[-30.77361651571185,68.70499519143252],[-30.772479297029527,68.7050888653548],[-30.771212925339245,68.70536081294807],[-30.769946532022193,68.70563732929884],[-30.768680245906474,68.70590933013402],[-30.76741367324168,68.7061857494527],[-30.766142911847425,68.70645780624213],[-30.76513508580839,68.70636413395576],[-30.76399806648625,68.70645331121428],[-30.76285654866388,68.70654694664341],[-30.761590297436744,68.70681896068268],[-30.760582291275878,68.7067252956327],[-30.760827700669704,68.70714005273378],[-30.76171059736764,68.7074164582158],[-30.76272287052574,68.70751007707945],[-30.76385993938847,68.70742090934252],[-30.764872030025998,68.70751455258088],[-30.766009164797925,68.7074209780624],[-30.767275615806543,68.70714888426859],[-30.768287852251078,68.70724257801479],[-30.769295406616592,68.70733619207022],[-30.770562027146685,68.70705975486445],[-30.771832724134402,68.7067877732052],[-30.7730991652657,68.7065112389296],[-30.773857314712366,68.70619023605515],[-30.77360745016994,68.70577554295018],[-30.77437006729374,68.70545892455112]]],"type":"Polygon"},"id":"0000000000000000011f","properties":{"area":71110.47458398333,"elevation":1155.6344429244568,"region":"SE","year":2019},"type":"Feature"},{"geometry":{"coordinates":[[[-30.445662898899258,68.77852131897377],[-30.445306211467653,68.77750906393304],[-30.4436741781478,68.7767688445055],[-30.440882699828258,68.77689816353954],[-30.43872449296711,68.77688927094685],[-30.436044478723637,68.77761607546722],[-30.432856294203354,68.77829390193774],[-30.4299266403964,68.77860599522846],[-30.4271352030374,68.77873531221292],[-30.424339524119038,68.77886460221396],[-30.424076327722332,68.7792303244567],[-30.42240873802596,68.78005073791113],[-30.419724311965016,68.78077757582832],[-30.419064496497604,68.78169618847473],[-30.417900672306605,68.78256571347445],[-30.41673676594386,68.78343523098799],[-30.418515923427073,68.78320778581683],[-30.420696490018944,68.78243639370787],[-30.423884514548845,68.78175860403817],[-30.426417397302075,68.7819949315094],[-30.42841949852987,68.78296702026401],[-30.43082300285638,68.78339066212067],[-30.433222035845375,68.78380978846666],[-30.435638940519485,68.78345308472699],[-30.43832333672281,68.78272624911978],[-30.440499194858532,68.78195031272364],[-30.44267539549985,68.781178922712],[-30.44434732297519,68.78035396853677],[-30.445511312691178,68.7794844245185],[-30.445662898899258,68.77852131897377]]],"type":"Polygon"},"id":"00000000000000000120","properties":{"area":512267.1767799026,"elevation":1268.687109070614,"region":"SE","year":2019},"type":"Feature"},{"geometry":{"coordinates":[[[-25.83486314018022,69.55127906032084],[-25.831960380681426,69.55072610173669],[-25.829418689669353,69.54981202210215],[-25.827407633668255,69.5483628120371],[-25.82468751863296,69.54763153487878],[-25.822324249782444,69.54653905396425],[-25.819064664837875,69.54634284896937],[-25.8156310812922,69.54632503988503],[-25.812193021411378,69.54631160450766],[-25.808937900802125,69.54611539473845],[-25.805321655799723,69.5462804262919],[-25.807350668050535,69.54712762290282],[-25.810966823849117,69.54696710010036],[-25.81368698048775,69.54769842342502],[-25.816054755320227,69.54879086117691],[-25.816522879472615,69.55005725683408],[-25.81647827817456,69.55125671636448],[-25.812326868739,69.55196126904701],[-25.812126288975218,69.55274166930235],[-25.814132808788095,69.55419081209786],[-25.81708042634143,69.55354428727284],[-25.821227382724995,69.55283975149918],[-25.824130253479574,69.55339710892143],[-25.82738972357023,69.55358886133577],[-25.831184464180367,69.55324548133716],[-25.83481859477896,69.55248298004243],[-25.83486314018022,69.55127906032084]]],"type":"Polygon"},"id":"00000000000000000121","properties":{"area":498118.68509077287,"elevation":1042.498009082886,"region":"SE","year":2019},"type":"Feature"},{"geometry":{"coordinates":[[[-30.275664017919155,68.89743658243813],[-30.27528948940645,68.89720470124158],[-30.274914941115384,68.89697728605877],[-30.274535969886397,68.8967454657108],[-30.274161463732803,68.8965135814962],[-30.273653092885873,68.89646450890234],[-30.273010978842528,68.89659832221528],[-30.272368900243393,68.89673648483884],[-30.27223514651732,68.89691937202792],[-30.272101259246867,68.89710218352914],[-30.271459323020995,68.89723595096623],[-30.27081704922131,68.89736967926144],[-30.27017487293427,68.89750794742389],[-30.270041299027007,68.8976907937077],[-30.269907391209703,68.89787360358287],[-30.269773681648026,68.89805637412037],[-30.269639901019225,68.89823925951615],[-30.269505986848063,68.89842206922147],[-30.269372402362404,68.89860491522369],[-30.2692384839558,68.89878772481579],[-30.26910473545691,68.89897496211039],[-30.26897094421193,68.89915784722508],[-30.269345632447997,68.89938970677831],[-30.26921170885151,68.89957251659348],[-30.269078114955136,68.8997553627061],[-30.269586405743837,68.89980437553571],[-30.270094859110326,68.89984899511562],[-30.270469237841738,68.90008081530965],[-30.27097767214696,68.90012989869882],[-30.27161968882956,68.8999961319566],[-30.272266289287572,68.8998623752654],[-30.272908322053397,68.8997241358829],[-30.273550521630003,68.89959032146056],[-30.274192646483336,68.89945661916163],[-30.27432640239587,68.89927372951254],[-30.274460114623714,68.89908648769473],[-30.274593997719144,68.89890367356332],[-30.274727747251383,68.89872078374623],[-30.275369844488676,68.89858707663971],[-30.27550358647432,68.89840418626216],[-30.275129045660808,68.89817230450213],[-30.275262717799098,68.89798952937637],[-30.27539658818951,68.89780671490553],[-30.275530456461887,68.89762390037805],[-30.275664017919155,68.89743658243813]]],"type":"Polygon"},"id":"00000000000000000122","properties":{"area":71110.47458389575,"elevation":1413.728307538692,"region":"SE","year":2019},"type":"Feature"}]}