{"type":"FeatureCollection","features":[{"geometry":{"coordinates":[[[-30.10317263522648,81.14870524824168],[-30.10227628680138,81.14846894627212],[-30.101050289579202,81.14841545324539],[-30.0998282228782,81.14836636785319],[-30.098606442575374,81.14831734921945],[-30.09738024583084,81.14826824095353],[-30.096484060811093,81.14802745265075],[-30.095587944670648,81.14779113070695],[-30.094361667718115,81.14774212093583],[-30.093139981343253,81.14768861255159],[-30.09224327079838,81.14745224809562],[-30.09134729247194,81.14721144363635],[-30.09044634330162,81.14697516891334],[-30.089550454122442,81.14673435829289],[-30.088328240294807,81.14668526852783],[-30.086781038017868,81.14682349219868],[-30.08522919756885,81.14696173337936],[-30.08490370833004,81.14714908774458],[-30.0857999510524,81.14738987122459],[-30.086700817007912,81.14762615756976],[-30.08759714890251,81.1478669348862],[-30.088493065486627,81.14810327837114],[-30.089389486438034,81.14834404953693],[-30.090290361796207,81.14858043347643],[-30.09118687194783,81.1488211984775],[-30.092082965190208,81.14905752969827],[-30.091757255913798,81.14924481537753],[-30.09143199510082,81.14943653113491],[-30.091106259911147,81.1496238155958],[-30.090780783313104,81.14981117067059],[-30.09167739247438,81.1500474617116],[-30.09257778962679,81.15028827174213],[-30.093799771853927,81.15033731029807],[-30.09535161965873,81.1501990717385],[-30.096898827630948,81.15006085081195],[-30.09844599569765,81.14992262282728],[-30.09999772355961,81.14978436301048],[-30.10154508330869,81.14964619210033],[-30.101870624952195,81.14945889841658],[-30.10219615372202,81.1492716041275],[-30.10252166961888,81.14908430923312],[-30.102847145235256,81.14889254435417],[-30.10317263522648,81.14870524824168]]],"type":"Polygon"},"id":"00000000000000000000","properties":{"area":53930.52438353344,"elevation":948.6322172422883,"region":"NO","year":2018},"type":"Feature"},{"geometry":{"coordinates":[[[-29.578104498359313,81.2031776712251],[-29.574550884494617,81.20221897593781],[-29.569217422342284,81.20077866182751],[-29.56388472187679,81.19934285421303],[-29.5568616004941,81.19884339352592],[-29.54949926339472,81.1985312692017],[-29.541794311409053,81.19840643752927],[-29.53341534421847,81.19866056235274],[-29.52401572308897,81.19947657089068],[-29.519525386951067,81.20049768686975],[-29.519940069779054,81.20172843402784],[-29.525398043593018,81.20236164938184],[-29.532421286270022,81.20286100905643],[-29.54012667376829,81.20298589874368],[-29.548170920740514,81.2029234715748],[-29.553503642760454,81.20435932698675],[-29.556380014484844,81.20569705307521],[-29.555568470106667,81.20687423744886],[-29.554761599276922,81.20805146116413],[-29.555184966994098,81.20928218690115],[-29.55560423606463,81.21051287641995],[-29.560986053923834,81.20972810801486],[-29.5667070191916,81.20876041801358],[-29.569971256899755,81.20768583654356],[-29.57200468463202,81.20655765144481],[-29.57403789357433,81.20542951517639],[-29.576071058317922,81.2043013181216],[-29.578104498359313,81.2031776712251]]],"type":"Polygon"},"id":"00000000000000000001","properties":{"area":585984.6052765524,"elevation":708.9566134767043,"region":"NO","year":2018},"type":"Feature"},{"geometry":{"coordinates":[[[-30.22548120053583,81.16215393666494],[-30.225222815122688,81.16153854500917],[-30.223095696013576,81.161248723456],[-30.21974258328281,81.16090981985978],[-30.216063853447405,81.16076262933338],[-30.212389257674175,81.16061552097568],[-30.20903618882599,81.16027665663637],[-30.20535724782131,81.1601250282702],[-30.201683394390816,81.15997787323045],[-30.19735812215505,81.16020530934833],[-30.19271162034087,81.16061995589423],[-30.192385942371356,81.16080724644146],[-30.19018764375963,81.16132456419524],[-30.189215464489433,81.16189082758318],[-30.189469701725866,81.16250622664832],[-30.190950046685177,81.16317061466506],[-30.193657053222758,81.16388404485392],[-30.193910893169466,81.16449939523672],[-30.197264434795514,81.16483385156887],[-30.200942827446752,81.16498545758286],[-30.204942997210445,81.16494531920183],[-30.2095933069993,81.16453061449022],[-30.214244680689365,81.16411591063067],[-30.216438386469438,81.16359862261169],[-30.221089179850445,81.16318400532563],[-30.22328304333138,81.16266670290324],[-30.22548120053583,81.16215393666494]]],"type":"Polygon"},"id":"00000000000000000002","properties":{"area":232490.4118382821,"elevation":901.397116644823,"region":"NO","year":2018},"type":"Feature"},{"geometry":{"coordinates":[[[-28.357305358129807,81.34477643748191],[-28.355066772306902,81.343862314369],[-28.352828612597644,81.34294816689605],[-28.350589971652518,81.34203406791873],[-28.350835325214174,81.34123138854491],[-28.34735708780431,81.34026379674681],[-28.347602188603727,81.33946114091096],[-28.347847499171365,81.33865855104071],[-28.343999460841996,81.3378736635285],[-28.33904541292357,81.33765078752327],[-28.33334668757185,81.33780234432695],[-28.33260157864809,81.3381724566693],[-28.328637959104263,81.33881014951498],[-28.32467347920962,81.33944333356413],[-28.321949232305293,81.34013445325074],[-28.319224403168743,81.34082565725492],[-28.316500090234847,81.34151676393336],[-28.31749482117759,81.34237296167711],[-28.317244730461432,81.34317558317625],[-28.321338124919063,81.34315778137626],[-28.32629670979223,81.3433807048311],[-28.331999835067638,81.34323357474909],[-28.335848462919632,81.34401390474594],[-28.33932171919313,81.3449860005856],[-28.343544234462954,81.34558348133623],[-28.348133118535596,81.34599372867285],[-28.353340948558692,81.34541404555773],[-28.357305358129807,81.34477643748191]]],"type":"Polygon"},"id":"00000000000000000003","properties":{"area":342164.25134089513,"elevation":308.8042738688501,"region":"NO","year":2018},"type":"Feature"},{"geometry":{"coordinates":[[[-28.78618590948969,81.31285370043214],[-28.784786094619793,81.31218486846235],[-28.782155204965473,81.31146244338778],[-28.781994494647034,81.31084712412222],[-28.77828025899147,81.31068213447583],[-28.773486449401062,81.31107897612554],[-28.768688594629623,81.31147586609707],[-28.765130469855794,81.3119306768318],[-28.761571734199944,81.31238106091679],[-28.756773808698576,81.3127778930902],[-28.751975891177086,81.31317922976262],[-28.74717777640437,81.31357607379849],[-28.742380019149213,81.31397288684323],[-28.73830434977711,81.31399524112179],[-28.733506168839487,81.31439211363916],[-28.72870367572609,81.31478896178568],[-28.728342735670168,81.31497620148735],[-28.728859876119962,81.31540879387741],[-28.732935291289525,81.3153820143905],[-28.737015479152475,81.31535967907715],[-28.741813853711662,81.31496286986292],[-28.74661186945162,81.31456599443013],[-28.75068719067835,81.31454368822979],[-28.755128492846097,81.31432967038835],[-28.759565518475917,81.3141200647187],[-28.764002199672618,81.31391051189888],[-28.76843872218915,81.31370090281618],[-28.7732367070215,81.3132995963288],[-28.77731223925625,81.31327730595324],[-28.78211054672975,81.31288041130811],[-28.78618590948969,81.31285370043214]]],"type":"Polygon"},"id":"00000000000000000004","properties":{"area":157259.59631166834,"elevation":409.3256597031335,"region":"NO","year":2018},"type":"Feature"},{"geometry":{"coordinates":[[[-28.51661124441059,81.32833568902596],[-28.514867795950522,81.3278496733632],[-28.51202255371198,81.32792547330207],[-28.5095437482453,81.32781399078861],[-28.507068502648437,81.32770698596538],[-28.503853475099593,81.32797005173677],[-28.501008696080763,81.3280459069212],[-28.49816362352369,81.3281216666645],[-28.496054772034835,81.32782287332157],[-28.493575614718925,81.32771142202314],[-28.49073043498182,81.32778723022014],[-28.48999937498017,81.3281617822321],[-28.49050313983191,81.32858988267029],[-28.48852772868987,81.32891088486711],[-28.48779210452895,81.32928100609794],[-28.488300205664427,81.32971352762831],[-28.491145518032162,81.32963777509114],[-28.493624703181677,81.3297447780353],[-28.496099259887266,81.32985626483128],[-28.498578561291076,81.32996773020837],[-28.501793671017502,81.32970467951486],[-28.504268351842967,81.32981610810307],[-28.507483287146286,81.32955300536656],[-28.510694104338615,81.32928991238124],[-28.51142986315341,81.32891535600491],[-28.51464018829135,81.32865233521596],[-28.51661124441059,81.32833568902596]]],"type":"Polygon"},"id":"00000000000000000005","properties":{"area":80215.9900494864,"elevation":360.47001708172274,"region":"NO","year":2018},"type":"Feature"},{"geometry":{"coordinates":[[[-28.698101068866265,81.2618772470309],[-28.697227297916932,81.26163645687329],[-28.697588515430642,81.26144918898743],[-28.697949718477517,81.26126192042885],[-28.696718910939495,81.26120392612853],[-28.695126954709114,81.26133769473563],[-28.6938962389054,81.26128419142063],[-28.692665539671303,81.26123068364716],[-28.691434780468175,81.26117267039346],[-28.690203666224463,81.26111919057533],[-28.689843035190616,81.26130648724282],[-28.689485872214433,81.26149377876438],[-28.687894051621036,81.26162758652194],[-28.686302117042683,81.26175688593827],[-28.684710666194036,81.26189064215829],[-28.683118726683706,81.2620244279143],[-28.68276185668784,81.26221167488318],[-28.682400519765725,81.2623944983399],[-28.68203924076246,81.26258182211632],[-28.682908750005055,81.26282701031768],[-28.683782953194882,81.26306787011966],[-28.684652293219614,81.26330866061222],[-28.685522126194932,81.26354941130943],[-28.68516085874393,81.26373673612784],[-28.684799313444774,81.26392398801133],[-28.68603029350084,81.26397752119841],[-28.687265745682613,81.26403547262846],[-28.688496047232903,81.26408896149213],[-28.690083631088235,81.26395515871104],[-28.69167544722865,81.26382588041731],[-28.69203685895903,81.26363862168752],[-28.692397992793577,81.26345129002839],[-28.693989885809394,81.26331757220753],[-28.694346325522265,81.26313024413497],[-28.69470765844895,81.26294298161534],[-28.695068976901986,81.2627557184228],[-28.695430017462883,81.26256838230273],[-28.695786663151203,81.26238112381631],[-28.69614793827822,81.26219385860979],[-28.697739843490886,81.26206451467797],[-28.698101068866265,81.2618772470309]]],"type":"Polygon"},"id":"00000000000000000006","properties":{"area":52117.73364795381,"elevation":349.7107629427795,"region":"NO","year":2018},"type":"Feature"},{"geometry":{"coordinates":[[[-29.94159731439558,81.15718199386747],[-29.939242902499313,81.15627683046583],[-29.93468119567159,81.15588446256501],[-29.930445233865054,81.15530920480839],[-29.92489339453837,81.15548309036934],[-29.919342009629627,81.15565255922722],[-29.9186819468754,81.15603160404545],[-29.917362160936623,81.1567851784214],[-29.918490002856807,81.15763681726679],[-29.920844738698836,81.15854203533783],[-29.921972901497128,81.1593937561176],[-29.920652865716928,81.16014731939481],[-29.919332889999684,81.16090094414736],[-29.920460887729696,81.16175257857473],[-29.917919439199526,81.16245711121861],[-29.915373351486714,81.16315724603342],[-29.9128315064906,81.16385733614649],[-29.912733369612084,81.16466443402419],[-29.916175904229533,81.16420064537209],[-29.922391654644763,81.16364773785413],[-29.92738145212783,81.1630501952023],[-29.93237587351605,81.162448229398],[-29.933691205734114,81.16169462379375],[-29.93623301947377,81.16099457946153],[-29.9375527225037,81.16024099889592],[-29.941316049249817,81.15958991601178],[-29.940187997628218,81.15873829434017],[-29.939055749031937,81.15788210470657],[-29.94159731439558,81.15718199386747]]],"type":"Polygon"},"id":"00000000000000000007","properties":{"area":266027.0404465208,"elevation":893.4868739205532,"region":"NO","year":2018},"type":"Feature"},{"geometry":{"coordinates":[[[-28.3621970122366,81.35252183586579],[-28.36045347110856,81.35204027157113],[-28.35834416496635,81.35174148436738],[-28.355860535619925,81.35163007893244],[-28.35263632741071,81.35188865007152],[-28.350522910871632,81.35158988828849],[-28.348783941681145,81.35110832974652],[-28.347044789972998,81.35062229838825],[-28.34530158848311,81.35013622043388],[-28.344806406976822,81.34970812846622],[-28.343932534892488,81.34946288896867],[-28.34070853539764,81.34972596083693],[-28.339968445307477,81.35010054271443],[-28.339223611394473,81.35047512326398],[-28.33848349844708,81.35084520201295],[-28.338978341986863,81.35127779644996],[-28.339477746260073,81.35170581667552],[-28.337493574143423,81.35202240729011],[-28.339977455747025,81.35213390663279],[-28.342460953331635,81.35224542441657],[-28.344940290307797,81.35235688932853],[-28.347423928028753,81.35246837120823],[-28.350277831219287,81.35239252085717],[-28.352761829538984,81.35250403699973],[-28.354875070643175,81.35280281791097],[-28.35735898871999,81.35291422791401],[-28.359842785822615,81.35302572882449],[-28.36145210139168,81.35289641598307],[-28.3621970122366,81.35252183586579]]],"type":"Polygon"},"id":"00000000000000000008","properties":{"area":62994.47806144653,"elevation":316.2679409408261,"region":"NO","year":2018},"type":"Feature"},{"geometry":{"coordinates":[[[-30.60388527549883,81.1654045652604],[-30.603287896492954,81.1649765455779],[-30.601142933141478,81.16469117317632],[-30.598690293564704,81.16459306429168],[-30.595600219751486,81.16487392484756],[-30.593143280030546,81.16477587844592],[-30.590057464000953,81.16505676765834],[-30.586967151450793,81.16533773095748],[-30.583881723963188,81.16561859544169],[-30.581424602378636,81.16552057559264],[-30.578650949078668,81.1656141783264],[-30.57587728797106,81.16570336169812],[-30.572792033748957,81.1659842679078],[-30.572158709252253,81.16636331992716],[-30.571525531127,81.1667378626025],[-30.569666104307064,81.16706785667574],[-30.57148973638238,81.16754493491277],[-30.573313582824447,81.16801760377493],[-30.575770337299385,81.16811575643128],[-30.578544005908377,81.16802214529933],[-30.581634389551887,81.16774115952448],[-30.584724447502182,81.16746025570721],[-30.587814591174592,81.16718379133874],[-30.590900428481028,81.1669028941258],[-30.5939907132286,81.16662193736374],[-30.597076224890305,81.16634098395782],[-30.5998498341755,81.16624734189912],[-30.60139266550689,81.16610916643599],[-30.60325219737462,81.16577917367697],[-30.60388527549883,81.1654045652604]]],"type":"Polygon"},"id":"00000000000000000009","properties":{"area":112846.22328992958,"elevation":935.5538704581356,"region":"NO","year":2018},"type":"Feature"},{"geometry":{"coordinates":[[[-31.068050915082942,81.16470894025231],[-31.066200427535847,81.16424080063543],[-31.066811063898054,81.16386173436501],[-31.064956152509797,81.16338911486123],[-31.06556705707166,81.16301011814174],[-31.063716696281656,81.1625373790174],[-31.061259553418505,81.16244373333184],[-31.058797857446102,81.16235010741119],[-31.05633693452969,81.1622564939217],[-31.053567536388655,81.16235012307511],[-31.0508030116439,81.16244826904071],[-31.04803396795045,81.16254181344624],[-31.04496164413129,81.16282726822331],[-31.041889312651005,81.16311258478564],[-31.041278044384743,81.16348717615612],[-31.042205810857443,81.16372356431162],[-31.044359478379043,81.16400891475406],[-31.046821113346446,81.16410257225749],[-31.04928252622367,81.16419614130098],[-31.051743838790816,81.16428980261337],[-31.05359449653952,81.1647624495131],[-31.05605557336844,81.16485611841452],[-31.05851742347005,81.16494979975448],[-31.06097861464454,81.16504343256565],[-31.06343986296965,81.16513704733336],[-31.06620913309734,81.16504341779122],[-31.068050915082942,81.16470894025231]]],"type":"Polygon"},"id":"0000000000000000000a","properties":{"area":91999.12983072689,"elevation":948.5008166757409,"region":"NO","year":2018},"type":"Feature"},{"geometry":{"coordinates":[[[-30.11022283168135,81.25987067004881],[-30.10815379558483,81.25877820151764],[-30.10608449828891,81.2576856748011],[-30.101536274793993,81.25649510374076],[-30.099471794160312,81.25540267076437],[-30.093937897903867,81.25477834597038],[-30.086758622986075,81.25509047982166],[-30.082963791169437,81.2557459723066],[-30.080074470378435,81.25663335996342],[-30.078424940595653,81.2575786876054],[-30.076774625135876,81.25851957375367],[-30.073885329995466,81.25940695543727],[-30.07099595319969,81.26029873304759],[-30.06686678684321,81.26114147107096],[-30.061493218249954,81.26193075817686],[-30.058603947728024,81.26282262406647],[-30.053230975507937,81.26361187282586],[-30.051576526928827,81.26455274357463],[-30.054880759861156,81.26569865709716],[-30.061078783481626,81.26594839598408],[-30.068267131163108,81.26563628800176],[-30.0747994357823,81.26569869507371],[-30.081987692741286,81.26538209052605],[-30.089175683036782,81.26506998223907],[-30.095783834338896,81.2643297319037],[-30.102392285636604,81.26358506356142],[-30.10403790166189,81.26264419720654],[-30.105687395103264,81.26170332915305],[-30.108572672822113,81.26081150911811],[-30.11022283168135,81.25987067004881]]],"type":"Polygon"},"id":"0000000000000000000b","properties":{"area":672092.1652166549,"elevation":774.2228425773357,"region":"NO","year":2018},"type":"Feature"},{"geometry":{"coordinates":[[[-28.666883074175168,81.36952440098315],[-28.666365354552806,81.36909634061739],[-28.664243228945175,81.36879757927879],[-28.661750352752694,81.36869053526958],[-28.65925775683677,81.36857904915003],[-28.656033765041634,81.36884217284796],[-28.653545516256177,81.36873517352991],[-28.65068756267871,81.36881095495939],[-28.647829124662024,81.36888674999626],[-28.64460509108843,81.369154337761],[-28.641385544425095,81.36941739406275],[-28.638161861116693,81.36968046164645],[-28.63566924974028,81.36957341407093],[-28.634937828690422,81.36994360854568],[-28.635816228031704,81.3701888361191],[-28.63830900270178,81.37029588138087],[-28.641167361311897,81.37022001878876],[-28.64402550119754,81.37014424200366],[-28.646883563053752,81.37006394581884],[-28.649376531174642,81.37017540836528],[-28.651864419099155,81.37028689529986],[-28.654357288385256,81.37039393456766],[-28.656850011944375,81.37050537975551],[-28.659708221708847,81.37042516050008],[-28.66220058758115,81.37053660415731],[-28.664176282585988,81.37021558224008],[-28.66615163984644,81.36989897263484],[-28.666883074175168,81.36952440098315]]],"type":"Polygon"},"id":"0000000000000000000c","properties":{"area":71152.03637152996,"elevation":365.943121492492,"region":"NO","year":2018},"type":"Feature"},{"geometry":{"coordinates":[[[-30.817382496534204,81.18279514232053],[-30.81645942675874,81.1825587871366],[-30.814305738121615,81.18227341020678],[-30.81153232881304,81.18236702016128],[-30.808446452442514,81.18264797955621],[-30.805980609560155,81.18255431730314],[-30.802894980109194,81.18283518715876],[-30.800429006074296,81.18274159513099],[-30.797343463047543,81.18302248565061],[-30.7967187297589,81.18339705777497],[-30.79763725156674,81.18363785625395],[-30.799791218232933,81.1839187897455],[-30.80163311525215,81.18439593365486],[-30.803474848046587,81.18486859850171],[-30.805316045506405,81.18534121963184],[-30.805922476849947,81.18576484768697],[-30.80406758727253,81.18609479955887],[-30.805909316381516,81.1865674815975],[-30.805285003284972,81.18694652245838],[-30.807126511681176,81.18741923287895],[-30.80990457794973,81.18732556171929],[-30.810529092690324,81.18695098053036],[-30.81114858669079,81.18657196524252],[-30.814238687573095,81.18629100171749],[-30.814862893443287,81.18591201404239],[-30.81425223849889,81.18548396347077],[-30.812410713800965,81.18501128260495],[-30.810568931764923,81.18453862863116],[-30.80872733086076,81.18406596194639],[-30.810582396355905,81.18373601119774],[-30.81367275265961,81.18345503958378],[-30.815527546419297,81.18312506100334],[-30.817382496534204,81.18279514232053]]],"type":"Polygon"},"id":"0000000000000000000d","properties":{"area":89279.94372737629,"elevation":904.191687021984,"region":"NO","year":2018},"type":"Feature"},{"geometry":{"coordinates":[[[-29.44962443348675,81.30289650241922],[-29.44445665640848,81.30207160867718],[-29.439979810757237,81.30087211079162],[-29.43515502986127,81.29985989831995],[-29.428952079413264,81.29959679227484],[-29.421710636030063,81.29990005376644],[-29.41516466021464,81.29982421045699],[-29.407923150462242,81.30012743850281],[-29.40102487092108,81.30023889100795],[-29.398746216698466,81.30075167636834],[-29.390809109114485,81.30142497229315],[-29.384115943255008,81.30215632171068],[-29.37989737515338,81.30299016024718],[-29.374439857658082,81.30377048204392],[-29.37270527456412,81.30470690459133],[-29.377173040888128,81.30590645566045],[-29.381645572701576,81.30711034502573],[-29.386813752831223,81.3079352587961],[-29.393716375058936,81.30781936420338],[-29.400962624589642,81.3075206095596],[-29.406825948519966,81.30797097128966],[-29.413381046191102,81.30804228948556],[-29.421318097976467,81.30736453149962],[-29.429259763698607,81.30669121615131],[-29.43402186358783,81.30628543547763],[-29.440715492533947,81.30555413427959],[-29.444928871717117,81.30472028799616],[-29.447898853216092,81.3038329482007],[-29.44962443348675,81.30289650241922]]],"type":"Polygon"},"id":"0000000000000000000e","properties":{"area":821647.4009020809,"elevation":565.1573936717922,"region":"NO","year":2018},"type":"Feature"},{"geometry":{"coordinates":[[[-29.939429959533744,81.26039235888818],[-29.938859408082816,81.2599643064271],[-29.937048959628488,81.25948721609004],[-29.9352384195294,81.25901004211944],[-29.93590749824924,81.25863105884807],[-29.933432540122475,81.25853294281411],[-29.931621918179374,81.25805578258392],[-29.929147503417386,81.25795324091231],[-29.92633819556445,81.25803800782667],[-29.92319465197672,81.25831446329593],[-29.920055149920678,81.25859090595375],[-29.919386252109547,81.25896542877234],[-29.91624278657189,81.25924196271913],[-29.91557834675419,81.2596164539971],[-29.914909475468377,81.25999103652374],[-29.91300559908767,81.26031654438424],[-29.912336508929464,81.26069558470631],[-29.911667433599362,81.26107015770447],[-29.913478162138244,81.26154726189937],[-29.91562305359167,81.2618371592069],[-29.917763155603446,81.26212699310659],[-29.92023819227534,81.26222953756641],[-29.922382743835435,81.26251935682485],[-29.925192281520843,81.26243016195689],[-29.927671543353625,81.26253277783077],[-29.929241074799886,81.2623945509189],[-29.93114515222788,81.26206903186663],[-29.934288533730705,81.26179698096061],[-29.934957586677225,81.26141793779786],[-29.935621875415276,81.26104337961287],[-29.938765863509843,81.26076692610354],[-29.939429959533744,81.26039235888818]]],"type":"Polygon"},"id":"0000000000000000000f","properties":{"area":154540.4102082787,"elevation":736.0336520694754,"region":"NO","year":2018},"type":"Feature"},{"geometry":{"coordinates":[[[-30.602016699503544,81.20334261676169],[-30.601414875639282,81.20291898866927],[-30.599265396588535,81.20263360442685],[-30.59679951099156,81.20253550444285],[-30.593696105459593,81.20281647630065],[-30.591230253455684,81.2027183363241],[-30.590597162985627,81.20309738840244],[-30.587493428646304,81.20337830374082],[-30.585629352156893,81.2037038091827],[-30.583761212223934,81.20403376197804],[-30.58312355639908,81.20441278880578],[-30.582490509707277,81.20478738664382],[-30.581857380057375,81.20516637732666],[-30.58122403596776,81.20554547569469],[-30.58182179454488,81.20596904446812],[-30.581188115074024,81.20634806924564],[-30.583021014873488,81.20682072556107],[-30.584853900772675,81.20729787445532],[-30.587640657173676,81.20720420934948],[-30.588273712358,81.20682521577079],[-30.590142236429223,81.20649964104491],[-30.590775146397203,81.20612064076046],[-30.591413351159495,81.20574163804207],[-30.593276936995334,81.20541607538388],[-30.59514533393553,81.20508614602514],[-30.5970136080602,81.20475620586038],[-30.60011712399452,81.2044752466787],[-30.600750480945987,81.20410071976035],[-30.60138369731231,81.20372161441318],[-30.602016699503544,81.20334261676169]]],"type":"Polygon"},"id":"00000000000000000010","properties":{"area":98343.89740527885,"elevation":858.4200262448057,"region":"NO","year":2018},"type":"Feature"},{"geometry":{"coordinates":[[[-30.630809583547553,81.22619554438243],[-30.629569692213483,81.2261464403804],[-30.6283342914902,81.22609740988622],[-30.62709470814334,81.2260483675206],[-30.625859337601042,81.22599932798194],[-30.62493663589633,81.22576299350496],[-30.623701317024047,81.22571394589619],[-30.622145183193876,81.22585663242366],[-30.620909872458633,81.22580757480202],[-30.619674854452256,81.22575858338736],[-30.61811866465842,81.22590125182383],[-30.61656708972693,81.2260394870452],[-30.61501055796741,81.22617767633281],[-30.613775515708717,81.2261330581833],[-30.61253586892003,81.22608407306835],[-30.610984199303672,81.22622228318019],[-30.610663127919,81.22641401091226],[-30.611585959328156,81.22665034393286],[-30.61250463842657,81.22688666623927],[-30.612188231747393,81.22707396810611],[-30.611871350819523,81.22726570293807],[-30.6127900934459,81.22750202284266],[-30.613708440396767,81.22773837892996],[-30.61462727386737,81.22797469252077],[-30.615550351312834,81.22821101044849],[-30.616785487439095,81.22826012459043],[-30.618025000674933,81.22830913161874],[-30.619260167010232,81.2283582367213],[-30.620816465952792,81.22821549446927],[-30.62236790397497,81.22807728129658],[-30.623924397221508,81.22793459559755],[-30.625480392912003,81.22779633633034],[-30.62703216323648,81.22765366844696],[-30.628588795770924,81.22751542637909],[-30.628905187353492,81.22732818196766],[-30.62922174221442,81.22713643270016],[-30.629538549389775,81.22694914774276],[-30.629855066165,81.22676179148368],[-30.63017186022633,81.22657011112909],[-30.630487910582012,81.22638279304512],[-30.630809583547553,81.22619554438243]]],"type":"Polygon"},"id":"00000000000000000011","properties":{"area":64807.26879703275,"elevation":821.9495982069647,"region":"NO","year":2018},"type":"Feature"},{"geometry":{"coordinates":[[[-29.25961769946512,81.35821171251675],[-29.258529671147492,81.35735552085221],[-29.256737036295934,81.35687396697018],[-29.2528046551598,81.35609807629463],[-29.248162558079382,81.35570117346873],[-29.243172821187628,81.35548713729165],[-29.23783088533136,81.35546488777601],[-29.23284096619552,81.35525084915322],[-29.228203257613593,81.35485399120881],[-29.222861626267996,81.35482719679256],[-29.21787174920716,81.35461762062874],[-29.21288633145486,81.35440357249092],[-29.208980214587807,81.35505013589771],[-29.203825521758183,81.35563876554325],[-29.2084632416316,81.35604011385136],[-29.212396037063684,81.35681153674578],[-29.217033401841093,81.35721287583067],[-29.22343217936874,81.35667329995425],[-29.227365070098134,81.35744918980009],[-29.232007111808073,81.35785049529308],[-29.23594027622616,81.35862192670083],[-29.239520503225357,81.35958505309678],[-29.244514611663742,81.35979911836479],[-29.24950892640229,81.36000868747307],[-29.254306940750403,81.35960287913608],[-29.258213275680976,81.35896084388858],[-29.25961769946512,81.35821171251675]]],"type":"Polygon"},"id":"00000000000000000012","properties":{"area":271465.4126532762,"elevation":488.07011987645956,"region":"NO","year":2018},"type":"Feature"},{"geometry":{"coordinates":[[[-30.966561797014418,81.2062098636285],[-30.964398875122782,81.20592890501277],[-30.961616552010575,81.206022555375],[-30.95976190034342,81.20554990842689],[-30.9579109040186,81.20507722131798],[-30.955435904575825,81.20498356941077],[-30.952658279630466,81.20507722095579],[-30.949568018154395,81.20536260519087],[-30.95049106823937,81.2055989359239],[-30.952653624748383,81.2058798747602],[-30.954508846980282,81.20635248015685],[-30.956363653838352,81.20682522273196],[-30.958218802838854,81.2072978422418],[-30.958833945281214,81.20772590605903],[-30.958218771382068,81.2081004806921],[-30.95512391545002,81.20838586643838],[-30.95450897232636,81.20876489751424],[-30.95543621508266,81.20900124877879],[-30.958526350767677,81.20871582726429],[-30.961616579222007,81.20843495277612],[-30.96223657961746,81.20805590290493],[-30.96409137104762,81.20772588949299],[-30.96470687657766,81.20734694001996],[-30.965326683646673,81.20696788122812],[-30.96594180992647,81.20658885664946],[-30.966561797014418,81.2062098636285]]],"type":"Polygon"},"id":"00000000000000000013","properties":{"area":53930.524383516844,"elevation":889.6627721720656,"region":"NO","year":2018},"type":"Feature"},{"geometry":{"coordinates":[[[-29.49772957140355,81.3437418879832],[-29.497171872653023,81.34331386430264],[-29.494121877593198,81.34278320682134],[-29.490728659520443,81.34243537571558],[-29.48698755411694,81.34227933738258],[-29.4832458742591,81.34212322455035],[-29.479157040078714,81.3421544636763],[-29.47541613404531,81.3419984091347],[-29.4759689764066,81.34242641788842],[-29.472437527192522,81.34288574941863],[-29.467656985970365,81.34329150203521],[-29.46661355305405,81.3438578477953],[-29.464326083135685,81.34436615631058],[-29.464535982938877,81.34498149385429],[-29.460999840377315,81.34544078726239],[-29.459960745206075,81.34600262522873],[-29.463353985773015,81.3463504523392],[-29.466404013454436,81.34688110533462],[-29.470145173479253,81.34703717517232],[-29.47319538111542,81.34756780088715],[-29.47694075731485,81.34772385452113],[-29.48068231229923,81.34787991769592],[-29.48296967278737,81.3473716292322],[-29.48775421118019,81.34696585074913],[-29.49004171913162,81.34645301403211],[-29.49357342624428,81.34599373772109],[-29.495860674281907,81.34548093141511],[-29.4968998212301,81.34491909250636],[-29.495441948062563,81.34425025613461],[-29.49772957140355,81.3437418879832]]],"type":"Polygon"},"id":"00000000000000000014","properties":{"area":259682.27287198324,"elevation":548.4945750452077,"region":"NO","year":2018},"type":"Feature"},{"geometry":{"coordinates":[[[-29.42006099027141,81.353030194779],[-29.419159867889448,81.35278938707823],[-29.41666316113676,81.35268684583073],[-29.414165655889683,81.35257982905732],[-29.410973113046076,81.352851794768],[-29.408128151975877,81.35293653691312],[-29.405630987900736,81.35282953087435],[-29.402786013462272,81.35291422966782],[-29.39959350575254,81.35318181169445],[-29.396400517226272,81.35345382578798],[-29.39320808556254,81.35372584447708],[-29.392507793897924,81.35410036089806],[-29.38931532451261,81.35437241506405],[-29.387371261336327,81.35469344486138],[-29.39021628602808,81.35460872747099],[-29.392365107785135,81.3549030554789],[-29.395210176786904,81.35481829752844],[-29.397707423846423,81.3549253028764],[-29.399851882343874,81.35521959844229],[-29.40165361666897,81.35569676776805],[-29.403802626968385,81.3559910578369],[-29.40325007066579,81.3555629918142],[-29.40270153351358,81.35513487336908],[-29.405894048936243,81.35486288038952],[-29.409086808903513,81.35459535324331],[-29.412279717214712,81.35432333558505],[-29.41547200895527,81.35405132644928],[-29.41866500073223,81.3537837453655],[-29.419365299157946,81.353404751662],[-29.42006099027141,81.353030194779]]],"type":"Polygon"},"id":"00000000000000000015","properties":{"area":85654.36225621043,"elevation":548.8232416157899,"region":"NO","year":2018},"type":"Feature"},{"geometry":{"coordinates":[[[-30.246300895127785,81.29536511301929],[-30.24380848037836,81.29526257681434],[-30.241320159243973,81.2951644261239],[-30.238832176200663,81.29506632826056],[-30.236339584558813,81.29496823907186],[-30.23385120090687,81.29486568092416],[-30.23103315927052,81.29495484459925],[-30.227889064534825,81.29523577312595],[-30.225071163785397,81.29532495951999],[-30.222253151552184,81.2954096602964],[-30.219105024393272,81.2956906390313],[-30.218449104551475,81.29606518019403],[-30.216549624119686,81.29639515776353],[-30.215890051706193,81.2967697119307],[-30.218052481684413,81.2970595995198],[-30.220540569071474,81.29715766288268],[-30.22335903119073,81.29706851292326],[-30.225851423511934,81.2971665501007],[-30.22866941919891,81.29707739592867],[-30.231487821692692,81.29698818009462],[-30.23397627163407,81.29709079009126],[-30.236794209026165,81.29700157008655],[-30.23994201277751,81.29672065412048],[-30.243085781630484,81.29644423116471],[-30.24498975315964,81.29611868912605],[-30.245645308900905,81.29573967093255],[-30.246300895127785,81.29536511301929]]],"type":"Polygon"},"id":"00000000000000000016","properties":{"area":88373.5483595922,"elevation":774.7884960078211,"region":"NO","year":2018},"type":"Feature"},{"geometry":{"coordinates":[[[-30.655320876120378,81.27763130310863],[-30.654714498782813,81.27720314815299],[-30.654103620437937,81.27677959531756],[-30.653180500139285,81.27653882806759],[-30.650687675715744,81.27644515281331],[-30.648199580737025,81.27634703488535],[-30.64507421169674,81.27662797906277],[-30.642269081034115,81.27672159704946],[-30.639459700531642,81.27681079316032],[-30.63633424894814,81.27709172900138],[-30.63384557308174,81.27699804974932],[-30.63072020473111,81.27727900569536],[-30.627593946572897,81.27755990188005],[-30.626956726289478,81.27793447591762],[-30.626318993791298,81.27831347894269],[-30.625681488588075,81.27869255023785],[-30.626287696188527,81.27911617336224],[-30.628454598065495,81.27940151471608],[-30.63158494078353,81.2791205896985],[-30.63407295095335,81.27921868149508],[-30.636561301456865,81.27931682576126],[-30.639687480685197,81.27903589148205],[-30.64281771334749,81.27875493584332],[-30.64562227129749,81.27866132130558],[-30.648431451920644,81.27856765173104],[-30.651557658933452,81.27828675128379],[-30.65468325530361,81.278005861773],[-30.655320876120378,81.27763130310863]]],"type":"Polygon"},"id":"00000000000000000017","properties":{"area":103782.2696120042,"elevation":799.8279377324702,"region":"NO","year":2018},"type":"Feature"},{"geometry":{"coordinates":[[[-30.895028688292516,81.26413800116806],[-30.89316471513303,81.26366537476447],[-30.89130558470416,81.26319269986658],[-30.889129408110612,81.26290734262756],[-30.88695346922617,81.26262636265687],[-30.884464914506598,81.26252826709293],[-30.881665200218272,81.26262639864287],[-30.879180936755215,81.26252826890642],[-30.87606416095949,81.26281363749894],[-30.873580491062715,81.26271560847691],[-30.871092038895473,81.26262191842025],[-30.868292129909353,81.262715549472],[-30.865803589825987,81.26262193117665],[-30.863003212317558,81.26271555906817],[-30.860515097212602,81.26261747045135],[-30.86113506305064,81.26304550936923],[-30.863306635863317,81.26332649930615],[-30.86610690959212,81.26323279842046],[-30.868595101374886,81.26333095546363],[-30.871083420227524,81.26342459188872],[-30.872942865151945,81.26389725907504],[-30.874806710960325,81.26436991769931],[-30.876666525319436,81.26484255920535],[-30.878530299095097,81.26531523176742],[-30.881018038541274,81.2654133036968],[-30.883818509721046,81.2653196795503],[-30.886306946946284,81.26541335177015],[-30.889419327631003,81.26513236328007],[-30.892535934535847,81.26484702890133],[-30.89316024908215,81.2644680165038],[-30.895028688292516,81.26413800116806]]],"type":"Polygon"},"id":"00000000000000000018","properties":{"area":101063.08350862504,"elevation":868.2789865343725,"region":"NO","year":2018},"type":"Feature"},{"geometry":{"coordinates":[[[-29.742743863862067,81.33004800058957],[-29.74160649165804,81.32919183237858],[-29.74172254584337,81.32838918710532],[-29.739341365721675,81.32748399220144],[-29.735716143152867,81.32652525374611],[-29.731074081365374,81.3261329078315],[-29.72574577569108,81.32611507824394],[-29.721103506145717,81.32572267190284],[-29.716118430217552,81.32551755457342],[-29.709773008429718,81.32606152140158],[-29.704105660591303,81.3262310158347],[-29.697755893493675,81.32677949310204],[-29.697639702525567,81.32758213466737],[-29.701260766947676,81.32854083854491],[-29.70363732524861,81.32944601074604],[-29.69728743423839,81.32999003601127],[-29.693430534185175,81.3306410178284],[-29.69455840309855,81.33149722248203],[-29.6976128731292,81.33202784162461],[-29.7015816918216,81.33279480804187],[-29.706910192656068,81.33281260810766],[-29.712577760727655,81.33264318965178],[-29.71722851658731,81.33303557585175],[-29.722896236754515,81.33286617092287],[-29.72856804891073,81.33269669231433],[-29.732309255339775,81.33284830798924],[-29.73491789061308,81.33214826820982],[-29.738774959125003,81.33149723445813],[-29.741379250643863,81.33079715504496],[-29.742743863862067,81.33004800058957]]],"type":"Polygon"},"id":"00000000000000000019","properties":{"area":508034.60364653834,"elevation":616.025944170772,"region":"NO","year":2018},"type":"Feature"},{"geometry":{"coordinates":[[[-29.973484147216546,81.31100764445722],[-29.97166068345735,81.31053051708543],[-29.96768311556654,81.30976354802726],[-29.962702009346337,81.30956288930435],[-29.95772148145834,81.30935776653322],[-29.952740262156325,81.30915711071462],[-29.94709077685261,81.30933098427514],[-29.9407679411269,81.30987944920163],[-29.93444916124874,81.31043241925607],[-29.93061907567644,81.31108343318863],[-29.926784085507013,81.31173449643134],[-29.924197585857392,81.3124345396141],[-29.92285576897112,81.31318810672202],[-29.927167580212213,81.31376779726675],[-29.930810669011784,81.31472205465248],[-29.935122358020784,81.31530174884988],[-29.93909983667222,81.31606872113571],[-29.943746377738595,81.3164566854154],[-29.94806260483877,81.31703633444681],[-29.951705975909835,81.31799059935067],[-29.95635689101822,81.31838297557626],[-29.960191565975983,81.3177319224014],[-29.964022055354018,81.31708095164535],[-29.9653597016575,81.3163273083898],[-29.966701637060435,81.31557374159534],[-29.968039845929376,81.31482018219819],[-29.9693775160954,81.31407100400348],[-29.970715291257918,81.31331742462771],[-29.972052849298105,81.312563835249],[-29.97339046521273,81.31181030705578],[-29.973484147216546,81.31100764445722]]],"type":"Polygon"},"id":"0000000000000000001a","properties":{"area":535226.4646802887,"elevation":711.5086293599385,"region":"NO","year":2018},"type":"Feature"},{"geometry":{"coordinates":[[[-29.632965002308772,81.34248885531251],[-29.632059540678767,81.34224807993094],[-29.62990610501338,81.34195825177933],[-29.62810017858351,81.34147665988502],[-29.62560292455015,81.34137411408481],[-29.622762725278143,81.34145885276547],[-29.620608610872143,81.34116896792887],[-29.617772693524245,81.34125368551116],[-29.614932323761952,81.34133847011657],[-29.612096334048005,81.34142314173933],[-29.608912608608783,81.34169516991133],[-29.609474557260828,81.34212326032184],[-29.61128044148816,81.34260033938003],[-29.609344958592175,81.3429258712045],[-29.60616607337938,81.34319788728232],[-29.6054745523608,81.34357247275105],[-29.60353913784339,81.3438979325919],[-29.60410095345254,81.34432602270446],[-29.60500652095598,81.34456236797145],[-29.607503527493687,81.34466937445399],[-29.609656971377923,81.34495922390975],[-29.611806585152184,81.34524911067558],[-29.61430364294075,81.34535164339034],[-29.61680055140247,81.34545861939813],[-29.61895431223906,81.34574851702017],[-29.62076470302529,81.34622562119041],[-29.623605166664444,81.3461409023101],[-29.625540495972306,81.34581987206901],[-29.624978516655673,81.34539175051768],[-29.625665469728677,81.34501718748817],[-29.627600711038028,81.34469168181037],[-29.62703896848828,81.34426363032257],[-29.630222523671573,81.34399158990354],[-29.63090916688358,81.34361701244062],[-29.632839987233105,81.34329152694754],[-29.63227852600028,81.34286344043622],[-29.632965002308772,81.34248885531251]]],"type":"Polygon"},"id":"0000000000000000001b","properties":{"area":166323.5499895433,"elevation":590.5632834093979,"region":"NO","year":2018},"type":"Feature"},{"geometry":{"coordinates":[[[-29.820162437129966,81.33019065444057],[-29.819596079093426,81.32976703742095],[-29.817776996977976,81.32928551573515],[-29.815279519725554,81.32918293749546],[-29.813464617118925,81.3287057970859],[-29.81097231433888,81.32860323676319],[-29.809153062788685,81.32812609112045],[-29.806660527425738,81.32802353691564],[-29.804167608053838,81.32792100284766],[-29.801331656897947,81.3280101644584],[-29.79850030368814,81.32809492966148],[-29.79566864029861,81.32817960061176],[-29.793171437456433,81.32807707989735],[-29.793742232401407,81.32850518734386],[-29.795557119952793,81.3289822490345],[-29.794879458657533,81.32936130478272],[-29.796698798870054,81.32983837304383],[-29.79851346375183,81.33031555947247],[-29.80101043277068,81.33041811385495],[-29.80350322993165,81.33052063278971],[-29.805318381525314,81.3309977788435],[-29.807476437951237,81.33128759007673],[-29.809973621450542,81.33139018751613],[-29.813143934302747,81.33111820273768],[-29.81507011379351,81.33079262709268],[-29.81699175573434,81.33046713273663],[-29.820162437129966,81.33019065444057]]],"type":"Polygon"},"id":"0000000000000000001c","properties":{"area":101969.47887644166,"elevation":659.3805783522948,"region":"NO","year":2018},"type":"Feature"},{"geometry":{"coordinates":[[[-30.565265048445113,81.28458743060615],[-30.555700142521097,81.28240253532228],[-30.538599540657533,81.28153294415017],[-30.522140948649636,81.28028445873832],[-30.50568679721303,81.27903585069947],[-30.49084705988115,81.27684643585945],[-30.474406370013575,81.27559344894415],[-30.457970144176638,81.27434491374741],[-30.44089186039414,81.2734709421771],[-30.42413865721342,81.27240962666426],[-30.406743966283454,81.27171849970527],[-30.387734641010365,81.27197707987676],[-30.36806998685988,81.27260587295002],[-30.37579774945493,81.27351552524678],[-30.389629810782775,81.27628018179807],[-30.407680555005147,81.27658783773076],[-30.423986938067028,81.27481754697759],[-30.441390776525502,81.2755042640708],[-30.455571041626097,81.27807274188991],[-30.461969663820685,81.2805430537988],[-30.479386799899466,81.28122527321],[-30.49873944320339,81.28077491055019],[-30.515514871762267,81.28183619310876],[-30.532936308514277,81.28251846346157],[-30.547477579101006,81.28489962367075],[-30.565265048445113,81.28458743060615]]],"type":"Polygon"},"id":"0000000000000000001d","properties":{"area":1139792.1749965406,"elevation":783.4533991086018,"region":"NO","year":2018},"type":"Feature"},{"geometry":{"coordinates":[[[-31.90671827352557,81.28658958048266],[-31.90500167876646,81.28512702756363],[-31.89836212000043,81.28429313589878],[-31.88959550319983,81.28398552084289],[-31.87995534568155,81.28424411084065],[-31.87118828167703,81.28393643897572],[-31.863300442408036,81.28305797294834],[-31.85658051350615,81.2814170368823],[-31.847818214644064,81.28110932079095],[-31.83847211566274,81.2811762355968],[-31.828541322166696,81.28162659662583],[-31.826409995300082,81.2821483207257],[-31.81809839927205,81.28325416969354],[-31.81604720755023,81.28458302985997],[-31.82156296336842,81.2835797126747],[-31.832376254044252,81.28256301459936],[-31.842017093425902,81.28230442601749],[-31.851073290530294,81.28242480103924],[-31.85808301921459,81.2838739795711],[-31.86626095665378,81.28456070256047],[-31.87415366556206,81.28543915711754],[-31.88292029425845,81.28575126825815],[-31.891397074258435,81.28625067791165],[-31.898126102200084,81.28788720127427],[-31.902348548204785,81.28943894735032],[-31.90435951237718,81.29070981921872],[-31.90639772832326,81.28938097452175],[-31.905933682234526,81.28796300981989],[-31.90671827352557,81.28658958048266]]],"type":"Polygon"},"id":"0000000000000000001e","properties":{"area":290600.22420432046,"elevation":907.6200901722264,"region":"NO","year":2018},"type":"Feature"},{"geometry":{"coordinates":[[[-31.517862514428174,81.35783714281524],[-31.517207034198034,81.3574135096531],[-31.514688065144686,81.35732431001904],[-31.51277047599481,81.35685165901232],[-31.510549689738454,81.35657523541384],[-31.50803035858328,81.35648152922357],[-31.504899944233586,81.35677142585189],[-31.50238092781161,81.35667774880059],[-31.501774568075263,81.35705678242216],[-31.50116787031039,81.35743574387031],[-31.49804195854839,81.35772560370863],[-31.496173254314385,81.35806005523563],[-31.498091159532365,81.35852828591553],[-31.49622273975139,81.35886269517003],[-31.493096960904897,81.35915253802624],[-31.492490069586037,81.3595315480429],[-31.49188386091984,81.35991058521827],[-31.492539234294775,81.36033417798059],[-31.491932971839187,81.36071321243818],[-31.493850437664314,81.36118142387258],[-31.49667737625055,81.36108336871958],[-31.499504713510024,81.36098525027842],[-31.502327297531032,81.36088715296677],[-31.504195195691487,81.36055268751277],[-31.506063699269955,81.36021824080245],[-31.509189573600032,81.35993289199017],[-31.51105808068418,81.35959848728493],[-31.512921909576697,81.35926400570985],[-31.516052348849414,81.35897419285547],[-31.51665402585187,81.35859514661854],[-31.51726064810438,81.35821612376671],[-31.517862514428174,81.35783714281524]]],"type":"Polygon"},"id":"0000000000000000001f","properties":{"area":130112.73689024366,"elevation":791.5851741949662,"region":"NO","year":2018},"type":"Feature"},{"geometry":{"coordinates":[[[-31.74191909890959,81.34841945320188],[-31.741549179985746,81.34780414836051],[-31.739916783865663,81.34714420563766],[-31.736434661315343,81.34682313384997],[-31.73294731284818,81.34649761615594],[-31.72976346985913,81.34598483585343],[-31.72568374526028,81.34603831105241],[-31.722495333838243,81.3455255478283],[-31.719610391214953,81.34482546241958],[-31.71642196224962,81.34430817857208],[-31.71804929227226,81.34496814059591],[-31.720939183365914,81.34567268844627],[-31.722566283994023,81.34632816242237],[-31.719155486340636,81.34680974466248],[-31.72204482547353,81.34751428040511],[-31.724934556245014,81.34821435859965],[-31.72151891928289,81.34869596327856],[-31.720626648467345,81.3492667135398],[-31.721291120826926,81.34969032717585],[-31.724479642783212,81.35020308821395],[-31.727667632741888,81.35071589779152],[-31.731155115196533,81.35104146254967],[-31.734570287331554,81.35055985445241],[-31.737981938271098,81.35008274394157],[-31.7401353708452,81.34955656325087],[-31.74102726620282,81.34898579713123],[-31.74191909890959,81.34841945320188]]],"type":"Polygon"},"id":"00000000000000000020","properties":{"area":147340.20727986426,"elevation":837.457299800477,"region":"NO","year":2018},"type":"Feature"},{"geometry":{"coordinates":[[[-31.99894628382456,81.33262978235541],[-31.99507120544399,81.33169786040544],[-31.988092774133737,81.3310513123344],[-31.98140842266163,81.33022186082627],[-31.97414481072629,81.32976707776452],[-31.96717085964657,81.32912497320287],[-31.95990669996103,81.3286700872722],[-31.952352979622404,81.32840704169627],[-31.944799467636763,81.32813951219],[-31.936955694129864,81.32806815979752],[-31.929401873247084,81.32780059457885],[-31.921553974679686,81.32772923236068],[-31.912831920129296,81.3282242381862],[-31.903521381195876,81.32909820241386],[-31.903022005204516,81.3302798233203],[-31.90378428732731,81.33150613436845],[-31.91028569385819,81.33073468345316],[-31.919596290656806,81.32986074065767],[-31.92832280651248,81.32936575249323],[-31.936750851775134,81.32905806514516],[-31.94430887711802,81.32932557715465],[-31.9521523475402,81.32939699232132],[-31.959416166857714,81.32985178748429],[-31.966974515508568,81.33011485454136],[-31.973654040884462,81.33094876429892],[-31.98033815734661,81.33178260761792],[-31.987316937142072,81.33242472807025],[-31.994295396912925,81.33306682424977],[-31.99894628382456,81.33262978235541]]],"type":"Polygon"},"id":"00000000000000000021","properties":{"area":254331.86548924816,"elevation":825.4397978791541,"region":"NO","year":2018},"type":"Feature"},{"geometry":{"coordinates":[[[-31.740479034523435,81.32894658579274],[-31.738557082135056,81.32847392587182],[-31.736630676079344,81.32800572782693],[-31.734414293735462,81.32772922762716],[-31.731899577725176,81.32764007573972],[-31.729379937356395,81.32755088270152],[-31.726865334517104,81.32746169383624],[-31.726272184651023,81.32784076424944],[-31.723163968669326,81.32813054801875],[-31.720056156725004,81.328420443131],[-31.719458870617526,81.32879946488826],[-31.720122886085733,81.3292230881225],[-31.719529798628084,81.32960210102559],[-31.72145152912997,81.33007028427463],[-31.720858435689944,81.33044929634019],[-31.720265582854875,81.33082837585941],[-31.720930204539876,81.33125194793784],[-31.720337011008507,81.33163095507604],[-31.721295665841666,81.33186733350848],[-31.724408389178357,81.3315774679562],[-31.72751624440172,81.3312876212624],[-31.730035664402006,81.33137683326335],[-31.732550600220232,81.33146596337286],[-31.733143599959945,81.33108700603323],[-31.734998642505737,81.33075255379663],[-31.736849308035314,81.33041809736008],[-31.738699406025315,81.33008367112008],[-31.739292516756944,81.32970465851295],[-31.739885578944463,81.32932564365146],[-31.740479034523435,81.32894658579274]]],"type":"Polygon"},"id":"00000000000000000022","properties":{"area":113791.97546846126,"elevation":838.3670336583833,"region":"NO","year":2018},"type":"Feature"},{"geometry":{"coordinates":[[[-31.58308144638931,81.3461586893993],[-31.582118254307762,81.34592238403121],[-31.58115936746967,81.34568607079403],[-31.581462949618192,81.34549880716943],[-31.58176126876001,81.34530702071916],[-31.58080315568435,81.3450751618217],[-31.58110176177902,81.34488344496494],[-31.58140502875305,81.34469611019327],[-31.58014300203785,81.34464712611872],[-31.57888566279268,81.3446025200965],[-31.577627894502246,81.3445579500005],[-31.57606719775186,81.34470509348178],[-31.57450692947546,81.34484776166225],[-31.572946174884787,81.34499046331689],[-31.571385346027995,81.3451375856116],[-31.571086572336988,81.34532486660927],[-31.572045160022462,81.34556120939277],[-31.57174212750288,81.34574849457537],[-31.57018115760408,81.34589561083897],[-31.569882335020825,81.34608288957519],[-31.56957949944519,81.34627466958985],[-31.56801844733264,81.34641734812547],[-31.56771982101785,81.34660912170884],[-31.568678632012542,81.3468409327072],[-31.568375303225288,81.34703275093787],[-31.56681455403166,81.34717538295317],[-31.5665158782146,81.34736715424445],[-31.56621267754752,81.34755443185473],[-31.565913976976407,81.34774620199994],[-31.5656107516882,81.34793347847248],[-31.56531173789717,81.34812517764416],[-31.566574149353478,81.3481697851139],[-31.568134522067563,81.34802258778987],[-31.56939220505994,81.34807165751198],[-31.57065419321808,81.3481162906702],[-31.572214792781832,81.34796914500777],[-31.573775317508545,81.34782641986278],[-31.575336087680405,81.34768375748381],[-31.576896555071624,81.34753659064494],[-31.578457238367175,81.34739391415285],[-31.580017878594166,81.34725123060589],[-31.580317017789714,81.3470594776692],[-31.58061567417081,81.34687219230376],[-31.58091904614085,81.34668043372261],[-31.5812176780793,81.34649314722671],[-31.582778160869562,81.34634602301635],[-31.58308144638931,81.3461586893993]]],"type":"Polygon"},"id":"00000000000000000023","properties":{"area":65736.40017100834,"elevation":827.4113029827314,"region":"NO","year":2018},"type":"Feature"},{"geometry":{"coordinates":[[[-32.18904680567957,81.34379095782425],[-32.18738324442482,81.34313542221776],[-32.18669663560351,81.34271182388365],[-32.18291098646146,81.34258253643132],[-32.17998572606174,81.34188245265632],[-32.176195098578994,81.3417531147077],[-32.17154895229926,81.34219013222001],[-32.17097389890312,81.34257363686183],[-32.16885106201233,81.34309977705436],[-32.167986061510106,81.34367058069857],[-32.167125851499605,81.34423685845246],[-32.16499871039792,81.34476747610064],[-32.16413777863264,81.34533378258628],[-32.163273016713106,81.34590459172387],[-32.16367449458916,81.3465199256653],[-32.16280929540431,81.34709065821782],[-32.166309335778585,81.34740727487726],[-32.16981016360852,81.34772835038386],[-32.174175190305924,81.3474786090988],[-32.17630228350535,81.34695241664062],[-32.178425177943595,81.34642629033657],[-32.18181398027685,81.34594018636963],[-32.18267443135751,81.3453694438977],[-32.18480162695705,81.34484328888087],[-32.18818614719197,81.34436169516353],[-32.18904680567957,81.34379095782425]]],"type":"Polygon"},"id":"00000000000000000024","properties":{"area":172728.05838039363,"elevation":809.0532736970308,"region":"NO","year":2018},"type":"Feature"},{"geometry":{"coordinates":[[[-32.30490294106656,81.32935679642648],[-32.303234858266016,81.32870132856947],[-32.30156318788279,81.32804581969742],[-32.30087181952166,81.32762226056062],[-32.29737581537486,81.32730567418068],[-32.29330944744119,81.32736362293612],[-32.28980913288437,81.32704701295594],[-32.28602722304614,81.3269176959219],[-32.282531453559926,81.3266011072912],[-32.278750151320374,81.32647177859337],[-32.27553992185857,81.32596343330911],[-32.271758417096635,81.32583417845079],[-32.27118732978921,81.32621314794221],[-32.270335816729656,81.3267839165188],[-32.26947994593614,81.32735469310043],[-32.2686239696468,81.3279254647477],[-32.26777184935629,81.32849179143598],[-32.26565371995547,81.32902238586908],[-32.26817791024675,81.32910714307243],[-32.271673738983544,81.32942815619171],[-32.276311069779204,81.32898674857948],[-32.28037782803471,81.32892428026537],[-32.284158949994165,81.32905359867607],[-32.28708906830636,81.3297492394453],[-32.29001830574556,81.33044933151602],[-32.294089640944776,81.3303869095592],[-32.29787101273217,81.33051622617344],[-32.300675487580925,81.3304136179501],[-32.30405117864698,81.32992761110745],[-32.30490294106656,81.32935679642648]]],"type":"Polygon"},"id":"00000000000000000025","properties":{"area":179981.73012340398,"elevation":855.9150522496078,"region":"NO","year":2018},"type":"Feature"},{"geometry":{"coordinates":[[[-30.34340223450796,81.24302859612924],[-30.341248397425446,81.2427432254255],[-30.338773685771407,81.2426451636056],[-30.33629903484251,81.24254708371284],[-30.33382416877139,81.24244891480225],[-30.330698477238574,81.24272544941971],[-30.32757711668589,81.24300632146769],[-30.324451097025737,81.24328279908633],[-30.321325632580965,81.2435592801766],[-30.31820360952581,81.24384017672692],[-30.317553003944717,81.24421479224371],[-30.314427191952458,81.24449567475384],[-30.312540840196714,81.24482118050406],[-30.31189427000666,81.24520025873065],[-30.31469490402414,81.24511104241458],[-30.317169344434657,81.24520913179435],[-30.31964412144289,81.24530727406534],[-30.322770076386856,81.24502634599395],[-30.32524473552647,81.24512884196436],[-30.328045273961056,81.2450352335249],[-30.330850101241094,81.24494607813443],[-30.333324566055463,81.24504416099377],[-30.33644586880352,81.24476767346674],[-30.33957193044667,81.24449120030685],[-30.34145808905306,81.24416129681201],[-30.342105024050998,81.2437866922898],[-30.34275553564556,81.24340767032992],[-30.34340223450796,81.24302859612924]]],"type":"Polygon"},"id":"00000000000000000026","properties":{"area":94718.31593412615,"elevation":798.2414682238741,"region":"NO","year":2018},"type":"Feature"},{"geometry":{"coordinates":[[[-29.776708332434627,81.2882260970737],[-29.77500968491536,81.28694630505193],[-29.774554714688776,81.28571561136043],[-29.774099836359422,81.2844849017415],[-29.76767002122936,81.28361089741188],[-29.763839591183764,81.28426195310493],[-29.754368253252274,81.28508241228874],[-29.74737651169657,81.28600547321861],[-29.737901154225067,81.2868259556814],[-29.729103419466938,81.28727184153325],[-29.722106786509887,81.28819486326417],[-29.720073657656446,81.28931859292838],[-29.716800305327496,81.29039767738463],[-29.722209595596016,81.2918334921949],[-29.7251435682185,81.29316676271003],[-29.730556951979384,81.29460257392176],[-29.731007192445055,81.29583326925288],[-29.73744184512071,81.29670285838806],[-29.74557085193487,81.29663596271496],[-29.755054900716672,81.2958154649619],[-29.76081181953058,81.29483893289397],[-29.766568460979936,81.29386686807639],[-29.768597145403096,81.29273868791094],[-29.77186583144733,81.29165962893212],[-29.77265519820434,81.29048235880515],[-29.77467990179622,81.28935423045122],[-29.776708332434627,81.2882260970737]]],"type":"Polygon"},"id":"00000000000000000027","properties":{"area":893252.6349575408,"elevation":647.9070800734088,"region":"NO","year":2018},"type":"Feature"},{"geometry":{"coordinates":[[[-29.92537071948586,81.28180941652083],[-29.92446113239881,81.28157312164934],[-29.92322130182564,81.28151954387623],[-29.921981695494754,81.28147049673319],[-29.920741658645948,81.28142148352522],[-29.919497934325296,81.28136794754319],[-29.91825792877906,81.28131892528913],[-29.91668424065495,81.28145716507223],[-29.915440097427176,81.28140365289528],[-29.914200562819488,81.281354577616],[-29.913865916588463,81.28154191837464],[-29.91353142917038,81.28172914881414],[-29.91195761793782,81.28186736701812],[-29.910379103507793,81.28200560044945],[-29.908804763754762,81.28214384268988],[-29.907231102279948,81.28228211057505],[-29.90689673486709,81.28246940505419],[-29.90780172629842,81.2827057292096],[-29.907467353610755,81.28289302347348],[-29.905888615988136,81.283031235853],[-29.90555419473933,81.28321852784215],[-29.906798221108836,81.28327200271407],[-29.90837232586421,81.28313380880488],[-29.909611772600623,81.28318283213565],[-29.910521764573677,81.28342365972566],[-29.911761264213812,81.28347267504365],[-29.913000982566597,81.2835262209326],[-29.914245176197507,81.28357520475842],[-29.915819244872544,81.2834369775849],[-29.917063206912072,81.28349052482261],[-29.918303036627126,81.28353958777753],[-29.91987705222131,81.28340134232351],[-29.921455243188728,81.28326310556425],[-29.92179008485461,81.28307583219936],[-29.922124193392754,81.28288852540797],[-29.92245856224755,81.28270128924768],[-29.92279308984505,81.28251394276566],[-29.92436715643329,81.28237574757206],[-29.924701909291034,81.28218847006909],[-29.92503599367849,81.28199669527486],[-29.92537071948586,81.28180941652083]]],"type":"Polygon"},"id":"00000000000000000028","properties":{"area":52117.7336479661,"elevation":736.9950150232177,"region":"NO","year":2018},"type":"Feature"},{"geometry":{"coordinates":[[[-32.455598191992976,81.33943444631798],[-32.45489821873475,81.33901076860735],[-32.45546009576334,81.33863174560221],[-32.454760037678376,81.33820817484724],[-32.452236383395636,81.33812342691466],[-32.450269365751424,81.33765967115028],[-32.44802668851472,81.33738322334608],[-32.44493646017251,81.33767749427847],[-32.44241292362358,81.33759278440019],[-32.439322706041224,81.33789154244207],[-32.43876054679147,81.33827061289098],[-32.43819878131545,81.33864963956408],[-32.43637047474994,81.33898846573891],[-32.435808499896375,81.33937195421522],[-32.43524684444589,81.33975104172848],[-32.43468528795371,81.34013001638898],[-32.43538530144873,81.34055364959384],[-32.43636589938784,81.34078548983933],[-32.43917095765345,81.34067851587311],[-32.44141807255272,81.34095492648703],[-32.443946297518785,81.34103966470735],[-32.44703236063789,81.34074532728393],[-32.45012236164046,81.34045105769529],[-32.45265085887188,81.34053580210173],[-32.45321254360463,81.34015236157067],[-32.455036268842136,81.3398134667474],[-32.455598191992976,81.33943444631798]]],"type":"Polygon"},"id":"00000000000000000029","properties":{"area":97471.21404668063,"elevation":864.5570868306268,"region":"NO","year":2018},"type":"Feature"},{"geometry":{"coordinates":[[[-31.98407969362082,81.38732515439995],[-31.98213098318489,81.386856941171],[-31.97959354800829,81.38676774077506],[-31.97676644023487,81.3868703396337],[-31.974523865968415,81.38659383871517],[-31.972574910892945,81.38612564890174],[-31.970626149993933,81.38565744547111],[-31.968089034187187,81.38556826950926],[-31.965556252709,81.3854790656065],[-31.962729287839466,81.38558166176756],[-31.960191999673324,81.3854968943521],[-31.95707064171676,81.38578672534658],[-31.953949399933794,81.38607659766504],[-31.95336065392916,81.38646010740091],[-31.95150569480701,81.38679449423515],[-31.949650901525413,81.38712894000035],[-31.947795678425823,81.38746784147928],[-31.950328467780395,81.38755256624846],[-31.952571660287532,81.38783345433018],[-31.955108734310873,81.38791824501774],[-31.95734744670714,81.38819915083216],[-31.95988438608945,81.38828383660416],[-31.96183310579544,81.38875208803488],[-31.964664564888714,81.38864946159549],[-31.96749169536133,81.38855135721306],[-31.970028999369507,81.38863614829727],[-31.972855941217762,81.38853357547444],[-31.97539346271649,81.388622752601],[-31.978514697460195,81.38833291603025],[-31.981640321274124,81.38803857566133],[-31.983495141296984,81.38770417417894],[-31.98407969362082,81.38732515439995]]],"type":"Polygon"},"id":"0000000000000000002a","properties":{"area":132832.86379385143,"elevation":738.4952511636669,"region":"NO","year":2018},"type":"Feature"},{"geometry":{"coordinates":[[[-33.12857446787345,81.28337904282284],[-33.12658581989536,81.28291528653654],[-33.12459718274934,81.28245602779008],[-33.122082199917514,81.2823757753253],[-33.120093646961266,81.28191201802986],[-33.117315478514314,81.28202343917474],[-33.114532883922585,81.28213497221473],[-33.11228115285791,81.28186298420408],[-33.109503237523796,81.2819744110508],[-33.106988422034085,81.28189415811093],[-33.10420584196346,81.28200120729846],[-33.103675037120425,81.28238465144757],[-33.10188713260019,81.28272355902462],[-33.10135649229653,81.2831070658938],[-33.10334490303551,81.28357077470916],[-33.105329325198156,81.28403009196543],[-33.10731812178089,81.2844937726089],[-33.10930249279308,81.28495310425718],[-33.1112912404113,81.28541679920107],[-33.11380615010441,81.28549710010483],[-33.11658885387196,81.28538565855774],[-33.11963390951545,81.2850823967412],[-33.122680068739854,81.28478367127872],[-33.125725065671354,81.28448042347041],[-33.12625582583712,81.28410138181178],[-33.12804427509061,81.28375804777453],[-33.12857446787345,81.28337904282284]]],"type":"Polygon"},"id":"0000000000000000002b","properties":{"area":121947.36779679386,"elevation":998.1430249632883,"region":"NO","year":2018},"type":"Feature"},{"geometry":{"coordinates":[[[-32.41255915101459,81.35236580211583],[-32.41157801704253,81.35213392232048],[-32.41059693126079,81.35190203908824],[-32.409615893666384,81.35167015241929],[-32.40863064011037,81.35143827697142],[-32.407368656685186,81.35139373496463],[-32.4061020426416,81.35135360123756],[-32.40483596829462,81.35130895387059],[-32.40357393986718,81.35126886531093],[-32.40230745264808,81.3512242501885],[-32.40076016404822,81.35137140286493],[-32.39949815213003,81.3513312994881],[-32.39851284075575,81.35109496786504],[-32.397250878754804,81.35105485607181],[-32.39570355177343,81.35120198661019],[-32.39443712485535,81.35115734261173],[-32.39317517938648,81.35111721600212],[-32.39288994750191,81.35130899717322],[-32.392609059738255,81.35149629592539],[-32.3923235094435,81.35168800688925],[-32.39204250650367,81.35187977195602],[-32.391757024895114,81.35206701443472],[-32.39274278879598,81.35229885429077],[-32.39372380446953,81.3525352140763],[-32.394704960211115,81.35276710305506],[-32.39568572347663,81.3529990301579],[-32.39695219606736,81.35303913160017],[-32.39821859225791,81.35308369570532],[-32.39948029707023,81.35312831125056],[-32.40074680972815,81.35316839870323],[-32.40172776801461,81.35340030726599],[-32.402994242985955,81.35344485358573],[-32.40454140145104,81.35329773453921],[-32.40608895621665,81.35315056696422],[-32.407636110948346,81.35299896668596],[-32.409183135630286,81.35285182677147],[-32.41073085168975,81.35270470741762],[-32.41227822826823,81.35255751201106],[-32.41255915101459,81.35236580211583]]],"type":"Polygon"},"id":"0000000000000000002c","properties":{"area":58482.728428030445,"elevation":848.0654165908123,"region":"NO","year":2018},"type":"Feature"},{"geometry":{"coordinates":[[[-32.49225223981783,81.3460517348258],[-32.49126688957838,81.3458198502079],[-32.49028114771643,81.34558800380952],[-32.4893002023401,81.34535162907605],[-32.488314557545905,81.34511977575085],[-32.488595614926204,81.34493247671321],[-32.48887670740136,81.3447407095682],[-32.487614338507356,81.3446961370675],[-32.4863481144957,81.34465600142688],[-32.48536687605761,81.34442412213176],[-32.484100750134075,81.34437951044556],[-32.48381957563852,81.34457127464782],[-32.4835388294385,81.344762996629],[-32.48199600666853,81.34491019425302],[-32.48044858261822,81.3450573314447],[-32.47890611137306,81.34520447353147],[-32.4786248085326,81.34539623239354],[-32.47834393403912,81.3455879490411],[-32.47806339490177,81.34577526663755],[-32.47778249723509,81.3459669821997],[-32.4775011478506,81.34615873888097],[-32.478486618570386,81.34639062108101],[-32.47946757986651,81.3466224463001],[-32.48045314721187,81.34685432158653],[-32.48143450038437,81.34708620895536],[-32.48241972428959,81.34731811899815],[-32.48340543666378,81.34754998390622],[-32.48438615012814,81.34778630102434],[-32.48565277433203,81.34782644136988],[-32.487195585172216,81.34767927202199],[-32.4887429101296,81.34753214914595],[-32.48902364317638,81.34734042813535],[-32.48930480462501,81.34714866489787],[-32.489585468048666,81.34696141027351],[-32.48986660630072,81.34676964594978],[-32.49140918947602,81.34662245709248],[-32.49169028107811,81.34643069080813],[-32.49197092100178,81.34623896566059],[-32.49225223981783,81.3460517348258]]],"type":"Polygon"},"id":"0000000000000000002d","properties":{"area":54855.89255649902,"elevation":861.1417669124303,"region":"NO","year":2018},"type":"Feature"},{"geometry":{"coordinates":[[[-32.146350736113945,81.37371154815789],[-32.144397463240196,81.3732433132831],[-32.144972872549744,81.37286427053321],[-32.14272987638497,81.37258778339533],[-32.140486867795076,81.3723113912162],[-32.138533734410096,81.37184315655061],[-32.13571103589388,81.37195013599585],[-32.1331784901476,81.37186098299239],[-32.133865317937314,81.37228459656498],[-32.134551762207295,81.37270824808236],[-32.13524298053298,81.373131843758],[-32.13339701293328,81.37346629878252],[-32.130284501873106,81.37376054637697],[-32.12717210569946,81.37405483524306],[-32.12405982437012,81.37434916538638],[-32.12123708737006,81.37445169971103],[-32.119283940691645,81.37398351699369],[-32.11772787776837,81.37413068544399],[-32.11714823184242,81.37450968014235],[-32.11656809548567,81.3748887138333],[-32.115988867283136,81.37527219889026],[-32.11794187688775,81.37573596848758],[-32.11862870941086,81.37615955622314],[-32.11960976656037,81.37639590236844],[-32.12185230672128,81.37667238881126],[-32.12467496413125,81.37656982156301],[-32.12720738735201,81.37665450587663],[-32.12905374511104,81.376320132602],[-32.12836731358861,81.37589648512576],[-32.1314795512835,81.37560216097206],[-32.134591903866394,81.37530787809614],[-32.1377045203527,81.37501352594631],[-32.140816597654954,81.37472372295431],[-32.14363964330208,81.37461674385413],[-32.14519553184453,81.37447399733608],[-32.145775767055135,81.37409054881965],[-32.146350736113945,81.37371154815789]]],"type":"Polygon"},"id":"0000000000000000002e","properties":{"area":119232.22927572162,"elevation":762.0691972285268,"region":"NO","year":2018},"type":"Feature"},{"geometry":{"coordinates":[[[-32.18154207232612,81.37071498923423],[-32.18056536004943,81.37048313865023],[-32.180855052638734,81.37029584060046],[-32.18114065428466,81.37010408707273],[-32.1801640127686,81.36987223376643],[-32.17918304741613,81.36963585279014],[-32.17820650263654,81.36940399264397],[-32.177230005940714,81.36917212909022],[-32.17624903865278,81.36893584836164],[-32.17498696753739,81.36889572951753],[-32.17343056311264,81.3690428435811],[-32.17187460423968,81.36918555304473],[-32.17032267596378,81.36933271061109],[-32.168766874415496,81.36947983166324],[-32.167210585934306,81.36962698697229],[-32.165658523912526,81.36977412356467],[-32.1653687997923,81.36996583636468],[-32.16507882097594,81.37015312303666],[-32.16479363800371,81.37034489232825],[-32.16450343558476,81.37053664472376],[-32.164213863587094,81.37072388848094],[-32.16519498637971,81.3709602686787],[-32.16617134975059,81.37119216231333],[-32.1671479097929,81.37142394198008],[-32.16686272591413,81.3716157105955],[-32.16657272103726,81.37180299558483],[-32.16754900455596,81.37203934984166],[-32.168525535315126,81.37227123392947],[-32.16979635834475,81.37231581681073],[-32.17106312042898,81.37235594003285],[-32.172039576435196,81.37259227991098],[-32.173016277637515,81.37282414964723],[-32.17399729959074,81.37305600416988],[-32.17526354758808,81.3731006194394],[-32.17681986254256,81.37295347298281],[-32.17710543638146,81.37276619391028],[-32.17739502279389,81.37257447701509],[-32.178951222891335,81.37242732065391],[-32.1792366379273,81.3722355030463],[-32.17952670801139,81.37204827831323],[-32.17981622299598,81.37185655829158],[-32.18010170343173,81.37166927505866],[-32.18039163686969,81.3714775126411],[-32.18067684403464,81.37128580283449],[-32.18096656108243,81.37109850607821],[-32.18125645855232,81.37090674198907],[-32.18154207232612,81.37071498923423]]],"type":"Polygon"},"id":"0000000000000000002f","properties":{"area":84777.28849639946,"elevation":754.2870366492143,"region":"NO","year":2018},"type":"Feature"},{"geometry":{"coordinates":[[[-32.82016554227121,81.30611152686589],[-32.81431061275256,81.30651734994765],[-32.80872346568304,81.30673132841112],[-32.802592249819725,81.30732890101284],[-32.796465302743975,81.30792637092527],[-32.79285335023771,81.30860861774097],[-32.790503525869525,81.30932654302666],[-32.78814919916507,81.31004893633946],[-32.787060930010014,81.31081146298537],[-32.78344437701965,81.31148920200123],[-32.78487613933066,81.31233197669418],[-32.78378352178108,81.31309445510438],[-32.78269102136955,81.31385699381923],[-32.782860684375876,81.31465964018926],[-32.781767917656865,81.31542216532719],[-32.78067540873634,81.31618463991614],[-32.78473332270079,81.31611772232118],[-32.78708753514704,81.31539537754892],[-32.79069963807933,81.31471758788533],[-32.794315790612444,81.31403980704229],[-32.797927832099546,81.31335756314229],[-32.80153977158854,81.31267981583808],[-32.80388985763554,81.31195743875182],[-32.80498224096205,81.311194947098],[-32.80606990016744,81.31043239766598],[-32.80715821832095,81.30967433506208],[-32.80950816841043,81.3089519979529],[-32.81311985998141,81.30827418852516],[-32.81672743451527,81.30759191607895],[-32.81907720062586,81.30686959861735],[-32.82016554227121,81.30611152686589]]],"type":"Polygon"},"id":"00000000000000000030","properties":{"area":262481.50912399654,"elevation":921.8996237090755,"region":"NO","year":2018},"type":"Feature"},{"geometry":{"coordinates":[[[-32.288796404489055,81.38175574562526],[-32.28654493201949,81.38147923309185],[-32.284292711786286,81.38120278770093],[-32.28175562648686,81.3811180402879],[-32.27922272508678,81.38103337168742],[-32.2766854548942,81.38094416209591],[-32.274148387050836,81.38085946927085],[-32.271611373799644,81.38077475776976],[-32.2696450263063,81.38030650676073],[-32.26682205873962,81.38041354786179],[-32.26371414478518,81.38070786984758],[-32.26089161440582,81.38081035539835],[-32.25806888739206,81.38091292876508],[-32.25749350387092,81.38129644277939],[-32.25818925842851,81.38172008464866],[-32.260726499568335,81.38180478207094],[-32.26268870689971,81.38226851309437],[-32.26522555400773,81.38235768434363],[-32.26718766093773,81.3828214279204],[-32.26943940836797,81.38309791064428],[-32.27169129289617,81.3833743776798],[-32.27394331452645,81.38365082902571],[-32.276480676856366,81.38373556016391],[-32.27958866625172,81.38344128313972],[-32.28241569271715,81.38333867526936],[-32.28523838941309,81.38323170218588],[-32.285809123740954,81.38285265981833],[-32.287650692448835,81.3825137889006],[-32.28822585823628,81.3821347963388],[-32.288796404489055,81.38175574562526]]],"type":"Polygon"},"id":"00000000000000000031","properties":{"area":112885.26650058673,"elevation":702.3266630782379,"region":"NO","year":2018},"type":"Feature"},{"geometry":{"coordinates":[[[-32.90064337155868,81.3246703120554],[-32.89992514294189,81.32425116566478],[-32.89793625327237,81.32378740559201],[-32.89541260731936,81.32370269358194],[-32.89261677134974,81.3238141319807],[-32.88982103803734,81.32392114869889],[-32.88702070209079,81.3240326734251],[-32.88395259100955,81.32433140771654],[-32.880885036861365,81.32463014103107],[-32.88034091492305,81.32500921795952],[-32.87980157740598,81.32539269799636],[-32.87925706845178,81.32577170200865],[-32.87871338664113,81.32615519821879],[-32.87943578997891,81.32657438946688],[-32.88141987906779,81.32703808536009],[-32.88394818050234,81.32712280535127],[-32.88674401655912,81.32701134216083],[-32.88954449327426,81.32690437232625],[-32.89234022290188,81.32679286405887],[-32.894868893905965,81.3268775730253],[-32.89667483280224,81.3265342046338],[-32.89847609838894,81.32619535665165],[-32.89902032813055,81.32581628394527],[-32.89955967518506,81.3254328042315],[-32.90010367630415,81.3250538381994],[-32.90064337155868,81.3246703120554]]],"type":"Polygon"},"id":"00000000000000000032","properties":{"area":101093.91456761549,"elevation":921.7277633774809,"region":"NO","year":2018},"type":"Feature"},{"geometry":{"coordinates":[[[-31.672254658703743,81.44509280741283],[-31.670609267093656,81.44443282678269],[-31.668968249058054,81.44377293803001],[-31.665445639259882,81.443447402092],[-31.66161946445463,81.44331365074527],[-31.66132082313166,81.44350538500176],[-31.659136014115006,81.44402710152764],[-31.655680363354133,81.44450865381968],[-31.654775026457163,81.44507492937772],[-31.65386511923987,81.44564573885351],[-31.652960296885343,81.44621203318496],[-31.652050610725706,81.44678279169071],[-31.651145115283086,81.44734911632834],[-31.650235202327625,81.44791986446695],[-31.651881033367548,81.44857979859239],[-31.65097103575181,81.44914611888865],[-31.65134153731881,81.44976146307715],[-31.650431674178808,81.45033226858841],[-31.650797580061447,81.45094311896261],[-31.653718150870894,81.45164765333088],[-31.656268976588564,81.45173686472164],[-31.657178488324316,81.45117058594515],[-31.66190921755823,81.45073800306217],[-31.66409429750435,81.45021188775732],[-31.66627483828605,81.44969018567203],[-31.667184438280632,81.44911936788831],[-31.668089912827867,81.44854862027607],[-31.67154561859751,81.44807146679818],[-31.671180070086503,81.44745614937275],[-31.670809968215583,81.44684076378371],[-31.67171499858512,81.44627441865299],[-31.671349491372993,81.44565909037345],[-31.672254658703743,81.44509280741283]]],"type":"Polygon"},"id":"00000000000000000033","properties":{"area":220783.63367783383,"elevation":637.1080088645882,"region":"NO","year":2018},"type":"Feature"},{"geometry":{"coordinates":[[[-32.427341124943126,81.37642711192184],[-32.426636559044695,81.37600346455193],[-32.42311364577525,81.37568685717298],[-32.41931013005041,81.37555755894414],[-32.41550621395093,81.37543272662195],[-32.41141758260307,81.37549516612995],[-32.40761348392369,81.37536582233999],[-32.40409124168115,81.37504923923186],[-32.40085391759324,81.37454088704789],[-32.397331352184686,81.37422431454087],[-32.394093810977985,81.37371597660587],[-32.390575637963515,81.37339935865216],[-32.386772036884494,81.37327004397993],[-32.382683144814514,81.3733324495197],[-32.38183120031818,81.37390325211867],[-32.38225072824664,81.37451415999766],[-32.38520256542131,81.3752142554257],[-32.38815410410014,81.37591429220942],[-32.39111074710317,81.37660988620306],[-32.3949144312752,81.37673926968434],[-32.398718034950754,81.37686407575588],[-32.401959839982375,81.37737246126296],[-32.40661478310605,81.37693099671971],[-32.41098517937449,81.37667680838774],[-32.413941522790324,81.37737687168551],[-32.41689750482866,81.37807252075235],[-32.42042067259648,81.37839357878568],[-32.42352424104147,81.37809481486424],[-32.42437091033082,81.37752405144707],[-32.4264889851841,81.3769978477373],[-32.427341124943126,81.37642711192184]]],"type":"Polygon"},"id":"00000000000000000034","properties":{"area":182701.85702704056,"elevation":713.1351597992344,"region":"NO","year":2018},"type":"Feature"},{"geometry":{"coordinates":[[[-32.89873027800251,81.34833029046634],[-32.89646958027286,81.34805383010753],[-32.89393664653805,81.34797361789231],[-32.891676326477,81.34770159150078],[-32.88914324429534,81.34762127492962],[-32.88715447574473,81.34715754909955],[-32.88434980777672,81.34726461833104],[-32.881544926148734,81.3473760631271],[-32.87955615751894,81.3469123335521],[-32.8772956611342,81.34664029303656],[-32.8780178091595,81.34705945835033],[-32.88000652854649,81.34752319622497],[-32.88072899528442,81.34794681862248],[-32.88145152410613,81.3483704376023],[-32.88217353967283,81.34878962854185],[-32.88162971792982,81.34917303267511],[-32.87855272986717,81.34947182483577],[-32.876742218428745,81.34981070867588],[-32.87900343310154,81.35008274233127],[-32.88153600549735,81.35016303417677],[-32.884068468256004,81.35024770539157],[-32.88715012523963,81.34994891443998],[-32.889683058830016,81.35002921548815],[-32.892215306548884,81.35010947136247],[-32.89529229478339,81.34981074003055],[-32.895836640408035,81.34943170072323],[-32.89764660727043,81.34908832015587],[-32.89819111541698,81.34870934359867],[-32.89873027800251,81.34833029046634]]],"type":"Polygon"},"id":"00000000000000000035","properties":{"area":78427.11757937647,"elevation":768.6097304224451,"region":"NO","year":2018},"type":"Feature"},{"geometry":{"coordinates":[[[-33.169526891151364,81.32788534115907],[-33.16879109990722,81.32746615522083],[-33.16679358607823,81.32700246674737],[-33.16732429094133,81.32662341880994],[-33.16785468173363,81.32623990161328],[-33.16558972088155,81.32597235744662],[-33.16306142116847,81.32589213029351],[-33.1605328725124,81.3258118160107],[-33.15800041913266,81.32573157534281],[-33.15520891788798,81.32584308683597],[-33.1524132798695,81.32595008987181],[-33.14935407090325,81.32625325902525],[-33.148823691674025,81.32663677590446],[-33.148293006975116,81.32701582348541],[-33.147762240134306,81.32739926772963],[-33.147231468283145,81.32777831117006],[-33.147962897032635,81.32820188179521],[-33.14996515955811,81.32866123668413],[-33.15196258520406,81.3291249738709],[-33.15016557663174,81.32946388169249],[-33.14963473493259,81.32984732002707],[-33.15063368438578,81.33007922260808],[-33.15289927076,81.33034674164772],[-33.154432858090075,81.33019960881167],[-33.1549635332469,81.32981616491185],[-33.15549430107933,81.3294326079433],[-33.157286871858716,81.32909369674012],[-33.16035016435725,81.32879052486877],[-33.163408986809,81.32849174812583],[-33.166468097805534,81.3281885028355],[-33.169526891151364,81.32788534115907]]],"type":"Polygon"},"id":"00000000000000000036","properties":{"area":110160.6333629199,"elevation":949.8711529106537,"region":"NO","year":2018},"type":"Feature"},{"geometry":{"coordinates":[[[-32.6246827271853,81.3680038852879],[-32.62369279827582,81.36777195826454],[-32.62242681683946,81.36773185206309],[-32.62087939098892,81.36787901903823],[-32.61933193353282,81.36803064545866],[-32.617784858529625,81.36817775669495],[-32.61624186828873,81.36832495449538],[-32.61469471508477,81.36847651824012],[-32.61314706539566,81.36862365048253],[-32.611599668352454,81.3687708446811],[-32.61005267592158,81.368922456475],[-32.60850518915224,81.36906963677491],[-32.606958098530725,81.36921676830401],[-32.60541096343255,81.36936389288823],[-32.60386334874188,81.36951551869853],[-32.60231612394612,81.36966262938618],[-32.60076871105705,81.36980984385777],[-32.599221400651075,81.36996140699371],[-32.59767433874571,81.37010856575678],[-32.596126494550944,81.3702556904654],[-32.595850225089656,81.37044744868011],[-32.59556937345889,81.37063915441139],[-32.59529307941514,81.37082644523383],[-32.59501176385624,81.37101819168942],[-32.594731174453884,81.37120996471053],[-32.59572084671551,81.37144185677388],[-32.59699187096518,81.37148199878567],[-32.59853916724184,81.371334844298],[-32.60008641901573,81.37118768286584],[-32.60163362186737,81.37103604819886],[-32.603181081035686,81.3708889417866],[-32.60472819857331,81.37074175951695],[-32.60627556213719,81.37059017291051],[-32.60782332780075,81.37044300383424],[-32.6093703110934,81.37029580072597],[-32.61091753823421,81.37014419326538],[-32.61246502614654,81.369997114076],[-32.614012172396436,81.36984995903559],[-32.61428880346313,81.36965821353492],[-32.61456969615351,81.36946645028578],[-32.616116727657406,81.36931928549188],[-32.617664452473434,81.3691721408192],[-32.6192071092587,81.36902051304637],[-32.62075430382299,81.36887339633071],[-32.62103504413815,81.36868162687526],[-32.62131151380917,81.3684943405342],[-32.62285931763242,81.36834277474794],[-32.62440635300127,81.36819564133008],[-32.6246827271853,81.3680038852879]]],"type":"Polygon"},"id":"00000000000000000037","properties":{"area":59389.437395887464,"elevation":740.5274304516902,"region":"NO","year":2018},"type":"Feature"},{"geometry":{"coordinates":[[[-32.980131198790104,81.33480587828703],[-32.97814251760056,81.33434212137327],[-32.97560952216058,81.33426186913049],[-32.973348885328555,81.33398984077112],[-32.97082059734309,81.33390959985917],[-32.968292183117,81.33382487301698],[-32.965491988343054,81.33393630481831],[-32.962691425759,81.33404335766578],[-32.959623842469284,81.3343465652017],[-32.956556204270704,81.33464534661739],[-32.956016141761424,81.33502432962513],[-32.95547224584871,81.33540786776281],[-32.952404590788404,81.33570656848892],[-32.951864770711595,81.33609007768038],[-32.95005892973845,81.33642901312636],[-32.95204760803111,81.33689272937873],[-32.95484817475631,81.33678126918007],[-32.95738098606929,81.33686153266476],[-32.959909025512445,81.33694623965758],[-32.96298170284201,81.336643013232],[-32.96604937806193,81.33634422156571],[-32.96912173187995,81.33604551814628],[-32.97192221861724,81.33593398890702],[-32.974717696589195,81.33582701044935],[-32.97779008850107,81.33552818764419],[-32.97832989364323,81.33514473411671],[-32.980131198790104,81.33480587828703]]],"type":"Polygon"},"id":"00000000000000000038","properties":{"area":99280.57080855874,"elevation":856.9741348168483,"region":"NO","year":2018},"type":"Feature"},{"geometry":{"coordinates":[[[-32.8448646425231,81.35356528772493],[-32.84468611823311,81.35276263454254],[-32.84197947863151,81.3518752871262],[-32.84433814188684,81.35115293973227],[-32.84289374454094,81.35031016665086],[-32.842175476297776,81.34988650832499],[-32.83738196430007,81.3495342717475],[-32.83231642901955,81.3493693029639],[-32.826702170820326,81.34958776629806],[-32.82054441773028,81.35018527028664],[-32.81493059274716,81.35039935175122],[-32.80931666415185,81.35061780953396],[-32.80877257547224,81.35099685213785],[-32.8051427274985,81.35167909202207],[-32.80405022237363,81.35243713310574],[-32.80042053814202,81.35311941223715],[-32.80185633771882,81.3539621623633],[-32.80076412826541,81.35472467140684],[-32.80346606576015,81.35561198108218],[-32.80771569559548,81.35634776356312],[-32.81387813528492,81.35575021789607],[-32.82004501768612,81.35515274822119],[-32.82538723625351,81.35512596467711],[-32.83045224448404,81.35529095234631],[-32.83470207605668,81.35602668014825],[-32.84032060885027,81.35580822747718],[-32.84267948262722,81.35509028663806],[-32.84250557886568,81.35428322571616],[-32.8448646425231,81.35356528772493]]],"type":"Polygon"},"id":"00000000000000000039","properties":{"area":402108.97857159784,"elevation":755.5338935920408,"region":"NO","year":2018},"type":"Feature"},{"geometry":{"coordinates":[[[-33.49227250924398,81.32341285131919],[-33.49126481019627,81.32318544934785],[-33.49025673887618,81.32295357722987],[-33.48924913690079,81.32272616810891],[-33.48824116357624,81.32249428881697],[-33.486974972182146,81.32245409609256],[-33.48571289946598,81.32241849145976],[-33.48444629778142,81.32237833231098],[-33.483180446311856,81.32233819371048],[-33.48191385165415,81.32230253473939],[-33.48038875860034,81.32245415823719],[-33.4801344936926,81.32264141709305],[-33.47987594350555,81.32283321278831],[-33.4783511726198,81.3229847839336],[-33.47809227509917,81.32317650962364],[-33.47783366917651,81.32336830297288],[-33.47757974365832,81.32356002511712],[-33.47732081407942,81.32375174926881],[-33.477062611356764,81.32394349815767],[-33.47680398363274,81.32413077997147],[-33.476545022038934,81.3243225025896],[-33.47755288319932,81.32455441223526],[-33.47729435904969,81.32474609170944],[-33.477035712154354,81.3249333723159],[-33.478301867354645,81.32497353153194],[-33.47956847057821,81.32501364313707],[-33.480834651244976,81.32505379297986],[-33.48210116557609,81.32508949686888],[-33.48336737112712,81.32512963734192],[-33.484887858735355,81.32497800608854],[-33.486413295420924,81.3248263654161],[-33.48793825165322,81.32467476086441],[-33.48946316269772,81.32452314950197],[-33.49098377226824,81.32437155926313],[-33.491242452743684,81.32417982674386],[-33.49150112250752,81.32398809371095],[-33.49175947912574,81.32379629200398],[-33.492013871522886,81.3236045858899],[-33.49227250924398,81.32341285131919]]],"type":"Polygon"},"id":"0000000000000000003a","properties":{"area":57573.66435015253,"elevation":992.0198368557657,"region":"NO","year":2018},"type":"Feature"},{"geometry":{"coordinates":[[[-33.421715995982545,81.32780505630154],[-33.42070822320762,81.32757318494087],[-33.41970045176475,81.32734581940723],[-33.41869703432287,81.32711391382934],[-33.41768935990316,81.32688654116066],[-33.41794777197983,81.32669474486293],[-33.41820647531023,81.32650301627581],[-33.41694020808189,81.3264628594649],[-33.415678512519406,81.32642273918603],[-33.414670681963834,81.32619528757677],[-33.41366281674857,81.3259634339849],[-33.41265964189929,81.32573601648397],[-33.411393072428375,81.32569588153737],[-33.40986798108331,81.32584753461953],[-33.40834328014436,81.32599913805564],[-33.40681809840856,81.32615077751942],[-33.40528874835686,81.32630232598576],[-33.40376347617557,81.32645395181032],[-33.402238594452676,81.32660552799567],[-33.40197987735645,81.32679731360524],[-33.40172158521476,81.32698905587333],[-33.401458344017115,81.32717628960448],[-33.40119959480151,81.32736807367718],[-33.399674833094416,81.32751970600832],[-33.39941573695407,81.32771142000838],[-33.400419594775556,81.32794329574347],[-33.40168565647456,81.3279834439104],[-33.40295208863907,81.328019146222],[-33.40421861097537,81.32805924219454],[-33.40548471033773,81.32809937631264],[-33.40649263837173,81.32832673956639],[-33.40749586741646,81.32855867837614],[-33.40850383923958,81.32879054386304],[-33.409511477403186,81.32901793923635],[-33.41051455136389,81.3292497991087],[-33.411522588571934,81.32947725557725],[-33.41278891704195,81.32951736177161],[-33.41431412226863,81.32936574238758],[-33.41457679801137,81.32917403682383],[-33.41483572388818,81.3289867131836],[-33.41636038016384,81.32883512718657],[-33.41788577783507,81.32867905039913],[-33.41814419016338,81.32849176647073],[-33.41840294265821,81.32830004088872],[-33.4199324353319,81.32814843695523],[-33.421457322961366,81.327996785037],[-33.421715995982545,81.32780505630154]]],"type":"Polygon"},"id":"0000000000000000003b","properties":{"area":82960.47697701903,"elevation":970.9057410336421,"region":"NO","year":2018},"type":"Feature"},{"geometry":{"coordinates":[[[-33.74904526300595,81.31054389039345],[-33.74702057366328,81.31008457761416],[-33.74474218041103,81.30981704619862],[-33.74195996225767,81.30993298764514],[-33.73943126869913,81.30985715834235],[-33.73740707346911,81.30939789561306],[-33.73512826881329,81.30913038420503],[-33.73209628464445,81.3094380055476],[-33.72931394171278,81.30955395667075],[-33.726531011680606,81.30966541889617],[-33.723499225370574,81.30997310024105],[-33.722995239967155,81.31035658684945],[-33.72122493044712,81.31069997219181],[-33.72072081446576,81.31108345319824],[-33.720217300558254,81.31146244724864],[-33.7222414850273,81.31192175976399],[-33.7250242696663,81.31180579817709],[-33.72805595702693,81.31150259220566],[-33.731092658461044,81.31119491137144],[-33.73412492622293,81.31088723436308],[-33.73715711324343,81.3105840400261],[-33.73943588508083,81.31085157645299],[-33.74146503384258,81.31131085673937],[-33.7434888513594,81.31176566251523],[-33.74576765955789,81.31203319606338],[-33.74627158837859,81.31164970929298],[-33.7480421557323,81.31130640432484],[-33.747279427397075,81.31088723935812],[-33.74904526300595,81.31054389039345]]],"type":"Polygon"},"id":"0000000000000000003c","properties":{"area":80240.46133845118,"elevation":1010.5769678517058,"region":"NO","year":2018},"type":"Feature"},{"geometry":{"coordinates":[[[-33.10847327442455,81.38769526837388],[-33.106462063699226,81.38723148262946],[-33.104455434751756,81.38677223502447],[-33.10190950049141,81.38669197675722],[-33.09989839262775,81.38622818952956],[-33.09788727919952,81.38576889527623],[-33.095340811009365,81.38568867213993],[-33.09279483420681,81.38560838777205],[-33.09051622877269,81.38533635555305],[-33.08797026505744,81.38525614614491],[-33.085428333969965,81.38517582645115],[-33.08488854132839,81.38555487797142],[-33.083078413989035,81.38589826925006],[-33.08381451497879,81.38631740019267],[-33.08327910055568,81.38670088722827],[-33.084014828090936,81.38712005672029],[-33.086561239692614,81.38720029224424],[-33.088839856429026,81.38747227601753],[-33.09138554007331,81.38755256045006],[-33.09393201659562,81.38763285213238],[-33.09647824355962,81.38771305654723],[-33.09875671723899,81.38798512624591],[-33.10130265591221,81.38806533716513],[-33.10384894784777,81.38814559774902],[-33.10639485195607,81.38822588197618],[-33.10793776637533,81.38807429484024],[-33.10847327442455,81.38769526837388]]],"type":"Polygon"},"id":"0000000000000000003d","properties":{"area":77520.4456998268,"elevation":680.4424236800593,"region":"NO","year":2018},"type":"Feature"},{"geometry":{"coordinates":[[[-33.01948265951208,81.38009693600671],[-33.01882704521101,81.37867895385713],[-33.01944725945529,81.3773055492499],[-33.01752079383364,81.37584736938334],[-33.00970399933048,81.37480401640948],[-33.00053597131455,81.37471034467754],[-32.991639992823956,81.37442496871893],[-32.98220057587536,81.37452307687715],[-32.972225263906836,81.37500018707027],[-32.96224117226287,81.37548176849049],[-32.951989840718724,81.37614620226994],[-32.94228251126805,81.37643599241105],[-32.9314822257352,81.37748391264368],[-32.93211999185117,81.37890188563715],[-32.93657450249518,81.38043583821262],[-32.94710701423243,81.37957968289915],[-32.95763527468357,81.37871906427598],[-32.966535207600124,81.37900447080747],[-32.97570311378496,81.37909808961575],[-32.98433616514971,81.37957525919087],[-32.992696797097054,81.38023961491697],[-33.00132970106873,81.3807122779432],[-33.00833964732728,81.38233098064914],[-33.01053794342136,81.38359732862067],[-33.015706039344096,81.38276351546426],[-33.01759196261478,81.38143020233571],[-33.01948265951208,81.38009693600671]]],"type":"Polygon"},"id":"0000000000000000003e","properties":{"area":742110.9333954992,"elevation":670.0409684421123,"region":"NO","year":2018},"type":"Feature"},{"geometry":{"coordinates":[[[-32.89123031970209,81.39911501696265],[-32.89050334414624,81.39869138967833],[-32.888501196870514,81.39823211053084],[-32.88649910907628,81.3977683526084],[-32.88422518422713,81.3974963630427],[-32.88113009327833,81.39779511689696],[-32.87858404737127,81.39771040532527],[-32.876038187284784,81.39763013967757],[-32.873487351424046,81.39754984917805],[-32.870669159132554,81.39765685368852],[-32.8681232676951,81.39757664080915],[-32.865300300846826,81.39768366462486],[-32.862205979075036,81.39798241584529],[-32.86165757052139,81.39836588179364],[-32.861108991789315,81.3987448809089],[-32.86056049184228,81.39912834257493],[-32.86128719283304,81.39954755399792],[-32.863285078509755,81.40001127634422],[-32.86583540663042,81.40009154263741],[-32.86838162660049,81.40017627507494],[-32.87038385283989,81.40063997433332],[-32.87238600620002,81.40109930568852],[-32.8743834559414,81.40156308142308],[-32.87666201193152,81.40183503329554],[-32.87920869070302,81.40191979445233],[-32.881758837598454,81.40200002530567],[-32.88357831389048,81.40166116122232],[-32.88540195232097,81.40132226636172],[-32.885946062382125,81.40093882344759],[-32.88649425115664,81.40055975373468],[-32.88831818131425,81.40021640287473],[-32.890137832941754,81.39987752694785],[-32.89068609149726,81.39949851608654],[-32.89123031970209,81.39911501696265]]],"type":"Polygon"},"id":"0000000000000000003f","properties":{"area":166374.28989382042,"elevation":600.3416394569516,"region":"NO","year":2018},"type":"Feature"},{"geometry":{"coordinates":[[[-31.717612664674636,81.52680132226934],[-31.716323821121318,81.52675678117852],[-31.71503978399793,81.52671218829921],[-31.714054017561622,81.52647587727282],[-31.71276569410344,81.5264312822742],[-31.71148127395815,81.52638671685365],[-31.710192685176317,81.52634204284253],[-31.70890395463648,81.52629747431789],[-31.70792304959785,81.52606562759294],[-31.70693753955626,81.52582929453456],[-31.705956419527727,81.52559295175499],[-31.704971029051407,81.52536103151539],[-31.703686807684072,81.52531643686207],[-31.702095005689287,81.5254591774916],[-31.700806450831433,81.52541457869665],[-31.699825101917423,81.52518267774224],[-31.698536584489464,81.52513365072781],[-31.69694476303147,81.52528078838229],[-31.695352880761536,81.52542349914191],[-31.69376530648214,81.52557061628245],[-31.69247663580913,81.52552609745148],[-31.691188136705357,81.5254814636731],[-31.690884653967515,81.525668788178],[-31.69186553475932,81.52590506335827],[-31.692851100245456,81.52614139858238],[-31.69383236281176,81.52637331683461],[-31.69481728228081,81.52660961625699],[-31.69450994211723,81.52679690716683],[-31.694206491447673,81.52698865163465],[-31.695187580716553,81.52722049424138],[-31.694884423422156,81.5274123080614],[-31.694581410029308,81.52760401108506],[-31.69586992828575,81.52764856107812],[-31.697154415678394,81.52769318208887],[-31.69844251192566,81.52773776327355],[-31.699731369424814,81.52778236865954],[-31.700712232860372,81.52801423414338],[-31.702001143604665,81.52805883101985],[-31.70359294370122,81.52791613374342],[-31.705185131574783,81.52776896905114],[-31.706777135754468,81.52762632696972],[-31.70836877971239,81.52747918854661],[-31.709657689608594,81.52752817758136],[-31.71094180196027,81.52757278928937],[-31.71253338129579,81.52742563235974],[-31.714125683563662,81.52728291673215],[-31.715717465507996,81.52713581498352],[-31.717309225452556,81.52699312564273],[-31.717612664674636,81.52680132226934]]],"type":"Polygon"},"id":"00000000000000000040","properties":{"area":73896.78088191818,"elevation":424.6058744480708,"region":"NO","year":2018},"type":"Feature"},{"geometry":{"coordinates":[[[-33.582988216703356,81.36197966019861],[-33.580446308620495,81.36189934231757],[-33.57841752949725,81.36144007010597],[-33.57561728772806,81.36155599438278],[-33.5728172709557,81.3616674564437],[-33.57001678335327,81.36178344674589],[-33.56695791622546,81.36208662567367],[-33.563898884501484,81.36239428503474],[-33.56338579490881,81.36277333354826],[-33.560327181954115,81.36308098540971],[-33.55981007608165,81.36346001247092],[-33.55929721709411,81.36384351635982],[-33.55878431540435,81.36422701820393],[-33.559537799714484,81.3646461777862],[-33.56182534855303,81.36491368293626],[-33.56462536034746,81.36480221684212],[-33.56743061795374,81.36468628479662],[-33.57048957196661,81.36438308186715],[-33.57328964207417,81.36426710648092],[-33.574819363920525,81.36411549497097],[-33.576602939840214,81.36377218360131],[-33.579661649952826,81.36346896691096],[-33.58272089233314,81.36316124028264],[-33.58196264148417,81.36274211372302],[-33.58247558927269,81.36235866815099],[-33.582988216703356,81.36197966019861]]],"type":"Polygon"},"id":"00000000000000000041","properties":{"area":92933.86765183533,"elevation":835.9609714791576,"region":"NO","year":2018},"type":"Feature"},{"geometry":{"coordinates":[[[-34.21879790327605,81.32355553495212],[-34.21674215202044,81.32310069928238],[-34.21468690534862,81.3226459163889],[-34.21239064642459,81.32238281049167],[-34.20937162746196,81.32269051926815],[-34.20683450228897,81.32261913298358],[-34.204296978414725,81.32254333095808],[-34.20175982131182,81.32247201839526],[-34.19873665105268,81.32277962772393],[-34.19571774676287,81.32309179319819],[-34.19523182962269,81.32347523521564],[-34.19347937950413,81.32381861745698],[-34.1955304276411,81.3242779133348],[-34.19758623085629,81.3247327846971],[-34.19963735719142,81.32518754295117],[-34.201693121455634,81.32564242869785],[-34.20121112340831,81.32602587672167],[-34.203748786516236,81.32610167281005],[-34.20628605238352,81.32617305330072],[-34.20858227692441,81.32643616470149],[-34.2108786477194,81.32670370040825],[-34.2131751359065,81.32696677924886],[-34.21492780572788,81.32661893450785],[-34.21667991892895,81.32627112391208],[-34.21716590873118,81.32589212806543],[-34.216381440118134,81.32547292836176],[-34.21686281343134,81.325089458889],[-34.21734414685289,81.32470598745977],[-34.21783043851034,81.32432250084598],[-34.21831212430146,81.32393898165351],[-34.21879790327605,81.32355553495212]]],"type":"Polygon"},"id":"00000000000000000042","properties":{"area":134640.77411025297,"elevation":1080.3040072230933,"region":"NO","year":2018},"type":"Feature"},{"geometry":{"coordinates":[[[-34.016925589378296,81.34449992846179],[-34.01258264710356,81.34377758607992],[-34.007744438545345,81.3434386626576],[-34.00315570698079,81.34290802410278],[-33.998072793606056,81.34275639850289],[-33.99323884069813,81.34241754157999],[-33.98815575781442,81.34227036342844],[-33.98307208698436,81.3421187568595],[-33.97749398250965,81.3423550992873],[-33.97142062606473,81.34297041809671],[-33.96534745491945,81.34358583201275],[-33.964852460937045,81.34396928259693],[-33.96386232211193,81.34473184892158],[-33.96414325187793,81.34553447986548],[-33.96314894735578,81.34630146372234],[-33.9647006530877,81.3471396884043],[-33.96904407224503,81.34786213049996],[-33.973382412017884,81.34858449687717],[-33.97921485381077,81.34816084563705],[-33.98479344191041,81.34792900152193],[-33.99062149935541,81.34750088746387],[-33.99644960771631,81.34707725034586],[-34.002028065862504,81.34684544334549],[-34.00785561608609,81.34641735300343],[-34.01113784888487,81.34591792186923],[-34.01339856451442,81.34519112057914],[-34.016925589378296,81.34449992846179]]],"type":"Polygon"},"id":"00000000000000000043","properties":{"area":416615.7286441181,"elevation":964.0969081999917,"region":"NO","year":2018},"type":"Feature"},{"geometry":{"coordinates":[[[-33.66969978308357,81.38526947781203],[-33.668937138237254,81.38485033746409],[-33.66689948992799,81.38439108604744],[-33.667407695998136,81.38400756967405],[-33.667920885673674,81.38362404591193],[-33.66562419515362,81.38335656807565],[-33.66332807653241,81.38308903089339],[-33.661290334939736,81.38262971225282],[-33.65925211062502,81.3821748610071],[-33.65644747641468,81.38228632350507],[-33.65415102165909,81.38201880782356],[-33.65134645083021,81.38213473614124],[-33.64854138505221,81.38225068502766],[-33.6457322293853,81.38236220248548],[-33.645219418824865,81.38274568218009],[-33.64216077764483,81.3830488898641],[-33.640372569136346,81.38339219957909],[-33.63985979197802,81.38377573634148],[-33.63934666662651,81.38415920307469],[-33.63883424128075,81.38454269263839],[-33.640871754966476,81.38499747544601],[-33.64163407859442,81.38542110050719],[-33.64239672040584,81.38584028337053],[-33.644693409198176,81.38610779723506],[-33.64724413560936,81.38618361855121],[-33.649794662320716,81.38626385960083],[-33.652349640607135,81.3863397242921],[-33.654900515577886,81.38641548897432],[-33.65745100220355,81.38649127791874],[-33.66000110049298,81.3865670911342],[-33.662551748013314,81.38664734889403],[-33.66561569185723,81.38633968126739],[-33.666127909136144,81.38595618646463],[-33.66919159383831,81.3856529928379],[-33.66969978308357,81.38526947781203]]],"type":"Polygon"},"id":"00000000000000000044","properties":{"area":183601.05560486202,"elevation":757.6841838820857,"region":"NO","year":2018},"type":"Feature"},{"geometry":{"coordinates":[[[-33.99401939316712,81.32854083849892],[-33.99246756399255,81.32770252859083],[-33.988383005722426,81.32678836467261],[-33.983553755396606,81.32644946734219],[-33.97848368629414,81.32629791628162],[-33.97340945738369,81.32615076487322],[-33.96833508039027,81.32599914091034],[-33.962770113384266,81.3262354457019],[-33.95670554216774,81.32685084050614],[-33.95113633798115,81.3270826863622],[-33.9506409785911,81.32746615160217],[-33.949651182221714,81.32823316808006],[-33.94612416839193,81.32891980098366],[-33.94640035730166,81.32972247511643],[-33.94667701769297,81.33052509928804],[-33.95073500641064,81.33044928764295],[-33.95506456354717,81.33117169472817],[-33.95961270333874,81.33070793298873],[-33.95806570665417,81.32986966240985],[-33.959055767771595,81.32910265933577],[-33.96131640855888,81.32837586022056],[-33.96738082745607,81.32776047853815],[-33.97294563924903,81.32752862860646],[-33.97777480675775,81.32786749136622],[-33.981859306799024,81.32878161810706],[-33.98214039912151,81.32958426106134],[-33.978613295251996,81.3302754251263],[-33.98143146091423,81.33114939668337],[-33.98725003826308,81.33072576377633],[-33.990773210635346,81.33003457399495],[-33.99302961040263,81.32930779769288],[-33.99401939316712,81.32854083849892]]],"type":"Polygon"},"id":"00000000000000000045","properties":{"area":221681.27454510608,"elevation":970.1028040307946,"region":"NO","year":2018},"type":"Feature"},{"geometry":{"coordinates":[[[-33.66722078674535,81.35935322649951],[-33.66289547892631,81.35962076055465],[-33.65857025856761,81.35988830865718],[-33.65475316071296,81.35977231126286],[-33.65170301992286,81.3590856263637],[-33.64814463350678,81.35877800040512],[-33.64458624236598,81.35847477617021],[-33.641023330078994,81.35816707905241],[-33.636957070845334,81.35824288178942],[-33.63313986241734,81.35812695060321],[-33.62907316479145,81.35820270417099],[-33.62500202157449,81.3582785509119],[-33.620417717638425,81.35873785522577],[-33.61838036235316,81.35927296286154],[-33.6176129008416,81.35984369983514],[-33.61811724679185,81.360459027589],[-33.618621041055476,81.36106999730809],[-33.62243323937772,81.36118588281238],[-33.62625068909762,81.36129739275793],[-33.629809020127816,81.3616050561268],[-33.633625632896994,81.36172100961375],[-33.638209826213384,81.36126173888879],[-33.641513981261205,81.3617611238694],[-33.64507705578787,81.36206881981109],[-33.648381246849425,81.36256378038834],[-33.65296039053875,81.36210450348696],[-33.6570357959157,81.36202864898678],[-33.65983210971243,81.3619172135793],[-33.66186993617577,81.36138206670307],[-33.66263666498934,81.36080685747963],[-33.66339946161855,81.3602316306156],[-33.66670764330976,81.35973667371078],[-33.66722078674535,81.35935322649951]]],"type":"Polygon"},"id":"00000000000000000046","properties":{"area":245254.74341292033,"elevation":846.0341243236886,"region":"NO","year":2018},"type":"Feature"},{"geometry":{"coordinates":[[[-33.55787474419593,81.37374275464622],[-33.55584113607586,81.37328346036546],[-33.55381230838642,81.37282419092611],[-33.55152048379493,81.37255662572679],[-33.54897426837959,81.37247637580357],[-33.54668651666949,81.37220879151239],[-33.54465793753383,81.37174950500858],[-33.542370358141845,81.37148200067266],[-33.53930688688781,81.37178518426097],[-33.536243236949694,81.37209284785524],[-33.53395613931037,81.37182084928958],[-33.531668438242924,81.37155331685317],[-33.531151200606025,81.37193683262709],[-33.52936309954448,81.37228013255762],[-33.52884572754422,81.37265913528165],[-33.5313918861745,81.37273942183282],[-33.53419662217883,81.37262347975852],[-33.53700174224998,81.37251197945254],[-33.53903052701563,81.37297126490657],[-33.54105907202076,81.37343057893217],[-33.54309283466917,81.37388987500596],[-33.54512177498195,81.37434916017324],[-33.54715475443831,81.37480844524343],[-33.54663762959402,81.37519190278621],[-33.5473959545576,81.3756110832663],[-33.545603109483594,81.37595441560325],[-33.54509043961535,81.37633790641179],[-33.547377935321045,81.37660550588272],[-33.55044126429903,81.37630221129035],[-33.55095830508776,81.37591875242217],[-33.55402192151123,81.37561556137182],[-33.55581014049452,81.37527221432903],[-33.55632734604023,81.37488870146566],[-33.55684022969101,81.37450521533988],[-33.557357363042534,81.37412620559525],[-33.55787474419593,81.37374275464622]]],"type":"Polygon"},"id":"00000000000000000047","properties":{"area":102907.25832668188,"elevation":767.9453043296382,"region":"NO","year":2018},"type":"Feature"},{"geometry":{"coordinates":[[[-33.4393783973388,81.40036360675957],[-33.437376246983646,81.39890989493007],[-33.437929400780604,81.39753198838825],[-33.43337654427155,81.39600258300595],[-33.427780082788914,81.39523113251545],[-33.41962934034247,81.39438837077354],[-33.41174514492806,81.39334937796274],[-33.402818323899226,81.39307294018752],[-33.392580143741,81.39375513341506],[-33.38548565541527,81.39214543530937],[-33.37603228703267,81.39225244334538],[-33.36579437561563,81.3929302471713],[-33.3629407072655,81.39403609823438],[-33.368005959118236,81.3951865148395],[-33.37693780665031,81.39546300707305],[-33.385869267031616,81.39573946474496],[-33.39168843985557,81.39730904220102],[-33.3924063059825,81.39872259483319],[-33.395679343877646,81.40021637669923],[-33.393842092531465,81.40155418535977],[-33.39891641612685,81.40270461040397],[-33.40811543078193,81.40278929510849],[-33.41627114807641,81.40363654210535],[-33.42337910301912,81.40524630952429],[-33.43133907243795,81.40429649356344],[-33.43699747250445,81.40307469681018],[-33.43882571697783,81.40173692900227],[-33.4393783973388,81.40036360675957]]],"type":"Polygon"},"id":"00000000000000000048","properties":{"area":895338.4810360732,"elevation":710.612091231449,"region":"NO","year":2018},"type":"Feature"},{"geometry":{"coordinates":[[[-31.809095502365032,81.511149958791],[-31.807124488886224,81.51068171438922],[-31.802968907642082,81.51073968146197],[-31.802063250635598,81.51131047150761],[-31.798590069749608,81.51178756994274],[-31.793827607205195,81.51222454489005],[-31.789065027179028,81.51266152485297],[-31.785511390954984,81.51233602750949],[-31.782256241810586,81.51182324738107],[-31.779308779243372,81.51111871413929],[-31.775451716562262,81.5109849435509],[-31.77068948633399,81.5114219319751],[-31.765927138500903,81.51185892543937],[-31.76501716832155,81.51242518473204],[-31.767969123653234,81.51312974128994],[-31.765775100367144,81.51365594127537],[-31.768727145904638,81.51435599198956],[-31.772281019354836,81.51468154024823],[-31.776744864468004,81.51443624938541],[-31.780900453555624,81.51437834897804],[-31.78476215512915,81.51451205597537],[-31.78861949900712,81.51464583793536],[-31.79338153344376,81.51421334213073],[-31.7978407814866,81.51396362354582],[-31.801399251349267,81.51428913242557],[-31.802000998932325,81.51391013854898],[-31.799049246935613,81.51320559421755],[-31.797381380431336,81.51255006872537],[-31.802143420279794,81.51211308821128],[-31.806905793153472,81.51167607193678],[-31.809095502365032,81.511149958791]]],"type":"Polygon"},"id":"00000000000000000049","properties":{"area":168194.51354101225,"elevation":393.89266368095554,"region":"NO","year":2018},"type":"Feature"},{"geometry":{"coordinates":[[[-33.864531388396934,81.31776759623452],[-33.86401417930452,81.31715673232806],[-33.86046477795241,81.31685355603419],[-33.85741458775529,81.31616680825478],[-33.85361544109977,81.31605535592784],[-33.85006638341702,81.31575211081791],[-33.84626724043794,81.3156361783731],[-33.84246762028744,81.31552468852459],[-33.83866856758067,81.31540878285813],[-33.834874025554655,81.31529731212268],[-33.831074598938045,81.31518580689698],[-33.82727574491426,81.31506988584303],[-33.82677608924192,81.31545333950743],[-33.824760660822314,81.3159884839359],[-33.826544486510095,81.31663947117308],[-33.8295898016421,81.31732617406348],[-33.83010715685206,81.31793705686769],[-33.83365654596605,81.31824027808271],[-33.83695616557565,81.31873526624103],[-33.84050580929476,81.31904296579263],[-33.844305301947855,81.31915442075456],[-33.84760495497779,81.3196493871313],[-33.851403936471776,81.31976084915956],[-33.85520743653008,81.31987674567269],[-33.859755792586725,81.31941302739435],[-33.86177133115155,81.31887797073985],[-33.863787081013825,81.3183428568243],[-33.864531388396934,81.31776759623452]]],"type":"Polygon"},"id":"0000000000000000004a","properties":{"area":218054.58702703292,"elevation":995.6487659700412,"region":"NO","year":2018},"type":"Feature"},{"geometry":{"coordinates":[[[-33.501235257511176,81.35391758251556],[-33.50022287580853,81.35369012112673],[-33.499210421981104,81.353458259029],[-33.49819844155933,81.35323085858722],[-33.49692741066845,81.35319070070443],[-33.49565669596092,81.35315060625102],[-33.494386112705044,81.35311490423844],[-33.49286123744931,81.3532665490181],[-33.49133174428959,81.35341814683844],[-33.48980220563919,81.35356973783047],[-33.488272621498375,81.353721321994],[-33.48674329518495,81.3538729674714],[-33.48648438837263,81.3540646701662],[-33.48622577412579,81.35425644048945],[-33.4859671491261,81.35444821029857],[-33.486979383955344,81.35467560133299],[-33.48672076136824,81.35486737092624],[-33.4851912285653,81.35501900849458],[-33.48493269399154,81.35521066518812],[-33.485944962382874,81.35544256555411],[-33.485686315549614,81.35562982497161],[-33.48415664531418,81.35578145726934],[-33.4838979345412,81.35597322298065],[-33.48363964971375,81.35616494525614],[-33.483380917432314,81.3563567099392],[-33.48439328300818,81.35658410397859],[-33.48540537494092,81.35681593435862],[-33.48667180552385,81.35685613454882],[-33.48820117820821,81.3567045352617],[-33.48973094208204,81.3565528862214],[-33.49125980324417,81.35639680813613],[-33.492789778780285,81.35624521357512],[-33.494318968692,81.3560935869849],[-33.495848416543375,81.35594202170435],[-33.496106891525436,81.35575024771306],[-33.49636565920055,81.35555854134054],[-33.49789542910018,81.35540692365811],[-33.49942441342403,81.35525527395798],[-33.49968353787247,81.35506352149136],[-33.4999418995032,81.35487625145535],[-33.500200565984315,81.35468454091011],[-33.50045922171458,81.35449282985087],[-33.50071799981083,81.35430100720451],[-33.500976634035446,81.35410929511701],[-33.501235257511176,81.35391758251556]]],"type":"Polygon"},"id":"0000000000000000004b","properties":{"area":72987.08630217332,"elevation":861.3373118331949,"region":"NO","year":2018},"type":"Feature"},{"geometry":{"coordinates":[[[-31.669851108065483,81.47365330039871],[-31.668508764258952,81.47280167093611],[-31.669717184998678,81.47204358687641],[-31.66837506703771,81.47119636476839],[-31.66483894506777,81.47087086729165],[-31.65972458267373,81.47069252956327],[-31.654003400449053,81.47089316445303],[-31.647676169269207,81.47146837849952],[-31.641651944987355,81.47186080018642],[-31.635627575196885,81.47224876663914],[-31.62929533400673,81.47282393380604],[-31.626798438114896,81.47353744567046],[-31.62686111279727,81.47434453001473],[-31.62820280219162,81.47519172023382],[-31.63082489748881,81.4760835203162],[-31.632167301219994,81.4769352808776],[-31.636069059386376,81.47787168767918],[-31.640884793514914,81.47824176300755],[-31.64466183810716,81.47757290589503],[-31.645874445716696,81.47681487905733],[-31.649647002692575,81.47614599669225],[-31.65341933122334,81.47547714095602],[-31.659751380640575,81.47489739410086],[-31.665476719070178,81.47470121625518],[-31.66736316999832,81.47436680579055],[-31.669851108065483,81.47365330039871]]],"type":"Polygon"},"id":"0000000000000000004c","properties":{"area":342282.63537324505,"elevation":540.916086620263,"region":"NO","year":2018},"type":"Feature"},{"geometry":{"coordinates":[[[-33.08994525415395,81.34607846273865],[-33.08821545900225,81.34542745600262],[-33.089013253033045,81.34485221360227],[-33.08548196638334,81.34454448858665],[-33.08168261776621,81.34441964675867],[-33.07761156342057,81.34449099231722],[-33.07408002887565,81.34417883531144],[-33.07028068293822,81.34405848715723],[-33.06647718891469,81.34393811965961],[-33.06267807406637,81.34381768731059],[-33.0588789367998,81.34369732381649],[-33.05834389523004,81.34407636386624],[-33.05627505368609,81.34461142550948],[-33.05546778463593,81.34518216185768],[-33.054664980026125,81.34575293943693],[-33.05386251411043,81.3463236699329],[-33.053055462686515,81.34689892724339],[-33.05225235978115,81.34746969070373],[-33.05578454875908,81.34778183695009],[-33.05878551835681,81.3484729907928],[-33.06231670397636,81.34878512441954],[-33.06612086242471,81.34890554273338],[-33.07019152575529,81.34883864894952],[-33.07479788950209,81.34838378032492],[-33.07886465449937,81.3483169450824],[-33.081669447836276,81.34820545796251],[-33.08500493309431,81.34771493388139],[-33.088340389477686,81.34722444491908],[-33.089142905012096,81.34664925719373],[-33.08994525415395,81.34607846273865]]],"type":"Polygon"},"id":"0000000000000000004d","properties":{"area":257041.47784682404,"elevation":786.7081924794456,"region":"NO","year":2018},"type":"Feature"},{"geometry":{"coordinates":[[[-32.22956179617243,81.43151038155878],[-32.22602587257133,81.43118931653439],[-32.222200155656,81.43106000104076],[-32.218663616613654,81.43074340591194],[-32.21541323376478,81.43023064950837],[-32.210717978404546,81.43067204805205],[-32.206601823503135,81.43073449102717],[-32.20190655807762,81.43117590988875],[-32.19779096124105,81.43123392426976],[-32.193675147679805,81.43129635464115],[-32.18955949869338,81.4313542726807],[-32.18573337980852,81.4312250416367],[-32.181907536437585,81.43109565786591],[-32.181617860691176,81.43128739998757],[-32.18202356217148,81.43189830474317],[-32.181149581957904,81.43246904530567],[-32.17772917681086,81.4329551212052],[-32.178135126509275,81.43356597981635],[-32.17882601238472,81.43398961678295],[-32.18207717987459,81.4344979971593],[-32.18503318652125,81.43519803772854],[-32.18885935962276,81.4353318543184],[-32.19355916065007,81.43489034411552],[-32.19825484481624,81.43444892103315],[-32.20179518461264,81.43476995248065],[-32.20591072683262,81.43470758965792],[-32.20805553861436,81.43418138511548],[-32.212755480470086,81.43373996341424],[-32.21745115926228,81.4332984493025],[-32.22214657722966,81.43285705150676],[-32.22429114231526,81.43233083937658],[-32.22898654439758,81.43188937618791],[-32.22956179617243,81.43151038155878]]],"type":"Polygon"},"id":"0000000000000000004e","properties":{"area":267025.7910395128,"elevation":552.8501714376848,"region":"NO","year":2018},"type":"Feature"},{"geometry":{"coordinates":[[[-32.7397632992257,81.29689460681618],[-32.73932210636775,81.29628369208888],[-32.73609768161175,81.29577979487064],[-32.73286959042964,81.2952714821299],[-32.7285486666474,81.295530097333],[-32.72477199778134,81.2954052161312],[-32.72099954693999,81.29528038552654],[-32.71695053914002,81.29534730334628],[-32.71640220675377,81.29572631036459],[-32.714324146260026,81.2962569675831],[-32.71349930409191,81.29682771064053],[-32.71267860221668,81.29739843058157],[-32.71185809530738,81.29796921462493],[-32.71229077537283,81.29858460850168],[-32.715247133976945,81.29928019741108],[-32.71819924543146,81.29997581542472],[-32.718636149820206,81.30058674246567],[-32.721592714141465,81.3012823443513],[-32.72509314240713,81.30159890914281],[-32.725641439225555,81.3012154405016],[-32.725204359170434,81.30060459631079],[-32.727286629414465,81.30007391801078],[-32.728107170115614,81.2995031378621],[-32.73270485742106,81.29905726401469],[-32.733524988978544,81.2984864666746],[-32.73686053957819,81.29799599296581],[-32.738942649102945,81.29746533044249],[-32.7397632992257,81.29689460681618]]],"type":"Polygon"},"id":"0000000000000000004f","properties":{"area":193574.44627970076,"elevation":931.3444058194926,"region":"NO","year":2018},"type":"Feature"},{"geometry":{"coordinates":[[[-31.710179323079952,81.39915959127097],[-31.709207220211873,81.39892767297461],[-31.709510164780227,81.39873597245902],[-31.70980926052996,81.39854423682574],[-31.70884180046003,81.39831237940544],[-31.70914015845846,81.398120614572],[-31.709438824357147,81.39793334404621],[-31.708471405025684,81.39769705876363],[-31.70750377184716,81.39746512567908],[-31.706531432373495,81.39722881078212],[-31.705563867902075,81.39699244570237],[-31.704596225030127,81.39676061287317],[-31.703628757581175,81.39652424105249],[-31.702661210841203,81.39629240150569],[-31.70139496124669,81.39624782623349],[-31.70012370945486,81.39620322334746],[-31.699156414705627,81.39596683732842],[-31.697889786375168,81.39592228970048],[-31.696623617624294,81.39587769675414],[-31.69535273779699,81.39583314580426],[-31.693787710037217,81.39597580562472],[-31.692217934653613,81.39612293030956],[-31.69191929035204,81.39631026000525],[-31.692886582295696,81.39654655537393],[-31.693854636985918,81.39677845108879],[-31.694822025934023,81.39701473971695],[-31.694523423594564,81.39720649520507],[-31.694224495593208,81.39739375517502],[-31.693925868445017,81.39758550952016],[-31.693622634884996,81.39777277431459],[-31.693323982840425,81.39796452751332],[-31.693025296649385,81.39815185490357],[-31.693992798590187,81.39838814228042],[-31.694960326721933,81.39862000107188],[-31.69592777126784,81.39885639205505],[-31.69719861192324,81.39890097897236],[-31.698465185385576,81.39894556722648],[-31.6994324633917,81.39918187770382],[-31.70040050151436,81.39941378863689],[-31.701367876557114,81.39965009237535],[-31.702340318835482,81.39988641567007],[-31.703307765147798,81.40011828751285],[-31.70457409538595,81.4001628931791],[-31.70614352314475,81.40002022378344],[-31.707713324265903,81.399873081476],[-31.70927838198675,81.39973040403812],[-31.709577225449287,81.39953860068447],[-31.709880213443345,81.39935132610775],[-31.710179323079952,81.39915959127097]]],"type":"Polygon"},"id":"00000000000000000050","properties":{"area":84777.28849641434,"elevation":727.9710740337046,"region":"NO","year":2018},"type":"Feature"},{"geometry":{"coordinates":[[[-31.67066711673776,81.40297216439437],[-31.66999832570663,81.40254406757168],[-31.66806293894944,81.40207588113368],[-31.668665066228936,81.40169681906106],[-31.66799601316004,81.40127317827705],[-31.667028468244002,81.40103686515204],[-31.664192454558762,81.4011393981897],[-31.661356676073652,81.40123755288093],[-31.66075474135518,81.40161656428359],[-31.660152756938363,81.4019955734013],[-31.658284089974785,81.40233003344504],[-31.65768195985462,81.40270903612964],[-31.657080516526957,81.40308806561532],[-31.656478286987493,81.40346706372976],[-31.65587629851788,81.40384612926502],[-31.655273969514536,81.40422512280782],[-31.654672621563407,81.40460863787521],[-31.656607514749858,81.40507681755433],[-31.657276290946285,81.40550046514403],[-31.657940549396223,81.40592404533548],[-31.657338893642102,81.40630306398197],[-31.65927410469159,81.40677132996929],[-31.661815816201617,81.40686493968079],[-31.663385287824088,81.40671780286607],[-31.66398718232912,81.40633873542204],[-31.66585558317241,81.40600433739009],[-31.665186828689617,81.40558066899092],[-31.665788865106574,81.40520166439559],[-31.66639085179984,81.4048226575151],[-31.668263598408835,81.40448819663847],[-31.668861155457652,81.40410918897791],[-31.6694629467247,81.40373017338175],[-31.670065133985293,81.40335111486529],[-31.67066711673776,81.40297216439437]]],"type":"Polygon"},"id":"00000000000000000051","properties":{"area":102004.75888606951,"elevation":728.0742853143917,"region":"NO","year":2018},"type":"Feature"},{"geometry":{"coordinates":[[[-31.896658834101455,81.38168442931794],[-31.896280083160843,81.38106903094285],[-31.89462989647618,81.3804135799529],[-31.89171364881586,81.37970900460905],[-31.887914438900157,81.37957971675138],[-31.884119960050764,81.37944591212222],[-31.87972752932968,81.37969120164776],[-31.87504575226216,81.38012816302479],[-31.875718593882404,81.38055176603085],[-31.874836225636294,81.38112252551795],[-31.873948737251794,81.38169325944085],[-31.875593825825884,81.3823487711487],[-31.877243814248555,81.38300875713472],[-31.877622606451883,81.38361961993103],[-31.87800641036333,81.3842350349303],[-31.87838539813026,81.38485031480384],[-31.881301425585278,81.38555039997632],[-31.880414156922605,81.38612119538075],[-31.882358617240577,81.38658940232412],[-31.88577885511738,81.38610781444582],[-31.884128927340598,81.38544787999527],[-31.886282539414008,81.38492613422784],[-31.888436541040296,81.38439997637677],[-31.888052787702645,81.38378460460879],[-31.88894039888329,81.38321387708605],[-31.891089256930684,81.38269217059785],[-31.894509878623378,81.38221057052732],[-31.896658834101455,81.38168442931794]]],"type":"Polygon"},"id":"00000000000000000052","properties":{"area":161847.55076589886,"elevation":747.8015527403885,"region":"NO","year":2018},"type":"Feature"},{"geometry":{"coordinates":[[[-34.273199107730335,81.3451509591344],[-34.27137539888945,81.3445044210007],[-34.26780354974396,81.34420121663524],[-34.26470908648062,81.3435188968327],[-34.26161877756909,81.34283666154205],[-34.25804276149302,81.34253347431368],[-34.25422564746075,81.3424264160635],[-34.25089448313668,81.34193595859081],[-34.247322893783014,81.34163277401889],[-34.244233177514126,81.34095049786102],[-34.24065675096025,81.34064729754938],[-34.237566234409194,81.33996501744235],[-34.23375361381502,81.33985800050141],[-34.22994138189072,81.33974656865556],[-34.226124271878085,81.33963954780128],[-34.22691365311803,81.34005871557139],[-34.230485327869225,81.34035743589527],[-34.234057139980564,81.34066066917168],[-34.237147302694,81.34134290874547],[-34.2407235221113,81.34164163557334],[-34.2438136539464,81.34232833470668],[-34.24786687325732,81.34224361997454],[-34.25144324867483,81.34254238679353],[-34.25453317071555,81.3432291130538],[-34.25786911831796,81.34371960169214],[-34.261681051955605,81.34382660724238],[-34.26477585669493,81.34451334832329],[-34.26787076066363,81.34519554888051],[-34.27120137362588,81.34568608567797],[-34.273199107730335,81.3451509591344]]],"type":"Polygon"},"id":"00000000000000000053","properties":{"area":78427.11757936158,"elevation":1069.0252612832167,"region":"NO","year":2018},"type":"Feature"},{"geometry":{"coordinates":[[[-33.582689505272576,81.40650816676744],[-33.58064736822638,81.4060489377727],[-33.577329735764366,81.40554950273722],[-33.57297761315595,81.40581701091105],[-33.56888440863872,81.4058928650461],[-33.56479041720324,81.40596864626025],[-33.56043872617533,81.40623169673427],[-33.55660395547154,81.40611578826773],[-33.55199302447968,81.40657507752532],[-33.54738227836276,81.40702993535473],[-33.542771561574675,81.4074891943419],[-33.538678345978425,81.4075650107817],[-33.539435899411835,81.4079841511503],[-33.53866044877232,81.40855496597156],[-33.540439690385696,81.4092059585035],[-33.543498479443194,81.40989713243479],[-33.546557273104156,81.41058381103562],[-33.54577710985303,81.41115902507822],[-33.547561041686684,81.41181008760725],[-33.5519127283889,81.4115424867413],[-33.55652803855647,81.41108772631894],[-33.55858362314961,81.41055257181289],[-33.56063928410653,81.41001747114377],[-33.565250223243936,81.40955820827638],[-33.568585699379796,81.40906326157065],[-33.571916546336986,81.40856831063469],[-33.575251658306954,81.40807336550752],[-33.57858258032336,81.40757837320842],[-33.58063401050693,81.40704329163752],[-33.582689505272576,81.40650816676744]]],"type":"Polygon"},"id":"00000000000000000054","properties":{"area":257041.47784682497,"elevation":723.7982249846019,"region":"NO","year":2018},"type":"Feature"},{"geometry":{"coordinates":[[[-34.086786311458496,81.36717449105971],[-34.08522123986775,81.36633616682533],[-34.08493160261247,81.365533538129],[-34.08463742184522,81.36473087062356],[-34.084347430777946,81.36392827259648],[-34.07974102661709,81.36339764704647],[-34.07489414213717,81.36305867516597],[-34.069547430200515,81.36310329254603],[-34.06371499710502,81.36353137658405],[-34.0601835973473,81.36422257260084],[-34.0566471146661,81.36491369683398],[-34.053111182716826,81.3656048734887],[-34.053401243130786,81.36640752012003],[-34.05241562183065,81.36717005207154],[-34.05398074191816,81.36801276988881],[-34.05299114259838,81.36877528344654],[-34.05455612404865,81.36961802857479],[-34.059162263422444,81.37014872595303],[-34.06376862877954,81.3706792905121],[-34.06862445575209,81.37101821776487],[-34.07422068211203,81.37078190985035],[-34.079027740664806,81.3701264020997],[-34.083839059909955,81.36947092540711],[-34.084820123578154,81.36870836666816],[-34.08580522049324,81.36794143701992],[-34.086786311458496,81.36717449105971]]],"type":"Polygon"},"id":"00000000000000000055","properties":{"area":383068.8691015246,"elevation":955.1605203619914,"region":"NO","year":2018},"type":"Feature"},{"geometry":{"coordinates":[[[-33.78346056573708,81.40555395611113],[-33.78243487269648,81.40532657307664],[-33.78140935996562,81.40509907527631],[-33.78038395584346,81.4048672472248],[-33.77935841214847,81.40463985323845],[-33.77961259673966,81.40444808297221],[-33.78114611687818,81.40429648289634],[-33.78140056316742,81.40410477866354],[-33.78012049626696,81.40406458419072],[-33.77858667852895,81.40422072890388],[-33.77705282815068,81.40437225006816],[-33.775523400976546,81.40452391184978],[-33.77424342731809,81.40448820164096],[-33.77296396550948,81.40444811679734],[-33.77142967553894,81.40460416210475],[-33.7698962775106,81.40475578741977],[-33.76836638163522,81.40490734989113],[-33.766832257878136,81.40506344255203],[-33.766578240367664,81.40525515987015],[-33.76632451925258,81.40544694453347],[-33.76606993196028,81.40563419853994],[-33.76734981871119,81.4056743757127],[-33.76862960654074,81.40571004259624],[-33.769655234779705,81.40594186061566],[-33.77067637638888,81.40616931201221],[-33.77170166727684,81.40640116598321],[-33.772727202075366,81.40662857863333],[-33.773753093631655,81.40685605548263],[-33.77477853528482,81.40708789847113],[-33.77580421948034,81.40731530016953],[-33.77682995332267,81.4075426982208],[-33.7781097209688,81.40758287760546],[-33.77836401630626,81.4073911133615],[-33.77733825963625,81.40716371954775],[-33.7775925579782,81.4069719550849],[-33.77912621019476,81.40682029849249],[-33.78066031323659,81.40666426526617],[-33.78218957896546,81.4065126266109],[-33.782444069457526,81.40632092557527],[-33.782698242143034,81.40612915619255],[-33.782951966359086,81.40593742958113],[-33.78320642494422,81.40574572701952],[-33.78346056573708,81.40555395611113]]],"type":"Polygon"},"id":"00000000000000000056","properties":{"area":56666.99247064234,"elevation":742.1059244832568,"region":"NO","year":2018},"type":"Feature"},{"geometry":{"coordinates":[[[-34.302276950700865,81.35768101165888],[-34.30021252855248,81.35722174677726],[-34.29941880261261,81.35680260459948],[-34.298625144544985,81.35638345875152],[-34.29607894178296,81.35631210928939],[-34.29401399414438,81.35585725961346],[-34.29122268844595,81.35597764092138],[-34.288195076912544,81.3562853827793],[-34.285162747646744,81.35659750734996],[-34.28213524703164,81.35690959078451],[-34.281649240069,81.35729309092598],[-34.28116741975668,81.35767211221676],[-34.28068591474084,81.35805563816773],[-34.280204493932175,81.35843905082615],[-34.27972290879017,81.35882257285873],[-34.27923670067238,81.35920606318426],[-34.28003057812013,81.3596251560495],[-34.280824399185605,81.36004435657533],[-34.281613704651996,81.36046352371547],[-34.28392308806388,81.36072662743045],[-34.2869553360801,81.36041891435416],[-34.28998307643374,81.3601067731183],[-34.293015213482995,81.35979463460453],[-34.296047525761296,81.35948697566376],[-34.299079600086486,81.35917485072406],[-34.299561185999536,81.35879132860138],[-34.30004304137533,81.35840787192345],[-34.3017954775102,81.35806010201127],[-34.302276950700865,81.35768101165888]]],"type":"Polygon"},"id":"00000000000000000057","properties":{"area":130107.41471259636,"elevation":1046.0200214515553,"region":"NO","year":2018},"type":"Feature"},{"geometry":{"coordinates":[[[-34.32173644552174,81.36636286657853],[-34.31990822118535,81.3657163590269],[-34.3180799323835,81.36506976982872],[-34.314971923306146,81.36438750012124],[-34.314178160238626,81.36396840305747],[-34.31083404356384,81.36347345104048],[-34.30724900475611,81.36317467173774],[-34.30342738106882,81.36306765036483],[-34.29936047509216,81.36314790586489],[-34.29529388360355,81.36323262011261],[-34.29074582123232,81.36370080586443],[-34.28667879083762,81.36378109186933],[-34.28213071345204,81.36424929883466],[-34.281403973971905,81.36482001988401],[-34.28195710599108,81.36543096788166],[-34.28250540828576,81.36604181415817],[-34.283058238195096,81.36665279685057],[-34.28233598591493,81.36722797564647],[-34.281608931979385,81.36780323165495],[-34.28495322474124,81.36829367243604],[-34.288783745100325,81.36840520320037],[-34.292609735064225,81.36851222304428],[-34.297157797057864,81.36804395787533],[-34.301229147911144,81.36796368533844],[-34.30553675403247,81.36768729249758],[-34.3096078019338,81.36760703327882],[-34.31391505058638,81.36733053654129],[-34.31846323880269,81.36686676679233],[-34.32173644552174,81.36636286657853]]],"type":"Polygon"},"id":"00000000000000000058","properties":{"area":286054.9779917781,"elevation":1042.949963650949,"region":"NO","year":2018},"type":"Feature"},{"geometry":{"coordinates":[[[-32.876037891143184,81.50797503898707],[-32.87529770926345,81.50755145887338],[-32.87327329035197,81.50708764515475],[-32.870691430488655,81.50700745370433],[-32.868114284776084,81.50692272063529],[-32.866085264545525,81.50646342621279],[-32.86378448793194,81.50619143343518],[-32.86148342862032,81.50591489595362],[-32.85862501229809,81.50602638274722],[-32.85631979884077,81.50575440176166],[-32.85346591531398,81.50586143525601],[-32.85088418604475,81.50578113885496],[-32.8503265606032,81.50616020444777],[-32.84848542420148,81.50649908416992],[-32.84792776984048,81.50688260375412],[-32.848663529705874,81.50730168158616],[-32.84967583446257,81.50753354338943],[-32.8522530565935,81.50761829963811],[-32.855111260213626,81.50750683796306],[-32.857416528559526,81.50778332309427],[-32.85971792999194,81.50805531038196],[-32.86174632328072,81.50851906756252],[-32.864323847079824,81.50859927400651],[-32.86662941601404,81.50887134534788],[-32.86921129027081,81.5089516057196],[-32.87151183438831,81.50922802897833],[-32.8730814879072,81.50907649391276],[-32.87363451084178,81.5086973838429],[-32.87548081521343,81.50835406496087],[-32.876037891143184,81.50797503898707]]],"type":"Polygon"},"id":"00000000000000000059","properties":{"area":92937.66920730617,"elevation":360.9627682032778,"region":"NO","year":2018},"type":"Feature"},{"geometry":{"coordinates":[[[-32.40273123379968,81.54577479986155],[-32.40201341993077,81.54535121620845],[-32.40259283908906,81.54496779013841],[-32.40058623603743,81.54450405060287],[-32.40116134953743,81.54412498700592],[-32.39857518207061,81.54404024285036],[-32.39569907511474,81.54414280678192],[-32.39311282388302,81.54405813324566],[-32.38994690033135,81.5443523930927],[-32.38678098196766,81.54465115247895],[-32.38620135921408,81.545030165797],[-32.385621687749286,81.54540917689725],[-32.383748546497635,81.54574809856938],[-32.38316872891829,81.54612710342305],[-32.38517989608963,81.54659529669871],[-32.38589341416221,81.5470189532082],[-32.386896640111694,81.54725080549423],[-32.389777479420516,81.54714381172725],[-32.39178410464301,81.54761194854191],[-32.394085067593416,81.54788397201264],[-32.396381262254835,81.54816049459046],[-32.399261760992324,81.54805792481869],[-32.39983726975784,81.54767441692793],[-32.40041652983629,81.54729539240815],[-32.40099649209852,81.54691639310816],[-32.40157185415235,81.54653287852538],[-32.40215171881214,81.5461538747792],[-32.40273123379968,81.54577479986155]]],"type":"Polygon"},"id":"0000000000000000005a","properties":{"area":98377.92301457972,"elevation":254.46434807916182,"region":"NO","year":2018},"type":"Feature"},{"geometry":{"coordinates":[[[-33.829835266675026,81.41069977342674],[-33.82905944379571,81.41028063274254],[-33.82700371911829,81.40982577849772],[-33.82495222007944,81.40936648332557],[-33.822388646425665,81.4092906958349],[-33.819579438937325,81.40940658963164],[-33.816511535122906,81.40971425470916],[-33.813448221902576,81.41001749079574],[-33.810380253163416,81.41032516906445],[-33.80987169469741,81.41070863744258],[-33.80808815139505,81.41105199135968],[-33.806300008023065,81.41139980471429],[-33.80323231151231,81.41170300503012],[-33.800164119300504,81.4120107265636],[-33.79838074466409,81.41235405275017],[-33.80043164618997,81.4128133816211],[-33.798643829799225,81.41315673873342],[-33.796855704461116,81.4135045232611],[-33.79635195764294,81.41388358546776],[-33.798656859669265,81.41415108508893],[-33.80121655523572,81.41422693650983],[-33.80378059744533,81.41430273712297],[-33.80659432689652,81.41418677938702],[-33.80940799805886,81.41407079903442],[-33.81196735583995,81.41414661481804],[-33.81247585710667,81.4137675930506],[-33.81554370591784,81.41345992243714],[-33.81861167527865,81.41315229230655],[-33.81911542639339,81.41276878503574],[-33.82218350732332,81.4124610790883],[-33.823971757560045,81.41211776192341],[-33.82575527763627,81.41177439916932],[-33.828823154169854,81.41146670120362],[-33.829326710862496,81.4110832421923],[-33.829835266675026,81.41069977342674]]],"type":"Polygon"},"id":"0000000000000000005b","properties":{"area":161840.93049613366,"elevation":734.3513441869713,"region":"NO","year":2018},"type":"Feature"},{"geometry":{"coordinates":[[[-34.1627875430401,81.39258689487747],[-34.16071825380784,81.39212761527818],[-34.15992900488636,81.3917084877407],[-34.15913994985795,81.39128924529312],[-34.15707097910703,81.39083448629897],[-34.15476096914925,81.3905669048585],[-34.152201511772056,81.39049551363382],[-34.14915590152781,81.39080326852067],[-34.146600602441374,81.39073191146935],[-34.14355090559058,81.39103960962647],[-34.14306037873699,81.39142301617761],[-34.141289787007196,81.39177085029233],[-34.14079943907513,81.39215431885836],[-34.14030907166483,81.39253334754608],[-34.13981864205772,81.39291681215835],[-34.13932804508564,81.39330038603686],[-34.14011736387936,81.39371946855822],[-34.13962685989909,81.39410292875408],[-34.14041612765824,81.39452211842861],[-34.14248072839123,81.39498143425484],[-34.14199026759201,81.39536045531726],[-34.14454983961141,81.3954362614733],[-34.14735425516849,81.39531586674958],[-34.15040479088624,81.39500818815242],[-34.15295934412495,81.39507950738039],[-34.15473002441537,81.39473617338305],[-34.15649984856548,81.39438836804393],[-34.158270278432276,81.39404501447011],[-34.1600359975538,81.39369718202369],[-34.16180618871245,81.39334937106267],[-34.16229695495342,81.39296585940104],[-34.1627875430401,81.39258689487747]]],"type":"Polygon"},"id":"0000000000000000005c","properties":{"area":146427.50854413482,"elevation":927.9283358174308,"region":"NO","year":2018},"type":"Feature"},{"geometry":{"coordinates":[[[-33.664415917970146,81.44673372432531],[-33.663644566455844,81.44631457271285],[-33.66159314117942,81.44585532542285],[-33.65927895305009,81.44558779676547],[-33.65671051067371,81.44551192315704],[-33.653625010793185,81.44581517161905],[-33.65311235973909,81.44619867354335],[-33.65131056323969,81.44654203633195],[-33.65079315787276,81.44692549465522],[-33.65028076867265,81.44730894572457],[-33.649763090331454,81.44768800704446],[-33.64924630272625,81.44807148403],[-33.65001757612797,81.4484906184972],[-33.649500310327284,81.44887413609135],[-33.647698618472525,81.44921749808464],[-33.647181657389204,81.44960096684838],[-33.65001300955742,81.44948502435712],[-33.652322784014075,81.4497526074508],[-33.65515001378155,81.44964104654402],[-33.656951346570814,81.44929325539178],[-33.658753047706604,81.44894991492676],[-33.659270007828574,81.44857088886378],[-33.65978286217697,81.4481874549428],[-33.66286877994528,81.44787976474076],[-33.663385954734075,81.44750068620989],[-33.66389858195896,81.44711724294677],[-33.664415917970146,81.44673372432531]]],"type":"Polygon"},"id":"0000000000000000005d","properties":{"area":78427.11757936988,"elevation":616.6901976973533,"region":"NO","year":2018},"type":"Feature"},{"geometry":{"coordinates":[[[-34.404961264686584,81.38437321305],[-34.40311964523524,81.38372662743002],[-34.399761882543324,81.38323611143299],[-34.395926879707844,81.38312916815786],[-34.39161519208085,81.38340558472242],[-34.38753953373674,81.38348583150398],[-34.38370450319267,81.38337886483993],[-34.379628797020395,81.38346356830176],[-34.3753124778683,81.38374000094333],[-34.37075977702224,81.38420374359839],[-34.36620276782118,81.38467196976069],[-34.361886082226434,81.38494848094354],[-34.35756960415031,81.3852248944547],[-34.35940707195203,81.3858714501684],[-34.36324177674354,81.38597847849623],[-34.36755802979161,81.38570204006434],[-34.37139770469023,81.38580907438926],[-34.375232452797604,81.38591608154701],[-34.37882639956636,81.38621930268697],[-34.38242478382761,81.38651800839673],[-34.386264030500826,81.38662507575522],[-34.390575938468466,81.38634857188308],[-34.39441555890022,81.38645561662652],[-34.39896829819847,81.3859874263947],[-34.4009657877323,81.38545227486286],[-34.40296357658723,81.38491280645295],[-34.404961264686584,81.38437321305]]],"type":"Polygon"},"id":"0000000000000000005e","properties":{"area":183601.0556048893,"elevation":1035.4680183536607,"region":"NO","year":2018},"type":"Feature"},{"geometry":{"coordinates":[[[-33.64858166472877,81.47926286360355],[-33.64755136379984,81.4790354811918],[-33.64652181336913,81.47880361737458],[-33.64548697893925,81.47857618972913],[-33.6457501642295,81.47838443173754],[-33.64600901241427,81.47819270321743],[-33.64497425607934,81.47796527250348],[-33.64394444395595,81.47773344134107],[-33.64291411474494,81.47750597331684],[-33.643172993150216,81.47731424516431],[-33.64343141890141,81.47712255958191],[-33.642401167484934,81.4768950884956],[-33.641371535319614,81.4766632469109],[-33.64008278477164,81.4766275642105],[-33.63879430796007,81.47658744198812],[-33.63750509426431,81.47654729016439],[-33.63621668897901,81.47651166109641],[-33.63492794268867,81.47647145666444],[-33.63338078393672,81.4766231065464],[-33.63182867970351,81.47677914619658],[-33.63028142652398,81.47693078227859],[-33.630023052412014,81.47712252720223],[-33.62976422560088,81.47731431467956],[-33.6295057876635,81.47750155592031],[-33.62924693914401,81.47769334237346],[-33.62898388743606,81.47788504710344],[-33.62872545881404,81.47807678945365],[-33.62846671101202,81.47826846336511],[-33.629496444968716,81.47849590481837],[-33.630526713508225,81.47872780214898],[-33.63155699042486,81.47895519321878],[-33.632845745870135,81.47899534021276],[-33.63413866317381,81.4790310610068],[-33.635427135974005,81.47907113054308],[-33.6367159302514,81.47911126323204],[-33.63800500007435,81.47914695650239],[-33.63929337817843,81.47918712274432],[-33.6405865377323,81.47922721121436],[-33.64187520273761,81.47926293326842],[-33.642905123191184,81.47949476674118],[-33.643935354568455,81.47972216191549],[-33.64522384620067,81.47976230593943],[-33.64677581151909,81.47960625404639],[-33.648323144217514,81.47945465987613],[-33.64858166472877,81.47926286360355]]],"type":"Polygon"},"id":"0000000000000000005f","properties":{"area":70267.07066359543,"elevation":570.8360140037546,"region":"NO","year":2018},"type":"Feature"},{"geometry":{"coordinates":[[[-33.84117026825928,81.4585191517111],[-33.83625628757,81.45718144969281],[-33.83391966036955,81.45591953297088],[-33.825946600047146,81.45588381154965],[-33.819271576746615,81.45688264722892],[-33.81259642760053,81.45787700699077],[-33.80334352397979,81.45880006140804],[-33.79587471563768,81.45838093601044],[-33.78738910462813,81.4587242626164],[-33.786876520765816,81.45910775130037],[-33.78019630730841,81.46010211024034],[-33.7786670168105,81.46125255552391],[-33.77713321644103,81.4623985787425],[-33.77456919471799,81.46331714785379],[-33.78203811451915,81.4637362671489],[-33.78823622856241,81.46510971972509],[-33.782836378686255,81.46614418878943],[-33.77769487540144,81.46698696416114],[-33.78568104460614,81.46702262912608],[-33.7931547069596,81.46744175887557],[-33.8024161121909,81.46651882038837],[-33.81116929665189,81.46598369475169],[-33.82042644286962,81.46506069712036],[-33.82581772024949,81.46402615362464],[-33.831208731098734,81.46299604771885],[-33.8327337267654,81.46184563781696],[-33.83683591588586,81.46077544802327],[-33.84093378140609,81.45970082327135],[-33.84117026825928,81.4585191517111]]],"type":"Polygon"},"id":"00000000000000000060","properties":{"area":797417.9180468412,"elevation":608.4431386631948,"region":"NO","year":2018},"type":"Feature"},{"geometry":{"coordinates":[[[-33.63677853647931,81.46917198297352],[-33.63523539896808,81.46832919308815],[-33.63034394048743,81.46798586735049],[-33.6259695271312,81.4672590215573],[-33.62185821648655,81.46634043768341],[-33.61722532734583,81.46580528838246],[-33.612333558904254,81.46545752129977],[-33.60666597251507,81.46568490869262],[-33.600998492514435,81.46591677608983],[-33.59662881940215,81.46518548931947],[-33.59069804519636,81.46560468252434],[-33.58450889170753,81.46621560169373],[-33.58399139110495,81.46659902385933],[-33.58294821200783,81.46736155320399],[-33.58190919922883,81.46812854824266],[-33.58215884457255,81.4689312007589],[-33.58627009103643,81.4698497533669],[-33.592200716941285,81.46943054430788],[-33.5970922583561,81.46977391072846],[-33.60172531734334,81.47030905576314],[-33.607134590622756,81.47027334900031],[-33.61332819682251,81.46966244149786],[-33.617702478485114,81.47038924841799],[-33.62233540115936,81.4709287897605],[-33.62826609257433,81.47050969507455],[-33.634455132148965,81.4698987647487],[-33.63677853647931,81.46917198297352]]],"type":"Polygon"},"id":"00000000000000000061","properties":{"area":366748.7752699437,"elevation":576.4821474088742,"region":"NO","year":2018},"type":"Feature"},{"geometry":{"coordinates":[[[-34.31755820454147,81.40333331869256],[-34.317246159600394,81.40253064575963],[-34.31564995322758,81.40169235200672],[-34.31405358590334,81.40085408744193],[-34.30989743729337,81.39994443972249],[-34.30830540509085,81.399106071219],[-34.30342739842383,81.39876719819921],[-34.30294170116484,81.39915069344256],[-34.3006940143393,81.39988201905982],[-34.29844641822299,81.40061328207752],[-34.297479059960246,81.40137572561734],[-34.29522687911378,81.40210706437162],[-34.29425946197857,81.40287399385349],[-34.29200742254552,81.40360532642845],[-34.28976046626783,81.40433214479195],[-34.29007259367493,81.4051347936309],[-34.287820437138315,81.40586610915337],[-34.28941255503375,81.40670443127063],[-34.2897247061851,81.4075070621553],[-34.29332721981553,81.4078057890226],[-34.29942316280007,81.40718593374147],[-34.30503243774301,81.40694518242495],[-34.308564303883664,81.4062540619245],[-34.31209604601252,81.40555842139842],[-34.31434346898771,81.40483158550707],[-34.31659048941008,81.4041002938318],[-34.31755820454147,81.40333331869256]]],"type":"Polygon"},"id":"00000000000000000062","properties":{"area":286054.97799181315,"elevation":972.4027338327438,"region":"NO","year":2018},"type":"Feature"},{"geometry":{"coordinates":[[[-33.73045083013312,81.4453202246772],[-33.72993365761748,81.44470928966604],[-33.72608090893357,81.44459333095125],[-33.721969574306364,81.44466920641409],[-33.717862507104684,81.44474500292735],[-33.71323864087974,81.44520429457118],[-33.70861466010996,81.4456635922976],[-33.70655900612478,81.44619868654816],[-33.70578768170094,81.44677389223862],[-33.7024477552186,81.44726885726246],[-33.700392158296815,81.44780393373091],[-33.69833633105899,81.44833899603665],[-33.69756925380342,81.44891427882494],[-33.698082268700205,81.44952516778301],[-33.69474224903564,81.4500245354154],[-33.69525513070068,81.45063542232336],[-33.69062655985362,81.45109477694182],[-33.692686558383926,81.45155402189924],[-33.696798025227835,81.45147377239698],[-33.701426389878286,81.45101444937266],[-33.705283512345346,81.45113044966489],[-33.70914044069597,81.45124633927624],[-33.70862350149486,81.45063549111508],[-33.713251874843095,81.45017621468153],[-33.71787595207917,81.44971686404617],[-33.72121610874507,81.44921743871775],[-33.723271519640726,81.44868238559125],[-33.724038627464516,81.44811160284226],[-33.7273782183736,81.44761218143239],[-33.72814529635161,81.4470414526086],[-33.728916807123156,81.44646625225765],[-33.72839968143731,81.44585532161244],[-33.73045083013312,81.4453202246772]]],"type":"Polygon"},"id":"00000000000000000063","properties":{"area":249788.10281058826,"elevation":614.051957183034,"region":"NO","year":2018},"type":"Feature"},{"geometry":{"coordinates":[[[-32.464395884739254,81.57775107781536],[-32.46237601215027,81.57728728858758],[-32.46295125201032,81.57690386043313],[-32.462233247530655,81.57648019657475],[-32.461511165496646,81.5760610713282],[-32.46078846966068,81.57563745782494],[-32.460066288731035,81.57521379931157],[-32.46194324487048,81.57487492369553],[-32.46252308106081,81.57449588795147],[-32.46180075193372,81.57407233861831],[-32.462380614800566,81.57368884257642],[-32.46007069820138,81.57341681682493],[-32.45747551811053,81.5733320820289],[-32.45516547626538,81.57305560676294],[-32.45257076164492,81.57297090444602],[-32.449685353568654,81.57307793058904],[-32.44680042503558,81.5731804342092],[-32.44420096660448,81.57309572796937],[-32.44131576049411,81.57320275558443],[-32.442033461493004,81.57362639561626],[-32.44275604306076,81.57404997532961],[-32.443473871016515,81.57447360853912],[-32.442898396400906,81.57485262765594],[-32.442319259862906,81.5752316872473],[-32.44173923552486,81.57561517488637],[-32.44375947276243,81.57607892635897],[-32.44317953382719,81.57645795555342],[-32.44259991190295,81.57684139851267],[-32.444620000970566,81.57730518015644],[-32.446639991791514,81.57776887876172],[-32.448949395204714,81.57804533902898],[-32.45125969602055,81.57832181051124],[-32.45356901597316,81.57859382269302],[-32.45674442508119,81.57829950914504],[-32.459919195333185,81.57800520867441],[-32.462518867579426,81.57808991657976],[-32.464395884739254,81.57775107781536]]],"type":"Polygon"},"id":"00000000000000000064","properties":{"area":165474.38663741716,"elevation":219.00077703431907,"region":"NO","year":2018},"type":"Feature"},{"geometry":{"coordinates":[[[-32.298620136272156,81.5667147459295],[-32.29661343181691,81.56625100152125],[-32.29460227223973,81.56578283981793],[-32.29259597377646,81.56531906734092],[-32.290589132344685,81.56485090536853],[-32.28987578816896,81.56442730310044],[-32.29046011209959,81.56404825594177],[-32.28945662591612,81.56381636182198],[-32.28715566279961,81.56353989796654],[-32.28456485283642,81.56345519606657],[-32.28197409970923,81.56337047512416],[-32.27996747731856,81.56290221383952],[-32.27708261418889,81.56300478656145],[-32.27478165510963,81.56272839069034],[-32.27219077809979,81.56264363851744],[-32.2693057757,81.5627506069232],[-32.266130840429746,81.56304492760547],[-32.262951357835064,81.56333923288827],[-32.259776799912196,81.56363352418266],[-32.26048598207161,81.56405715236846],[-32.26249258100388,81.56452091013007],[-32.26478890774772,81.56479732430905],[-32.26708958758197,81.56507381974504],[-32.26968031971496,81.56515857737762],[-32.27227546989861,81.56524330271807],[-32.27428232133775,81.56571148573141],[-32.27716729404037,81.56560890812473],[-32.27975785295717,81.56569363271826],[-32.28205909449207,81.56597013751623],[-32.28435972729477,81.5662465986249],[-32.286950555450176,81.56633126970037],[-32.29013012495164,81.56603697908686],[-32.2930146455385,81.56592996739863],[-32.29502138953636,81.56639815105467],[-32.29703254938484,81.5668664175026],[-32.298620136272156,81.5667147459295]]],"type":"Polygon"},"id":"00000000000000000065","properties":{"area":131926.1548259516,"elevation":206.08719169190826,"region":"NO","year":2018},"type":"Feature"},{"geometry":{"coordinates":[[[-34.39875886051716,81.43595165119605],[-34.39771049052094,81.43572423961928],[-34.3979513001213,81.43553251665257],[-34.398192536339046,81.43534074916073],[-34.397148866688894,81.43511336241615],[-34.39610106400824,81.43488589981652],[-34.395057495697365,81.43465850557929],[-34.39400935787451,81.43443107949072],[-34.39296589089742,81.43420367776046],[-34.393206752495416,81.434011955128],[-34.39344804065917,81.43382018797578],[-34.392163350526026,81.43378454992093],[-34.39087448898641,81.4337488349284],[-34.38983117392811,81.43352142196716],[-34.388783602506535,81.43329404435353],[-34.38749944484425,81.43325834472603],[-34.38597463289843,81.43341442719422],[-34.384444717170915,81.4335705186899],[-34.38291981022664,81.43372658763491],[-34.38267875225407,81.43391830422904],[-34.3824384334421,81.43411004359086],[-34.382197355246326,81.43430175920274],[-34.38195657948415,81.4344935415974],[-34.381711610237815,81.43468525121294],[-34.38147050160869,81.43487696534828],[-34.38122969542423,81.43506874626661],[-34.38098931592005,81.43526048268086],[-34.38074817694286,81.43545219534242],[-34.381796089773005,81.43567965949795],[-34.38155108386293,81.43587136691961],[-34.3813102516479,81.43606314613507],[-34.38106909671404,81.43625485758552],[-34.3808285929686,81.43644215609322],[-34.381876301449104,81.43666955029174],[-34.38316066480094,81.43670963667385],[-34.3844491355183,81.43674535485253],[-34.385492659254886,81.43697277627862],[-34.386781614882445,81.43700844164017],[-34.38830656195099,81.4368524035401],[-34.38959507955809,81.4368881026114],[-34.39087942442445,81.43692372472438],[-34.3921679654627,81.43695941424221],[-34.39345189686956,81.43699507086025],[-34.39498180305849,81.43683898802071],[-34.396506603580946,81.4366829143458],[-34.39674746373581,81.4364911938345],[-34.39698831377762,81.43629947283206],[-34.39851761855184,81.43614341797102],[-34.39875886051716,81.43595165119605]]],"type":"Polygon"},"id":"00000000000000000066","properties":{"area":84773.8207360955,"elevation":932.7301387137455,"region":"NO","year":2018},"type":"Feature"},{"geometry":{"coordinates":[[[-34.46941735405233,81.45080046604093],[-34.468365098969684,81.45057306174866],[-34.46731720981689,81.45034561360339],[-34.4662693715852,81.45011816169804],[-34.46522158776071,81.44989525234544],[-34.46416909926523,81.44966787707038],[-34.46312141340137,81.44944041388294],[-34.46183223921075,81.44940475153534],[-34.460303127710795,81.44956082262614],[-34.4587735313622,81.44971693104524],[-34.45724863901813,81.44987294863891],[-34.45571926197048,81.45002456439418],[-34.454189523258066,81.45018065249789],[-34.45394867445336,81.45037236216979],[-34.45499666594529,81.45059980697044],[-34.45604902337092,81.45082720808186],[-34.45709711683222,81.4510546453472],[-34.456856301576394,81.45124635532108],[-34.4566154761933,81.45143806480368],[-34.457667527801775,81.45166550298835],[-34.458715752309914,81.45189293324559],[-34.45976327680812,81.45212033665582],[-34.46081160319117,81.45234775939144],[-34.46210429788967,81.45238340447918],[-34.463629527989475,81.45222736864392],[-34.46515902607401,81.45207128602696],[-34.466447390916265,81.45210695528343],[-34.46773651846592,81.4521426428331],[-34.467977142087655,81.45195092754182],[-34.46821819279437,81.4517591676438],[-34.46845879616697,81.45156745137012],[-34.468695197596276,81.45137566339072],[-34.468935780813716,81.45118394613759],[-34.46917679107896,81.45099218427636],[-34.46941735405233,81.45080046604093]]],"type":"Polygon"},"id":"00000000000000000067","properties":{"area":51226.961193450144,"elevation":974.6400417101149,"region":"NO","year":2018},"type":"Feature"},{"geometry":{"coordinates":[[[-34.96651376071347,81.52056753476924],[-34.965443454394965,81.52034459375179],[-34.96437327878209,81.52011717309283],[-34.963303155563764,81.51988974856678],[-34.9620009676993,81.51985854219335],[-34.96069887146657,81.51982285517506],[-34.9593967870764,81.51978716331834],[-34.958099298855416,81.51975596296718],[-34.95679723751064,81.5197202614538],[-34.95549542413127,81.51968909761071],[-34.954192947493816,81.51965343111884],[-34.95289124064749,81.51961778178176],[-34.95159348759401,81.51958649067333],[-34.95136155884592,81.51977829725],[-34.95112973906236,81.5199699919653],[-34.94960037837569,81.52012609035852],[-34.94806621560493,81.52028663716516],[-34.947834315907734,81.52047832898015],[-34.94890886494151,81.52070134471825],[-34.948676970971725,81.52089303630744],[-34.9484453867671,81.52108479410705],[-34.94951570332782,81.52131221691451],[-34.950585633837676,81.52153968054287],[-34.95165582102287,81.52176255319029],[-34.95273052348939,81.52199002969219],[-34.953800729645415,81.52221737034057],[-34.95510276468002,81.52224865020182],[-34.95663239292194,81.52209253052408],[-34.95793402227962,81.52212820903702],[-34.959236503516635,81.52215942898479],[-34.96077028521983,81.52200335666659],[-34.962299750994696,81.5218428480667],[-34.9638334352331,81.52168676222603],[-34.96536280221295,81.52152624013098],[-34.96559481647141,81.52133449485203],[-34.96452488638036,81.52111150814372],[-34.964752120402736,81.52091985358224],[-34.966286452778576,81.52075930238519],[-34.96651376071347,81.52056753476924]]],"type":"Polygon"},"id":"00000000000000000068","properties":{"area":61179.18178790421,"elevation":1058.6781602545557,"region":"NO","year":2018},"type":"Feature"},{"geometry":{"coordinates":[[[-35.087667372726244,81.59157868963783],[-35.08441673065874,81.59090097446247],[-35.08116624415966,81.59022315753299],[-35.08054155514852,81.58961228573148],[-35.077295269657434,81.58893893794722],[-35.07335824325869,81.5888363751321],[-35.06942087995482,81.58873381329018],[-35.06617003399768,81.58806053771836],[-35.062924078279586,81.58738270666504],[-35.05967771804083,81.5867049300529],[-35.057742399122105,81.5860628298782],[-35.058433488173996,81.58548763977767],[-35.055187349757695,81.5848097856998],[-35.05148175047896,81.58451555373526],[-35.04778077641224,81.58422123448456],[-35.04338379281036,81.58450656828091],[-35.042924810436304,81.58489007967252],[-35.042233590774416,81.58546526694396],[-35.04616634080933,81.58556782696343],[-35.04964472399289,81.58604944957105],[-35.05288627760892,81.5867272155041],[-35.05613256815438,81.58740501027793],[-35.05806804026936,81.58804711048803],[-35.06046259524741,81.58830574399177],[-35.06370835346224,81.58898352457132],[-35.06695929173039,81.58966128897785],[-35.07066482139488,81.58995560792977],[-35.07391573873771,81.59063339005999],[-35.07716157882881,81.59130673511137],[-35.08041256904162,81.59198453646901],[-35.08434982343332,81.59208703791221],[-35.087667372726244,81.59157868963783]]],"type":"Polygon"},"id":"00000000000000000069","properties":{"area":130062.40868980218,"elevation":1013.430721966206,"region":"NO","year":2018},"type":"Feature"},{"geometry":{"coordinates":[[[-35.04936803930572,81.63591554501274],[-35.046336045923596,81.6350460790449],[-35.04593900969465,81.63424337919093],[-35.04291139077017,81.63337391028027],[-35.039879292202734,81.63250432127217],[-35.03506346981294,81.63198710383392],[-35.03025171985371,81.63146986012222],[-35.025672513722675,81.63075638057732],[-35.02062939458926,81.63043085209559],[-35.01581793701295,81.62990917720244],[-35.01054719435681,81.62977541521165],[-35.0050402482427,81.62983337455546],[-34.99906495823893,81.63027485970798],[-34.9935579932557,81.63032834983335],[-34.9873553486396,81.63096149176349],[-34.98688736988877,81.63134499419542],[-34.983319739883484,81.6320450805439],[-34.98750698963784,81.63195592513532],[-34.99371392928017,81.63132271655604],[-34.99968902605128,81.6308812345434],[-35.00519620321112,81.63082776095523],[-35.0104715070652,81.63096148568229],[-35.015514616601926,81.63128704447124],[-35.02055804831068,81.63161700126896],[-35.025601036645746,81.63194250366791],[-35.0299484804168,81.63284771488165],[-35.03429639307342,81.63374843724237],[-35.03864823149172,81.6346491839654],[-35.04036065541662,81.63548747721813],[-35.04207298913226,81.63632132878104],[-35.04580092036868,81.6366156385029],[-35.04936803930572,81.63591554501274]]],"type":"Polygon"},"id":"0000000000000000006a","properties":{"area":157253.1561511549,"elevation":928.8379063490198,"region":"NO","year":2018},"type":"Feature"},{"geometry":{"coordinates":[[[-34.76522082782135,81.66420858967568],[-34.763053548299624,81.6637537144695],[-34.75884435676254,81.66384288187834],[-34.75487602922994,81.66374037177015],[-34.75162536251749,81.66305813198413],[-34.74789743215605,81.66276382544912],[-34.74392884693012,81.66266128080736],[-34.73971924635296,81.66274595465097],[-34.73623192058569,81.66225992503907],[-34.73298142454632,81.66157767975922],[-34.72901301286609,81.66147512317849],[-34.724326502472785,81.66194783195917],[-34.72517359873724,81.66236698721626],[-34.72313128685086,81.66290653830569],[-34.72108918394077,81.66344603118141],[-34.71904672017511,81.66398562136682],[-34.723251713895515,81.66390092055438],[-34.727220427509366,81.6640034023143],[-34.73071185779963,81.66448951151784],[-34.734680617923466,81.66459649043152],[-34.73816750742275,81.66508254403986],[-34.74214048829738,81.66518955115899],[-34.74658623952779,81.66490868959379],[-34.75055461348627,81.6650112222394],[-34.754764310506,81.6649265099185],[-34.75873269788407,81.66502906323379],[-34.76185851709729,81.66471247821211],[-34.76522082782135,81.66420858967568]]],"type":"Polygon"},"id":"0000000000000000006b","properties":{"area":147283.21541529964,"elevation":853.8316308048978,"region":"NO","year":2018},"type":"Feature"},{"geometry":{"coordinates":[[[-35.14913583609313,81.64576573576083],[-35.1471784930583,81.64512362491723],[-35.14367383896443,81.64464200483886],[-35.13994146777714,81.64434772700238],[-35.13597259678183,81.64424960115436],[-35.13247262567736,81.64376361411297],[-35.12827624042069,81.64385720328964],[-35.124085181102366,81.64394642421044],[-35.11942934042096,81.6444235265478],[-35.11477413614242,81.64490065540313],[-35.110118816718966,81.64537331895755],[-35.10546335009541,81.64585045772459],[-35.10080819485679,81.646327556613],[-35.10344800031087,81.64639447180198],[-35.108107798829835,81.64591735756926],[-35.1127631773749,81.64544018502647],[-35.11718630986689,81.64515928122795],[-35.121609975874705,81.6448738740732],[-35.12580619816754,81.64478469996476],[-35.12977008808935,81.64488285303466],[-35.13350242504573,81.64517712417492],[-35.13747088591336,81.64527525405104],[-35.140975988249444,81.6457612460037],[-35.144248675037375,81.64643456111575],[-35.147985878551005,81.64672889345236],[-35.14844481550913,81.64634538976044],[-35.14913583609313,81.64576573576083]]],"type":"Polygon"},"id":"0000000000000000006c","properties":{"area":70242.76427496983,"elevation":925.0380387545372,"region":"NO","year":2018},"type":"Feature"},{"geometry":{"coordinates":[[[-34.78793551580633,81.73829204202727],[-34.787186249916786,81.73668680881605],[-34.78377525153604,81.73501459555675],[-34.77769279590123,81.73327109703787],[-34.76725856905105,81.73280296474618],[-34.75513886296733,81.73367687981833],[-34.742537460684346,81.73493437460277],[-34.74023643641344,81.7356656347886],[-34.734301400624574,81.73709699443242],[-34.728362157192656,81.73852392987023],[-34.719751408591215,81.73988846746684],[-34.72449150131199,81.74159623529502],[-34.733721775125545,81.74302321675255],[-34.74113711829181,81.74480239036906],[-34.736530877675236,81.74626943354093],[-34.72924934109594,81.74766508542776],[-34.72330080500017,81.74909205263094],[-34.71601468626669,81.75048774417026],[-34.714801825490326,81.75144642162148],[-34.72208812472338,81.7500507428425],[-34.73472069542492,81.74879768828362],[-34.74419169331278,81.74785239398985],[-34.756329407711625,81.74697840666211],[-34.768953093715744,81.74572092431222],[-34.7762256799888,81.74432522429984],[-34.78349428388875,81.74292954260676],[-34.78675376026866,81.74142681504884],[-34.787342619398835,81.73985722973235],[-34.78793551580633,81.73829204202727]]],"type":"Polygon"},"id":"0000000000000000006d","properties":{"area":1186876.1266852447,"elevation":780.7761733828783,"region":"NO","year":2018},"type":"Feature"},{"geometry":{"coordinates":[[[-35.53334101088335,81.57424172453227],[-35.53224855622668,81.57401878631775],[-35.529841070464244,81.57376016785007],[-35.527655734785526,81.57331424249026],[-35.52503380242379,81.5732473155864],[-35.52284871148602,81.5728014691404],[-35.52022259919692,81.57273455911074],[-35.518037540368105,81.5722886139343],[-35.51519674484835,81.57241797308642],[-35.512356464234934,81.57254285746617],[-35.509511597630414,81.57267217883583],[-35.50645272929583,81.57299316812211],[-35.507322192029875,81.57340794051957],[-35.509506935198544,81.57385824257317],[-35.512133513518904,81.57392071241176],[-35.51431850374352,81.57437109332582],[-35.51694057382754,81.57443351380492],[-35.5191251597146,81.57488384135856],[-35.52131028436326,81.57533421916173],[-35.52350013620153,81.57578012137658],[-35.5263405529749,81.5756508339967],[-35.52896677837515,81.57571767417146],[-35.52940369356134,81.57533425754649],[-35.53115181266978,81.57498193821102],[-35.53027777539168,81.57456278910045],[-35.53334101088335,81.57424172453227]]],"type":"Polygon"},"id":"0000000000000000006e","properties":{"area":83838.1380056277,"elevation":1061.2111785317493,"region":"NO","year":2018},"type":"Feature"},{"geometry":{"coordinates":[[[-35.259124247030826,81.60798380149204],[-35.25562405235575,81.60749772691601],[-35.25212779225104,81.60701612683197],[-35.248408791999815,81.60672629014728],[-35.24400795010891,81.60701168929813],[-35.23983399583991,81.60710534608359],[-35.23566069791935,81.60719450375987],[-35.23103175236629,81.60767165080428],[-35.22640312015381,81.60814875809973],[-35.2259528730152,81.60853671390248],[-35.2226399092011,81.60904498950877],[-35.221957799672595,81.60962025524907],[-35.221279991519935,81.61019546723983],[-35.221913235249716,81.61080634634392],[-35.225409122501674,81.61128793600953],[-35.229132131423356,81.61158226491003],[-35.233083183991994,81.61168036125834],[-35.23703389580738,81.61177845860117],[-35.24120766592777,81.61168476971845],[-35.24583639566729,81.61120768573537],[-35.25046467256525,81.61073054067217],[-35.252462035904415,81.61019100557425],[-35.2544554918832,81.60964705659292],[-35.25644883237202,81.60910298279742],[-35.258446537703165,81.60855902338078],[-35.259124247030826,81.60798380149204]]],"type":"Polygon"},"id":"0000000000000000006f","properties":{"area":230668.17429660918,"elevation":966.9509897206322,"region":"NO","year":2018},"type":"Feature"},{"geometry":{"coordinates":[[[-36.20464065786886,81.65158038421086],[-36.195655846629215,81.65236523953617],[-36.186461245365564,81.65334173594688],[-36.17953168930184,81.65220024388766],[-36.170952519612484,81.65259709130513],[-36.1617531354289,81.65357358872846],[-36.161343106736226,81.65395709112826],[-36.161432450414814,81.65514324319788],[-36.165503388486904,81.65641853193013],[-36.166917092591866,81.65763587018799],[-36.17160781551781,81.65833147106746],[-36.180811254809264,81.65735493452837],[-36.188160116347724,81.6581129768983],[-36.19223578580482,81.6593882496245],[-36.19498264973233,81.66063232873415],[-36.193751883092446,81.66179167891747],[-36.18985878781743,81.66288868524983],[-36.19261028849165,81.66413272381979],[-36.194964593082766,81.66319636369538],[-36.19885763886514,81.66210388543232],[-36.201416933966044,81.66097572493447],[-36.20132337068965,81.65978956850499],[-36.19724756121974,81.65851426853224],[-36.193171992714156,81.65723899651758],[-36.191749513869155,81.65602614364767],[-36.191656293179115,81.65484001775424],[-36.19554438722803,81.65374305316533],[-36.20075706601754,81.65267730056824],[-36.20464065786886,81.65158038421086]]],"type":"Polygon"},"id":"00000000000000000070","properties":{"area":338524.80589308456,"elevation":978.536577508989,"region":"NO","year":2018},"type":"Feature"},{"geometry":{"coordinates":[[[-36.25249592763285,81.73844814990699],[-36.25022653219154,81.73800671774347],[-36.24754168887954,81.73794426817896],[-36.24506699664511,81.73769458047725],[-36.24218187677819,81.73782833636723],[-36.2392926751327,81.73796208511041],[-36.236612627992784,81.73789966918234],[-36.233517943174036,81.7382296092452],[-36.23042363735556,81.73855514258325],[-36.22732867713367,81.73888069510619],[-36.224644469852215,81.7388182072955],[-36.221550012796264,81.73914372941971],[-36.21886975777831,81.73908580532925],[-36.215771016174216,81.7394112934811],[-36.21536087453565,81.73979926838861],[-36.213603765515806,81.74015147359863],[-36.216492949756685,81.74001773425539],[-36.21938257599042,81.73988843605419],[-36.22164785920257,81.74032986720827],[-36.223917447301524,81.74077577648518],[-36.226597353775894,81.74083375352915],[-36.229281831270036,81.7408961590384],[-36.231756572377,81.7411458805371],[-36.23464653287837,81.74101212833834],[-36.23753572073668,81.7408828442296],[-36.24063039848651,81.74055285762424],[-36.24372494860933,81.7402273542993],[-36.246819730757565,81.73990177778663],[-36.24857215218103,81.73954504978052],[-36.250328978471,81.73919276052796],[-36.25208146816911,81.73883607898917],[-36.25249592763285,81.73844814990699]]],"type":"Polygon"},"id":"00000000000000000071","properties":{"area":126436.97569499853,"elevation":966.7041487191112,"region":"NO","year":2018},"type":"Feature"},{"geometry":{"coordinates":[[[-36.393225169382845,81.75987411063466],[-36.39208385012992,81.75965117686808],[-36.390942248583755,81.75942817374585],[-36.38980041772848,81.75920972206474],[-36.38845849548102,81.75917853461239],[-36.38711178661199,81.75914734083631],[-36.38597019078589,81.75892876471823],[-36.38482872840974,81.7587058518634],[-36.383486564845064,81.75867458052335],[-36.38214010758716,81.75864787726834],[-36.38099843861473,81.75842488632149],[-36.37965622929315,81.75839371216765],[-36.37810896329262,81.75855863770141],[-36.376762102361546,81.75853196076392],[-36.375420340964,81.75850072464026],[-36.37386852808093,81.75866569582766],[-36.37232086581416,81.75882619881271],[-36.3707736382734,81.75899126955412],[-36.37056858527466,81.75918292503971],[-36.370363418173945,81.759374691605],[-36.37016284945534,81.75957090335734],[-36.37130002810001,81.7597938782387],[-36.37264660755319,81.7598206210974],[-36.37399300818101,81.75985180300836],[-36.37513050658726,81.76007032096764],[-36.37627188856614,81.76029326147959],[-36.377618714288474,81.76032449482496],[-36.378960600395466,81.76035121247865],[-36.38010245290808,81.76057420526377],[-36.38144855583579,81.76060540538519],[-36.38279083790314,81.76063217388986],[-36.38393248380242,81.76085508858344],[-36.385278984722426,81.76088633949222],[-36.38662612264311,81.760913095005],[-36.38796784637399,81.76094433455162],[-36.3895150188582,81.7607793052028],[-36.39106727457626,81.76061433557113],[-36.39261449867591,81.76045380192687],[-36.39281940988729,81.76025758169207],[-36.393020116818214,81.76006582257544],[-36.393225169382845,81.75987411063466]]],"type":"Polygon"},"id":"00000000000000000072","properties":{"area":62085.54003659832,"elevation":1017.5445947495126,"region":"NO","year":2018},"type":"Feature"},{"geometry":{"coordinates":[[[-36.28038320599399,81.78304811021219],[-36.27924182260959,81.78282960438194],[-36.27809994762107,81.78260663223293],[-36.278305153454326,81.78241039072613],[-36.27851045213576,81.78221865715118],[-36.27736900934917,81.78199574645012],[-36.27757834244513,81.78180399632467],[-36.27778364128138,81.78161226202307],[-36.27664195282775,81.78138928226863],[-36.27529532411617,81.78135809752852],[-36.27394891285058,81.78133130474565],[-36.272806911778176,81.78110835831274],[-36.27146034268021,81.7810771591977],[-36.27010951923486,81.78105041447091],[-36.268972459110664,81.7808274579977],[-36.26762114131272,81.78079624161856],[-36.26606966660304,81.78096121523286],[-36.26451357268,81.7811217359648],[-36.26430374153819,81.78131792357858],[-36.26409850795859,81.78150971668134],[-36.262542287874304,81.78167022840252],[-36.26233720976597,81.78186641690702],[-36.26212755798632,81.78205815882235],[-36.26192270606751,81.78224990324226],[-36.26171303601145,81.78244164423913],[-36.26150816601501,81.78263338774555],[-36.26130304207151,81.78282957391814],[-36.26109334452936,81.78302131353021],[-36.260888002062494,81.78321310186128],[-36.26067873152283,81.78340479435285],[-36.261819920157826,81.78362775475449],[-36.26161021327511,81.78381949318816],[-36.26140506217504,81.7840156772015],[-36.26275192188186,81.78404240341202],[-36.26410325086473,81.78407368210259],[-36.265244609086295,81.78429662997699],[-36.266591081284595,81.78432338802259],[-36.26814769391431,81.78416286236163],[-36.269703710946516,81.78399786779009],[-36.27125540754848,81.78383732571514],[-36.27260664773526,81.78386406459934],[-36.273747752493286,81.78408703213387],[-36.275094775727055,81.78411822093659],[-36.27665100881659,81.78395326217269],[-36.27685638002266,81.78376153226768],[-36.27706576816722,81.78356978562908],[-36.278617509547594,81.78340476886922],[-36.28017366419693,81.7832443026584],[-36.28038320599399,81.78304811021219]]],"type":"Polygon"},"id":"00000000000000000073","properties":{"area":81119.06325951294,"elevation":903.5004597399181,"region":"NO","year":2018},"type":"Feature"},{"geometry":{"coordinates":[[[-36.334878033842195,81.79923015947107],[-36.33414671798999,81.79861921134113],[-36.33070874267431,81.79795479688225],[-36.32727520167973,81.79729043934857],[-36.32384159868432,81.79662158274573],[-36.327163610445396,81.79610433124859],[-36.329130100219885,81.7955558081233],[-36.326842615254584,81.79510994283785],[-36.32217401543176,81.79560040445921],[-36.31750079385845,81.79609093325935],[-36.3128322440723,81.79658146840639],[-36.31376845186349,81.79699616843025],[-36.317202189969784,81.79766051837086],[-36.32063566655197,81.79832943084408],[-36.32001995213785,81.79890463497595],[-36.31804938516502,81.79945308313825],[-36.31607813531716,81.8000015644828],[-36.31410743377869,81.80055005169514],[-36.309434388044096,81.80104053551263],[-36.30476119708012,81.80153102344654],[-36.30704879181544,81.80197693284103],[-36.311516572908786,81.80167817949227],[-36.31598441900807,81.80137943644233],[-36.320657779726034,81.80089344354178],[-36.32512576377046,81.80059460673115],[-36.32688696678843,81.80023791624554],[-36.331560540486365,81.79974742259581],[-36.334878033842195,81.79923015947107]]],"type":"Polygon"},"id":"00000000000000000074","properties":{"area":128249.69219239903,"elevation":887.1153954404726,"region":"NO","year":2018},"type":"Feature"},{"geometry":{"coordinates":[[[-35.09968466291422,81.70962001448235],[-35.098413729592444,81.70840274965627],[-35.09315197910004,81.70708280712158],[-35.08742659256116,81.70614642983034],[-35.07990403987459,81.7055622695587],[-35.072385962651396,81.70497363250456],[-35.063703900280935,81.70534823059289],[-35.054786239085225,81.7059145557411],[-35.054317511025154,81.70629800186515],[-35.04759357686664,81.70731469908146],[-35.044860097407685,81.70843389796391],[-35.04212659842997,81.70955319845706],[-35.04072186761243,81.71070366575276],[-35.04198387714681,81.71192543555313],[-35.04057917872118,81.71307583180351],[-35.04050788303539,81.71426198309635],[-35.04176985004635,81.71548375482386],[-35.04169870763117,81.71666541090812],[-35.04162702698512,81.71785156528259],[-35.04939046146349,81.71824837058296],[-35.05479039580828,81.71719608220002],[-35.0628567148126,81.71621059868284],[-35.06958546176502,81.71519391682983],[-35.07898126611384,81.71424414579862],[-35.08837175987077,81.71329437370203],[-35.096830699578376,81.7131114961834],[-35.0995551181816,81.71199230443159],[-35.099617525567126,81.71080615711581],[-35.09968466291422,81.70962001448235]]],"type":"Polygon"},"id":"00000000000000000075","properties":{"area":906811.4278339837,"elevation":856.449912554776,"region":"NO","year":2018},"type":"Feature"},{"geometry":{"coordinates":[[[-33.796637168472714,81.4778761455426],[-33.79456806745589,81.47741679392463],[-33.792499038740424,81.47695753860222],[-33.78966314260396,81.47707348887761],[-33.78682718722206,81.4771894163543],[-33.78424515472004,81.47711360245536],[-33.78140945031165,81.47722955421516],[-33.77883210394667,81.47715373666067],[-33.776250481773346,81.47707793164916],[-33.77341427856196,81.47719386249807],[-33.77083690121748,81.47711809718685],[-33.76800063962196,81.47723398456482],[-33.764906134910674,81.47753721918859],[-33.76232876130185,81.47746139187159],[-33.76310472266153,81.47788501060967],[-33.76388528159647,81.47830415966342],[-33.76079041105645,81.47861185869051],[-33.75898885260216,81.47895519182924],[-33.758476493794504,81.47933871201062],[-33.761053583120734,81.47941454027666],[-33.76312273870194,81.47986934024426],[-33.76570435240319,81.47994510213215],[-33.768281998434965,81.48002094420784],[-33.77086338018881,81.48010121347849],[-33.77344545476573,81.48017698586344],[-33.77576876983122,81.48044008699492],[-33.778350551322724,81.48051586603412],[-33.78144509393081,81.48021267468346],[-33.78428125709751,81.4800967667713],[-33.78582358015087,81.4799406654538],[-33.78763011570626,81.47959732873443],[-33.79071995718092,81.47928965198106],[-33.79123264596887,81.47891063969087],[-33.79432290792966,81.47860295471042],[-33.794835602527336,81.47821950057063],[-33.796637168472714,81.4778761455426]]],"type":"Polygon"},"id":"00000000000000000076","properties":{"area":160027.58673708313,"elevation":594.0716787506971,"region":"NO","year":2018},"type":"Feature"},{"geometry":{"coordinates":[[[-34.56312526483983,81.4117609898057],[-34.559411011625805,81.41046792236497],[-34.550091305760006,81.40942000813064],[-34.54172197096439,81.40760067866556],[-34.54489667538767,81.40610682763365],[-34.54807157636254,81.40460864948645],[-34.54611829840896,81.4029676758879],[-34.54416522798951,81.40132670821676],[-34.53462284946191,81.40047054381243],[-34.523421428984804,81.40095216829513],[-34.52375608165935,81.40175477838847],[-34.52185620687889,81.40328872356916],[-34.52252529043703,81.40489401615788],[-34.518061834980955,81.40635657181409],[-34.518730589199336,81.40795745645502],[-34.52196369775239,81.40963403219115],[-34.51365171726395,81.41098955770853],[-34.50196003372844,81.41185464642359],[-34.49620766313793,81.41328158975054],[-34.50670911903331,81.41337521221821],[-34.51840519094737,81.41251017622376],[-34.53009223374312,81.41164061590723],[-34.54012100560724,81.41211771553209],[-34.54849520845947,81.41393260509909],[-34.555723453313526,81.4145301445078],[-34.562514347370545,81.41333060234442],[-34.56312526483983,81.4117609898057]]],"type":"Polygon"},"id":"00000000000000000077","properties":{"area":707657.4019733109,"elevation":1060.894886392936,"region":"NO","year":2018},"type":"Feature"},{"geometry":{"coordinates":[[[-36.94265776361692,81.77002305055574],[-36.94207384502446,81.76922037439327],[-36.94148520587549,81.76842225174686],[-36.936856511694266,81.76753934784901],[-36.94166320390552,81.76685260094834],[-36.940891942651696,81.76624617268318],[-36.93587984344707,81.7657511971115],[-36.93049340816943,81.765639710428],[-36.92510222914081,81.76552826095849],[-36.91971162714477,81.76542123915704],[-36.91374538143267,81.76588945984628],[-36.907783260767765,81.76635768773542],[-36.90162528828671,81.76702208848546],[-36.896234280594776,81.76691056575233],[-36.89045994820014,81.76718705222841],[-36.88468485544138,81.76746349384806],[-36.884301623437544,81.76785141636012],[-36.88488118998591,81.76864966842128],[-36.88410973551292,81.76942106530045],[-36.88603640199287,81.77025044051605],[-36.8906601814467,81.77112893813808],[-36.89586424238961,81.77143209370863],[-36.90106332551222,81.77173533732707],[-36.90645882403096,81.77184681289596],[-36.91204631531063,81.77176209312262],[-36.91743711303753,81.77187352273303],[-36.92283269943014,81.77198053485553],[-36.92841998972916,81.77190034179061],[-36.9340027629325,81.77181557879243],[-36.939781935892874,81.77153910318759],[-36.941891112683045,81.77079443848108],[-36.94265776361692,81.77002305055574]]],"type":"Polygon"},"id":"00000000000000000078","properties":{"area":513451.94789401133,"elevation":1022.5102612777421,"region":"NO","year":2018},"type":"Feature"},{"geometry":{"coordinates":[[[-36.76836502107062,81.78595097549227],[-36.76529287345783,81.78490307478032],[-36.755839466219804,81.78470687610242],[-36.74580210678637,81.78509031577106],[-36.735371941975174,81.78585733352901],[-36.72454562647578,81.78701223155105],[-36.713714348227164,81.7881671456383],[-36.713125334315386,81.78874679606768],[-36.70769450310403,81.79001320735486],[-36.710370077571476,81.79144899282888],[-36.70899217937715,81.79279568042618],[-36.714004263007766,81.79329509602302],[-36.72228452893109,81.79465063196464],[-36.720906592831106,81.79600179104212],[-36.71682682131512,81.79729489598084],[-36.72550380793457,81.79826251360997],[-36.735559359081,81.79787903626995],[-36.742341602804565,81.79664384617844],[-36.73636639888968,81.79572976424207],[-36.7272966389105,81.79515003941823],[-36.72056367150963,81.79362952520934],[-36.731398935609775,81.79247464472108],[-36.741248841713244,81.79228731741021],[-36.745128277762284,81.79118592519069],[-36.73704410232149,81.78963864000086],[-36.74382184069535,81.78839899423382],[-36.754644271293934,81.78724409143452],[-36.76294688490219,81.78721733962088],[-36.76836502107062,81.78595097549227]]],"type":"Polygon"},"id":"00000000000000000079","properties":{"area":537923.6206091881,"elevation":984.3825720290515,"region":"NO","year":2018},"type":"Feature"},{"geometry":{"coordinates":[[[-36.73035526928279,81.80841142505437],[-36.72978950752366,81.80761327043146],[-36.725160625501815,81.80672591430098],[-36.72459462513089,81.80592771936432],[-36.72092875601422,81.80545950732586],[-36.71590815638916,81.80496011221084],[-36.71069059566998,81.80465686966807],[-36.70527739482571,81.80454092600732],[-36.69947196251025,81.80481741307474],[-36.69386244041603,81.80489766731833],[-36.688252747337756,81.80497794710664],[-36.68785562776386,81.80536140554044],[-36.69112445984021,81.80621755536373],[-36.69304170160248,81.8070469547642],[-36.693603847250934,81.80784511212721],[-36.69145885425084,81.80858977721523],[-36.69202049746591,81.80938797181976],[-36.69258702193633,81.81019059808611],[-36.697804442219244,81.81049384698933],[-36.70322196501774,81.8106053527296],[-36.708242632368844,81.81110472407674],[-36.71405770699761,81.81083274017259],[-36.71947112848773,81.81094418332644],[-36.72528562276379,81.81067224437167],[-36.72878134250018,81.80995427214049],[-36.72956618502932,81.80918283045006],[-36.73035526928279,81.80841142505437]]],"type":"Polygon"},"id":"0000000000000000007a","properties":{"area":359371.0456133753,"elevation":984.3403287511677,"region":"NO","year":2018},"type":"Feature"},{"geometry":{"coordinates":[[[-36.56280016212206,81.83387733713835],[-36.561846077850085,81.8334671577816],[-36.560891838477204,81.8330524683765],[-36.5585823824788,81.83260653659646],[-36.556267768876516,81.83216507621822],[-36.55395822028882,81.83172359792727],[-36.55124246139097,81.83166567122194],[-36.548932612469635,81.83121969905591],[-36.54641750137527,81.83096999905035],[-36.543300797061754,81.83130003573109],[-36.540589650687366,81.83124207519313],[-36.540183978031116,81.83162993379621],[-36.53706695008733,81.83195547539505],[-36.53802120286681,81.8323702055796],[-36.5403306520138,81.83281162467814],[-36.54128514321015,81.83322634241516],[-36.539523836656606,81.83358310935036],[-36.542034167132115,81.83383722578654],[-36.54454914533548,81.83408692907045],[-36.54726477872091,81.83414488418326],[-36.54957459139814,81.83458639361099],[-36.551889127873224,81.83502782024601],[-36.55480503348476,81.83489403387841],[-36.557520896576285,81.8349520234611],[-36.560236458794684,81.83500992786868],[-36.56063784446663,81.83462203422488],[-36.56239924697783,81.834265300678],[-36.56280016212206,81.83387733713835]]],"type":"Polygon"},"id":"0000000000000000007b","properties":{"area":106497.09422339241,"elevation":900.7810943599408,"region":"NO","year":2018},"type":"Feature"},{"geometry":{"coordinates":[[[-44.15994942637137,81.3149450122659],[-44.157425452642364,81.31435194049584],[-44.15619019540901,81.31376333028028],[-44.15366636374011,81.31317474951939],[-44.14985382908414,81.31258164255664],[-44.1459879219331,81.3125727423091],[-44.14209944477091,81.31276006447955],[-44.13820664754727,81.3129473882062],[-44.1342826613068,81.31352253694777],[-44.1342201580327,81.31410670298536],[-44.134162193677696,81.31469087746258],[-44.135397760118586,81.31527945329378],[-44.13533493737429,81.31586355278615],[-44.13785873552648,81.3164521990947],[-44.1378009738765,81.3170363618361],[-44.13774283092095,81.31762046398732],[-44.13768505464957,81.31820462058342],[-44.13891558699537,81.31879320720866],[-44.1401508168392,81.31938179769348],[-44.141381262422925,81.31997042476556],[-44.14400369477531,81.31958692091213],[-44.14664310801783,81.31900724051944],[-44.14799014334796,81.31842313329012],[-44.15191833500743,81.31784785981513],[-44.15326943234207,81.31726820648288],[-44.15203405880639,81.31667959669707],[-44.155962815277626,81.31610438487625],[-44.15989148314682,81.3155291825661],[-44.15994942637137,81.3149450122659]]],"type":"Polygon"},"id":"0000000000000000007c","properties":{"area":210767.88992050587,"elevation":1062.872101694915,"region":"NO","year":2018},"type":"Feature"},{"geometry":{"coordinates":[[[-44.015674951708135,81.35806006015225],[-44.01442203764591,81.35766770166359],[-44.01187164919778,81.35727081744889],[-44.01321374860996,81.35688284785256],[-44.01455574062103,81.35649487168799],[-44.01200519365008,81.35610250744536],[-44.01075656078639,81.35570567167368],[-44.01080147350805,81.35531770254485],[-44.00952602476693,81.35512150580014],[-44.00693524857294,81.35511255765789],[-44.00689055689402,81.3555005846804],[-44.006845795947655,81.35589296507867],[-44.00550396654581,81.35628085786718],[-44.00416172179143,81.35666433173847],[-44.00281966663205,81.35705232448777],[-44.00277481196466,81.35744023115281],[-44.002730249256025,81.35783266184094],[-44.001388054305885,81.35821617724606],[-44.00134344315065,81.35860849194505],[-44.00129889621907,81.35899645063473],[-44.00125434552971,81.35938440796171],[-44.001209711346526,81.35977683158887],[-44.00245855352471,81.36016921977732],[-44.005075774688414,81.35998196972108],[-44.007693281905674,81.35979464401757],[-44.0102396686261,81.36018706926049],[-44.01155910615023,81.35999976462956],[-44.00901316571165,81.35960293846027],[-44.01035113576768,81.35921497491945],[-44.011692804775265,81.35882701578574],[-44.013035053307455,81.35844351999145],[-44.015674951708135,81.35806006015225]]],"type":"Polygon"},"id":"0000000000000000007d","properties":{"area":78414.72033600931,"elevation":1007.7555281995164,"region":"NO","year":2018},"type":"Feature"},{"geometry":{"coordinates":[[[-38.70974590734445,82.07840998574649],[-38.70864944918484,82.07799975602914],[-38.706147677764335,82.07757169626264],[-38.70333375963125,82.07752710229492],[-38.70083238871679,82.07709900475675],[-38.69801857898382,82.07705448245291],[-38.695361249481294,82.07681808748472],[-38.692547567967196,82.0767735241298],[-38.689733612185954,82.07673340094492],[-38.68660785119468,82.0770766949206],[-38.68348630054499,82.0774200937079],[-38.68317434325962,82.07780805043136],[-38.682861989221976,82.07819594271294],[-38.68395932936913,82.07860622666445],[-38.68505142554814,82.07901647212121],[-38.68614860081372,82.07942668335485],[-38.68864996448495,82.07985475661974],[-38.691151634651256,82.08028733492081],[-38.693657654286184,82.08071532762924],[-38.696471338336416,82.08075991441207],[-38.699441263479876,82.08060833378376],[-38.70241109223451,82.0804567297365],[-38.703971637256075,82.08028732713508],[-38.70569272085264,82.07991715180985],[-38.70881418693298,82.07957380143502],[-38.709126272309675,82.07918590830327],[-38.70943424753307,82.07879794499543],[-38.70974590734445,82.07840998574649]]],"type":"Polygon"},"id":"0000000000000000007e","properties":{"area":126512.40669382575,"elevation":744.5313038321422,"region":"NO","year":2018},"type":"Feature"},{"geometry":{"coordinates":[[[-44.89878652562372,81.28071249445382],[-44.897502329111376,81.28051632047341],[-44.89621818409761,81.28032014130517],[-44.894938244994805,81.2801239016441],[-44.893654202896855,81.27992771211652],[-44.89236994293181,81.27992770474987],[-44.89108568299083,81.27992769253999],[-44.88980174392054,81.27973148813948],[-44.88851713152658,81.27973152270688],[-44.887232897402,81.27973149596642],[-44.885949040251745,81.2797315210962],[-44.88466027494007,81.27973148313613],[-44.88337566262589,81.27973149830817],[-44.88208755403909,81.27992769493146],[-44.88080284683842,81.28011941717816],[-44.87951440749163,81.28011941646426],[-44.87823012126732,81.28011946894767],[-44.87694148164416,81.28031558870804],[-44.87565737663431,81.28050740432916],[-44.87436863295967,81.28070362685003],[-44.8743642261841,81.28089981108737],[-44.87436403083229,81.28109152620159],[-44.87307556270339,81.2812876863613],[-44.87307075131809,81.28148392600332],[-44.87435539793449,81.28167566380877],[-44.875635128184435,81.28187186492623],[-44.8769237982033,81.28187188030847],[-44.87820793601908,81.28187188919479],[-44.87949207386095,81.28187189323994],[-44.88077615794959,81.28187630613915],[-44.88206482865242,81.28187630207142],[-44.88334934415443,81.28187634829135],[-44.88463348267224,81.2818763329535],[-44.88592179682317,81.28168013011255],[-44.88721076379761,81.28148833601786],[-44.88849522848219,81.28148836283381],[-44.88977893785278,81.28148838456147],[-44.891063402593225,81.28148840169254],[-44.8923520223672,81.28148835870674],[-44.89363597587574,81.2812921812884],[-44.89492494689678,81.28129218527312],[-44.89620938597277,81.28129218299881],[-44.89749340057753,81.28129664607356],[-44.8987778402778,81.28129663411327],[-44.89878213605651,81.28110039381511],[-44.89878227693429,81.28090420852429],[-44.89878652562372,81.28071249445382]]],"type":"Polygon"},"id":"0000000000000000007f","properties":{"area":70252.37296365896,"elevation":1152.604879530269,"region":"NO","year":2018},"type":"Feature"},{"geometry":{"coordinates":[[[-45.21416113437169,81.24909747082243],[-45.214151925185945,81.2487095194602],[-45.21158357281175,81.24851335949026],[-45.2090199334752,81.24832159195745],[-45.206451031882146,81.24812539292918],[-45.20389166686853,81.2481298842116],[-45.201332206573696,81.24812982797025],[-45.19877709253713,81.24832599355783],[-45.19620886166164,81.24813430159027],[-45.19365780109575,81.24852225442726],[-45.1910987036439,81.24852670556105],[-45.18853462469316,81.24852666851086],[-45.18597953088994,81.24872290659225],[-45.18342433488419,81.24891912508133],[-45.18343345914765,81.24930701921826],[-45.18087828538396,81.24969945844391],[-45.18088693448846,81.25008740674848],[-45.180896043133046,81.2504798250338],[-45.179620843496636,81.25086777339764],[-45.17962952480871,81.25126013258269],[-45.18219385623059,81.25125565247563],[-45.18474893160323,81.25105944778011],[-45.187303637519804,81.25067151270476],[-45.189854291514905,81.25027914422513],[-45.192409259085714,81.24988675262956],[-45.19495997034464,81.24949881435208],[-45.1975107665711,81.24910638375535],[-45.20007462099658,81.24910640979662],[-45.2026342423815,81.2491019473637],[-45.20519357824292,81.2491019374201],[-45.20776223920787,81.24929367294149],[-45.210322002307734,81.24929368068675],[-45.21289015840493,81.24948990569096],[-45.21416113437169,81.24909747082243]]],"type":"Polygon"},"id":"00000000000000000080","properties":{"area":80223.67751335209,"elevation":1163.743037239036,"region":"NO","year":2018},"type":"Feature"},{"geometry":{"coordinates":[[[-44.000505332682096,81.43286592717547],[-43.999220979483475,81.43266977950091],[-43.99793669069647,81.43247351370543],[-43.996647923482335,81.43227287775328],[-43.99536372884145,81.43207671470027],[-43.994079293299144,81.4318760241705],[-43.992795204493056,81.43167985087385],[-43.99151087600114,81.4314791500821],[-43.990226893022125,81.43128296654277],[-43.9902494419401,81.43108674072928],[-43.99027160049119,81.43089056995026],[-43.9902940616702,81.43069880822749],[-43.990316218316224,81.43050263675431],[-43.98903170973727,81.4303019799655],[-43.98772533737856,81.43030201250855],[-43.98770321534238,81.43049371938712],[-43.98768100535632,81.43068989072357],[-43.98765840500267,81.43088611709182],[-43.987631678591086,81.43107780951719],[-43.98760945373178,81.43127409281198],[-43.988893684610886,81.43147469544715],[-43.98887119346507,81.43166645573464],[-43.988849004322745,81.43186262504862],[-43.98882642477266,81.4320588493951],[-43.98749345826466,81.43225062922222],[-43.98747132662399,81.43244233269232],[-43.987448717413415,81.43263855592284],[-43.98742649671935,81.43283472342046],[-43.98871062915317,81.43303091451534],[-43.98868881082644,81.43322713900612],[-43.98866622444543,81.43342336090942],[-43.98863951045534,81.43361504898674],[-43.98861692205518,81.43381127019519],[-43.989901123331094,81.43401191975849],[-43.98987941290272,81.43420367791703],[-43.98985684830651,81.4343998981493],[-43.99114123974588,81.43459607738654],[-43.992451948126416,81.43460050759501],[-43.99375843235421,81.4346049771159],[-43.9950649180032,81.43460944171788],[-43.99639844025555,81.4344176944787],[-43.996420481716875,81.43422152928117],[-43.99644291171532,81.43402530834145],[-43.99777632538595,81.4338335548181],[-43.99910469370286,81.43364183796658],[-44.00043829783364,81.43345459586403],[-44.000460643745946,81.43325837331915],[-44.00048298869539,81.43306215042296],[-44.000505332682096,81.43286592717547]]],"type":"Polygon"},"id":"00000000000000000081","properties":{"area":53031.92068966429,"elevation":971.1957703927492,"region":"NO","year":2018},"type":"Feature"},{"geometry":{"coordinates":[[[-45.02344942150418,81.28169797372779],[-45.02216524129101,81.28150176257331],[-45.020881153533175,81.28150173054351],[-45.01959254906089,81.28169799107147],[-45.018308435554964,81.28169794934252],[-45.01702398084392,81.28150177541187],[-45.01573989309242,81.28150172399951],[-45.014451273445296,81.28150178111072],[-45.01316680810575,81.2815017766],[-45.01188309811104,81.28150176721905],[-45.01059863277143,81.28150175302345],[-45.00930982206156,81.28169797464604],[-45.0080258695588,81.28189413434578],[-45.00674173044475,81.28189416218251],[-45.005457213603165,81.28189412859818],[-45.00416862390012,81.28208585979094],[-45.002884459614016,81.28208587308586],[-45.00160029532448,81.28208588153952],[-45.00031575966857,81.28228206808173],[-44.99902701767941,81.28247830600937],[-44.99902737588813,81.28267448825127],[-44.99902697909878,81.28286625648227],[-44.99902733732087,81.28306243804339],[-45.00031579118658,81.28325862050136],[-45.00160010940901,81.28325861689001],[-45.002884369807546,81.28306248380667],[-45.004173111372445,81.2828662323116],[-45.00545737807925,81.2828662141586],[-45.00674126709305,81.28286624775693],[-45.00802553379275,81.28286621992221],[-45.00931471096824,81.28286624369714],[-45.010598599990495,81.28286626275798],[-45.01188286667181,81.28286622038149],[-45.0131712883955,81.28286622958824],[-45.014455932863456,81.28286623408238],[-45.01573982187808,81.282866233767],[-45.01702408871279,81.28286628517947],[-45.01831288805091,81.28286621833585],[-45.019597154888096,81.28286626004811],[-45.020881043885495,81.28286624035653],[-45.02216984343211,81.28286627209212],[-45.02216562159427,81.28267003386117],[-45.02216556486732,81.28247826528072],[-45.02344968831152,81.28228210987216],[-45.023449595845214,81.28208592693144],[-45.02344951396107,81.28189415734921],[-45.02344942150418,81.28169797372779]]],"type":"Polygon"},"id":"00000000000000000082","properties":{"area":50309.763864307795,"elevation":1144.377785588752,"region":"NO","year":2018},"type":"Feature"},{"geometry":{"coordinates":[[[-39.57845513039371,82.02150741767379],[-39.5773223197503,82.02110162839226],[-39.57478934920152,82.02067358225156],[-39.57505723866151,82.02028563296474],[-39.572260896780115,82.02024992739138],[-39.56972811653369,82.01982635617476],[-39.5670614479966,82.01959445206745],[-39.564266113473934,82.01955881005385],[-39.56146985921753,82.01951867197873],[-39.55840681679989,82.01987094150968],[-39.55534353601573,82.0202231850906],[-39.55254312675906,82.02018749669887],[-39.55227544456951,82.02057550527647],[-39.55340790825994,82.02098127382186],[-39.555941091443806,82.02140485107985],[-39.55847339853502,82.0218329105134],[-39.561001685938216,82.02225654017218],[-39.56353485742082,82.02268462311235],[-39.56466722513747,82.02309044832677],[-39.56440004365623,82.02347834203162],[-39.56273631484357,82.02384846104529],[-39.565269072937774,82.02427204996187],[-39.56780177224597,82.0247001328101],[-39.56753423330457,82.02508807257037],[-39.57033457975338,82.02512373339478],[-39.57300136574521,82.02535557575021],[-39.57186870102058,82.02494984746029],[-39.57213154084112,82.02456189518755],[-39.57099931698037,82.02415164780217],[-39.5726623264025,82.02378154363085],[-39.57152987353886,82.02337580779088],[-39.57319765928858,82.02300565774709],[-39.57486073337461,82.02263560195036],[-39.57792404653502,82.02228331898658],[-39.57819185279367,82.0218953736814],[-39.57845513039371,82.02150741767379]]],"type":"Polygon"},"id":"00000000000000000083","properties":{"area":124698.60874839469,"elevation":873.1102043162159,"region":"NO","year":2018},"type":"Feature"},{"geometry":{"coordinates":[[[-40.0073978444663,81.97895870441297],[-40.0062475593182,81.9785528476056],[-40.00370563057879,81.97812930174281],[-40.0011688649479,81.97770568994457],[-39.998626967551,81.9772865590234],[-39.995964882487094,81.97705467673134],[-39.99317821420293,81.97702342070495],[-39.990515920735234,81.97679154916982],[-39.98773340898581,81.97676030690046],[-39.98482606276097,81.97692088116652],[-39.98191861658569,81.97708143260773],[-39.979256615296045,81.97684948038561],[-39.979015989827076,81.97724191495733],[-39.97737487346911,81.97761204178057],[-39.97713423597714,81.97799995722255],[-39.97991667807186,81.97803561945267],[-39.982458290017206,81.97845922829383],[-39.98499568774538,81.97887841052139],[-39.98790242509587,81.97871787683933],[-39.99068957174532,81.97875357425187],[-39.99335210060505,81.97898097490248],[-39.996138550099325,81.97901662039449],[-39.998676248103266,81.97944027181579],[-40.00134243470867,81.97966765703583],[-40.00437029734182,81.97931093596725],[-40.0073978444663,81.97895870441297]]],"type":"Polygon"},"id":"00000000000000000084","properties":{"area":81167.45805801974,"elevation":1016.0891339001066,"region":"NO","year":2018},"type":"Feature"},{"geometry":{"coordinates":[[[-44.004977646023306,81.45061766139126],[-44.00366667794781,81.45061311573946],[-44.002355619077534,81.45061314211452],[-44.0010670193364,81.45041250760283],[-43.9997783920369,81.45021633193619],[-43.998471702780236,81.4502118353194],[-43.9971607825192,81.45020737809176],[-43.99584986368428,81.45020291592125],[-43.99451643532856,81.45039464076304],[-43.99318333207822,81.45058641777554],[-43.991845564606884,81.4507781759855],[-43.991823387202544,81.45097431136757],[-43.99180119694965,81.45117055938148],[-43.99046763931925,81.451357803111],[-43.990445420309435,81.45155405036044],[-43.99042282200267,81.45175023965062],[-43.98908560548898,81.45194198750018],[-43.98775217865777,81.45213374107489],[-43.98772961099825,81.45232546525497],[-43.98770772369609,81.45252165524262],[-43.98637418865812,81.45271340255084],[-43.986351882294855,81.45290964713791],[-43.987636372347346,81.45310579892035],[-43.987613712448095,81.45330198527043],[-43.98759142995836,81.45349822887793],[-43.98888024646469,81.45369444378488],[-43.99016865130842,81.45389505979577],[-43.99148015755835,81.45389507924723],[-43.992790810283324,81.45389955537865],[-43.99407970364502,81.45410021410265],[-43.99539046984125,81.45410021658088],[-43.995412510327874,81.45390843744552],[-43.99543501207676,81.45371225171603],[-43.99676850647179,81.45352047142774],[-43.996790979437044,81.45332428492469],[-43.996813368334344,81.45313256195212],[-43.99815059788643,81.45294078646847],[-43.999483918935695,81.45274910744776],[-44.000817198570076,81.45255731001329],[-44.00215041320329,81.45236562012975],[-44.00348396482526,81.45217386942525],[-44.00350629676518,81.45197768012007],[-44.003528169374924,81.45178589680802],[-44.0035504994072,81.45158970680698],[-44.00357282847533,81.4513935164541],[-44.00491082753432,81.45120177183891],[-44.004933127745716,81.451005580713],[-44.00495534772418,81.45081385321285],[-44.004977646023306,81.45061766139126]]],"type":"Polygon"},"id":"00000000000000000085","properties":{"area":75695.13465960696,"elevation":967.7399025395931,"region":"NO","year":2018},"type":"Feature"},{"geometry":{"coordinates":[[[-44.23819326605594,81.42288646866349],[-44.23430894294388,81.42248961695364],[-44.22915425932019,81.4217003588191],[-44.22530622560703,81.42091111483082],[-44.225373296402054,81.42013076820703],[-44.22544459710505,81.4193548342035],[-44.228128776478734,81.41857901957627],[-44.233421825670554,81.41781201716982],[-44.23218673151994,81.41702723742165],[-44.226965175784294,81.41701827560424],[-44.221810565200286,81.41622903010098],[-44.216535346334034,81.41679982875158],[-44.21131353037248,81.41679091257424],[-44.209935377346376,81.41756676781306],[-44.20594912127078,81.41833816831402],[-44.200652036256045,81.4191051961666],[-44.195448069817026,81.41890001013297],[-44.19020400187698,81.41908731103338],[-44.19404805458233,81.41987209690379],[-44.19005725562159,81.42064351950728],[-44.18867490557134,81.4214194284966],[-44.19382960449549,81.42221314295375],[-44.19642021875529,81.42241381738742],[-44.20159274352082,81.42300691500088],[-44.20674742024626,81.4237961254651],[-44.21202706724052,81.42322539819297],[-44.217324340482655,81.4224539266008],[-44.22256818276428,81.42227113434139],[-44.22772340358546,81.42306037509542],[-44.23289591309086,81.42365791344814],[-44.23819326605594,81.42288646866349]]],"type":"Polygon"},"id":"00000000000000000086","properties":{"area":356718.9878869608,"elevation":909.4450986489065,"region":"NO","year":2018},"type":"Feature"},{"geometry":{"coordinates":[[[-44.27678660587386,81.39918187081865],[-44.275497720890094,81.39898572080193],[-44.2729117774129,81.398785029149],[-44.27033853291639,81.39839264593842],[-44.26776584155658,81.39799572031053],[-44.26519300927889,81.39760340893422],[-44.2626199681212,81.39720655348594],[-44.26395789899806,81.39681859885047],[-44.2665974927663,81.39643504389295],[-44.26793094937621,81.39604711880963],[-44.26796650420192,81.39565915228623],[-44.265393479764036,81.39526236614196],[-44.26542913344068,81.39487439710365],[-44.26285642291244,81.39447758917552],[-44.26027003821858,81.39427684686324],[-44.257665984897535,81.39427238884137],[-44.255079755632735,81.39407172029908],[-44.25245787855708,81.3942635269334],[-44.24985344786082,81.39425906569281],[-44.2498179345287,81.39464703705573],[-44.24978246182918,81.39503936023293],[-44.25105315363716,81.39543180366275],[-44.25101730608554,81.39581971366805],[-44.25098641858617,81.39620768960434],[-44.250950600561666,81.3966000630433],[-44.25221695930981,81.39699248664913],[-44.2534876292326,81.39738485675905],[-44.256056102687275,81.3977772479559],[-44.25862902428239,81.39817415026356],[-44.261202117965865,81.3985665658561],[-44.26379273826351,81.39876718662352],[-44.26637925813675,81.398967835174],[-44.26897008646561,81.39916852939392],[-44.27159181379321,81.39897677286854],[-44.274164546880684,81.39937360906914],[-44.27678660587386,81.39918187081865]]],"type":"Polygon"},"id":"00000000000000000087","properties":{"area":112862.80557036771,"elevation":867.1431061806653,"region":"NO","year":2018},"type":"Feature"},{"geometry":{"coordinates":[[[-45.105653217808566,81.27681078748434],[-45.105644272425785,81.27622662450301],[-45.105635328155515,81.2756424584712],[-45.105630915299606,81.27505840116204],[-45.10433767332461,81.27447422907767],[-45.104333337260286,81.2738900524763],[-45.10175580371692,81.27330591638105],[-45.10175124548193,81.27272179035617],[-45.09917847783278,81.27252555773812],[-45.0953214394369,81.27213765464359],[-45.09147323314704,81.2721376358214],[-45.08762514116862,81.27253003093901],[-45.08377242250406,81.2727262958213],[-45.079928751607895,81.27331038541004],[-45.0760759493769,81.27350661826608],[-45.07479623761828,81.27409074184891],[-45.07351637322937,81.27467485756652],[-45.07480968930189,81.2752589754154],[-45.07609825321848,81.27584314298896],[-45.078666522158635,81.27603937566433],[-45.08252405949179,81.27642728435846],[-45.08637656806019,81.27603931730249],[-45.090229285792205,81.27603486589109],[-45.09408204333784,81.27603489797798],[-45.097943285964,81.2766190506228],[-45.10179604840195,81.27681524491],[-45.105653217808566,81.27681078748434]]],"type":"Polygon"},"id":"00000000000000000088","properties":{"area":191720.99202342605,"elevation":1132.4104254376246,"region":"NO","year":2018},"type":"Feature"},{"geometry":{"coordinates":[[[-44.31744015025188,81.39594460375831],[-44.31618251711886,81.3953559881825],[-44.31623194388534,81.394771820813],[-44.31497421580467,81.39418771656062],[-44.31111728586281,81.39359464024956],[-44.31246405813968,81.3930105057374],[-44.30860666521746,81.39242191550709],[-44.306046958753726,81.39182882249462],[-44.308700215383794,81.39124918310006],[-44.3087451030502,81.39066504159207],[-44.30617677725959,81.3902726221974],[-44.3022705632288,81.39026367287697],[-44.298332772924994,81.39064719604269],[-44.29438223814803,81.39122688048793],[-44.290426970701034,81.39180209830492],[-44.28647166245057,81.39238179153837],[-44.28260141032168,81.39198045898735],[-44.2786949442419,81.3919759928981],[-44.27473957310626,81.39255119927164],[-44.277295216943656,81.39313982358479],[-44.27854828845683,81.39372841938663],[-44.28243629412325,81.39392901919301],[-44.286378403277794,81.39355004636315],[-44.290297699530896,81.3933627441326],[-44.29423500959893,81.3929792613533],[-44.29815926357057,81.39279199297552],[-44.302016171787315,81.39338058499229],[-44.30587322615513,81.39397365271181],[-44.308432663664206,81.39456226762618],[-44.30968589933427,81.39515090811712],[-44.312245117772335,81.3957394868723],[-44.31610679508416,81.39633254645847],[-44.31744015025188,81.39594460375831]]],"type":"Polygon"},"id":"00000000000000000089","properties":{"area":154563.1192750462,"elevation":863.5270456724588,"region":"NO","year":2018},"type":"Feature"},{"geometry":{"coordinates":[[[-44.0925366251141,81.4286119883213],[-44.0912703142888,81.42821953912869],[-44.088697363702416,81.4278226906895],[-44.08874182555907,81.42743474568452],[-44.086168801197175,81.42703793107327],[-44.08355589248049,81.42703340717438],[-44.080938420018285,81.4270244994515],[-44.07834739153964,81.42682387026201],[-44.075690318949064,81.42720734807618],[-44.07307697249346,81.42720291371822],[-44.070419586137426,81.42758634989745],[-44.06776197733169,81.42796987743579],[-44.06510415696435,81.42835338332061],[-44.06506372550922,81.42874127919565],[-44.06240635125297,81.42912476386353],[-44.06105534245509,81.42951267150967],[-44.0610108967853,81.42990066549235],[-44.06097061778717,81.43029307783436],[-44.06092578678451,81.43068101151415],[-44.06349913507941,81.43107783180815],[-44.063459004045264,81.43146577544802],[-44.06472077684527,81.43185819139855],[-44.06600936398123,81.43205879662513],[-44.06860461044024,81.43225951640785],[-44.071217795459326,81.43226397981391],[-44.07385714923609,81.4320766737743],[-44.07651487687132,81.43169322457908],[-44.0791727817821,81.43130969825533],[-44.08180787464355,81.4311224330331],[-44.08442074936969,81.43112691011854],[-44.0857496821322,81.43093514720648],[-44.08317700194459,81.43053826975004],[-44.08191043293362,81.43014584871345],[-44.08456806237825,81.42976244634247],[-44.08722586905428,81.42937896682977],[-44.08988346413467,81.42899546566619],[-44.0925366251141,81.4286119883213]]],"type":"Polygon"},"id":"0000000000000000008a","properties":{"area":189011.2045093818,"elevation":961.2092620155619,"region":"NO","year":2018},"type":"Feature"},{"geometry":{"coordinates":[[[-45.042931587100355,81.32203051367411],[-45.04292694923327,81.32183875670833],[-45.04292684284925,81.32164258671187],[-45.0416339701893,81.32144640637246],[-45.04034496003632,81.32125463250262],[-45.039052190890594,81.32105844172817],[-45.039052162580525,81.32086227035695],[-45.03904796294597,81.3206660425498],[-45.03775909215389,81.32066601748444],[-45.03646605047248,81.32066604457572],[-45.03517686638584,81.32047430650657],[-45.03388385013962,81.32047432384165],[-45.03259083388259,81.32047433629127],[-45.031301988453535,81.32047428690755],[-45.03001374798129,81.32067051778736],[-45.02872032629612,81.32067045907966],[-45.027426904939986,81.32067050861609],[-45.02613854826395,81.32086219926794],[-45.02484977334763,81.32105846661854],[-45.02355677498523,81.32125467249068],[-45.022267895820754,81.32145081629442],[-45.02226795525728,81.32164263102959],[-45.022268024529,81.32183874442575],[-45.02226809406332,81.32203497060762],[-45.023561023145795,81.32222675435068],[-45.02485439353865,81.32242288838641],[-45.02614311749294,81.32242290551642],[-45.02743639255938,81.32242291742975],[-45.028725116509364,81.32242292483876],[-45.03001763304935,81.32242292706326],[-45.03131090810208,81.32242292433783],[-45.03259973371411,81.32222674819457],[-45.03389298269284,81.32222673571319],[-45.03518163098189,81.3224228877796],[-45.03647488281896,81.32261914729493],[-45.03776778728902,81.32261465155813],[-45.03905653654975,81.32261462007054],[-45.04034983746471,81.32261469632505],[-45.04164275888237,81.32261471117405],[-45.04293150811019,81.32261466509757],[-45.042931421072794,81.3224229085672],[-45.04293131458604,81.32222673960005],[-45.042931587100355,81.32203051367411]]],"type":"Polygon"},"id":"0000000000000000008b","properties":{"area":59374.58618218841,"elevation":1002.5596764529657,"region":"NO","year":2018},"type":"Feature"},{"geometry":{"coordinates":[[[-39.71426546452768,82.02738898492744],[-39.70905258285133,82.02673348112465],[-39.702703112098845,82.0256722037706],[-39.695831725871685,82.0253868017768],[-39.68896500711736,82.02510590528587],[-39.68196386054487,82.02501225996767],[-39.674833742759354,82.02511926765712],[-39.67877119389369,82.025560697076],[-39.68512115281341,82.02662198305536],[-39.69007048493194,82.02766544637795],[-39.686619449883835,82.02860183880756],[-39.680363142572894,82.02949809657204],[-39.676911935972626,82.03043452019239],[-39.67485605673898,82.03138879831154],[-39.6756051840463,82.03237423098453],[-39.679158956517185,82.03339981319496],[-39.67570356842381,82.03433626912823],[-39.67824476320728,82.0347598852567],[-39.68310122806177,82.03384574261855],[-39.68795687411507,82.032927129403],[-39.69561347909314,82.03204873603939],[-39.69766435759086,82.03109448044069],[-39.705316108131655,82.03021155281029],[-39.71296785711876,82.02932871035893],[-39.71361912803035,82.02836103183077],[-39.71426546452768,82.02738898492744]]],"type":"Polygon"},"id":"0000000000000000008c","properties":{"area":327843.97863669676,"elevation":853.0906466007525,"region":"NO","year":2018},"type":"Feature"},{"geometry":{"coordinates":[[[-44.13886666786774,81.44899002752645],[-44.13630272217605,81.44840141047469],[-44.133743331546405,81.44780837421166],[-44.12987254250267,81.44721531155948],[-44.12596222146458,81.44701466900752],[-44.122029125126865,81.44700571527959],[-44.11807838497998,81.44718857633917],[-44.11806071528827,81.44738478643016],[-44.115376050229,81.4479644094667],[-44.11400717642409,81.44854414511836],[-44.1126338867136,81.44912826912476],[-44.112575947268674,81.44971241139861],[-44.11251338936239,81.45029653878584],[-44.11114400799918,81.45087625097005],[-44.10846024099188,81.45145592137752],[-44.107086605232425,81.45203560170461],[-44.105713149754756,81.45261979497356],[-44.10696650693042,81.45320836200541],[-44.10821504677357,81.45379250114641],[-44.11210724414924,81.45419381552463],[-44.116040214128056,81.45420275942195],[-44.12001345818595,81.45382368254874],[-44.12396884108327,81.45363640736399],[-44.12534209051674,81.45305226259332],[-44.12671091682576,81.45247261912169],[-44.12676917106065,81.4518884357976],[-44.12814237756157,81.45130432822575],[-44.13082258001503,81.45072907665545],[-44.13481342133943,81.45015384559335],[-44.138804180798516,81.44957415924335],[-44.13886666786774,81.44899002752645]]],"type":"Polygon"},"id":"0000000000000000008d","properties":{"area":246122.50371362772,"elevation":938.3942931445492,"region":"NO","year":2018},"type":"Feature"},{"geometry":{"coordinates":[[[-45.844749425858296,81.21508347335772],[-45.84472699282594,81.21488720599487],[-45.84343361283651,81.21469552922572],[-45.842140653188416,81.2145037896422],[-45.84212278070991,81.21431198337598],[-45.84337579561343,81.21411134376672],[-45.84335790959388,81.2139196501213],[-45.84206467338389,81.21372785327114],[-45.84077149696605,81.21353616438601],[-45.839478735343064,81.21333993916531],[-45.838203448657296,81.21334440847798],[-45.83692816065047,81.21334887297625],[-45.83565286755127,81.21334885913649],[-45.83437757748491,81.21335331400624],[-45.83308421877716,81.21316153941815],[-45.831791289975655,81.2129698152558],[-45.8305156764258,81.21297431311227],[-45.830533690845314,81.21316606467681],[-45.8318266211303,81.21335779331824],[-45.833119601529184,81.21354951669662],[-45.833137670346794,81.21374574066235],[-45.83188036968324,81.21394193618751],[-45.830627520849035,81.21414258910667],[-45.82937011945823,81.21433877457554],[-45.8281122976388,81.21453501254543],[-45.82812988906455,81.21473117934273],[-45.8281478610502,81.21492740149255],[-45.82816583340375,81.21511914984703],[-45.829458974338834,81.21531088427224],[-45.830734142015096,81.21531086585847],[-45.83200968724768,81.21530642487785],[-45.83330742804332,81.2154981331962],[-45.834600347683136,81.21568990487444],[-45.83587556367261,81.21568986707088],[-45.83715078463104,81.21568546425222],[-45.83842637456804,81.21568099907635],[-45.839701588889206,81.2156809468349],[-45.84097680648372,81.21567652957758],[-45.842252393029504,81.21567204995887],[-45.843527235415515,81.21567204082987],[-45.84350970621007,81.21547581885841],[-45.8434918075034,81.21527965409462],[-45.844749425858296,81.21508347335772]]],"type":"Polygon"},"id":"0000000000000000008e","properties":{"area":53935.692791462345,"elevation":1286.1262283189342,"region":"NO","year":2018},"type":"Feature"},{"geometry":{"coordinates":[[[-43.84879761776418,81.51003072685205],[-43.847504439824455,81.50983449278606],[-43.847531317910466,81.50963825105204],[-43.847557801392234,81.5094420641502],[-43.84626510887072,81.50924588214927],[-43.84497185184391,81.50904523088788],[-43.843678493811574,81.50884903604408],[-43.84238534566413,81.50864837446942],[-43.84109225225421,81.5084477077346],[-43.8397990560265,81.50825149744145],[-43.83847901216073,81.50824706434538],[-43.83715936321368,81.50824257109737],[-43.835839322299925,81.50823812805078],[-43.83451928286092,81.5082336800282],[-43.8331996383678,81.50822917185813],[-43.8318799814989,81.5082247716343],[-43.830564423113834,81.50822478577916],[-43.83053311619907,81.50841649659873],[-43.83182637416864,81.50861714727309],[-43.831799568756935,81.50881333456067],[-43.83045278027846,81.50900059663972],[-43.83042632497698,81.50919684089187],[-43.83039948887929,81.5093930270391],[-43.829052807844555,81.50958480206832],[-43.82902610484653,81.50977652588595],[-43.82899923805522,81.50997271089264],[-43.82765244677307,81.51016447955317],[-43.82762571374607,81.51035620225429],[-43.82891917307238,81.5105568600327],[-43.83021191387431,81.51075751006637],[-43.83150525063366,81.51095375120346],[-43.832798100320616,81.5111543909302],[-43.83409154479662,81.51135062177225],[-43.835384503376794,81.51155125119104],[-43.83670423063184,81.51155569310617],[-43.838051418259056,81.51136394983016],[-43.83939777841208,81.51117219849124],[-43.84074446422264,81.51098049939623],[-43.8420641157275,81.5109849211687],[-43.84338414848721,81.51098939570504],[-43.844730728710566,81.5107976809987],[-43.84607749365412,81.51061036711846],[-43.84742396627682,81.51041864142684],[-43.84877077825422,81.51022685505167],[-43.84879761776418,81.51003072685205]]],"type":"Polygon"},"id":"0000000000000000008f","properties":{"area":81134.30601241426,"elevation":996.0407126909777,"region":"NO","year":2018},"type":"Feature"},{"geometry":{"coordinates":[[[-44.709439907239485,81.3978084638664],[-44.7068714525746,81.39663576796237],[-44.69774834678412,81.39682304093382],[-44.68861587371289,81.39720650000231],[-44.67948381501399,81.39759000003595],[-44.67034217892306,81.3981652173761],[-44.661219203329004,81.39815627837352],[-44.652087051695005,81.39853978773158],[-44.64292314912558,81.39950293696974],[-44.64157228265192,81.40067119422],[-44.64282053804645,81.4020357315792],[-44.651895270054936,81.40321738771863],[-44.660996368418914,81.40381044995215],[-44.67011507346252,81.4040111168371],[-44.67926494776779,81.40343588136403],[-44.688397358974846,81.40324860082622],[-44.69748471273038,81.4042295767854],[-44.70401301624156,81.40403790045852],[-44.70145333122143,81.40267339227617],[-44.702782201441146,81.40189301637548],[-44.69363203114715,81.4026644570693],[-44.68455808806363,81.40129555160667],[-44.69242385997746,81.3999354945198],[-44.70154700329689,81.39994439923417],[-44.70808847944587,81.39916850386405],[-44.709439907239485,81.3978084638664]]],"type":"Polygon"},"id":"00000000000000000090","properties":{"area":575192.37055725,"elevation":740.1170883727831,"region":"NO","year":2018},"type":"Feature"},{"geometry":{"coordinates":[[[-44.94737295468998,81.32183434815114],[-44.94608450932339,81.3212501617052],[-44.94092505502301,81.3206660563573],[-44.93576138597705,81.32046980239221],[-44.93060235581,81.32007741133498],[-44.925438447372066,81.31988122667376],[-44.920279438316705,81.31929714194942],[-44.91511143897896,81.31968507939139],[-44.90994340686776,81.32007299409973],[-44.90477529773603,81.32046541138804],[-44.89960281838366,81.3212412667526],[-44.899598060073295,81.32162919483675],[-44.900882149371476,81.32240955326036],[-44.904743718153206,81.32318989289605],[-44.903446393592276,81.32397023794198],[-44.906019374271935,81.3247505821425],[-44.91118292661945,81.32514298863319],[-44.91506251565787,81.32494679045925],[-44.91506704907943,81.32416642959443],[-44.9099123794849,81.32338610202703],[-44.90475284691745,81.322605746348],[-44.90605064332407,81.32182538700239],[-44.911227469030344,81.32104955258083],[-44.91639575705064,81.3204653929999],[-44.92156367648479,81.32027366823945],[-44.92672278582341,81.32046985305514],[-44.93188650886072,81.32046978845229],[-44.93704556522258,81.32125020226123],[-44.9422046902197,81.3220305326783],[-44.947368357445626,81.3226146686484],[-44.94737295468998,81.32183434815114]]],"type":"Polygon"},"id":"00000000000000000091","properties":{"area":124641.30687099429,"elevation":1021.4469372010491,"region":"NO","year":2018},"type":"Feature"},{"geometry":{"coordinates":[[[-44.2165397164944,81.43102884240835],[-44.21256219307069,81.43160850051846],[-44.20862034459339,81.43179128615675],[-44.2046427876556,81.43237096437223],[-44.200665118544975,81.43294618671622],[-44.196723645464274,81.43313347197825],[-44.197994507103935,81.43352591142168],[-44.195323194613046,81.43410555519115],[-44.19264771402017,81.43468527948922],[-44.196611699603764,81.43430176328965],[-44.20057153629039,81.43392276937375],[-44.20444206340413,81.4345113312441],[-44.2083126933897,81.43510436692894],[-44.21218302604524,81.43569746740447],[-44.21212970993222,81.43628157894004],[-44.214729479267234,81.4364822708041],[-44.21607141459001,81.4360988126745],[-44.214818597980766,81.43551016503648],[-44.2161786944649,81.43492606492441],[-44.21361876693656,81.43433744636728],[-44.20974850423837,81.43374441010357],[-44.205877953539236,81.43315132562286],[-44.20854874440506,81.43257165315569],[-44.21252654665824,81.43199645336291],[-44.21650387356718,81.43142120505925],[-44.2165397164944,81.43102884240835]]],"type":"Polygon"},"id":"00000000000000000092","properties":{"area":65723.32051285126,"elevation":899.1747821350758,"region":"NO","year":2018},"type":"Feature"},{"geometry":{"coordinates":[[[-39.52466459395915,81.99923864544446],[-39.5240714754352,81.99805699036939],[-39.51763293793104,81.99718748746889],[-39.50980256796065,81.99629563134255],[-39.50143251844231,81.99618415234465],[-39.492933458188816,81.99626891271461],[-39.48682024970803,81.99696898014015],[-39.48043029842471,81.99805701712853],[-39.47125361660393,81.99910936507979],[-39.46207673020899,82.0001616777277],[-39.45384105125919,81.99985402010444],[-39.44587665430142,81.9991583744118],[-39.43696759208891,81.99982283041399],[-39.43669563181267,82.00021072667256],[-39.434483755212476,82.00135671901538],[-39.43645917413534,82.00256066576483],[-39.44428946039103,82.00345251343785],[-39.45266366176791,82.0035639892484],[-39.46103348243789,82.00367549046777],[-39.46913981866428,82.00417932958854],[-39.47724194522211,82.00467878876428],[-39.48534863564185,82.00517817884348],[-39.49331706318135,82.00587376652663],[-39.5025028832071,82.00482146031524],[-39.51028415671585,82.00375126033695],[-39.51527832182447,82.00264092454267],[-39.52166370679096,82.00154850141702],[-39.523862184506925,82.00040248502255],[-39.52466459395915,81.99923864544446]]],"type":"Polygon"},"id":"00000000000000000093","properties":{"area":863821.2715116169,"elevation":907.59157553129,"region":"NO","year":2018},"type":"Feature"},{"geometry":{"coordinates":[[[-33.14682130959098,81.43909086148619],[-33.14580893907717,81.43885896680555],[-33.142710072347654,81.43915771668037],[-33.139610833956255,81.43946094372441],[-33.136507102433306,81.43976416674786],[-33.13367583068912,81.43987117014017],[-33.131651327484505,81.43941191911935],[-33.12962721628036,81.4389481489085],[-33.12760697607567,81.43848888814422],[-33.125043051672705,81.43840857089972],[-33.12275135481043,81.43813659495365],[-33.120187444925904,81.43805635237503],[-33.117627451596256,81.43797610983303],[-33.11452421071373,81.43827927999783],[-33.11526893652562,81.43869846863592],[-33.11782835060583,81.43877870137098],[-33.12039242663897,81.43885896013771],[-33.122951806666556,81.43893926593826],[-33.12497645464758,81.439402990781],[-33.12700061385325,81.43986228132876],[-33.12902522038897,81.44032601996112],[-33.13104933626852,81.44078532435323],[-33.13050991302084,81.44116882989908],[-33.13253427955864,81.44162812124972],[-33.135365783823005,81.44152105894507],[-33.13718520160646,81.44117773402833],[-33.13772480232156,81.44079417656134],[-33.13570034240153,81.44033491169226],[-33.137519515519266,81.4399915817995],[-33.14062310646408,81.43969285520917],[-33.14372239363518,81.43938961976865],[-33.14682130959098,81.43909086148619]]],"type":"Polygon"},"id":"00000000000000000094","properties":{"area":53946.97683203773,"elevation":532.784796645144,"region":"NO","year":2018},"type":"Feature"},{"geometry":{"coordinates":[[[-33.135775910106084,81.44312633254243],[-33.13401942737045,81.44247529811464],[-33.130715361831605,81.44197144721096],[-33.126059774821776,81.44242183913927],[-33.121409071073714,81.44287663330086],[-33.11729305901344,81.44294349035972],[-33.113177556520014,81.44301482994003],[-33.10852218198384,81.44346972430068],[-33.10386659349083,81.44392005146004],[-33.101775202909955,81.44445067681218],[-33.100963880338355,81.44502142435523],[-33.09887262145916,81.44555655855861],[-33.09934533560029,81.44616745498843],[-33.09853370843764,81.44673818828728],[-33.1002861105997,81.4473936939753],[-33.10386666076027,81.44770585564528],[-33.10771071058302,81.44782620880586],[-33.11237052556538,81.44737141596528],[-33.116486235333326,81.4473045359643],[-33.12114141899151,81.44684971818087],[-33.12579642945819,81.44639930005651],[-33.12788803807926,81.44586863850768],[-33.13126372731336,81.44537372382452],[-33.133350502227856,81.44484304962718],[-33.13416187951594,81.44426784756081],[-33.13496909697929,81.44369712660797],[-33.135775910106084,81.44312633254243]]],"type":"Polygon"},"id":"00000000000000000095","properties":{"area":238908.04025622402,"elevation":526.3058940039617,"region":"NO","year":2018},"type":"Feature"},{"geometry":{"coordinates":[[[-40.110875773166356,82.02758513476884],[-40.109591422152604,82.02737558866065],[-40.10831207913604,82.02716598967173],[-40.107031950309036,82.02695197424555],[-40.105747783560716,82.02674241346232],[-40.10446818650338,82.02653285052018],[-40.103188681488824,82.02631876976298],[-40.10178407173739,82.02630540903498],[-40.100383570038005,82.02628758353958],[-40.0989835130149,82.02626970213744],[-40.097463114137696,82.02644809003067],[-40.09734279395718,82.02663985121987],[-40.097222058184734,82.02683606358666],[-40.097101754833204,82.02703222488333],[-40.09698141816981,82.02722398488072],[-40.095460815969446,82.02740236322462],[-40.09534046533905,82.02759852292478],[-40.09661999250551,82.02780811491557],[-40.09650003752353,82.02800433554646],[-40.096379297266,82.028196032201],[-40.097663410523744,82.02841013497388],[-40.09754350354456,82.02860184191714],[-40.09742274283608,82.02879805061433],[-40.09730238679734,82.02898980742704],[-40.09718205308836,82.02918596465464],[-40.09858218890982,82.02920379039266],[-40.09998230226631,82.02921721008923],[-40.101386960581706,82.02923502812743],[-40.10278711582785,82.02925283813589],[-40.10418721593183,82.02927075492546],[-40.10571248226464,82.029092346996],[-40.10723274059491,82.02891398058944],[-40.10875331508563,82.0287356691247],[-40.11027389124155,82.02855723923193],[-40.110394337498775,82.02836553912454],[-40.11051480563356,82.02816932576258],[-40.11063526818168,82.02797311199201],[-40.11075532171503,82.02778134934802],[-40.110875773166356,82.02758513476884]]],"type":"Polygon"},"id":"00000000000000000096","properties":{"area":54867.387849301966,"elevation":809.9629965066631,"region":"NO","year":2018},"type":"Feature"},{"geometry":{"coordinates":[[[-44.541260046477895,81.44870467404527],[-44.538660605678054,81.44831226793778],[-44.53606099108151,81.44791989695172],[-44.53346120817554,81.44752744808152],[-44.53086163291213,81.44713509133838],[-44.529573091752695,81.44674268244425],[-44.52828465608516,81.44635026735818],[-44.52830681710246,81.4459623396299],[-44.52568484414342,81.44595786658104],[-44.523053495876255,81.4461496002973],[-44.52040953693983,81.4465375353175],[-44.51780073359703,81.4463368953227],[-44.515205578478565,81.44594447841473],[-44.51259720334215,81.44574826231856],[-44.51388146060922,81.44614067645719],[-44.5151702743498,81.44652862681885],[-44.51645858309558,81.44692103397811],[-44.51905866396085,81.44731344437831],[-44.521658189628994,81.44770583283969],[-44.52425348059322,81.44810265809676],[-44.52292431401951,81.44849065149148],[-44.520280311122825,81.44887411445431],[-44.517635869426805,81.44926207589438],[-44.518937955299734,81.44945824921798],[-44.52157816912816,81.44907032924807],[-44.524222174468086,81.44868685709878],[-44.52686657308736,81.44829890060676],[-44.52947516226511,81.44849511686732],[-44.532097063220824,81.44849956009105],[-44.53469667205371,81.44889195865085],[-44.537304984272915,81.44909257795796],[-44.53992687803872,81.44909261114934],[-44.541260046477895,81.44870467404527]]],"type":"Polygon"},"id":"00000000000000000097","properties":{"area":67536.37763044552,"elevation":672.0622080679404,"region":"NO","year":2018},"type":"Feature"},{"geometry":{"coordinates":[[[-44.92872501489855,81.39101284104163],[-44.926125393706776,81.39062042456378],[-44.92352556660471,81.39023245295638],[-44.923529820359306,81.3898400724432],[-44.920925984617895,81.38984005098513],[-44.918321766574124,81.38984006632246],[-44.91571774519599,81.39003628126471],[-44.91310921927666,81.39042417116818],[-44.91050506606867,81.39081215424845],[-44.90789645942766,81.39120458109151],[-44.907891994119936,81.39159249079552],[-44.90658532104503,81.39198044492386],[-44.90658114142774,81.39237281783467],[-44.905274691463376,81.39276082089951],[-44.906572441220455,81.39315320662054],[-44.90786995709387,81.39354112016983],[-44.909172056016175,81.3937373386515],[-44.91177171149746,81.39393354667118],[-44.91437588834315,81.39393352391491],[-44.916979682687256,81.39393353795514],[-44.91958855073536,81.39373732127481],[-44.92219269166317,81.39354560583011],[-44.924800966465895,81.39334940552526],[-44.92740522911781,81.39296143656316],[-44.927409326454836,81.39256906569554],[-44.92871600557193,81.39218114807134],[-44.928720780669195,81.39179318391466],[-44.928720622769795,81.39140075148659],[-44.92872501489855,81.39101284104163]]],"type":"Polygon"},"id":"00000000000000000098","properties":{"area":126454.27133461491,"elevation":789.7280783450454,"region":"NO","year":2018},"type":"Feature"},{"geometry":{"coordinates":[[[-44.60684938945105,81.44741598554278],[-44.605556168517516,81.44702363232712],[-44.60557385366557,81.44663118095974],[-44.60428060881268,81.44624322724788],[-44.604298726371624,81.44585083009088],[-44.60300563830301,81.44546286886215],[-44.60040571049504,81.4450705191441],[-44.600423602457,81.44467806104187],[-44.59782399326185,81.44428568916933],[-44.5952199885272,81.44389329105398],[-44.592620419059735,81.44350093345422],[-44.59001152634838,81.4433046733029],[-44.587389877129475,81.44330026967798],[-44.58737184108219,81.44369267603149],[-44.58735399799048,81.44408056083184],[-44.588643004022856,81.4444729887551],[-44.58993576320936,81.44486095094352],[-44.59122459813844,81.44525330952432],[-44.59120671495712,81.4456457090849],[-44.59381103054801,81.4460381309852],[-44.59379305659897,81.44642606385787],[-44.59639269375679,81.44681851425275],[-44.59637482266552,81.44720644449178],[-44.598996772338616,81.44721089215147],[-44.60160537611591,81.44740707594868],[-44.60422699721673,81.44741154019842],[-44.60684938945105,81.44741598554278]]],"type":"Polygon"},"id":"00000000000000000099","properties":{"area":70255.96330683207,"elevation":668.5039450763398,"region":"NO","year":2018},"type":"Feature"},{"geometry":{"coordinates":[[[-45.24765756616159,81.3465065209591],[-45.24635123124845,81.34611859698924],[-45.2450446191421,81.3457306104188],[-45.242445200309106,81.34534268486028],[-45.23984522878681,81.34495473880808],[-45.237254566236615,81.3449547861492],[-45.234668465095126,81.34495481081795],[-45.232082111627165,81.34515100328763],[-45.22949150040053,81.34515540319781],[-45.226914033968114,81.34554338198589],[-45.224332282713505,81.3459358104735],[-45.221746022696145,81.34594026200729],[-45.221754884858775,81.34632821519597],[-45.220470753003134,81.34672056268869],[-45.2191864177224,81.3471084928938],[-45.21789789748673,81.34750088721559],[-45.21791117043336,81.34788883214487],[-45.2179198812933,81.34827677861415],[-45.21792907349987,81.34866919106784],[-45.21793778585987,81.34905713480975],[-45.22053759844475,81.34944506303577],[-45.22055070101867,81.34983746885314],[-45.22314180366086,81.34983302406874],[-45.22573262735103,81.34983302751802],[-45.228323071859435,81.34983306822672],[-45.230914169186775,81.34982856480302],[-45.233504612138304,81.34982856642931],[-45.236090661923996,81.3496323726261],[-45.23868143381332,81.34963239149164],[-45.23866835896042,81.34923998508587],[-45.2399525782288,81.3488520457277],[-45.24123658236022,81.3484595760698],[-45.243818704330934,81.34806719877002],[-45.246396054471624,81.34767480392803],[-45.24638696648351,81.34728685550712],[-45.246373698386115,81.3468989652843],[-45.24765756616159,81.3465065209591]]],"type":"Polygon"},"id":"0000000000000000009a","properties":{"area":195346.9209505849,"elevation":943.6448603249953,"region":"NO","year":2018},"type":"Feature"},{"geometry":{"coordinates":[[[-44.80278221802876,81.41754890196836],[-44.80148898244728,81.41696479105896],[-44.80150256527155,81.4163806325287],[-44.801520357452084,81.41579652983421],[-44.79892064365851,81.41520786161949],[-44.79762757270203,81.41462378014874],[-44.79763649497874,81.41423584029822],[-44.793725515519,81.41403515022297],[-44.78979717690956,81.41461928342956],[-44.7858687434124,81.41520342573857],[-44.7819404478524,81.41559140256474],[-44.77803857286708,81.41500277027538],[-44.77413218636727,81.41461037756757],[-44.77542536036323,81.41519454789952],[-44.77540779598747,81.41578311858561],[-44.77669660941322,81.41636727495899],[-44.780615822794395,81.41636729362969],[-44.78453072409873,81.41637173016527],[-44.78843288272751,81.41695587313333],[-44.792338866102135,81.4175444358696],[-44.793627409183536,81.41812863190377],[-44.79753380258594,81.41871718602559],[-44.798822818233106,81.41930135648423],[-44.80143539992706,81.41930139465104],[-44.801448989652386,81.41871724850833],[-44.80146219578108,81.41813304253269],[-44.80278221802876,81.41754890196836]]],"type":"Polygon"},"id":"0000000000000000009b","properties":{"area":117395.44836430291,"elevation":718.4727216748769,"region":"NO","year":2018},"type":"Feature"},{"geometry":{"coordinates":[[[-44.05484350451878,81.54470466892981],[-44.05356410476563,81.54431227848642],[-44.05360837915102,81.54391983253116],[-44.0523244801744,81.5435274221772],[-44.051044567651886,81.54313501616438],[-44.04974235105878,81.54293885680706],[-44.04711614255086,81.54273368674538],[-44.04450738188733,81.5423413195884],[-44.0418814424906,81.54213622213346],[-44.039232545134595,81.54213176100379],[-44.03918814244196,81.54251969611947],[-44.0378187594587,81.542907620556],[-44.037774294834826,81.54329555274022],[-44.03640124359291,81.5436835158226],[-44.03370766468305,81.54406700005828],[-44.03101425049535,81.54445051988309],[-44.028316355749624,81.54483394955099],[-44.028271874086784,81.54522193127129],[-44.02822771283404,81.54561431633775],[-44.0295070216789,81.5460066836604],[-44.032138104913045,81.54620736120958],[-44.0347869120579,81.54621627575663],[-44.03744005398561,81.54622077840384],[-44.04013332050513,81.54583727095194],[-44.04283102661353,81.54545375425984],[-44.04552424016992,81.54507026044688],[-44.04815073914137,81.54527092021216],[-44.05075921743783,81.54566787582392],[-44.052105722523066,81.54547610172402],[-44.053474837273164,81.54509259102566],[-44.05484350451878,81.54470466892981]]],"type":"Polygon"},"id":"0000000000000000009c","properties":{"area":111956.27701155085,"elevation":767.4066203644707,"region":"NO","year":2018},"type":"Feature"},{"geometry":{"coordinates":[[[-45.86758420639731,81.27817076999375],[-45.86754415062319,81.27777844296955],[-45.86750863629523,81.27739046083066],[-45.86489956096833,81.27700698883562],[-45.862291444323006,81.27662349366807],[-45.85970490248839,81.27643178240093],[-45.857172252622426,81.27682862181041],[-45.854603638467935,81.27683309971398],[-45.85203540537134,81.27684197170316],[-45.84950233609877,81.27723439468214],[-45.84693400156322,81.27724334129454],[-45.84436565358505,81.27724779755198],[-45.84183293191716,81.27764463103327],[-45.83930453815599,81.2780370752677],[-45.83934044338654,81.27842941183883],[-45.83680758917689,81.2788217883624],[-45.836847937552704,81.27921422444949],[-45.83688337174511,81.27960214375369],[-45.83820769272848,81.2799901172651],[-45.840816133507936,81.28037361466775],[-45.843402580319726,81.28056088069542],[-45.84597557425869,81.28055642265484],[-45.84856179409373,81.2807437067493],[-45.851152654581,81.28093543042067],[-45.85372082524567,81.28092651192341],[-45.85625355056894,81.28053413012911],[-45.858786440136846,81.28013731284233],[-45.8600302811942,81.27974486489724],[-45.86127893538685,81.27935245517487],[-45.863807539430105,81.2789556057793],[-45.866340113556966,81.27856325309291],[-45.86758420639731,81.27817076999375]]],"type":"Polygon"},"id":"0000000000000000009d","properties":{"area":164526.5250697624,"elevation":1079.9919575707518,"region":"NO","year":2018},"type":"Feature"},{"geometry":{"coordinates":[[[-45.603364849951994,81.32194578615811],[-45.603324482920954,81.32136166767611],[-45.60328422332241,81.32077307694642],[-45.601951119755164,81.32019337849256],[-45.60061790292805,81.319609259859],[-45.59928890859844,81.31902953837229],[-45.59540048758064,81.31883782146934],[-45.59153047188077,81.3188467406449],[-45.59028174953007,81.31943083586157],[-45.58902860157334,81.32001945637913],[-45.58777579429177,81.32060365590361],[-45.583945407471596,81.32119666768392],[-45.580110498370644,81.32178522786164],[-45.57756426857184,81.32237388832282],[-45.57502265761773,81.32296246183508],[-45.57247657040552,81.32355107685339],[-45.56993472667887,81.32413966219559],[-45.56997045081199,81.32472383060066],[-45.57259216979626,81.32530351151884],[-45.57263261062358,81.32588766594901],[-45.57652111723638,81.32607940736541],[-45.580369362275974,81.32568253969924],[-45.58420844152336,81.32509393637267],[-45.58675005099895,81.32450530594005],[-45.58929628706784,81.32391670155448],[-45.59312665696854,81.32332364581296],[-45.596961387767976,81.32273506104576],[-45.60079614028818,81.32214201691205],[-45.603364849951994,81.32194578615811]]],"type":"Polygon"},"id":"0000000000000000009e","properties":{"area":206224.70773205018,"elevation":932.1564688345003,"region":"NO","year":2018},"type":"Feature"},{"geometry":{"coordinates":[[[-45.773087187192594,81.29922669504823],[-45.77047865297885,81.29884319095332],[-45.76788767470686,81.2986514428832],[-45.76531028770371,81.29865593078426],[-45.76273289772064,81.29866039922263],[-45.760160013901114,81.29866930819658],[-45.75761839025461,81.29906164568607],[-45.755040896609934,81.29906616914846],[-45.7524683136076,81.29907060573208],[-45.749926248451445,81.29946746766741],[-45.747384769072916,81.29985983750086],[-45.74480740288325,81.29986880941726],[-45.74226599493108,81.30026119541313],[-45.73972396844861,81.30065808848454],[-45.73975525642546,81.30104599943584],[-45.73979071371954,81.3014339565882],[-45.7398219674511,81.30182633481509],[-45.73856899841322,81.30221871955071],[-45.74117792916494,81.30260222782455],[-45.74375522659428,81.30259775527216],[-45.746314491007524,81.3023970809113],[-45.748892113477595,81.30239262531369],[-45.75143346797868,81.3019957849801],[-45.753993147377386,81.30179963338328],[-45.75657063872942,81.30179064978415],[-45.7591256190666,81.3015944693823],[-45.76167165385647,81.3011976512505],[-45.7642447910226,81.30119314550544],[-45.76678634543484,81.30079624048739],[-45.76932767548788,81.3004038982807],[-45.76929675438088,81.30001151414653],[-45.7718339867763,81.2996190458403],[-45.773087187192594,81.29922669504823]]],"type":"Polygon"},"id":"0000000000000000009f","properties":{"area":140957.98704323996,"elevation":974.2728587008905,"region":"NO","year":2018},"type":"Feature"},{"geometry":{"coordinates":[[[-45.373221765776506,81.37524546690811],[-45.373203745799856,81.3748575098737],[-45.37319051176486,81.3744650796226],[-45.373172494639505,81.37407711985193],[-45.37315486246878,81.37368921484607],[-45.37313667827294,81.37329684235999],[-45.37312324041328,81.37290887353699],[-45.373105821533834,81.3725164974581],[-45.37179016971502,81.37212857728007],[-45.371772213516216,81.37174060925524],[-45.3704570997141,81.37135262433128],[-45.36784384280741,81.37096466542354],[-45.3652355335831,81.37077293776002],[-45.36263984965461,81.37077296738362],[-45.36004051806287,81.37077739152632],[-45.35745398677825,81.37097362938682],[-45.35485460249904,81.37097812744635],[-45.35225962469494,81.37097807802732],[-45.34966869046671,81.37117431785764],[-45.34707343856451,81.37117869636545],[-45.34708659163185,81.37156667135667],[-45.345802666432746,81.37195905970627],[-45.34582034420999,81.37234702741361],[-45.3458336064514,81.3727394083838],[-45.34585128702869,81.37312737335562],[-45.345869510026596,81.3735198031209],[-45.348482570540796,81.37390769363999],[-45.351095301099484,81.374291209957],[-45.353695359809166,81.37429120738616],[-45.35630818333583,81.37467914974248],[-45.35891241119179,81.37487088697186],[-45.361520938557284,81.37506265632736],[-45.3641339043856,81.37545059361032],[-45.36674269107086,81.37564232244863],[-45.36934218004447,81.3756377927214],[-45.371941844564084,81.3756378794316],[-45.373221765776506,81.37524546690811]]],"type":"Polygon"},"id":"000000000000000000a0","properties":{"area":185375.61640090935,"elevation":796.8061114532022,"region":"NO","year":2018},"type":"Feature"},{"geometry":{"coordinates":[[[-45.522610088528076,81.35324423137976],[-45.52258347718939,81.35285626630849],[-45.52256119539769,81.35246388219143],[-45.522538775766016,81.35207596457161],[-45.522516875113496,81.35168352056576],[-45.52119692391994,81.35129559213175],[-45.51987707827896,81.35090765728498],[-45.518557338178816,81.35051971602601],[-45.51723694296596,81.35013176950095],[-45.514624128605945,81.34974830077476],[-45.51201973763656,81.34955657344103],[-45.50942001269567,81.34936481927161],[-45.50682987876003,81.34936927385347],[-45.50423875224417,81.3493692991388],[-45.50164823656303,81.34937377174799],[-45.499066666772094,81.34957439739483],[-45.49647548427445,81.34957436409975],[-45.493907167641844,81.3499712290104],[-45.491338417234644,81.35036366242028],[-45.491361106347604,81.35075158565603],[-45.491383265787555,81.35114403253587],[-45.49270313883912,81.35153190455839],[-45.49401855847713,81.35191988982933],[-45.495338648232355,81.35230786213852],[-45.49792918474888,81.35230332535019],[-45.50052010759525,81.3522989381179],[-45.50313746477728,81.35268685339965],[-45.50573681307711,81.3528785946188],[-45.508341212400985,81.35307036508448],[-45.510945330897236,81.35326205950857],[-45.51354970182814,81.35344937914682],[-45.5161400175745,81.35344934316868],[-45.51873542327753,81.35344486891397],[-45.52133490926418,81.35363666109679],[-45.522610088528076,81.35324423137976]]],"type":"Polygon"},"id":"000000000000000000a1","properties":{"area":169058.9362286952,"elevation":836.2789730380251,"region":"NO","year":2018},"type":"Feature"},{"geometry":{"coordinates":[[[-45.6305517748686,81.34060709922852],[-45.630480326308195,81.33963507603796],[-45.62525012894748,81.33886360676166],[-45.61876626615138,81.33868079747701],[-45.612282749752715,81.33849351000296],[-45.60581693949183,81.3385069157646],[-45.59934703771971,81.33851579501977],[-45.59289480428281,81.33872095595004],[-45.58643812026578,81.33892605877216],[-45.58000812715316,81.33951910812418],[-45.573577736359404,81.34011220266578],[-45.57359121975007,81.34030838464591],[-45.5710674984007,81.34128490225443],[-45.56725062027927,81.34226590760386],[-45.56731298546177,81.3432424485409],[-45.56867284097805,81.34421457110552],[-45.567442059183456,81.34519108608247],[-45.56750458345253,81.34616313312414],[-45.57268604290204,81.34615876965472],[-45.57914705229496,81.34595360178925],[-45.58561745995539,81.3459401921169],[-45.592065229212935,81.34554335765637],[-45.598513340330854,81.34514204416976],[-45.60498803539972,81.34513312463284],[-45.6101247265183,81.34454001991777],[-45.615234798555875,81.34355465159798],[-45.62163365476631,81.34257359441439],[-45.62674380866849,81.34158814588858],[-45.6305517748686,81.34060709922852]]],"type":"Polygon"},"id":"000000000000000000a2","properties":{"area":628645.4277458432,"elevation":860.0909323058232,"region":"NO","year":2018},"type":"Feature"},{"geometry":{"coordinates":[[[-45.75989253249828,81.28093544620185],[-45.75984339833734,81.28035130073881],[-45.75850581602545,81.27976719513951],[-45.757185830264476,81.27937919238471],[-45.75329748228458,81.2790001578909],[-45.749444846932626,81.27900469840999],[-45.74558763063001,81.27901356298675],[-45.741734944988444,81.27902248716553],[-45.73789595652092,81.2792231862608],[-45.73406091585226,81.27942824702016],[-45.73407416530748,81.27962000921735],[-45.73155489145037,81.28020866721558],[-45.72775120683404,81.28080169106916],[-45.723943292348025,81.28139479039149],[-45.72270791632077,81.28198335616081],[-45.722752576550384,81.28256750268822],[-45.724090343860276,81.28314720228869],[-45.72794310306379,81.28314272601423],[-45.72918284140599,81.28255413763027],[-45.73298598188264,81.28196105305778],[-45.734225980272655,81.28137690917934],[-45.735461341231165,81.28078829667055],[-45.73926493264,81.28019524231172],[-45.74306844395541,81.27960219799657],[-45.746925477102415,81.27959777716474],[-45.750831502417554,81.28017293499403],[-45.75473799450259,81.28074815831964],[-45.756070955553945,81.28133228363156],[-45.75989253249828,81.28093544620185]]],"type":"Polygon"},"id":"000000000000000000a3","properties":{"area":91101.46429483403,"elevation":1062.6356656911562,"region":"NO","year":2018},"type":"Feature"},{"geometry":{"coordinates":[[[-45.62144634234199,81.30398904979832],[-45.61882451298823,81.30340482897893],[-45.61491852441666,81.30282963340564],[-45.61101196223863,81.3022499789525],[-45.60710586320381,81.30167027687753],[-45.60319975013335,81.30109505439748],[-45.6018709713338,81.30051089418691],[-45.60440816936733,81.29992233564433],[-45.60822936435569,81.29932926228706],[-45.61205113464178,81.29874066753395],[-45.61587698280771,81.2981520186198],[-45.61328625163015,81.29796034718444],[-45.609393597106525,81.29757679596024],[-45.60554504190377,81.29777749450848],[-45.60172363597442,81.29836607739759],[-45.6017637949403,81.29895020341924],[-45.599231236251676,81.29953885262975],[-45.597982298653,81.30012743978463],[-45.59802299856576,81.300711555663],[-45.599351574861124,81.30129572976475],[-45.59939160523271,81.30187984070575],[-45.59943202258313,81.30246400449268],[-45.602049502458414,81.30304368800651],[-45.604666536052704,81.30362334983525],[-45.60857289149983,81.30420301386818],[-45.609888422852606,81.30459099870664],[-45.61378124354908,81.30497446882055],[-45.617620427800524,81.30457755685377],[-45.62144634234199,81.30398904979832]]],"type":"Polygon"},"id":"000000000000000000a4","properties":{"area":122828.34240744988,"elevation":988.2632315224998,"region":"NO","year":2018},"type":"Feature"},{"geometry":{"coordinates":[[[-45.507387048495744,81.31487371650938],[-45.50737796845157,81.31467748290267],[-45.507364953223025,81.314485723962],[-45.50735587403403,81.31428948967137],[-45.50734263011706,81.3140933177868],[-45.50733340550934,81.31390155221762],[-45.50603142738262,81.3137054224566],[-45.50472934824538,81.31351364369183],[-45.50342732026827,81.31332185964597],[-45.50212549793986,81.3131257140141],[-45.50083630788246,81.31313015068191],[-45.49954764817275,81.31313016906316],[-45.4982546673708,81.31313460153228],[-45.49696600686893,81.31313461018347],[-45.4956773462656,81.31313461397782],[-45.494397502465375,81.31333084954332],[-45.49311783029065,81.31353149227188],[-45.49313132162911,81.3137232522598],[-45.49314048986784,81.31391943076578],[-45.49186049183045,81.3141156554321],[-45.491873800220596,81.31431177071451],[-45.491882721070986,81.31450353594613],[-45.49189603619597,81.3146997636799],[-45.49319801666043,81.31489147611842],[-45.49320681139205,81.31508770967959],[-45.49322053014791,81.31528387922279],[-45.494522238583954,81.3154756427425],[-45.49581120886587,81.3154756433431],[-45.49709995396012,81.31547122685895],[-45.49839308922368,81.31547115510277],[-45.499681682540135,81.31547119823574],[-45.50097042498774,81.3154667671668],[-45.50226318327171,81.3154667379001],[-45.50355229979693,81.31546223997847],[-45.50483186215347,81.31526603104288],[-45.50611175479698,81.31506987297378],[-45.507387048495744,81.31487371650938]]],"type":"Polygon"},"id":"000000000000000000a5","properties":{"area":54842.17502325644,"elevation":973.4994164181044,"region":"NO","year":2018},"type":"Feature"},{"geometry":{"coordinates":[[[-45.44988679837688,81.32566467390872],[-45.44985562498793,81.32508056023445],[-45.44594962836515,81.3245008902162],[-45.442047889364865,81.32392116778308],[-45.43814168637891,81.32334146079984],[-45.43683048178986,81.32295356103207],[-45.43295588851149,81.32295803100912],[-45.429080532375345,81.32296245808183],[-45.4252192387498,81.32315864161157],[-45.421370605773625,81.32374728009832],[-45.417527198990214,81.32433592177279],[-45.41366114773308,81.32453655911424],[-45.40981279132789,81.32512517152857],[-45.40983045181623,81.32551754505035],[-45.40985770683969,81.32610166146804],[-45.41117750066654,81.32668134059406],[-45.41249726183123,81.32726548045568],[-45.41640350869217,81.32784523328351],[-45.42029624231677,81.32823314714737],[-45.424193647144335,81.32861659806761],[-45.42808216692081,81.32880837672315],[-45.43195719338204,81.32880390823468],[-45.435845180478736,81.32899559943128],[-45.439720281435406,81.3289911562668],[-45.44228395332587,81.32859880896812],[-45.444839203184884,81.32801017351898],[-45.44610132174143,81.3274215618188],[-45.44606998735959,81.32683740098375],[-45.44604321483234,81.32625334427314],[-45.44988679837688,81.32566467390872]]],"type":"Polygon"},"id":"000000000000000000a6","properties":{"area":313189.61108317826,"elevation":932.5329110437903,"region":"NO","year":2018},"type":"Feature"},{"geometry":{"coordinates":[[[-45.16000529038087,81.36837843015206],[-45.159996211426105,81.36799049753712],[-45.15999201275695,81.3675980944288],[-45.15868558234238,81.3672101377281],[-45.15738320778048,81.36701837695897],[-45.15478351280166,81.36682216455013],[-45.15218399416671,81.36663045557677],[-45.14958868337944,81.3666304626066],[-45.146993372472366,81.36663045006425],[-45.14699780583987,81.36702285640088],[-45.14700712502363,81.36741079238983],[-45.145713680299835,81.36779877212933],[-45.1457226350172,81.36819117240655],[-45.145727331526764,81.36857910627292],[-45.14573628757627,81.36897150378584],[-45.1457402228759,81.36935943524207],[-45.145749494076256,81.36974736308089],[-45.14835355990255,81.37013972229526],[-45.150953576305824,81.37052770863447],[-45.15096229537069,81.37091563258228],[-45.15356643648527,81.3713035948148],[-45.154863556023265,81.37111184958405],[-45.15615243129799,81.37071943898059],[-45.15614807800059,81.37033151239571],[-45.15613946071771,81.36993911961481],[-45.15873005953282,81.3695511909985],[-45.15872095632188,81.36915873914815],[-45.15871650091273,81.36877080712574],[-45.16000529038087,81.36837843015206]]],"type":"Polygon"},"id":"000000000000000000a7","properties":{"area":86569.05313585734,"elevation":867.3459696068713,"region":"NO","year":2018},"type":"Feature"},{"geometry":{"coordinates":[[[-45.645592581772036,81.2994630270316],[-45.6455479033315,81.29887885557281],[-45.64293008489636,81.29829919874331],[-45.64160149293095,81.29771953102518],[-45.64026822316005,81.29713533766403],[-45.64022350040485,81.29655121066895],[-45.63633526403932,81.29616778290716],[-45.632513678810916,81.29675632827406],[-45.62866544184527,81.2969614771075],[-45.62484876678395,81.29755009158524],[-45.62099599063113,81.29775074647613],[-45.61714797627599,81.2979514051653],[-45.6171611326207,81.29814760528504],[-45.62105431766001,81.2985310660366],[-45.62490210425767,81.29833042163854],[-45.62872371045545,81.29773733225588],[-45.632585254011566,81.29773291194032],[-45.63649129571001,81.29831256922013],[-45.64039751082885,81.29888776607771],[-45.641731028448895,81.29947194980271],[-45.64177094122013,81.30005612715081],[-45.637953837034686,81.30064464548443],[-45.63670557618815,81.30123325839416],[-45.63417262992997,81.30182187559976],[-45.63421739934294,81.30240603160266],[-45.6342572505736,81.30299013710791],[-45.636834666439064,81.30298567955325],[-45.63936737837043,81.30239710604712],[-45.640616298482826,81.30181295807779],[-45.641860238274205,81.3012243983007],[-45.6431044028799,81.3006357735743],[-45.64434833423393,81.30005161120646],[-45.645592581772036,81.2994630270316]]],"type":"Polygon"},"id":"000000000000000000a8","properties":{"area":89288.49983124404,"elevation":987.8617994816974,"region":"NO","year":2018},"type":"Feature"},{"geometry":{"coordinates":[[[-45.89714370054744,81.32798786577939],[-45.897121467896774,81.32779615146295],[-45.89710375634869,81.32759995592696],[-45.8970811082818,81.32740371640676],[-45.89577018437912,81.32721198008757],[-45.89574798073057,81.32702026435172],[-45.895730298459966,81.32682406738326],[-45.89441947920473,81.3266323249208],[-45.893103774694005,81.32644053342878],[-45.891792684411364,81.3262488378237],[-45.89050414684668,81.32625326606485],[-45.88921065265822,81.32625328980501],[-45.88791794532788,81.32625777570853],[-45.88662485212744,81.32626220115696],[-45.88533590836612,81.32626219847556],[-45.884042823324755,81.32626672728917],[-45.88274972664042,81.32627113810513],[-45.88277205683367,81.32646291148657],[-45.88278985133897,81.32665905215715],[-45.88151900826357,81.32685523099484],[-45.88153678856325,81.32705148414688],[-45.881559122249314,81.32724772523274],[-45.881576893912104,81.32744386457684],[-45.88289249843326,81.32763558548066],[-45.882910281969345,81.32782736823884],[-45.88293226075984,81.32802355229484],[-45.88424341724244,81.3282152787735],[-45.885554250981116,81.32840705745276],[-45.88686551054176,81.32859877325906],[-45.886887571001346,81.3287949557198],[-45.88690543566173,81.32898673629042],[-45.88692788250865,81.32918297363797],[-45.88694576637602,81.32937910931672],[-45.8882568101053,81.32957087569875],[-45.889572074521766,81.32976256935034],[-45.890883221430116,81.32995432504595],[-45.89217604393982,81.3299498857615],[-45.893447074246545,81.32975367289],[-45.89472220105124,81.32955303171424],[-45.89599312787632,81.32935680867213],[-45.89597088239786,81.32916062774629],[-45.895953223330096,81.32896890347035],[-45.895930594977905,81.32877266629453],[-45.89591290544967,81.32857647242511],[-45.89589069557801,81.32838475904909],[-45.89587300764597,81.32818856449366],[-45.89714370054744,81.32798786577939]]],"type":"Polygon"},"id":"000000000000000000a9","properties":{"area":72065.33742725947,"elevation":914.7033615097304,"region":"NO","year":2018},"type":"Feature"},{"geometry":{"coordinates":[[[-44.41083599397675,81.55320372969413],[-44.40953841686561,81.55281131656162],[-44.40691198984463,81.55241886277712],[-44.404272532725194,81.55221824129237],[-44.401619222460994,81.55221379847013],[-44.398939320838394,81.55259727496842],[-44.396259306101996,81.55298518950151],[-44.393619526975236,81.55278454498078],[-44.39094837712822,81.5529762693969],[-44.3882821657887,81.55316803844653],[-44.38565573445772,81.5527756517375],[-44.38298899111374,81.55296286419622],[-44.38030898376859,81.55335088327989],[-44.377624784502885,81.55373430113745],[-44.378922329713866,81.55412677427016],[-44.38154856724026,81.55452360886576],[-44.384175312312344,81.55491601983879],[-44.386815099059376,81.55511667402922],[-44.38949455736096,81.55472872324512],[-44.392179337190996,81.55434521981279],[-44.39485912737176,81.55395733976287],[-44.39754347143861,81.55357379278817],[-44.40022360072168,81.55318587056544],[-44.40290361747008,81.55280238635243],[-44.40554310004584,81.55299855725126],[-44.40816935530773,81.55339542176739],[-44.41083599397675,81.55320372969413]]],"type":"Polygon"},"id":"000000000000000000aa","properties":{"area":65723.32051281005,"elevation":531.6958904109591,"region":"NO","year":2018},"type":"Feature"},{"geometry":{"coordinates":[[[-45.44247599417855,81.43324944526178],[-45.44245351341293,81.43286147159436],[-45.4424354345009,81.4324690830897],[-45.44110682883557,81.4320811311152],[-45.43847148742819,81.43169318820138],[-45.43584526187308,81.43150142058344],[-45.433232212195314,81.43150588071101],[-45.430632720594254,81.43189831076425],[-45.42801917877725,81.43190278857931],[-45.42540198436915,81.43190278680015],[-45.42280666738676,81.4322951510984],[-45.420189563171334,81.43229963061383],[-45.41759393029793,81.43269206747904],[-45.4149946300762,81.43308443112223],[-45.4123903401736,81.43328515320071],[-45.409781525842575,81.43348128324091],[-45.40979961889655,81.43386926025133],[-45.40720428942842,81.43426166883819],[-45.40722246691746,81.4346540507472],[-45.40724007291685,81.43504196768704],[-45.408559941463366,81.43523819901802],[-45.41118663830891,81.4354299406845],[-45.41382170736572,81.43581344412884],[-45.41644789863315,81.43600514591718],[-45.41907439183241,81.43620134798346],[-45.42169179300802,81.43619687808763],[-45.4229894511033,81.43600068218147],[-45.424278384609515,81.4356082918187],[-45.42687798696348,81.43521586766572],[-45.42947315857784,81.4348234843472],[-45.43206811779503,81.43443108019895],[-45.43466785461107,81.43403870548222],[-45.43728542920154,81.43403422988641],[-45.43988100840614,81.43364181949548],[-45.44247599417855,81.43324944526178]]],"type":"Polygon"},"id":"000000000000000000ab","properties":{"area":169058.93622870045,"elevation":564.8674813020119,"region":"NO","year":2018},"type":"Feature"},{"geometry":{"coordinates":[[[-41.89250951262855,81.9250035432458],[-41.891350367039216,81.92440598431713],[-41.887417572769316,81.92379064965094],[-41.88348489679463,81.92317532184788],[-41.8795559902976,81.92255997546364],[-41.875551797202846,81.92213634820642],[-41.87139588052171,81.92210516041942],[-41.867159623738296,81.92227010288842],[-41.8630796939922,81.92204266288053],[-41.858923843126604,81.9220114470219],[-41.85469213996638,81.92217200492203],[-41.85030402953616,81.9227249611741],[-41.850228545246296,81.92292112222701],[-41.84861426684446,81.9234918850685],[-41.8483867447916,81.92407607186253],[-41.84954182750639,81.92467359063787],[-41.85208782648953,81.92527998919434],[-41.85324284054791,81.9258730342473],[-41.854402426714024,81.92646616623595],[-41.85848254943849,81.9266935649507],[-41.86256692118536,81.92692095230139],[-41.86649980334785,81.92753636808638],[-41.870508834889606,81.92795992543029],[-41.87466460391075,81.92799115161229],[-41.87897639409611,81.92763440730991],[-41.88313647657592,81.92766563217849],[-41.88744855604821,81.92730890747518],[-41.89183207186731,81.92675600263513],[-41.89205927481114,81.92617182678687],[-41.89228237130193,81.92558772588248],[-41.89250951262855,81.9250035432458]]],"type":"Polygon"},"id":"000000000000000000ac","properties":{"area":327708.0871251401,"elevation":985.8466712602943,"region":"NO","year":2018},"type":"Feature"},{"geometry":{"coordinates":[[[-45.587583835766615,81.41278661074759],[-45.587557207006206,81.41239421976927],[-45.58753047024214,81.41200629288652],[-45.58750373574603,81.41161836463712],[-45.586174830417754,81.41123038254642],[-45.584841825780344,81.41084245763793],[-45.58350816314099,81.4104545275376],[-45.58348591364484,81.41006206435692],[-45.580846131407526,81.40967858300267],[-45.57822419813028,81.4094868935425],[-45.57825131764342,81.40987482866348],[-45.57566915695914,81.41027169232838],[-45.57308766548372,81.41066406844966],[-45.570505583906815,81.41105648102959],[-45.567919344774154,81.41145334470153],[-45.565337605717126,81.41184571458699],[-45.56275144873554,81.41223812714597],[-45.561471266386356,81.41263055008427],[-45.561498486189926,81.41301847409775],[-45.56283123362796,81.41340642400523],[-45.564160260179015,81.41379437367164],[-45.56676885231876,81.41378988586932],[-45.569381923476264,81.4137899492972],[-45.571990511039374,81.41378542214274],[-45.574599102424564,81.41378098836137],[-45.577238997474204,81.41416450451712],[-45.57987400809364,81.41455241644682],[-45.58246901631389,81.41435176018159],[-45.583749341624106,81.41395937737155],[-45.58372236725888,81.4135713998559],[-45.58500177219625,81.41317901090247],[-45.587583835766615,81.41278661074759]]],"type":"Polygon"},"id":"000000000000000000ad","properties":{"area":138238.54034785242,"elevation":607.6209614887566,"region":"NO","year":2018},"type":"Feature"},{"geometry":{"coordinates":[[[-45.971138118577045,81.35392648686754],[-45.96977792669783,81.35334229301655],[-45.96971115552046,81.3527582319371],[-45.9670535472304,81.35217847397034],[-45.963147152358545,81.35199567870586],[-45.959236663514176,81.35180843900231],[-45.955348364255,81.3518217643464],[-45.95148685893901,81.3520268753291],[-45.94757582782461,81.35183961819878],[-45.94370996935709,81.35204470977568],[-45.943732487958584,81.35224096255027],[-45.94250178688053,81.35282508222498],[-45.94256426277746,81.35340921159721],[-45.94262642546152,81.35399786336976],[-45.941395435848186,81.35458196975512],[-45.94275598258532,81.35516609411123],[-45.94666668775092,81.35534893715469],[-45.950554555661235,81.35534001433531],[-45.95444280070647,81.35533110301844],[-45.95839830030314,81.35590636375264],[-45.96234931557823,81.35648153341023],[-45.96623725244997,81.35647260408676],[-45.968810322880266,81.35626752459571],[-45.970041016753555,81.355683381901],[-45.969974134218035,81.35509475225649],[-45.96990732658376,81.35451058735423],[-45.971138118577045,81.35392648686754]]],"type":"Polygon"},"id":"000000000000000000ae","properties":{"area":187188.58086447918,"elevation":783.1063072324712,"region":"NO","year":2018},"type":"Feature"},{"geometry":{"coordinates":[[[-45.55654395310871,81.39704598062256],[-45.55651736752105,81.39665805600796],[-45.55649510894143,81.39626560061276],[-45.55516614513325,81.39587773416872],[-45.55513923312948,81.39548974944191],[-45.5525352037684,81.39549420822532],[-45.54991807755164,81.3953024492097],[-45.54731371655569,81.39530692577236],[-45.544696365162224,81.39511518401648],[-45.542078738474224,81.39492347923327],[-45.53947447483241,81.39492789670905],[-45.53687072720495,81.39492788431404],[-45.53425317073517,81.39474058609197],[-45.531649093841466,81.39474059145229],[-45.529044879293764,81.39474504334329],[-45.52645404803978,81.39494578743346],[-45.523849774869376,81.39495020013122],[-45.521267989470225,81.39534258678577],[-45.5212904819542,81.3957305790181],[-45.521317035935276,81.3961229731238],[-45.52133952630374,81.396510849561],[-45.52266416272881,81.39689884831218],[-45.5252723991158,81.39689438294975],[-45.52787681102752,81.39688990373307],[-45.530480704448976,81.3968899280728],[-45.53308473282393,81.39688546670128],[-45.53568875835103,81.39688098569846],[-45.53829775226766,81.39687653384703],[-45.540924162140094,81.39726446648415],[-45.54353249211305,81.3972599763225],[-45.54613661847807,81.39725552963728],[-45.54875420036284,81.39744731398186],[-45.5513583739898,81.39744282794709],[-45.55396216580466,81.39743837941785],[-45.55654395310871,81.39704598062256]]],"type":"Polygon"},"id":"000000000000000000af","properties":{"area":127360.75356638883,"elevation":731.1546853856561,"region":"NO","year":2018},"type":"Feature"},{"geometry":{"coordinates":[[[-45.77546355885295,81.35456861461266],[-45.77539240726289,81.35378826235696],[-45.77402762497667,81.35301234867055],[-45.772663446345675,81.3522364798728],[-45.77129418666638,81.35145614424526],[-45.76992968568727,81.35068025550987],[-45.767272555283554,81.34990883051762],[-45.762019385464704,81.34913743913937],[-45.75680677957835,81.34875838301522],[-45.75164287355502,81.34896349057868],[-45.746461379243584,81.34897241815665],[-45.741280218608,81.34898579136465],[-45.736098706744166,81.3489946756792],[-45.730917191570505,81.34900359490742],[-45.72580240777169,81.34979288832164],[-45.725834093196866,81.35018085377001],[-45.72719417879285,81.35096116363144],[-45.73244254992191,81.35172816065023],[-45.735100017395105,81.35250402135168],[-45.74031681659956,81.35288304851296],[-45.74550306700272,81.35287415204003],[-45.75072009971898,81.35325319055735],[-45.75593716184687,81.3536322060258],[-45.761118858648786,81.35362325449861],[-45.76634034367612,81.35400232862399],[-45.77157517881298,81.35457748101149],[-45.77546355885295,81.35456861461266]]],"type":"Polygon"},"id":"000000000000000000b0","properties":{"area":326786.8445600516,"elevation":839.808207438334,"region":"NO","year":2018},"type":"Feature"},{"geometry":{"coordinates":[[[-45.875721812690294,81.3461631828116],[-45.87436622677301,81.34558349930347],[-45.874308670188675,81.34499931583353],[-45.871659705816114,81.34441968491033],[-45.86774037406683,81.34404064549877],[-45.86385662955448,81.34404959567136],[-45.85995017638623,81.34386229109703],[-45.856030772204676,81.34348323123461],[-45.852107110420334,81.34309978147768],[-45.8482271565967,81.34310871610127],[-45.844361216502406,81.34331384049226],[-45.84437903130784,81.34350559611042],[-45.84185066069469,81.34409862962914],[-45.84061107307122,81.34468277361353],[-45.84066926250127,81.34527136900884],[-45.84072707735051,81.34585555052928],[-45.84078071307249,81.34643968266181],[-45.84213630381944,81.34701931947812],[-45.84348712722203,81.34760348479715],[-45.844838480024585,81.34818311615005],[-45.84618962845596,81.3487672647863],[-45.85013557467769,81.34934250269657],[-45.85403718214035,81.34952534603515],[-45.857925788062616,81.34951644471818],[-45.85916114320987,81.34893227308487],[-45.85910295896375,81.3483481087275],[-45.861635947447155,81.34775507250271],[-45.86546148308575,81.34716203791243],[-45.869287695586735,81.34656901108379],[-45.873193894368306,81.34675620897384],[-45.875721812690294,81.3461631828116]]],"type":"Polygon"},"id":"000000000000000000b1","properties":{"area":259707.15940764392,"elevation":809.5619414084356,"region":"NO","year":2018},"type":"Feature"},{"geometry":{"coordinates":[[[-44.95518513132437,81.48873850155579],[-44.952558972982416,81.48795816028337],[-44.949928101755376,81.48698157772108],[-44.94467079632073,81.48600501215394],[-44.94335961002869,81.4850329746768],[-44.936786974877606,81.48405645223498],[-44.93021452802044,81.48307985360258],[-44.926272847856815,81.48249574022594],[-44.91969510429065,81.48249575755612],[-44.91311368618537,81.48268752425068],[-44.91573998762845,81.48327163981517],[-44.92230838750075,81.48424811325748],[-44.92361458491777,81.48522469821329],[-44.92229058690979,81.48619679692713],[-44.92754802264856,81.48717335924864],[-44.93148966640664,81.48814986029384],[-44.92489921053318,81.48912194348328],[-44.91830442176304,81.4899023142012],[-44.913037948237296,81.48989782376172],[-44.91829493352037,81.49087437895354],[-44.91828617648342,81.49185095352847],[-44.922228069799,81.49282299886602],[-44.928809505466916,81.49379954834416],[-44.93275621000999,81.49419194493835],[-44.93803082300708,81.49360781221753],[-44.93803987482496,81.4926312533451],[-44.938048895345304,81.4916592040426],[-44.93541810341182,81.4906826016732],[-44.94201319556188,81.48971056061758],[-44.94859928751703,81.48951436428217],[-44.95518513132437,81.48873850155579]]],"type":"Polygon"},"id":"000000000000000000b2","properties":{"area":394793.187356507,"elevation":403.5753946603462,"region":"NO","year":2018},"type":"Feature"},{"geometry":{"coordinates":[[[-44.829737463946216,81.50663283002083],[-44.827101783570974,81.50643665601324],[-44.82314683758772,81.50624041900002],[-44.819191665303094,81.50604430616458],[-44.81523632693974,81.50604427403198],[-44.8112721585443,81.50623602623364],[-44.80732120681151,81.50584359892463],[-44.80337995328447,81.50525946502701],[-44.799433480354566,81.50467081902886],[-44.79546921102817,81.50505880477415],[-44.79151862333578,81.50466642027631],[-44.78756308028277,81.50466641382458],[-44.788865414659675,81.50525050337845],[-44.786211877795296,81.50583467620476],[-44.79015850389885,81.50641877815389],[-44.7941004901031,81.50700740360675],[-44.79806416815967,81.50681567708186],[-44.80201076647311,81.50739980884973],[-44.805952344627975,81.50798840757602],[-44.80990335712016,81.50838084215613],[-44.81385853520733,81.50857705526735],[-44.81781840773505,81.50857704824838],[-44.821777810322594,81.50858145736292],[-44.82574205063471,81.50838529820176],[-44.82707504970487,81.50780115083458],[-44.827084121301596,81.50721702169875],[-44.829737463946216,81.50663283002083]]],"type":"Polygon"},"id":"000000000000000000b3","properties":{"area":155469.64783383577,"elevation":315.3999449490778,"region":"NO","year":2018},"type":"Feature"},{"geometry":{"coordinates":[[[-46.09900272345665,81.36039665931786],[-46.09892695028583,81.35981249380697],[-46.09885537976619,81.35922836835816],[-46.09748188665706,81.35864868164244],[-46.09740622023125,81.35806450661464],[-46.09733475567887,81.3574803716684],[-46.097259495101994,81.35689624578012],[-46.09459268136338,81.35631653496355],[-46.09451683502614,81.35573240481888],[-46.090606509939825,81.35554959396333],[-46.086717946650396,81.35556298812045],[-46.082829639027565,81.35557192580073],[-46.078963530490384,81.35577695383928],[-46.075124365716704,81.35617833904982],[-46.075173210283594,81.3565707045269],[-46.075244479921004,81.35715490140117],[-46.075320699469714,81.35773902316913],[-46.07539160067574,81.35832315851327],[-46.07676067258534,81.35890283118775],[-46.07942738433584,81.35947802821241],[-46.08209378170642,81.360057784771],[-46.08605761702476,81.3606285026241],[-46.09002205226218,81.36120375264916],[-46.09393693419755,81.36138655422329],[-46.097780828830196,81.3609852499034],[-46.09900272345665,81.36039665931786]]],"type":"Polygon"},"id":"000000000000000000b4","properties":{"area":189908.02755985883,"elevation":818.3062937589401,"region":"NO","year":2018},"type":"Feature"},{"geometry":{"coordinates":[[[-42.021172951503765,81.93416700342515],[-42.01861294525637,81.93356053916425],[-42.014666556632065,81.93294520976218],[-42.010649018135325,81.93252606611026],[-42.00656034289823,81.9322986605914],[-42.002395279042894,81.93227190805611],[-41.998163704661316,81.93243236980277],[-41.99407467381245,81.93220943887933],[-41.99005714456745,81.93179033868361],[-41.985749669667236,81.93214702698076],[-41.98158496951202,81.93211581680876],[-41.977348695274415,81.93228079270575],[-41.97311669705116,81.9324458125412],[-41.97296994588594,81.93283374147423],[-41.97552512581961,81.93344017776973],[-41.979613881667916,81.9336631392256],[-41.98370295488127,81.93389056209898],[-41.9877917063105,81.93411348477127],[-41.99210370360512,81.93375675224634],[-41.99612136027102,81.93417592735285],[-42.0001389733713,81.93459510975262],[-42.004518072884615,81.9340421400617],[-42.0085356064575,81.93446128446482],[-42.012481843302396,81.9350766106856],[-42.0164326285708,81.9356920357791],[-42.01935333048841,81.93532189391884],[-42.016794056669404,81.93471993765674],[-42.021172951503765,81.93416700342515]]],"type":"Polygon"},"id":"000000000000000000b5","properties":{"area":145496.9515451699,"elevation":996.7818658358669,"region":"NO","year":2018},"type":"Feature"},{"geometry":{"coordinates":[[[-44.5429148629083,81.58885867467319],[-44.54158155739172,81.58885869855433],[-44.5402392812366,81.5890503989757],[-44.53890594875562,81.58905041277505],[-44.537572445373286,81.58904596334528],[-44.53624379313457,81.58904597322767],[-44.534910684574136,81.58904145784814],[-44.533577353746274,81.58904145156257],[-44.53224441016639,81.5890414971935],[-44.530901912877454,81.58923327473669],[-44.52955975375547,81.58942499094404],[-44.5282130269158,81.58962115366992],[-44.5268711450325,81.58981291594914],[-44.525528593879045,81.59000912992957],[-44.524181922172104,81.59020087505783],[-44.52285310792902,81.59020083466562],[-44.52151983753512,81.59019638174152],[-44.52150674161355,81.59039262623313],[-44.52149755100504,81.59058876279221],[-44.52015110163461,81.5907805485238],[-44.52014226950403,81.59097674130241],[-44.52012859375111,81.59116846925197],[-44.520119760739014,81.59136466132678],[-44.52010663385397,81.59156090365161],[-44.520097637208444,81.59175263691321],[-44.52141763994914,81.59195327981084],[-44.522750602231056,81.59195333082353],[-44.5240971667532,81.59176153726393],[-44.525439217726806,81.5915653308117],[-44.526772684190384,81.59156976888482],[-44.52810597980215,81.59156985667823],[-44.52944808732369,81.59137809280062],[-44.53078136162856,81.59137805766628],[-44.532115023264076,81.59137807444921],[-44.53345702202426,81.59118629503978],[-44.533470257227,81.59099010851966],[-44.533478980648034,81.59079837360572],[-44.53482108650901,81.59060218680709],[-44.53616798694692,81.59041045885286],[-44.53750998160223,81.59021426116468],[-44.53885248476193,81.59002246028243],[-44.53886599296327,81.58982632839961],[-44.53887460527108,81.58963459130493],[-44.54021682573911,81.58943832604464],[-44.54156383723262,81.58924663245347],[-44.54290572729991,81.58905487042304],[-44.5429148629083,81.58885867467319]]],"type":"Polygon"},"id":"000000000000000000b6","properties":{"area":57564.56348367928,"elevation":466.409927942354,"region":"NO","year":2018},"type":"Feature"},{"geometry":{"coordinates":[[[-46.01923834391435,81.37699340046471],[-46.01919355468564,81.37660103801956],[-46.01914465857328,81.37621309705311],[-46.016500501440746,81.37582954279253],[-46.015158197668924,81.37544614835674],[-46.01383380126507,81.3752543929067],[-46.011212075549246,81.37506259794885],[-46.008616729923396,81.37507156447799],[-46.005994863541694,81.37488425424327],[-46.00339490241685,81.37488872777055],[-46.0007953943349,81.37489759108986],[-45.99820038751153,81.37490206754433],[-45.995622985935015,81.37510721822078],[-45.99304997201545,81.37530786897881],[-45.993094766326365,81.37569582528899],[-45.99313925468524,81.37608819180824],[-45.99318405657569,81.37647614537268],[-45.994525714056486,81.37686408859554],[-45.994575151497266,81.3772520260658],[-45.99721499867,81.37763552840691],[-45.999836670048936,81.37782279010453],[-46.00245882941786,81.37801008698865],[-46.005102632379504,81.37839357296544],[-46.00772504703962,81.37858082888623],[-46.01028003650054,81.3781839696836],[-46.0128352028845,81.37778714546887],[-46.01543479789542,81.37778266092813],[-46.01798506927928,81.37738581049194],[-46.01923834391435,81.37699340046471]]],"type":"Polygon"},"id":"000000000000000000b7","properties":{"area":125547.7891028208,"elevation":751.5719530938691,"region":"NO","year":2018},"type":"Feature"},{"geometry":{"coordinates":[[[-45.09237869187146,81.51211756985148],[-45.08842343360334,81.51231374425342],[-45.08445470016879,81.51192582709051],[-45.080494989788804,81.51192579927383],[-45.07653528020996,81.51192583964023],[-45.072575520730624,81.51212200580122],[-45.06862033229734,81.51270611717597],[-45.06466047228241,81.51290236179717],[-45.065980397446,81.51329473522634],[-45.065984839237025,81.51387888949556],[-45.06203006297087,81.51446302969647],[-45.06335447003899,81.51504716746426],[-45.059394789758805,81.51563132889883],[-45.05543929266292,81.51621995900243],[-45.05279947590854,81.51680411059226],[-45.05675925996658,81.5164116190984],[-45.060719040834066,81.51582754815561],[-45.0646830842046,81.51582751666113],[-45.068647091435,81.51641169485332],[-45.07261137902793,81.51641168663573],[-45.07657095704502,81.51601930857603],[-45.080539529848146,81.51640718792488],[-45.08449940237275,81.51621545713819],[-45.085814457224444,81.5156268727403],[-45.08713016344521,81.51504268442667],[-45.08976544785714,81.5144585477628],[-45.091080750622126,81.5138744512877],[-45.09107167176272,81.51329029814039],[-45.091067580176016,81.51270167960682],[-45.09237869187146,81.51211756985148]]],"type":"Polygon"},"id":"000000000000000000b8","properties":{"area":185385.09027415648,"elevation":238.70705723124496,"region":"NO","year":2018},"type":"Feature"},{"geometry":{"coordinates":[[[-45.99602002955117,81.36730825693192],[-45.99599717457495,81.36711203184778],[-45.99597516095408,81.36692027158483],[-45.99595269462971,81.36672410124346],[-45.99593060435587,81.36652787291564],[-45.99590821843942,81.36633616927556],[-45.99588613004845,81.36613994025805],[-45.99586366753233,81.3659437685297],[-45.9945394405535,81.36575204038897],[-45.9932194496137,81.36556023820482],[-45.991899522386184,81.3653685437115],[-45.990580022327045,81.36517678620517],[-45.98928176387999,81.36518125696229],[-45.98798426574467,81.36518572063338],[-45.98668676621369,81.36519017941157],[-45.9853891916599,81.36519016585106],[-45.98409168994082,81.36519461484349],[-45.982816382697926,81.36539523276669],[-45.98151879154254,81.36539531767639],[-45.9802212599675,81.36539975205883],[-45.97894584499144,81.36560035523713],[-45.97767031836973,81.36579659896074],[-45.976395115089815,81.36599277997826],[-45.97641756993671,81.36618900822864],[-45.976440025741574,81.36638523613016],[-45.976462095890795,81.36658140822814],[-45.977781815343036,81.3667686924076],[-45.97910165644245,81.36696043859843],[-45.9804215496627,81.36715217940971],[-45.98171938793089,81.3671522117715],[-45.98301676677449,81.36714771642544],[-45.98433676249944,81.36733944192555],[-45.98565681034734,81.36753116204534],[-45.9869765351285,81.3677229344119],[-45.98830088358751,81.36791468827234],[-45.98959874727683,81.36791022361493],[-45.990873856869406,81.36770952972626],[-45.992171393100236,81.3677095803284],[-45.99346922690422,81.36770510106133],[-45.99474461545305,81.36750444786857],[-45.99602002955117,81.36730825693192]]],"type":"Polygon"},"id":"000000000000000000b9","properties":{"area":69345.8907318815,"elevation":768.8194472876155,"region":"NO","year":2018},"type":"Feature"},{"geometry":{"coordinates":[[[-44.441907377217355,81.60490697086658],[-44.43799654532021,81.60353800267444],[-44.43274800327995,81.60216463226263],[-44.4275045058167,81.60079122854712],[-44.42359356546247,81.59942226811133],[-44.417021033152345,81.59804887341268],[-44.40777715353408,81.59667099047186],[-44.398484401687725,81.59606904113957],[-44.38909338745467,81.5968360085281],[-44.38502206529225,81.59780362974338],[-44.37824932129126,81.59915919352393],[-44.37281349892542,81.60051478358994],[-44.376715175890176,81.60188372310084],[-44.37794568758238,81.60325266063357],[-44.37650992547649,81.60461271993441],[-44.37374111923478,81.60597271778808],[-44.37630923800968,81.60734165599017],[-44.38021121710191,81.60871503478032],[-44.3867881834814,81.61008841619258],[-44.392103537793155,81.61048534481645],[-44.394876881764986,81.60912532705898],[-44.39630833658273,81.60776524656072],[-44.40575289907696,81.60641415343531],[-44.415170306746454,81.60545545502066],[-44.424565837221024,81.60468847364743],[-44.43385836470291,81.60548224243189],[-44.441907377217355,81.60490697086658]]],"type":"Polygon"},"id":"000000000000000000ba","properties":{"area":926018.9228120104,"elevation":434.060741057715,"region":"NO","year":2018},"type":"Feature"},{"geometry":{"coordinates":[[[-44.43475007407928,81.63179981812915],[-44.43209697218765,81.6314074415925],[-44.429435152999275,81.63120676428184],[-44.42676847185035,81.63101057137675],[-44.42410178526027,81.63080990156855],[-44.42144002985147,81.63061367556291],[-44.418759821617435,81.63060924800467],[-44.41609772712654,81.63040858083141],[-44.413417581113265,81.63040411298928],[-44.410729398583136,81.63059586099479],[-44.408035622942826,81.63078757922435],[-44.40800913535537,81.63117557596865],[-44.406640113870225,81.63156353371738],[-44.4079507861569,81.6319558998171],[-44.40927551288551,81.63215209297445],[-44.41194226809861,81.63235275864002],[-44.414595191462425,81.63274511358895],[-44.417243629212244,81.63313755238916],[-44.41992377674515,81.63314198988192],[-44.422603532044626,81.63314646294654],[-44.42528329038543,81.6331509158224],[-44.42795873873591,81.63315539798106],[-44.43065200112355,81.63296364456558],[-44.43335871635741,81.63258016014274],[-44.4347236412559,81.63219221121221],[-44.43475007407928,81.63179981812915]]],"type":"Polygon"},"id":"000000000000000000bb","properties":{"area":94732.23439438132,"elevation":407.5106471343353,"region":"NO","year":2018},"type":"Feature"},{"geometry":{"coordinates":[[[-45.58082862402496,81.48627704088219],[-45.58080164308236,81.4858846301393],[-45.58077493956866,81.48549673632884],[-45.579432902561074,81.48510876693531],[-45.5794059826772,81.48471635190366],[-45.576748391484394,81.48433292283387],[-45.5754059106079,81.48394493516179],[-45.57407264830593,81.4837532143838],[-45.57142856166034,81.48356143338214],[-45.56877096004688,81.48317347831384],[-45.56611345998807,81.48279007724356],[-45.56346941666854,81.48259829144716],[-45.56083817094143,81.48260275488683],[-45.558207311189726,81.48260725435725],[-45.558233859608556,81.48299515873383],[-45.556940953581446,81.48338754164381],[-45.55696784184279,81.48377549920855],[-45.55831031531767,81.48416344404643],[-45.55965212662494,81.48455138359934],[-45.560994047050755,81.48493931663626],[-45.562336465636086,81.485327299015],[-45.56499401831652,81.48571523961829],[-45.56762534845147,81.48571074636148],[-45.57028295882759,81.48609424003577],[-45.5729311933514,81.48628596319976],[-45.575575294102975,81.48647772943453],[-45.578206445336626,81.48647321362968],[-45.58082862402496,81.48627704088219]]],"type":"Polygon"},"id":"000000000000000000bc","properties":{"area":98353.32214910888,"elevation":303.9824452780711,"region":"NO","year":2018},"type":"Feature"},{"geometry":{"coordinates":[[[-45.67026923826717,81.45202222806348],[-45.670237938569564,81.45162981590741],[-45.67020656948344,81.45124186627625],[-45.66758472679237,81.45124634489714],[-45.66493595821208,81.45086290075548],[-45.66228286556205,81.45047497996289],[-45.659660839227946,81.45047934314265],[-45.657025366492,81.45028764321493],[-45.65440378381726,81.45029213553153],[-45.65178181002979,81.45029655230502],[-45.64917313117557,81.45049721887747],[-45.646537480783564,81.45030549673909],[-45.64394687172161,81.45070232756495],[-45.645288996989954,81.45109027883173],[-45.64662661901205,81.45147823214239],[-45.645347328929155,81.45187065003665],[-45.645373849969594,81.45225860660874],[-45.64540498577999,81.45264655324829],[-45.64805837342955,81.45303442490977],[-45.65066238508567,81.45283378152736],[-45.65325744219371,81.4524414208557],[-45.65584813338297,81.45204452696831],[-45.65845663410195,81.45184833432008],[-45.66110541748003,81.45223182437374],[-45.663759024973544,81.45261528414683],[-45.66636713690146,81.45241909041525],[-45.6689713705932,81.45221842026065],[-45.67026923826717,81.45202222806348]]],"type":"Polygon"},"id":"000000000000000000bd","properties":{"area":82036.64197692889,"elevation":424.09246156533885,"region":"NO","year":2018},"type":"Feature"},{"geometry":{"coordinates":[[[-47.209528758232416,81.23757960649846],[-47.20947942434092,81.23738345318999],[-47.20943045539812,81.23718724051042],[-47.20938136570098,81.23699550394896],[-47.20805258661202,81.23680820614577],[-47.20800364928959,81.23661199227236],[-47.20795435116849,81.23641583707034],[-47.20667458508938,81.23642474749376],[-47.20539494088011,81.23642917659473],[-47.20406595020903,81.23624192132543],[-47.20278620189914,81.23625081708983],[-47.20151095745233,81.23625967871344],[-47.20023122895513,81.23626867796808],[-47.19895159994508,81.23627308275478],[-47.19767147829421,81.23628201820658],[-47.19644093775352,81.23648268343382],[-47.195165680626175,81.2364916342821],[-47.193885888749314,81.23650049638972],[-47.192655242518086,81.23670114741515],[-47.19142454577954,81.23690179358171],[-47.19019366698424,81.23710691133961],[-47.19024277165719,81.23729870439328],[-47.19029172164414,81.23749486040496],[-47.19034106189727,81.23769107020915],[-47.190390041206115,81.23788733866492],[-47.190439128810425,81.23807901721716],[-47.19176811403043,81.23826632284596],[-47.193096761248626,81.23845356884334],[-47.194376290337374,81.2384491322878],[-47.195655946896004,81.23844021450067],[-47.196985078630675,81.2386274991603],[-47.19830936452175,81.23881475345561],[-47.19958906373626,81.23880582087601],[-47.20081946545637,81.23860520752619],[-47.20205056794283,81.23840458443532],[-47.20328135719031,81.23819942594152],[-47.20451196976101,81.23799873899598],[-47.20573853727309,81.2377936542446],[-47.20696904833384,81.2375929575898],[-47.20824860313913,81.2375841052602],[-47.209528758232416,81.23757960649846]]],"type":"Polygon"},"id":"000000000000000000be","properties":{"area":62207.28239521668,"elevation":1101.2861633422872,"region":"NO","year":2018},"type":"Feature"},{"geometry":{"coordinates":[[[-43.80880376664703,81.75176748287524],[-43.806172979536214,81.75117438151366],[-43.802182324418226,81.75057691561756],[-43.7981378618815,81.7503718030226],[-43.794062153371875,81.75035837853807],[-43.789986444286235,81.75034502070562],[-43.78591074936029,81.75033161686088],[-43.78180873206657,81.75051448256575],[-43.77773296393866,81.75050109911469],[-43.773599052031464,81.75088011218111],[-43.7694348340081,81.75145086965493],[-43.76940784059514,81.75164712461633],[-43.76795831418171,81.75222676769728],[-43.769233598428755,81.75281536256807],[-43.77186051458391,81.75340843595225],[-43.76769564034916,81.75398361430717],[-43.76353043329907,81.75455440296247],[-43.75936589513009,81.75512520110377],[-43.75928088521812,81.75570930990797],[-43.76335695778101,81.75572272447528],[-43.76743225080104,81.75573609034487],[-43.771512320644035,81.75574942644114],[-43.77567715995009,81.75517871980337],[-43.77984208195924,81.75460345587872],[-43.784007074189205,81.75403270773644],[-43.788167180275394,81.75346195035527],[-43.79233172053892,81.7528867066209],[-43.79646556024542,81.75251216302912],[-43.80054122540454,81.7525210480492],[-43.80467058995573,81.75214650889082],[-43.80880376664703,81.75176748287524]]],"type":"Polygon"},"id":"000000000000000000bf","properties":{"area":220738.3657399164,"elevation":639.3116382577281,"region":"NO","year":2018},"type":"Feature"},{"geometry":{"coordinates":[[[-45.549195383203646,81.5060085483397],[-45.547848646787756,81.50562064801723],[-45.5474875020823,81.50550470659661],[-45.54614554462165,81.50511679069854],[-45.547438353911964,81.50472436228009],[-45.54609650870825,81.50433644343754],[-45.54343013937315,81.50395294930551],[-45.540767981933584,81.50356496582648],[-45.53810591337339,81.50318153545733],[-45.53545715946348,81.50298974143863],[-45.53281718154355,81.50299422270922],[-45.53018197563519,81.50299421527178],[-45.52922345483581,81.50311014175341],[-45.5265743816918,81.50292291217659],[-45.52392129961072,81.50273115035917],[-45.523934557536094,81.50292286467719],[-45.52659700165395,81.5033108071839],[-45.52625790370201,81.50358731135015],[-45.5276046297837,81.50397524354518],[-45.53026688254153,81.50435869391194],[-45.5329288295256,81.50474664146783],[-45.53559074529445,81.50513016280931],[-45.53728061738309,81.50537538246778],[-45.537298703407366,81.5056340630228],[-45.53904207485492,81.50563398066424],[-45.53959945594307,81.50590600473188],[-45.5409416483603,81.50629399876622],[-45.54360805310169,81.5066819094638],[-45.54623469784028,81.5064812926706],[-45.54884745958389,81.50608883531805],[-45.549195383203646,81.5060085483397]]],"type":"Polygon"},"id":"000000000000000000c0","properties":{"area":76536.4091632809,"elevation":218.04707211447945,"region":"NO","year":2018},"type":"Feature"},{"geometry":{"coordinates":[[[-45.92951210759265,81.4366695498936],[-45.92813885480397,81.43608987565472],[-45.925458708416805,81.43551017721832],[-45.921472337943726,81.43493494447718],[-45.920099396361884,81.43435082234316],[-45.91615741406318,81.43416796846054],[-45.91218889132502,81.4337889721327],[-45.908264671647025,81.43379791099993],[-45.90430079801562,81.43341440406833],[-45.90037634250646,81.43342331129448],[-45.896390062392676,81.43284812514409],[-45.89244801470106,81.43266528518998],[-45.888524248708435,81.4326742270189],[-45.88461814061889,81.43287489561939],[-45.88075671032,81.43347237400253],[-45.88081452107387,81.43405654300926],[-45.88218346410533,81.43463624766329],[-45.88612959574019,81.43482348740845],[-45.89011607651666,81.43539866813838],[-45.894102665844905,81.43597397067184],[-45.89808895378402,81.43654911350053],[-45.90201315564553,81.43654023668795],[-45.905896858438986,81.43613892598135],[-45.90988317061587,81.43671416068617],[-45.91387418567187,81.43728939210216],[-45.91786069450616,81.43786464442921],[-45.921806953722616,81.43805187405752],[-45.925735596978946,81.43804294514855],[-45.928330612812005,81.43784234030247],[-45.92826796071824,81.43725814744619],[-45.92951210759265,81.4366695498936]]],"type":"Polygon"},"id":"000000000000000000c1","properties":{"area":242483.99700363498,"elevation":491.41341005236217,"region":"NO","year":2018},"type":"Feature"},{"geometry":{"coordinates":[[[-45.12747165001764,81.56259459261133],[-45.12613839281448,81.56220217819201],[-45.12745800984328,81.56181422666619],[-45.12612492366093,81.56142632477051],[-45.123462923209324,81.5610339174772],[-45.120800812004006,81.5606459477875],[-45.11946738632996,81.56025801682345],[-45.11946320304796,81.5598656239368],[-45.12078276810316,81.55947768904903],[-45.118125482058,81.5590897485865],[-45.115463306310716,81.55869732930174],[-45.11280568993447,81.55850554629589],[-45.1101568815896,81.55889347762309],[-45.11016145545059,81.55928587387382],[-45.10750804412206,81.5596738402745],[-45.10884133667951,81.56006627743314],[-45.10751692299927,81.56045422322933],[-45.107526053720704,81.56084661244681],[-45.108854867217005,81.56103833618576],[-45.111512390347556,81.56123454729168],[-45.11417428496639,81.5616224721306],[-45.116836787663225,81.56201043180157],[-45.11949839876728,81.5624028292894],[-45.12083212859854,81.56279075248032],[-45.11818328170457,81.56318313096601],[-45.11818774802504,81.56357116576324],[-45.115534683036906,81.56396352282388],[-45.115539039572226,81.56435144197884],[-45.11687245423312,81.56454764331279],[-45.11952577687632,81.56435146782788],[-45.1221830830278,81.56435146020074],[-45.12350761462947,81.56415526071396],[-45.12483183174547,81.56376286565992],[-45.124827482028,81.56337488792987],[-45.126147257881556,81.56298254306493],[-45.12747165001764,81.56259459261133]]],"type":"Polygon"},"id":"000000000000000000c2","properties":{"area":98358.34862957773,"elevation":85.89761956443093,"region":"NO","year":2018},"type":"Feature"},{"geometry":{"coordinates":[[[-43.832486026140664,81.75729673322346],[-43.831180018038246,81.75690435468816],[-43.828491047241144,81.75669925586904],[-43.825771064570226,81.75669476423856],[-43.82299730913846,81.75707383915562],[-43.820303927580355,81.75687317311535],[-43.81764197443351,81.75647185956902],[-43.81492166410591,81.75646734127142],[-43.81225966023484,81.75606604146614],[-43.80954422274789,81.75606161095068],[-43.806797393612804,81.75624437533051],[-43.80405026106532,81.75643168252577],[-43.801299048488964,81.75661895536764],[-43.79858362621561,81.7566101038985],[-43.79586366658671,81.75660561244918],[-43.79580541314219,81.75699352407956],[-43.79439191053414,81.75737702708226],[-43.797049552187026,81.75777832779904],[-43.79980119618886,81.75759108922188],[-43.802547965730604,81.7574038136103],[-43.80529462456323,81.75721651682608],[-43.80801459379558,81.75722538849325],[-43.81070344654545,81.7574260748069],[-43.81336577423329,81.75782738084422],[-43.81605889103869,81.75802803912548],[-43.81877909980644,81.758036942288],[-43.821467851062955,81.75824205311571],[-43.82416125408301,81.75844276280557],[-43.82693475091871,81.758059229889],[-43.82970783483923,81.75768023830967],[-43.832486026140664,81.75729673322346]]],"type":"Polygon"},"id":"000000000000000000c3","properties":{"area":75694.67572598018,"elevation":628.9593693436219,"region":"NO","year":2018},"type":"Feature"},{"geometry":{"coordinates":[[[-49.35603701521034,80.87437244477273],[-49.352086378399214,80.87383289150364],[-49.34813551755045,80.87329779700804],[-49.344273800805944,80.87295001744226],[-49.34041675835078,80.87260663228575],[-49.3367471422948,80.8726512455747],[-49.333353877040274,80.87327999166656],[-49.32995577553362,80.87390425730138],[-49.33023674400323,80.87448842183275],[-49.33051328141523,80.87506802889312],[-49.3271196012396,80.87569679891378],[-49.327396465133916,80.87628095316029],[-49.327672943837904,80.87686066681113],[-49.326727391907916,80.87745818152263],[-49.32578206857279,80.87805562879547],[-49.328417380962264,80.87841682820597],[-49.33181081048462,80.87778813157571],[-49.33539141722671,80.87755174907188],[-49.33878922886461,80.87692301961573],[-49.342463682597646,80.87687851317894],[-49.34641458205915,80.87741800496838],[-49.35036993662908,80.87795756332144],[-49.35263031361318,80.87753836946203],[-49.34867972850863,80.87699883029786],[-49.34472419743375,80.87646375614204],[-49.34689592230456,80.8758484038903],[-49.35028931268089,80.87522414267967],[-49.353682578685046,80.87459539493047],[-49.35603701521034,80.87437244477273]]],"type":"Polygon"},"id":"000000000000000000c4","properties":{"area":179942.94426563557,"elevation":1167.2384190562286,"region":"NO","year":2018},"type":"Feature"},{"geometry":{"coordinates":[[[-43.96072121072167,81.7434155932797],[-43.95808151871856,81.74282253770917],[-43.9540858460497,81.74222941671418],[-43.95416154823292,81.74164531686593],[-43.95559299907049,81.74106119850616],[-43.952953408369865,81.74047254176152],[-43.94895798531934,81.73987506402536],[-43.944962288408256,81.7392775362136],[-43.943656047367796,81.7388851106244],[-43.93963382927975,81.73848379669352],[-43.9355675153092,81.73847491062796],[-43.93146951019775,81.73865773482342],[-43.93139358172672,81.73924190649002],[-43.932677866125005,81.73983049930838],[-43.93666866129887,81.74042797841484],[-43.94066392444491,81.74102553418099],[-43.937877114685435,81.74160070340147],[-43.94051675162187,81.74219380601912],[-43.94451234865234,81.7427868547166],[-43.94172076334934,81.74336653968534],[-43.93757394676857,81.74394176070814],[-43.934782487851244,81.74451693638379],[-43.93880474033535,81.74491827403804],[-43.94285378731053,81.74512340957284],[-43.94692450335537,81.74513678123945],[-43.95095082846238,81.74553365105147],[-43.95499554299919,81.74574319964506],[-43.959022470847046,81.74614008963961],[-43.960426554881806,81.74575657983546],[-43.95778700702163,81.74516353760899],[-43.953786875491424,81.74456602078318],[-43.95657874390382,81.74399081593764],[-43.96072121072167,81.7434155932797]]],"type":"Polygon"},"id":"000000000000000000c5","properties":{"area":190823.10467450987,"elevation":601.4628592969561,"region":"NO","year":2018},"type":"Feature"},{"geometry":{"coordinates":[[[-45.0079629669827,81.60355142214748],[-45.006630199385086,81.6033552186285],[-45.00395930170443,81.60374315003887],[-45.00128818411225,81.60413557354748],[-44.99861684407252,81.6045234618917],[-44.995950220808005,81.60433178229289],[-44.993279162780595,81.60393933868293],[-44.990608522264964,81.60374316055703],[-44.987942037829406,81.60374313628243],[-44.98527086629597,81.60374320459084],[-44.98260004994623,81.60355142296804],[-44.979933257658594,81.60335522028451],[-44.97726242956501,81.60374311977769],[-44.97859575440507,81.60413555015764],[-44.98126665452162,81.60452353370594],[-44.983933080170864,81.60491589626814],[-44.9866044225433,81.60530383678727],[-44.98927519906495,81.60569626931215],[-44.99194151447668,81.60608416663956],[-44.99461273833735,81.606472155427],[-44.99728390434761,81.6064721295367],[-44.99995467964673,81.6064721399386],[-45.00262550979103,81.6066683555184],[-45.00529690351433,81.60628038824584],[-45.006630033525525,81.60588796987254],[-45.00395887013881,81.60550001312419],[-45.001287926754095,81.60510763411366],[-44.999954688099564,81.60471974984549],[-45.0026256380941,81.60433179570481],[-45.00529206855771,81.60393936289832],[-45.0079629669827,81.60355142214748]]],"type":"Polygon"},"id":"000000000000000000c6","properties":{"area":82947.3631300454,"elevation":75.25795159896283,"region":"NO","year":2018},"type":"Feature"},{"geometry":{"coordinates":[[[-48.98038458596934,80.96091023688066],[-48.97748162898912,80.95996491077997],[-48.975814201754496,80.95900619648566],[-48.96929047041259,80.95829719619823],[-48.96294089989211,80.95797614369936],[-48.9569296897785,80.95843100408621],[-48.95083425557952,80.95869406666617],[-48.944738275247865,80.95895269382201],[-48.938807996571704,80.95960369398865],[-48.932712584032345,80.9598667991898],[-48.92695563315835,80.96090130752114],[-48.927294594235526,80.96168163588783],[-48.92524346780581,80.9626805254374],[-48.93185636106467,80.96358124506665],[-48.935989855808494,80.96451313592794],[-48.93846448655491,80.96448639125578],[-48.939275881948525,80.96350097773296],[-48.93266746782309,80.96260023163786],[-48.93718923761984,80.96157464493027],[-48.94294601281198,80.96053563247935],[-48.94870275873216,80.95949666503611],[-48.95479834851218,80.95923359227002],[-48.96097854643108,80.95916673996389],[-48.96741747808639,80.95968400266395],[-48.974030400556934,80.96058915190015],[-48.973223412225565,80.96157017593299],[-48.979577803120094,80.96189122227283],[-48.98038458596934,80.96091023688066]]],"type":"Polygon"},"id":"000000000000000000c7","properties":{"area":183568.9985581389,"elevation":1033.5081963895418,"region":"NO","year":2018},"type":"Feature"},{"geometry":{"coordinates":[[[-47.28522170934791,81.35541130850103],[-47.28252400591488,81.35503680379668],[-47.282421606296275,81.35464883096043],[-47.279830677216715,81.35466219252012],[-47.27718634624835,81.35448391098348],[-47.274542084212975,81.35430549586036],[-47.2718443343301,81.35393090909373],[-47.26925360153333,81.35394430414837],[-47.26665856923208,81.35396212256109],[-47.26401439315405,81.35377932605161],[-47.261423585714695,81.35379713393465],[-47.258881651793295,81.35400674665017],[-47.25629126498182,81.3540200979839],[-47.25374944908312,81.35423419801798],[-47.25125670113099,81.35463545924837],[-47.252656924382144,81.35501894053097],[-47.25275955540709,81.35541138191634],[-47.25535002969074,81.35539353184247],[-47.258047903473546,81.35576807092453],[-47.26063875375406,81.35575470684712],[-47.26328274622356,81.35593305963961],[-47.265877921396026,81.35591521335493],[-47.2684688211041,81.35590190332569],[-47.27111299223006,81.35608019577727],[-47.273708120160975,81.356066875167],[-47.276299136030836,81.35604903444454],[-47.27889424478825,81.35603567467683],[-47.2814852390706,81.35601779485629],[-47.284026487409214,81.35580824992728],[-47.28522170934791,81.35541130850103]]],"type":"Polygon"},"id":"000000000000000000c8","properties":{"area":97624.56726255546,"elevation":795.3173989843232,"region":"NO","year":2018},"type":"Feature"},{"geometry":{"coordinates":[[[-49.67414495781393,80.93721901809445],[-49.668914538176885,80.93669727609995],[-49.661721688451856,80.93718336254386],[-49.6546318903424,80.93786112867757],[-49.64723878885898,80.93795477191104],[-49.63994376165591,80.93824460980335],[-49.63264851176479,80.93852995198077],[-49.625353139869496,80.93881985332487],[-49.61805810023049,80.93910969378786],[-49.61086121961136,80.93959128261979],[-49.603963099074136,80.94065249218798],[-49.60435990975364,80.94143285555214],[-49.60865409103802,80.94254764073587],[-49.61644862624948,80.9432298645008],[-49.6175858526967,80.94302030254983],[-49.61821889816644,80.94184315308823],[-49.62511689070355,80.94077737307714],[-49.63231402733135,80.94029581580395],[-49.64030916293927,80.94136598418737],[-49.64214651350642,80.94251195906409],[-49.63904721822267,80.94372482678057],[-49.64624436394287,80.9432432248235],[-49.65087754352857,80.9425967194032],[-49.652741278716,80.94140166466602],[-49.65953263214337,80.94013976360405],[-49.666528863232,80.93927022501987],[-49.6722855087133,80.93841405705693],[-49.67414495781393,80.93721901809445]]],"type":"Polygon"},"id":"000000000000000000c9","properties":{"area":383908.4982190926,"elevation":1053.5034466032994,"region":"NO","year":2018},"type":"Feature"},{"geometry":{"coordinates":[[[-49.73574736125721,80.90339225378032],[-49.73411534096964,80.90262978219485],[-49.72880023097021,80.9019162823044],[-49.72348470947512,80.90120732468797],[-49.71816970993754,80.90049389228675],[-49.716537675061126,80.89973139896401],[-49.71265377676025,80.89939244618247],[-49.707748912588194,80.89945488949736],[-49.70283949120931,80.89952176852007],[-49.6979297989861,80.8995841886445],[-49.69302481455405,80.89964663655533],[-49.68821807338102,80.89990525937883],[-49.68330816960102,80.89996768520109],[-49.67859991921805,80.90042251689815],[-49.67654840594606,80.90122967456095],[-49.68053054530999,80.9017647225135],[-49.68543983681775,80.90170224835225],[-49.69034925271653,80.90163536678403],[-49.695058186448655,80.9011850328898],[-49.69986499912361,80.90092637453999],[-49.70497493005734,80.90125193293912],[-49.709987193919886,80.90138127355905],[-49.71499483912836,80.90151054888574],[-49.72010922245867,80.90183604344786],[-49.725419987363175,80.90254951080229],[-49.72950901679708,80.90327636105978],[-49.733597896818274,80.90400316682677],[-49.73574736125721,80.90339225378032]]],"type":"Polygon"},"id":"000000000000000000ca","properties":{"area":168158.26781495265,"elevation":1105.647032688035,"region":"NO","year":2018},"type":"Feature"},{"geometry":{"coordinates":[[[-49.328854757830754,80.9928730671183],[-49.32819883643992,80.99151302224692],[-49.3238199480583,80.9901975864933],[-49.31448692023009,80.98894014540537],[-49.305337007692344,80.98807060111669],[-49.296289613218086,80.98739727888605],[-49.28742497296025,80.98711187089287],[-49.27865367620991,80.9870182594975],[-49.26988259640207,80.98692464098625],[-49.26120566149282,80.98702719122353],[-49.252710975409485,80.98751766542141],[-49.244586300509326,80.98878402604313],[-49.244952021369535,80.98955996886365],[-49.250557030104524,80.9908620325004],[-49.25970290682132,80.9917315086068],[-49.26866108579254,80.99221307547023],[-49.26810820976049,80.9910492977863],[-49.2624985554334,80.98974722095166],[-49.270529547505106,80.98828462888804],[-49.27976891061419,80.98935036368273],[-49.277935918729426,80.99073713164152],[-49.280602764301115,80.99109835136683],[-49.28863338832934,80.98963571520008],[-49.297872665344805,80.99069699128337],[-49.30224685466897,80.99201244173668],[-49.31120982473451,80.99249406962842],[-49.31989162340992,80.99239150875673],[-49.328854757830754,80.9928730671183]]],"type":"Polygon"},"id":"000000000000000000cb","properties":{"area":491783.6134211081,"elevation":961.7796867362647,"region":"NO","year":2018},"type":"Feature"},{"geometry":{"coordinates":[[[-49.167716006540154,81.05939394745953],[-49.16619086733361,81.05882311795881],[-49.16591892858848,81.05824344427452],[-49.16564666429097,81.05765933686784],[-49.161624751326585,81.0571197926565],[-49.157785330603645,81.056968196895],[-49.15403533363001,81.05700836013955],[-49.15028525999305,81.05705285963899],[-49.1467179645982,81.05748098383734],[-49.14287864800831,81.05732932941676],[-49.13922232147633,81.05756573176404],[-49.13573960628553,81.05818996496937],[-49.13583334880929,81.05838614600394],[-49.13485230735934,81.05898369342043],[-49.135124295796146,81.0595677987272],[-49.13539636345189,81.06014752231468],[-49.136916942818544,81.06071829520909],[-49.13718875843471,81.0613024512674],[-49.13996234622862,81.06185538762604],[-49.14273142887945,81.06240830179958],[-49.14300363285937,81.06299244485758],[-49.14702538659875,81.06353198046914],[-49.151052038225174,81.06407601460852],[-49.15480247470012,81.0640314268642],[-49.15846305572532,81.06379506727154],[-49.16212424080153,81.06355877052883],[-49.164353608776,81.06294784052982],[-49.166579023996285,81.06233693828486],[-49.167559997265556,81.06173940762761],[-49.16728346097309,81.0611553137128],[-49.16576289507951,81.06058897880696],[-49.166739336044344,81.05999149680697],[-49.167716006540154,81.05939394745953]]],"type":"Polygon"},"id":"000000000000000000cc","properties":{"area":339489.3331358976,"elevation":935.3363466037199,"region":"NO","year":2018},"type":"Feature"},{"geometry":{"coordinates":[[[-49.411722369066915,81.02939305310474],[-49.41153063299835,81.02900065999903],[-49.4076021742503,81.02865733233442],[-49.403865321581094,81.02870197708896],[-49.399936882740484,81.02835861947604],[-49.39610684939984,81.02821143940346],[-49.3921825664162,81.02786805307498],[-49.388347620539406,81.02771647142859],[-49.384615490652195,81.02776106721781],[-49.380878920300134,81.02780567932565],[-49.37714230930475,81.02785024918323],[-49.37359729900805,81.0282827944837],[-49.37014556897927,81.02891152739993],[-49.370243955119555,81.02910774803445],[-49.37052934382727,81.02968743510351],[-49.3708144808226,81.03027156024457],[-49.372343894184304,81.0308378231033],[-49.37636601175014,81.03137738315858],[-49.37790001255458,81.03194373159937],[-49.381922126892476,81.03248322957282],[-49.38565895780644,81.03243862918198],[-49.389400199149506,81.03239404110691],[-49.39169675016119,81.03197490651684],[-49.39390393496002,81.03136402323761],[-49.39735066717757,81.03073534026905],[-49.40080209887957,81.03010654888746],[-49.404347016145294,81.02967399640939],[-49.40798561224958,81.02943768230423],[-49.411722369066915,81.02939305310474]]],"type":"Polygon"},"id":"000000000000000000cd","properties":{"area":224362.10934881464,"elevation":959.7203841536616,"region":"NO","year":2018},"type":"Feature"},{"geometry":{"coordinates":[[[-48.98892376104248,81.09496422139121],[-48.988660659829186,81.09438005835042],[-48.985891467124176,81.0938226587235],[-48.984371037247996,81.09325629329788],[-48.98285497690762,81.09268554901502],[-48.98008140387903,81.09212815564878],[-48.978565343496946,81.09156193794799],[-48.97830663739301,81.09097770577144],[-48.97553309634646,81.09042038893948],[-48.97401723296548,81.08984960007068],[-48.972500732877045,81.08928330086371],[-48.97474807799584,81.0886723772547],[-48.97824863796283,81.08804812920313],[-48.980496135178214,81.08743726374549],[-48.97647408865695,81.08689763803736],[-48.9726258762688,81.08674160011628],[-48.96903614848761,81.08716971814714],[-48.96536196488544,81.08740603242389],[-48.965446454813765,81.08759773456511],[-48.96570982934958,81.08818187052452],[-48.96596841474125,81.08876600403329],[-48.96748439602567,81.08933682544713],[-48.96900062410587,81.08990314690242],[-48.97051655996482,81.09047389703174],[-48.97203266927313,81.09104463758464],[-48.97354895205984,81.09161536855997],[-48.97631801172607,81.09216831997615],[-48.976581067648155,81.09275249443469],[-48.980607592662466,81.09329644420893],[-48.98212373313247,81.09386281847674],[-48.98489716440775,81.09442019583834],[-48.985160394192114,81.09500430040809],[-48.98892376104248,81.09496422139121]]],"type":"Polygon"},"id":"000000000000000000ce","properties":{"area":96543.69553794898,"elevation":928.0322557210316,"region":"NO","year":2018},"type":"Feature"},{"geometry":{"coordinates":[[[-47.434842151040755,81.4023166521779],[-47.43467274253246,81.40173252834569],[-47.43320606240545,81.40115279156252],[-47.43304099023254,81.40056868771684],[-47.42896536564713,81.40001126322437],[-47.42749355678958,81.3994360603502],[-47.42347614308674,81.3990704239858],[-47.41956558988903,81.39909270268839],[-47.41576637689072,81.39950739131555],[-47.41191354467909,81.39972590663008],[-47.411967229289935,81.39992209022203],[-47.41083036385201,81.40051517644923],[-47.40838648728072,81.40111714579604],[-47.40724926145612,81.40171021357484],[-47.407414320620695,81.40229431196765],[-47.40757942906847,81.40287852015524],[-47.407744530352204,81.40346261221774],[-47.407904700776015,81.40404679220757],[-47.40806984389306,81.40463087794137],[-47.41214539701372,81.40519277503553],[-47.415948901035044,81.40477807932946],[-47.41980634286947,81.40455956805974],[-47.42355188802114,81.40394869152965],[-47.427409213482875,81.403730147292],[-47.43126180456184,81.40351170470414],[-47.433705263120245,81.40290975301316],[-47.434842151040755,81.4023166521779]]],"type":"Polygon"},"id":"000000000000000000cf","properties":{"area":212049.64144940025,"elevation":666.3991873877205,"region":"NO","year":2018},"type":"Feature"},{"geometry":{"coordinates":[[[-50.237275797320095,80.91544073908207],[-50.237053041835956,80.91505285139536],[-50.23682551168248,80.91466486841817],[-50.23660240106658,80.91427692713067],[-50.23637969924254,80.9138890351331],[-50.233694999998754,80.9135367539589],[-50.23101521594277,80.91318443074977],[-50.228335670896826,80.91283219788114],[-50.22576686379922,80.9126717078382],[-50.22330978702025,80.91270733636257],[-50.22085748064679,80.91274304045955],[-50.21840075252337,80.91277868273518],[-50.21594367030256,80.91281436886938],[-50.21349096767658,80.91285007993011],[-50.21125700886488,80.91327361698067],[-50.212710716787065,80.91364376388215],[-50.21416012841228,80.91401385984817],[-50.211930347961804,80.91443744030589],[-50.210927043059016,80.91484327851656],[-50.2136072161586,80.91519552313655],[-50.21628684636899,80.915547756592],[-50.21896671550909,80.91590008039138],[-50.22042035189943,80.91627019714095],[-50.221874093218126,80.91664030639178],[-50.22332353696323,80.91701036483174],[-50.224665358463234,80.91718427785617],[-50.22689958725588,80.91676066400825],[-50.22912898135111,80.91634149862423],[-50.231363226897976,80.91591790133238],[-50.23393178570554,80.91607397180861],[-50.2364997863958,80.9162344801052],[-50.236277041089956,80.9158465945881],[-50.237275797320095,80.91544073908207]]],"type":"Polygon"},"id":"000000000000000000d0","properties":{"area":147308.45563305687,"elevation":1151.3162906782322,"region":"NO","year":2018},"type":"Feature"},{"geometry":{"coordinates":[[[-49.5683394349928,81.04896859715063],[-49.56794240471544,81.04819265459852],[-49.563897990480875,81.04765760925939],[-49.557860574773606,81.04812137103681],[-49.55172024500151,81.04839332422904],[-49.5457809684263,81.04905326440581],[-49.53964058998852,81.04932531978862],[-49.53389277699445,81.05037313818954],[-49.52775280256963,81.0506451749725],[-49.52565256887219,81.05145229067294],[-49.52240151258852,81.05246895899917],[-49.52039971653472,81.05346781533663],[-49.52089010588966,81.05443991830685],[-49.523882096235695,81.05538075891266],[-49.52437699439117,81.05635284213048],[-49.5293715966636,81.05629039315063],[-49.530124998318826,81.05530490899659],[-49.53212717347695,81.05430167192709],[-49.52913950332689,81.05336077412032],[-49.53239014905162,81.05234404728208],[-49.53813331059879,81.05129624236689],[-49.54407766272127,81.05063623938739],[-49.55002131870146,81.04997635126755],[-49.55605905396717,81.0495125871975],[-49.56230193655339,81.04943675114149],[-49.5683394349928,81.04896859715063]]],"type":"Polygon"},"id":"000000000000000000d1","properties":{"area":185382.0257043871,"elevation":871.6349657330439,"region":"NO","year":2018},"type":"Feature"},{"geometry":{"coordinates":[[[-49.216694925707046,81.14146370212063],[-49.216600896761314,81.14127191964693],[-49.21524571904428,81.14108911517872],[-49.213889886488154,81.14091080284445],[-49.21253889991892,81.14073236749343],[-49.2111831262841,81.14054955525877],[-49.20982743785115,81.1403712258174],[-49.208476607552896,81.14018839794],[-49.20712101536421,81.14001005709966],[-49.205765471029245,81.13983171055375],[-49.20441439162884,81.13964881375674],[-49.203152331376074,81.13966668149985],[-49.20324568995892,81.13985841829417],[-49.204597124361115,81.14004125827961],[-49.20469051462669,81.14023299407071],[-49.203522492737406,81.14044258907684],[-49.20235402628868,81.14065212770969],[-49.20118587270159,81.14085722519084],[-49.20001770211908,81.14106680665311],[-49.19884503029418,81.14127643952878],[-49.197676760122754,81.14148601193992],[-49.19777003221014,81.141677747056],[-49.1991260705308,81.14186055039421],[-49.200481384052146,81.14203886889412],[-49.20183268841083,81.14221728951749],[-49.20318813074733,81.14240008505742],[-49.20454363620478,81.14257849949887],[-49.20589472400644,81.14276133963556],[-49.207250277919776,81.14293962964106],[-49.20860592755594,81.14311802698197],[-49.20996126636373,81.14330085516804],[-49.210054793703584,81.1434925840711],[-49.21014425578744,81.14368879589271],[-49.21140610420999,81.14367540078743],[-49.21257883186377,81.14346584151953],[-49.2137474043591,81.14325627263382],[-49.21365377049652,81.14306005586978],[-49.212298041737974,81.14288167874189],[-49.210942360864316,81.14270329590906],[-49.210848788017124,81.14250707746974],[-49.21201693929302,81.14229757393183],[-49.21318987728634,81.1420924370061],[-49.214358276515036,81.14188286322951],[-49.215526625987884,81.14167328493428],[-49.216694925707046,81.14146370212063]]],"type":"Polygon"},"id":"000000000000000000d2","properties":{"area":65722.23405168066,"elevation":875.7051766994487,"region":"NO","year":2018},"type":"Feature"},{"geometry":{"coordinates":[[[-50.39712132615145,80.92795744245838],[-50.396773403965476,80.92737780597186],[-50.396425694072605,80.92679365762706],[-50.39607344859285,80.92621397365173],[-50.39572582266573,80.92562981875804],[-50.39415141185745,80.92506794365644],[-50.391342609611634,80.92452395461684],[-50.387306894676996,80.92399781351025],[-50.38327544495197,80.92346716527466],[-50.37924021425147,80.92294098365055],[-50.37555268793616,80.92299453389415],[-50.37198086067119,80.92324415505954],[-50.36840930177002,80.92349390006095],[-50.367526175002205,80.92409586545821],[-50.36787415710429,80.92467557345424],[-50.369448081915856,80.92523738695282],[-50.36979603357984,80.92582159598946],[-50.3713742580904,80.92638338582732],[-50.37417920072766,80.92692742079417],[-50.375753310125965,80.92749376509764],[-50.37978867969512,80.92801988222683],[-50.38382853214912,80.92854605152093],[-50.38528695335888,80.92891619379927],[-50.38886296870564,80.9286664568335],[-50.392318740778904,80.92822503831867],[-50.39623842625525,80.92855942536762],[-50.39712132615145,80.92795744245838]]],"type":"Polygon"},"id":"000000000000000000d3","properties":{"area":218923.02791003522,"elevation":1165.0399228039194,"region":"NO","year":2018},"type":"Feature"},{"geometry":{"coordinates":[[[-49.70244687021013,81.04845133644086],[-49.70224144744492,81.04805891072813],[-49.702036635909415,81.04767091404943],[-49.701831500318065,81.0472829776988],[-49.70162638138583,81.04689503991666],[-49.7001727567542,81.04652492796406],[-49.69996737810931,81.04613704843042],[-49.69851847095422,81.0457624232724],[-49.69706478364541,81.04539235613629],[-49.69436705781378,81.04503564551449],[-49.69177193301781,81.04487066720634],[-49.68947949907037,81.04529425865715],[-49.68698695408015,81.04532549057274],[-49.687192208423276,81.0457134315419],[-49.68614877868872,81.04611476640427],[-49.68635387170401,81.0465071461526],[-49.68655467002906,81.04689503291823],[-49.68675960241463,81.04728303055633],[-49.68696489224583,81.04767096501874],[-49.68717019874723,81.04805889804948],[-49.68737478753573,81.04844684006866],[-49.68758012735561,81.0488347702362],[-49.689033978524485,81.04920486791076],[-49.69038035355511,81.04938328353464],[-49.69287761410271,81.0493520894619],[-49.69537039607096,81.0493208261269],[-49.697867618366686,81.04928959444189],[-49.70026199548098,81.04906221946585],[-49.70140338726467,81.0488526587217],[-49.70244687021013,81.04845133644086]]],"type":"Polygon"},"id":"000000000000000000d4","properties":{"area":105608.83126922583,"elevation":891.4116037034532,"region":"NO","year":2018},"type":"Feature"},{"geometry":{"coordinates":[[[-49.54314085054923,81.07585695669785],[-49.53994376064369,81.0745280840916],[-49.53559204637197,81.07340889603917],[-49.52663327433935,81.073127984915],[-49.51787587737667,81.07323498070994],[-49.50931420411586,81.07373439673891],[-49.50085107207843,81.07442113431469],[-49.49238287758812,81.07511225360221],[-49.48401758556702,81.07599518178624],[-49.47574148658831,81.07707425253173],[-49.467273833194554,81.07776095237858],[-49.45899794740541,81.07884004999032],[-49.45592542900908,81.08024464415273],[-49.45410161267221,81.08163594252437],[-49.45854302068552,81.08294688472654],[-49.46500412834664,81.08325900888741],[-49.47426138122008,81.08412410696619],[-49.471068657087585,81.08279527412365],[-49.47038640465294,81.08143531535863],[-49.473458750561086,81.08003069366312],[-49.481533963908085,81.07856805179651],[-49.49020262557313,81.0782648552381],[-49.49577190206927,81.0768290062399],[-49.504239818460626,81.07613783274242],[-49.51270753741725,81.07545114539732],[-49.52117103979007,81.07476001211525],[-49.53012923003541,81.07504092348705],[-49.53958701632671,81.07629391843483],[-49.54314085054923,81.07585695669785]]],"type":"Polygon"},"id":"000000000000000000d5","properties":{"area":409290.8782666637,"elevation":851.9006346955656,"region":"NO","year":2018},"type":"Feature"},{"geometry":{"coordinates":[[[-49.559104597867915,81.02113927427688],[-49.55900190025869,81.02094310266165],[-49.55890379067536,81.02075136316799],[-49.558805888399704,81.02055518147596],[-49.55870778671166,81.02036344128094],[-49.55860544621942,81.02016720659964],[-49.55850735251058,81.019975465702],[-49.558408733802494,81.01977929271602],[-49.55706663874317,81.01960089965557],[-49.55572459032705,81.01942250093006],[-49.55438224786657,81.01924415816298],[-49.554279663170895,81.01904798196298],[-49.55418166352518,81.01885623802005],[-49.55293739538571,81.01886963284151],[-49.551796388183824,81.0190791900678],[-49.55055188068465,81.01909701774468],[-49.54930796722027,81.0191104503304],[-49.54806379044447,81.01912820700807],[-49.54672200885508,81.01894988440782],[-49.54547771403603,81.01896325111552],[-49.54433140932093,81.01917285296892],[-49.54318578892616,81.01938244029425],[-49.542044174590565,81.01959202419152],[-49.54214247379461,81.01978820195716],[-49.54348429021873,81.01996654186982],[-49.544826545018985,81.02014492762265],[-49.54492438113843,81.02033667195246],[-49.54502274427397,81.02053284766141],[-49.545120980057455,81.02072464279257],[-49.545223405915785,81.02092081873542],[-49.54646755091344,81.02090740202698],[-49.54771155921381,81.02088960042212],[-49.54905400939128,81.02106796782536],[-49.550297823976685,81.02105459835741],[-49.551541840972384,81.02103678238147],[-49.55288398392006,81.02121508262488],[-49.554128200714445,81.02120175027773],[-49.55537222639237,81.02118391993051],[-49.556616775040105,81.02117051658442],[-49.55786079071581,81.02115267686018],[-49.559104597867915,81.02113927427688]]],"type":"Polygon"},"id":"000000000000000000d6","properties":{"area":52124.53045477235,"elevation":934.9726335903912,"region":"NO","year":2018},"type":"Feature"},{"geometry":{"coordinates":[[[-49.80079241946217,81.00026183937646],[-49.78837788455479,80.99808130318111],[-49.771634261110144,80.99712700137655],[-49.75499269393642,80.99636451944997],[-49.73815079072943,80.9952140908196],[-49.72182591253966,80.99503570913846],[-49.70580462818377,80.99543702117029],[-49.69019347826006,80.99661873034357],[-49.682728815290396,80.99905785910596],[-49.6766061844228,81.00167532934636],[-49.68288937721509,81.00413676265372],[-49.70015011643845,81.00606755197548],[-49.71649730581155,81.00624592112773],[-49.70812769040809,81.00459608586529],[-49.6908663643581,81.00266525857018],[-49.6945052656406,81.0000789608218],[-49.70682563127453,80.9973811946431],[-49.722441392853014,80.99619953639287],[-49.73856089631547,80.99599443841504],[-49.756022946169246,80.99830871201121],[-49.77018501345492,80.99909798076412],[-49.77897821249465,81.00152373126966],[-49.76770562139942,81.00382462943027],[-49.78032515617394,81.00404759518149],[-49.78921632501982,81.00197853649193],[-49.80079241946217,81.00026183937646]]],"type":"Polygon"},"id":"000000000000000000d7","properties":{"area":721131.5474221206,"elevation":896.0175878636186,"region":"NO","year":2018},"type":"Feature"},{"geometry":{"coordinates":[[[-49.07530120038859,80.98114116774087],[-49.07220203402222,80.9798123391191],[-49.06335521339749,80.97951803737766],[-49.05494513237674,80.98019587550137],[-49.04653535843963,80.98087808323675],[-49.03821046756109,80.98175208915094],[-49.02953279402278,80.98184571900364],[-49.02094459159976,80.98213553059205],[-49.01244575864355,80.98262158100877],[-49.00411604779994,80.98349112603543],[-48.99569714137989,80.98417334967746],[-48.9874479043748,80.9852390539948],[-48.9792028832411,80.98630480844282],[-48.971123322813774,80.98775846180062],[-48.97766926341072,80.98846745641715],[-48.986350925301686,80.98837381349183],[-48.99477416945834,80.9876960655274],[-49.00345584779885,80.98760241408827],[-49.01179015692108,80.9867284696207],[-49.0101133451569,80.98576970943024],[-49.018184134359124,80.98431605100507],[-49.02721420923614,80.98499833087175],[-49.036239363356636,80.98567611204014],[-49.044305718236856,80.98422238277304],[-49.05289407002968,80.98393260434574],[-49.061397793993216,80.98344652184919],[-49.06972258680199,80.98257255978916],[-49.07530120038859,80.98114116774087]]],"type":"Polygon"},"id":"000000000000000000d8","properties":{"area":603284.7829156942,"elevation":973.8407159374158,"region":"NO","year":2018},"type":"Feature"},{"geometry":{"coordinates":[[[-49.12189386574719,80.96870473884141],[-49.121715790011756,80.96831675401337],[-49.11553113169096,80.96838816385306],[-49.1095199388647,80.96884744134319],[-49.10351372405582,80.96930670766714],[-49.09759211479373,80.9699577385409],[-49.09184417313723,80.97099673861388],[-49.08972144995237,80.9718038155576],[-49.086452989980785,80.97281604632022],[-49.085655160437284,80.97380152954679],[-49.08486155942974,80.97478694760622],[-49.085302957331834,80.97575901103929],[-49.086983744429695,80.976717722179],[-49.091139650733396,80.9776452023765],[-49.09751175145372,80.97796633045833],[-49.10388390856439,80.97828290098404],[-49.10972087023557,80.97743561214999],[-49.10697839658648,80.97688276260769],[-49.100517386725926,80.97636994382601],[-49.09388213920946,80.97546922113006],[-49.092201260684575,80.974510473123],[-49.09175926340906,80.97353840765908],[-49.095028189627335,80.97252623426967],[-49.10077559976754,80.97148276817633],[-49.104044464060046,80.97047058011228],[-49.109787611361014,80.96943157113232],[-49.11579840653825,80.96897230064322],[-49.12189386574719,80.96870473884141]]],"type":"Polygon"},"id":"000000000000000000d9","properties":{"area":184475.51213124508,"elevation":973.4664870522563,"region":"NO","year":2018},"type":"Feature"},{"geometry":{"coordinates":[[[-49.17211264146162,80.96969909924137],[-49.171929713541275,80.96931117998234],[-49.171751549507555,80.96891876027338],[-49.1690936177325,80.96856207330103],[-49.16652994394723,80.96839257758378],[-49.163966022418265,80.96822761825807],[-49.161491029998025,80.96825879622979],[-49.15883769032224,80.96789764844256],[-49.15636279442143,80.96792440587079],[-49.153888270116695,80.96795119661951],[-49.15141368903009,80.96798235078789],[-49.149028127203614,80.96820531681492],[-49.14646382789497,80.9680358482244],[-49.144078526487355,80.9682588300591],[-49.145496086588814,80.96863340291243],[-49.148149504952215,80.96899459454349],[-49.150807144026196,80.96935576960256],[-49.15346020489966,80.96971692577428],[-49.156113490123005,80.9700736776158],[-49.158771003207605,80.9704349080233],[-49.16142427917553,80.97079605842133],[-49.16036753586728,80.97119738719505],[-49.15807097467913,80.97161655462253],[-49.157014013020344,80.97201786948207],[-49.15843223185328,80.9723924366886],[-49.15737520536851,80.97279374991508],[-49.159939078318715,80.97296320774672],[-49.15976092736712,80.97257523766564],[-49.16205729020597,80.97215612335248],[-49.16434939077289,80.97174136758214],[-49.166645759540465,80.97132226968604],[-49.16894190377449,80.97090753596616],[-49.168759447174104,80.97051517590756],[-49.17105570946299,80.97010047614481],[-49.17211264146162,80.96969909924137]]],"type":"Polygon"},"id":"000000000000000000da","properties":{"area":115580.48057361497,"elevation":980.4163466303264,"region":"NO","year":2018},"type":"Feature"},{"geometry":{"coordinates":[[[-48.82362939555022,81.23134136060999],[-48.82354444875598,81.23114512363225],[-48.82346011699215,81.23095336245],[-48.82337522120738,81.23075723775385],[-48.82328600516617,81.23056547446681],[-48.82320107263179,81.23036923605385],[-48.82311654017149,81.23017304954004],[-48.82303187337146,81.22998134733737],[-48.82294695148352,81.22978510784495],[-48.82286264423927,81.22959334420328],[-48.822777376871116,81.22939716473155],[-48.822692862100475,81.22920097642218],[-48.822608565335834,81.22900921172486],[-48.82251916723988,81.22881302128525],[-48.82116347150161,81.2286346180731],[-48.8198031172757,81.22845183602011],[-48.81844356185342,81.22826903979315],[-48.81716805237712,81.22828237713243],[-48.815892935080754,81.22829576193494],[-48.81461781356089,81.22830914193275],[-48.813426797803636,81.22851428510847],[-48.81224083204554,81.22872384921703],[-48.81232567339462,81.2289156083129],[-48.8124103316883,81.22911173875886],[-48.81249503733087,81.22930798184431],[-48.81257988919227,81.22949973988419],[-48.81138889622335,81.22970929745999],[-48.81147373038669,81.2299010550688],[-48.81155877756127,81.23009723626339],[-48.81164307919249,81.23029342554618],[-48.81300333302664,81.23047181353947],[-48.813088063451296,81.23066805411165],[-48.81317254333392,81.23085975741931],[-48.81453311367017,81.23104256237465],[-48.81589298470947,81.23122537008115],[-48.81597756830094,81.23141718479417],[-48.8160623231382,81.23161331003337],[-48.817337517412234,81.23159998617378],[-48.81861306013954,81.23158659677871],[-48.819887849435844,81.23157321104627],[-48.82107874170904,81.23136811175964],[-48.82235424705807,81.23135470821897],[-48.82362939555022,81.23134136060999]]],"type":"Polygon"},"id":"000000000000000000db","properties":{"area":56649.77752641778,"elevation":833.8415198100236,"region":"NO","year":2018},"type":"Feature"},{"geometry":{"coordinates":[[[-50.05311506506827,81.01778162784852],[-50.05245526500701,81.01661776505563],[-50.05179933887859,81.01545394613092],[-50.049895603114194,81.01430796876956],[-50.04924013759493,81.01314412177368],[-50.04361281602859,81.01204717011564],[-50.035613060404856,81.01117763170551],[-50.02816643661594,81.01128021156416],[-50.021152178550004,81.01215871565209],[-50.021370618121196,81.01254661311847],[-50.02078223469358,81.01372826282099],[-50.02143739543949,81.01489211081643],[-50.02333281290417,81.01604253611663],[-50.02398809581458,81.01720641812213],[-50.027131992124865,81.0183344997045],[-50.02902691865551,81.01948050154044],[-50.03217069176299,81.02061309216566],[-50.039042004892146,81.0216922008876],[-50.04218583427598,81.02282043225703],[-50.04408963720454,81.02396638046517],[-50.04961442747045,81.02487159722236],[-50.050198470225496,81.02368991766204],[-50.04953891535213,81.0225260473377],[-50.050122904303024,81.02134445637753],[-50.05070710204784,81.02016278977028],[-50.05129117097787,81.01898110965074],[-50.05311506506827,81.01778162784852]]],"type":"Polygon"},"id":"000000000000000000dc","properties":{"area":518979.0206149338,"elevation":900.9441443568089,"region":"NO","year":2018},"type":"Feature"},{"geometry":{"coordinates":[[[-49.60685718379025,81.09910673425892],[-49.60540326511466,81.09873210909932],[-49.603945238183584,81.0983620281194],[-49.60248710739935,81.0979874494246],[-49.59977635674684,81.09763071766675],[-49.59706505815551,81.09727397322494],[-49.59686428261276,81.09688601309469],[-49.59425560719471,81.09672109270291],[-49.5917453039169,81.09675226594877],[-49.58923463834056,81.0967834818932],[-49.5867287770042,81.09681466921008],[-49.58421812484116,81.09684596038367],[-49.58170779653589,81.09687717103078],[-49.5792015344547,81.09690836333606],[-49.576691167721194,81.09693953618275],[-49.576891901394795,81.09732749706768],[-49.574582467443456,81.09774666444346],[-49.573529934642416,81.09815244098542],[-49.573730572856185,81.09854039947895],[-49.57393122746437,81.09892835653933],[-49.57664208374837,81.09928505713998],[-49.57684286768626,81.09967301005622],[-49.577043668032466,81.10006096153904],[-49.577244089706305,81.10044886015574],[-49.579955333221825,81.10081008149042],[-49.58266656678908,81.10116678975331],[-49.58527937833457,81.10132731604506],[-49.587790070031375,81.10129609137307],[-49.59019776033485,81.10107312789357],[-49.59280662202168,81.10123370811753],[-49.59531691276393,81.10120248836738],[-49.597627030797355,81.10078329307784],[-49.599936609689465,81.10036414161874],[-49.60224190600681,81.0999449720812],[-49.60455148840986,81.09952583648247],[-49.60685718379025,81.09910673425892]]],"type":"Polygon"},"id":"000000000000000000dd","properties":{"area":203512.29716689978,"elevation":832.1946680698059,"region":"NO","year":2018},"type":"Feature"},{"geometry":{"coordinates":[[[-50.52647102775078,80.95477001830407],[-50.52499932581298,80.95440441619334],[-50.522292695517,80.95405217757161],[-50.52205646715472,80.95366417377414],[-50.519469945906486,80.95350813579937],[-50.51688825071478,80.95335205407986],[-50.514181657757234,80.95300420358724],[-50.511720001867005,80.9530399153339],[-50.509254299796325,80.95307561949603],[-50.50690445298683,80.95330748458827],[-50.50467950462903,80.95373552813336],[-50.50244979951612,80.95415918314279],[-50.49986347954462,80.95400310470505],[-50.49751800264914,80.95423499005297],[-50.49775437083494,80.954622933203],[-50.49799075801569,80.95501087489401],[-50.4982313149993,80.95539429674226],[-50.499698407971714,80.95576447007483],[-50.5011699659081,80.95613456237548],[-50.50264163054554,80.95650464705223],[-50.50287752576485,80.95689259144153],[-50.50311858674874,80.95728056168582],[-50.502119604602925,80.95768629247762],[-50.50347532576234,80.95786025843277],[-50.505820762758106,80.95762835124813],[-50.50828646720346,80.95759263792752],[-50.51087276089463,80.9577487216674],[-50.51322280568359,80.95751685093545],[-50.51556871328888,80.95728497373683],[-50.51779786376244,80.95686136677197],[-50.5187921034136,80.95645559529105],[-50.51978699035445,80.95604980695082],[-50.52201619896222,80.95562170881637],[-50.52424107825658,80.95519811238755],[-50.52647102775078,80.95477001830407]]],"type":"Polygon"},"id":"000000000000000000de","properties":{"area":165438.72709560444,"elevation":1145.1727023704254,"region":"NO","year":2018},"type":"Feature"},{"geometry":{"coordinates":[[[-50.35523228326104,80.97435443700795],[-50.35500084030753,80.97396646726439],[-50.35353341351658,80.97360083145632],[-50.35106322564649,80.97363645102928],[-50.34847265475622,80.97347597578428],[-50.346002137052274,80.97351161989127],[-50.34353179803752,80.97355180269743],[-50.34128883241546,80.97397538657869],[-50.33905049840289,80.97439904566293],[-50.3365753391509,80.97443468957943],[-50.33433742881561,80.97485830257082],[-50.332094173062345,80.97528186848193],[-50.33232623166034,80.97566982481057],[-50.33131816119158,80.97607564577936],[-50.330315107502344,80.97648137908436],[-50.33178188426193,80.97685150205169],[-50.33201397073356,80.97723945329865],[-50.332241312518065,80.97762742367641],[-50.33471615160132,80.97759177584913],[-50.33707508627257,80.97735985164185],[-50.3394296791987,80.977132425271],[-50.34178845182365,80.97690057906439],[-50.34425869508155,80.97686493025112],[-50.346501770358756,80.97644128707242],[-50.348744321565505,80.97601768921712],[-50.35098298293086,80.97559402070839],[-50.35198623128739,80.97518825854998],[-50.35299416157429,80.97478247087737],[-50.35523228326104,80.97435443700795]]],"type":"Polygon"},"id":"000000000000000000df","properties":{"area":111954.42628111335,"elevation":1070.8927050990685,"region":"NO","year":2018},"type":"Feature"},{"geometry":{"coordinates":[[[-49.38320212726036,81.15175083002366],[-49.37864037858254,81.15023920279963],[-49.368442177227145,81.15016784953937],[-49.35863248495506,81.1508679241309],[-49.34863028062289,81.15118006588767],[-49.338718040412914,81.15168394445065],[-49.32861823265874,81.15180431852149],[-49.31851818815958,81.1519202393367],[-49.30841397362287,81.15204067916838],[-49.298595236527326,81.15273628703703],[-49.28896755381388,81.1538243320693],[-49.289155049701954,81.15421672715938],[-49.283599002727634,81.1558397799725],[-49.27551007330844,81.15749862701348],[-49.277057568524235,81.15806494924867],[-49.28650164276715,81.15658896119994],[-49.29727515781076,81.15783306018504],[-49.30729011190627,81.15752088890297],[-49.30845841192166,81.15731135524051],[-49.301377505842346,81.15583089436],[-49.310723728834645,81.15415870581383],[-49.32073442261985,81.15385111995101],[-49.330646867677075,81.15334270970621],[-49.34084524267886,81.15341854769058],[-49.35056592729299,81.1525267231455],[-49.36037577927878,81.15182215079024],[-49.37086386120545,81.15248214694192],[-49.38018773184539,81.15334722575801],[-49.38320212726036,81.15175083002366]]],"type":"Polygon"},"id":"000000000000000000e0","properties":{"area":422833.93945714156,"elevation":815.8998327648438,"region":"NO","year":2018},"type":"Feature"},{"geometry":{"coordinates":[[[-49.8313282537843,81.10073426742744],[-49.831007372877764,81.10015012631887],[-49.82943736960312,81.09958829255845],[-49.82661046655513,81.09903532389163],[-49.82628949530939,81.09845567083183],[-49.82220937295797,81.09792052883931],[-49.82314568384059,81.09732301732089],[-49.8191727841302,81.09698416903774],[-49.81551632576875,81.0972249471903],[-49.81154336451514,81.09688607003898],[-49.80777964399781,81.09693510069492],[-49.80924704558301,81.09730967623622],[-49.80956364272006,81.0978893417225],[-49.80611664910393,81.0985225557508],[-49.80266930827371,81.09915129100905],[-49.80298623282894,81.09973538116898],[-49.80706600962323,81.10027052312459],[-49.81114630644114,81.10080117430392],[-49.81271574361769,81.10136746398562],[-49.81303707709751,81.10195159356894],[-49.815859636908975,81.10250006223757],[-49.81743369723252,81.10306631961491],[-49.821304155344734,81.10321354319841],[-49.825067588453756,81.10316445985153],[-49.82475107353957,81.10258032327728],[-49.824434597594916,81.10199618342763],[-49.82788160421997,81.10136746475808],[-49.8313282537843,81.10073426742744]]],"type":"Polygon"},"id":"000000000000000000e1","properties":{"area":193540.647862508,"elevation":851.4782313922384,"region":"NO","year":2018},"type":"Feature"},{"geometry":{"coordinates":[[[-50.22915589247713,81.06812485043613],[-50.22767562664816,81.06775472536586],[-50.226311044430794,81.0675763926007],[-50.22381393207498,81.0676120678865],[-50.2212009793974,81.06745598525639],[-50.21870378145027,81.06748718170604],[-50.2159792599699,81.06713498277634],[-50.21347739767731,81.06717059954252],[-50.21098037885295,81.06720629166988],[-50.208483338246126,81.06724196501551],[-50.205982204238865,81.06727762669665],[-50.203484781917936,81.0673133247121],[-50.20098767598989,81.06734894167785],[-50.19849060691731,81.06738465283229],[-50.19610512005274,81.0676120371878],[-50.19383088588415,81.06803571152557],[-50.19405824005822,81.06842364088455],[-50.19428561274061,81.0688115687822],[-50.19576177743968,81.06918165754598],[-50.19849059531037,81.06953394615388],[-50.20121487475583,81.06989067060505],[-50.203944069557046,81.07024291284016],[-50.20655705628659,81.07039896416178],[-50.20905415795323,81.07036331900457],[-50.2115560458733,81.07032763631219],[-50.214053103953226,81.07029195356773],[-50.21655461003177,81.0702562954926],[-50.21905137577174,81.07022507786867],[-50.22143729037192,81.06999325760849],[-50.22382278573061,81.06976580936761],[-50.22609253798338,81.06934221923241],[-50.22858933436697,81.06930653962415],[-50.22836209609054,81.06891861174432],[-50.228134479343396,81.06853063172687],[-50.22915589247713,81.06812485043613]]],"type":"Polygon"},"id":"000000000000000000e2","properties":{"area":162719.18637620631,"elevation":855.6968712262595,"region":"NO","year":2018},"type":"Feature"},{"geometry":{"coordinates":[[[-50.1708756192782,81.07403314690573],[-50.17064828351987,81.07364523360602],[-50.17042056938643,81.07325726810157],[-50.1689447656166,81.07288719375488],[-50.168717136290404,81.07249922460292],[-50.16849399604871,81.07211129807881],[-50.16701843315263,81.07174121178619],[-50.16554258197678,81.07137106714883],[-50.16531478350916,81.07098315292953],[-50.16259046375681,81.07062643913498],[-50.15986566204776,81.07027415405432],[-50.15736443145067,81.07030977532197],[-50.154978562899,81.0705372346696],[-50.15520595134262,81.07092515689243],[-50.1554292848601,81.07131308414971],[-50.1556564329337,81.07170550600522],[-50.15587946448042,81.07209349254448],[-50.15610692675081,81.0724814089105],[-50.15758294282377,81.07285152926538],[-50.15780568018431,81.07323945996524],[-50.16053490384345,81.07359169642012],[-50.162010510119096,81.07396180544066],[-50.163486621845706,81.07433195761645],[-50.16621118669173,81.07468422512945],[-50.16882436503575,81.07484473093838],[-50.16984986424525,81.07443897240432],[-50.1708756192782,81.07403314690573]]],"type":"Polygon"},"id":"000000000000000000e3","properties":{"area":81132.96479482226,"elevation":849.919142717974,"region":"NO","year":2018},"type":"Feature"},{"geometry":{"coordinates":[[[-49.49566520919083,81.17796141944767],[-49.48990378808714,81.17666381438461],[-49.47977732227873,81.17678423988214],[-49.46964619098689,81.1769046459136],[-49.45981370767745,81.17760918669894],[-49.449785211480595,81.1779257548984],[-49.440242797084416,81.17920996180868],[-49.430700387278044,81.18049867700982],[-49.42875605976226,81.18169374068897],[-49.425741711996885,81.18329009678592],[-49.433540963956645,81.18358880165366],[-49.44357832416287,81.1832766846944],[-49.4471811761221,81.18283970976601],[-49.437527269635886,81.18139495242076],[-49.44686911845379,81.17971834535011],[-49.456705619826046,81.17901378916665],[-49.46664062124614,81.17850547083785],[-49.47667339555051,81.17818885629958],[-49.48729981820696,81.17904051537504],[-49.484294058300364,81.18063689986163],[-49.47748988479602,81.18228231144812],[-49.468045475472984,81.18376271552114],[-49.46717573341731,81.18455643244654],[-49.47691468104797,81.18366014798185],[-49.486354580767745,81.18217527112778],[-49.49092494419085,81.18114524669294],[-49.49519669171678,81.17953098938094],[-49.49566520919083,81.17796141944767]]],"type":"Polygon"},"id":"000000000000000000e4","properties":{"area":334913.48473616305,"elevation":733.9281685049908,"region":"NO","year":2018},"type":"Feature"},{"geometry":{"coordinates":[[[-49.40322795613182,81.18922512211407],[-49.39591028721241,81.18735672706715],[-49.38031240642822,81.18675923133256],[-49.36509778970152,81.18693761368137],[-49.35017800398056,81.1876956595247],[-49.335632172260766,81.1892340644478],[-49.324007680014375,81.19151708655144],[-49.3097429168078,81.19363519294458],[-49.32427497167639,81.19464298065961],[-49.34007801066462,81.19562837752159],[-49.35540395235356,81.1956462168715],[-49.368973094200605,81.19470534757936],[-49.35374505077232,81.19488371317651],[-49.33736673432122,81.19272997532022],[-49.34255273130062,81.19032648552151],[-49.35690191251472,81.18840018302137],[-49.372116608793284,81.18822186582219],[-49.38752297457872,81.18843139090485],[-49.39630302967108,81.19067435034351],[-49.396204893098776,81.19301979100342],[-49.38439259211858,81.19491935059962],[-49.37814519087424,81.1951869682151],[-49.39385932593772,81.19598065792479],[-49.40049907851491,81.1939472916091],[-49.40059241523519,81.1916018037493],[-49.40322795613182,81.18922512211407]]],"type":"Polygon"},"id":"000000000000000000e5","properties":{"area":499877.63689302903,"elevation":728.7012183153885,"region":"NO","year":2018},"type":"Feature"},{"geometry":{"coordinates":[[[-49.658466556383516,81.15583093796161],[-49.646382589440734,81.15461361509409],[-49.63270189084394,81.15517542225922],[-49.61932035347073,81.15631691587319],[-49.605938529777575,81.15745844648232],[-49.59801035266026,81.15931790028988],[-49.58461967622227,81.16045942616255],[-49.58472200381383,81.16065566838567],[-49.58583698600105,81.16279155040681],[-49.58442349815743,81.1649587121489],[-49.585538260828,81.16709463688144],[-49.5714296634891,81.16687607740499],[-49.576031102454785,81.16838326750708],[-49.56702372028941,81.17064406520427],[-49.56940087439874,81.17276655740834],[-49.56671612451147,81.17494705865845],[-49.575576566350335,81.17484004824962],[-49.58332188523783,81.17259263625823],[-49.59334143764384,81.17227608142322],[-49.59728347399395,81.17007774762043],[-49.5963648371473,81.16832973483842],[-49.60409693863136,81.16608243065856],[-49.602977915318,81.16394649190444],[-49.60564867844929,81.16176602832078],[-49.6108479530439,81.15954981355006],[-49.62361901639633,81.15724000024072],[-49.63710325995346,81.1562901648494],[-49.65130084418334,81.15670044766837],[-49.658466556383516,81.15583093796161]]],"type":"Polygon"},"id":"000000000000000000e6","properties":{"area":705629.6288690275,"elevation":784.3465278709253,"region":"NO","year":2018},"type":"Feature"},{"geometry":{"coordinates":[[[-49.81644806945626,81.0780552521261],[-49.79611018821061,81.07773417958992],[-49.77587506447304,81.07760488941432],[-49.75585358070516,81.07786351737805],[-49.735515745247284,81.0775424672567],[-49.71538681433414,81.07760490895167],[-49.69639137396843,81.07979877593198],[-49.677382250242935,81.08199709671767],[-49.67651742088517,81.08513634225892],[-49.66061162857103,81.08846279496457],[-49.6407638981315,81.08910493546978],[-49.62091222564298,81.08974254746927],[-49.616506551438675,81.09097331227984],[-49.621888768125835,81.0940322622051],[-49.62680257487023,81.09377358717101],[-49.64283300413181,81.09064331435329],[-49.663500933483846,81.09155300669498],[-49.682532555515806,81.08935914389639],[-49.68725904903872,81.08636700774842],[-49.69688627911484,81.08311638908879],[-49.71589128321224,81.08091802294425],[-49.735199028323805,81.07930381089679],[-49.7556440096322,81.07982105984378],[-49.77682017008643,81.08169834377081],[-49.79643132461719,81.08066381975955],[-49.81572598712013,81.0790407454783],[-49.81644806945626,81.0780552521261]]],"type":"Polygon"},"id":"000000000000000000e7","properties":{"area":1211555.3904835857,"elevation":827.0948511961892,"region":"NO","year":2018},"type":"Feature"},{"geometry":{"coordinates":[[[-50.011774604603644,81.05120256107638],[-49.997509795269885,81.05041775992089],[-49.9804806722162,81.05143001665466],[-49.96388400262258,81.05322258729305],[-49.946417696513564,81.05345445170244],[-49.9295935510497,81.05485458914384],[-49.91297890820626,81.05664270249147],[-49.913192839273954,81.05703064914962],[-49.90345885955843,81.05989782476026],[-49.89871433894711,81.06269810737294],[-49.90021236890702,81.06541368806498],[-49.90421228571175,81.0680981310048],[-49.90946503953382,81.07076466468851],[-49.92304302479344,81.07253931231195],[-49.93205944561131,81.07515683955323],[-49.9442906067496,81.07675319627414],[-49.94902624261866,81.0739529244432],[-49.96686232622346,81.07429625200076],[-49.9623501682359,81.07298976408379],[-49.96208219040054,81.07025631726185],[-49.96556058566982,81.0674738525618],[-49.969038636433275,81.06468693078128],[-49.9700150929294,81.06193564963574],[-49.9734890303196,81.05915316730871],[-49.989876151119006,81.05697711274784],[-50.00332451622743,81.0540564034459],[-50.011774604603644,81.05120256107638]]],"type":"Polygon"},"id":"000000000000000000e8","properties":{"area":2565433.4119481198,"elevation":838.3086137331723,"region":"NO","year":2018},"type":"Feature"},{"geometry":{"coordinates":[[[-50.259147839783466,81.08471714322924],[-50.25891602917269,81.08432922073104],[-50.25868423746111,81.08394129676384],[-50.2584565427233,81.08355336357882],[-50.25822478864575,81.08316543667635],[-50.257992655770884,81.08277745766969],[-50.256512430742944,81.0824073951876],[-50.25377897003135,81.0820550887393],[-50.251045359499415,81.08170282135912],[-50.248316412261985,81.08135057376019],[-50.245815124668795,81.0813861906287],[-50.243424744302665,81.08161364105621],[-50.241039164890154,81.08184549451742],[-50.23864929544298,81.08207289780081],[-50.236379844090095,81.08249653810097],[-50.236606997530224,81.08288442638741],[-50.23558595318025,81.08329026542036],[-50.237066292583854,81.08366040535395],[-50.23854668186778,81.08403042471018],[-50.23877401678141,81.08441841936772],[-50.24150756735258,81.08477072872493],[-50.24298794522261,81.08514078748898],[-50.24447290878219,81.08551088169935],[-50.247206214962794,81.08586315329278],[-50.24993970972159,81.08621540165848],[-50.252325135372686,81.0859880084795],[-50.25471515854655,81.08575613841798],[-50.25710109550142,81.08552869815078],[-50.25812674724732,81.0851229444975],[-50.259147839783466,81.08471714322924]]],"type":"Polygon"},"id":"000000000000000000e9","properties":{"area":143682.40134057277,"elevation":854.3196633549968,"region":"NO","year":2018},"type":"Feature"},{"geometry":{"coordinates":[[[-50.270112394193276,81.10314663757474],[-50.26554213711646,81.10184007587584],[-50.25971838938238,81.1005558713542],[-50.25765388974334,81.09921367665153],[-50.24967190169431,81.09854484693966],[-50.24170370920045,81.10002968207819],[-50.232237338582166,81.09898630444064],[-50.22767539252036,81.09768422973107],[-50.218213307313995,81.09664526702149],[-50.210240227854364,81.09812569527327],[-50.20158085637346,81.09844231559296],[-50.20352077468165,81.09958828409066],[-50.2068243815363,81.100912632445],[-50.20888008706858,81.1022548070161],[-50.21218895851553,81.1035746892742],[-50.219261118980015,81.10484559133684],[-50.2238271402306,81.10614761588701],[-50.22884814724203,81.10608073476124],[-50.22804538401882,81.10472066829627],[-50.22849592832828,81.10334286075837],[-50.23646902833534,81.101862429352],[-50.24444172720536,81.10038203796033],[-50.25390849228891,81.10142099501027],[-50.26098936199865,81.10268737533657],[-50.26556010940329,81.1039938645659],[-50.270112394193276,81.10314663757474]]],"type":"Polygon"},"id":"000000000000000000ea","properties":{"area":466401.2333735846,"elevation":825.093612808154,"region":"NO","year":2018},"type":"Feature"},{"geometry":{"coordinates":[[[-49.65333014516845,81.24698384187535],[-49.64853639303163,81.2476259817257],[-49.6438453135169,81.24846873963395],[-49.638739874524,81.24853116630662],[-49.63384367924638,81.24898150952086],[-49.62873798772964,81.2490440109431],[-49.62352936563117,81.24891465798231],[-49.618013854652595,81.24820123508024],[-49.61321581861625,81.24884333766032],[-49.617456606535534,81.2495745725735],[-49.61531625055557,81.25038171367765],[-49.61317571372829,81.25119320625286],[-49.6148656038026,81.25195127859979],[-49.61655558063839,81.25271377045304],[-49.61824547382361,81.2534763105516],[-49.61962332875786,81.25365466134116],[-49.62431919976607,81.25281188286411],[-49.629219556448874,81.25236150045059],[-49.634120253491844,81.25191114760918],[-49.63943556228344,81.25223668111956],[-49.63774086009788,81.25147422586889],[-49.633500099709224,81.2507473684372],[-49.638191167619645,81.24990451666848],[-49.642882112631064,81.24906624112333],[-49.647573398078514,81.24822793447814],[-49.65236202146296,81.24758140000321],[-49.65333014516845,81.24698384187535]]],"type":"Polygon"},"id":"000000000000000000eb","properties":{"area":175387.71122181384,"elevation":573.9682146030958,"region":"NO","year":2018},"type":"Feature"},{"geometry":{"coordinates":[[[-49.47313319893761,81.30115746182916],[-49.472731635068996,81.30038156787451],[-49.46847782884317,81.2996502864305],[-49.4680761931186,81.29886995611798],[-49.46392499664359,81.2983348685693],[-49.45918927073675,81.29917315985765],[-49.45435591232477,81.29981528450716],[-49.44881779107729,81.29909734195087],[-49.44368091065828,81.29915976942722],[-49.4385484290011,81.29921780415373],[-49.433509384566754,81.29947638317007],[-49.433710464534364,81.29986433055656],[-49.43153852082438,81.30067145794857],[-49.42936697216768,81.30147855541259],[-49.42848400583078,81.30226779865671],[-49.42888112602031,81.30304816727414],[-49.43184633173001,81.30379280533761],[-49.4348159545529,81.30454195896846],[-49.44015373230193,81.30486747264327],[-49.445593924441184,81.305389145797],[-49.450534603115486,81.30494323028815],[-49.451417411018944,81.30414955854818],[-49.45230042931424,81.3033558173081],[-49.45447166947866,81.3025487406458],[-49.459207228748824,81.30171482878562],[-49.464246076769925,81.30145622518427],[-49.469681608801196,81.3019779798156],[-49.47313319893761,81.30115746182916]]],"type":"Polygon"},"id":"000000000000000000ec","properties":{"area":314972.76304682525,"elevation":461.4500426305916,"region":"NO","year":2018},"type":"Feature"},{"geometry":{"coordinates":[[[-49.79977589296357,81.23536341808814],[-49.79392981103743,81.23407034303082],[-49.78448072879529,81.23321414482967],[-49.77482241831472,81.23196562272084],[-49.76537381230709,81.2311094363784],[-49.75593375445802,81.23025333902518],[-49.746386714573624,81.22920092934429],[-49.73726346785733,81.22892447950498],[-49.72876908581668,81.22981187965394],[-49.72696296750989,81.2312030796103],[-49.72387716969133,81.23261215074317],[-49.71824539057058,81.23405242489996],[-49.71133370438241,81.23550615541517],[-49.70824816998888,81.23691519870914],[-49.70770890917448,81.23828860183728],[-49.70079278272822,81.2397422821208],[-49.70407915553231,81.24107109180238],[-49.70683885878292,81.24142780701887],[-49.715761430782344,81.24131633716603],[-49.72458191032436,81.24100868193028],[-49.73160036362575,81.23974674492105],[-49.73850759007007,81.23829305858789],[-49.74710902279546,81.23759742892157],[-49.756138935924234,81.23767775768574],[-49.764526415584555,81.23659419656273],[-49.773658901054915,81.236870621637],[-49.782474397931196,81.23656296079876],[-49.79160683310563,81.23683493200362],[-49.79977589296357,81.23536341808814]]],"type":"Polygon"},"id":"000000000000000000ed","properties":{"area":1083596.944525258,"elevation":591.2020446145552,"region":"NO","year":2018},"type":"Feature"},{"geometry":{"coordinates":[[[-50.32846890264693,81.14290847578802],[-50.327644195588,81.14155285289124],[-50.32304681423558,81.14024632037011],[-50.31411520618582,81.14017943703716],[-50.305183447386824,81.14011260419113],[-50.301464757702426,81.1406521638255],[-50.30072881450554,81.14115597883344],[-50.297536267812376,81.14217713334216],[-50.2920560116458,81.1436263869111],[-50.28393608302647,81.14491501014204],[-50.279592659406674,81.14615018842744],[-50.28040908704724,81.14751022384353],[-50.28122488889638,81.14886581545636],[-50.283302916032554,81.15020797977898],[-50.28538065113163,81.15154569046253],[-50.288716085130574,81.15287002645931],[-50.28953653097577,81.15422560124456],[-50.29161467784632,81.15556780123927],[-50.29621647965638,81.1568699034297],[-50.298035477025415,81.15567041947973],[-50.29974334579819,81.15427916497711],[-50.300184687446865,81.15290130630677],[-50.303145840818495,81.15148771444092],[-50.30611085489272,81.15007866983217],[-50.31411518734633,81.14859381478352],[-50.32211493510528,81.14710889409896],[-50.322551488069806,81.14573104933358],[-50.328032130898016,81.14428632565034],[-50.32846890264693,81.14290847578802]]],"type":"Polygon"},"id":"000000000000000000ee","properties":{"area":776608.3273787919,"elevation":811.7655944184766,"region":"NO","year":2018},"type":"Feature"},{"geometry":{"coordinates":[[[-50.086411127482094,81.12234301237835],[-50.08618840870716,81.12195511528023],[-50.084707706211155,81.12158505924523],[-50.08322745400422,81.12121493349044],[-50.08551916670522,81.12079126273953],[-50.084034570439876,81.12042120578577],[-50.08130119085211,81.12006894898664],[-50.07856313961439,81.11971224742199],[-50.07708265375193,81.11934210032057],[-50.07811726486821,81.1189362717078],[-50.07549078410072,81.11877577459572],[-50.07286440991708,81.11861969521196],[-50.07012670734188,81.11826298312485],[-50.06739297260995,81.1179107429687],[-50.0646549365612,81.11755843415499],[-50.061921559759135,81.11720170913821],[-50.05929511110989,81.1170456461391],[-50.060776026183326,81.11741574264447],[-50.06350940123448,81.11776803788646],[-50.06373227338258,81.11815600271571],[-50.066470045727726,81.11850826654533],[-50.0692080322777,81.11886494558449],[-50.070688501448245,81.11923506647652],[-50.07091129032371,81.11962297106007],[-50.07113415494677,81.12001098712096],[-50.07135698032295,81.12039888878026],[-50.072837758935705,81.12076899555198],[-50.07306032840088,81.12115695567829],[-50.073283655278495,81.12154490308286],[-50.0760216360044,81.12190159163166],[-50.07875943942147,81.12225388072481],[-50.08149743269776,81.12260614659769],[-50.084123593978525,81.122766728168],[-50.086411127482094,81.12234301237835]]],"type":"Polygon"},"id":"000000000000000000ef","properties":{"area":80226.45122168987,"elevation":823.3634245777514,"region":"NO","year":2018},"type":"Feature"},{"geometry":{"coordinates":[[[-49.47970581751751,81.25398020780656],[-49.478230036830595,81.25360562654947],[-49.4756746813773,81.25363685793401],[-49.47292366019146,81.25327564601017],[-49.47016774674503,81.25291896427896],[-49.46741237969328,81.25256219791001],[-49.464759249180446,81.25239719404341],[-49.46220834881132,81.25242843981471],[-49.45955083509957,81.25226345455073],[-49.45699994573183,81.25229466129107],[-49.45444488622755,81.25232584667906],[-49.45189005773145,81.25235258025927],[-49.44933501107826,81.25238384007558],[-49.44688233644272,81.25260674821703],[-49.44452344490235,81.25302595931008],[-49.44472435231146,81.25341837192732],[-49.44492022881672,81.25380630658124],[-49.445121022941805,81.25419423223377],[-49.44659695586052,81.25456433715297],[-49.44807314801482,81.25493891855136],[-49.449549051891836,81.25531344089521],[-49.44974971336189,81.25570142018698],[-49.45230487229994,81.25567016909775],[-49.455056139178744,81.25603136569819],[-49.457611010389236,81.25600013629207],[-49.4602687607593,81.25616514224822],[-49.46272114557564,81.2559377842002],[-49.46527635817591,81.25590654861661],[-49.46773321411374,81.25568357828399],[-49.47028798819819,81.25565236626062],[-49.47284349264976,81.2556211251056],[-49.47539838780368,81.25559435858871],[-49.47775288361623,81.25517521749794],[-49.47883189940724,81.25476940636617],[-49.47863126185526,81.25438148121384],[-49.47970581751751,81.25398020780656]]],"type":"Polygon"},"id":"000000000000000000f0","properties":{"area":181732.4863047083,"elevation":567.7710784217453,"region":"NO","year":2018},"type":"Feature"},{"geometry":{"coordinates":[[[-49.41479017336562,81.27291800562199],[-49.41459391233688,81.27253007963654],[-49.414398017973994,81.27214209087141],[-49.41419687946733,81.27175416907986],[-49.414001018001635,81.27136617741047],[-49.41252479451731,81.27099165681989],[-49.4110490339394,81.27061706737791],[-49.40956860767312,81.27024696080474],[-49.40937248137579,81.26985453941074],[-49.40789679299605,81.2694844775402],[-49.405140535906455,81.26912331848729],[-49.40238079955493,81.26876655547674],[-49.399722966795494,81.26860153527365],[-49.397168153819315,81.26863278618332],[-49.39480454854304,81.26905196492613],[-49.395000701108586,81.26943990368933],[-49.395196870030695,81.26982784100205],[-49.395393055311395,81.27021577686425],[-49.39686926905409,81.27059036363706],[-49.397065537393026,81.27097829596788],[-49.39982566525745,81.2713349825691],[-49.400021716693765,81.27172297206528],[-49.402777377317086,81.27208412291573],[-49.40297356215088,81.27247210825146],[-49.405733970927756,81.27282880425969],[-49.40839154604429,81.27299379228499],[-49.41104920721046,81.27315875944299],[-49.413613157629335,81.27312758662218],[-49.41479017336562,81.27291800562199]]],"type":"Polygon"},"id":"000000000000000000f1","properties":{"area":99250.41022627047,"elevation":560.6658379274311,"region":"NO","year":2018},"type":"Feature"},{"geometry":{"coordinates":[[[-49.59869697369597,81.24081250662879],[-49.598286846696695,81.24003657664724],[-49.59405055758617,81.23930523138866],[-49.59364017039726,81.23852940889203],[-49.588133227558586,81.23781594726626],[-49.582827323757215,81.23749043309543],[-49.57742283490786,81.23696872521145],[-49.572018209527386,81.2364470525469],[-49.566818780137474,81.23631770769086],[-49.56151693663344,81.23598773277457],[-49.556625584462104,81.23643806407405],[-49.55172933215931,81.23688849586797],[-49.546627798242895,81.2369508749],[-49.546833367325554,81.23733884453517],[-49.54596372680112,81.2381325794669],[-49.54626686485459,81.23871667127726],[-49.551162791933216,81.23826634732947],[-49.55616151192068,81.23800768385631],[-49.5616689212207,81.23872560149431],[-49.567175474887726,81.23943907462937],[-49.57268246676768,81.24015251634387],[-49.57563890438305,81.24090160176772],[-49.58115041300402,81.24161508374256],[-49.58655921149255,81.24213680647286],[-49.59166068688059,81.24207437661492],[-49.59645393749854,81.24142780591961],[-49.59869697369597,81.24081250662879]]],"type":"Polygon"},"id":"000000000000000000f2","properties":{"area":285968.0769533594,"elevation":580.6214480634904,"region":"NO","year":2018},"type":"Feature"},{"geometry":{"coordinates":[[[-49.7079050402435,81.22440741689195],[-49.694340570224355,81.2230117253734],[-49.678448047288555,81.2220396699092],[-49.66390664987633,81.22358694341357],[-49.6481218357186,81.2228066074258],[-49.64687776476213,81.22047894068942],[-49.63673754203837,81.2182583718328],[-49.64312756633369,81.21583257044813],[-49.6462174310012,81.21442349788197],[-49.63065539405256,81.21403105705214],[-49.61488792846559,81.21325078050165],[-49.62440383834174,81.21430311431776],[-49.630722172451634,81.2165728116143],[-49.62305692579727,81.21901187787422],[-49.63532838521008,81.22042546601796],[-49.63402196094838,81.22278875477834],[-49.64162023141338,81.22503612049346],[-49.64795656230485,81.22730587615702],[-49.64537478446519,81.22968250687671],[-49.65426213343536,81.23191654743438],[-49.662421918014296,81.23279502737502],[-49.67622714669665,81.23223312886843],[-49.66351446767729,81.23004371177181],[-49.67117976508638,81.22760462648243],[-49.67884036843418,81.22516106056894],[-49.69505372193418,81.22671721960425],[-49.704921625365515,81.22600826612661],[-49.7079050402435,81.22440741689195]]],"type":"Polygon"},"id":"000000000000000000f3","properties":{"area":859717.0237408325,"elevation":626.3718184203625,"region":"NO","year":2018},"type":"Feature"},{"geometry":{"coordinates":[[[-50.27935198504638,81.12707867133398],[-50.27876767735528,81.12610655415844],[-50.27818810200333,81.12513890862803],[-50.27760852758092,81.12416681560073],[-50.27325645590855,81.12325276265244],[-50.26650962173194,81.12256604565908],[-50.26033831727753,81.12284693913857],[-50.25463077695649,81.12390821572957],[-50.248347965937654,81.12399737100982],[-50.24206064196733,81.12408659088022],[-50.236120993340386,81.12475543162527],[-50.235211306291106,81.12535743666419],[-50.232014488750366,81.12637854429572],[-50.2288171701856,81.12740416225202],[-50.22813440296234,81.1283896075292],[-50.22745274055362,81.12937951971905],[-50.229285163393165,81.13032930572427],[-50.23237535888749,81.1312657725601],[-50.236611578575236,81.13198807771617],[-50.243019311679134,81.13209512084627],[-50.24884736882501,81.13123006081238],[-50.25571878327423,81.13210849670092],[-50.26132851815234,81.13300922104168],[-50.264427363357335,81.13394114394028],[-50.2652211277585,81.13314750551504],[-50.26212616013175,81.13221552524233],[-50.26406142427359,81.13120776663943],[-50.269773602422745,81.13014649250647],[-50.271709346412074,81.12914319707912],[-50.276159408687604,81.12809978911115],[-50.27935198504638,81.12707867133398]]],"type":"Polygon"},"id":"000000000000000000f4","properties":{"area":661301.6515958314,"elevation":818.5140204937574,"region":"NO","year":2018},"type":"Feature"},{"geometry":{"coordinates":[[[-49.64318538412023,81.24241774832313],[-49.64042972852883,81.24206100391284],[-49.63766937534083,81.24170424658529],[-49.634913765687216,81.24134751720139],[-49.632158174338976,81.24098639289565],[-49.629710089706116,81.24121381159254],[-49.62736432465672,81.2416329500093],[-49.62502365282144,81.24205211154465],[-49.622677710552225,81.2424756983967],[-49.6202300004908,81.24269871441459],[-49.61778194718235,81.24292603245824],[-49.61543645500671,81.24334523480971],[-49.61309110835967,81.24376435757242],[-49.61074521123979,81.24418352384964],[-49.60839986074858,81.24460266187714],[-49.60595189974452,81.2448301053398],[-49.60350400444657,81.2450530975034],[-49.6049841197006,81.24542760850373],[-49.60774463185253,81.24578433209133],[-49.610500096424985,81.24614110383993],[-49.613256106001636,81.24649779079157],[-49.616016112105996,81.24685451624369],[-49.61866948646463,81.24701954894843],[-49.621014956709395,81.24660034929157],[-49.62336027759756,81.24618124448511],[-49.625705916216035,81.24575762704848],[-49.62805117903913,81.24533842460218],[-49.6303966405571,81.24491925543842],[-49.63274230077138,81.24450011955126],[-49.63508775849502,81.24408096562865],[-49.63742851957551,81.2436618553094],[-49.639774487455824,81.24323822191894],[-49.642115190978735,81.24281901402611],[-49.64318538412023,81.24241774832313]]],"type":"Polygon"},"id":"000000000000000000f5","properties":{"area":192609.24358984322,"elevation":588.1267094096291,"region":"NO","year":2018},"type":"Feature"},{"geometry":{"coordinates":[[[-49.69066163767991,81.24475874628725],[-49.69034926847534,81.24417464178113],[-49.68599700251845,81.24325160564177],[-49.681649347605564,81.24232856813443],[-49.683678526647874,81.24132524820223],[-49.68188141446589,81.24037100671136],[-49.68645635901698,81.23933651398319],[-49.67956260844591,81.23844465553131],[-49.68031630344222,81.23745925991055],[-49.674697845955464,81.23654958856609],[-49.67672229052509,81.23555069147994],[-49.670354682480195,81.23562652009191],[-49.66439706257158,81.23648267275503],[-49.65750786232427,81.23559085136884],[-49.6509262299056,81.23528317464249],[-49.65654501047265,81.23619280466824],[-49.65196561056169,81.2372228676027],[-49.65248256206607,81.23819492751804],[-49.658100970968164,81.2391046540937],[-49.653521735037394,81.24013912220421],[-49.65403882183518,81.24110678299142],[-49.64818416493009,81.24215909349945],[-49.65114923150099,81.24290378996899],[-49.65752591858424,81.24282356083272],[-49.66390237702773,81.24274775782591],[-49.67048385044283,81.24305541593559],[-49.67738221378554,81.2439471680361],[-49.684284966455735,81.24483907154148],[-49.69066163767991,81.24475874628725]]],"type":"Polygon"},"id":"000000000000000000f6","properties":{"area":402893.2177677874,"elevation":602.7581125961208,"region":"NO","year":2018},"type":"Feature"},{"geometry":{"coordinates":[[[-50.18883667388763,81.16894956320571],[-50.182410908449626,81.16453953518568],[-50.16348199981348,81.16049957892974],[-50.13538076563803,81.15814963554644],[-50.12268146565555,81.15382428711092],[-50.107471369691474,81.14953914030934],[-50.09101743254073,81.14526287736423],[-50.06102078147603,81.14391617811786],[-50.03014613969713,81.14100881810991],[-50.00072976497721,81.1406253641626],[-49.97163855469933,81.14082159874418],[-49.973502220394806,81.14412127550548],[-49.97350642262338,81.14861609793151],[-49.97476839377447,81.15309749081047],[-49.97351128705506,81.15761453185934],[-49.97603955505588,81.16207812874732],[-49.98741474388441,81.16642124370065],[-50.01405783960568,81.16626071737909],[-50.039550300887235,81.16630536386904],[-50.06712534467473,81.16553839406204],[-50.093041835684296,81.16851262311013],[-50.11819984830228,81.16797303980553],[-50.13344577939113,81.1722581980455],[-50.14284979595278,81.1752592239014],[-50.15034553609019,81.17065743996935],[-50.17883484155063,81.17358707555799],[-50.18883667388763,81.16894956320571]]],"type":"Polygon"},"id":"000000000000000000f7","properties":{"area":6541463.110530115,"elevation":787.7766469622574,"region":"NO","year":2018},"type":"Feature"},{"geometry":{"coordinates":[[[-49.7613559451903,81.17446549589347],[-49.76104386415129,81.17388134203016],[-49.76072724851253,81.173301684287],[-49.76041038535113,81.17271753602594],[-49.75629934276336,81.17218241143144],[-49.752187931249814,81.17165179426607],[-49.74829083553752,81.17150468844356],[-49.744389332469346,81.17135748767073],[-49.74059466345631,81.17140657467799],[-49.736799948497186,81.17145561884226],[-49.732902434860065,81.17130845848367],[-49.7291077564802,81.17135752892506],[-49.72552288708616,81.17179449737442],[-49.7217280236646,81.17184359706914],[-49.71824564070797,81.17247226366987],[-49.71445086429125,81.17252133189372],[-49.71086575007518,81.17295835374739],[-49.710968220916264,81.17315008268243],[-49.708752148641864,81.17376543572387],[-49.71138725348204,81.17392590564224],[-49.715182112420464,81.17388137097247],[-49.71908381431079,81.17402408156961],[-49.722878659352894,81.17397946021211],[-49.72646363942714,81.17354242717629],[-49.730155708890884,81.17329724010925],[-49.733950255149736,81.17325260620498],[-49.73774528019581,81.17320354465357],[-49.74153991455516,81.17315450198727],[-49.74554409180545,81.17349341228457],[-49.74933883556566,81.17344439489108],[-49.75344999231875,81.1739794856939],[-49.757561240862884,81.17451458607407],[-49.7613559451903,81.17446549589347]]],"type":"Polygon"},"id":"000000000000000000f8","properties":{"area":170855.72901966015,"elevation":815.0913588936731,"region":"NO","year":2018},"type":"Feature"},{"geometry":{"coordinates":[[[-50.19234603360875,81.10424807900034],[-50.18345422909233,81.10202295088308],[-50.17707366499372,81.09976661839524],[-50.16192152777116,81.09763075189599],[-50.149284709108585,81.09545913336304],[-50.13312007821119,81.0937289918248],[-50.11729494021593,81.09257860723115],[-50.10293197676536,81.09395199631611],[-50.08878778481415,81.09571334679258],[-50.07508057835874,81.09824607209711],[-50.06092286977517,81.10000744641316],[-50.060780430070814,81.10196496489478],[-50.06211325410051,81.1042926364447],[-50.06846759969126,81.10655342592908],[-50.082357689132124,81.1087071523948],[-50.092484423439615,81.11091441166481],[-50.102619911890585,81.11312609885954],[-50.11401719410903,81.11531550469964],[-50.12792976755849,81.11746929589827],[-50.14036641379194,81.11925293255632],[-50.140834639304,81.11787502267327],[-50.13822141531791,81.11556527103629],[-50.13812323967422,81.11321971382034],[-50.14680962465492,81.11074944556682],[-50.16074003803499,81.10860013688027],[-50.17534767524209,81.10761464169317],[-50.18995117170376,81.10662919601654],[-50.19234603360875,81.10424807900034]]],"type":"Polygon"},"id":"000000000000000000f9","properties":{"area":3445204.8346674195,"elevation":819.0378274975704,"region":"NO","year":2018},"type":"Feature"},{"geometry":{"coordinates":[[[-49.99398287907583,81.01057565375707],[-49.98782517958122,81.00851112328137],[-49.97670356256297,81.0065089956998],[-49.96931074601611,81.00446228341806],[-49.96936431737352,81.00230853929368],[-49.96817786611673,81.00017260665541],[-49.969475550557696,80.99800548071983],[-49.970769054446215,80.99583836298115],[-49.969582473582015,80.99370243894553],[-49.962309871662164,80.99184742394995],[-49.96160978184506,80.99283289468865],[-49.95907231477219,80.9950178951988],[-49.96025426959131,80.99715381152741],[-49.9515190978267,80.99942350275215],[-49.937338714323495,80.99863866614967],[-49.92859475479393,81.00090837202318],[-49.924809059818635,81.00310668809429],[-49.918539613081236,81.00534515447609],[-49.9184727331974,81.00749446890312],[-49.919649992117854,81.00963036653957],[-49.92578969748224,81.01169494943386],[-49.935448533581486,81.0133269638693],[-49.949757496709466,81.01430790979589],[-49.962671308889945,81.01276063766676],[-49.9764407500668,81.01276954390144],[-49.98653619484748,81.01067826248469],[-49.99398287907583,81.01057565375707]]],"type":"Polygon"},"id":"000000000000000000fa","properties":{"area":1571441.2790149031,"elevation":905.9689102076038,"region":"NO","year":2018},"type":"Feature"},{"geometry":{"coordinates":[[[-49.46936952841694,81.09942774043456],[-49.46772402025082,81.09866525025429],[-49.46356839027174,81.09793391066248],[-49.45941267429207,81.09720263831368],[-49.45650955897311,81.09645355612683],[-49.45129707095621,81.0961280411262],[-49.44598613329533,81.09560627764641],[-49.440675442559254,81.09508460242408],[-49.43565444941988,81.09514251300892],[-49.430638047827074,81.09520500534242],[-49.425621437960274,81.09526293175125],[-49.42089031045715,81.09590510521288],[-49.4162615901516,81.09674337290289],[-49.41413910616935,81.09755044482783],[-49.409506143503236,81.09838875721931],[-49.40487306097979,81.09922261115388],[-49.40526135656504,81.10000296643342],[-49.40941262810694,81.10073423255248],[-49.4144333729226,81.10067182034526],[-49.4198424498943,81.10138973395325],[-49.42496155987917,81.10152350243706],[-49.42998240133398,81.10146552177717],[-49.43510136364382,81.10159930938885],[-49.440028706345736,81.10134517503714],[-49.44504968346498,81.10128275499878],[-49.44987472763049,81.10083235565874],[-49.45469912595543,81.10038643588085],[-49.459626553957314,81.10013227593362],[-49.464643153517905,81.10006983521853],[-49.46936952841694,81.09942774043456]]],"type":"Polygon"},"id":"000000000000000000fb","properties":{"area":518979.02061493526,"elevation":858.4022458556169,"region":"NO","year":2018},"type":"Feature"},{"geometry":{"coordinates":[[[-49.27517994202584,81.14636424219134],[-49.27363297421443,81.14579798667809],[-49.26278861261042,81.14435762355862],[-49.2579994733228,81.14294855282759],[-49.25894906795587,81.14166879501155],[-49.24939792643468,81.14089737731753],[-49.2419242652853,81.14117826572837],[-49.231458902422645,81.14051393826286],[-49.232907881054985,81.14088846705786],[-49.23743845534875,81.14240012430123],[-49.229420854360356,81.14356841137942],[-49.22566171956186,81.14429520242105],[-49.23035287550042,81.1455125410352],[-49.23355462723532,81.14689038849684],[-49.2278737492807,81.14827719424135],[-49.2286183979478,81.14982900981033],[-49.22782448829685,81.15081445325026],[-49.23745629190913,81.14972643224917],[-49.241152832134624,81.14949003208295],[-49.24418965637723,81.14789371061372],[-49.246245089921054,81.14689483079941],[-49.24189721164218,81.14577118648765],[-49.233420841991425,81.14459399155861],[-49.236457464544536,81.14299767030151],[-49.24664190781233,81.14307787895822],[-49.25496255357443,81.14454489497975],[-49.26344379492227,81.14571771052833],[-49.26517840175845,81.14667636597444],[-49.27517994202584,81.14636424219134]]],"type":"Polygon"},"id":"000000000000000000fc","properties":{"area":274565.7293670455,"elevation":864.0528147866696,"region":"NO","year":2018},"type":"Feature"},{"geometry":{"coordinates":[[[-49.15972068353238,81.16251955622027],[-49.15926138129242,81.16155197456416],[-49.15753998677821,81.16059323548726],[-49.15455280483993,81.15964791519308],[-49.14940238336668,81.15950969621778],[-49.14308398774801,81.15958098413716],[-49.1370372014432,81.1602364641938],[-49.13604745267743,81.16083402118228],[-49.136502227514164,81.16180166554304],[-49.136961561104286,81.16277373355616],[-49.13741613195532,81.16374579580555],[-49.13787530631463,81.16471790706187],[-49.13454011445288,81.16573007719825],[-49.128667543369865,81.16677357004208],[-49.12533224902317,81.1677857231525],[-49.1194594038914,81.16882918025958],[-49.121992200902135,81.1688024274393],[-49.12786068764081,81.16775903243997],[-49.13418803166144,81.16768765704903],[-49.140970523361936,81.16858840473444],[-49.14603108774719,81.16853489808764],[-49.14810487123598,81.1675360873678],[-49.15144038223026,81.16651935336397],[-49.154780125931204,81.16550717338103],[-49.15684942547001,81.16450831696032],[-49.15891796275119,81.16350949957015],[-49.15972068353238,81.16251955622027]]],"type":"Polygon"},"id":"000000000000000000fd","properties":{"area":333100.6918553034,"elevation":825.0213815967086,"region":"NO","year":2018},"type":"Feature"},{"geometry":{"coordinates":[[[-49.2995359002625,81.14227521692716],[-49.29839876856449,81.1419408608255],[-49.29697616515564,81.14161977600804],[-49.29426535025304,81.1412630177399],[-49.29155396076067,81.14090187069951],[-49.28884318340486,81.14054512807552],[-49.288651140184086,81.14015269080889],[-49.28846402983375,81.1397647352822],[-49.28575258304028,81.1394080353716],[-49.28304165366242,81.13904687580757],[-49.2814361932702,81.13896658454085],[-49.281249042009186,81.13857868253753],[-49.27881892100831,81.13880161570752],[-49.276486810702046,81.139216263495],[-49.27415011885984,81.13963543879936],[-49.2726342306687,81.1398495202743],[-49.270712200268854,81.13977368042923],[-49.27076141559994,81.13987176065595],[-49.27055596736219,81.14006799773806],[-49.27198311525214,81.14039355862221],[-49.269922853617686,81.14076364086071],[-49.26759069554881,81.1411783221003],[-49.26644488679472,81.14143696614293],[-49.26626631161321,81.14168217829383],[-49.26897766272701,81.14203891542859],[-49.271403168004035,81.14181596278078],[-49.273833407891864,81.14159298686636],[-49.2765447150262,81.14195421313815],[-49.27925614856754,81.14231092810452],[-49.28187361284251,81.14247589899912],[-49.2842099589805,81.14206117884389],[-49.28663555250653,81.1418382804748],[-49.289346955450206,81.14219497589657],[-49.29177730608647,81.14197203512977],[-49.29420754482966,81.1417490761801],[-49.296918171365654,81.14211027026198],[-49.2995359002625,81.14227521692716]]],"type":"Polygon"},"id":"000000000000000000fe","properties":{"area":112370.2309411451,"elevation":872.7478603926062,"region":"NO","year":2018},"type":"Feature"},{"geometry":{"coordinates":[[[-45.62277508610883,81.44800903554287],[-45.62143738317433,81.44762109425076],[-45.62140618134886,81.4472287223935],[-45.62137949712167,81.44684080498313],[-45.621352427383876,81.44645283038899],[-45.62132161365686,81.44606039716626],[-45.62129493646683,81.4456724756248],[-45.618673070716525,81.44567692766267],[-45.61606852146516,81.44587316656103],[-45.613477856375106,81.44627001230921],[-45.61350498736538,81.44665793092888],[-45.61091372294381,81.44705034777141],[-45.609629722558,81.44744276961731],[-45.60834983948596,81.44783512140522],[-45.60837705475437,81.44822755472109],[-45.60840360480354,81.44861552396188],[-45.60974130111971,81.44900345465585],[-45.60976828943865,81.44939136388915],[-45.612403325555086,81.44958308297699],[-45.61503885451947,81.44977483759286],[-45.6176606874421,81.44977035887159],[-45.61895811543643,81.4495741865524],[-45.62023779488652,81.44918180188994],[-45.621521980213785,81.44878940285427],[-45.62149566701166,81.44840143377829],[-45.62277508610883,81.44800903554287]]],"type":"Polygon"},"id":"000000000000000000ff","properties":{"area":73878.30189083278,"elevation":439.8422252400814,"region":"NO","year":2018},"type":"Feature"},{"geometry":{"coordinates":[[[-44.43787621129352,81.62517806627645],[-44.43257398593305,81.62438877732244],[-44.4272366747778,81.62418818408773],[-44.42185914121938,81.62456714281541],[-44.41654834256156,81.6239740801626],[-44.41125064510579,81.62318931879163],[-44.41264205388719,81.62240893822472],[-44.41133095152422,81.62201655190063],[-44.40602499484433,81.62142349136269],[-44.400647106086005,81.6218069884258],[-44.39530958335206,81.62160635777111],[-44.38994537892911,81.62178916310744],[-44.38459443134071,81.62178467072866],[-44.37921221811204,81.62216371823918],[-44.37383436128185,81.62254714810219],[-44.37783460642937,81.62274784715196],[-44.38318542082481,81.62275678393911],[-44.388549432357266,81.62256951116868],[-44.39390015187181,81.62257839941005],[-44.39927798144469,81.62219489298887],[-44.404575791492704,81.62298418703396],[-44.409868510106286,81.62376898597263],[-44.40847706286897,81.6245492901434],[-44.41243717499143,81.62533412925504],[-44.417774550043525,81.62553922949841],[-44.42314296716806,81.62535195256018],[-44.42845417601397,81.62594502042849],[-44.43380945484226,81.62594947514516],[-44.43787621129352,81.62517806627645]]],"type":"Polygon"},"id":"00000000000000000100","properties":{"area":132806.4338638959,"elevation":415.5346709695525,"region":"NO","year":2018},"type":"Feature"},{"geometry":{"coordinates":[[[-45.56870421997801,81.46251451700219],[-45.56869063352356,81.46231832593564],[-45.568677309565935,81.46212654084913],[-45.56866372427026,81.46193034908765],[-45.56865090905455,81.46173415571799],[-45.56863732491401,81.46153796325375],[-45.56862362184725,81.46134623392116],[-45.5686104202396,81.46114998364183],[-45.56860145443338,81.46095378259116],[-45.568588141069256,81.46076210810004],[-45.56725952655134,81.46056591232318],[-45.56593507394432,81.46037411128302],[-45.56592154760804,81.46017791628911],[-45.565908289106666,81.45998624034826],[-45.56589514525225,81.45978998754174],[-45.565886236581456,81.45959378399746],[-45.56455694887639,81.45940204066137],[-45.56454806805514,81.45920583639327],[-45.564534838542144,81.45901415870607],[-45.56321039595359,81.45881793816025],[-45.56319718716985,81.45862614676213],[-45.5631837196728,81.45842994854483],[-45.561872444331456,81.45842997755912],[-45.560557580776305,81.45843441431332],[-45.55924630458672,81.45843443343345],[-45.557948769528345,81.45863058889881],[-45.55664657219616,81.4588268595367],[-45.5553491927264,81.45902752404365],[-45.55405149714241,81.45922366389577],[-45.552749520336,81.45941986176351],[-45.55145172461875,81.45961610419177],[-45.55146495344729,81.45981230070217],[-45.5527898022788,81.46000404350822],[-45.55411393473753,81.46019578216936],[-45.55543799451508,81.46039197898278],[-45.55676262152431,81.4605837627855],[-45.558086913535526,81.46077548534508],[-45.55941125852391,81.4609672025399],[-45.55942465260675,81.46116339635392],[-45.55943804726671,81.46135958981657],[-45.56076250013675,81.46155130086673],[-45.56077554138962,81.46174755069957],[-45.56078908782286,81.46193927961411],[-45.56211352541839,81.46213544797575],[-45.56344237499193,81.4623271971585],[-45.56476666039149,81.46251894843185],[-45.566090878080615,81.46271515776776],[-45.567401709453264,81.4627107078953],[-45.56870421997801,81.46251451700219]]],"type":"Polygon"},"id":"00000000000000000101","properties":{"area":68439.40850009091,"elevation":411.53570687149664,"region":"NO","year":2018},"type":"Feature"},{"geometry":{"coordinates":[[[-50.68529525245103,81.10540292191111],[-50.685045481094825,81.10501502543785],[-50.68479566583132,81.10462701461559],[-50.684545935311185,81.10423911515035],[-50.684296561464876,81.10385115145608],[-50.68404647119584,81.10346319887847],[-50.68129092813973,81.10311544432548],[-50.67853517228665,81.10276761615206],[-50.67577931038595,81.10241532527617],[-50.67314862687175,81.10225926955829],[-50.67064256019651,81.10229940237714],[-50.66838591196602,81.10272748367942],[-50.66863611213603,81.10311543693126],[-50.667627967130876,81.1035212216474],[-50.66787775945372,81.10390912256972],[-50.66812763632397,81.10429713485277],[-50.66837746948274,81.10468503278318],[-50.668622500778646,81.10507295454569],[-50.6676193857141,81.10547875666057],[-50.66786889547611,81.1058667136203],[-50.66811876208613,81.1062546063686],[-50.669621554988744,81.10662026186752],[-50.66987117391116,81.10700821355678],[-50.67137369977684,81.10737831059791],[-50.672751678289245,81.10755220068431],[-50.6753826852876,81.10770832968187],[-50.67788860876834,81.10766819056032],[-50.6790215115377,81.10745858744514],[-50.68002445291602,81.10704836896076],[-50.68228077208627,81.10662474067368],[-50.683288318244436,81.10621448348232],[-50.68429165781883,81.10580873636698],[-50.68529525245103,81.10540292191111]]],"type":"Polygon"},"id":"00000000000000000102","properties":{"area":135523.77918241252,"elevation":896.5455142864656,"region":"NO","year":2018},"type":"Feature"},{"geometry":{"coordinates":[[[-49.51015690161081,81.3374634563282],[-49.5099518617825,81.3370755689412],[-49.50974678674963,81.33668756728186],[-49.50825772757463,81.33631303112469],[-49.50676343624664,81.33593844434293],[-49.503980933949336,81.3355817288051],[-49.501403684788954,81.33561293989027],[-49.49862111346348,81.33525624159353],[-49.49583856978886,81.33489503908781],[-49.493261517597894,81.33492630224136],[-49.49068404098335,81.33495749458224],[-49.48820487960474,81.33518485464374],[-49.485827960356296,81.33560401709134],[-49.483451826516514,81.33601872206393],[-49.48365670941517,81.33641109841606],[-49.48385730742182,81.33679910354125],[-49.4853509983891,81.3371691313198],[-49.486840081215256,81.33754375304092],[-49.48833422206755,81.33791835905072],[-49.48853498893651,81.33830624359096],[-49.48874001212689,81.3386942412747],[-49.49152241931676,81.33905090639593],[-49.49430484843874,81.33941209000588],[-49.49688197814688,81.33938089304878],[-49.49946403179282,81.33934966844888],[-49.50193920576535,81.33912672554581],[-49.50431555872012,81.33870758794747],[-49.506897398886075,81.33867630703008],[-49.5092742308452,81.33825723585029],[-49.509069155267696,81.33786923795229],[-49.51015690161081,81.3374634563282]]],"type":"Polygon"},"id":"00000000000000000103","properties":{"area":153634.19665163592,"elevation":394.0277170627353,"region":"NO","year":2018},"type":"Feature"},{"geometry":{"coordinates":[[[-49.79230665610211,81.28942107260978],[-49.78963568855254,81.28926061179355],[-49.786964401074826,81.28910007885756],[-49.78418678116958,81.28874331675007],[-49.78140866371261,81.28838665455676],[-49.77863069040809,81.28802985605866],[-49.77606695347162,81.28806555020438],[-49.77350705991208,81.28809674074752],[-49.7709430364857,81.28812802654791],[-49.76837923431576,81.28816366286308],[-49.765922419803246,81.28838662074381],[-49.76357213220122,81.28881019555911],[-49.76378651058027,81.28919815994055],[-49.76527997177175,81.28956830979838],[-49.768057809219286,81.28992498625605],[-49.77083590125327,81.29028175204165],[-49.77361419278927,81.29063849433807],[-49.7751124081882,81.29100859543851],[-49.776606467246424,81.29138312197117],[-49.77682026852882,81.29177102932594],[-49.77938387364041,81.29173540424668],[-49.781845421931905,81.29151246797],[-49.78419553545374,81.29108877756445],[-49.78654088478805,81.29066967686843],[-49.78889094857472,81.29025054573543],[-49.791241253421305,81.28982690343412],[-49.79230665610211,81.28942107260978]]],"type":"Polygon"},"id":"00000000000000000104","properties":{"area":110127.16751131257,"elevation":472.23395760978946,"region":"NO","year":2018},"type":"Feature"},{"geometry":{"coordinates":[[[-49.934819570057684,81.26763846636685],[-49.926485611812474,81.26657272175422],[-49.92071076378301,81.26547572380305],[-49.91238600995062,81.26441004385566],[-49.90661565473672,81.26331310599956],[-49.900952806288885,81.26240788226961],[-49.89306865116901,81.26212251848797],[-49.88562245762105,81.2626085633911],[-49.87795278171583,81.26270663141018],[-49.87028752547209,81.26280923269198],[-49.87178590747943,81.26317932901932],[-49.871157137299,81.2643610011078],[-49.87820236724296,81.2654445059915],[-49.88397258353117,81.26654147972906],[-49.891860323820914,81.26683130496042],[-49.89996748960286,81.26750464990083],[-49.90829689818222,81.2685703872404],[-49.90256225837368,81.26981894863246],[-49.904502323300264,81.27096937129697],[-49.90643723605237,81.27211536437687],[-49.89942347884043,81.27338172617767],[-49.90592913691341,81.27349320328227],[-49.9129433145489,81.27222686077408],[-49.920947209219705,81.2727084273874],[-49.92818436049296,81.27183001605226],[-49.92379655752852,81.27091143058057],[-49.92185716480338,81.2697653901685],[-49.92886673875307,81.26849900939091],[-49.934819570057684,81.26763846636685]]],"type":"Polygon"},"id":"00000000000000000105","properties":{"area":553355.0268780055,"elevation":536.9122949146483,"region":"NO","year":2018},"type":"Feature"},{"geometry":{"coordinates":[[[-49.72213856664767,81.35248171762086],[-49.720635364923716,81.35211160111317],[-49.71783942468741,81.35175491506737],[-49.71633697915781,81.35138028719321],[-49.716122920530275,81.3509923998907],[-49.71462017810052,81.35062225267052],[-49.713113138630824,81.35024773136269],[-49.711610274739506,81.34987763036771],[-49.70892147511613,81.34971260940308],[-49.70623268342426,81.34955210901028],[-49.70365080117512,81.34958332322907],[-49.70106889852577,81.34961451803682],[-49.698594376793466,81.34984196150528],[-49.69880392151938,81.35022991477713],[-49.69772479179253,81.35063565755944],[-49.6979385128727,81.35102360779638],[-49.69944139740372,81.35139370264386],[-49.700943908133546,81.35176828026542],[-49.701158136693685,81.35215616312031],[-49.70373995895186,81.35212497961577],[-49.706535860877445,81.35248171692609],[-49.709331613935035,81.3528384922023],[-49.71212792064542,81.35319518227567],[-49.714816707814215,81.35335570467527],[-49.71740262757982,81.35332447998469],[-49.719984740016926,81.35329328800077],[-49.72106361915137,81.35288753559065],[-49.72213856664767,81.35248171762086]]],"type":"Polygon"},"id":"00000000000000000106","properties":{"area":100156.80666670876,"elevation":315.56466289317177,"region":"NO","year":2018},"type":"Feature"},{"geometry":{"coordinates":[[[-50.41130601413478,81.22801038349485],[-50.4085188766566,81.22765815172191],[-50.40827825622577,81.22727017771646],[-50.40676644478871,81.22690008954794],[-50.40525492590566,81.22653442785567],[-50.405013717750705,81.22614645980684],[-50.402592642812166,81.2263739070128],[-50.400171629275945,81.22660577057616],[-50.39774561451368,81.22683763750345],[-50.39798615132588,81.22722555749235],[-50.395685190248145,81.22764921020953],[-50.39592641461953,81.22803711678355],[-50.39489173709241,81.22844293579402],[-50.39513260939611,81.22883090250302],[-50.39537309735661,81.22921881729738],[-50.39561435202344,81.22960671864523],[-50.397125773168355,81.2299767970846],[-50.39863736958733,81.23034698049815],[-50.40130382804762,81.23050298380953],[-50.4037250208603,81.23027113364653],[-50.406150818394195,81.23004374064027],[-50.408452089996565,81.22961564245733],[-50.40821107689612,81.22922773755734],[-50.40797042609262,81.22883976878246],[-50.41027571831658,81.22841619055531],[-50.41130601413478,81.22801038349485]]],"type":"Polygon"},"id":"00000000000000000107","properties":{"area":83841.67073908343,"elevation":667.8836531871142,"region":"NO","year":2018},"type":"Feature"},{"geometry":{"coordinates":[[[-50.21121708353536,81.27956208038619],[-50.20982107514335,81.27938815492897],[-50.20714575178848,81.27922766208407],[-50.20435433280473,81.27887538970845],[-50.20156311111032,81.27852309365389],[-50.19877174130634,81.27817083605437],[-50.19725968494217,81.27780072553249],[-50.19702340032608,81.27741277409658],[-50.1955119330443,81.2770427041772],[-50.1940001744182,81.27667257584747],[-50.19632829633458,81.27624892934243],[-50.194816286940146,81.27587886423194],[-50.19237253613035,81.27610624055724],[-50.19260444318181,81.27649420631184],[-50.19028175682221,81.27691779638572],[-50.189233782541805,81.27732357620285],[-50.18818572155104,81.27772935118692],[-50.18585804184531,81.27815297459743],[-50.183530157960284,81.27857658021414],[-50.18120738590157,81.27900020054396],[-50.178879499189364,81.27942382125538],[-50.1765518136172,81.27984747482661],[-50.17794761032507,81.28002136005668],[-50.1806230065358,81.28018190545897],[-50.18318262364616,81.28014623483305],[-50.18597396760151,81.28049850093015],[-50.18876550888966,81.28085074334957],[-50.191556901972454,81.2812030242121],[-50.194000379275636,81.2809755762669],[-50.19632801352592,81.28055197069843],[-50.198655443554415,81.28012834734326],[-50.20098307485773,81.27970475682832],[-50.20330634213144,81.2792811554697],[-50.20598196894485,81.2794416161384],[-50.20877742159296,81.2797939288311],[-50.21121708353536,81.27956208038619]]],"type":"Polygon"},"id":"00000000000000000108","properties":{"area":121003.9247964282,"elevation":523.0436358279316,"region":"NO","year":2018},"type":"Feature"},{"geometry":{"coordinates":[[[-49.93684414499765,81.36403081399574],[-49.93521670601699,81.36346449695948],[-49.93156001329735,81.36390597930173],[-49.92745747970461,81.36356704068406],[-49.92358223841126,81.36361611095724],[-49.91948014626523,81.36327718971775],[-49.91527059989588,81.36274657546147],[-49.91116844935028,81.36240767703447],[-49.9070704232719,81.36206878760014],[-49.902861356837185,81.36153814104426],[-49.898870308827306,81.3613909872291],[-49.89499509473447,81.36144451555035],[-49.891115682545326,81.3614935746482],[-49.88701805684074,81.36115468156832],[-49.88993449068972,81.36170314954683],[-49.89414360430297,81.36223825746431],[-49.89835322160921,81.36276888336278],[-49.902562184132925,81.3632995284723],[-49.906776162237065,81.36383459641523],[-49.910985683495475,81.36436519646816],[-49.91519952415219,81.36490034277708],[-49.91907876074944,81.36484683428836],[-49.92318110163574,81.36518570538999],[-49.92727917292598,81.36552459231717],[-49.93104704973158,81.36527930648913],[-49.934592297603416,81.36464614296699],[-49.93684414499765,81.36403081399574]]],"type":"Polygon"},"id":"00000000000000000109","properties":{"area":130067.88920063582,"elevation":296.90281948615296,"region":"NO","year":2018},"type":"Feature"},{"geometry":{"coordinates":[[[-50.21209519004025,81.31105219285091],[-50.20929509118534,81.31069992520341],[-50.20661072731501,81.31053941104238],[-50.20427385764986,81.3109630587086],[-50.2017057851371,81.31099870288422],[-50.19913734313878,81.31103438987624],[-50.19680077282836,81.31145797251921],[-50.19446857733302,81.31188158110933],[-50.19470006328785,81.31226955664081],[-50.19236381347989,81.31269320481228],[-50.19388426927039,81.31306329407803],[-50.19668446253317,81.3134155675999],[-50.195632229613494,81.31382135187381],[-50.197152985804905,81.31419142325893],[-50.1973846392734,81.31457938906155],[-50.199957794159154,81.31454366018905],[-50.20241020305782,81.31431633356561],[-50.20474679287961,81.31389267366558],[-50.2073152060454,81.31385695807394],[-50.20964735179433,81.31343338222126],[-50.21198381286956,81.31300971942551],[-50.211747853275746,81.31262181483353],[-50.21151568044348,81.31223385111619],[-50.20999504874836,81.31186377445881],[-50.21104762646939,81.31145797680357],[-50.21209519004025,81.31105219285091]]],"type":"Polygon"},"id":"0000000000000000010a","properties":{"area":91999.23870288777,"elevation":408.6918622848203,"region":"NO","year":2018},"type":"Feature"},{"geometry":{"coordinates":[[[-49.895976372210264,81.29924004719757],[-49.89564616921283,81.29865594523021],[-49.891468143873084,81.29812524711056],[-49.887289921632245,81.29759018838212],[-49.88311174670997,81.29705956962414],[-49.87893332212421,81.29652447740348],[-49.874759861666945,81.29599381145569],[-49.87069328495211,81.29565491612051],[-49.86695196766455,81.29590022173035],[-49.863433948109154,81.29652892169642],[-49.85991129222555,81.29716212801006],[-49.86001782419573,81.29735832107058],[-49.86419632037042,81.29788897204351],[-49.86324187176271,81.29848649954604],[-49.864851857617204,81.29905276488654],[-49.86517722339052,81.29963693504855],[-49.86293887744266,81.30025228958384],[-49.86657295021294,81.29981531681267],[-49.87053279699712,81.29995797415906],[-49.874599262630255,81.30029683111803],[-49.87877758393542,81.30083198143814],[-49.88295600571394,81.30136259666912],[-49.88713829518914,81.30189771044824],[-49.88874807224909,81.30245956250619],[-49.88651426496085,81.30307932080929],[-49.88907800537309,81.30304365062572],[-49.89281930333014,81.30279837962662],[-49.89248910534924,81.30221872455692],[-49.89216392263998,81.30163462116919],[-49.889265676033496,81.30108612171429],[-49.88893540014244,81.30050197250387],[-49.892458176169335,81.29987324406832],[-49.895976372210264,81.29924004719757]]],"type":"Polygon"},"id":"0000000000000000010b","properties":{"area":229771.49764713377,"elevation":452.83926487293996,"region":"NO","year":2018},"type":"Feature"},{"geometry":{"coordinates":[[[-50.24981524508728,81.23891733662292],[-50.246916476212945,81.2383688372469],[-50.242747339908775,81.2378427168866],[-50.238573243395194,81.23731207806655],[-50.23822587637297,81.23673238741135],[-50.23532695183545,81.23618391612617],[-50.23243339831006,81.23563994559404],[-50.235902392530164,81.23500226141584],[-50.233003868669435,81.23445825877162],[-50.22907109525243,81.23431552246555],[-50.225018007296974,81.23398109381614],[-50.221548602154776,81.23461435097614],[-50.21807958705383,81.2352519907391],[-50.21402611297042,81.23491749577973],[-50.20997296525173,81.23458306459185],[-50.209049541777084,81.23518061664753],[-50.20557615567017,81.23581823219429],[-50.205928354078075,81.23639796719567],[-50.20754692005466,81.23696425316662],[-50.20917012783985,81.23752613858984],[-50.213339573312126,81.23805673073049],[-50.217508772627994,81.23858739411077],[-50.2216779128066,81.23911352003816],[-50.22330128441264,81.23967983610196],[-50.22735444088982,81.24001430606957],[-50.23117583620134,81.23996082351543],[-50.23522935748392,81.2402951991809],[-50.23870284181128,81.23965758166203],[-50.242171833237315,81.23902436549288],[-50.24576171604316,81.23858290545763],[-50.24981524508728,81.23891733662292]]],"type":"Polygon"},"id":"0000000000000000010c","properties":{"area":263308.1659427815,"elevation":636.4860869565214,"region":"NO","year":2018},"type":"Feature"},{"geometry":{"coordinates":[[[-49.75608986782016,81.41619782909368],[-49.75587133311179,81.41580992635734],[-49.7530532643201,81.41545311523598],[-49.75283909044529,81.41506520674196],[-49.75262071502613,81.41467729812894],[-49.752406930867956,81.41428932506194],[-49.75218829597353,81.41389693596454],[-49.74937432232565,81.41354463779565],[-49.7465560942324,81.41318795236954],[-49.74373807165562,81.4128312431305],[-49.741031227465406,81.41267068444489],[-49.7412456290954,81.41305859759971],[-49.73885995954742,81.41347779457206],[-49.74037597612632,81.41384783108937],[-49.74189204730185,81.41422239893731],[-49.743408352877466,81.41459253265475],[-49.74362664767412,81.41498492435153],[-49.7438408575702,81.41537288945348],[-49.74665887270779,81.41572960097008],[-49.74687322306917,81.41611756172543],[-49.74709140316861,81.41650546858479],[-49.74990951531617,81.41686221213696],[-49.75012326217329,81.41725017753961],[-49.75034201060618,81.41763812962337],[-49.752945923270346,81.41760689306184],[-49.75413641838785,81.41739286706813],[-49.753922506375666,81.41700490443888],[-49.75500600022043,81.41660361320585],[-49.75608986782016,81.41619782909368]]],"type":"Polygon"},"id":"0000000000000000010d","properties":{"area":68432.93125192355,"elevation":199.3492313342777,"region":"NO","year":2018},"type":"Feature"},{"geometry":{"geometries":[{"coordinates":[[-49.93675478227078,81.38652696616136],[-49.93416404455874,81.38655817986873]],"type":"LineString"},{"coordinates":[[[-49.98059196114784,81.38106455690742],[-49.9762537079881,81.38034221020155],[-49.97011769776608,81.381006614731],[-49.96318853006615,81.38031544789018],[-49.95626307348354,81.3796242696904],[-49.95637918229425,81.37981604985947],[-49.96341565716684,81.38070339312833],[-49.966568383783546,81.38163976775358],[-49.96065573966011,81.38269661630262],[-49.95451074174683,81.38336098798544],[-49.94758606479156,81.38266984550268],[-49.94262758057951,81.38312466094602],[-49.94966861079201,81.38401204084103],[-49.95282072053772,81.38494846140632],[-49.94689925410384,81.38600522708973],[-49.94064310005061,81.38647789840402],[-49.9367548400169,81.38652692369625],[-49.94368420254432,81.38721816696808],[-49.950279295472036,81.38732957529749],[-49.95631239430238,81.38646897619218],[-49.96245235240754,81.38580015203611],[-49.968708668980625,81.38532750978791],[-49.971299466989116,81.38529630643261],[-49.97203077798172,81.38430633015888],[-49.9675806755573,81.3833877341916],[-49.97220035037295,81.38234879298261],[-49.97822435259025,81.38148822024962],[-49.98059196114784,81.38106455690742]]],"type":"Polygon"}],"type":"GeometryCollection"},"id":"0000000000000000010e","properties":{"area":189890.05426849177,"elevation":216.15521428701868,"region":"NO","year":2018},"type":"Feature"},{"geometry":{"coordinates":[[[-49.82564275826345,81.43957689705933],[-49.82401068591057,81.43901058222414],[-49.82368105339715,81.43843093441956],[-49.82204430082818,81.4378646176549],[-49.817803923710436,81.43732949613563],[-49.81486528905294,81.43678104143548],[-49.81323321251174,81.43621473516292],[-49.812903246558406,81.43563059724725],[-49.811266491893505,81.43506428886673],[-49.80746753549488,81.43530949379787],[-49.803445586384214,81.43516239427252],[-49.79964643053221,81.43540762585938],[-49.79551293077643,81.43506430759462],[-49.79171364978737,81.43530956515065],[-49.79182060440761,81.43550575776506],[-49.79215049534324,81.43608541695858],[-49.79247575150759,81.43666956177479],[-49.79280604281363,81.43725369077782],[-49.79574007553661,81.43780220673104],[-49.79737211754404,81.43836846262566],[-49.79900863972681,81.43893481889424],[-49.80194277398006,81.43948328572718],[-49.804662603349115,81.4396437888094],[-49.80890360760256,81.44017888527375],[-49.81303685855664,81.44051776133226],[-49.81695218161843,81.44046870333308],[-49.821085880755184,81.44080759601252],[-49.82206233867689,81.44021010955036],[-49.82564275826345,81.43957689705933]]],"type":"Polygon"},"id":"0000000000000000010f","properties":{"area":209830.77595782196,"elevation":191.14227392299549,"region":"NO","year":2018},"type":"Feature"},{"geometry":{"coordinates":[[[-50.28542961648213,81.36737064884043],[-50.282482343744974,81.36682661649529],[-50.282125546369556,81.36624249817669],[-50.28176892372621,81.36566280509692],[-50.2814076108533,81.36507863729105],[-50.27846476498039,81.36453467699896],[-50.275525907079775,81.36398620234705],[-50.2751648177676,81.36340651058457],[-50.273514896981176,81.36284022826686],[-50.26952385090337,81.36270199867292],[-50.26588575396296,81.36314343196752],[-50.26600129822321,81.3633351848077],[-50.2650692530621,81.36393718228803],[-50.26283992032901,81.36455249924391],[-50.26578280040827,81.3651010086392],[-50.266139549964514,81.36568064604981],[-50.26520309947375,81.36628263833651],[-50.26168473701577,81.36691583916995],[-50.25816223859811,81.3675534864445],[-50.25593718010481,81.36817330920404],[-50.25500090579622,81.36877086920947],[-50.25875977716063,81.36852554214126],[-50.26275497180025,81.36866380678119],[-50.26699135768069,81.36919439085854],[-50.27122737861739,81.36972061677736],[-50.275347619162076,81.37005500035144],[-50.27910660757996,81.36980979236385],[-50.28262517236484,81.36917216504231],[-50.2835612048163,81.36857019072285],[-50.28320020370137,81.36799051907714],[-50.28542961648213,81.36737064884043]]],"type":"Polygon"},"id":"00000000000000000110","properties":{"area":217988.34392167797,"elevation":242.86592574298177,"region":"NO","year":2018},"type":"Feature"},{"geometry":{"coordinates":[[[-50.221659931928265,81.4189357351536],[-50.221303386294686,81.41835157130903],[-50.21704503217416,81.41782096057028],[-50.21279110854496,81.41729477727728],[-50.2085325631361,81.41676413177034],[-50.20557593763176,81.41622010160492],[-50.207823380033204,81.41560031962291],[-50.206164742216025,81.41503397461064],[-50.2032126535805,81.41448997173961],[-50.20285629677646,81.4139058404255],[-50.19883834742174,81.41376760863307],[-50.19470511250428,81.41342873918136],[-50.194820823612226,81.41362495415622],[-50.19517744330247,81.41420908307508],[-50.194232120738604,81.41480662583335],[-50.19458453442613,81.41539075577843],[-50.19883840926793,81.41591685873153],[-50.20049712853589,81.41648317174948],[-50.204751256222195,81.41701386129822],[-50.20900533543647,81.41754001963534],[-50.20676215605333,81.4181598413799],[-50.20841665092847,81.41872169792869],[-50.20865325076547,81.41910960475485],[-50.21255462203426,81.41906053142718],[-50.216576601232525,81.41919880309653],[-50.220715003880564,81.41953322462709],[-50.221659931928265,81.4189357351536]]],"type":"Polygon"},"id":"00000000000000000111","properties":{"area":91999.23870288076,"elevation":173.15548733094968,"region":"NO","year":2018},"type":"Feature"},{"geometry":{"coordinates":[[[-49.968646100768666,81.42347508562943],[-49.967116684300144,81.42310049876822],[-49.96559165371463,81.42273043893616],[-49.96276016268405,81.42237812448185],[-49.96383492327471,81.42197234083922],[-49.964914225815136,81.42156659913363],[-49.96468667607255,81.42117867509405],[-49.96185950541044,81.4208218678411],[-49.959028008392224,81.42046964128947],[-49.95620095522221,81.42011296061742],[-49.95337367833704,81.41976063148093],[-49.95054703627181,81.4194039029727],[-49.947719463768486,81.41905164959995],[-49.94500427574256,81.4188910917249],[-49.942627192667246,81.41931030158277],[-49.940250636209164,81.41973390867481],[-49.93786967300307,81.42015307489478],[-49.93939931633526,81.42052760236105],[-49.94188710347516,81.42030022135575],[-49.944263724133435,81.41987660534485],[-49.94697953285511,81.42003710612389],[-49.94980658828791,81.42039379990239],[-49.95263351788197,81.42074610526842],[-49.95546526461008,81.4211028600243],[-49.956990413713676,81.42147295807912],[-49.957217661048354,81.42186088571442],[-49.956143038916736,81.4222666997827],[-49.958969966975374,81.42262338564842],[-49.96179711705024,81.4229756214021],[-49.96462873755613,81.42333236814615],[-49.96745559219938,81.42368467967289],[-49.968646100768666,81.42347508562943]]],"type":"Polygon"},"id":"00000000000000000112","properties":{"area":64807.345490195,"elevation":178.0342917289901,"region":"NO","year":2018},"type":"Feature"},{"geometry":{"coordinates":[[[-50.13159091522957,81.39999788752873],[-50.11580576239455,81.39766580657793],[-50.10521479695023,81.3952668089699],[-50.08483255086054,81.39397362349094],[-50.06595294965715,81.3951999363383],[-50.066528011641964,81.39617195323308],[-50.0578730059345,81.39922199945642],[-50.03966178933379,81.40161208915548],[-50.032290948008765,81.40464427792713],[-50.024911033292184,81.40767651113364],[-50.00690531670999,81.41045450139153],[-49.99385801164965,81.41277770535116],[-49.995561190688655,81.41568950588943],[-49.999868662216294,81.41857005744829],[-50.01068690022215,81.42136145408219],[-50.0202067968951,81.42417067294377],[-50.03758856110277,81.42472360280811],[-50.043906884850315,81.42209721518536],[-50.052588766469384,81.41905162127537],[-50.05736916094861,81.41605068766735],[-50.06214019883323,81.4130541795167],[-50.06561391883715,81.41007545690036],[-50.06648330625502,81.40712800215084],[-50.08469432025077,81.40473344518814],[-50.10347601082753,81.40331100284962],[-50.11376764952239,81.40082284540094],[-50.13159091522957,81.39999788752873]]],"type":"Polygon"},"id":"00000000000000000113","properties":{"area":2872823.517919541,"elevation":167.10446235265823,"region":"NO","year":2018},"type":"Feature"},{"geometry":{"coordinates":[[[-49.97005978271298,81.43714666244631],[-49.967513566039116,81.43502858135177],[-49.96366095629162,81.43292835829764],[-49.95720432478626,81.43085934942152],[-49.96768329380349,81.42857183669469],[-49.96168127778358,81.42727873027415],[-49.951322799608015,81.42526319302308],[-49.93859200265638,81.42366679521197],[-49.924162082458245,81.42365788886745],[-49.91029016102619,81.42461662577341],[-49.911075065475366,81.4259766413379],[-49.909696715122855,81.42814374980212],[-49.896149929521556,81.42968660516395],[-49.88204587656633,81.43025734738434],[-49.88836883017998,81.43213463941376],[-49.88959528329354,81.4342705945676],[-49.889519556886746,81.43642429002976],[-49.89596277477819,81.43849334118624],[-49.90241077636548,81.44056237907297],[-49.91146718629325,81.44259567851725],[-49.92399712091622,81.44380414815733],[-49.92593277430849,81.44260907531321],[-49.92469770993304,81.44047316448822],[-49.93870814292341,81.43970620200777],[-49.952598120438296,81.43874303544743],[-49.966091462374884,81.43935391651974],[-49.97005978271298,81.43714666244631]]],"type":"Polygon"},"id":"00000000000000000114","properties":{"area":1932890.4092012297,"elevation":172.88253895550676,"region":"NO","year":2018},"type":"Feature"},{"geometry":{"coordinates":[[[-50.0127598139901,81.5185654066695],[-50.01229647184131,81.51778955482312],[-50.00788626860144,81.51706710484675],[-50.007426890913024,81.51628682061968],[-50.0069633365569,81.51551095709173],[-50.00650412528851,81.51473508307147],[-50.00604457835092,81.5139591522078],[-50.00295026689672,81.51321449994933],[-50.00249073582339,81.51243861575861],[-50.00071637797132,81.51168053569631],[-50.00025675583729,81.51090469967023],[-49.99716662136046,81.51015999494004],[-49.99539199598299,81.50940194585283],[-49.99361724032496,81.50863940934003],[-49.99052729780031,81.50789924023088],[-49.98515391717937,81.50776990922039],[-49.98561332249185,81.50855024825319],[-49.990014220713704,81.50927268317034],[-49.994420044046294,81.50999947731735],[-49.99487914214714,81.51077532681543],[-49.99270743164436,81.51158692094165],[-49.99316688930481,81.51236281195938],[-49.98968420789357,81.51319219777909],[-49.987512689670716,81.51400378006556],[-49.98797185288881,81.51477966009985],[-49.99106233540033,81.51551982915689],[-49.99678287075494,81.51622883799091],[-50.00119293400761,81.51695566844141],[-50.00560331005741,81.51768250126763],[-50.008693490967005,81.51842270561771],[-50.0127598139901,81.5185654066695]]],"type":"Polygon"},"id":"00000000000000000115","properties":{"area":177200.50410261852,"elevation":121.99907409271155,"region":"NO","year":2018},"type":"Feature"},{"geometry":{"coordinates":[[[-50.47497297251154,81.40286512049077],[-50.467120543642466,81.40082282844249],[-50.46186305743343,81.39874488973297],[-50.44957370420223,81.39794227261302],[-50.43419867480701,81.39639939583785],[-50.420054387050484,81.3967962813999],[-50.40615962135785,81.39758107326693],[-50.39238557854537,81.39855761721944],[-50.37824158740369,81.39895450940948],[-50.36506921981643,81.40090305780424],[-50.362393831043875,81.4028963575513],[-50.363731608022334,81.40503225119505],[-50.36507370550218,81.40716372502757],[-50.36641583762184,81.40929959154653],[-50.370232836123414,81.41120362955031],[-50.37408588881093,81.40899637224405],[-50.37663614985586,81.40680694334507],[-50.37010365948197,81.40474687455861],[-50.37784455617077,81.40248165355436],[-50.391627352071446,81.40150508430526],[-50.40577624880881,81.4011081981855],[-50.41992518382348,81.40071582179439],[-50.435059381245736,81.40187078072817],[-50.44969864265935,81.40224978460667],[-50.46484131666477,81.40340020964607],[-50.47497297251154,81.40286512049077]]],"type":"Polygon"},"id":"00000000000000000116","properties":{"area":860623.4201812982,"elevation":153.3279197325539,"region":"NO","year":2018},"type":"Feature"},{"geometry":{"coordinates":[[[-50.345257407150164,81.42153537441997],[-50.34476681023791,81.42075950599163],[-50.339688150426696,81.42102701556487],[-50.334970352053425,81.42187421155204],[-50.32940540265503,81.42136596871799],[-50.32372024110752,81.42066139559275],[-50.32453584956116,81.41986764376975],[-50.32405012452777,81.41909180229074],[-50.32486619048623,81.41829359972182],[-50.319180345837054,81.41759352151676],[-50.313736421939424,81.41727693016287],[-50.30865721666295,81.41754004286695],[-50.30914328271769,81.41832031817577],[-50.308322708271405,81.41911410205472],[-50.31140834145706,81.41985426059789],[-50.31189426440957,81.42063015164855],[-50.311074083491604,81.42142386306143],[-50.310257991998995,81.42221755840374],[-50.31074436642547,81.42299348468156],[-50.31642912814709,81.42369804234296],[-50.32163314663289,81.42362668267592],[-50.32695745573989,81.42374711408691],[-50.332040869695945,81.42347952774433],[-50.336878637281735,81.4228240515947],[-50.34171671562626,81.42217303035245],[-50.345257407150164,81.42153537441997]]],"type":"Polygon"},"id":"00000000000000000117","properties":{"area":208017.98307696893,"elevation":160.20651955194853,"region":"NO","year":2018},"type":"Feature"},{"geometry":{"coordinates":[[[-50.2678743786178,81.44491888723438],[-50.2509030846007,81.44299703787802],[-50.23300411588754,81.44383088769911],[-50.2139100378483,81.44272053526679],[-50.195654781626665,81.44296582741092],[-50.17656513952235,81.44185548668118],[-50.15807364561106,81.4417128014341],[-50.14004971547933,81.44234603047458],[-50.12261012609166,81.44394683183718],[-50.12699363401119,81.44467364249073],[-50.12471489936866,81.44744272859181],[-50.13157718016033,81.45008701871262],[-50.13191177756107,81.45282486616459],[-50.13877863692389,81.45547356396955],[-50.14956982964234,81.45806882064663],[-50.15513929253822,81.4607309010617],[-50.171178618827625,81.46110544394477],[-50.189358230041194,81.4606640111355],[-50.185791020505924,81.46345094261031],[-50.19066508928265,81.46279985860211],[-50.208130928376924,81.46119016385046],[-50.225592835318494,81.45958486520091],[-50.24103023870053,81.45898291080857],[-50.239353868662384,81.45626735578351],[-50.248124721158774,81.45340904139553],[-50.255580560861084,81.45056410664581],[-50.25781462963061,81.44779499165415],[-50.2678743786178,81.44491888723438]]],"type":"Polygon"},"id":"00000000000000000118","properties":{"area":3706708.2431083233,"elevation":155.50300446007265,"region":"NO","year":2018},"type":"Feature"},{"geometry":{"coordinates":[[[-50.33296346203373,81.44382194568698],[-50.32665388728709,81.44214980654313],[-50.32816587675047,81.44036618332427],[-50.323162607540965,81.43867612962052],[-50.3194616163941,81.43696382408865],[-50.306646052609615,81.43538084604045],[-50.30425611281978,81.4336507136971],[-50.29665330880981,81.43199643557587],[-50.28705710428292,81.43134538180284],[-50.27593651536556,81.43247797975845],[-50.271811630030015,81.43429734707243],[-50.271588860171015,81.43605863175672],[-50.272671982758155,81.43780662660976],[-50.26202388293412,81.43971509020086],[-50.2519553266434,81.4404374921949],[-50.26131931897288,81.440700536337],[-50.27329204721921,81.44092796514343],[-50.28587122506743,81.44212747067405],[-50.279128980473196,81.44397799590142],[-50.272150518448164,81.44544502800491],[-50.28473401213932,81.4466445561316],[-50.29103947773404,81.44831675443368],[-50.301478180239314,81.44817405382247],[-50.3135847826784,81.44859318292708],[-50.32471906229516,81.44746059359022],[-50.330145898964844,81.44562342645747],[-50.33296346203373,81.44382194568698]]],"type":"Polygon"},"id":"00000000000000000119","properties":{"area":1323792.0012372555,"elevation":152.40149407825066,"region":"NO","year":2018},"type":"Feature"},{"geometry":{"coordinates":[[[-53.41067557835865,81.01290778573151],[-53.41049262449751,81.01271605806558],[-53.40907924140406,81.01255110521018],[-53.40889632486184,81.01235937613599],[-53.40871373073229,81.01216758115517],[-53.40729528911085,81.01200263817135],[-53.405881646279106,81.01183762411736],[-53.40464687911171,81.01186885764565],[-53.40341165237783,81.01189556463329],[-53.402180950369,81.01192238002888],[-53.40094574755181,81.011953552824],[-53.39971502873612,81.0119803590188],[-53.39847980800918,81.0120115225748],[-53.397244633343384,81.0120383188283],[-53.39601379576358,81.01206499885488],[-53.39477864226092,81.0120962609046],[-53.39354375781762,81.01212297782196],[-53.3923130254897,81.01215423142413],[-53.39126038531287,81.01237274299254],[-53.390208049353554,81.01259566021379],[-53.38915604007444,81.01281414543422],[-53.3881032945819,81.01303712034914],[-53.387051226014634,81.01326007278637],[-53.3872337478511,81.01345181142196],[-53.387416686019556,81.01364359653313],[-53.38759953774831,81.0138352688696],[-53.38901309748726,81.01400024551805],[-53.39043082657723,81.0141652823106],[-53.391844475643445,81.01433024661532],[-53.393262609490236,81.01449520555278],[-53.39467599507553,81.01465574806336],[-53.395911185765286,81.01462902825013],[-53.39696359757067,81.01440609719201],[-53.398016316234866,81.01418757170633],[-53.39906822463305,81.01396458599342],[-53.400120534677114,81.01374611823009],[-53.40116831822095,81.01352317092676],[-53.40240406867616,81.01349640768109],[-53.4038218846225,81.01365691332971],[-53.405052477017286,81.01363015823006],[-53.406287500995255,81.01360339916228],[-53.40752288275293,81.01357220735704],[-53.408570519875944,81.013353710882],[-53.40962291524186,81.01313078300096],[-53.41067557835865,81.01290778573151]]],"type":"Polygon"},"id":"0000000000000000011a","properties":{"area":74821.8472630754,"elevation":1096.2967818267864,"region":"NO","year":2018},"type":"Feature"},{"geometry":{"coordinates":[[[-53.38050538020842,81.02502764330032],[-53.376251328808735,81.02453716309712],[-53.37236297230923,81.0244256554624],[-53.368657198838974,81.02451041871174],[-53.36495168922905,81.02459954943986],[-53.361246170223076,81.02468427644693],[-53.35771914263745,81.0249607886828],[-53.354013811283146,81.02504548115974],[-53.350490877302526,81.02532191628299],[-53.34714686347522,81.02579459945534],[-53.343619511655035,81.02607111662931],[-53.345220401178864,81.02642777972616],[-53.343289659215245,81.02706099012018],[-53.34012817033231,81.02772540513746],[-53.342959450067546,81.02805539409309],[-53.3464867895265,81.02777890898929],[-53.350013588284696,81.02749797634473],[-53.35317515849953,81.02683803244771],[-53.35651962002791,81.02636534005774],[-53.360046859212936,81.02608891070108],[-53.36375218530775,81.02600421789204],[-53.366913548498914,81.02533979745543],[-53.37061964902336,81.02525505504141],[-53.374507876979294,81.02536206158318],[-53.37857889992786,81.02566533202024],[-53.38050538020842,81.02502764330032]]],"type":"Polygon"},"id":"0000000000000000011b","properties":{"area":92960.47690257562,"elevation":1086.7718924364542,"region":"NO","year":2018},"type":"Feature"},{"geometry":{"coordinates":[[[-50.430158496609764,81.46830242100096],[-50.42872757018731,81.46812850596994],[-50.426234839626396,81.46835593657575],[-50.42505282715329,81.46856996346061],[-50.42399643067783,81.468975759147],[-50.42162842116755,81.46939936349362],[-50.419260811276224,81.4698274245695],[-50.416892789812756,81.4702510431604],[-50.41452532107277,81.47067463180058],[-50.41215728872372,81.47109826466419],[-50.4097896516587,81.47152635420021],[-50.40741736426748,81.47195001062057],[-50.4049245332434,81.47218185418046],[-50.40231152356046,81.47221750969116],[-50.399569431306304,81.47206142954305],[-50.396951831526664,81.47209711643664],[-50.39433886559284,81.4721328248584],[-50.39172121789192,81.47216847247776],[-50.393277692971466,81.47253855934831],[-50.39614052817155,81.47289084706034],[-50.39900280485275,81.47324312236283],[-50.401495650527266,81.47301127362118],[-50.404238045254374,81.47316733770731],[-50.406855548225224,81.47313165916776],[-50.40934816130862,81.47289975384692],[-50.41171599942375,81.47247615982342],[-50.41146639315355,81.4720881687755],[-50.413833934671054,81.47166455679846],[-50.41620592080924,81.47124096770962],[-50.41857401941633,81.47081293363011],[-50.420941686798216,81.47038925564344],[-50.423304963307245,81.4699656816673],[-50.42305961633811,81.46957773012514],[-50.42542775402018,81.46914963001787],[-50.427790935500724,81.46872607039593],[-50.430158496609764,81.46830242100096]]],"type":"Polygon"},"id":"0000000000000000011c","properties":{"area":56649.77752636432,"elevation":174.24559624889113,"region":"NO","year":2018},"type":"Feature"},{"geometry":{"coordinates":[[[-50.37942304041594,81.47566888505253],[-50.376435618944015,81.47512485414082],[-50.3701389237666,81.47560197268535],[-50.36383874568053,81.47608355879039],[-50.35778758350834,81.47694857910923],[-50.35124144265626,81.4770422741558],[-50.344084822415375,81.47615933087458],[-50.33692825526925,81.47528090853099],[-50.32977074550045,81.47440248213685],[-50.322864050378946,81.47391195122194],[-50.31631813872526,81.4740011590825],[-50.31942614426408,81.47474135140327],[-50.32264987547227,81.47567332306794],[-50.32587828516704,81.47660973583355],[-50.322560476114305,81.47763529395748],[-50.32792043636476,81.47775572347044],[-50.33410090075987,81.4770824220205],[-50.340521887115365,81.47679699795867],[-50.34768346016995,81.4776754521832],[-50.35459490138828,81.47817040552906],[-50.36175622551753,81.47904888614916],[-50.368302191226036,81.47895524641365],[-50.36245187353683,81.47805893918635],[-50.367071276965106,81.4770155065442],[-50.37300216125455,81.47595426537636],[-50.37942304041594,81.47566888505253]]],"type":"Polygon"},"id":"0000000000000000011d","properties":{"area":180826.08986433136,"elevation":170.3869897800533,"region":"NO","year":2018},"type":"Feature"},{"geometry":{"coordinates":[[[-50.3520528657186,81.48877414720049],[-50.34906563635297,81.48823018484808],[-50.34476250662332,81.48769948736937],[-50.3404639704292,81.48717332498128],[-50.336165547966154,81.48664717004081],[-50.337106199138354,81.48604513488391],[-50.3341184254219,81.4855011814218],[-50.33125615163681,81.48514890170998],[-50.327688556472225,81.48578212994053],[-50.32781346537101,81.48597831706678],[-50.33211184797346,81.48650445251565],[-50.336410567397316,81.4870351316633],[-50.339398188239386,81.48757907044532],[-50.33583543000938,81.48821677044134],[-50.33226793802083,81.48885443810728],[-50.328700925111974,81.48948756746432],[-50.32476779949745,81.48954559263541],[-50.32501320534607,81.489933539541],[-50.32275674412799,81.49054886728273],[-50.32181167966852,81.49115088377167],[-50.322177066520226,81.49173053979946],[-50.32611440530708,81.49167703530092],[-50.32705556419154,81.49107949209703],[-50.326689752978304,81.49049541369371],[-50.328946137036624,81.48987557417423],[-50.33251321383309,81.48924233224936],[-50.33607622992014,81.48860473511182],[-50.34000915783464,81.4885512304646],[-50.344312133461955,81.48907733366502],[-50.348365447357,81.48921562067646],[-50.3520528657186,81.48877414720049]]],"type":"Polygon"},"id":"0000000000000000011e","properties":{"area":70245.72413283691,"elevation":166.17566462167687,"region":"NO","year":2018},"type":"Feature"},{"geometry":{"coordinates":[[[-53.52644242476033,81.08232711608677],[-53.523771656683124,81.0821933516714],[-53.52128782626184,81.08224680709414],[-53.51879968539893,81.08230482934998],[-53.51649880689464,81.08255895516301],[-53.51544228162698,81.08277746733494],[-53.51457266609566,81.083192163246],[-53.51245912306217,81.08363806630342],[-53.5103452953635,81.08407948153464],[-53.50823169008004,81.08452092792245],[-53.50593084027708,81.08477070759115],[-53.503629864170605,81.08502483051856],[-53.50151169120011,81.08546627682708],[-53.499027877834656,81.08552424097172],[-53.499398211701546,81.08590775369842],[-53.50101208179362,81.08626448111873],[-53.50138666977712,81.08665241413401],[-53.50368775782005,81.08640273679075],[-53.50580146233448,81.08595680916456],[-53.50828948112457,81.08589885996466],[-53.510402957580894,81.08545737266917],[-53.51251665647532,81.08501591653298],[-53.514630483098586,81.08457001934038],[-53.516931143921546,81.08432029100207],[-53.51941948627056,81.08426235045545],[-53.52172035775895,81.08401263473078],[-53.52383405489289,81.08357119282283],[-53.52470330797791,81.08315647342961],[-53.5255729021063,81.08274179675084],[-53.52644242476033,81.08232711608677]]],"type":"Polygon"},"id":"0000000000000000011f","properties":{"area":69380.25837117503,"elevation":962.2812872467222,"region":"NO","year":2018},"type":"Feature"},{"geometry":{"coordinates":[[[-53.951876540703495,81.15818979837661],[-53.95023118602762,81.15783306184682],[-53.94983430240478,81.15744957044478],[-53.94944165692773,81.15706160134546],[-53.947796557157645,81.15670938532851],[-53.94489800659797,81.15638380746138],[-53.94450557716015,81.15600036483332],[-53.94199974081426,81.1560583162551],[-53.93910121569056,81.15573728890685],[-53.9362025817876,81.15541176662558],[-53.93350502454406,81.15527798791031],[-53.93099924779863,81.15534039373215],[-53.92849733153024,81.15539837097953],[-53.92638850880761,81.15584428983973],[-53.924274991594515,81.15629019939159],[-53.92466694032961,81.15667813214486],[-53.92506428909135,81.15706161399119],[-53.92545643503774,81.15744511996779],[-53.92584848031408,81.1578330474726],[-53.92624142363232,81.15821653027093],[-53.92663366540274,81.15860003104832],[-53.9282834739469,81.15895674038339],[-53.93117758782708,81.15928223589536],[-53.93282706504725,81.15963451798422],[-53.9344724445689,81.15999126679183],[-53.93697863484779,81.15992886032718],[-53.9394801575735,81.15987086468326],[-53.9421825177659,81.16000013720137],[-53.94449203199999,81.15974602414383],[-53.946998364002575,81.15968801221392],[-53.94930390084545,81.15943385173009],[-53.95141290480492,81.15898796188573],[-53.95102042669226,81.15860446920064],[-53.951876540703495,81.15818979837661]]],"type":"Polygon"},"id":"00000000000000000120","properties":{"area":171863.51583459033,"elevation":737.9187064573154,"region":"NO","year":2018},"type":"Feature"},{"geometry":{"coordinates":[[[-58.4092608452434,80.09731165415336],[-58.40737455536167,80.09678994563357],[-58.405488495618165,80.0962637454974],[-58.403861151089636,80.09593379814169],[-58.400039213152446,80.09568857585172],[-58.39647652955434,80.09563506967504],[-58.392913858194376,80.09558152155424],[-58.38935094227395,80.0955280021972],[-58.385788173509404,80.09547455245443],[-58.3824883797975,80.09560829049664],[-58.37945147796259,80.09593381344717],[-58.376410678542406,80.09625482272007],[-58.37336936267845,80.0965803486309],[-58.37085457919705,80.09728491670607],[-58.37111779498197,80.09747219367073],[-58.3719026184141,80.09803848528475],[-58.373788665774725,80.09856471090504],[-58.374573708098744,80.09913099118741],[-58.37839475176358,80.09937625625344],[-58.381699182544125,80.0992380562536],[-58.385525185886955,80.09948324591511],[-58.3885615407186,80.09915773452853],[-58.39160290488714,80.09883224596977],[-58.39490245309953,80.09869840435297],[-58.39820684869894,80.09856465178065],[-58.401506525187955,80.09842648200785],[-58.404806302078235,80.09829268311425],[-58.40732108261423,80.09758814627662],[-58.4092608452434,80.09731165415336]]],"type":"Polygon"},"id":"00000000000000000121","properties":{"area":225283.40760756566,"elevation":925.848558929491,"region":"NO","year":2018},"type":"Feature"},{"geometry":{"coordinates":[[[-54.06768402953185,81.19680561537537],[-54.065623749177554,81.1960653691812],[-54.06482107617089,81.195298461251],[-54.06401849991481,81.19452701235984],[-54.06322018727706,81.19376003642988],[-54.06115984452753,81.19301983072754],[-54.060357441456965,81.19224842415265],[-54.06081220338793,81.19145020035258],[-54.05875673940959,81.19071002400194],[-54.054186133928624,81.19003218982094],[-54.05087312258991,81.18932320674081],[-54.04504518008059,81.1886766583173],[-54.039221435287836,81.18803008591816],[-54.03479803554222,81.18873017844214],[-54.035194857181516,81.18911365617285],[-54.030972120946,81.19000551500078],[-54.030512999493176,81.19080811943522],[-54.0313110459293,81.19157506062307],[-54.03210924194728,81.192346528843],[-54.03291166708638,81.1931179364211],[-54.03622505066424,81.19382247043045],[-54.03828059525442,81.19456267381582],[-54.041593711515404,81.19527165589395],[-54.043649227697315,81.19601183851083],[-54.045709257662935,81.19675206263041],[-54.049883120044974,81.19704193651275],[-54.05551069649455,81.19749677556337],[-54.061142229087324,81.19795159861773],[-54.063456647219844,81.19769742106719],[-54.06768402953185,81.19680561537537]]],"type":"Polygon"},"id":"00000000000000000122","properties":{"area":397689.4548467444,"elevation":588.3763161690465,"region":"NO","year":2018},"type":"Feature"},{"geometry":{"coordinates":[[[-58.397502000500516,80.15599343377237],[-58.3969762358159,80.15561441217636],[-58.39644541450725,80.15523544511892],[-58.39591933142512,80.15485637869604],[-58.39539302793666,80.15447738095224],[-58.39486702027446,80.15409831054254],[-58.3932303579123,80.15376835361661],[-58.3915982895949,80.1534338846745],[-58.39022950164731,80.15328678544209],[-58.388013291362725,80.15338045033592],[-58.385538616260135,80.15327784944975],[-58.38358973636913,80.15355872587914],[-58.381373586171385,80.15364797715607],[-58.37968820380682,80.15411618169203],[-58.378002675378426,80.154584374432],[-58.37852839959162,80.1549633995915],[-58.38016085724747,80.1552977924169],[-58.38068708561856,80.15567685281758],[-58.38121295777723,80.15605587037093],[-58.38395531521512,80.15634570699063],[-58.3864303439847,80.15644380402304],[-58.38864647879055,80.15635466137404],[-58.39033178290887,80.15588641591347],[-58.39254820963387,80.1557928086971],[-58.39502309671009,80.1558953119239],[-58.397502000500516,80.15599343377237]]],"type":"Polygon"},"id":"00000000000000000123","properties":{"area":86577.72807454871,"elevation":881.3873160621756,"region":"NO","year":2018},"type":"Feature"},{"geometry":{"coordinates":[[[-58.4874778187871,80.09669187756441],[-58.485850380943965,80.09636190885138],[-58.483125735083604,80.09607202524876],[-58.48039677857647,80.09578662333247],[-58.47767252962262,80.09549680176598],[-58.475473870366514,80.0955859650115],[-58.47274533249964,80.0953006055502],[-58.47028354009946,80.095202513883],[-58.46808524269617,80.09529166427532],[-58.46588245371436,80.09538530464046],[-58.463684203111384,80.09547453408243],[-58.46148590851617,80.09556374730327],[-58.459287434307804,80.09565283276764],[-58.45708460036796,80.09574651958006],[-58.45541268290751,80.09621470464644],[-58.457040146817356,80.0965492116377],[-58.45756637424206,80.09692818580449],[-58.45699114101614,80.09735181434756],[-58.4583557418285,80.09749449533125],[-58.46002771202305,80.09702629932376],[-58.46249350114986,80.09712436510225],[-58.46521811905252,80.09740977059847],[-58.467947254935964,80.09769960182507],[-58.470671483304095,80.09798498786832],[-58.47286989119865,80.09789578200032],[-58.47559880050206,80.09818568571023],[-58.47753391078338,80.09790475651737],[-58.47946956526402,80.09762378380964],[-58.48167235020417,80.09753459650773],[-58.48360730904492,80.09725373727909],[-58.485805552980615,80.09716454718259],[-58.4874778187871,80.09669187756441]]],"type":"Polygon"},"id":"00000000000000000124","properties":{"area":121027.50469059689,"elevation":934.2229561611371,"region":"NO","year":2018},"type":"Feature"},{"geometry":{"coordinates":[[[-54.0395646615765,81.1722359847782],[-54.03896740587533,81.17165628890504],[-54.03836982645324,81.17108107793099],[-54.03902494451989,81.17047015826886],[-54.03717035905162,81.16992611690738],[-54.03782590140617,81.16931523914083],[-54.037228125928976,81.16873996826787],[-54.03537751129258,81.16819156477149],[-54.03372750140468,81.16783927793261],[-54.02956753143052,81.16754493956653],[-54.025607896976574,81.16744243896166],[-54.02224533703325,81.16791955245685],[-54.022446356824474,81.1681157792944],[-54.020537927243694,81.1687533617925],[-54.02113505550178,81.16932859377455],[-54.02173258585662,81.16990829080136],[-54.02232608717592,81.17048350244903],[-54.02292302991279,81.17106321148626],[-54.026031604026045,81.17157598518689],[-54.02788205710774,81.17212448910576],[-54.02847943291715,81.17270418063667],[-54.0303299026324,81.1732481974942],[-54.030927496088246,81.17382787923944],[-54.03489139228833,81.17392596721038],[-54.03700050241503,81.17348002869399],[-54.03765618713139,81.17287359455268],[-54.0395646615765,81.1722359847782]]],"type":"Polygon"},"id":"00000000000000000125","properties":{"area":150097.16026713964,"elevation":648.8382915630376,"region":"NO","year":2018},"type":"Feature"},{"geometry":{"coordinates":[[[-58.8875307986888,80.08913814325196],[-58.88535018126908,80.08842918652617],[-58.88097154661233,80.08781376306712],[-58.87550009592243,80.08724300804623],[-58.8708448548976,80.08724303132556],[-58.866185032761386,80.08723853721169],[-58.86179728771408,80.08742582757236],[-58.8571373294808,80.08742585522434],[-58.853021525937926,80.08780043693301],[-58.8489016498871,80.08817496275803],[-58.84478576157273,80.08854957911335],[-58.84120486497305,80.08930314149588],[-58.83789642143739,80.09024398568702],[-58.834587544407455,80.0911848951449],[-58.83512717428747,80.09156386949763],[-58.83511370501475,80.0923665150911],[-58.837579692123555,80.09246013173782],[-58.841967656785656,80.09227733743192],[-58.84582008935225,80.09171105202502],[-58.84473661091741,80.09095743655296],[-58.84804542108887,80.09001660213497],[-58.85162161964172,80.08926299569167],[-58.85546987317933,80.08869668967878],[-58.859857492620144,80.08850941534668],[-58.86478929749298,80.0887011190508],[-58.87026050215274,80.08927191023115],[-58.872441030436164,80.08998093665517],[-58.874621443851005,80.09068990396628],[-58.879013809900556,80.0905026163583],[-58.88421330007097,80.0908816404592],[-58.88751696357197,80.08994078596695],[-58.8875307986888,80.08913814325196]]],"type":"Polygon"},"id":"00000000000000000126","properties":{"area":224376.8345387323,"elevation":934.2097114265031,"region":"NO","year":2018},"type":"Feature"},{"geometry":{"coordinates":[[[-58.98754359353116,80.0954923408642],[-58.98370881277971,80.09445341723887],[-58.97987434850272,80.09341439862688],[-58.974942439765584,80.09242000594372],[-58.968918269572114,80.09147467169159],[-58.961248419038085,80.09100199312182],[-58.955224406467046,80.09005669826371],[-58.94755027135072,80.08958406356359],[-58.939880340256295,80.08911141343903],[-58.93248260277514,80.0888260186715],[-58.92698906385186,80.08986050269642],[-58.92863030668547,80.0901904914275],[-58.92587438735629,80.09151038783895],[-58.925312604024924,80.0927411254964],[-58.929143162009794,80.09378005900004],[-58.93434658122688,80.09415911331739],[-58.940116952801844,80.09331186059381],[-58.94588234415038,80.09246019501687],[-58.95082726930971,80.09104664045303],[-58.958229623967185,80.09133198059956],[-58.966447709336,80.09218370894399],[-58.97247234390492,80.09312901626534],[-58.97520536846078,80.09421256781795],[-58.97135713475587,80.09558153936185],[-58.97684197530686,80.09614788216085],[-58.98424413343358,80.09643325231926],[-58.98754359353116,80.0954923408642]]],"type":"Polygon"},"id":"00000000000000000127","properties":{"area":305968.410734596,"elevation":933.6977380036071,"region":"NO","year":2018},"type":"Feature"},{"geometry":{"coordinates":[[[-58.872695489260146,80.12423571244233],[-58.8718791586393,80.12366943347622],[-58.8688604508872,80.12319676673943],[-58.868048821014845,80.12263043988446],[-58.8650299003709,80.12215776349134],[-58.86118189039906,80.12192142585816],[-58.857609996468454,80.12187239680831],[-58.85403368740136,80.12182335919503],[-58.8510058604739,80.12214886517553],[-58.84797418998015,80.12247881969189],[-58.84494167385297,80.12280877301151],[-58.842453843663755,80.12351333293056],[-58.842725454145274,80.12370066216957],[-58.84243562124897,80.12431596840898],[-58.84435318980077,80.12483770749914],[-58.84711352569027,80.12432043453818],[-58.84960147806238,80.12361140312825],[-58.852089627468374,80.12290686383704],[-58.85484962282481,80.12238965999376],[-58.858965645567544,80.12281328568847],[-58.86308586612456,80.12324133040002],[-58.86720612495818,80.12366938992065],[-58.86691624445889,80.12428030916203],[-58.86773237660601,80.12484659768104],[-58.87075099318226,80.1253237793511],[-58.871308486624976,80.12489564965075],[-58.872695489260146,80.12423571244233]]],"type":"Polygon"},"id":"00000000000000000128","properties":{"area":78418.57045494797,"elevation":880.6635484018898,"region":"NO","year":2018},"type":"Feature"},{"geometry":{"coordinates":[[[-58.73791432293143,80.08785832540342],[-58.72735541883956,80.08369802194385],[-58.702549289915794,80.0801352256637],[-58.67995061399745,80.07647879295372],[-58.65351717463424,80.07337965326818],[-58.625638748702514,80.07254584616959],[-58.60015487183159,80.07341091255698],[-58.58877522395229,80.07688452949004],[-58.56955671562723,80.07808401017937],[-58.547011297298454,80.07441862193069],[-58.53325942995882,80.07038764393849],[-58.51022813271081,80.07134186394154],[-58.52234788834495,80.07504290383761],[-58.54707833560337,80.07861914539289],[-58.56925353243146,80.0786993515155],[-58.588521241597526,80.08249855058224],[-58.60169352040817,80.0819500667482],[-58.59502247879166,80.07802605784849],[-58.60915769453166,80.07403514599181],[-58.63464621456458,80.07317006535463],[-58.66519069239558,80.07589459804764],[-58.685586998907254,80.0796446904553],[-58.680548230038,80.08265906020733],[-58.66957426068388,80.08311831397542],[-58.69882586039309,80.08489309314098],[-58.72364542655224,80.08846034517828],[-58.73791432293143,80.08785832540342]]],"type":"Polygon"},"id":"00000000000000000129","properties":{"area":1441904.4659953963,"elevation":931.5090713344883,"region":"NO","year":2018},"type":"Feature"},{"geometry":{"coordinates":[[[-54.23195267701955,81.19848223780657],[-54.23134201176863,81.19790254539133],[-54.229468890391395,81.19735853573343],[-54.22885813731719,81.19678332159387],[-54.225732300164594,81.19626603641895],[-54.22512110295819,81.19569083081399],[-54.221995488652276,81.19517357347401],[-54.22138458271316,81.19459835605404],[-54.21720667126614,81.1943084763034],[-54.21323342086285,81.19421039700553],[-54.21007657595082,81.19487925721839],[-54.20691477709518,81.19554809273947],[-54.207120177553364,81.19573985917886],[-54.207730751353886,81.19631956225612],[-54.20708407329266,81.1969259905741],[-54.20643773431306,81.19753688191257],[-54.20453802450744,81.1981745437682],[-54.205148929707654,81.19875417237525],[-54.207017559760025,81.19929823010182],[-54.2063706604121,81.1999046398487],[-54.20320942409336,81.20057799020921],[-54.20382010687546,81.20115325282835],[-54.207797911326665,81.2012513360441],[-54.211569842879385,81.20115768463788],[-54.21534252758189,81.20106408267522],[-54.21911470405588,81.20097039269936],[-54.22227208086116,81.20030150945537],[-54.22583926209164,81.2000161301034],[-54.22900079073743,81.19934279022479],[-54.23131074814392,81.19908866786406],[-54.23195267701955,81.19848223780657]]],"type":"Polygon"},"id":"0000000000000000012a","properties":{"area":247138.82883861513,"elevation":560.064328920585,"region":"NO","year":2018},"type":"Feature"},{"geometry":{"coordinates":[[[-59.010142382339794,80.15768792705128],[-59.00958944538856,80.15730886023817],[-59.006829370501734,80.15702351912314],[-59.00407366007969,80.15674255400161],[-59.00352072562789,80.15636354533325],[-59.001313592061585,80.15645723381151],[-58.99882998213224,80.15636352464857],[-58.996346149574705,80.15626986649312],[-58.99386230136086,80.15617182261664],[-58.99165527252827,80.156269917747],[-58.98944800841576,80.15636351983672],[-58.9877888632433,80.15683173998852],[-58.986130409592086,80.15730439425268],[-58.986678628997055,80.15768339332321],[-58.98612604216321,80.1581070555669],[-58.98777997399621,80.15843702456803],[-58.98943439782604,80.15876702411873],[-58.991918168720574,80.1588651353419],[-58.9944017838037,80.15895874969951],[-58.99716215631741,80.1592396516546],[-58.99992219917185,80.1595250362632],[-59.002682373105756,80.15981039571679],[-59.00544262625632,80.16009136461265],[-59.00792606734444,80.16018501156579],[-59.008479323479776,80.15976136322736],[-59.007926073347534,80.15938237115468],[-59.00847929340205,80.15895871972684],[-59.007930719533746,80.15858416629169],[-59.00958953938314,80.15811151545498],[-59.010142382339794,80.15768792705128]]],"type":"Polygon"},"id":"0000000000000000012b","properties":{"area":129186.66231014763,"elevation":796.7267945630206,"region":"NO","year":2018},"type":"Feature"},{"geometry":{"coordinates":[[[-57.840007427323506,80.48529359059566],[-57.83948582179241,80.48491460310093],[-57.83895953475781,80.48453552014129],[-57.83614164115737,80.48424125084924],[-57.83332348774943,80.48394691462197],[-57.83050520929182,80.4836526228808],[-57.82768720260926,80.48336280921035],[-57.82716505316278,80.4829837837514],[-57.824347177351434,80.48268943585352],[-57.82382558548019,80.48231044465041],[-57.82215783139943,80.48197160513612],[-57.82163163592149,80.48159251459094],[-57.82340635740082,80.48112882924946],[-57.82517648127496,80.48066057561071],[-57.82377197355141,80.48051342559761],[-57.821475401410396,80.48060264782272],[-57.8189202887191,80.4805000342216],[-57.81688685942834,80.48077205789913],[-57.817408922469085,80.48115553974493],[-57.81793063214471,80.48153458590845],[-57.818451976159515,80.48191358857534],[-57.818973763306154,80.48229263074997],[-57.82064607155272,80.48262707620839],[-57.82116796362189,80.48301050487667],[-57.823985726909285,80.48330037690677],[-57.82450778245856,80.48367940623378],[-57.82502947227567,80.4840583920719],[-57.82670169390113,80.48439733375555],[-57.82836930641472,80.48473178024297],[-57.831187422082,80.4850260476825],[-57.831709148321664,80.48540508899396],[-57.834531839301775,80.48569937779364],[-57.837350089157205,80.4859936589866],[-57.83938296730926,80.48571722354272],[-57.840007427323506,80.48529359059566]]],"type":"Polygon"},"id":"0000000000000000012c","properties":{"area":68425.22698515178,"elevation":776.7687056970335,"region":"NO","year":2018},"type":"Feature"},{"geometry":{"coordinates":[[[-59.155188374859655,80.1693216845177],[-59.14881602561966,80.16818907110164],[-59.140241358165454,80.1671545916977],[-59.13387365400141,80.16602640331462],[-59.12530326602427,80.16498747346618],[-59.11839166132025,80.1642828703468],[-59.109825933174484,80.16405101413551],[-59.10181740708648,80.16419370774223],[-59.094089811878476,80.16452368735906],[-59.08635774275847,80.16485365585135],[-59.07917848081672,80.16556269954036],[-59.07199899281645,80.16627164567804],[-59.06398633717973,80.16641434738115],[-59.05680698390937,80.1671233060409],[-59.05846585247373,80.16745333284015],[-59.06730812251555,80.16787695410893],[-59.07587423196599,80.16811325205201],[-59.0847167020753,80.1685368777844],[-59.09218544593674,80.16962041561688],[-59.09744291179739,80.17080209787164],[-59.106289726688345,80.17122129925558],[-59.11374512716341,80.17070402332533],[-59.12314979536538,80.17150217576969],[-59.131719938306865,80.17173409511228],[-59.140571362644664,80.172157648912],[-59.14719308975865,80.17106970085237],[-59.15492947912721,80.17073519307293],[-59.155188374859655,80.1693216845177]]],"type":"Polygon"},"id":"0000000000000000012d","properties":{"area":894334.3324139726,"elevation":786.6839117826556,"region":"NO","year":2018},"type":"Feature"},{"geometry":{"coordinates":[[[-58.06637363516312,80.43312656162131],[-58.065580195009126,80.43255580886664],[-58.06303394849003,80.4324577553865],[-58.05882032874915,80.43202069884077],[-58.05460609060134,80.43158368427139],[-58.05092317243737,80.4315257576283],[-58.047235307902895,80.4314677675878],[-58.043021554860196,80.43103077890353],[-58.039070811838826,80.43078105274037],[-58.03565074142552,80.43091484216232],[-58.03196724061422,80.43085690360704],[-58.02828416043036,80.43079896301474],[-58.02459653720629,80.43074099990841],[-58.02117654919672,80.43087027724272],[-58.018019271202725,80.431191287724],[-58.014862326549974,80.4315124173757],[-58.015388354717125,80.43189142711006],[-58.01617790659162,80.43246217637812],[-58.020391583361246,80.43289915625618],[-58.02434212883521,80.43314885106416],[-58.028025623200676,80.43320679859424],[-58.03197607150747,80.43345207320499],[-58.03619028476589,80.43388909194894],[-58.03961459358452,80.43375973484204],[-58.043034563030226,80.43362600771032],[-58.046722373222615,80.43368396644937],[-58.05040563930295,80.43374190294922],[-58.05383010363837,80.43360814746943],[-58.056987228244004,80.43328711502578],[-58.06040775767521,80.43315778414097],[-58.0646214845922,80.43359477564869],[-58.06637363516312,80.43312656162131]]],"type":"Polygon"},"id":"0000000000000000012e","properties":{"area":211619.7417356654,"elevation":667.7001117091501,"region":"NO","year":2018},"type":"Feature"},{"geometry":{"coordinates":[[[-58.05159618666849,80.44148741820175],[-58.047110445870345,80.44086312363548],[-58.04377076553885,80.44018981203327],[-58.03867832435254,80.43998462028662],[-58.03358155255825,80.43978405391626],[-58.02848928559902,80.43957887862283],[-58.02286629863666,80.43899470898157],[-58.018389282533754,80.43837043651091],[-58.01961568640549,80.43752321061498],[-58.01970025843178,80.43672063832842],[-58.01434504512476,80.43632817648431],[-58.01083570895437,80.437260165657],[-58.01302951016195,80.43797805810348],[-58.01522810282026,80.43869151703865],[-58.011718769140224,80.43962346531247],[-58.00820485035973,80.44055993150315],[-58.00583691427775,80.44144721574438],[-58.00346502382339,80.44233908201028],[-58.004521802674745,80.44309711644553],[-58.006715587974455,80.44381054283902],[-58.011812336829244,80.44401566237102],[-58.01638289165755,80.44384177190389],[-58.02121183946594,80.44385518906313],[-58.02551505299746,80.44348951840345],[-58.03034848099504,80.44350288475646],[-58.034384197375275,80.44294995524355],[-58.038954757839605,80.44277164182508],[-58.04246389323751,80.4418396440296],[-58.04623630576602,80.44109497757022],[-58.05159618666849,80.44148741820175]]],"type":"Polygon"},"id":"0000000000000000012f","properties":{"area":327625.42457147414,"elevation":662.803756041527,"region":"NO","year":2018},"type":"Feature"},{"geometry":{"coordinates":[[[-58.074426934527445,80.45179683561338],[-58.07055177704222,80.45074447041361],[-58.06412632597652,80.44959403427963],[-58.061045371238436,80.44911687981526],[-58.05437458408466,80.45036989652868],[-58.0445196841547,80.44934881323299],[-58.04038632267638,80.44811358901268],[-58.04679396653778,80.4466643657302],[-58.04398018965714,80.44637457359612],[-58.03519121423347,80.44611595783155],[-58.02772227773255,80.44679814516797],[-58.02052064695885,80.44767659681138],[-58.01252112221855,80.4479842701892],[-58.0045260738701,80.448287475205],[-57.995737254761124,80.44802886811131],[-57.98773744670424,80.44833210842239],[-57.98079496570331,80.44939781066121],[-57.98263632812387,80.45072660324489],[-57.98966862190521,80.45145345755691],[-57.997935379944224,80.45133752919158],[-58.00593506889799,80.45102984802128],[-58.01367166081697,80.45053487462852],[-58.02219764411463,80.45060624161165],[-58.03072759792068,80.45068207158918],[-58.039783924025606,80.45113242683878],[-58.04884048518123,80.45158277304891],[-58.057633871211785,80.45184137432834],[-58.066164226508555,80.45191279855398],[-58.074426934527445,80.45179683561338]]],"type":"Polygon"},"id":"00000000000000000130","properties":{"area":522478.71995967865,"elevation":666.2377087581989,"region":"NO","year":2018},"type":"Feature"},{"geometry":{"coordinates":[[[-59.60713166280645,80.04838639846815],[-59.604389048769235,80.04810552204263],[-59.602208443507905,80.04820360257098],[-59.60003256995303,80.04830166186998],[-59.59785201556338,80.04839982143484],[-59.59595667082783,80.04868963692186],[-59.59378098474214,80.04878324728614],[-59.59188584790053,80.04907307476553],[-59.589990577830456,80.04935844719712],[-59.58837634636852,80.04983112509602],[-59.58676653461146,80.05030830057316],[-59.585156803302354,80.05078095121749],[-59.58681100640031,80.05111093511421],[-59.58870624239616,80.05082110737929],[-59.590320596982814,80.05034843226973],[-59.59278207553259,80.05043756601768],[-59.594677196736775,80.05015225090871],[-59.59713839844115,80.0502414209345],[-59.59988539725368,80.05052227598499],[-59.601780290617135,80.05023247369148],[-59.604241714146056,80.05032613895997],[-59.60504900142593,80.05008532001494],[-59.605570865642136,80.04966172067617],[-59.60608791204425,80.04923812400608],[-59.60660991287431,80.04881000564478],[-59.60713166280645,80.04838639846815]]],"type":"Polygon"},"id":"00000000000000000131","properties":{"area":67539.69362885751,"elevation":960.6914201026829,"region":"NO","year":2018},"type":"Feature"},{"geometry":{"coordinates":[[[-59.82415577832317,80.0449662757343],[-59.82358083118172,80.0445917082549],[-59.823001148836745,80.04421714737633],[-59.822425767115874,80.04383809408164],[-59.82185069522752,80.04346359216642],[-59.82345148563522,80.04298642611217],[-59.821788028097075,80.04266093890081],[-59.82230086987714,80.04223726867438],[-59.820637438188335,80.04190733105433],[-59.821150442775,80.04148377109397],[-59.81948712989143,80.04115815725383],[-59.81782394009777,80.040828202104],[-59.81616071820154,80.04050275188219],[-59.813699256886736,80.04041355772863],[-59.811527791651244,80.0405160666791],[-59.8093517814108,80.0406141646199],[-59.807751060815455,80.04109130324761],[-59.805864426624076,80.04137672896793],[-59.80397844257304,80.04166655140398],[-59.802377608965465,80.04213925196063],[-59.80077699480697,80.04261631207937],[-59.80135211620757,80.04299093175345],[-59.80083917273728,80.04341896948799],[-59.80141458790785,80.04379351469905],[-59.80198979737488,80.04416812973861],[-59.802564766238106,80.0445471460762],[-59.80502632804045,80.04463635366871],[-59.80748752385207,80.04472550219899],[-59.81023910126016,80.04500194469934],[-59.81270054412448,80.04509116186689],[-59.81516627858106,80.0451758689135],[-59.817627776522045,80.04526504600285],[-59.82008930248201,80.04535420307069],[-59.82255499248209,80.04544336435393],[-59.82415577832317,80.0449662757343]]],"type":"Polygon"},"id":"00000000000000000132","properties":{"area":173608.7426835127,"elevation":900.1328086470493,"region":"NO","year":2018},"type":"Feature"},{"geometry":{"coordinates":[[[-58.74035803830377,80.3831534624344],[-58.737571134048494,80.38206541390589],[-58.733646901864184,80.38102195690935],[-58.727743053704245,80.38026390260053],[-58.72068001105775,80.38034869672566],[-58.71416976029229,80.3808168999826],[-58.713010310199806,80.38166411666515],[-58.7101431206453,80.38298400448517],[-58.70727136273161,80.38430384824336],[-58.70440002911773,80.38561930108669],[-58.701528081869,80.38693917697671],[-58.696391089943255,80.38835271578279],[-58.69125425294475,80.38976184129808],[-58.69064340742195,80.39098806464125],[-58.687771833177635,80.39230799167893],[-58.68829375804257,80.3934851363679],[-58.69221311431752,80.3945285963701],[-58.69840230173801,80.39547833687325],[-58.70575104063672,80.39558096545257],[-58.71282739961607,80.39549171941381],[-58.71851743344484,80.3944617252021],[-58.724207039934505,80.39342722703927],[-58.72934403622511,80.39201809875391],[-58.732211163642134,80.39069825041277],[-58.73507825632271,80.38937832717042],[-58.73568469549743,80.38815206025676],[-58.73628688404826,80.3869258499654],[-58.738021220979505,80.38565050538698],[-58.73975606805299,80.38437968356517],[-58.74035803830377,80.3831534624344]]],"type":"Polygon"},"id":"00000000000000000133","properties":{"area":1010971.4000260913,"elevation":490.3221087135049,"region":"NO","year":2018},"type":"Feature"},{"geometry":{"coordinates":[[[-59.954918976783894,80.08667673523337],[-59.95462928652006,80.08648945242888],[-59.95433481412139,80.08630217981873],[-59.954045212861104,80.0861103827954],[-59.953754911646136,80.08592313158661],[-59.95346111190688,80.08573582412455],[-59.95317083113923,80.08554857183671],[-59.952877051964855,80.0853612632892],[-59.951494468585665,80.0852230166672],[-59.95011231235147,80.08508480255631],[-59.94872979147739,80.08494654326654],[-59.94763721965256,80.08499560825294],[-59.946549355925015,80.08504917178561],[-59.94545675960557,80.08509822876421],[-59.9446542755639,80.08533454242266],[-59.94385607999925,80.08557531704147],[-59.943057676324436,80.08581164782191],[-59.942255013885635,80.08605246633138],[-59.942545129696214,80.08623972753257],[-59.94283940641738,80.08642701084122],[-59.94203676947571,80.08666331418402],[-59.942331050251724,80.0868505973153],[-59.94262072125561,80.08704233147878],[-59.94291062585598,80.08722966292054],[-59.944292984553385,80.08736790816673],[-59.94567977147204,80.08750609763807],[-59.945969739826076,80.08769342567761],[-59.94625956824293,80.08788064227817],[-59.94735179184913,80.08783161796035],[-59.94844447018328,80.08777811541898],[-59.94953666928126,80.08772908308238],[-59.950335056602206,80.08749273910405],[-59.95113762983278,80.08725190183036],[-59.95193570140005,80.0870156244115],[-59.95273859982322,80.08677482043997],[-59.9538265209446,80.08672574916501],[-59.954918976783894,80.08667673523337]]],"type":"Polygon"},"id":"00000000000000000134","properties":{"area":51221.37838964643,"elevation":782.7361072520144,"region":"NO","year":2018},"type":"Feature"},{"geometry":{"coordinates":[[[-59.90218572814246,80.10097705414536],[-59.900218986021514,80.10045979965061],[-59.89934536920622,80.09989794287941],[-59.89847584464096,80.099331664013],[-59.89548347207696,80.09967054019543],[-59.89278579468954,80.1001966984736],[-59.88979857379354,80.10053558228573],[-59.886516334505124,80.10068278750472],[-59.88294457496522,80.10064710528464],[-59.87937746500316,80.10060693107717],[-59.87609529499816,80.10075857391546],[-59.87281365670399,80.10091014755665],[-59.86953151639559,80.10105731661848],[-59.86712383067196,80.10177076877184],[-59.86471142401106,80.10248424427773],[-59.86529564831029,80.10286325188576],[-59.865072555796445,80.1034741900854],[-59.865942061212586,80.10404047248485],[-59.86980362970952,80.10426790859344],[-59.873085531958715,80.10411629857042],[-59.875787612673285,80.1035900987287],[-59.87935971247518,80.10363023092187],[-59.8820573360457,80.10310405852123],[-59.88592333759728,80.10332702402164],[-59.88862108856384,80.10280526941298],[-59.891903119660604,80.1026536393923],[-59.89431100042776,80.10194025623736],[-59.897298431248856,80.10160133307127],[-59.900580476307645,80.1014497552142],[-59.90218572814246,80.10097705414536]]],"type":"Polygon"},"id":"00000000000000000135","properties":{"area":184487.6195096277,"elevation":771.0635186361098,"region":"NO","year":2018},"type":"Feature"},{"geometry":{"coordinates":[[[-58.64932087400173,80.4970076571557],[-58.64848728887345,80.49644137230281],[-58.644219686720696,80.49600882981974],[-58.639947889084695,80.49558072194598],[-58.635680462147285,80.49515266760274],[-58.6314087078457,80.49472012152431],[-58.62714138804843,80.49429209220196],[-58.62287391903794,80.49385950116074],[-58.6186067060836,80.49343149689417],[-58.614892157982524,80.49337792084677],[-58.610625142545494,80.49294987925516],[-58.60691480586236,80.49289632178744],[-58.603200766629335,80.49284729398535],[-58.59921382676506,80.49260651401953],[-58.602335440369615,80.49307914691418],[-58.604310978559454,80.49360089759904],[-58.60802533377939,80.49365437615138],[-58.61229255176153,80.49408245094959],[-58.61655987829917,80.49451500138788],[-58.620827203072594,80.49494310122375],[-58.62509490462118,80.49537560605782],[-58.62936192882144,80.49580369048438],[-58.633352889524275,80.49604451379157],[-58.63734832370364,80.4962853278143],[-58.64161559841344,80.49671338745584],[-58.645887577329276,80.49714589302661],[-58.64932087400173,80.4970076571557]]],"type":"Polygon"},"id":"00000000000000000136","properties":{"area":97426.6476941236,"elevation":367.4884172769391,"region":"NO","year":2018},"type":"Feature"},{"geometry":{"coordinates":[[[-60.14234835276186,80.07416446459226],[-60.14146098544926,80.07360264206504],[-60.14057810007051,80.0730407622963],[-60.13969545262152,80.07247447442498],[-60.137719743064416,80.07196167607773],[-60.13574899727824,80.07144884971456],[-60.13377779505965,80.07094055671438],[-60.129626753878235,80.07052585687961],[-60.125769600092895,80.07030292406375],[-60.12191671708569,80.07007996241516],[-60.118648457332185,80.0702315368416],[-60.115383986168105,80.07038316777155],[-60.11211589615658,80.07053922301053],[-60.10884721012449,80.07069087263586],[-60.106171729156145,80.07121702562237],[-60.10319767134443,80.07155590881179],[-60.10081182296742,80.07227383386704],[-60.09842606547913,80.07298725900169],[-60.09872059171717,80.0731745219777],[-60.09851092440701,80.07378987942559],[-60.102073900853824,80.07382556556935],[-60.105636630873384,80.07386128198229],[-60.10948930333098,80.07408422160029],[-60.11334664411035,80.0743071712733],[-60.11661502405207,80.07415554925265],[-60.11988368914275,80.07400392991643],[-60.12344631636864,80.07403961982581],[-60.12700894157507,80.07407526782077],[-60.13116062011905,80.07448551603271],[-60.13531193587774,80.0748957407161],[-60.13916906351582,80.07511876242289],[-60.141050824189186,80.0748333764199],[-60.14234835276186,80.07416446459226]]],"type":"Polygon"},"id":"00000000000000000137","properties":{"area":289650.09549543663,"elevation":754.4170649890032,"region":"NO","year":2018},"type":"Feature"},{"geometry":{"coordinates":[[[-58.490064094383825,80.2598057269982],[-58.48563618676639,80.25918598543822],[-58.480628796814216,80.25898973284087],[-58.47535347277387,80.2586018057199],[-58.47061352912097,80.25859737790189],[-58.46507078480057,80.25801767715502],[-58.45952829998803,80.25744241859827],[-58.45452054196479,80.2572462776842],[-58.44924586645683,80.256858297236],[-58.444773239153335,80.25704112336948],[-58.44056816534178,80.257411257685],[-58.43689824966085,80.25816037472643],[-58.43743336477094,80.25853937456456],[-58.43738457502522,80.2593419970096],[-58.438454517317155,80.26009565507064],[-58.44175890270547,80.26076445847424],[-58.447033707338655,80.2611523978253],[-58.45177388167964,80.26115688956055],[-58.456518220655866,80.2611658234438],[-58.46125844131863,80.26117475225361],[-58.465463318192654,80.26080456157534],[-58.470203192152375,80.26081353383309],[-58.475215540160015,80.26100970546435],[-58.479955569245426,80.2610186389832],[-58.48469530693284,80.26102757006642],[-58.48890037704818,80.26065299820826],[-58.490064094383825,80.2598057269982]]],"type":"Polygon"},"id":"00000000000000000138","properties":{"area":314937.303011193,"elevation":731.2464082532287,"region":"NO","year":2018},"type":"Feature"},{"geometry":{"coordinates":[[[-58.922218120878995,80.14719119046508],[-58.92084873455412,80.14624585908106],[-58.91617122713062,80.14544321739636],[-58.91039234629982,80.14468517663306],[-58.90488978892012,80.14411887827468],[-58.89882555134152,80.14397174418127],[-58.892765734496834,80.14382900374078],[-58.886977743574505,80.14387357824613],[-58.88146169067011,80.14410988784701],[-58.876217824197994,80.14452907132564],[-58.870697601657,80.14476540723668],[-58.86545344697867,80.14518455104132],[-58.86572551447041,80.1453763366149],[-58.864882740797924,80.1464108651615],[-58.8640357765099,80.14744982098468],[-58.865399893381976,80.14839511608508],[-58.866760214140605,80.14934047216899],[-58.870889500613025,80.1497640516995],[-58.87640961932454,80.14953222174597],[-58.88110941899991,80.14873402729567],[-58.886901612991494,80.1486894441507],[-58.892966317750655,80.14883214245586],[-58.899030859357026,80.14897479126667],[-58.90509513529438,80.14912193867877],[-58.911707746347375,80.14964366406159],[-58.917500266378276,80.1495946499756],[-58.92164284803659,80.14922004493505],[-58.921379481928035,80.14823012560602],[-58.922218120878995,80.14719119046508]]],"type":"Polygon"},"id":"00000000000000000139","properties":{"area":414303.89246140094,"elevation":804.3870974056484,"region":"NO","year":2018},"type":"Feature"},{"geometry":{"coordinates":[[[-58.66867769893469,80.22492223733757],[-58.66732675720305,80.22397685789927],[-58.66597133386818,80.22303156709047],[-58.66461996612348,80.22208626340466],[-58.65992458416687,80.22127915051945],[-58.65300880615956,80.22056567787288],[-58.64609263539644,80.21984774627897],[-58.63971626186719,80.21950884517436],[-58.63334395231258,80.21917446813536],[-58.62723938495607,80.21902281692496],[-58.621674610167325,80.2192546753728],[-58.615570054019855,80.21910308539562],[-58.61081243552285,80.21990125807588],[-58.60551487568805,80.2203159901562],[-58.601296704329954,80.22149315645217],[-58.60156406843427,80.22168043417366],[-58.599570691350706,80.22276400097425],[-58.600921897319836,80.22370932172105],[-58.60226861985044,80.22465473010551],[-58.60695506153708,80.2254618211333],[-58.613871240564464,80.22617967508498],[-58.620791690826266,80.22689762537449],[-58.627172549008236,80.22723647896],[-58.63409331775102,80.22794993789499],[-58.64020202145402,80.22810156207738],[-58.64577139406631,80.22786966389442],[-58.651341064952675,80.227642288443],[-58.65691013496859,80.22741040753532],[-58.66193593905239,80.22680396284606],[-58.66446414536295,80.22609946766218],[-58.66867769893469,80.22492223733757]]],"type":"Polygon"},"id":"0000000000000000013a","properties":{"area":933316.974374322,"elevation":743.9498495025539,"region":"NO","year":2018},"type":"Feature"},{"geometry":{"coordinates":[[[-58.91622055999086,80.16408223267331],[-58.913473851113686,80.1629986681715],[-58.910722442718736,80.16191065967142],[-58.90576843308539,80.16091631647785],[-58.90080995813575,80.15992638912542],[-58.89529832416637,80.15935561828383],[-58.887031236340825,80.15850396376653],[-58.88094466007832,80.1591594255083],[-58.874318369072824,80.15944032699603],[-58.867139128854866,80.15934222223761],[-58.86078068942253,80.15981040775668],[-58.855786333938056,80.16122394705289],[-58.856317049936685,80.16240559665341],[-58.85574183129351,80.16363189901165],[-58.85958992090674,80.16467084552848],[-58.8645437964784,80.1656652183914],[-58.86729076698253,80.16675329122162],[-58.871138805255214,80.1677922363472],[-58.878309204994196,80.16869297898741],[-58.88465882180557,80.16902738902695],[-58.88992506629888,80.16780116050478],[-58.89628826828991,80.16733297740284],[-58.902375222298026,80.16667298786831],[-58.90846191734189,80.16601302134269],[-58.91454851057281,80.16535755416805],[-58.91622055999086,80.16408223267331]]],"type":"Polygon"},"id":"0000000000000000013b","properties":{"area":482296.8726246485,"elevation":798.1059777992323,"region":"NO","year":2018},"type":"Feature"},{"geometry":{"coordinates":[[[-50.51910000623741,81.43061857570099],[-50.51456504710427,81.42970448032531],[-50.51393637046776,81.42873680545631],[-50.512005683555614,81.42778257725145],[-50.510079083181616,81.4268327582843],[-50.510752543580466,81.42584286341909],[-50.506222120370076,81.42493320028599],[-50.501945638653524,81.42440701017168],[-50.495190394637476,81.42411271393608],[-50.49711643299988,81.42506249948174],[-50.49383899231152,81.42608810816256],[-50.49316611237828,81.42707804160732],[-50.4924882340696,81.42806349850261],[-50.49051260226307,81.42907127461392],[-50.492439092950484,81.43002553192211],[-50.49696968006653,81.43093960911865],[-50.4936921925754,81.43196518394755],[-50.50082656709955,81.43283917771888],[-50.50145521776291,81.43381125197337],[-50.5044342659873,81.43435529828055],[-50.511573020616304,81.4352292571005],[-50.51703557620568,81.43554585422466],[-50.51640674966061,81.43457379692067],[-50.51577829755693,81.43360615589309],[-50.519055683384444,81.43257609821268],[-50.518426760640985,81.43160850632506],[-50.51910000623741,81.43061857570099]]],"type":"Polygon"},"id":"0000000000000000013c","properties":{"area":353947.80998505617,"elevation":156.80184563586164,"region":"NO","year":2018},"type":"Feature"},{"geometry":{"coordinates":[[[-50.42771970689634,81.43564400164901],[-50.41916261401042,81.43459166038471],[-50.4197201898973,81.4334054900117],[-50.41637570136602,81.43228178077162],[-50.41172936195837,81.43117144568204],[-50.40318091827932,81.43011914071788],[-50.408946928140004,81.42886163901063],[-50.406909105402335,81.42771567494344],[-50.39922147486003,81.42801887001458],[-50.397112509714226,81.42883491226993],[-50.39134251241394,81.4300879378738],[-50.39989051512005,81.43114472140593],[-50.39932382680265,81.43232638769832],[-50.39225192824415,81.43359719074289],[-50.388836402186186,81.4344311006175],[-50.39738897696845,81.4354834085925],[-50.398004243140946,81.43645556490085],[-50.40594107094418,81.43654024761163],[-50.41319620905569,81.43761044244611],[-50.40611978165872,81.43888576142952],[-50.40294922659761,81.44010303730634],[-50.41151077242918,81.44115985479846],[-50.41635345410294,81.44050443532132],[-50.42212772964469,81.43924689457008],[-50.42529386906462,81.43802514126115],[-50.42455362446048,81.43686127901597],[-50.42771970689634,81.43564400164901]]],"type":"Polygon"},"id":"0000000000000000013d","properties":{"area":403799.61420833354,"elevation":167.4782725275487,"region":"NO","year":2018},"type":"Feature"},{"geometry":{"coordinates":[[[-50.31969323201382,81.46886424980026],[-50.31683544529554,81.46851199197059],[-50.313977099876176,81.46815972161431],[-50.311118609893725,81.46780748913433],[-50.309566981096644,81.46743735183823],[-50.30813546647492,81.46726344183385],[-50.30564284100506,81.46749529886112],[-50.302904940554335,81.46733474682895],[-50.300292032043984,81.46737050364686],[-50.297919592359335,81.46779410547786],[-50.29554269785198,81.46821769717447],[-50.29317079899748,81.46864578818892],[-50.29079854682374,81.46906943663679],[-50.29235002415359,81.4694394764491],[-50.29128457238116,81.46984530466246],[-50.29283195363776,81.47021534776816],[-50.29569011435571,81.47056767174364],[-50.298553076568766,81.47091990138276],[-50.30010020674717,81.47129003346657],[-50.29772797406444,81.4717136560392],[-50.299159567492346,81.47188755179609],[-50.3017721874415,81.47185183004176],[-50.3041489257022,81.47142822272632],[-50.30652120745359,81.47100460535802],[-50.30889369024599,81.4705810203471],[-50.31127020245727,81.47015740914013],[-50.31400812831893,81.47031347999385],[-50.31686635996293,81.47066575570393],[-50.318052480490984,81.47045174227891],[-50.317807144086295,81.47006373338431],[-50.31625530358905,81.46969368307363],[-50.31863243887069,81.46927005622283],[-50.31969323201382,81.46886424980026]]],"type":"Polygon"},"id":"0000000000000000013e","properties":{"area":137319.06072403077,"elevation":175.2031059919762,"region":"NO","year":2018},"type":"Feature"},{"geometry":{"coordinates":[[[-50.27828634055422,81.47863411927919],[-50.267691614064915,81.47858513084444],[-50.26432932537831,81.47530324478953],[-50.26881958483211,81.47191428992362],[-50.260712817044045,81.46947961463215],[-50.25382797519976,81.47113840629706],[-50.245279851133,81.47438909753122],[-50.22219069797842,81.47333223983253],[-50.201607286864984,81.47204361573971],[-50.21124796394568,81.47484836137471],[-50.223755896313406,81.4780053808332],[-50.20887571542347,81.4795794955532],[-50.19101292962571,81.48060060220972],[-50.20578559414565,81.48314232983164],[-50.216273686180706,81.48515333483108],[-50.22664551585053,81.48696825363598],[-50.23833274100604,81.48876974668113],[-50.21985838882535,81.48882318812663],[-50.2329774395966,81.4907986013458],[-50.240027031004196,81.49363900766161],[-50.25112602025187,81.49446845935441],[-50.25565179962121,81.49322881315025],[-50.25097865345526,81.48996916167789],[-50.26776252996923,81.48719564463389],[-50.26832911232494,81.4838602263395],[-50.27020663846954,81.48050699075554],[-50.27828634055422,81.47863411927919]]],"type":"Polygon"},"id":"0000000000000000013f","properties":{"area":1650547.918009565,"elevation":169.62483412245467,"region":"NO","year":2018},"type":"Feature"},{"geometry":{"coordinates":[[[-58.85171968851963,80.4822123646887],[-58.85115801153196,80.48183331193196],[-58.8505957060771,80.48145428770057],[-58.848888104880174,80.48112434654018],[-58.84603862423164,80.4808389644299],[-58.84347477450184,80.4807408117312],[-58.841187154675985,80.48083449525856],[-58.83918506183417,80.48111988420999],[-58.83718270660126,80.48140079536341],[-58.83517633511341,80.48168169452495],[-58.83317416258386,80.48196261816189],[-58.830886554815294,80.48205626465368],[-58.82916545847598,80.48252896036458],[-58.8271633554214,80.48280988263588],[-58.82515656514373,80.48309082338923],[-58.823435703806865,80.48356345119628],[-58.82170984833825,80.4840361700995],[-58.81998853326499,80.48450431012658],[-58.81770102408051,80.48459793657345],[-58.81826303607139,80.48497697441354],[-58.81996636247224,80.48530695967723],[-58.82053240033937,80.48568598987174],[-58.822815531313765,80.48559237686112],[-58.82510318866585,80.48549871474685],[-58.82739079638851,80.4854050357825],[-58.82939270387581,80.48512415102384],[-58.8313994822113,80.48484326022472],[-58.83368727546665,80.48474957442768],[-58.83568927948644,80.48446868709121],[-58.83797667416115,80.48437504018325],[-58.83997874219603,80.48409405310801],[-58.842266146083226,80.48400048529457],[-58.8442682716444,80.48371504565367],[-58.84598953721003,80.48324688560487],[-58.84827735168946,80.48315324187125],[-58.84999844830757,80.48268052181135],[-58.85171968851963,80.4822123646887]]],"type":"Polygon"},"id":"00000000000000000140","properties":{"area":158148.37230349574,"elevation":331.92837920350956,"region":"NO","year":2018},"type":"Feature"},{"geometry":{"coordinates":[[[-59.40196377569326,80.33310445068179],[-59.3988559921789,80.33263624778431],[-59.39686707761465,80.33211898283767],[-59.394882599759406,80.3316017340539],[-59.39289830961671,80.33108447099289],[-59.39203308949328,80.33051821925702],[-59.39004913428542,80.33000093440067],[-59.386941148601124,80.32953274024548],[-59.38328891580808,80.32948817137603],[-59.3804977384417,80.33000989662945],[-59.37799153590915,80.3307233507963],[-59.37828160337792,80.33091056495107],[-59.37689893490734,80.33157053272221],[-59.377764280637386,80.33213689760547],[-59.37862466465379,80.33270314782838],[-59.37836618848361,80.33331854160241],[-59.37698389592526,80.33397846266979],[-59.377849055478784,80.33454477657943],[-59.37871390582681,80.33511104608624],[-59.37957474853791,80.33567739094684],[-59.38043982746293,80.33623922016389],[-59.384096091933905,80.33628380501476],[-59.3874626328964,80.33614111737703],[-59.390543833546694,80.33580669386133],[-59.39362097961304,80.33547224697891],[-59.39670216783194,80.3351377982846],[-59.39920363827685,80.3344288023459],[-59.39946213745326,80.33381351104629],[-59.40196377569326,80.33310445068179]]],"type":"Polygon"},"id":"00000000000000000141","properties":{"area":228839.33528156346,"elevation":399.80944171029125,"region":"NO","year":2018},"type":"Feature"},{"geometry":{"coordinates":[[[-62.17921241281881,79.48386421922599],[-62.17725032178885,79.48336478730884],[-62.175292691735244,79.48286536781706],[-62.1743475544284,79.482308006825],[-62.1734064268171,79.48175509724572],[-62.17449888314098,79.48108176901815],[-62.17558691935198,79.48040840515205],[-62.17667951130799,79.47973956148141],[-62.17675076180965,79.47912416993857],[-62.17377676947768,79.4786827507764],[-62.17181911288509,79.47818329529007],[-62.16884492282938,79.47773739615957],[-62.16586604415633,79.47729594238726],[-62.16250399490095,79.47728258723099],[-62.15914192695957,79.47726919255591],[-62.156403945814915,79.47762598146821],[-62.15335826531284,79.47779981462426],[-62.15367050672499,79.47798708669075],[-62.15359472052867,79.47859797670662],[-62.15351870474768,79.47921340350052],[-62.15547649616895,79.4797127540172],[-62.155400582381894,79.48032817612872],[-62.15736271994218,79.48082761218852],[-62.1613536691965,79.48121108069927],[-62.163311292941465,79.48171048534499],[-62.16730638624568,79.48209840158763],[-62.16926417489126,79.4825978382115],[-62.17122604385379,79.48309725133562],[-62.173183558621126,79.48359669701121],[-62.17717910792672,79.48398015743575],[-62.17921241281881,79.48386421922599]]],"type":"Polygon"},"id":"00000000000000000142","properties":{"area":201614.94997465698,"elevation":911.1052453166816,"region":"NO","year":2018},"type":"Feature"},{"geometry":{"coordinates":[[[-61.59106553649786,79.68554490682746],[-61.57860715243058,79.68418044905214],[-61.56820416276669,79.68473332505333],[-61.55872843557606,79.68584815968569],[-61.549560549561264,79.687145748423],[-61.542242951488845,79.6895625767398],[-61.53993320279378,79.69090472178904],[-61.53886287047281,79.6929871261671],[-61.535706184022104,79.69518548120327],[-61.53463156794171,79.6972678629368],[-61.53564349855834,79.6992432920083],[-61.53665129592576,79.70121415673901],[-61.5387022976413,79.70313605191517],[-61.5438839316173,79.70488848616408],[-61.54940422899379,79.7047993275847],[-61.54422269321224,79.70304687561465],[-61.54008921041654,79.70123649704365],[-61.53803352722948,79.69931907409068],[-61.54015182531445,79.69717870874757],[-61.54122165293914,79.69509184388065],[-61.54229668052113,79.69300946660425],[-61.54544906601733,79.69081113816104],[-61.55130380089161,79.68888031814544],[-61.55923201178643,79.68683358210795],[-61.56901984311159,79.68590611772963],[-61.57911071412846,79.6851658959367],[-61.59106553649786,79.68554490682746]]],"type":"Polygon"},"id":"00000000000000000143","properties":{"area":260513.69940551434,"elevation":864.8803018928631,"region":"NO","year":2018},"type":"Feature"},{"geometry":{"coordinates":[[[-59.557086888144795,80.34366359864828],[-59.556212863892235,80.34309732266311],[-59.555338935079554,80.34253104176439],[-59.55446513390818,80.34196918659445],[-59.55471476353365,80.34135377351423],[-59.55384081320383,80.34078755212435],[-59.55296233426544,80.34022568887562],[-59.55096906210163,80.33970845016337],[-59.548971323593896,80.33919112936697],[-59.54560478041659,80.3393383375277],[-59.54223837820036,80.33948543708095],[-59.53945554037878,80.34000715326998],[-59.53637883487026,80.34034162904115],[-59.53696300391896,80.34072057251329],[-59.53446600535053,80.34142961752158],[-59.53197320110189,80.34214302437336],[-59.532847365643775,80.34270941423941],[-59.53371679511795,80.34327118983313],[-59.533466984473705,80.34388657761605],[-59.5343409771907,80.34445291612717],[-59.53633852842373,80.34497015796163],[-59.53721299437912,80.34553198195917],[-59.54032966394643,80.34600021089925],[-59.542327122909306,80.34651744170695],[-59.54432517564353,80.34703469741666],[-59.54798589090625,80.34707488321845],[-59.55106275229459,80.34674038317233],[-59.5538496006876,80.34621869159494],[-59.556342308759675,80.34550528293066],[-59.556591881701934,80.34488988745541],[-59.55684186895288,80.3442789581781],[-59.557086888144795,80.34366359864828]]],"type":"Polygon"},"id":"00000000000000000144","properties":{"area":279591.8215222767,"elevation":324.56867179063704,"region":"NO","year":2018},"type":"Feature"},{"geometry":{"coordinates":[[[-61.84680397435912,79.64172088880275],[-61.84618007747128,79.64134626693229],[-61.84348649515171,79.64108766607526],[-61.84078865894608,79.64082900790638],[-61.83871961595489,79.6409405008538],[-61.83602663812769,79.64068186765445],[-61.833333157546505,79.6404232469739],[-61.831576150596966,79.64072205080416],[-61.82919511332915,79.64064622264611],[-61.827126195839085,79.64076212807907],[-61.82505712914181,79.64087363345692],[-61.82298801269022,79.64098512377596],[-61.82091884648921,79.64109659903565],[-61.819162360160135,79.64139532291877],[-61.81709306547855,79.6415067699593],[-61.8156482629314,79.64199284650297],[-61.81420372145682,79.64247894974937],[-61.81483223364676,79.64284902054905],[-61.81442230056363,79.64327706909113],[-61.81504653763197,79.64365167361194],[-61.81742738247927,79.64372297647259],[-61.81981324759382,79.64379882432794],[-61.822194512158084,79.64387012478028],[-61.82363888933328,79.6433885558035],[-61.82570794306295,79.64327264385815],[-61.82777704453119,79.64316110174461],[-61.82922197872452,79.64267511460541],[-61.831290698821,79.64256362009405],[-61.83367213884817,79.64263943190126],[-61.835741295178515,79.64252348298602],[-61.83843458687495,79.64278657583527],[-61.84113208192425,79.64304518078106],[-61.8432012429424,79.64293374831327],[-61.84495342233091,79.64263499538268],[-61.84639850330109,79.6421489155982],[-61.84680397435912,79.64172088880275]]],"type":"Polygon"},"id":"00000000000000000145","properties":{"area":144528.46975713686,"elevation":868.668017294627,"region":"NO","year":2018},"type":"Feature"},{"geometry":{"coordinates":[[[-59.350790875028125,80.43533829254059],[-59.35021127661324,80.43496374265858],[-59.34963161814414,80.43458465311313],[-59.346782416447525,80.43430382535672],[-59.343933202393394,80.43402286075549],[-59.34335356008054,80.43364382882106],[-59.34050403196201,80.43336740174347],[-59.33878727732904,80.43303740853938],[-59.337074914947905,80.43270743681119],[-59.33480533743064,80.43280550536562],[-59.33254005258621,80.43289916202507],[-59.32969034323472,80.4326182417497],[-59.327420835145205,80.43271636757805],[-59.325151184107284,80.43280993917728],[-59.323171246320875,80.43309537296119],[-59.32148600701547,80.43357249044196],[-59.31921624633414,80.43366612828044],[-59.31979571861632,80.43404516962921],[-59.31923840469622,80.43446872463213],[-59.319818333087156,80.43484780300328],[-59.322667625308114,80.43512872961442],[-59.32551705469567,80.43540963022937],[-59.32836636323787,80.43569057612329],[-59.331211110920776,80.43597142494],[-59.33179093367777,80.4363460832652],[-59.334060435729484,80.43625239016662],[-59.336040359771246,80.43596696809166],[-59.338020320690184,80.43568164322],[-59.34086971143441,80.43596254770522],[-59.34342891324805,80.43605175203736],[-59.345408922131526,80.43576630871125],[-59.347388662024976,80.43548546049345],[-59.34994843773311,80.43557458001953],[-59.350790875028125,80.43533829254059]]],"type":"Polygon"},"id":"00000000000000000146","properties":{"area":147272.83953760267,"elevation":288.90783823779134,"region":"NO","year":2018},"type":"Feature"},{"geometry":{"coordinates":[[[-61.42712260038533,79.81078318083513],[-61.426810502085125,79.81059592230068],[-61.425753361109464,79.81064943812254],[-61.42470125577134,79.81070295245877],[-61.4236488623398,79.810760914422],[-61.42259207362192,79.81081445566534],[-61.42153954087711,79.81086792152479],[-61.42048749857109,79.81092590895108],[-61.41912295881706,79.81079210138246],[-61.418066135283986,79.81084562627618],[-61.41732602090691,79.81109086891523],[-61.41626915694287,79.8111443870581],[-61.415216709149654,79.81119794035872],[-61.41447173716198,79.81143872074962],[-61.41372746308249,79.81168395051591],[-61.412982816344,79.81192476283192],[-61.41329473479305,79.81211203295253],[-61.413606943524606,79.81229485112915],[-61.41391484393393,79.81248211804792],[-61.41422679409992,79.81266938644423],[-61.41453875490414,79.81285665426232],[-61.41484645702002,79.81304399292434],[-61.41515871803391,79.81322680825514],[-61.41652313171981,79.81336059560175],[-61.41683515002193,79.81354786016601],[-61.41714313936131,79.81373512214226],[-61.417454837012485,79.81391797071969],[-61.41776727702763,79.81410527054169],[-61.418074907908014,79.8142924938233],[-61.41838697915416,79.81447975551039],[-61.41944390826201,79.81442630621464],[-61.42018418052682,79.81418106604482],[-61.420928803121484,79.81394024014566],[-61.42061670775506,79.81375298015739],[-61.419251932140554,79.8136236630609],[-61.4189445324462,79.81343636647077],[-61.419684477612556,79.81319557657909],[-61.42042943992916,79.81295478664093],[-61.42117398009543,79.81271395719787],[-61.42191864813053,79.81247323567482],[-61.42265874116763,79.81222798434891],[-61.423403574542625,79.81198718430684],[-61.42414837572502,79.81174638173819],[-61.42488848621014,79.81150561124143],[-61.425633223121835,79.81126480363221],[-61.42637792784628,79.81102399349675],[-61.42712260038533,79.81078318083513]]],"type":"Polygon"},"id":"00000000000000000147","properties":{"area":52102.7398811198,"elevation":871.8881645956405,"region":"NO","year":2018},"type":"Feature"},{"geometry":{"coordinates":[[[-59.538822459009644,80.41401487241481],[-59.53852845282689,80.41382756872817],[-59.537105685873016,80.41368938961658],[-59.53568320842875,80.41355113254761],[-59.534256455468864,80.41340841248727],[-59.532833789701634,80.41327021388902],[-59.531411413466934,80.4131319373372],[-59.52998450764061,80.412989269191],[-59.52856194305854,80.41285105110654],[-59.52713513166502,80.4127127977387],[-59.5260070466402,80.41276185128972],[-59.52516881779515,80.41299822833568],[-59.524036002011016,80.4130472063416],[-59.52290786096846,80.4130962483724],[-59.52206953316016,80.41333261602786],[-59.520936812125655,80.41338169326043],[-59.5198043344082,80.41343069487397],[-59.518676531611284,80.41347976057865],[-59.517543772231114,80.41352882533808],[-59.51783807420127,80.41371611558904],[-59.518132386874356,80.41390340529297],[-59.517293884518935,80.41413975777087],[-59.51645562164374,80.41438046364213],[-59.516745393570794,80.41456779602682],[-59.51703971341217,80.41475508535665],[-59.51733404395826,80.41494237413941],[-59.518756391066084,80.41508502960863],[-59.52017915726575,80.41522329021366],[-59.521311415118646,80.415174249451],[-59.52244432341801,80.41512517240854],[-59.52357227439767,80.41507609447689],[-59.52470490100979,80.41502708058161],[-59.52613202756461,80.41516977103288],[-59.52725995852053,80.41512067978107],[-59.528392565117,80.41507165251072],[-59.52952515892489,80.41502262107821],[-59.530363410095795,80.41478180912878],[-59.5314914502291,80.41473724075111],[-59.532624394955256,80.41468823708016],[-59.533757175822295,80.41463911845709],[-59.53488515077551,80.41459010991214],[-59.5357232395624,80.41434928205354],[-59.53656172646766,80.41411291838098],[-59.53769457107417,80.41406389572091],[-59.538822459009644,80.41401487241481]]],"type":"Polygon"},"id":"00000000000000000148","properties":{"area":68425.22698515176,"elevation":233.88468936833905,"region":"NO","year":2018},"type":"Feature"},{"geometry":{"coordinates":[[[-59.68267311016411,80.3872513594589],[-59.68203108539097,80.3860696936577],[-59.677228507490206,80.38607858941839],[-59.67449089270656,80.38740739514569],[-59.669496215418775,80.38882985238719],[-59.66302645978411,80.389315883256],[-59.65449139547839,80.38848206621832],[-59.65385384049334,80.38730041388696],[-59.65095573688549,80.38622128642997],[-59.64507814317845,80.38708190362001],[-59.6397854661333,80.38831710585082],[-59.63449241281197,80.3895567070574],[-59.632878099211574,80.39083202167582],[-59.63797480028829,80.39101035333138],[-59.64415550809914,80.39034151190387],[-59.65269006836841,80.39117537222592],[-59.65333224176628,80.39235251330665],[-59.652841913107316,80.39358325937272],[-59.65122743277083,80.3948585445067],[-59.65466536952675,80.39551405914396],[-59.660546785831606,80.39465345244848],[-59.665545630926744,80.39322654529306],[-59.670539896779935,80.39180412569148],[-59.67671544601934,80.39113077529625],[-59.67832538550036,80.38985540561673],[-59.68219128767294,80.38847760482594],[-59.68267311016411,80.3872513594589]]],"type":"Polygon"},"id":"00000000000000000149","properties":{"area":390159.73797507084,"elevation":251.41247657925942,"region":"NO","year":2018},"type":"Feature"},{"geometry":{"coordinates":[[[-59.30626269727904,80.49768544752078],[-59.30454153030361,80.49735545908088],[-59.30254806021416,80.49764083295398],[-59.30055488578732,80.49792623268745],[-59.29856159735268,80.49821161868088],[-59.2968583090543,80.49868424414673],[-59.295155015822715,80.49915696863268],[-59.29345141768531,80.4996295705121],[-59.290874320723134,80.49953594490974],[-59.28800685862193,80.49925499946345],[-59.28514426194982,80.49897409971183],[-59.282567101479735,80.49888047786699],[-59.280863430029875,80.4993575853538],[-59.282589173556914,80.49968316123612],[-59.28545648761562,80.4999640438818],[-59.28831936388671,80.50024493940066],[-59.29118636858835,80.50053033613204],[-59.29062885475055,80.50095396663987],[-59.29006698048023,80.50137756222482],[-59.290651158792954,80.50175659734268],[-59.29123072069035,80.50213113462435],[-59.29351828913948,80.50203750740177],[-59.295511361556535,80.50175215839825],[-59.29779920225099,80.50165853898659],[-59.299792332837995,80.50137309005682],[-59.30178549943601,80.5010877382014],[-59.30348892407729,80.50061509699134],[-59.30176343580384,80.50028510815609],[-59.30232052256788,80.49985702956907],[-59.30402399045775,80.49938430817451],[-59.30344415280991,80.49900978396595],[-59.30286010450285,80.49863080158322],[-59.30456376615839,80.4981581108082],[-59.30626269727904,80.49768544752078]]],"type":"Polygon"},"id":"0000000000000000014a","properties":{"area":92895.17570832933,"elevation":194.0576767169825,"region":"NO","year":2018},"type":"Feature"},{"geometry":{"coordinates":[[[-59.157123548421076,80.54969637845217],[-59.15683363765644,80.54950911862143],[-59.155999456603624,80.54942438938275],[-59.15572301579981,80.54924604254916],[-59.15511700277003,80.54918357040846],[-59.15510317656825,80.54917914879537],[-59.15481370122853,80.5489873936464],[-59.154010890993455,80.54891156760223],[-59.15485381413166,80.5486797629498],[-59.15456394712915,80.54848796700193],[-59.15392616218973,80.54842549829326],[-59.1539441595549,80.54842107073081],[-59.15365434258184,80.54823380620509],[-59.15221830263724,80.54809111706896],[-59.150778247677806,80.54795284885599],[-59.149337679265614,80.54781018355021],[-59.14790215708798,80.54766751457939],[-59.146461533848516,80.54752925794735],[-59.14502148331475,80.54738661274887],[-59.14358565652539,80.54724388436576],[-59.14214554930494,80.54710564785393],[-59.140709531356826,80.54696297743261],[-59.13926921211523,80.54682026620728],[-59.138118705220585,80.54686929034771],[-59.137262421175805,80.54710566503476],[-59.137547993587695,80.54729295067406],[-59.138988359709316,80.54743566926699],[-59.139278160117726,80.54762287639102],[-59.1384175075197,80.5478592181821],[-59.13870733038257,80.5480509577109],[-59.14014753279659,80.54818920897952],[-59.14078549872129,80.54825163410304],[-59.140763178513616,80.5482605592359],[-59.141052772653644,80.5484478345959],[-59.142493338497346,80.54859053659605],[-59.14278297264177,80.54877780997637],[-59.14307261747995,80.54896508281703],[-59.1445086778329,80.54910781219824],[-59.14594908912886,80.54924603668155],[-59.14738914710478,80.54938874736223],[-59.14822285722201,80.54947345918796],[-59.148499591929244,80.54965185150569],[-59.1499399966493,80.54979447940205],[-59.151085731635,80.54974541185912],[-59.15223620298129,80.54969641400113],[-59.15367639319127,80.5498390961472],[-59.155116619200406,80.54998177172706],[-59.15626275100629,80.54993272534473],[-59.157123548421076,80.54969637845217]]],"type":"Polygon"},"id":"0000000000000000014b","properties":{"area":55116.12388356293,"elevation":170.0101836932001,"region":"NO","year":2018},"type":"Feature"},{"geometry":{"coordinates":[[[-59.689669330352324,80.39861315631923],[-59.68907631621871,80.39823407439913],[-59.688483182745074,80.3978594905052],[-59.689022966463426,80.39743145519499],[-59.689557866273056,80.39700785176143],[-59.687301634021836,80.39710595314061],[-59.68475109151961,80.39701680984435],[-59.68249479279392,80.39711487631858],[-59.68023818852397,80.39721299784736],[-59.67857075088649,80.39769007631581],[-59.67690282038491,80.39816278623002],[-59.6774959194085,80.39854174650117],[-59.67921722237839,80.39886729813311],[-59.68093394559347,80.39919277396027],[-59.67927092574888,80.39966991243489],[-59.6776029861845,80.40014254502223],[-59.6759400716276,80.40061969966702],[-59.67427206942533,80.40109684851359],[-59.6737324968352,80.40152041940301],[-59.67628754572348,80.40160960154088],[-59.67569438745989,80.40123507729903],[-59.67736234218467,80.40075792127872],[-59.67902997853029,80.40028525386279],[-59.68069350888406,80.39980815885384],[-59.682360755300614,80.39933103988075],[-59.684323056721716,80.399045642142],[-59.68687342485262,80.39913482176728],[-59.68883529875033,80.39884946616628],[-59.689669330352324,80.39861315631923]]],"type":"Polygon"},"id":"0000000000000000014c","properties":{"area":52111.9278364397,"elevation":232.86154165513426,"region":"NO","year":2018},"type":"Feature"},{"geometry":{"coordinates":[[[-59.572140593185914,80.38663600221612],[-59.56817211222387,80.38640858862487],[-59.5636638853697,80.38660478906695],[-59.559445793872776,80.38698822985249],[-59.55493337690518,80.38718442327772],[-59.55042517741688,80.38738068968031],[-59.54561807747205,80.38738508687175],[-59.541109694997004,80.38758132810997],[-59.53689175441524,80.38796479537508],[-59.53747590105559,80.38834378905185],[-59.53638771531962,80.38919099290838],[-59.536432650622736,80.38999366868919],[-59.53647266860421,80.39079634229827],[-59.53764062628284,80.39154991460433],[-59.53994182246686,80.39225448206392],[-59.5411144655519,80.39300806185378],[-59.54228275182218,80.39376167579542],[-59.54571158318261,80.39441714030322],[-59.54914082069904,80.39507256505392],[-59.55336369390804,80.39468913035613],[-59.55670371397272,80.39373931617257],[-59.560047591480625,80.39279402361642],[-59.56338762450202,80.39184423501085],[-59.56731144783691,80.39126900814792],[-59.56898385814023,80.39079632368878],[-59.56893900351805,80.38999370186046],[-59.56889482613656,80.3891910421005],[-59.56997833678274,80.38833938242286],[-59.57106193746961,80.38748764032506],[-59.572140593185914,80.38663600221612]]],"type":"Polygon"},"id":"0000000000000000014d","properties":{"area":399222.6819466445,"elevation":256.58638234927207,"region":"NO","year":2018},"type":"Feature"},{"geometry":{"coordinates":[[[-59.636088977166644,80.37440023824928],[-59.635794512794,80.37421295778304],[-59.635500313463076,80.37402560518805],[-59.63520587041516,80.37383832362775],[-59.63378364603871,80.37369565873574],[-59.6334935061521,80.37350840245321],[-59.63432294367432,80.37327208532703],[-59.6340285434002,80.37308480157206],[-59.6337343410454,80.37289301613757],[-59.63456824512876,80.37265665255349],[-59.63539759385799,80.37242033041457],[-59.63510360682315,80.37223308547846],[-59.63368545828246,80.37209040704984],[-59.63256174673801,80.37213943877381],[-59.63172790002122,80.37238022762463],[-59.6308984673571,80.372616539761],[-59.629770164054726,80.37266560516741],[-59.628646771930335,80.37271466140791],[-59.627812723184086,80.37295100846873],[-59.626689288121604,80.37300005736878],[-59.62556091633328,80.37304910712254],[-59.62473175704037,80.37328986940598],[-59.62389757249372,80.37352620424454],[-59.62306375628977,80.3737625754185],[-59.62223442139833,80.37399889958688],[-59.621400592508735,80.3742396944995],[-59.62169481306699,80.37442698748758],[-59.62198904428145,80.37461427992896],[-59.62228354064327,80.37480150025367],[-59.62257779317401,80.37498879160142],[-59.622872119118895,80.37518051184819],[-59.6242900993227,80.37531876800846],[-59.62541805766271,80.37526975720719],[-59.626541738557165,80.37522071487574],[-59.62766992597714,80.37517162422503],[-59.628499219316026,80.37493528793199],[-59.62962776948819,80.37488622911785],[-59.63075138208643,80.37483717119972],[-59.631585435954804,80.37459639108184],[-59.632708750723815,80.37454739739798],[-59.63383682607135,80.37449828372651],[-59.63496077576483,80.3744492494196],[-59.636088977166644,80.37440023824928]]],"type":"Polygon"},"id":"0000000000000000014e","properties":{"area":53018.22223354774,"elevation":288.3134907364056,"region":"NO","year":2018},"type":"Feature"},{"geometry":{"coordinates":[[[-59.59265271539308,80.4283776271089],[-59.58434118399544,80.42692843229568],[-59.57120450682387,80.4254837065043],[-59.555811714814844,80.42414151829057],[-59.54012894627585,80.42260309476654],[-59.53182609632284,80.42115389173708],[-59.51615267240299,80.41961994412209],[-59.503038463133905,80.41817519652913],[-59.49029400554382,80.41852297864882],[-59.475507470522224,80.41755095051899],[-59.46217930064943,80.41751968434893],[-59.44885565985457,80.41748850635028],[-59.43494774705497,80.41707829430908],[-59.42249758090683,80.41761337001158],[-59.42427699155676,80.41954418478983],[-59.43087667549545,80.42147496307132],[-59.44201080138557,80.42320507910654],[-59.45541500843467,80.42484155418265],[-59.47050464575101,80.42600540118259],[-59.484425791150976,80.42641116970808],[-59.49893585099284,80.42719593977809],[-59.51286139532997,80.42760174875511],[-59.52620315345496,80.42762850476743],[-59.540129127899604,80.42803431118882],[-59.55464774399669,80.42881456477565],[-59.567989459484465,80.42884141003162],[-59.58015371118732,80.42811452525498],[-59.59265271539308,80.4283776271089]]],"type":"Polygon"},"id":"0000000000000000014f","properties":{"area":2029646.302427748,"elevation":237.28660387994532,"region":"NO","year":2018},"type":"Feature"},{"geometry":{"coordinates":[[[-62.745469174428116,79.49434758101802],[-62.74481792070341,79.4939774645323],[-62.74213790416643,79.49372775397444],[-62.7394624482019,79.49347360631057],[-62.73779486317965,79.49316147480211],[-62.7371482120967,79.4927913575311],[-62.73649730611253,79.49242121920643],[-62.73585073948877,79.49205109716219],[-62.734187363402576,79.49174346680088],[-62.731507601260525,79.49148926475334],[-62.73085673125582,79.49111918568373],[-62.72818107997319,79.49086947668287],[-62.72550140064369,79.49061529311726],[-62.723151401689755,79.49054842322138],[-62.72079673823212,79.4904814799375],[-62.7187680697269,79.49060191235154],[-62.71673914060503,79.49071786392845],[-62.715031252339216,79.49102103472151],[-62.71364881767003,79.49151155781968],[-62.71430016885352,79.49188166789585],[-62.714946668395676,79.49225179598233],[-62.71559772238899,79.49262186594167],[-62.717260637049364,79.49293403073806],[-62.719936439785975,79.49318372863209],[-62.72229088991059,79.493250609712],[-62.7243195781311,79.4931346627341],[-62.72667380378887,79.4932015826532],[-62.72935389366466,79.49345128701583],[-62.73203386758124,79.49370104114765],[-62.734709094758884,79.4939551470464],[-62.73738926750214,79.49420485127692],[-62.739418063591046,79.49408890848046],[-62.74209812381842,79.4943386438482],[-62.7447779060497,79.49459285973684],[-62.745469174428116,79.49434758101802]]],"type":"Polygon"},"id":"00000000000000000150","properties":{"area":128218.04683783765,"elevation":756.4832381217777,"region":"NO","year":2018},"type":"Feature"},{"geometry":{"coordinates":[[[-59.310587909798194,80.53716628171786],[-59.30483096212104,80.5366044951284],[-59.30251226775066,80.53589989391303],[-59.30593284093472,80.53495012916115],[-59.30132189023032,80.53434368253454],[-59.295565309389396,80.53378185576358],[-59.29554297990209,80.53297924084525],[-59.29322875960921,80.53227022691014],[-59.29288937159714,80.53158799867006],[-59.292621826565636,80.53109302505041],[-59.288372481945,80.53066495278821],[-59.28471617064892,80.53062039818693],[-59.281996105401376,80.53053117127905],[-59.28225914751626,80.53103058438246],[-59.28259782782017,80.53171282464334],[-59.27918246758875,80.53265816882848],[-59.27690812789438,80.53355888817684],[-59.279784444845276,80.53383984380237],[-59.28439074668125,80.53445070637657],[-59.28670482688148,80.53515523715],[-59.290169683197455,80.53581518850007],[-59.2901920513455,80.53661782134871],[-59.29020983895811,80.53742048738373],[-59.295092496654675,80.53741601909252],[-59.29938626002091,80.53703255390327],[-59.304558964614,80.53721983688642],[-59.31002605512681,80.53759438305337],[-59.310587909798194,80.53716628171786]]],"type":"Polygon"},"id":"00000000000000000151","properties":{"area":198872.22452441632,"elevation":145.58305894272178,"region":"NO","year":2018},"type":"Feature"},{"geometry":{"coordinates":[[[-59.74381640515988,80.40770971950951],[-59.742095158047555,80.40737976187702],[-59.74263006209806,80.40695607260925],[-59.74203257107486,80.40657709696652],[-59.741439769127894,80.40620250168014],[-59.74084634855615,80.40582793678074],[-59.737992524885755,80.40554701167238],[-59.73739966929026,80.40517247775236],[-59.735678473115186,80.40484694086622],[-59.734251533384224,80.40470874345478],[-59.731994890658164,80.40480683012328],[-59.73032731327583,80.40527950055561],[-59.72866397092783,80.40575661392616],[-59.72640784679802,80.4058547363948],[-59.727000884723935,80.40623375488794],[-59.725337794239564,80.40670638438498],[-59.723669874766074,80.40718354793752],[-59.72313484801552,80.4076071682232],[-59.72259988716312,80.40803521411607],[-59.722064778974655,80.40845882900803],[-59.722657826182164,80.40883784689973],[-59.722122684791444,80.4092614587052],[-59.72384394445557,80.40959144775137],[-59.72669790306663,80.40986791670021],[-59.728659880014774,80.40957805724682],[-59.7309160968164,80.40947995749406],[-59.733176540429774,80.40938186719357],[-59.73543759483525,80.40928372773169],[-59.737693811378406,80.40918568904667],[-59.73995464963368,80.4090830881559],[-59.741617807961326,80.40861042890045],[-59.74328136311083,80.4081332972972],[-59.74381640515988,80.40770971950951]]],"type":"Polygon"},"id":"00000000000000000152","properties":{"area":147272.83953771924,"elevation":220.19095806639496,"region":"NO","year":2018},"type":"Feature"},{"geometry":{"coordinates":[[[-62.086708226480575,79.68690941099271],[-62.085031797069156,79.68659726166803],[-62.08263710584105,79.68652588615674],[-62.08024721809149,79.68645009831803],[-62.07785233874623,79.68637875783115],[-62.07577446779276,79.68649471000514],[-62.073701143532276,79.68661060191101],[-62.0716229730613,79.68672214021863],[-62.06954954597173,79.68683800197377],[-62.067792758676426,79.68713678434042],[-62.06571936392408,79.68725272811854],[-62.06332449070544,79.68718137867634],[-62.06188427301004,79.68766744607058],[-62.06044396265625,79.6881490460946],[-62.05900809681086,79.68863504916189],[-62.060680647316794,79.68895165706896],[-62.06307489465997,79.68902303069125],[-62.064831719957546,79.68872424742125],[-62.0672263097475,79.68879562315647],[-62.06898336268624,79.68849684974246],[-62.07074472155157,79.68819363585305],[-62.07281818423318,79.68808211555606],[-62.074574764338145,79.68777892177253],[-62.076648483802245,79.68766740943619],[-62.07872633052878,79.68755152729769],[-62.080799948712894,79.68743998482599],[-62.08287769245544,79.68732407247708],[-62.084634603362744,79.68702534425651],[-62.086708226480575,79.68690941099271]]],"type":"Polygon"},"id":"00000000000000000153","properties":{"area":69319.29740703355,"elevation":766.136151452282,"region":"NO","year":2018},"type":"Feature"},{"geometry":{"coordinates":[[[-59.781763012005854,80.40040569326992],[-59.781170300881854,80.40003115477214],[-59.779444714369106,80.39970113376906],[-59.77659502782178,80.39942470276107],[-59.77374120161031,80.39914822029561],[-59.774276485597376,80.39872463413589],[-59.7725549205712,80.39839463106865],[-59.77000030163463,80.39830546454397],[-59.76833705474826,80.39878255699813],[-59.76608501818167,80.39888069892702],[-59.76442190469645,80.39935780604249],[-59.76501466510297,80.39973234331387],[-59.764484170260545,80.4001604403399],[-59.76507738901915,80.40053501403371],[-59.7645421800687,80.40096304338964],[-59.76401148860766,80.40138670597914],[-59.76347660532317,80.40181476894014],[-59.76519754924758,80.40214030642298],[-59.76579531229273,80.40251932680036],[-59.768051453166244,80.40241671216663],[-59.770606396248134,80.40250592797689],[-59.77226528181367,80.40203327706438],[-59.77452591238234,80.4019306790445],[-59.77678249722939,80.40183257834339],[-59.778441266694614,80.40135550065875],[-59.7806976775996,80.40125737055283],[-59.78010454350536,80.40088279382988],[-59.781763012005854,80.40040569326992]]],"type":"Polygon"},"id":"00000000000000000154","properties":{"area":99239.23648843606,"elevation":217.28855523874824,"region":"NO","year":2018},"type":"Feature"},{"geometry":{"coordinates":[[[-62.34682971711252,79.61382026478773],[-62.341492235594686,79.61269660374039],[-62.334103382574796,79.6116843476204],[-62.32658111608362,79.61190729051562],[-62.31841642430079,79.61175570243202],[-62.30897213401962,79.61085940632492],[-62.29984421405494,79.61015037552023],[-62.29200494114855,79.61018611184633],[-62.28608363372041,79.61133210846532],[-62.28640438860889,79.61151938237069],[-62.28658756893407,79.6129329204058],[-62.2888301264652,79.61423050500278],[-62.29107320300114,79.61552806068785],[-62.29434624350945,79.61677220924696],[-62.29967477490867,79.61789585622073],[-62.302952151282,79.6191399575422],[-62.3082852531124,79.62026368473393],[-62.31465295886247,79.62132939060832],[-62.319990492098654,79.6224575684648],[-62.32609952263369,79.62272505335434],[-62.335561780524344,79.62361686788107],[-62.33466104738725,79.62244415765569],[-62.33241349627985,79.6211465728265],[-62.33119188696838,79.61979100192274],[-62.33100023415037,79.61837747913592],[-62.32978280879961,79.61701747575373],[-62.33473674404445,79.61531406918797],[-62.34130047496568,79.6145381674967],[-62.34682971711252,79.61382026478773]]],"type":"Polygon"},"id":"00000000000000000155","properties":{"area":934677.8467366125,"elevation":744.1734938933648,"region":"NO","year":2018},"type":"Feature"},{"geometry":{"coordinates":[[[-63.001171584114225,79.47132967431092],[-62.997180661014,79.47033975630089],[-62.99045630970155,79.47033085740519],[-62.98471746754581,79.47087485599026],[-62.9799644109675,79.47197622734888],[-62.97991065456136,79.47320247176509],[-62.97783280413178,79.47455364663757],[-62.97879151941285,79.47572187922803],[-62.9777256065853,79.47701056877268],[-62.9796966114954,79.47812090895539],[-62.981667619254104,79.47923119232041],[-62.98363848859244,79.4803370619738],[-62.98662157544949,79.48138941527958],[-62.992641672687185,79.48225445588608],[-62.99838926423046,79.48171043268255],[-62.99707385549193,79.48097023282966],[-62.99003735913057,79.48016313648976],[-62.98806660844332,79.4790528342917],[-62.98609557689471,79.47794698218256],[-62.985136802529354,79.4767742439277],[-62.98417816732484,79.47560592404851],[-62.983219529257525,79.47443766555955],[-62.98731749637946,79.47297062182115],[-62.99174538308689,79.47168641106494],[-62.99846952233273,79.4716952888057],[-63.001171584114225,79.47132967431092]]],"type":"Polygon"},"id":"00000000000000000156","properties":{"area":215206.9690741455,"elevation":700.3305656811128,"region":"NO","year":2018},"type":"Feature"},{"geometry":{"coordinates":[[[-62.869329586050355,79.51567543504214],[-62.868674116696276,79.51530534003908],[-62.86802299442389,79.51493525935857],[-62.86837959311927,79.51450271909098],[-62.86671188655532,79.51419502215191],[-62.86605658833764,79.51382491747968],[-62.86540094997188,79.51345477526525],[-62.86372906382832,79.51314268723443],[-62.86104460914377,79.51289293850604],[-62.85835573590521,79.512643222727],[-62.85567105113707,79.51239357361806],[-62.8539634763221,79.51269678409355],[-62.85160472749998,79.51262990130432],[-62.849901299289066,79.5129331032711],[-62.85055664882798,79.5133032048706],[-62.84917863868158,79.51379371113242],[-62.84982971536768,79.5141637948399],[-62.85048552182527,79.51453392829303],[-62.85114098815389,79.51490402418295],[-62.8507795366005,79.51533209088386],[-62.852452049267846,79.51564420870353],[-62.85310274182958,79.51601432004851],[-62.85477493084667,79.51632203288996],[-62.85644708507115,79.51663416587887],[-62.858119324107456,79.51694628879781],[-62.86080822814744,79.51719600761378],[-62.86316710063159,79.51726293199332],[-62.86520029486305,79.51714247155392],[-62.86723360572069,79.51702210633782],[-62.867594859959276,79.51659405719604],[-62.867956034950964,79.51616146572717],[-62.869329586050355,79.51567543504214]]],"type":"Polygon"},"id":"00000000000000000157","properties":{"area":146340.73897039407,"elevation":713.3561058923998,"region":"NO","year":2018},"type":"Feature"},{"geometry":{"coordinates":[[[-59.80716222325476,80.497618505671],[-59.80686340152994,80.49743121543365],[-59.80541873654209,80.49728858799392],[-59.803978412368046,80.49715029333746],[-59.80253827757031,80.49701210268717],[-59.80109776586199,80.49687386649205],[-59.79965769950253,80.49673566267369],[-59.79852047208165,80.49678466598874],[-59.79768217112932,80.49702550006656],[-59.79684394310602,80.49726183475967],[-59.79600567693253,80.49749816657409],[-59.79516294671344,80.49773896671611],[-59.794324603785604,80.49797529274969],[-59.793187618276995,80.49802431465326],[-59.79174721869499,80.49788614762176],[-59.79060591173345,80.49793513496466],[-59.789767329640746,80.49817594444609],[-59.788928823784445,80.49841225460476],[-59.788090690921535,80.49864860086169],[-59.787252404127315,80.49888944063834],[-59.787551189274765,80.49907667409299],[-59.78899145423309,80.49921493082162],[-59.78929459362448,80.49940218758175],[-59.789593173755094,80.49958949006431],[-59.79073492200023,80.49954043623143],[-59.791876657199445,80.4994913782094],[-59.79331661372379,80.49962957619539],[-59.79475701569323,80.49976780657035],[-59.796197195787144,80.49990610198499],[-59.7973389332778,80.49985702444987],[-59.79847608735163,80.49980798913958],[-59.79961738753819,80.49975886428034],[-59.80045548322546,80.49952259972508],[-59.801293906594054,80.49928176425357],[-59.80213259291309,80.49904546126268],[-59.8029706828724,80.49880469162929],[-59.80380888131921,80.49856834391026],[-59.80464745280319,80.49833203226987],[-59.80548568296279,80.49809118232598],[-59.806324177776034,80.49785486491525],[-59.80716222325476,80.497618505671]]],"type":"Polygon"},"id":"00000000000000000158","properties":{"area":68418.94105706463,"elevation":84.58758027760513,"region":"NO","year":2018},"type":"Feature"},{"geometry":{"coordinates":[[[-59.05253503910609,80.71804527459415],[-59.050778364200276,80.717715328068],[-59.04785318304195,80.71743444153573],[-59.04492348220011,80.7171490379747],[-59.041998176683684,80.71686805833005],[-59.039072914123295,80.71658270813023],[-59.03731620195705,80.71625271753531],[-59.037900201293944,80.71582914059604],[-59.03731612264782,80.7154501086939],[-59.03468106042886,80.71535642301217],[-59.03205017576877,80.71526282271897],[-59.02970909031202,80.71535649898335],[-59.02765795537161,80.71563738635687],[-59.02941454624719,80.7159673589226],[-59.03233967956749,80.716252725647],[-59.035269535853494,80.71653368689397],[-59.03819469817328,80.7168190711897],[-59.04111975424509,80.71709997421874],[-59.042876981078834,80.71743439723309],[-59.04111988250034,80.71790264287843],[-59.03936314276452,80.71837526015412],[-59.03761064935545,80.71884790111731],[-59.03936314863927,80.71917791893449],[-59.0417086967835,80.71908424571201],[-59.044049515816376,80.71899059026828],[-59.046390700575444,80.71889695752408],[-59.048731566392604,80.71880337841979],[-59.05077815094234,80.7185179860912],[-59.05253503910609,80.71804527459415]]],"type":"Polygon"},"id":"00000000000000000159","properties":{"area":55731.985099495614,"elevation":478.58720817435164,"region":"NO","year":2018},"type":"Feature"},{"geometry":{"coordinates":[[[-59.90685437737209,80.49667325757969],[-59.90624807728864,80.49629863636486],[-59.90450467909364,80.49597314031415],[-59.90161952863674,80.49569668873673],[-59.89987576219959,80.49536670248119],[-59.90154813036884,80.49489404799661],[-59.90321584612592,80.49441693316717],[-59.90488797520029,80.49393975890345],[-59.903144349945585,80.49361428306868],[-59.9023106037206,80.49385059528889],[-59.90177535559834,80.49427864099788],[-59.900103435458824,80.49475583537314],[-59.898431205678236,80.49523290768339],[-59.89676335957351,80.49570560614444],[-59.89478796409709,80.49599538921146],[-59.89281260975142,80.49628526928223],[-59.891140432979334,80.49675794680181],[-59.88946828716555,80.49723503781716],[-59.88718976819799,80.49733760897837],[-59.88551757255938,80.49781028940917],[-59.8861241021902,80.49818933470736],[-59.88786762507966,80.49851485312475],[-59.89044942705595,80.49860397065216],[-59.89212173336922,80.49812688103556],[-59.894096780506466,80.4978370444392],[-59.896678593891906,80.49792622171896],[-59.89865387319239,80.49763639429945],[-59.900932639664084,80.49753827609068],[-59.902903813607175,80.49724843534877],[-59.90457572143899,80.4967713096876],[-59.90685437737209,80.49667325757969]]],"type":"Polygon"},"id":"0000000000000000015a","properties":{"area":71137.5744765505,"elevation":77.22510582543839,"region":"NO","year":2018},"type":"Feature"},{"geometry":{"coordinates":[[[-63.529847133594274,79.3057052653968],[-63.52951731917781,79.30551798076631],[-63.52918283412089,79.30533516964059],[-63.528848359619865,79.30515235790055],[-63.52851857714715,79.30496507142337],[-63.52818412382629,79.30478225845391],[-63.52785390224996,79.30459945133987],[-63.52751955313576,79.30441212227369],[-63.52718513155315,79.30422930746022],[-63.52685531890343,79.3040465327899],[-63.52553102517413,79.30392163833503],[-63.524206670786775,79.30380125257514],[-63.52288221798298,79.30367642122854],[-63.521887629694156,79.30373880415958],[-63.52122772196949,79.30398404008469],[-63.52056770071811,79.30423378868139],[-63.519907737365145,79.30447902021307],[-63.520242437452254,79.30466187697773],[-63.520572171969214,79.30484465798445],[-63.519912554052375,79.30508992238813],[-63.51925244477038,79.3053396651368],[-63.51958678448802,79.30552248718023],[-63.519916913091514,79.30570530201912],[-63.52025139421929,79.3058925621508],[-63.52058096022137,79.30607541697634],[-63.5199212779332,79.30632067853655],[-63.52025565779262,79.30650349852259],[-63.52058556929512,79.30669071631347],[-63.520920347792526,79.3068735693516],[-63.5222444462205,79.30699401043786],[-63.522579002285944,79.3071812662299],[-63.52290884800335,79.30736404130548],[-63.52324309768368,79.30754693208937],[-63.523577685906886,79.30773418601927],[-63.52390794065734,79.30791699354371],[-63.524242222086805,79.30809988248377],[-63.52556643430667,79.30822463717813],[-63.526560784491856,79.30816228677874],[-63.52722079170686,79.30791704748583],[-63.526886349270676,79.30772972231811],[-63.52655183431797,79.30754691127802],[-63.52721180942555,79.30730167057422],[-63.527871756827636,79.30705642767919],[-63.52853167652582,79.30681118259297],[-63.52919177469788,79.30656585982055],[-63.52886173762057,79.30637865116938],[-63.52852744171154,79.3061957649871],[-63.52918730150192,79.30595051628738],[-63.529847133594274,79.3057052653968]]],"type":"Polygon"},"id":"0000000000000000015b","properties":{"area":67520.34461014997,"elevation":752.8533094812163,"region":"NO","year":2018},"type":"Feature"},{"geometry":{"coordinates":[[[-59.96170557962075,80.4612189080622],[-59.96140267447829,80.46103164610365],[-59.96109937024212,80.46084434481978],[-59.96079607709531,80.46065704297233],[-59.959663433576026,80.46070614688409],[-59.958526733791174,80.46075515189483],[-59.95709042593985,80.46061690353382],[-59.95565477010473,80.46048311387261],[-59.95421438840293,80.46034493990186],[-59.95308198747954,80.4603939484987],[-59.952248156872926,80.46063031174535],[-59.95141879207958,80.46087112167983],[-59.95058943725812,80.46110743050106],[-59.949452378855504,80.46115647400356],[-59.94831955588878,80.46121003469149],[-59.94748580370231,80.46144631111189],[-59.946656261640385,80.46168710602798],[-59.94582217944919,80.46192344850182],[-59.944993021780526,80.46215977827757],[-59.943855761764205,80.46221329872984],[-59.94272350177512,80.46226230701262],[-59.94302653524957,80.46244962243867],[-59.943329833990745,80.46263686552695],[-59.943632889633186,80.4628241798266],[-59.945068952291734,80.46296244856215],[-59.94650463871074,80.46310067194906],[-59.94794491169363,80.46323884011443],[-59.94938107629434,80.46337708912964],[-59.95051770830199,80.46332808084534],[-59.95165048680951,80.46327458593109],[-59.952787346571014,80.4632254975403],[-59.953920305205735,80.46317642071286],[-59.95505299680475,80.46312741152869],[-59.95619001956894,80.46307392303005],[-59.95732227460312,80.46302486678175],[-59.958459479325775,80.46297579635315],[-59.95959211874484,80.46292677057971],[-59.959288830452806,80.4627349724481],[-59.958985919179355,80.46254771071408],[-59.959819479106805,80.46231140548817],[-59.96064915745161,80.46207061498606],[-59.9614828955574,80.46183423224757],[-59.96117956472092,80.46164693229221],[-59.96087640113717,80.46145974232618],[-59.96170557962075,80.4612189080622]]],"type":"Polygon"},"id":"0000000000000000015c","properties":{"area":71137.5744765593,"elevation":137.3508745627186,"region":"NO","year":2018},"type":"Feature"},{"geometry":{"coordinates":[[[-59.648801857362635,80.55538623043437],[-59.64850280523614,80.55519446438582],[-59.64705387952755,80.55505625765241],[-59.64560891338899,80.55491803251864],[-59.64415964406235,80.55477977340125],[-59.643013853829224,80.554828813227],[-59.64186805047149,80.55487784885844],[-59.64071722459911,80.55492688515022],[-59.63987019895273,80.55516326418955],[-59.63872433783446,80.55521228813755],[-59.63727943774345,80.55507402568935],[-59.635830388732565,80.55493583975527],[-59.63468426632276,80.55498492071335],[-59.63353379281051,80.5550339699352],[-59.632387902711855,80.5550829710386],[-59.631540663776164,80.55531932675132],[-59.630394470453396,80.55536839182602],[-59.62894545267574,80.55523017507525],[-59.627799510062495,80.55527915938131],[-59.62664869889647,80.55532825473914],[-59.625503142949164,80.55537726981288],[-59.62465571490582,80.5556136058342],[-59.624954538576354,80.55580089815729],[-59.626403671292444,80.55594355477805],[-59.62784816540674,80.55608182630307],[-59.62929770426661,80.55622008657085],[-59.6307425263347,80.55635827346002],[-59.632191462946686,80.55649655276552],[-59.633636175593765,80.55663922017702],[-59.63508544085284,80.55677741480272],[-59.63653014346402,80.55691564674743],[-59.63797963251616,80.55705393874717],[-59.63942882568905,80.55719660721705],[-59.63972754222124,80.55738384503502],[-59.64002601117877,80.55757115374733],[-59.64032516286139,80.55775842961059],[-59.640628251654135,80.55794569320831],[-59.64177439737398,80.55789666476173],[-59.642621330442395,80.55766035865524],[-59.6434688963813,80.55742401733542],[-59.64316970060987,80.55723674367789],[-59.64287110365449,80.55704501489674],[-59.64371820275249,80.55680863222265],[-59.64456567608888,80.55657228578542],[-59.6454128520675,80.55633600788734],[-59.64626016255263,80.55609523330827],[-59.647107106108386,80.55585883896505],[-59.647954423883746,80.5556224808551],[-59.648801857362635,80.55538623043437]]],"type":"Polygon"},"id":"0000000000000000015d","properties":{"area":71137.57447656052,"elevation":109.75072376959169,"region":"NO","year":2018},"type":"Feature"},{"geometry":{"coordinates":[[[-63.455808245851046,79.35966491393188],[-63.45547364952117,79.35947761674257],[-63.4541451032976,79.35935717390706],[-63.45281165309531,79.35923232096187],[-63.45148294588452,79.35911194110376],[-63.45014954335696,79.35898707568842],[-63.44915102047259,79.35904954371918],[-63.44815634708617,79.35911198153646],[-63.446822968771436,79.35898710066417],[-63.44582441980915,79.35904955687708],[-63.445160014434,79.35929477181506],[-63.44416104751181,79.35935718744028],[-63.44316244652505,79.35941963383235],[-63.44249796140732,79.35966484135865],[-63.442832272338784,79.35984771525833],[-63.443166896744806,79.36003495035432],[-63.44249792927714,79.36028022398814],[-63.44183355480391,79.3605255376366],[-63.44216771130946,79.3607083013263],[-63.44250225748424,79.36089109878199],[-63.44283245938476,79.36107840032463],[-63.44316681919101,79.36126127194035],[-63.4434967757077,79.361444025333],[-63.44383125224694,79.36163133286922],[-63.444165643971544,79.36181420264178],[-63.4444956322002,79.36199695420613],[-63.4448301410776,79.36218425988052],[-63.44616339827615,79.36230467720328],[-63.447492153643964,79.36242948325041],[-63.448825457508654,79.36254988811186],[-63.449824168000994,79.36249193719652],[-63.4504886380059,79.36224671827092],[-63.45115318924518,79.36199698460001],[-63.4518172238255,79.36175172688216],[-63.45248160949446,79.36150650132488],[-63.45314617474043,79.36126119816313],[-63.45381512567208,79.36101601024164],[-63.45447963473396,79.36077070265276],[-63.45514390817166,79.36052546825528],[-63.45580815358536,79.36028023165115],[-63.455473917142164,79.3600929696813],[-63.45514403312758,79.35991015197601],[-63.455808245851046,79.35966491393188]]],"type":"Polygon"},"id":"0000000000000000015e","properties":{"area":75677.16476439235,"elevation":715.9670639016608,"region":"NO","year":2018},"type":"Feature"},{"geometry":{"coordinates":[[[-59.6993547160704,80.56246724221852],[-59.69760212853093,80.56214178433306],[-59.694703697120744,80.56186086142073],[-59.6952522686357,80.56143717878291],[-59.69694209313885,80.56096007250864],[-59.69863662235658,80.56048744253165],[-59.696888732115454,80.56015739865084],[-59.6974326912136,80.55973386040088],[-59.695684706442854,80.55940387979886],[-59.693686904118174,80.55969367528336],[-59.691997011963174,80.560166347753],[-59.69030247084097,80.56064347551961],[-59.688304991087236,80.56092888842294],[-59.68631183886406,80.56121873660224],[-59.68401543865196,80.56131682569442],[-59.684617427014,80.56169137329964],[-59.68521930364298,80.56207041227589],[-59.68352470673784,80.56254303876298],[-59.68298071077141,80.56297111138936],[-59.68527707280151,80.56287299361817],[-59.68756919625761,80.56277494278359],[-59.68956693997074,80.56248511863855],[-59.69126123575106,80.56201245860447],[-59.69385656273175,80.56210160533468],[-59.6967549366057,80.56237811339719],[-59.6993547160704,80.56246724221852]]],"type":"Polygon"},"id":"0000000000000000015f","properties":{"area":50294.718260496615,"elevation":94.35190784737217,"region":"NO","year":2018},"type":"Feature"},{"geometry":{"coordinates":[[[-62.65067759433758,79.63487613941524],[-62.649691975496104,79.63432319340518],[-62.647681073052176,79.63382382556733],[-62.644639851777654,79.63338681075638],[-62.640573289365804,79.63300774811393],[-62.63715728736368,79.63299886457217],[-62.633416324772995,79.63280710506648],[-62.63065602862318,79.6331683287582],[-62.62789614672474,79.63352948508543],[-62.62513585643176,79.63389068775368],[-62.62302679694252,79.63462196989353],[-62.620922000277936,79.6353577120743],[-62.62157284073246,79.63572785877373],[-62.62152377691636,79.63634321626206],[-62.622504760958144,79.63689610788074],[-62.62451606927236,79.63739552037204],[-62.62858707963434,79.6377745287055],[-62.63265810440774,79.6381535547517],[-62.6357483721915,79.63797521949104],[-62.639163887814,79.63798413436302],[-62.64192417367893,79.63762296288687],[-62.64468426913581,79.63726176320054],[-62.64679364831267,79.63652601662744],[-62.64955368602788,79.63616480059403],[-62.65062833036692,79.63549144725611],[-62.65067759433758,79.63487613941524]]],"type":"Polygon"},"id":"00000000000000000160","properties":{"area":248733.94951933745,"elevation":661.4390442341456,"region":"NO","year":2018},"type":"Feature"},{"geometry":{"coordinates":[[[-63.38899756000982,79.26836033295757],[-63.386032523405156,79.26792777139147],[-63.38405685079601,79.26743727451604],[-63.38207712607324,79.2669467541043],[-63.3781220116746,79.26657667802813],[-63.376146655116536,79.26608619856933],[-63.37219137600332,79.26571607991569],[-63.37021580232824,79.26522559836862],[-63.366260734327,79.26485547159878],[-63.36461504382226,79.26454778065639],[-63.36131527185796,79.26454779173827],[-63.35769020291125,79.26436049164647],[-63.35472055021378,79.2645433350303],[-63.35175499279269,79.26472615525168],[-63.34878554220075,79.26491340930325],[-63.34614136116916,79.26527906878388],[-63.34415690364772,79.26601487841339],[-63.34415239601553,79.26663017814116],[-63.346127677977464,79.26712068194199],[-63.34711310244495,79.2676736132285],[-63.35106858752017,79.26804370788922],[-63.355023699497984,79.26841378797259],[-63.35799372304761,79.26823099340433],[-63.36161865424967,79.26841826214584],[-63.36491854340951,79.26841825988468],[-63.36755839629101,79.26804816971752],[-63.37085792613723,79.26804817250236],[-63.374157660616284,79.26805268683998],[-63.3774575125532,79.26805264658189],[-63.38141253083633,79.26842277110522],[-63.384708008990984,79.26842271305274],[-63.388667617656665,79.26878841423043],[-63.38899756000982,79.26836033295757]]],"type":"Polygon"},"id":"00000000000000000161","properties":{"area":256033.52150830356,"elevation":854.974643731908,"region":"NO","year":2018},"type":"Feature"},{"geometry":{"coordinates":[[[-63.808764261828856,79.14541397198457],[-63.80677067601387,79.14431256063047],[-63.805753994539145,79.14314875228723],[-63.806686204910456,79.14185565137092],[-63.804692872173234,79.14075423974226],[-63.80269969949243,79.13964836033185],[-63.79972976653676,79.13860934993097],[-63.79578774475539,79.13763288006444],[-63.7886088280179,79.13727170405414],[-63.78175975336309,79.1370933517297],[-63.77524477277106,79.13710221883501],[-63.769390336101424,79.13747677422575],[-63.76419961882751,79.13822143405183],[-63.75966926385765,79.13933180458811],[-63.75514314068271,79.14044208137909],[-63.75517909023143,79.14166837318749],[-63.75619106690727,79.14283661135873],[-63.75818005528526,79.1439379992943],[-63.76016846457218,79.14504389436692],[-63.76411054978489,79.1460204373005],[-63.77000981097469,79.14687208165947],[-63.77524054776226,79.14735812434705],[-63.782428487495665,79.14771936350613],[-63.78994635126125,79.14826336831025],[-63.79185931890819,79.14691227413044],[-63.795721127445695,79.14543184543065],[-63.80191009726782,79.14524010670128],[-63.808764261828856,79.14541397198457]]],"type":"Polygon"},"id":"00000000000000000162","properties":{"area":963730.6894174725,"elevation":921.3880288383008,"region":"NO","year":2018},"type":"Feature"},{"geometry":{"coordinates":[[[-59.84053415555581,80.46978485152762],[-59.83993197533354,80.46940582360435],[-59.83705605795227,80.4691293773265],[-59.83532154538115,80.46880386271988],[-59.834719510521204,80.46842932021002],[-59.832980469483324,80.46810372782886],[-59.83124153007809,80.46777380986464],[-59.829506741691155,80.46744829365795],[-59.826635217533116,80.46717180814474],[-59.824896102081915,80.46684631265447],[-59.82346045397998,80.46670805199221],[-59.82119042956596,80.46680615637705],[-59.81891635873925,80.46690875595841],[-59.8166468950952,80.46700679434825],[-59.81497463679725,80.46748391045004],[-59.81330248651847,80.4679566279247],[-59.81103302583455,80.4680591604623],[-59.81163033273648,80.4684337599288],[-59.812232240158075,80.46880831049404],[-59.8139710780938,80.46913825694254],[-59.816842726673045,80.46941474323808],[-59.819714511285646,80.46969120327896],[-59.82145355577061,80.47001668137386],[-59.820918314168026,80.4704447960601],[-59.8215206661608,80.47081932390816],[-59.824093719845926,80.47090852743469],[-59.826666394527166,80.47099767111986],[-59.829542612384664,80.47127420855821],[-59.832414253797296,80.47155065603054],[-59.834385167638544,80.47126081095665],[-59.836355870802215,80.47097544999102],[-59.838331524268014,80.47068556975641],[-59.83999899177004,80.47020842718305],[-59.84053415555581,80.46978485152762]]],"type":"Polygon"},"id":"00000000000000000163","properties":{"area":159040.05503994322,"elevation":134.27650648360023,"region":"NO","year":2018},"type":"Feature"},{"geometry":{"coordinates":[[[-59.91106811381998,80.41865229829199],[-59.91046635267377,80.41827780499503],[-59.90873618100591,80.41795226657163],[-59.909266747028454,80.41752418589141],[-59.90753220113289,80.4171986874795],[-59.906934775873026,80.41682409637052],[-59.90633267729749,80.41644512300705],[-59.90407182056955,80.41654759700035],[-59.90151228034124,80.41645843566823],[-59.89955501791983,80.41674827908165],[-59.896995445091775,80.41665908096248],[-59.895336514353396,80.41713620109152],[-59.89367766232465,80.41760892051518],[-59.892018838414195,80.4180860566617],[-59.89036011699738,80.41856310961512],[-59.89096202601146,80.41893771542587],[-59.88930328127034,80.41941486903578],[-59.88764463905601,80.41989193945763],[-59.88824653782391,80.42026654595004],[-59.88771605297379,80.42069458243881],[-59.88718963306153,80.4211182121198],[-59.8866590671775,80.42154624321061],[-59.88726103500262,80.42192084629694],[-59.89011919848792,80.42219731084673],[-59.892683555071294,80.42228651206489],[-59.89493938622633,80.4221884126354],[-59.89659827437391,80.42171124176573],[-59.899162354722414,80.42179596213728],[-59.90172185682437,80.42188520945771],[-59.90338078179975,80.42140803880251],[-59.905641381418306,80.42130996177121],[-59.90616794109954,80.4208818767566],[-59.90669826400493,80.42045827363403],[-59.90835714473747,80.41998110755908],[-59.90888328096729,80.41955308395283],[-59.90940956206042,80.41912948573986],[-59.91106811381998,80.41865229829199]]],"type":"Polygon"},"id":"00000000000000000164","properties":{"area":188056.08740961112,"elevation":156.07069191468347,"region":"NO","year":2018},"type":"Feature"},{"geometry":{"coordinates":[[[-62.14520262481245,79.72416519471908],[-62.14352188061452,79.72385303379764],[-62.14391847679025,79.72342496207398],[-62.14432004263975,79.72299242148358],[-62.14367774132948,79.7226223202307],[-62.14303548287795,79.72225221661544],[-62.140311045498294,79.721993631096],[-62.13758632842999,79.7217394407612],[-62.134862105956074,79.72148080464721],[-62.13213737987532,79.72122218128133],[-62.13045655809154,79.72091005369673],[-62.128775437906725,79.7205934234701],[-62.128133156756604,79.72022332184136],[-62.12540862484138,79.71996470946416],[-62.123009732637264,79.71989334866234],[-62.12092736059332,79.72000926467116],[-62.11948731095165,79.72049532238876],[-62.12012934001956,79.72086544079913],[-62.11868876264636,79.72135145426878],[-62.11932681294686,79.72172603611332],[-62.12101210833585,79.72203817870725],[-62.122693097116255,79.7223547394502],[-62.121252847816756,79.72284079507186],[-62.12293374635457,79.72315297054514],[-62.12565862522201,79.723411566428],[-62.12838300305735,79.72366571859476],[-62.13110726189568,79.72392437601678],[-62.133832017310375,79.72418304420361],[-62.13655649167359,79.72443719460314],[-62.13896013677516,79.72450851294089],[-62.14104222351649,79.72439704490128],[-62.14312464508961,79.72428114134443],[-62.14520262481245,79.72416519471908]]],"type":"Polygon"},"id":"00000000000000000165","properties":{"area":145434.60436379127,"elevation":736.3009284275678,"region":"NO","year":2018},"type":"Feature"},{"geometry":{"coordinates":[[[-62.417934626466966,79.64300949588186],[-62.416962613586776,79.64245212258818],[-62.41225391281426,79.64170301470526],[-62.40548063226102,79.64106537520813],[-62.39967479313446,79.64098510281607],[-62.39387347896605,79.64090484895614],[-62.38774655766971,79.64063732211285],[-62.382591999595036,79.64092715269187],[-62.37807915630799,79.64158708427968],[-62.37356661153947,79.64225147092125],[-62.36905396824498,79.64291146703053],[-62.36518781460751,79.64394597236603],[-62.36550890016306,79.64412877426822],[-62.368157734898766,79.6449983033027],[-62.371831968282,79.64580988101989],[-62.37551067242358,79.64662139799407],[-62.379189656173835,79.6474329398724],[-62.38080374011097,79.64836046544991],[-62.38693520439601,79.6486279927391],[-62.39274092951724,79.64870825083284],[-62.39590216737187,79.64791898375528],[-62.3963479123931,79.64687559656699],[-62.3998887615969,79.64565826537495],[-62.403754669335974,79.64462373506153],[-62.40891395006121,79.64433390100062],[-62.41374761873917,79.64385673434052],[-62.417934626466966,79.64300949588186]]],"type":"Polygon"},"id":"00000000000000000166","properties":{"area":529635.677574024,"elevation":724.8618541442411,"region":"NO","year":2018},"type":"Feature"},{"geometry":{"coordinates":[[[-62.24687907461744,79.69738379011793],[-62.24623258078341,79.69700922557588],[-62.245590550205364,79.6966391427019],[-62.24494379644621,79.6962689951573],[-62.24326285671064,79.69595240847943],[-62.240542871986754,79.69569829281991],[-62.23990071092108,79.69532815871248],[-62.23782260472915,79.69544411597062],[-62.23542810325673,79.6953727648151],[-62.23367118710141,79.69567151573112],[-62.231597691361806,79.69578749021764],[-62.229845620216146,79.69609066224868],[-62.228414052647786,79.69657669066119],[-62.22697814875192,79.69706279291348],[-62.22554672169935,79.69754883797788],[-62.227227890118634,79.69786091501665],[-62.22683529297505,79.69828902783752],[-62.22747748787051,79.69866356346093],[-62.22812407057163,79.69903366578004],[-62.229805303436926,79.69934579971583],[-62.2325250391221,79.69960447057348],[-62.235245454656294,79.69985862034707],[-62.23731902055451,79.69974266578853],[-62.23939695315715,79.69963118023584],[-62.241474573241966,79.69951529623043],[-62.2432274098112,79.69921202605397],[-62.244658387207615,79.6987260086105],[-62.24608985093126,79.69823994324408],[-62.245447748879165,79.69786986359031],[-62.24687907461744,79.69738379011793]]],"type":"Polygon"},"id":"00000000000000000167","properties":{"area":146340.73897040155,"elevation":731.6269258002296,"region":"NO","year":2018},"type":"Feature"},{"geometry":{"coordinates":[[[-62.55715688741823,79.61391839793195],[-62.55618458272638,79.61336098893065],[-62.55212695216783,79.61298196770682],[-62.54909464475068,79.61254499166736],[-62.549148095749366,79.61192957831781],[-62.54817178454915,79.61137218880346],[-62.547199527830806,79.61081478006058],[-62.54519722581365,79.6103198837638],[-62.54319515752986,79.60982043650216],[-62.54016315918797,79.6093834749355],[-62.53816519477731,79.60888405174609],[-62.53616320452362,79.60838905319011],[-62.53210543339891,79.60800555270136],[-62.529024448501644,79.60818395739233],[-62.52561764179884,79.6081750801006],[-62.522861982472165,79.60853620473402],[-62.52010630078686,79.60889741122642],[-62.51734586854837,79.60925864184681],[-62.518317884295044,79.60981153607986],[-62.518264360931326,79.61042690389503],[-62.519236668959095,79.61098425171527],[-62.52021305627879,79.61153722940867],[-62.52221063763568,79.61203665349726],[-62.52626853697697,79.61241564266821],[-62.530326595620565,79.61279911101379],[-62.53232839096141,79.6132940630742],[-62.535735242945535,79.61330302134203],[-62.539141837156755,79.61331636537074],[-62.54255337597492,79.61332530095558],[-62.54595994471105,79.61333421365822],[-62.54936687700784,79.61334312188491],[-62.5534245724964,79.61372218077399],[-62.55715688741823,79.61391839793195]]],"type":"Polygon"},"id":"00000000000000000168","properties":{"area":266856.64165193116,"elevation":720.6231001415714,"region":"NO","year":2018},"type":"Feature"},{"geometry":{"coordinates":[[[-62.246794121661985,79.67438825061294],[-62.243900549820886,79.67271605994789],[-62.244114590307056,79.67087450154106],[-62.23915159126869,79.6693182144492],[-62.235227341403146,79.66770405833498],[-62.2282002107584,79.66626374122657],[-62.21599977563541,79.6651088128502],[-62.20508867754219,79.66469858872559],[-62.194814882800166,79.66465846250199],[-62.185499472532214,79.66517572055977],[-62.17682216370735,79.6660630939935],[-62.16878691281756,79.66732504002833],[-62.16171022123729,79.66913985852304],[-62.16202682471575,79.66932718494571],[-62.160765026087596,79.67122668728246],[-62.160537451353214,79.67307275191833],[-62.16341371633871,79.674744977771],[-62.17147557135375,79.67612729383033],[-62.18161147082921,79.67739812574773],[-62.189035576430854,79.6784103098323],[-62.199964843080856,79.67882058675293],[-62.21089412230666,79.67923078925436],[-62.22214421197984,79.67982834563297],[-62.23082621187053,79.67894097887827],[-62.23758207276089,79.67693437635201],[-62.24529623695727,79.67548959038703],[-62.246794121661985,79.67438825061294]]],"type":"Polygon"},"id":"00000000000000000169","properties":{"area":2119901.9122058703,"elevation":748.1337584253874,"region":"NO","year":2018},"type":"Feature"},{"geometry":{"coordinates":[[[-59.879912619001814,80.41580293225346],[-59.87811101540349,80.41467482500015],[-59.87743770543275,80.41349763277782],[-59.87285363938706,80.41289566349609],[-59.866075874317424,80.41319437251022],[-59.85750572132006,80.41236499061735],[-59.85344787101895,80.41133494000496],[-59.85278328487407,80.41015774116947],[-59.85324266898448,80.40892706237173],[-59.84865862215913,80.40832500282845],[-59.840690195398814,80.40787467312015],[-59.83212449755126,80.40704530620306],[-59.8273128549833,80.40705415887118],[-59.827910268708706,80.40742875653746],[-59.833087466650056,80.40840982078474],[-59.83826904517019,80.4093907413773],[-59.833288081368195,80.41081770383819],[-59.83734147898871,80.41184777805019],[-59.84252727025194,80.41282430120994],[-59.850196988347356,80.41309184725466],[-59.856676177389865,80.41260129859116],[-59.86524647252806,80.41343070195282],[-59.86365894375017,80.41471043743755],[-59.86319954626514,80.41593674829345],[-59.86499680721206,80.41706933292734],[-59.86792645504126,80.41814400016625],[-59.87334395397257,80.41850965820774],[-59.87606427722214,80.4171807774471],[-59.879912619001814,80.41580293225346]]],"type":"Polygon"},"id":"0000000000000000016a","properties":{"area":332156.89655724063,"elevation":171.6261745638126,"region":"NO","year":2018},"type":"Feature"},{"geometry":{"coordinates":[[[-59.94395397323772,80.40369650275923],[-59.94365545770825,80.40350925736793],[-59.942224103822966,80.4033709960613],[-59.940797057738905,80.40323275131986],[-59.939370045167415,80.40309450005138],[-59.93906669152663,80.40290725954209],[-59.93989625044476,80.40267086342416],[-59.93959290106556,80.40248362272852],[-59.938166410718296,80.40234540432505],[-59.937862693158436,80.40215812276818],[-59.93756438607663,80.40196636900149],[-59.9364358571273,80.40201985754034],[-59.93561119889311,80.40225623594164],[-59.93448309178823,80.40230525534284],[-59.933056017626946,80.40216704679153],[-59.93162470319995,80.40202880845767],[-59.93049653283488,80.40208231419942],[-59.92967172862969,80.4023186762451],[-59.92997062990388,80.40250590281754],[-59.93027356317098,80.40269322391686],[-59.930572426010386,80.40288494993753],[-59.93087563426192,80.40307219809996],[-59.930046238431814,80.40330860730434],[-59.92922111687865,80.40354935505346],[-59.928391898989915,80.40378568675331],[-59.92869509820116,80.40397293547085],[-59.92899378083339,80.404160232138],[-59.929296941308365,80.40435198023455],[-59.92959564587023,80.40453927578078],[-59.92989436129123,80.40472657077193],[-59.930197615464245,80.40491381667975],[-59.93049635268091,80.40510111055681],[-59.93080003670641,80.40528839415474],[-59.93109832796753,80.40548014856446],[-59.9322268520205,80.40542664374821],[-59.933354895518214,80.40537759644825],[-59.934786277369135,80.4055157858745],[-59.93590978491285,80.40546677798723],[-59.93703827301232,80.40541325570683],[-59.93816628257605,80.40536419095898],[-59.93899579344204,80.40512787510129],[-59.93982038743906,80.4048870657617],[-59.94064982331101,80.4046507442073],[-59.94147494713212,80.40441439668012],[-59.94230411066521,80.40417364072297],[-59.94312915970031,80.40393728752217],[-59.94395397323772,80.40369650275923]]],"type":"Polygon"},"id":"0000000000000000016b","properties":{"area":71144.11017665635,"elevation":171.3203335663637,"region":"NO","year":2018},"type":"Feature"},{"geometry":{"coordinates":[[[-63.60035027409754,79.26297373600295],[-63.591761728968116,79.26187231932863],[-63.58712896961011,79.26052565598674],[-63.57656990021051,79.25954468633577],[-63.56897129784301,79.25838083336583],[-63.56335727006079,79.25709213103852],[-63.55477338215916,79.2559907751032],[-63.54718426682084,79.25482691247804],[-63.537623887286436,79.25378798456313],[-63.52806362127454,79.25335990261371],[-63.51850757242587,79.25293184019665],[-63.510276296282576,79.25323951674143],[-63.503034707593834,79.25410454032757],[-63.497117415843014,79.25570090662559],[-63.496462027226286,79.25656151919299],[-63.49713055889116,79.25815792149946],[-63.50076494598272,79.25957147177222],[-63.50933983105516,79.26067730268991],[-63.51330389679734,79.26165827708532],[-63.520880054756425,79.26098047429932],[-63.53044475736423,79.26140856014595],[-63.53901050984067,79.26127930313932],[-63.5469166819869,79.26078872690263],[-63.55581708617223,79.26084671285543],[-63.563723033953686,79.26035179836144],[-63.57395230560766,79.26114550567667],[-63.58451561397891,79.26212202954805],[-63.59243490317483,79.2628578126292],[-63.60035027409754,79.26297373600295]]],"type":"Polygon"},"id":"0000000000000000016c","properties":{"area":803899.9418685886,"elevation":815.8998831457798,"region":"NO","year":2018},"type":"Feature"},{"geometry":{"coordinates":[[[-62.87363255967124,79.50480419663587],[-62.872977249161124,79.50443404522674],[-62.8713047863354,79.50412191794204],[-62.870653943747,79.50375631706376],[-62.87101054936808,79.50332376590039],[-62.86832595288818,79.50307405000491],[-62.86767521007036,79.50270389927094],[-62.86499059544446,79.50245422686302],[-62.86263181292932,79.5023873387832],[-62.860602932617624,79.5025076903176],[-62.85922517694928,79.50299372679025],[-62.85785186875174,79.50348423676581],[-62.85850295800558,79.50385436623078],[-62.85814167961432,79.50428244983853],[-62.85879712723076,79.50465259332607],[-62.8584357217982,79.5050851050113],[-62.85909144215761,79.50545517080181],[-62.860759257346395,79.5057628824693],[-62.86243134019279,79.506075031541],[-62.86409893981758,79.50638268802315],[-62.86645794265674,79.50644960586627],[-62.868486651418145,79.50632914998442],[-62.87052004709825,79.50621327181075],[-62.87189346404714,79.50572274640251],[-62.873271446877474,79.50523226355922],[-62.87363255967124,79.50480419663587]]],"type":"Polygon"},"id":"0000000000000000016d","properties":{"area":101034.00863900015,"elevation":719.9584752981261,"region":"NO","year":2018},"type":"Feature"},{"geometry":{"coordinates":[[[-59.608156969921914,80.54445246847254],[-59.60726086838258,80.54389062815034],[-59.60292663663564,80.54347150081456],[-59.598592048766214,80.54305234630957],[-59.59425818807402,80.54263317162778],[-59.590820158772,80.54278029303893],[-59.58738216519208,80.54292748727764],[-59.58304799779544,80.54251279806773],[-59.57871367347425,80.54209358747642],[-59.57438373803765,80.54167441722142],[-59.57119552380255,80.54120626847755],[-59.568310269823534,80.54092979950025],[-59.565166659119505,80.54126421000686],[-59.56835506952163,80.54173245732443],[-59.57268468252664,80.54215159809375],[-59.5770188880654,80.54256628512634],[-59.581353615163714,80.54298544616468],[-59.579953135529514,80.54364979546804],[-59.57740711806948,80.54435888655263],[-59.578303109216144,80.5449251608246],[-59.579199612785054,80.54549146929219],[-59.58009121070957,80.54605777663132],[-59.58327962074612,80.546521536079],[-59.5841761224177,80.54708778470156],[-59.588510292726774,80.54750696817162],[-59.59225167822294,80.54754709632984],[-59.595689478235656,80.54739999705637],[-59.59768260396263,80.54711458909979],[-59.59678632160114,80.54654827222718],[-59.599332360246024,80.54583480311805],[-59.601873932995126,80.54512581298648],[-59.60471888906373,80.54459966496633],[-59.608156969921914,80.54445246847254]]],"type":"Polygon"},"id":"0000000000000000016e","properties":{"area":214318.93456957254,"elevation":114.36337463802282,"region":"NO","year":2018},"type":"Feature"},{"geometry":{"coordinates":[[[-59.780635112053666,80.49474692642247],[-59.780572528996096,80.49394425156133],[-59.77631428472861,80.49433218374118],[-59.772657627882225,80.49509466545248],[-59.76690077346729,80.49454177477907],[-59.76113989790646,80.49398882476135],[-59.755383088096856,80.4934314027678],[-59.75076799464311,80.49282945750316],[-59.746148293117194,80.49222302530889],[-59.74153326461173,80.49162104694074],[-59.74489079954011,80.49067127788796],[-59.74824436495962,80.48971701807457],[-59.746509441203976,80.48939151500325],[-59.742251027595174,80.48977944210246],[-59.738893253884825,80.49072926247051],[-59.73553553370962,80.49167900403569],[-59.73727485271275,80.49200458690156],[-59.73847434827257,80.49275810148784],[-59.743089190612324,80.49336457719498],[-59.73973148172781,80.4943143780408],[-59.73751100226939,80.49521509911018],[-59.74267014521667,80.49539348062626],[-59.747829413803004,80.49557177829399],[-59.75358585947017,80.49612921325344],[-59.757545715643744,80.49555395816364],[-59.76330689901533,80.4961069296159],[-59.76906364966712,80.4966598026706],[-59.773625236469286,80.49646360338173],[-59.77727729717911,80.49570112862169],[-59.780635112053666,80.49474692642247]]],"type":"Polygon"},"id":"0000000000000000016f","properties":{"area":217037.56798905492,"elevation":94.16121753083941,"region":"NO","year":2018},"type":"Feature"},{"geometry":{"coordinates":[[[-59.567400959479315,80.56047404029415],[-59.565608286808384,80.55934589704218],[-59.56152371344948,80.55831139116273],[-59.5528461599624,80.55747303639998],[-59.54646518100097,80.55654111292385],[-59.54238095991148,80.55550658575086],[-59.53489843872195,80.5554218477769],[-59.526823000381086,80.55496258891588],[-59.520446593745305,80.55402619697547],[-59.51355700682329,80.55432046885014],[-59.50578061992389,80.55404843988143],[-59.506373747560964,80.5544230135109],[-59.50356449887645,80.55575186953678],[-59.50590069092305,80.55645640431665],[-59.5127901831894,80.55616204253967],[-59.519973967636325,80.5560595016005],[-59.52805383348555,80.55651881109482],[-59.53464461217392,80.55603721479723],[-59.54331726348851,80.55687553842837],[-59.546255755848996,80.55795463950632],[-59.54918962836154,80.55903820210928],[-59.55672122865552,80.55992555341311],[-59.55162004274301,80.56134799506296],[-59.547067463867315,80.56234686485475],[-59.5542599167287,80.56223984098364],[-59.55965966041899,80.5610046773784],[-59.56714681238058,80.56108939789003],[-59.567400959479315,80.56047404029415]]],"type":"Polygon"},"id":"00000000000000000170","properties":{"area":229724.52394649154,"elevation":94.65545231390143,"region":"NO","year":2018},"type":"Feature"},{"geometry":{"coordinates":[[[-59.595711634118835,80.57676310245223],[-59.56888575805453,80.57147016854498],[-59.55231805266939,80.56875680555186],[-59.53575016651199,80.56604347868972],[-59.51605195527653,80.56366225774593],[-59.49635390018954,80.5612811346992],[-59.47667589624919,80.5588999889932],[-59.45699788148157,80.55651883125033],[-59.4234568139125,80.5523094170073],[-59.3805826056895,80.55150232189447],[-59.38232151659185,80.55183230055042],[-59.417584202657665,80.55637612475216],[-59.38205842921522,80.56028226972622],[-59.3563426657479,80.56578485682329],[-59.32536082116227,80.56949031277716],[-59.33996424575516,80.57571077656145],[-59.37558802340765,80.58044635212033],[-59.39544449445689,80.58292781537318],[-59.41530114933759,80.58540931329986],[-59.42135641201828,80.58535583176798],[-59.44354497485315,80.58462452690836],[-59.46791825326829,80.58761658314343],[-59.4841937693111,80.58391108587968],[-59.50075503995509,80.58039724848722],[-59.479543219400455,80.57707077034061],[-59.46235789531044,80.57317355872361],[-59.44997502413822,80.56686392780254],[-59.49262629219699,80.56747036707092],[-59.536860609245224,80.57062295053613],[-59.55831339801042,80.57292829732452],[-59.57976618352635,80.57523366546623],[-59.595711634118835,80.57676310245223]]],"type":"Polygon"},"id":"00000000000000000171","properties":{"area":7606283.202152648,"elevation":77.59692018693639,"region":"NO","year":2018},"type":"Feature"},{"geometry":{"coordinates":[[[-59.028732629022144,80.41636479481667],[-59.026467185985105,80.41565583959489],[-59.02419757504755,80.41495125579596],[-59.02420221142149,80.41414863414556],[-59.01966711423191,80.41353323805627],[-59.02080421456447,80.41268606987752],[-59.0185344732331,80.4119770656462],[-59.017406276171165,80.41121901758636],[-59.015141168357935,80.41051444432641],[-59.01287588160719,80.40980545552605],[-59.009478393422455,80.4091455197598],[-59.00608043293427,80.4084811088965],[-59.00268670983163,80.40782119283257],[-58.997304646858524,80.40744217349499],[-58.9927742381786,80.40762938808153],[-58.989371964335476,80.40857476058966],[-58.98936744958046,80.40937739791323],[-58.99049594620749,80.41013095998026],[-58.992760830794026,80.4108400013437],[-58.996154387347126,80.41150439580069],[-58.99502155221756,80.41235160098255],[-58.99841526103866,80.41301156866658],[-59.00068021098799,80.41372053004477],[-59.00521513454731,80.41353323849427],[-59.01088265526116,80.41409958946771],[-59.01654551737931,80.41466590350345],[-59.01994816589055,80.41532583668088],[-59.02334582838271,80.4159902237544],[-59.028732629022144,80.41636479481667]]],"type":"Polygon"},"id":"00000000000000000172","properties":{"area":285935.8823023169,"elevation":367.01735600039234,"region":"NO","year":2018},"type":"Feature"},{"geometry":{"coordinates":[[[-59.21561770607481,80.36095604005631],[-59.21476176751391,80.36038975150761],[-59.21278197578783,80.35987245030758],[-59.21079759730595,80.35935524432297],[-59.209941642698645,80.35878889630544],[-59.21133737180805,80.35812893050952],[-59.211609073985024,80.35751358565005],[-59.2107529822554,80.3569473023284],[-59.20764507995792,80.35647465105771],[-59.20426949865217,80.35662177581092],[-59.201174703496314,80.35695174202276],[-59.19808462241506,80.35728167745798],[-59.197812544042115,80.35789704840765],[-59.197540843404596,80.35851245542234],[-59.197268423218965,80.35912334988215],[-59.19699692744867,80.3597386783022],[-59.195600890390494,80.36039864547695],[-59.196452649746256,80.36096495770053],[-59.19730902099132,80.36153122714573],[-59.19929321519839,80.36204850829508],[-59.201272965961124,80.3625702424276],[-59.20212917675293,80.36313209440418],[-59.20495180763474,80.36341747546753],[-59.2080462846956,80.36308305172832],[-59.21057019826113,80.36237398685827],[-59.2130939196597,80.36166500671172],[-59.21561770607481,80.36095604005631]]],"type":"Polygon"},"id":"00000000000000000173","properties":{"area":183524.6154237971,"elevation":383.9340979320179,"region":"NO","year":2018},"type":"Feature"},{"geometry":{"coordinates":[[[-59.14441952484696,80.39487194072058],[-59.143563200739415,80.39430562186847],[-59.139318217526274,80.39388203035621],[-59.13733406745437,80.3933647477158],[-59.13308874193707,80.39294117285189],[-59.128843723520646,80.39251753997631],[-59.125165235067904,80.39247295298922],[-59.12149076646311,80.39242388932708],[-59.11781203380308,80.39237928697882],[-59.113852208339146,80.3921429901931],[-59.11046343131829,80.39228570452961],[-59.107355423973665,80.39261568113228],[-59.10453284266244,80.39313735732358],[-59.10199120451015,80.39384634652424],[-59.102276573102216,80.39403361163693],[-59.10199552761875,80.39464897972181],[-59.10284745438148,80.39521527386046],[-59.103698810933324,80.395781594434],[-59.10568335619656,80.39629883056816],[-59.10766768197701,80.39682055126119],[-59.11191693206867,80.39724419233592],[-59.11616195483461,80.39766781203396],[-59.12012616779143,80.39789966581527],[-59.123519478302036,80.39775695700767],[-59.1269130826985,80.3976142506189],[-59.13002103367047,80.39728431055637],[-59.13255814661695,80.39657526700202],[-59.13509546936177,80.39586634785721],[-59.13848880179135,80.39572366104049],[-59.14188202286999,80.39558093678738],[-59.14441952484696,80.39487194072058]]],"type":"Polygon"},"id":"00000000000000000174","properties":{"area":333969.48535149655,"elevation":364.6841574600449,"region":"NO","year":2018},"type":"Feature"},{"geometry":{"coordinates":[[[-45.54832152654425,81.28889939375688],[-45.54829901489947,81.28851148129343],[-45.54827247227266,81.28811904712258],[-45.54824996457933,81.28773113194683],[-45.546939167146526,81.28734319150821],[-45.544344011578765,81.28695520493262],[-45.54303309827424,81.2865673040029],[-45.54173580037433,81.28637556041629],[-45.53918451220306,81.2867679580029],[-45.5366255219144,81.28696863354408],[-45.53403012382838,81.28658068157138],[-45.53143479640101,81.28619717905381],[-45.52883943353956,81.28580924210675],[-45.52628010526576,81.28600989886549],[-45.5237162760465,81.28620607246529],[-45.52115674406511,81.28640680316866],[-45.52118346360926,81.28679471644021],[-45.5212056509247,81.28718263529748],[-45.52122808138939,81.28757507928445],[-45.52125027244416,81.28796299542994],[-45.52256126662303,81.28835097400982],[-45.52258374843373,81.28874330065094],[-45.52517902569151,81.28912680587199],[-45.527778530217354,81.28951481059187],[-45.53035127641994,81.28951030880356],[-45.53294655175617,81.28989827988727],[-45.53554178477849,81.29028170353918],[-45.53810569334126,81.29008556261358],[-45.54065159215587,81.28968866809797],[-45.54322500860288,81.28968865153824],[-45.5457974222623,81.28968420354859],[-45.54577513716031,81.28929182324201],[-45.54832152654425,81.28889939375688]]],"type":"Polygon"},"id":"00000000000000000175","properties":{"area":148209.84489754288,"elevation":1024.6368187945307,"region":"NO","year":2018},"type":"Feature"},{"geometry":{"coordinates":[[[-45.008101568726055,81.36139550307661],[-45.00420847286416,81.3606195955449],[-45.00161350508966,81.35983922426358],[-44.999022762127375,81.35905894101444],[-44.99383226561654,81.35867091925556],[-44.988646376992826,81.3582785768869],[-44.983460619389064,81.35827853616019],[-44.978274480882156,81.35827858682914],[-44.97308399093344,81.35847477732403],[-44.974376966257296,81.35925510941208],[-44.979563133275896,81.36003099121277],[-44.98215828047752,81.36081135795563],[-44.984749276203566,81.3615916994147],[-44.98734449754484,81.3623720159974],[-44.98993975606956,81.3631523640354],[-44.99123242810397,81.36393271280077],[-44.99253026377413,81.36470858435695],[-44.99253004280247,81.36548894332637],[-44.99253020280905,81.36626924026585],[-44.9951253997038,81.36704963479211],[-45.00031584819028,81.36685340942735],[-45.00031582273887,81.36607311661213],[-45.00291112664245,81.36529715998613],[-45.00550639310742,81.36451682446405],[-45.00810162232554,81.36373652040882],[-45.008101350521216,81.36295614910085],[-45.00810145962929,81.36217582883512],[-45.008101568726055,81.36139550307661]]],"type":"Polygon"},"id":"00000000000000000176","properties":{"area":276023.83957982576,"elevation":881.2993159163469,"region":"NO","year":2018},"type":"Feature"},{"geometry":{"coordinates":[[[-45.49246674034388,81.30203145475188],[-45.492422300119536,81.30125560565838],[-45.492377639059846,81.30047522519195],[-45.48717847767705,81.2996993492937],[-45.48200578899224,81.29932031355227],[-45.47683290940517,81.2989368424076],[-45.47167423876292,81.29874507708634],[-45.46651930635932,81.29875397261301],[-45.46136907547129,81.29875842730232],[-45.45621867422983,81.29876738742342],[-45.451068814906655,81.29877185591143],[-45.445927534081754,81.29897250866068],[-45.44078604569215,81.29917319673135],[-45.435671169076116,81.29995800434234],[-45.43957744081362,81.30073383475565],[-45.44476822833883,81.30150528588618],[-45.44993160025116,81.30169699560308],[-45.455094973045234,81.30188432729109],[-45.460267794549225,81.30226777935867],[-45.46544026951984,81.3026512659711],[-45.47060823596137,81.30283858270538],[-45.47574057316625,81.30244617801237],[-45.48089101323664,81.30243720939349],[-45.48604583356003,81.30243273963423],[-45.49120954859739,81.30262009089473],[-45.49246674034388,81.30203145475188]]],"type":"Polygon"},"id":"00000000000000000177","properties":{"area":304124.78876530606,"elevation":995.2210762489854,"region":"NO","year":2018},"type":"Feature"},{"geometry":{"coordinates":[[[-43.944030699235036,81.5297978541611],[-43.942732995825416,81.52959720932795],[-43.941435237219316,81.52940102007473],[-43.94013337542308,81.5292004084728],[-43.9388357251859,81.52900420886695],[-43.93753824085983,81.52880354331268],[-43.936240698900505,81.52860733337093],[-43.936267350224796,81.52841112408122],[-43.937614126896946,81.52821936424908],[-43.938960849301736,81.52802759892838],[-43.93898306393598,81.52783589279905],[-43.93768535488813,81.5276351679686],[-43.93638757565826,81.52743901169897],[-43.93641460135305,81.52724285791983],[-43.93643659694021,81.5270466320748],[-43.9351127610673,81.52704216598833],[-43.93379268613104,81.5270421675317],[-43.93246807791547,81.52703768911744],[-43.931121366167424,81.5272294312718],[-43.92980176249748,81.52722501459795],[-43.92847713131383,81.52722052113839],[-43.92845497068391,81.52741674621589],[-43.92842827722228,81.52760849591597],[-43.92708140334788,81.52780022161231],[-43.92705495770773,81.52799637608923],[-43.92703276564064,81.52819259968747],[-43.92700604104638,81.52838434792169],[-43.92830363739002,81.52858499797638],[-43.92828108858922,81.52878116295231],[-43.92825438740735,81.52897291023827],[-43.929551696923156,81.5291736098333],[-43.930849570508144,81.52936978821924],[-43.93214698952906,81.52957047746297],[-43.93344950666,81.52977112037837],[-43.93474676820294,81.52996728088284],[-43.93472008063019,81.53016348726237],[-43.93469776109085,81.53035530194822],[-43.936017803349465,81.53035969996752],[-43.93734210282669,81.53036416237417],[-43.93866640377008,81.53036861978637],[-43.94001301705259,81.53017690941572],[-43.94135957607437,81.52998519355904],[-43.942683826658744,81.52998963585112],[-43.94400807870246,81.52999407314887],[-43.944030699235036,81.5297978541611]]],"type":"Polygon"},"id":"00000000000000000178","properties":{"area":53031.92068968617,"elevation":921.7116016909346,"region":"NO","year":2018},"type":"Feature"},{"geometry":{"coordinates":[[[-44.73578401050571,81.43056948639956],[-44.73452207149968,81.42920055743753],[-44.73064277299615,81.42783608203462],[-44.724150545347065,81.42646715905836],[-44.71503143025109,81.42548611604501],[-44.705917235057036,81.42450516596983],[-44.69681612293404,81.42313170858272],[-44.68771506168517,81.42195455357196],[-44.6785919572022,81.42136590770451],[-44.669446208204256,81.42135696324519],[-44.660300467781184,81.42134811644011],[-44.65113240141333,81.42192332316954],[-44.641947087220956,81.42289093650236],[-44.64059126258193,81.42405916695844],[-44.641839706851485,81.42542369793468],[-44.64831915156399,81.42679264879243],[-44.657446559571724,81.42738573664265],[-44.6665434090535,81.42875909834733],[-44.675657633604914,81.42974014140289],[-44.68476313798014,81.43111356399864],[-44.69390428546705,81.43151043122904],[-44.70304981290335,81.43171548916841],[-44.71220007651363,81.43191618393209],[-44.72135449497334,81.4319206063636],[-44.73051339410612,81.43192953754352],[-44.73578401050571,81.43056948639956]]],"type":"Polygon"},"id":"00000000000000000179","properties":{"area":847604.202476009,"elevation":692.0528672665026,"region":"NO","year":2018},"type":"Feature"},{"geometry":{"coordinates":[[[-60.24155429269121,80.49831416406579],[-60.24062688790805,80.4977522766237],[-60.238557876780746,80.49723951730023],[-60.235147019875406,80.49739558438668],[-60.2320431552815,80.49773451109442],[-60.22894437595453,80.49807781648715],[-60.22584048881191,80.49841671698982],[-60.223044446948634,80.49894737728512],[-60.218705944562124,80.49853708544173],[-60.21436724117702,80.49812687790835],[-60.21116119286514,80.497663150537],[-60.209096912614314,80.497150329197],[-60.20620296550562,80.49687833828774],[-60.20310350245174,80.49722168347365],[-60.20061566115691,80.49793511835125],[-60.20123540535864,80.49830969779781],[-60.2038170826537,80.49839893022163],[-60.208160393584684,80.49880915592324],[-60.211879188603234,80.49884032092872],[-60.21560277028767,80.49887599742267],[-60.219945471397445,80.49928623971378],[-60.22428432560083,80.4996965132402],[-60.22800765848117,80.49973218881269],[-60.23111110526117,80.4993888087882],[-60.234522606674254,80.49923717774428],[-60.23793373476278,80.49908558128968],[-60.24134482367868,80.49892956061643],[-60.24155429269121,80.49831416406579]]],"type":"Polygon"},"id":"0000000000000000017a","properties":{"area":99230.1198112683,"elevation":86.13540252875201,"region":"NO","year":2018},"type":"Feature"},{"geometry":{"coordinates":[[[-64.03588834588953,79.24210964704339],[-64.0348672770254,79.2415566949187],[-64.03385022809113,79.24100822056378],[-64.0328339217278,79.2404552894952],[-64.03083147449647,79.23996924403812],[-64.02981502197184,79.2394162650032],[-64.02683189305355,79.23899265498774],[-64.02384875499985,79.23856908891122],[-64.02120473866792,79.23832825872834],[-64.01757486453315,79.23814995058848],[-64.01394506561046,79.23797159584274],[-64.01099754820478,79.23816330531552],[-64.00804579904103,79.23835057503035],[-64.00611486276733,79.23909523551956],[-64.00679253671898,79.23946091070839],[-64.0078048470303,79.24000936486621],[-64.00882154249562,79.24056233084237],[-64.00983816001018,79.24111518160977],[-64.0118402592886,79.24160129258013],[-64.015809177419,79.24196245304108],[-64.0190998661682,79.24195799517541],[-64.02306827175615,79.2423191720496],[-64.02703695092735,79.24267588443014],[-64.03066214598675,79.24285427618987],[-64.03327509481855,79.2424796988929],[-64.03588834588953,79.24210964704339]]],"type":"Polygon"},"id":"0000000000000000017b","properties":{"area":206157.71682413074,"elevation":724.9592682926831,"region":"NO","year":2018},"type":"Feature"},{"geometry":{"coordinates":[[[-59.468372979111145,80.72269611765091],[-59.468074322500236,80.72250441344102],[-59.466602836882814,80.72236613105478],[-59.46543479077942,80.72241520319764],[-59.46456487876336,80.72265152390284],[-59.4633967863955,80.72270058840304],[-59.46192505900727,80.72256235631744],[-59.46045403321071,80.72241967036629],[-59.4592855195667,80.72246868081031],[-59.45842028103614,80.72270505382969],[-59.45755059235223,80.72294139370237],[-59.45668597223806,80.72318214423221],[-59.45581620218109,80.72341847810225],[-59.454647963004604,80.72346751019892],[-59.45347545545691,80.72351661832253],[-59.45261025351049,80.72375290151915],[-59.45144169048639,80.72380199286081],[-59.45026938694425,80.72385101785247],[-59.449404234459855,80.72408740189819],[-59.448534631180884,80.72432375267346],[-59.44766525139683,80.72456002928361],[-59.447968265742354,80.7247472913789],[-59.449439753356586,80.72488996044774],[-59.45060818914295,80.72484094849654],[-59.45147751942723,80.72460466442858],[-59.45234264852866,80.72436386071465],[-59.45351543002019,80.72431928323788],[-59.45498249201342,80.7244574822787],[-59.4564540004407,80.72459570483369],[-59.457925297545486,80.72473840708079],[-59.4593968786659,80.7248766162112],[-59.46056524454047,80.7248275681422],[-59.46173800740683,80.72477854590711],[-59.46290634610143,80.72472948926233],[-59.46407467121809,80.72468042833778],[-59.465242738607806,80.72463584955877],[-59.46611235571689,80.724395077324],[-59.46580929559803,80.7242077592055],[-59.465510657112006,80.72402047058432],[-59.46637556377455,80.72378415245792],[-59.46724508343281,80.72354337491767],[-59.46694176685608,80.723356127589],[-59.46663872558375,80.72316880851585],[-59.467508209381826,80.72293244400359],[-59.468372979111145,80.72269611765091]]],"type":"Polygon"},"id":"0000000000000000017c","properties":{"area":55731.98509947149,"elevation":386.04555590952543,"region":"NO","year":2018},"type":"Feature"},{"geometry":{"coordinates":[[[-60.367733957939905,80.47646455520645],[-60.36710957966692,80.47608998963256],[-60.36730998671104,80.47547460198892],[-60.36524101974137,80.47496629644209],[-60.36203948457728,80.47450705188159],[-60.35997015758943,80.4739942446493],[-60.35790143939786,80.47348146055461],[-60.35469956478688,80.47302213417474],[-60.35263491661415,80.4725093643465],[-60.350989675983826,80.47299088188329],[-60.34965640040812,80.47365537783838],[-60.34718618219003,80.47437329462412],[-60.34472017545307,80.4750911316439],[-60.34069359964242,80.47486819120383],[-60.33698373315834,80.47483703122764],[-60.333581543559056,80.4749886297876],[-60.33388905657582,80.47518038964701],[-60.33709075462621,80.47563962435359],[-60.339159528371994,80.47614800030405],[-60.34236118049177,80.47661171178412],[-60.34329344012208,80.47717357536689],[-60.34536251043565,80.47768636605595],[-60.34743140407654,80.47819471552702],[-60.348363376921164,80.47876097945762],[-60.350633090088344,80.47865844453929],[-60.34969670727308,80.47809216864945],[-60.348764692222396,80.47753029305655],[-60.35009781525684,80.47686586026452],[-60.35256812760089,80.47614801057334],[-60.35503404971308,80.47543004579579],[-60.359060564117904,80.47564856051581],[-60.363395023949835,80.47605882813166],[-60.367733957939905,80.47646455520645]]],"type":"Polygon"},"id":"0000000000000000017d","properties":{"area":140915.8322433922,"elevation":98.08106937152758,"region":"NO","year":2018},"type":"Feature"},{"geometry":{"coordinates":[[[-64.51661495674766,79.10846145643221],[-64.51592819090841,79.10809579911289],[-64.51427383240785,79.10779256421179],[-64.51165219153604,79.10755625909107],[-64.50999338801392,79.10725746499712],[-64.50930669090764,79.10689186566724],[-64.51055961412648,79.10639687172237],[-64.5098730517301,79.10602678042655],[-64.50821864316043,79.10572796488451],[-64.5055965953664,79.10549161229932],[-64.50365708279219,79.10562097116956],[-64.50172165894453,79.10575030761129],[-64.4997863797245,79.10587955379762],[-64.4975031883305,79.10582611582826],[-64.49625482012789,79.10632103154008],[-64.49694148048357,79.10668669535833],[-64.4976235677598,79.10705682297434],[-64.49928248230557,79.1073555368008],[-64.49996477993182,79.10772116638411],[-64.50065143775342,79.10808689435056],[-64.50327796439149,79.1083231735427],[-64.50589986609664,79.10855947994688],[-64.50852165714664,79.1087958381026],[-64.51046140350458,79.10866652763642],[-64.51308364891456,79.10890287613537],[-64.51467967947657,79.10859072565064],[-64.51661495674766,79.10846145643221]]],"type":"Polygon"},"id":"0000000000000000017e","properties":{"area":87447.11944403464,"elevation":790.3834651153264,"region":"NO","year":2018},"type":"Feature"},{"geometry":{"coordinates":[[[-64.3418940526893,79.22261890393564],[-64.34120722470495,79.22225324049644],[-64.33953985457252,79.22195000140741],[-64.33787198820197,79.22164679509359],[-64.33557114687235,79.22159323510924],[-64.33326593015668,79.22153973823626],[-64.33096030316615,79.2214817791798],[-64.32900286045661,79.2216111195447],[-64.32704080584124,79.22174041827833],[-64.32473990662498,79.22168695516385],[-64.322777770906,79.22181622364435],[-64.32047701251574,79.22175823936999],[-64.31851497331881,79.22188758699309],[-64.31724431363362,79.22238254926592],[-64.31528212019464,79.22251187280752],[-64.314007068534,79.22300682217204],[-64.31469335424651,79.22337246923979],[-64.31538481874135,79.22373809863153],[-64.31704815199403,79.2240413279724],[-64.31969689264986,79.22428211444651],[-64.32200211328602,79.22433558176387],[-64.32430751759202,79.22438913960828],[-64.32626511314807,79.22425980467514],[-64.3282270568555,79.22413496942754],[-64.33018910787662,79.22400563391422],[-64.33248967519765,79.22405917310789],[-64.33410866858473,79.22374700246301],[-64.33606617843236,79.2236177065884],[-64.33871463291929,79.22385405822149],[-64.34033363000395,79.22354636943975],[-64.34160407206893,79.22304695885252],[-64.3418940526893,79.22261890393564]]],"type":"Polygon"},"id":"0000000000000000017f","properties":{"area":133662.69552336313,"elevation":658.0402962725277,"region":"NO","year":2018},"type":"Feature"},{"geometry":{"coordinates":[[[-63.650550830848125,79.47966372922745],[-63.650211466551056,79.47948093817539],[-63.649872704768995,79.47929810512942],[-63.65054159286892,79.47904840208916],[-63.65019855662748,79.478865563828],[-63.64985943127353,79.47868269582598],[-63.64952051763338,79.47849542814056],[-63.648169537139886,79.47837509558867],[-63.64783045771953,79.47819222468503],[-63.647491772552826,79.47800938725321],[-63.647148425490855,79.47782218646189],[-63.64680937895113,79.47763931367575],[-63.64546300974177,79.47751889777172],[-63.644111609347775,79.47739407868339],[-63.64276528792506,79.4772736501754],[-63.64175734915419,79.47733613609806],[-63.64074960525239,79.47739854293073],[-63.639741847995985,79.47746094613143],[-63.63873407738543,79.47752334570009],[-63.63772649876244,79.47758134257616],[-63.636718493552316,79.4776438103388],[-63.635706400208576,79.47770619382125],[-63.635041906575175,79.4779559030887],[-63.634372924104966,79.47820117178102],[-63.63370391306552,79.47844643825375],[-63.63303546512425,79.47869166117209],[-63.63337413272206,79.47887894660366],[-63.63371322660199,79.47906175695535],[-63.633048437536175,79.479307025006],[-63.63237992804299,79.47955224427761],[-63.63271861309346,79.47973952920601],[-63.634065363304565,79.47985992790449],[-63.63541642103033,79.47998032551368],[-63.63676318802275,79.48010522013372],[-63.637101988193514,79.48028799096798],[-63.637445258402735,79.48047087591306],[-63.63845311778794,79.48040837428546],[-63.639460755498334,79.48034594447931],[-63.64046873422479,79.48028805367481],[-63.64147634560335,79.48022561661168],[-63.64282749836275,79.48034597960041],[-63.644174182553726,79.48046640664062],[-63.64552535558843,79.48059126551176],[-63.64653295296614,79.48052881084632],[-63.64720178363632,79.48028351794],[-63.64786629509201,79.48003389426043],[-63.64853506848561,79.47978859691702],[-63.64954295634943,79.47972616488828],[-63.650550830848125,79.47966372922745]]],"type":"Polygon"},"id":"00000000000000000180","properties":{"area":91990.80507290647,"elevation":503.3453835446952,"region":"NO","year":2018},"type":"Feature"},{"geometry":{"coordinates":[[[-64.02216761271545,79.34343819503007],[-64.02148547493067,79.3430725900655],[-64.02179306787801,79.34264005628188],[-64.02110638264746,79.34227441552406],[-64.02042417361812,79.3419086955671],[-64.01874754336208,79.34160101674978],[-64.01607656874378,79.34136028173259],[-64.0143998409081,79.34105705776122],[-64.0127189647255,79.34075382429303],[-64.01005249678104,79.34051303185434],[-64.00936570927345,79.34014740112467],[-64.00738130886262,79.34027225727755],[-64.00573579008368,79.34058436254983],[-64.00375163875691,79.34070922583537],[-64.00542828992178,79.34101243604704],[-64.0080990394317,79.3412532704709],[-64.00977586413595,79.34155645464388],[-64.00946821978812,79.3419890105923],[-64.01015031518864,79.34235467896056],[-64.0118270718115,79.34266233022076],[-64.01350360119186,79.3429655326488],[-64.01617470848936,79.34320636628478],[-64.01686130824993,79.34357201560276],[-64.0191890593457,79.34362997971029],[-64.02151681943258,79.34368792480025],[-64.02216761271545,79.34343819503007]]],"type":"Polygon"},"id":"00000000000000000181","properties":{"area":61176.15115684864,"elevation":589.6928759894461,"region":"NO","year":2018},"type":"Feature"},{"geometry":{"coordinates":[[[-63.95333263001806,79.3691850421521],[-63.9526503001012,79.36881939585648],[-63.95196348556261,79.36844930917678],[-63.95128124277144,79.3680836578247],[-63.94960018622205,79.36778041759605],[-63.946924686245424,79.36753516791404],[-63.94424936174154,79.36729440656211],[-63.94226054480062,79.36742373396241],[-63.93958502641908,79.36717849148341],[-63.93793521565755,79.36749060721017],[-63.93559846566958,79.36743262791663],[-63.93394887723069,79.36774475276358],[-63.93229891441756,79.36805242912574],[-63.93064893501753,79.3683646079784],[-63.92934259009963,79.3688550498868],[-63.930024895429916,79.36922521929665],[-63.93070678847897,79.36959083913153],[-63.932388114130575,79.3698940338043],[-63.93307019621343,79.37026415983188],[-63.935745881100054,79.37050491352326],[-63.93842145406508,79.37074571790085],[-63.94041445111322,79.37062087060298],[-63.943089910480055,79.37086170722331],[-63.94542637487932,79.37091963556499],[-63.94741543023925,79.37079477244228],[-63.94940838620948,79.37066545780233],[-63.95140195673868,79.37054060003734],[-63.952708155353825,79.37004561361249],[-63.952026169479815,79.36968000197561],[-63.95333263001806,79.3691850421521]]],"type":"Polygon"},"id":"00000000000000000182","properties":{"area":145463.2927507253,"elevation":565.1080961510102,"region":"NO","year":2018},"type":"Feature"},{"geometry":{"coordinates":[[[-59.336909869312606,80.84026925368732],[-59.33630331999608,80.8398947143735],[-59.3318397183865,80.83947106446577],[-59.32737631318738,80.8390519453377],[-59.32409870847585,80.83857923191681],[-59.32674776907835,80.83787022744217],[-59.32702432289579,80.83725490963607],[-59.32966810556987,80.83654590966964],[-59.33231696268557,80.83583240140274],[-59.3349612654145,80.83512346510379],[-59.335237958211096,80.8345080910334],[-59.3322636767175,80.83422720106768],[-59.328709680760795,80.83437433404401],[-59.325160320186946,80.83451697851278],[-59.32160623160181,80.83466414379504],[-59.31805247825181,80.83480689896223],[-59.31540826452589,80.83551581537954],[-59.31215745413154,80.835850323516],[-59.311876671338254,80.83646560935496],[-59.30923216112566,80.83717461181297],[-59.310137450548545,80.8377408928571],[-59.311042576511134,80.83830723975879],[-59.313134032322374,80.83882446722792],[-59.31641141915526,80.83929269577054],[-59.32087479707803,80.83971630122237],[-59.32533867163105,80.84013995612588],[-59.329494312965444,80.84037178914865],[-59.33335609491705,80.84041643712557],[-59.336909869312606,80.84026925368732]]],"type":"Polygon"},"id":"00000000000000000183","properties":{"area":178976.7001161519,"elevation":640.4561860798282,"region":"NO","year":2018},"type":"Feature"},{"geometry":{"coordinates":[[[-59.374691746584,80.8433549848884],[-59.37438879167711,80.84316320456321],[-59.37408556917636,80.84297590493782],[-59.373782090676585,80.84278867575898],[-59.373479171061554,80.84259689371042],[-59.37317598342558,80.8424095923831],[-59.37168628879991,80.84227139797663],[-59.37019691239756,80.84212871547624],[-59.36870798402265,80.8419904759275],[-59.36721825969489,80.84184774039768],[-59.365733600366866,80.84170958985989],[-59.36424395203627,80.84156684076261],[-59.362754905384996,80.8414286450919],[-59.36245152459539,80.84124129323722],[-59.363334347507966,80.84100052758208],[-59.363031126618054,80.84081328598232],[-59.362728184896106,80.84062597281398],[-59.362424987136784,80.84043873008491],[-59.36123888889994,80.84048331984248],[-59.360356056144546,80.84072408099978],[-59.359174372832854,80.84076869466574],[-59.357987928427185,80.84081775366495],[-59.35710527247093,80.84105402361085],[-59.35622230714063,80.84129036150698],[-59.355343741866,80.84153113836769],[-59.35564700450103,80.841718495831],[-59.35595012247913,80.84190574226953],[-59.3562536759496,80.84209302760551],[-59.35774315488727,80.84223570169101],[-59.35922753665946,80.84237395858882],[-59.36071709157543,80.84251661911095],[-59.36220670190695,80.84265486257722],[-59.36369564122821,80.84279754106272],[-59.36518532627521,80.84293577095094],[-59.36667003543725,80.8430785147445],[-59.36697339577255,80.84326574953673],[-59.36728096275715,80.8434530863287],[-59.36758406401702,80.84364480122201],[-59.367887191657005,80.84383210531425],[-59.3681905985157,80.84401933783579],[-59.36849373507182,80.84421105100571],[-59.36967954226572,80.84416205942459],[-59.370861564245274,80.8441130004175],[-59.37204761124485,80.844063929142],[-59.37293057112282,80.84382766474211],[-59.373813332812944,80.84359128684345],[-59.374691746584,80.8433549848884]]],"type":"Polygon"},"id":"00000000000000000184","properties":{"area":55731.98509946405,"elevation":645.4770250462049,"region":"NO","year":2018},"type":"Feature"},{"geometry":{"coordinates":[[[-64.7674751551367,79.07625778034189],[-64.76678402743855,79.07589212494774],[-64.7660929424108,79.07552646698778],[-64.76443421083586,79.0752232697187],[-64.76250780003303,79.07535702583368],[-64.76022922737427,79.07530355622434],[-64.75830273480712,79.07543728263747],[-64.75671999368993,79.07574943652106],[-64.75513678539048,79.07606604008394],[-64.75321064673255,79.07619537842879],[-64.7539015999371,79.0765609878824],[-64.75266668430598,79.077055960246],[-64.75143128540793,79.07755538444603],[-64.7501916639339,79.07805032016226],[-64.74992394910782,79.07848290666722],[-64.75157835217918,79.07878167035393],[-64.7513063698734,79.0792141588398],[-64.7520023314084,79.07957981780537],[-64.7546241456048,79.07981166563442],[-64.75724584282662,79.08004805791445],[-64.7598678193492,79.08028434894457],[-64.76145085317056,79.07996777566889],[-64.76268602843506,79.07947280815536],[-64.7639214771933,79.07897337260704],[-64.76584769040306,79.07884404120648],[-64.76708724294336,79.07834468457791],[-64.76639149523147,79.07797901363452],[-64.76666346625844,79.07755095133918],[-64.76693542289514,79.07711839450964],[-64.76720773475532,79.0766858684249],[-64.7674751551367,79.07625778034189]]],"type":"Polygon"},"id":"00000000000000000185","properties":{"area":140006.00988715235,"elevation":753.5507598007916,"region":"NO","year":2018},"type":"Feature"},{"geometry":{"coordinates":[[[-65.87936100806004,78.65551935594554],[-65.877951898637,78.65479695689825],[-65.87746569923064,78.65399875358104],[-65.87606121281307,78.65327633895029],[-65.87281060740132,78.65268776980264],[-65.86955974122041,78.65209920682287],[-65.86630915584321,78.65151060352001],[-65.86305849617602,78.6509264071381],[-65.85901842955087,78.65102004093957],[-65.85427857834041,78.65075250124497],[-65.84988609750546,78.65066335586765],[-65.84619846680526,78.65093984620793],[-65.84286339017328,78.65139907892723],[-65.84242148897131,78.65226418958565],[-65.84567246149636,78.65285279468932],[-65.84430789735036,78.65378473480315],[-65.84663559072126,78.65444016943982],[-65.84804026064556,78.65516706102429],[-65.85221369447751,78.6556843180636],[-65.8547601728497,78.65591175892082],[-65.85915213126125,78.65599643111233],[-65.86354897557773,78.65608565129148],[-65.86829329491891,78.65635313903661],[-65.87198105417049,78.65607667325742],[-65.87566878012517,78.65579578552463],[-65.87936100806004,78.65551935594554]]],"type":"Polygon"},"id":"00000000000000000186","properties":{"area":346215.96606853354,"elevation":1019.6859028231707,"region":"NO","year":2018},"type":"Feature"},{"geometry":{"coordinates":[[[-65.73024412277078,78.70258958525969],[-65.72884382725744,78.70186277946249],[-65.72465708311411,78.70134101295513],[-65.72140192675654,78.70075242585803],[-65.7162915337095,78.70030209328286],[-65.71210914479883,78.69978033629982],[-65.70885361534376,78.69919176580345],[-65.70652621276787,78.69853176792247],[-65.70141597450214,78.69808143190436],[-65.69816112779228,78.69749280726485],[-65.69583328430286,78.69683288308123],[-65.69165499979101,78.69631557969738],[-65.68654931963994,78.69586076815673],[-65.6828393538818,78.69613727860586],[-65.67913395424806,78.69640929562428],[-65.67647603741314,78.6972297652694],[-65.67694891444545,78.69802344576813],[-65.67742161966368,78.69882167471295],[-65.67904915905503,78.69911595782726],[-65.68380704617961,78.69938796630757],[-65.68751268101218,78.69911146575927],[-65.69227026910093,78.69938348027603],[-65.69738067723883,78.69983387831472],[-65.70249083805646,78.70028422579702],[-65.70760106688252,78.7007390305133],[-65.71200639105273,78.70082821859329],[-65.71711655064087,78.70127859993725],[-65.72222682536933,78.70172896219837],[-65.72734152808792,78.70218378547764],[-65.73024412277078,78.70258958525969]]],"type":"Polygon"},"id":"00000000000000000187","properties":{"area":246389.6062584604,"elevation":991.9803804037956,"region":"NO","year":2018},"type":"Feature"},{"geometry":{"coordinates":[[[-63.93383747877164,79.43595563920377],[-63.932147377722465,79.43564797301146],[-63.932464071511376,79.43521990122164],[-63.9337793467219,79.43472496944024],[-63.93309276396139,79.43435480490346],[-63.933409395017904,79.4339267270307],[-63.932718023279904,79.43355660075844],[-63.93002921857854,79.43331581560855],[-63.92767915690114,79.433257915577],[-63.92602064208167,79.43356998875599],[-63.92367052463645,79.43351205571774],[-63.922355090477495,79.434007053854],[-63.92034850619576,79.43413189084427],[-63.9186897437649,79.43443951603811],[-63.91668310261228,79.4345688370413],[-63.915024344106676,79.43487654840305],[-63.91370448617083,79.43537153098792],[-63.91439127067641,79.43573710743397],[-63.914074342737806,79.43616969809617],[-63.91376255509373,79.43659776873194],[-63.91545221467201,79.43690542978278],[-63.916138944179735,79.43727107381248],[-63.918827926069106,79.43751184187467],[-63.92117788976529,79.43756982530498],[-63.92352786279248,79.43762778952332],[-63.92553440546801,79.4375029789755],[-63.92753683541711,79.43737807751808],[-63.92954327178131,79.43725323810494],[-63.93120665616731,79.43694108150858],[-63.9325217889382,79.4364461303097],[-63.93383747877164,79.43595563920377]]],"type":"Polygon"},"id":"00000000000000000188","properties":{"area":142744.35269931145,"elevation":487.5673719794666,"region":"NO","year":2018},"type":"Feature"},{"geometry":{"coordinates":[[[-63.0388958537044,79.76720438998349],[-63.03788357479957,79.7666515242249],[-63.03686685837302,79.76609410730714],[-63.0358499925571,79.76554118073629],[-63.03275118144229,79.76510416133566],[-63.02965651613278,79.76467169453419],[-63.02655727828769,79.76423914512377],[-63.02554511943749,79.76368173625221],[-63.02348937721658,79.76318675375781],[-63.022472810923844,79.76263381175211],[-63.01867813977259,79.76244206566271],[-63.01555692583664,79.76262489341994],[-63.01243563177833,79.76280326601042],[-63.013113219417924,79.76317337603251],[-63.011004115301084,79.76390917574601],[-63.01098176374097,79.76452454504322],[-63.010955017057476,79.76513989599334],[-63.00988929020912,79.76581317849792],[-63.01090153174496,79.766370588042],[-63.01191814399202,79.7669234761968],[-63.01293464019903,79.76747643347706],[-63.01499061010943,79.76797136324593],[-63.01808531470584,79.76840835967187],[-63.01910163455186,79.76896133069688],[-63.02152308442531,79.76902814989658],[-63.0249835451352,79.76903262143402],[-63.02878232605095,79.76921993092508],[-63.032242570816614,79.76922439234417],[-63.03502510205776,79.76885876377399],[-63.03676898429326,79.76855551571441],[-63.037834304916174,79.76787771895356],[-63.0388958537044,79.76720438998349]]],"type":"Polygon"},"id":"00000000000000000189","properties":{"area":281429.09033113765,"elevation":397.4028391247731,"region":"NO","year":2018},"type":"Feature"},{"geometry":{"coordinates":[[[-63.75330611956705,79.45032289809835],[-63.74555614639558,79.44916347233637],[-63.737177635983294,79.44948011584707],[-63.72675208984769,79.44869085334862],[-63.719051146673955,79.4493730588793],[-63.71135513322165,79.45005529789022],[-63.70702515414744,79.45135295014873],[-63.70572735186793,79.45307414247517],[-63.7064408710428,79.45467046072712],[-63.700778109285174,79.45645855842186],[-63.693072434205384,79.45714085279374],[-63.68638405506776,79.45837603851173],[-63.679017608987515,79.45924102474781],[-63.67300656734037,79.46084189581592],[-63.67469202072246,79.46114955050129],[-63.681073019678706,79.46095779129917],[-63.68707972398746,79.45935702958968],[-63.694107306366625,79.45830465457773],[-63.701812480725316,79.45762242586873],[-63.70747542585721,79.45583872746722],[-63.71620196889214,79.45570503059335],[-63.72663177964604,79.45649423073445],[-63.73365476189948,79.45544640217094],[-63.742038134622995,79.45512975050706],[-63.74803528280132,79.45352451869327],[-63.75302065921342,79.45198166999819],[-63.75330611956705,79.45032289809835]]],"type":"Polygon"},"id":"0000000000000000018a","properties":{"area":711909.1367956534,"elevation":504.2501721993197,"region":"NO","year":2018},"type":"Feature"},{"geometry":{"coordinates":[[[-64.58145481710979,79.14987309674356],[-64.58110704051063,79.1496902551425],[-64.58076380381821,79.14950743621168],[-64.58041604876746,79.14932459332381],[-64.58007226275836,79.14914181662473],[-64.57972452926089,79.14895897244953],[-64.57840904218862,79.14883859661293],[-64.57708954957313,79.14872263731651],[-64.57577403616538,79.14860673870487],[-64.57445408555274,79.14848632090914],[-64.57313861481003,79.14837040992924],[-64.57182323664632,79.14825000317987],[-64.57050327985871,79.14813405637311],[-64.56953134289732,79.14819650430617],[-64.56855914269457,79.14826332904387],[-64.56758710693856,79.14833025959128],[-64.56696285469975,79.14857548079492],[-64.56633397407707,79.14882516597119],[-64.56570984763229,79.14907049237573],[-64.56605305042312,79.1492532526968],[-64.56640109394529,79.14944055838293],[-64.56674412179602,79.14962339381267],[-64.56709226050128,79.14980620866555],[-64.56743530976534,79.14998904281923],[-64.56778347003038,79.1501718563843],[-64.56812654070967,79.15035468926182],[-64.56944635784447,79.15047061360481],[-64.56978983620142,79.15065347709182],[-64.57013767706917,79.15083625413547],[-64.57110982195388,79.15077380666723],[-64.57208182896272,79.15070694260383],[-64.5733971095179,79.15082731439438],[-64.57471719004772,79.15094332322097],[-64.57603258404879,79.15105919314156],[-64.57735245962175,79.15117956976884],[-64.5783244479078,79.15111268414209],[-64.57929672866808,79.15105031743111],[-64.58026869053698,79.15098342482779],[-64.5799208957431,79.15080058332737],[-64.57957764129173,79.15061776451864],[-64.58020178092244,79.15036802873506],[-64.58082620061865,79.15012281333263],[-64.58145481710979,79.14987309674356]]],"type":"Polygon"},"id":"0000000000000000018b","properties":{"area":72041.92741764878,"elevation":693.8341066140176,"region":"NO","year":2018},"type":"Feature"},{"geometry":{"coordinates":[[[-64.36943801823644,79.24840141321387],[-64.36805571219794,79.2476656066609],[-64.3666732378112,79.24693435141111],[-64.36529570466344,79.24620303675506],[-64.36293239596449,79.24553416112059],[-64.35831250693646,79.24542267507636],[-64.35369744497949,79.2453156593055],[-64.3490775934376,79.24520420773209],[-64.34514902653119,79.24546284080849],[-64.34156839109217,79.24590428829244],[-64.33832681305903,79.2465285390723],[-64.33508961703367,79.24715288414805],[-64.33184768746531,79.24777708306493],[-64.33253889766861,79.24814277943511],[-64.33096946363293,79.24906576594202],[-64.33136628314894,79.2498639619279],[-64.3327440806601,79.25059969137509],[-64.33706915161882,79.2511392796104],[-64.3406546113191,79.2506978131379],[-64.3438961979888,79.25007357257846],[-64.34748119909133,79.24963212121692],[-64.35244436752912,79.24992641681094],[-64.35672074721798,79.24985056654491],[-64.36134009277198,79.2499620708957],[-64.3652686388021,79.2497034229391],[-64.36885401560133,79.24926201071058],[-64.36943801823644,79.24840141321387]]],"type":"Polygon"},"id":"0000000000000000018c","properties":{"area":350241.5716594955,"elevation":589.0600940133777,"region":"NO","year":2018},"type":"Feature"},{"geometry":{"coordinates":[[[-63.31071790196637,79.63911675587981],[-63.31003569673911,79.63874661852414],[-63.30935827135576,79.63837652353268],[-63.30868028930771,79.6380064665867],[-63.307998068894356,79.637640823362],[-63.307320389705204,79.6372706863025],[-63.30561694596036,79.63696298115082],[-63.30391337494683,79.63665534078925],[-63.30221010338165,79.63634761505348],[-63.29947651715987,79.63609793040558],[-63.298798986603224,79.63572784565271],[-63.29607000676318,79.63548256608686],[-63.29401878820323,79.63560296682378],[-63.29196757310477,79.63572777943156],[-63.28991642165905,79.63584826017265],[-63.287865042321044,79.63596861648783],[-63.28615279068312,79.6362762793303],[-63.28477956261689,79.6367668262891],[-63.28545733085194,79.63713689780803],[-63.28613514390408,79.63750696681124],[-63.286812788271085,79.6378771083664],[-63.28749047746047,79.63824724740596],[-63.28816836946602,79.63861288230231],[-63.289871708112685,79.63892049933011],[-63.29157515085796,79.63923271729827],[-63.29328300958989,79.63954032435451],[-63.293960947745404,79.63990601817687],[-63.29566424870203,79.64021817641373],[-63.29702868590677,79.64033855420789],[-63.29942313136555,79.64040099796053],[-63.30215203746143,79.64065064032673],[-63.30420336400124,79.64052580580918],[-63.306259045667154,79.64040539342668],[-63.30864894078253,79.64046782629039],[-63.31002243259619,79.63997735789617],[-63.31037034116919,79.63954486193349],[-63.31071790196637,79.63911675587981]]],"type":"Polygon"},"id":"0000000000000000018d","properties":{"area":188978.95437693936,"elevation":440.6246864686467,"region":"NO","year":2018},"type":"Feature"},{"geometry":{"coordinates":[[[-62.229274379299504,79.9025203261482],[-62.228694611201846,79.90153485556297],[-62.2270496207581,79.90060735437005],[-62.225408305370955,79.89967541732898],[-62.22271063729965,79.89880589777479],[-62.2200083063086,79.89793636032448],[-62.21439040852604,79.8980388873013],[-62.20909721536771,79.89832431659777],[-62.20445533017985,79.89898427704134],[-62.19916210881818,79.8992695960593],[-62.19485038520729,79.90011688528011],[-62.18988298533917,79.90058949765806],[-62.18491567553095,79.90106216923756],[-62.17994806079788,79.9015348640599],[-62.17563175220027,79.90238203542532],[-62.17726814419238,79.90330953831564],[-62.17996583939413,79.90417905073258],[-62.186904067779246,79.90482120090022],[-62.192857171506816,79.9049059324787],[-62.1981543561977,79.90462056702842],[-62.2050930765586,79.90525818050929],[-62.209913285107746,79.9060162134008],[-62.21049273144826,79.90700167299688],[-62.214327800479175,79.90720231884285],[-62.21798402911791,79.90598498200818],[-62.22262612429249,79.90532508567796],[-62.226608219899674,79.9042950476879],[-62.22880186790626,79.90356374053071],[-62.229274379299504,79.9025203261482]]],"type":"Polygon"},"id":"0000000000000000018e","properties":{"area":606657.1191373765,"elevation":559.5565178613342,"region":"NO","year":2018},"type":"Feature"},{"geometry":{"coordinates":[[[-64.05445604969098,79.27297107208159],[-64.05442044096621,79.27236014289407],[-64.05241379294566,79.27186965707051],[-64.04843172767508,79.27150846761764],[-64.0467641531109,79.27120527712304],[-64.04312527849343,79.27103135024969],[-64.03982560683383,79.27103575670986],[-64.0365260794857,79.27104023398135],[-64.0335694359986,79.27123194940347],[-64.03060864540194,79.27142374354683],[-64.02765221169386,79.27161102110196],[-64.02503044175332,79.2719855878936],[-64.02275193466512,79.27254296554996],[-64.01979551908936,79.27273470727619],[-64.02013435593331,79.27291751444332],[-64.02115551262109,79.2734659648525],[-64.02020102606419,79.27414376878075],[-64.02418310002554,79.2745049454257],[-64.02717513473331,79.27492858566494],[-64.03016709313859,79.275356677231],[-64.0334716028285,79.27534772969953],[-64.0364278677805,79.2751604102452],[-64.03938866375749,79.2749686837631],[-64.04234971864055,79.2747769588973],[-64.04462815009786,79.27421957323536],[-64.04826680261081,79.27439797398716],[-64.05122788055417,79.27420618682093],[-64.05350628737764,79.27364886679203],[-64.05445604969098,79.27297107208159]]],"type":"Polygon"},"id":"0000000000000000018f","properties":{"area":240592.851942056,"elevation":660.7371556770565,"region":"NO","year":2018},"type":"Feature"},{"geometry":{"coordinates":[[[-63.81081510952449,79.37879437590037],[-63.81045383077916,79.37799622990883],[-63.80909389023507,79.37726044829726],[-63.807733918380194,79.37652473226977],[-63.80537952890644,79.37585144237863],[-63.80401957603036,79.37511566823656],[-63.80066633024777,79.37450480255873],[-63.797313030874854,79.37389386222343],[-63.79196643336972,79.37340781593295],[-63.78662000464344,79.37292174514634],[-63.78195132765988,79.37280580933223],[-63.77796494804549,79.37305559827499],[-63.774312914453,79.37348811956565],[-63.77032220063574,79.37373782866534],[-63.767009096943674,79.37435762677299],[-63.76437803604258,79.37534305500074],[-63.76505587108713,79.37570868936909],[-63.766411683522215,79.37644446333397],[-63.766768219475125,79.37724711107198],[-63.76812374219571,79.3779829106964],[-63.769479263880946,79.37871859071461],[-63.77183399127345,79.37939191903098],[-63.77550787516369,79.37957033736312],[-63.78017678827409,79.37968625912038],[-63.78552755376151,79.38017228028285],[-63.79087848841902,79.38065827684008],[-63.795890608138784,79.38096152471918],[-63.80022037457884,79.38089462206543],[-63.80489336653238,79.38101055551336],[-63.80854563782852,79.38057808715132],[-63.80917857549792,79.37971744068317],[-63.81081510952449,79.37879437590037]]],"type":"Polygon"},"id":"00000000000000000190","properties":{"area":600432.5946876055,"elevation":597.704772238131,"region":"NO","year":2018},"type":"Feature"},{"geometry":{"coordinates":[[[-63.746608621630024,79.40559357864235],[-63.74593078225538,79.40522349975139],[-63.7442498325046,79.4049202770097],[-63.74457081150313,79.40448773303731],[-63.742894049077506,79.40418458022157],[-63.74021404712382,79.40393931491076],[-63.73953207930488,79.40357361591282],[-63.73785535142077,79.40326599650288],[-63.7361742799624,79.40296276545901],[-63.73349445182591,79.40271751232818],[-63.731157677558116,79.4026595159944],[-63.72915551034414,79.40278437514843],[-63.72715367132981,79.40290925386154],[-63.72583349381369,79.40339977497966],[-63.72383149790613,79.40352462892828],[-63.72182944919663,79.40364946844065],[-63.722507053619964,79.40401956324212],[-63.72118267324819,79.40451008674641],[-63.71986263945492,79.40500504124404],[-63.721539433861636,79.40531268528291],[-63.724219317617056,79.40555350192565],[-63.72489711439503,79.40592358618129],[-63.72657820585233,79.40622676743705],[-63.72725590961008,79.406596920199],[-63.72893694575212,79.40690016227568],[-63.731616922212346,79.4071453864761],[-63.734297165970005,79.40738618366768],[-63.73697712543645,79.4076314332696],[-63.73897902324866,79.40750653591414],[-63.741659040139744,79.40774741558916],[-63.74332242579492,79.4074396976677],[-63.74532436562602,79.40731486454652],[-63.74464666857938,79.40694922353346],[-63.74496767570878,79.40651668666955],[-63.74528887463245,79.40608858372109],[-63.746608621630024,79.40559357864235]]],"type":"Polygon"},"id":"00000000000000000191","properties":{"area":191685.27362480678,"elevation":577.4445560952012,"region":"NO","year":2018},"type":"Feature"},{"geometry":{"coordinates":[[[-63.798351968993124,79.3943521776016],[-63.797330859908925,79.39380371769143],[-63.79630961692154,79.39325081562461],[-63.793290829269466,79.39282274574978],[-63.791270867524375,79.39233221970787],[-63.78925534126145,79.39184619317437],[-63.78723549804194,79.39135571198852],[-63.78521543669928,79.39086518147042],[-63.781197705102656,79.3905040558957],[-63.77786239002535,79.39050401360929],[-63.77418830966024,79.39032563350492],[-63.771530596849416,79.39069575968115],[-63.76955070998841,79.39143596039696],[-63.76757095089514,79.39217617533036],[-63.76559093883505,79.39291637053748],[-63.76593427911199,79.39309922445179],[-63.76695107176215,79.39365214174887],[-63.767967962418766,79.3942050533922],[-63.76898898110831,79.39475352600144],[-63.76966664184458,79.39512365864407],[-63.773345325864454,79.39530199907415],[-63.77736285973068,79.39566768070858],[-63.780702917456004,79.3956632355659],[-63.784720526411135,79.39602888983244],[-63.788060415944116,79.39602443455799],[-63.79037445311611,79.39546699081201],[-63.79303672120938,79.39509689393506],[-63.79603317800741,79.39490959032702],[-63.798351968993124,79.3943521776016]]],"type":"Polygon"},"id":"00000000000000000192","properties":{"area":276878.7285691506,"elevation":582.6028925081434,"region":"NO","year":2018},"type":"Feature"},{"geometry":{"coordinates":[[[-66.19217564971233,78.61995355048168],[-66.1892729586758,78.61955223482454],[-66.18820705383838,78.61900819821038],[-66.18713692518253,78.61846415948953],[-66.18882256674902,78.6177106325326],[-66.18959418204514,78.61702834829703],[-66.18669105172242,78.61662261420554],[-66.18562528260554,78.61608300664798],[-66.18364110913703,78.61560594085573],[-66.18165665358813,78.6151332003199],[-66.17961887054024,78.6157084548176],[-66.17793341915548,78.61646207310886],[-66.17624794116902,78.61721559703652],[-66.17278318617531,78.61706402338989],[-66.16896629892223,78.61672956234455],[-66.16585796036058,78.61676081644433],[-66.1638157507425,78.61733155206713],[-66.16452944116793,78.6176927443975],[-66.16559066558288,78.61823675239965],[-66.16482355586096,78.61891899352321],[-66.166807848956,78.61939610782599],[-66.16879235399155,78.61986883510409],[-66.17098167008284,78.61990891995295],[-66.17408965401741,78.61987770607666],[-66.17790669864556,78.62021210888275],[-66.18101485847549,78.62018092345745],[-66.18483606574088,78.62051538014308],[-66.18829623430001,78.6206669762483],[-66.19069536760587,78.62027456277497],[-66.19217564971233,78.61995355048168]]],"type":"Polygon"},"id":"00000000000000000193","properties":{"area":208274.08705831267,"elevation":997.705677907777,"region":"NO","year":2018},"type":"Feature"},{"geometry":{"coordinates":[[[-65.41779487933732,78.9171169188598],[-65.41733573755785,78.91632324811751],[-65.41403164680904,78.91573014551119],[-65.41167716977967,78.91507018134172],[-65.40932275130172,78.91441027211235],[-65.40696821016996,78.91375030883381],[-65.40461372754554,78.9130904004898],[-65.4013141753218,78.91249731514657],[-65.39682843414519,78.912403676463],[-65.39233808554017,78.91231003198315],[-65.38960901157651,78.91312605323948],[-65.38652747469521,78.91375924727618],[-65.38344636608403,78.91439685576132],[-65.38036524877973,78.91503006541988],[-65.37987937920163,78.91589512655999],[-65.38223362990423,78.91655507394164],[-65.38496251235136,78.91573902923965],[-65.38839600455167,78.91528420093658],[-65.3935910119195,78.91574349261431],[-65.39878130907043,78.91619833132259],[-65.4011355892549,78.91685832049856],[-65.39875913657471,78.91785712483508],[-65.4022996752656,78.91801764202533],[-65.4064375560511,78.91792847291032],[-65.40987122566128,78.91747809929542],[-65.41436135725792,78.9175717546015],[-65.41779487933732,78.9171169188598]]],"type":"Polygon"},"id":"00000000000000000194","properties":{"area":257810.41950099848,"elevation":829.1322465768558,"region":"NO","year":2018},"type":"Feature"},{"geometry":{"coordinates":[[[-64.91887936626244,79.12641824300509],[-64.9178272520722,79.12586979567897],[-64.91580727632487,79.12538815546704],[-64.91475470079494,79.12484411957014],[-64.91176740233747,79.12442498154132],[-64.90974712993884,79.12394341536853],[-64.90579667304844,79.1235955883946],[-64.90254134128975,79.12361340539559],[-64.89859068932078,79.12326113910022],[-64.89568753676477,79.12346181893868],[-64.89278496459201,79.12365804131744],[-64.88988194698362,79.1238586912595],[-64.88732688388802,79.12423771179735],[-64.88547182838917,79.12498237239173],[-64.88292129510523,79.12536588869268],[-64.88106615348934,79.12611054287513],[-64.88176632814711,79.12647621321956],[-64.87991132218772,79.12722088398137],[-64.88096363875702,79.12776932652801],[-64.88104415792965,79.12838471590699],[-64.88306385356512,79.1288662522506],[-64.88508388444706,79.12934788211939],[-64.88903912328885,79.12969562028857],[-64.89229442902906,79.12968230059126],[-64.89589732210379,79.12984726239462],[-64.89880450676151,79.12965102337513],[-64.90170755837629,79.12945038561618],[-64.90426238901492,79.12907137394902],[-64.9068132190892,79.12868789258162],[-64.90972041283469,79.12849167656655],[-64.91262347013199,79.12829106190424],[-64.91517386703313,79.12791199002227],[-64.91702902026411,79.1271673801259],[-64.91887936626244,79.12641824300509]]],"type":"Polygon"},"id":"00000000000000000195","properties":{"area":410049.9642326312,"elevation":631.979901115928,"region":"NO","year":2018},"type":"Feature"},{"geometry":{"coordinates":[[[-64.24547515270909,79.37458504889385],[-64.24477932914026,79.37421489764145],[-64.24507793681646,79.37378687096195],[-64.2433924482181,79.37348361059608],[-64.24269693704345,79.37311356087513],[-64.24200110711215,79.37274787962508],[-64.2406592736818,79.37262752297266],[-64.23832276876848,79.37257397452797],[-64.23633388215319,79.3727033310549],[-64.23434512916691,79.37282819293085],[-64.23270411154651,79.37314029651266],[-64.23071541921732,79.37326964558115],[-64.22941773658229,79.37376458453753],[-64.23011346399127,79.37413021561575],[-64.23080461580147,79.37449581467027],[-64.2295114299312,79.37499077767866],[-64.22920816896585,79.37542329777459],[-64.22990379535918,79.37578900077538],[-64.23258807642657,79.37602980570915],[-64.23328366309977,79.37639539006842],[-64.23527245013553,79.37627058544572],[-64.2376089395892,79.37632409468495],[-64.23959783149198,79.37619477918301],[-64.24124328965239,79.37588264113664],[-64.2428842308643,79.37557497661084],[-64.24487291084328,79.3754456223817],[-64.24517172229258,79.37501311987005],[-64.24547515270909,79.37458504889385]]],"type":"Polygon"},"id":"00000000000000000196","properties":{"area":103772.87862903134,"elevation":471.0606529741631,"region":"NO","year":2018},"type":"Feature"},{"geometry":{"coordinates":[[[-64.80632717648103,79.16319690461562],[-64.8059797324364,79.16301403479513],[-64.80562719720677,79.16283118860157],[-64.80527957984428,79.16264839404201],[-64.80492706647652,79.16246554653968],[-64.80457947083025,79.16228275068293],[-64.80422697932238,79.16209990187193],[-64.80387940539036,79.16191710471811],[-64.80255507183178,79.16180118966813],[-64.80123491575577,79.16168525553823],[-64.79991514070873,79.1615648581758],[-64.79894288546754,79.16163174812414],[-64.79797099190628,79.16169866718825],[-64.79699890487079,79.16176547361142],[-64.79602677557855,79.16182797264732],[-64.79470703164958,79.16171204062798],[-64.79373472146808,79.16177891211363],[-64.7927627729651,79.1618458127216],[-64.79179079884035,79.16190822024657],[-64.79081844872012,79.1619750812771],[-64.78984646028094,79.16204197143358],[-64.78922672921775,79.16229172491182],[-64.78860242910048,79.1625369668128],[-64.78895490492883,79.16271975682236],[-64.78930228942045,79.16290257014859],[-64.78965005987594,79.16308541544328],[-64.79000256845158,79.16326820349309],[-64.79035036063395,79.16345104748993],[-64.79070269591845,79.16363391077735],[-64.79105070498115,79.16381667692987],[-64.79237483298351,79.16393710220355],[-64.79272268063869,79.16411994256401],[-64.79307053912707,79.16430278227809],[-64.79404230810789,79.16423585050097],[-64.7946669317922,79.16398614281002],[-64.79528642654678,79.16373645713679],[-64.79591063628446,79.16349120227495],[-64.79653064914758,79.16324146857673],[-64.79750267907038,79.16317455615761],[-64.79882713673469,79.16329049447008],[-64.7997991669101,79.16322806359695],[-64.80077134880813,79.16316124882991],[-64.8017433371786,79.1630943214246],[-64.80271096030577,79.16302747994594],[-64.80403545013546,79.163147883468],[-64.80535541280548,79.1632637714674],[-64.80632717648103,79.16319690461562]]],"type":"Polygon"},"id":"00000000000000000197","properties":{"area":59355.298690045434,"elevation":600.7550642366299,"region":"NO","year":2018},"type":"Feature"},{"geometry":{"coordinates":[[[-63.16953422600493,79.78682891062796],[-63.168508638855506,79.78627598617109],[-63.167482743028536,79.78571860058992],[-63.167500803554205,79.78510772452731],[-63.168557621579616,79.78442993670109],[-63.16753192552601,79.78387696403183],[-63.16442373562406,79.78344444206384],[-63.163398096740494,79.78288710584657],[-63.16341600754603,79.782276181463],[-63.163433905299726,79.78166083295076],[-63.1603258587693,79.78122830365804],[-63.15930024023785,79.78067090988174],[-63.15687914004649,79.78060847497969],[-63.15443564499865,79.7811613934844],[-63.15441784783467,79.78177228058169],[-63.15232204423686,79.78251250090062],[-63.152304142422544,79.78312338012555],[-63.152286039582826,79.78373875174789],[-63.1522683333118,79.78435415479244],[-63.15329398715402,79.78491155514367],[-63.15431955552051,79.78546441947294],[-63.1563842093877,79.78595944020417],[-63.15844884741724,79.78644991505523],[-63.15947439065061,79.78700732652055],[-63.16049984576299,79.7875602020379],[-63.16152557968593,79.78811318142297],[-63.16465121124702,79.78793026816858],[-63.16743400671297,79.78756466303096],[-63.16953422600493,79.78682891062796]]],"type":"Polygon"},"id":"00000000000000000198","properties":{"area":171757.8506207617,"elevation":348.3307472611791,"region":"NO","year":2018},"type":"Feature"},{"geometry":{"coordinates":[[[-63.938840410491586,79.51227763303172],[-63.93849263968694,79.51209475065058],[-63.93814476256275,79.5119075447252],[-63.937801306768364,79.51172466180665],[-63.93678940538686,79.51178711320823],[-63.93578139795799,79.511849528037],[-63.93442585745282,79.51172916116536],[-63.933070340754774,79.51160878794549],[-63.93171505462552,79.51148833272579],[-63.93035920051567,79.51136791309196],[-63.928999256111105,79.51124759559123],[-63.92764344966482,79.5111271632355],[-63.926635811344674,79.51118958017466],[-63.92597162458377,79.5114348148869],[-63.92530710843858,79.51168452158592],[-63.924646950343195,79.51192982849537],[-63.92398267800949,79.51217505662117],[-63.92331807554322,79.51242475669903],[-63.92265374601022,79.51266998042311],[-63.92198947091745,79.51291970980569],[-63.92132508418558,79.51316492912851],[-63.92167284007432,79.51334775362317],[-63.923028484598426,79.5134681791655],[-63.924384152950964,79.51358859835923],[-63.92573946002412,79.51370897747957],[-63.92709976119076,79.51383381707873],[-63.92810733212163,79.51376696897094],[-63.92877180253587,79.51352165901775],[-63.92943603764759,79.51327642251705],[-63.930443833954975,79.51321399779351],[-63.93179952375238,79.51333438260995],[-63.93281169044611,79.51326755194705],[-63.93381945904968,79.51320511530685],[-63.93483150722809,79.51314267585201],[-63.93549167501483,79.51289745669467],[-63.936156018900846,79.51264772825455],[-63.9371683851194,79.51258531367192],[-63.938176059991974,79.51252286097899],[-63.938840410491586,79.51227763303172]]],"type":"Polygon"},"id":"00000000000000000199","properties":{"area":58457.21110542985,"elevation":332.7158676076903,"region":"NO","year":2018},"type":"Feature"},{"geometry":{"coordinates":[[[-65.23708089006666,79.01545349901677],[-65.23637619256722,79.01508787176596],[-65.23567172813809,79.01472216490284],[-65.23496748829331,79.0143565644208],[-65.23521692503267,79.01392845846503],[-65.23546692104482,79.01349591886836],[-65.23572081137594,79.01306343476813],[-65.23310320744116,79.01283600740433],[-65.23335326481002,79.01240346620133],[-65.23169441409631,79.01210471764858],[-65.22907671247098,79.01187283301635],[-65.22716848618025,79.01201104705788],[-65.22560794017691,79.01232764052757],[-65.22369476062147,79.01246139783831],[-65.221786370419,79.01259518614688],[-65.21987326719069,79.01272902514906],[-65.2179603013974,79.01286277350144],[-65.21675183261262,79.01336214425912],[-65.21484355845821,79.01349591424892],[-65.21554344436974,79.01386161611501],[-65.2143394569348,79.0143565200147],[-65.21408531760746,79.0147891161664],[-65.21478992551715,79.01515475220852],[-65.21549457665786,79.01552038561825],[-65.21619892026546,79.0158815975941],[-65.21881642884449,79.01611342759058],[-65.22107710179327,79.0161625050032],[-65.22334244078301,79.01621149960908],[-65.22560761084414,79.01625616591063],[-65.22752061130313,79.01612233884137],[-65.22943374058951,79.01598860711209],[-65.23134197435236,79.01585481718683],[-65.23360741294368,79.01590383647958],[-65.23587249757993,79.01594841842893],[-65.23708089006666,79.01545349901677]]],"type":"Polygon"},"id":"0000000000000000019a","properties":{"area":168097.8306412208,"elevation":710.9055635961179,"region":"NO","year":2018},"type":"Feature"},{"geometry":{"coordinates":[[[-64.63975739883317,79.24536920945378],[-64.63905731696248,79.24500354557604],[-64.63835765653006,79.24463791190259],[-64.63863822000914,79.24420537181092],[-64.63793824572608,79.24383970221196],[-64.63625723126336,79.24354094041003],[-64.634580704575,79.2432377810814],[-64.63191839430341,79.24300586155192],[-64.62960878502486,79.24295237610153],[-64.62765117139163,79.24308167723856],[-64.6256893177715,79.24321097440941],[-64.62442746939115,79.24371040394243],[-64.62281758960778,79.24402259615631],[-64.62120781680755,79.2443347014944],[-64.61994565201066,79.24483410448624],[-64.61833187370266,79.24514623298181],[-64.61672199494033,79.24545841736837],[-64.61545994022077,79.24595334054862],[-64.61616012151283,79.24632342259035],[-64.6158791078792,79.24675147439928],[-64.61657463799108,79.24711712067543],[-64.61727477805059,79.2474827872909],[-64.61895574840618,79.24778603008785],[-64.62063684589752,79.24808477655336],[-64.62294672222157,79.24813827328379],[-64.62490905157001,79.24800897256735],[-64.62686623111452,79.24787519251277],[-64.62882845368914,79.24774586367654],[-64.63113805211087,79.24779936949383],[-64.6330999953803,79.24767008680728],[-64.6350623048888,79.24753633679241],[-64.63667207343245,79.24722416084519],[-64.63863383251201,79.24709483805084],[-64.63793404952395,79.24672920903112],[-64.63821466540996,79.24629667723855],[-64.6384956407956,79.24586417630343],[-64.63975739883317,79.24536920945378]]],"type":"Polygon"},"id":"0000000000000000019b","properties":{"area":200720.59022656796,"elevation":516.3374291954475,"region":"NO","year":2018},"type":"Feature"},{"geometry":{"coordinates":[[[-64.54674537869784,79.29112848111099],[-64.54534499485415,79.29039277906087],[-64.54591582289434,79.2895321050478],[-64.54254921330792,79.28893015095274],[-64.54114890719363,79.28819886900688],[-64.53778231376793,79.28759689828385],[-64.53441603956558,79.2869948863582],[-64.529778257243,79.28688784399664],[-64.52514106046215,79.28678086798953],[-64.52120360925748,79.28703948846669],[-64.51726154166477,79.28729813707113],[-64.5136721104541,79.28774400431872],[-64.51437207751646,79.28810972239853],[-64.5128115179322,79.2890371831802],[-64.51322173585376,79.28983086177229],[-64.51462169339146,79.29056666107097],[-64.51503210226683,79.29136032792405],[-64.51642777979772,79.29209608590652],[-64.51880892792433,79.29276054634065],[-64.52119465919328,79.2934293839975],[-64.52259047025183,79.29416066165916],[-64.523990582936,79.2948964045692],[-64.52758012486994,79.29445049651997],[-64.53117387005636,79.29400904816075],[-64.53581159486329,79.29411610841245],[-64.53940561016259,79.29367461764191],[-64.5419474144392,79.2926802498744],[-64.54483687695574,79.29187317732712],[-64.54674537869784,79.29112848111099]]],"type":"Polygon"},"id":"0000000000000000019c","properties":{"area":425455.156259056,"elevation":463.84812565932106,"region":"NO","year":2018},"type":"Feature"},{"geometry":{"coordinates":[[[-64.37358933075454,79.353943828592],[-64.37249263715609,79.35278003217091],[-64.36841238456407,79.35180794460295],[-64.3610683126877,79.3514601224564],[-64.35476746928538,79.35166526387214],[-64.34847123527284,79.35186591915264],[-64.34390950327078,79.35298514178648],[-64.3436687895759,79.35403301450343],[-64.33980305409693,79.35551790194947],[-64.33594132289532,79.35700277370894],[-64.33137513685904,79.35812199995942],[-64.32681341490293,79.35924123169],[-64.32750896581521,79.35961136642872],[-64.32562738123895,79.36096692054335],[-64.32573004285793,79.3621932011655],[-64.32782108396181,79.36329454673873],[-64.33289104175367,79.3642042420239],[-64.33884864577725,79.36381629201708],[-64.3437625231695,79.3628798850233],[-64.3490242890601,79.36212626772229],[-64.35289021901721,79.36064138552345],[-64.35278315619443,79.35941073055572],[-64.35168191138287,79.35824686496123],[-64.35256922218352,79.35695378802177],[-64.3564309433076,79.35546887675305],[-64.36273146077818,79.35526370262899],[-64.36764092221703,79.35432736430941],[-64.37358933075454,79.353943828592]]],"type":"Polygon"},"id":"0000000000000000019d","properties":{"area":614027.2949446818,"elevation":438.36890700136615,"region":"NO","year":2018},"type":"Feature"},{"geometry":{"coordinates":[[[-64.21338271821145,79.41841801197107],[-64.21268732730678,79.41805232717441],[-64.21099262326857,79.41774913619463],[-64.2092982046432,79.41744585894646],[-64.20760404735387,79.41714268065228],[-64.20690832495312,79.41677702185837],[-64.20491064451139,79.41690637048961],[-64.20290847023561,79.41703119617836],[-64.20056291316446,79.41697767944666],[-64.19891322043122,79.41728985496417],[-64.19691552251379,79.41741466756027],[-64.1952656563454,79.4177268199747],[-64.1939633959425,79.41822180456276],[-64.19266160972712,79.41871673800259],[-64.1933570365509,79.41908242368427],[-64.19505137977431,79.41938560512145],[-64.19774485524404,79.41962637459295],[-64.19844049185615,79.41999204628416],[-64.19913597391286,79.42036219386252],[-64.20183360278753,79.42059848528692],[-64.20417931120507,79.4206564391283],[-64.20652463900741,79.42070993790156],[-64.20887016142348,79.42076792935389],[-64.21017218289708,79.42027299478012],[-64.21147429603145,79.41977797566742],[-64.21077886437659,79.41940788768909],[-64.21208065585343,79.4189129374571],[-64.21338271821145,79.41841801197107]]],"type":"Polygon"},"id":"0000000000000000019e","properties":{"area":120992.83228799296,"elevation":401.35490079952615,"region":"NO","year":2018},"type":"Feature"},{"geometry":{"coordinates":[[[-63.86687059067602,79.55147310609706],[-63.86447149893031,79.55079978610722],[-63.86105599762494,79.55018889063926],[-63.857644816878974,79.54958242815002],[-63.854233496984676,79.54897156900451],[-63.85183442697856,79.54829822013238],[-63.84740658543864,79.54774973202592],[-63.84197100111922,79.54726814426476],[-63.83722211823476,79.54714776398245],[-63.83351644036733,79.54758479640516],[-63.83084116015792,79.54857021157444],[-63.82816990342197,79.54955570310828],[-63.82886118332329,79.54992581151205],[-63.82821451177192,79.55078639861841],[-63.8265559205278,79.55170947990682],[-63.82590938116297,79.55257008118124],[-63.82729616694724,79.55331025704665],[-63.83070720791814,79.55391668581929],[-63.83614732405937,79.55440274414505],[-63.84159193038279,79.55488877842077],[-63.84703181334306,79.55537482574911],[-63.8504476556667,79.55598121493612],[-63.8548534735958,79.55591436386455],[-63.857524390337396,79.5549289273725],[-63.86019523168655,79.55394348929107],[-63.86286632128236,79.55295357720797],[-63.86588072062057,79.5521508576533],[-63.86687059067602,79.55147310609706]]],"type":"Polygon"},"id":"0000000000000000019f","properties":{"area":516145.4530937435,"elevation":281.4463683287814,"region":"NO","year":2018},"type":"Feature"},{"geometry":{"coordinates":[[[-60.00387561050652,80.81363948188492],[-60.003558810234274,80.81344770754727],[-60.0020650439798,80.81330951226838],[-60.000571310676975,80.81317579400175],[-59.999077454946004,80.81303747485418],[-59.998765628920715,80.81285024066432],[-59.99844868705334,80.8126585319933],[-59.99813201462063,80.81247123503552],[-59.99781535422789,80.81228393748883],[-59.99632182413661,80.8121457154712],[-59.99514450387503,80.81219474864193],[-59.99396716282685,80.81224826138792],[-59.992790238900774,80.8122973246083],[-59.99192942812784,80.81253364787766],[-59.99106454736181,80.8127744676653],[-59.99020365492836,80.81301078503293],[-59.98902686999287,80.8130642462485],[-59.987849555258286,80.81311336242575],[-59.98698453383153,80.81334968575094],[-59.98612374518795,80.81359040282638],[-59.9864362194199,80.81377772426671],[-59.987929885653685,80.81391598967546],[-59.98824642495191,80.81410329341671],[-59.98856281383158,80.81429048636429],[-59.99005657976003,80.81442874181336],[-59.99155038258137,80.81456699042725],[-59.991862562015214,80.81475426682746],[-59.992179192666754,80.81494604943967],[-59.99367310266447,80.81507980435272],[-59.995167042051065,80.81521803618895],[-59.99666059356057,80.81535622254131],[-59.99815434452067,80.81549451226078],[-59.99964839458136,80.81563272359152],[-60.00114179454601,80.81577096099939],[-60.00231948808668,80.81571742564816],[-60.002002642209966,80.81553013714375],[-60.00050858187522,80.8153919363538],[-60.00019691333131,80.81520463570965],[-60.001057048445574,80.81496832965124],[-60.00074093759849,80.81478100588123],[-60.00042389358926,80.81458930220418],[-60.00128910654464,80.81435298396383],[-60.00214983541276,80.81411215605219],[-60.00301496646872,80.81387583188652],[-60.00387561050652,80.81363948188492]]],"type":"Polygon"},"id":"000000000000000001a0","properties":{"area":65700.30763756865,"elevation":205.66096372495937,"region":"NO","year":2018},"type":"Feature"},{"geometry":{"coordinates":[[[-65.00316980092418,79.15081842879121],[-65.0024653538239,79.15045280072758],[-65.00176057542775,79.15008713770384],[-65.0000843710378,79.14978836174498],[-64.99937970389482,79.14942269136293],[-64.99867516982135,79.14906150884337],[-64.99603076334024,79.14882966251027],[-64.99435428994376,79.14853089527253],[-64.9930342405088,79.14841051098456],[-64.99074249243368,79.14836143696749],[-64.98880259976771,79.14849521620586],[-64.98686302845388,79.14862901390298],[-64.98421866966585,79.14839713337803],[-64.9826355255252,79.14871371812706],[-64.98140077068355,79.14920868539171],[-64.98210510070936,79.14957432181407],[-64.98280947452082,79.14993995560974],[-64.98448610963239,79.15023871152651],[-64.98713031790895,79.1504706327679],[-64.98977480421378,79.15070245240467],[-64.99171446728525,79.15056871523493],[-64.99400626429797,79.15061775053918],[-64.99594178201392,79.15048848969205],[-64.99823355423246,79.15053749031524],[-65.00087780371749,79.15076935934944],[-65.00316980092418,79.15081842879121]]],"type":"Polygon"},"id":"000000000000000001a1","properties":{"area":79291.42954773661,"elevation":561.5000902119983,"region":"NO","year":2018},"type":"Feature"},{"geometry":{"coordinates":[[[-60.04045374569674,80.81811643662283],[-60.039820337624306,80.81774190786534],[-60.03746563799464,80.81784443291889],[-60.034790450084174,80.8177552233489],[-60.03243583769431,80.81785782221415],[-60.030393725421696,80.81814760211277],[-60.02803937541314,80.81824572340597],[-60.02599720752106,80.81853558424804],[-60.02427158023812,80.81901272753458],[-60.022550237227534,80.81948988160563],[-60.02082454351638,80.81996692965829],[-60.01909884831845,80.82044407605322],[-60.01737298870582,80.82092121060477],[-60.01565210149424,80.82139832309556],[-60.01329319781181,80.82150087002785],[-60.01156729944692,80.82197800616795],[-60.009841661739124,80.82245516909367],[-60.01165207116575,80.8227806901051],[-60.01464437802909,80.8230526446924],[-60.0176318595604,80.82332917577037],[-60.01999069791987,80.82322656222237],[-60.02203314024769,80.82294116208624],[-60.02375840747344,80.82246404545072],[-60.02611754539422,80.82236153476623],[-60.028155326040356,80.82207169691665],[-60.03019769553513,80.8217817961175],[-60.032239690389375,80.82149643648644],[-60.03427752810792,80.82120659548833],[-60.036003435103254,80.82072944752949],[-60.035369995997605,80.82035043572279],[-60.03709570864763,80.81987327742924],[-60.03763964980603,80.81944971570003],[-60.03818379660835,80.81902159596447],[-60.039909314584825,80.81854452571793],[-60.04045374569674,80.81811643662283]]],"type":"Polygon"},"id":"000000000000000001a2","properties":{"area":151790.36592130136,"elevation":209.36472223531078,"region":"NO","year":2018},"type":"Feature"},{"geometry":{"coordinates":[[[-64.3575498987051,79.41409268480056],[-64.35719761810373,79.41390982265443],[-64.35684998291332,79.41372698733174],[-64.35649752257977,79.41354419992368],[-64.35515117067487,79.41342382633962],[-64.3537996857727,79.41330786490008],[-64.35245338001693,79.41318747866684],[-64.35110671504928,79.413067052948],[-64.3501078196235,79.41313397763986],[-64.34910905170855,79.41319641959129],[-64.34811033077945,79.41326326106149],[-64.34711578751903,79.41332569029565],[-64.34611697944108,79.4133881215019],[-64.34547030416192,79.41363782882253],[-64.344471456444,79.41370025391178],[-64.34347245176227,79.41376715452421],[-64.34382472686201,79.41394995655664],[-64.34417276128815,79.41413276343154],[-64.34352638489439,79.41438249750266],[-64.3438784788279,79.41456537466082],[-64.34422615153403,79.41474814744778],[-64.34457847010967,79.41493094727025],[-64.3459249269778,79.41505136952269],[-64.34627728066992,79.41523416698213],[-64.34662519101421,79.41541704535113],[-64.34762392675971,79.41535010215243],[-64.34862288943866,79.41528766760067],[-64.3496216366256,79.41522530549884],[-64.35061607881039,79.41515835711944],[-64.35161479911497,79.41509598785989],[-64.35261384844428,79.41502905989316],[-64.35396037164169,79.41514944469577],[-64.35495920370069,79.41508258454641],[-64.35560597789357,79.4148373703669],[-64.35625248074207,79.41458764178769],[-64.35690345159004,79.41434241766613],[-64.3575498987051,79.41409268480056]]],"type":"Polygon"},"id":"000000000000000001a3","properties":{"area":50300.39095117346,"elevation":379.3445348425893,"region":"NO","year":2018},"type":"Feature"},{"geometry":{"coordinates":[[[-63.85806379872028,79.60308271749163],[-63.85771593767138,79.60289542672827],[-63.857368152364266,79.6027126395988],[-63.85702037836444,79.60252985182657],[-63.856672824507335,79.60234698788376],[-63.85632500943699,79.60215969451743],[-63.85597688152115,79.60197687100342],[-63.85562915290167,79.60179408065363],[-63.85528143558681,79.6016112896612],[-63.85493366649413,79.60142399369164],[-63.85458558398084,79.6012411675983],[-63.85423810956492,79.60105829914426],[-63.85388572287547,79.60087546957949],[-63.853537790995325,79.60068824652865],[-63.85217328538813,79.60056781827386],[-63.850804477357286,79.60044738141018],[-63.849787785923404,79.6005098490004],[-63.848766366174644,79.60057227686222],[-63.8477498562745,79.60063466161183],[-63.84672879705124,79.60069711594251],[-63.84571205095506,79.6007595688981],[-63.84605986398568,79.60094680053128],[-63.84640780796001,79.6011296365204],[-63.845734248222385,79.6013748881671],[-63.84506564259815,79.60162460251131],[-63.84541320605178,79.60180740483449],[-63.845761168770224,79.60199024033619],[-63.846109142803556,79.60217307519459],[-63.84645679998627,79.60236037987228],[-63.84680440880856,79.60254317961868],[-63.847152416925894,79.6027260125416],[-63.8475000483607,79.60290881100265],[-63.847848139518845,79.60309614689604],[-63.848195793718425,79.6032789440653],[-63.84956453921343,79.6033993581503],[-63.85092919008582,79.60351968806157],[-63.85127696666291,79.60370698545388],[-63.85162487203285,79.60388988729318],[-63.852993924902925,79.60401020965764],[-63.85401068965715,79.60394780981483],[-63.85503176869529,79.60388540849618],[-63.856052834019195,79.60382300349718],[-63.85672189848275,79.60357322625785],[-63.85739472851655,79.6033279949137],[-63.85806379872028,79.60308271749163]]],"type":"Polygon"},"id":"000000000000000001a4","properties":{"area":63899.358674203686,"elevation":241.40396358387915,"region":"NO","year":2018},"type":"Feature"},{"geometry":{"coordinates":[[[-64.4852095116038,79.32753260952727],[-64.4845095571584,79.32716698705325],[-64.48380926707107,79.32680132897464],[-64.48409944797757,79.32636874018064],[-64.48438931569974,79.32594070838473],[-64.48269921995683,79.32563752440633],[-64.48199908234282,79.32527185801476],[-64.4812989890099,79.3249061890223],[-64.47862359363239,79.32466984851047],[-64.47629612625136,79.32461632830267],[-64.47397268382025,79.32456285764502],[-64.47164523023322,79.32450929941437],[-64.46931758365129,79.32445579834722],[-64.46768978512648,79.32476790525395],[-64.46571437091778,79.32489725425793],[-64.46373468483014,79.32502659656302],[-64.46245468166121,79.32552156161435],[-64.46047963667415,79.32565082910261],[-64.45919980138083,79.32614580874011],[-64.45791985731647,79.32664077993839],[-64.4586200537312,79.32701086119954],[-64.45932019894666,79.32737653335558],[-64.46001578931009,79.32774217727678],[-64.4607156430583,79.32810781120601],[-64.46240583593665,79.3284110426739],[-64.46508132591508,79.3286473896883],[-64.46775690553063,79.32888371158231],[-64.47043659441198,79.3291200769893],[-64.47241205507596,79.32899074651178],[-64.47439168153534,79.32886139426354],[-64.47671961766302,79.3289148999134],[-64.47869934138407,79.3287856263583],[-64.48032695871456,79.32847343515621],[-64.48195466387024,79.32816134250712],[-64.48322972301527,79.32766189851189],[-64.4852095116038,79.32753260952727]]],"type":"Polygon"},"id":"000000000000000001a5","properties":{"area":206157.71682415623,"elevation":435.32697070999245,"region":"NO","year":2018},"type":"Feature"},{"geometry":{"coordinates":[[[-64.69986630785904,79.25538877741027],[-64.69916613201275,79.25502310491184],[-64.69649981401503,79.25478679812872],[-64.69579957776078,79.25442119264297],[-64.69509958270353,79.2540555081436],[-64.69243294406476,79.25382369231252],[-64.68977079951938,79.25358727801832],[-64.68808977757813,79.25328858374998],[-64.68675631311623,79.2531681817769],[-64.68444653883931,79.25311912227892],[-64.68283273211529,79.25343124225932],[-64.68087048658718,79.25356056844866],[-64.67891292865734,79.25369431205262],[-64.67961300476954,79.25405999123934],[-64.67933191879153,79.25448807984904],[-64.68003682417039,79.2548537014466],[-64.68073662993298,79.25521934215946],[-64.6814368576009,79.25558501301973],[-64.68116055489352,79.25601752956268],[-64.68284143235405,79.25632071276397],[-64.68354179241689,79.25668637579084],[-64.6842458124469,79.25705206897688],[-64.68656017281867,79.25710108925641],[-64.68852233253284,79.25697177389165],[-64.69083225978386,79.25702533230732],[-64.69279435681334,79.25689150089855],[-64.69440831420329,79.25657933399174],[-64.69566592876463,79.25607999540566],[-64.69762777272564,79.2559506139524],[-64.69923744703011,79.25563853568711],[-64.69986630785904,79.25538877741027]]],"type":"Polygon"},"id":"000000000000000001a6","properties":{"area":120976.06679570982,"elevation":476.4824478737192,"region":"NO","year":2018},"type":"Feature"},{"geometry":{"coordinates":[[[-64.0575148099932,79.50401044353443],[-64.05677897570865,79.50302946350457],[-64.0530245355184,79.50224017850482],[-64.05430438736555,79.50112981364133],[-64.05558847305558,79.50001953957288],[-64.05485739712182,79.49903852267822],[-64.05110284753088,79.49824924452786],[-64.04606396498305,79.49856584997931],[-64.04172089923775,79.4992481709989],[-64.0373776115874,79.49993485253185],[-64.03233449432638,79.50025141778319],[-64.02694777043787,79.50038519322075],[-64.02225673594653,79.50088463660326],[-64.01721372604655,79.50120121565894],[-64.01252239186428,79.50170063575095],[-64.00921847241128,79.50293576984276],[-64.00858964168248,79.50379642990066],[-64.00932108392384,79.5047818697009],[-64.01105568251528,79.50570043719095],[-64.01714199175528,79.50593233461554],[-64.02392449743537,79.50653432915375],[-64.02931554377318,79.50640047307438],[-64.03401090519903,79.50590107431573],[-64.03974977683073,79.50595461550864],[-64.04513639965863,79.505820788836],[-64.05087513905244,79.50586989442218],[-64.05522313842263,79.50518316852029],[-64.0575148099932,79.50401044353443]]],"type":"Polygon"},"id":"000000000000000001a7","properties":{"area":593182.0878838402,"elevation":300.8742280156857,"region":"NO","year":2018},"type":"Feature"},{"geometry":{"coordinates":[[[-63.22148253357912,79.80611451260324],[-63.22080911149421,79.80512907377602],[-63.218048967687864,79.80426844370291],[-63.21633207550404,79.80334096804208],[-63.214615510940845,79.80241789658704],[-63.21289901727229,79.80149488410677],[-63.210138535416924,79.80063428153927],[-63.20633961551022,79.79983164839894],[-63.20358378840122,79.79896660907578],[-63.19874088710921,79.79822638828279],[-63.19598521230644,79.79736580658926],[-63.198437822703724,79.79619750125396],[-63.19985568329823,79.79509164988939],[-63.19465644518435,79.79477952507467],[-63.19013058774306,79.79545280188626],[-63.190113036560604,79.79606816616342],[-63.189742616512675,79.79711161531948],[-63.19041158429979,79.79809707294018],[-63.19212819907443,79.79902007006852],[-63.193840474322485,79.79994311375076],[-63.195552850219386,79.80087063665006],[-63.19726950071136,79.80179370113967],[-63.20002540454629,79.8026542494121],[-63.201742090774474,79.80357731715654],[-63.20554124888008,79.80437991870933],[-63.210388205988174,79.8051201832308],[-63.21314828861449,79.80598522158505],[-63.21730901373245,79.80635529915855],[-63.22148253357912,79.80611451260324]]],"type":"Polygon"},"id":"000000000000000001a8","properties":{"area":282335.464213008,"elevation":319.65907593743134,"region":"NO","year":2018},"type":"Feature"},{"geometry":{"coordinates":[[[-62.995686965785765,79.88644518832795],[-62.99221356390584,79.88582540390492],[-62.98663513255154,79.88532597206701],[-62.98526600261732,79.88458582868456],[-62.97968758473537,79.88408638056582],[-62.974109428527775,79.88358248651642],[-62.9706403453383,79.88296265552461],[-62.96506171812611,79.88246327240451],[-62.96016606052321,79.8823339254687],[-62.95595649110117,79.88257477744011],[-62.9514036561895,79.88262825435041],[-62.94787186234978,79.8832391628815],[-62.94434511570659,79.88385003598994],[-62.94502690652937,79.8842201678275],[-62.94428254240546,79.88508071116495],[-62.94564700976294,79.88581650929112],[-62.94912047254563,79.88644078676938],[-62.95153756669776,79.88711861232483],[-62.95501139214067,79.8877383664521],[-62.960589388563015,79.88823775544977],[-62.96616777105962,79.88873722469957],[-62.970381649525876,79.88850087812341],[-62.975282231609526,79.88863016455194],[-62.97983490217495,79.88857218967003],[-62.98439205270262,79.88851868673534],[-62.98758042611429,79.8877249939979],[-62.991789999915376,79.88748419570545],[-62.995660293935444,79.88705612661501],[-62.995686965785765,79.88644518832795]]],"type":"Polygon"},"id":"000000000000000001a9","properties":{"area":459078.3711843056,"elevation":387.63811029509134,"region":"NO","year":2018},"type":"Feature"},{"geometry":{"coordinates":[[[-64.56230313151364,79.313192105105],[-64.56125086789343,79.31264365935587],[-64.56020298269087,79.31209071532936],[-64.55915053914624,79.31154222493694],[-64.55809799623711,79.31099380494302],[-64.55606035279753,79.31051221169557],[-64.55303237792609,79.31009303719034],[-64.55000918839629,79.30967385417794],[-64.54599589105206,79.30931715813459],[-64.54233983124765,79.30914769570379],[-64.53937870711319,79.3093394218146],[-64.53606570333916,79.30935287674005],[-64.53345708547408,79.3097318443178],[-64.53049628184553,79.30992802423462],[-64.52858788951002,79.31066824047655],[-64.52667496321276,79.31141292976444],[-64.52476179268376,79.31215760011376],[-64.52511416251934,79.31234039812341],[-64.52616213433426,79.3128889245905],[-64.52721453929895,79.31344184389636],[-64.5312276561464,79.3137941074549],[-64.53488831984689,79.31396801394351],[-64.53784944354892,79.31377184334964],[-64.54151000777762,79.31394125762142],[-64.5448234005748,79.31393234971625],[-64.54848422818375,79.31410178359194],[-64.55144944436765,79.31390557026616],[-64.5544103255002,79.31370933383016],[-64.55737119806118,79.31351765813372],[-64.56067977402213,79.3135042418056],[-64.56230313151364,79.313192105105]]],"type":"Polygon"},"id":"000000000000000001aa","properties":{"area":297682.68121635815,"elevation":427.1998928252452,"region":"NO","year":2018},"type":"Feature"},{"geometry":{"coordinates":[[[-64.37676002480937,79.38957652938385],[-64.37641192600628,79.38939369255257],[-64.37605959583513,79.38921086109971],[-64.37670620790061,79.38896118768963],[-64.37635851166915,79.38877838309537],[-64.3760062025169,79.38859555073924],[-64.37565852849235,79.38841274485117],[-64.37431173619719,79.38829226214989],[-64.37395927161053,79.38810950285128],[-64.3736116435788,79.38792669397907],[-64.37226510227082,79.38780631076217],[-64.37127085565393,79.38787316474782],[-64.37027614651528,79.38793557792967],[-64.36892949149986,79.3878196593008],[-64.3679351499501,79.38788209744449],[-64.36694079521487,79.38794453202574],[-64.36594649252991,79.3880113671173],[-64.36495211105434,79.38807379456922],[-64.36360547391833,79.387957851118],[-64.36261107831203,79.38802027038317],[-64.36196436937894,79.38827002160583],[-64.36131777073973,79.38851529057212],[-64.36067120798751,79.38876496144854],[-64.3600291786108,79.3890102535322],[-64.36037708632543,79.38919751347828],[-64.36072494204477,79.38938036875501],[-64.36107725331216,79.38956314152396],[-64.36242368054901,79.38967906309485],[-64.36376613179017,79.38979949740528],[-64.36511246728404,79.38991988640923],[-64.36645934392669,79.39003582217445],[-64.36780148249518,79.3901562044215],[-64.36914826897262,79.39027660761269],[-64.37014235403971,79.39020973044757],[-64.37114149897522,79.39014731406486],[-64.37248361451853,79.39026327048778],[-64.3738300634916,79.39038361863797],[-64.37482456905661,79.39032116225064],[-64.37547126716359,79.39007149446529],[-64.37611762479439,79.38982619541697],[-64.37676002480937,79.38957652938385]]],"type":"Polygon"},"id":"000000000000000001ab","properties":{"area":69332.9713111068,"elevation":405.66161642012594,"region":"NO","year":2018},"type":"Feature"},{"geometry":{"coordinates":[[[-64.56462159892571,79.322525026261],[-64.56257940692764,79.32203901841959],[-64.56054179146399,79.32155290966571],[-64.55652411437663,79.32120067125138],[-64.55321103080742,79.32121401374648],[-64.54989758157349,79.32122298683365],[-64.54658039036528,79.32123636961143],[-64.54326737820647,79.32124970483729],[-64.53995400405972,79.32125867066654],[-64.53698876653648,79.32145482830921],[-64.53402780363501,79.32165105468599],[-64.53176269633425,79.32221290726316],[-64.52914946143329,79.32258742432754],[-64.5265367248039,79.32296646405537],[-64.52688889457507,79.32314928863285],[-64.52596122192443,79.32383153057205],[-64.5270136069172,79.32438000921515],[-64.52905140121341,79.32486155464558],[-64.53109367648794,79.32534766805438],[-64.53511138198641,79.3256998981997],[-64.53842471704888,79.32569097391357],[-64.54138963854474,79.3254947915635],[-64.54505504617102,79.32566426321156],[-64.54802068692658,79.32547248331701],[-64.55098587815391,79.32527634106329],[-64.55395114667868,79.32508009064281],[-64.55621193114816,79.32451822218012],[-64.55917699622076,79.32432650643037],[-64.5617902474641,79.32394748280586],[-64.56369843856221,79.32320282761462],[-64.56462159892571,79.322525026261]]],"type":"Polygon"},"id":"000000000000000001ac","properties":{"area":294057.93015137094,"elevation":418.61853089495105,"region":"NO","year":2018},"type":"Feature"},{"geometry":{"coordinates":[[[-63.909816093365684,79.5718200130701],[-63.90978959839308,79.57120460916214],[-63.90671277481875,79.57077657424293],[-63.90262344282905,79.57041539401474],[-63.90056776536528,79.56992935201352],[-63.89850786250884,79.56943878724383],[-63.896447712631854,79.56894835788667],[-63.892358842787026,79.56858718353868],[-63.88826980303463,79.56822591797436],[-63.88487640798784,79.56823041713223],[-63.88183097303587,79.5684176770589],[-63.87913285449871,79.56879225458805],[-63.87712652033517,79.56953244594901],[-63.87782226187042,79.56989812805752],[-63.87581565523308,79.57063830186198],[-63.87685912142035,79.5711912577845],[-63.8768858161145,79.57180663917056],[-63.87894137953909,79.57229268668185],[-63.88065358162201,79.57260035479868],[-63.88404693777944,79.57259588648918],[-63.887792595383814,79.57277424343292],[-63.890838361304816,79.57258246977668],[-63.89423159157537,79.57257806705728],[-63.89797709696784,79.57275636877048],[-63.901718239363525,79.57293920210758],[-63.904768382096094,79.57274750137084],[-63.907466062116605,79.57237735495815],[-63.909816093365684,79.5718200130701]]],"type":"Polygon"},"id":"000000000000000001ad","properties":{"area":242438.82125121471,"elevation":265.47831445158795,"region":"NO","year":2018},"type":"Feature"},{"geometry":{"coordinates":[[[-63.580373066827995,79.68958039567516],[-63.576244036530575,79.68921029795155],[-63.57281083274833,79.68921471399184],[-63.5704161555188,79.68976763431863],[-63.56767370861919,79.69013781411418],[-63.56493127870384,79.69050789087167],[-63.56218904384482,79.69087797401926],[-63.559442036718124,79.69124809786385],[-63.557391011976584,79.69198385938039],[-63.55464891253342,79.6923539324587],[-63.55121510018795,79.69235841849111],[-63.549159727558916,79.69309417301082],[-63.546417219564624,79.69346427211661],[-63.546421539891355,79.69407964052097],[-63.54643083537728,79.694694971596],[-63.54746489602098,79.69524791108351],[-63.5495341747947,79.69573841568501],[-63.55125537093149,79.69604610931496],[-63.55330678339078,79.69530585396802],[-63.55605321769485,79.6949357452507],[-63.55948711668404,79.69493574784103],[-63.56327254157059,79.69511858291423],[-63.566362787714496,79.6949312617917],[-63.56841386379756,79.69419556532132],[-63.57046510518594,79.69345538242023],[-63.572516289099774,79.69271510379143],[-63.57525872917458,79.69234503981028],[-63.577309737534435,79.69160925229511],[-63.57730117621491,79.69099391748783],[-63.5793520302846,79.69025371421438],[-63.580373066827995,79.68958039567516]]],"type":"Polygon"},"id":"000000000000000001ae","properties":{"area":232484.90070832468,"elevation":246.63245502952267,"region":"NO","year":2018},"type":"Feature"},{"geometry":{"coordinates":[[[-60.21732798712848,80.81734501711546],[-60.21700733960296,80.81715774324793],[-60.21551324866422,80.81701950433107],[-60.21401517375675,80.81688127692381],[-60.212516800349064,80.81674748831153],[-60.21101879870184,80.81660924717119],[-60.20984132402186,80.8166582809362],[-60.20866434918305,80.81671183280851],[-60.20748684611435,80.81676085797632],[-60.206630972448544,80.81700165202149],[-60.20577470990671,80.81723803085085],[-60.204597473055784,80.81729145737854],[-60.20342003929904,80.81734057743294],[-60.20224319852867,80.8173940337405],[-60.20106573636714,80.81744314519904],[-60.20020964489454,80.81768392011665],[-60.199349406603794,80.81792022629128],[-60.19849297236323,80.81816106705082],[-60.19763675772672,80.81840183315478],[-60.19795778818534,80.81858908921326],[-60.198274548338404,80.81877643453555],[-60.19859560314647,80.81896368940406],[-60.199772912847514,80.8189101760463],[-60.200949867114275,80.81886110392756],[-60.20244835788518,80.8189993172132],[-60.203625382167516,80.81894586169369],[-60.20448141073695,80.81870945463805],[-60.205658811960866,80.81865602988003],[-60.20715689748207,80.81879418365962],[-60.20833428850515,80.81874074931761],[-60.209511588548494,80.81869168451925],[-60.21068844909444,80.81864257705304],[-60.21186579626559,80.81858912980984],[-60.213043053969336,80.81854005212348],[-60.214219946175746,80.81848655790922],[-60.215397601038816,80.81843750999701],[-60.216253368348625,80.81819669596253],[-60.21711431961871,80.8179603496008],[-60.21679287653547,80.81776862591452],[-60.21647222394888,80.81758135225323],[-60.21732798712848,80.81734501711546]]],"type":"Polygon"},"id":"000000000000000001af","properties":{"area":56638.196239297344,"elevation":101.0443591518278,"region":"NO","year":2018},"type":"Feature"},{"geometry":{"coordinates":[[[-65.68145263513561,78.94707318696307],[-65.68073918551863,78.94671202801644],[-65.68097124551961,78.94627943792862],[-65.68120310569911,78.94584692337523],[-65.68143495183205,78.94541440700651],[-65.68071679881946,78.9450532072582],[-65.6800035416038,78.94468757379154],[-65.679289915164,78.94432637375574],[-65.67857193496218,78.94396069841746],[-65.6759635968274,78.94373778058299],[-65.67335501126921,78.94351033909226],[-65.67110313668118,78.94346581184921],[-65.66956935455492,78.94378234436016],[-65.66803081385004,78.94410340661763],[-65.66874411362598,78.94446463447646],[-65.66756690631689,78.94496848144757],[-65.66733497879918,78.94539654865206],[-65.66804848082005,78.94576216500327],[-65.66876188723835,78.94612338855273],[-65.66947547594889,78.94648899955806],[-65.67019340960898,78.94685022300602],[-65.67280194985953,78.94707762952105],[-65.67446502008318,78.94737195200211],[-65.67612871998364,78.94766621829334],[-65.67801908161533,78.94753244599761],[-65.67991424502102,78.94739422933957],[-65.68145263513561,78.94707318696307]]],"type":"Polygon"},"id":"000000000000000001b0","properties":{"area":100133.74817173132,"elevation":643.0006088825216,"region":"NO","year":2018},"type":"Feature"},{"geometry":{"coordinates":[[[-65.47410437631876,79.02106303272193],[-65.47339530341634,79.02070185070825],[-65.47268191791584,79.0203361932169],[-65.47101427372489,79.02004188129196],[-65.4683878545976,79.01981450261283],[-65.4664794331596,79.0199482424676],[-65.4645706528208,79.02008651011947],[-65.462658026726,79.02022024575264],[-65.46074963044079,79.02035405363972],[-65.45919756014123,79.02067506464269],[-65.45728493618327,79.02080887034447],[-65.45608985318944,79.02130829156906],[-65.45453335324457,79.02162490820167],[-65.45298167537878,79.02194594241429],[-65.4517821946549,79.0224453614354],[-65.45249580639391,79.02280655405444],[-65.45225045811577,79.02323912328906],[-65.45296364006728,79.02360474507569],[-65.45523380605364,79.02364929630882],[-65.45749875347401,79.02369394265544],[-65.45976377188443,79.0237429574764],[-65.46167674592458,79.0236047534569],[-65.4635856359571,79.02347094574638],[-65.46585499881972,79.02351553231583],[-65.46740672668348,79.02319892488133],[-65.46931974172371,79.02306516211938],[-65.47158528408183,79.02310975619935],[-65.47385026851087,79.02315437720156],[-65.473136597202,79.02279319143206],[-65.4733819178306,79.02236066095136],[-65.47266842575192,79.0219950077905],[-65.47290928110863,79.02156246633061],[-65.47410437631876,79.02106303272193]]],"type":"Polygon"},"id":"000000000000000001b1","properties":{"area":141818.3854196804,"elevation":619.1546285340249,"region":"NO","year":2018},"type":"Feature"},{"geometry":{"coordinates":[[[-65.20710706268073,79.12868341525572],[-65.20675441723134,79.12850063928295],[-65.20639783492803,79.12831780471488],[-65.20604126368227,79.12813496947935],[-65.20568432876908,79.1279521015125],[-65.20533208441186,79.12777373765799],[-65.20497535441594,79.12759097730626],[-65.20461882719482,79.12740813941141],[-65.20426193632984,79.12722526878345],[-65.20390975330453,79.12704251959025],[-65.20258534823496,79.12692656087007],[-65.20126547795674,79.12681060909779],[-65.20090881827878,79.12663222535728],[-65.20055181410756,79.12644942615242],[-65.19923200969099,79.12633346471623],[-65.19826447970848,79.12640036334439],[-65.19730144998964,79.12646727177814],[-65.19633351859538,79.12653413142185],[-65.19572269151291,79.12678390172897],[-65.19475980191565,79.12685072402715],[-65.1937920015748,79.12691768330679],[-65.19414854946477,79.12710045786216],[-65.1945009690936,79.12728325051444],[-65.19389006487259,79.12753301480815],[-65.19424684761789,79.12771132888294],[-65.19460361074084,79.12789421078799],[-65.19495568772211,79.12807696977015],[-65.19531247290458,79.12825985034479],[-65.19566946094987,79.12844265338315],[-65.19602589353535,79.12862550054481],[-65.19637838915598,79.12880828895963],[-65.19673484379213,79.12899113479169],[-65.1970918760305,79.12917393516297],[-65.19841182357975,79.12928541418222],[-65.1997360945557,79.12940135972477],[-65.20069933812887,79.12933444580737],[-65.20166689127412,79.12926761853372],[-65.202634248035,79.12920067885868],[-65.20359763456884,79.12913386355918],[-65.2045653393317,79.12906694904385],[-65.20517588316564,79.12881724052038],[-65.2061435494402,79.12875032014479],[-65.20710706268073,79.12868341525572]]],"type":"Polygon"},"id":"000000000000000001b2","properties":{"area":59355.29869002878,"elevation":495.2262061534778,"region":"NO","year":2018},"type":"Feature"},{"geometry":{"coordinates":[[[-63.935014623836246,79.63100121945908],[-63.93466673713668,79.63081835667975],[-63.934314524566645,79.63063549220968],[-63.933966744609975,79.63044823404658],[-63.9325931772509,79.6303278617627],[-63.93224534964089,79.63014499535183],[-63.9318929876152,79.62996220277951],[-63.93087183155764,79.63002461493369],[-63.9298510508476,79.6300870571236],[-63.928829867284456,79.63014946193678],[-63.9278084611632,79.63021193863926],[-63.92678755243857,79.63027876390231],[-63.92611406313086,79.63052403100829],[-63.925445271087945,79.63076933077875],[-63.924772025081886,79.63101902120299],[-63.924103174678365,79.63126431654098],[-63.92308184049665,79.63132669985146],[-63.92206088169451,79.63138911320702],[-63.92138752153192,79.631638793892],[-63.9217395719799,79.6318216714608],[-63.922087504909875,79.63200447158984],[-63.9214188384627,79.63225418578526],[-63.921766780912286,79.6324369856604],[-63.92211886393614,79.63261986168018],[-63.922466829155276,79.63280266026446],[-63.922819143969484,79.63298545942912],[-63.923166835091735,79.63317272624171],[-63.924187943067516,79.63311031078916],[-63.9248613185667,79.63286062693045],[-63.92553003032213,79.63261540918887],[-63.92655561676078,79.63255291043377],[-63.92792447729857,79.63267335066092],[-63.92929790918552,79.63279371005679],[-63.93031932338232,79.63273130627245],[-63.9309925331933,79.63248160660318],[-63.93166108187044,79.63223637317734],[-63.932334537291354,79.63199109676832],[-63.93300332093246,79.63174138931805],[-63.93367671776889,79.63149610845414],[-63.93434583170726,79.63124643025084],[-63.935014623836246,79.63100121945908]]],"type":"Polygon"},"id":"000000000000000001b3","properties":{"area":54835.61985517511,"elevation":176.84746860028488,"region":"NO","year":2018},"type":"Feature"},{"geometry":{"coordinates":[[[-63.25460486136272,79.87728175287944],[-63.25391348976532,79.87691167410262],[-63.25321772507465,79.87654158108789],[-63.25252706177762,79.87617145686642],[-63.25183583086464,79.87580137036915],[-63.251140047035,79.87543576191062],[-63.249396403863486,79.87512360390105],[-63.24765330529969,79.87481588737266],[-63.24696170546786,79.87444582671029],[-63.245218158760714,79.87413813527841],[-63.24277462791951,79.8740756983185],[-63.24032667116278,79.87401322958388],[-63.237535278632464,79.8737635884226],[-63.23543519624932,79.87388842835908],[-63.2336781270231,79.8741916496085],[-63.232268957628804,79.87468213797442],[-63.230860109162094,79.87517706895943],[-63.231551200338956,79.8755427447088],[-63.23014221521957,79.87603766785995],[-63.23188553638208,79.87634533226912],[-63.23468148897168,79.8765905832827],[-63.23537262822011,79.87696073892627],[-63.23816418521281,79.87721043740157],[-63.2399076652166,79.87751812865122],[-63.24165123568137,79.8778258093659],[-63.243751392338744,79.87770539096702],[-63.2461991519309,79.87776783945837],[-63.2483040626348,79.87764743499244],[-63.25075220473394,79.87770988079265],[-63.25319552308192,79.87777226036569],[-63.25460486136272,79.87728175287944]]],"type":"Polygon"},"id":"000000000000000001b4","properties":{"area":138222.0169903156,"elevation":322.3004706977709,"region":"NO","year":2018},"type":"Feature"},{"geometry":{"coordinates":[[[-65.27710578325518,79.11511441356419],[-65.27700348445887,79.11450348456194],[-65.27689631126073,79.11388812522938],[-65.2758306565487,79.11334411730292],[-65.27476021105899,79.11279567608231],[-65.27369005600487,79.1122471519117],[-65.27044398923097,79.11226948462311],[-65.26719299486186,79.11228735190019],[-65.26429940747349,79.11249249273973],[-65.26176180902739,79.11287594503415],[-65.25922478045308,79.11325943599466],[-65.2574010435121,79.11400856629558],[-65.25522080755074,79.11457483903582],[-65.25303547387708,79.11513666322368],[-65.25339210424934,79.1153195367092],[-65.25349490421323,79.1159348974496],[-65.25456493401427,79.11648332523788],[-65.25563092805045,79.11702738351205],[-65.25766409993281,79.1175089562672],[-65.25969761702416,79.11798605313308],[-65.26366154261206,79.11833388366536],[-65.26665818797909,79.11874413945762],[-65.26894575040303,79.11879316829453],[-65.27112636207687,79.11822684039815],[-65.2736677047576,79.11784339450202],[-65.27452849399228,79.11716111641266],[-65.27538899842598,79.1164789081787],[-65.27624546595659,79.11579663593729],[-65.27710578325518,79.11511441356419]]],"type":"Polygon"},"id":"000000000000000001b5","properties":{"area":256904.23173472332,"elevation":479.0515357744287,"region":"NO","year":2018},"type":"Feature"},{"geometry":{"coordinates":[[[-64.90217141639465,79.26720986236951],[-64.90048142017802,79.26691108891771],[-64.89879130721897,79.26661238163801],[-64.89745354242118,79.26649639854833],[-64.89513938095088,79.26644288732794],[-64.89246813599253,79.26621105209483],[-64.89014950795453,79.266161967681],[-64.88819170569866,79.26629131419206],[-64.88587343132876,79.26624222713919],[-64.8839110295851,79.26637601079861],[-64.88195346916561,79.26650534565101],[-64.87999191212705,79.26663908966314],[-64.87802972559567,79.26677286367365],[-64.87641997630205,79.26708503742958],[-64.874462228003,79.26721880422133],[-64.87320921547311,79.26771376790232],[-64.87391848910073,79.26807937178705],[-64.87560849854786,79.26837814549849],[-64.87827952360281,79.26861448144813],[-64.88095038791317,79.26884638298097],[-64.8829124882757,79.26871256027637],[-64.8852267399412,79.26876614057714],[-64.88683618789858,79.26844951162187],[-64.88879373586839,79.268315737222],[-64.89111266656175,79.26836921113527],[-64.89342715703326,79.26841827075684],[-64.89574564894549,79.26846737401128],[-64.89770768218065,79.26833804151657],[-64.89895614897041,79.26783855919169],[-64.90091820904135,79.26770931189108],[-64.90217141639465,79.26720986236951]]],"type":"Polygon"},"id":"000000000000000001b6","properties":{"area":117351.31573065711,"elevation":358.5853762523981,"region":"NO","year":2018},"type":"Feature"},{"geometry":{"coordinates":[[[-64.84197787474609,79.29108835975987],[-64.8416258093304,79.29090551774374],[-64.84126897754996,79.29072273218404],[-64.8409165550467,79.29053985631693],[-64.84055974567927,79.29035706942952],[-64.84020772481169,79.29017422478036],[-64.83922206131666,79.29024112524083],[-64.83824096461822,79.29030804158909],[-64.83725561491049,79.29037048261308],[-64.83627468792628,79.29043731544934],[-64.8352893491166,79.2905042343331],[-64.83466034239967,79.29075391107463],[-64.83403165131976,79.29099913340255],[-64.83340277362804,79.29124891503638],[-64.83242212146008,79.29131576600989],[-64.83143667769508,79.29138267042326],[-64.83080791819334,79.29163236856652],[-64.83116462746825,79.2918151651677],[-64.83151656982142,79.29199801804596],[-64.83088812514617,79.29224326262107],[-64.83025931017247,79.292492957417],[-64.8306158429884,79.29267582997701],[-64.83096838167731,79.29285863838705],[-64.83132513377411,79.29304143313826],[-64.83266271278886,79.29315738081962],[-64.83400031354505,79.29327332221051],[-64.83435712355313,79.29345611284283],[-64.83470954548514,79.29363899234407],[-64.83604725244933,79.29375940879598],[-64.83703285459728,79.29369249062783],[-64.83766157395894,79.29344278281509],[-64.83864235778432,79.29337591569738],[-64.83962790645914,79.29330898799905],[-64.84025658653701,79.2930637580004],[-64.84088520060416,79.29281404112135],[-64.84151416723356,79.29256435470379],[-64.84115747909135,79.29238149477133],[-64.84080518668716,79.29219873005141],[-64.84044852095734,79.29201586879178],[-64.84009186646652,79.29183300686593],[-64.84072042299597,79.29158328742608],[-64.84134899233155,79.29133805079988],[-64.84197787474609,79.29108835975987]]],"type":"Polygon"},"id":"000000000000000001b7","properties":{"area":60261.486456284496,"elevation":340.6267568362247,"region":"NO","year":2018},"type":"Feature"},{"geometry":{"coordinates":[[[-64.31713274168952,79.49453928070237],[-64.31707915160611,79.49392398569218],[-64.31602224959128,79.49337545549953],[-64.31496563096184,79.49282702858449],[-64.31290093103073,79.49234100142768],[-64.30882980933833,79.4919842353542],[-64.3054586868905,79.49199315997069],[-64.3013875891103,79.49163196535058],[-64.29801652264098,79.49164538855354],[-64.29464985827512,79.49165429160081],[-64.29127887824023,79.49166315977939],[-64.2882645921506,79.49185497941306],[-64.28524572049216,79.49204666188395],[-64.28293600804884,79.49260404801056],[-64.28026921799899,79.49298307480979],[-64.28097402901815,79.49334870862724],[-64.28202607433434,79.49389716826782],[-64.28409076401206,79.49438768617985],[-64.2881619031603,79.49474439188985],[-64.29188507881828,79.49491834360124],[-64.29560871629357,79.49509228075193],[-64.29967993387486,79.49544897661082],[-64.30305096450716,79.49544002582783],[-64.30642214175951,79.49543114470896],[-64.30978861683674,79.49542219568102],[-64.31280714993272,79.49523049173759],[-64.31582629865737,79.49503423659206],[-64.31713274168952,79.49453928070237]]],"type":"Polygon"},"id":"000000000000000001b8","properties":{"area":240626.19455027446,"elevation":239.18649808083094,"region":"NO","year":2018},"type":"Feature"},{"geometry":{"coordinates":[[[-64.60779477971901,79.38461355836412],[-64.60744269053934,79.38443072694822],[-64.60609605968637,79.38431031180545],[-64.60574342359416,79.38412752143563],[-64.60638133273659,79.3838777679199],[-64.6060290886997,79.38369501012266],[-64.60468212673385,79.3835790361726],[-64.60432549783009,79.3833961763607],[-64.60496782205927,79.38314652406989],[-64.6046112033359,79.38296366399817],[-64.60425863346634,79.38278087007637],[-64.60390665667559,79.38259803209114],[-64.60255963689393,79.38248212411612],[-64.60120864819302,79.38236166201759],[-64.59986205522934,79.38224577420829],[-64.59887223272875,79.3823081911988],[-64.59787773019721,79.38237506207714],[-64.59688321369856,79.38244192938275],[-64.5962455884882,79.38268721589365],[-64.5956038502099,79.38293691428365],[-64.59496573999596,79.38318664464332],[-64.59432399537765,79.38343185791234],[-64.59468047810422,79.38361472930741],[-64.59503293424984,79.38379753309069],[-64.59439052891905,79.38404726931141],[-64.59474723307416,79.38423006354608],[-64.59509971045671,79.38441286640925],[-64.59545199907146,79.38459574485759],[-64.59679840948081,79.38471610047736],[-64.59814989273042,79.38483202529306],[-64.59949619589595,79.38494796364704],[-64.60084305692867,79.38506833311178],[-64.60119545181776,79.38525120406723],[-64.60155209632592,79.38543406497978],[-64.6019043315889,79.3856168255319],[-64.60225637810468,79.385799661674],[-64.60360315771096,79.38592009418996],[-64.60495424376755,79.38603603013439],[-64.60594437504919,79.38596911476402],[-64.60658656795212,79.38572383657711],[-64.6072239570943,79.38547412833688],[-64.60687184802974,79.38529129744637],[-64.60651955025959,79.3851085421496],[-64.60715710947487,79.38485875633407],[-64.60779477971901,79.38461355836412]]],"type":"Polygon"},"id":"000000000000000001b9","properties":{"area":68426.65796063123,"elevation":294.4722727508965,"region":"NO","year":2018},"type":"Feature"},{"geometry":{"coordinates":[[[-63.53499731407075,79.79073510267388],[-63.53360159622857,79.78999934709303],[-63.533249703639626,79.78919669949138],[-63.53185369422835,79.78846096831457],[-63.53046248760164,79.78772515900737],[-63.52906668963397,79.7869849858262],[-63.52871458592745,79.78618685132912],[-63.526279822890054,79.78550900281196],[-63.524888537920276,79.78477326820934],[-63.52245403260417,79.78409995431431],[-63.51898468433865,79.78348459661686],[-63.51551567982824,79.78348462018201],[-63.51275121915573,79.78447006812242],[-63.5131031303061,79.78526822074],[-63.51449915406161,79.78600400489088],[-63.51589011566123,79.78674419905931],[-63.51832046435534,79.7874175448731],[-63.52075504834442,79.78809533794599],[-63.52318997447382,79.78876861212491],[-63.52458102944043,79.78950886836137],[-63.52701587448586,79.79018214643703],[-63.52841136890527,79.79092235095986],[-63.53084151499326,79.79159570067718],[-63.53015948671229,79.79245632975018],[-63.532594033108346,79.79313412771778],[-63.53466738149076,79.79239384956729],[-63.534310854711,79.79159570815851],[-63.53499731407075,79.79073510267388]]],"type":"Polygon"},"id":"000000000000000001ba","properties":{"area":181727.96332170165,"elevation":292.3605939100403,"region":"NO","year":2018},"type":"Feature"},{"geometry":{"coordinates":[[[-64.5701643306049,79.40687785773322],[-64.56945556189572,79.40651217798457],[-64.56875088419656,79.40614656294619],[-64.56804168017443,79.40577644127546],[-64.5673328466857,79.405410829811],[-64.56562947881504,79.4051120375216],[-64.5629318512533,79.40487567647969],[-64.56122851699767,79.40457245385846],[-64.55987723906185,79.40445655989589],[-64.55788847816123,79.40458589195298],[-64.55589503423816,79.40471518553473],[-64.55354975840805,79.40466170851309],[-64.55085219528775,79.40442531060708],[-64.54886322678662,79.40455905927674],[-64.54687020411633,79.40468843135767],[-64.5448767442646,79.4048177562208],[-64.54324045381108,79.40512984897398],[-64.54195626106103,79.40562484195175],[-64.54266494233772,79.40599046805848],[-64.54436404440906,79.40629372853505],[-64.54606767621163,79.40659689391552],[-64.5477706717972,79.40689568843604],[-64.54847999180093,79.40726133055438],[-64.55018327489029,79.40756451357605],[-64.55188650349294,79.40786328249558],[-64.55458450656305,79.40809963543782],[-64.55657757928634,79.40797036841774],[-64.55892293640623,79.40802386618263],[-64.56126830057082,79.4080773447859],[-64.56396627697994,79.40831368622291],[-64.5659596149498,79.40818438648604],[-64.56759605341881,79.40786772361234],[-64.56888024701706,79.40737279489984],[-64.5701643306049,79.40687785773322]]],"type":"Polygon"},"id":"000000000000000001bb","properties":{"area":167214.8131620792,"elevation":275.8044311071382,"region":"NO","year":2018},"type":"Feature"},{"geometry":{"coordinates":[[[-65.24077322266926,79.20149166767818],[-65.24005507775622,79.20112596660807],[-65.2393371622417,79.20076037170647],[-65.238623648385,79.2003946780095],[-65.23693361635625,79.20010040307658],[-65.23427184041311,79.19986852000521],[-65.23196620530558,79.19981951314458],[-65.23002228300781,79.19995769424894],[-65.22807793274394,79.20009144930249],[-65.22613390542507,79.20022522250375],[-65.2241896312998,79.2003590586627],[-65.22224095414089,79.20049279108362],[-65.2202971414441,79.20062655465262],[-65.21907058418532,79.20112594914406],[-65.21748308502687,79.20144256063074],[-65.21589587258221,79.20175919384847],[-65.21660901182533,79.20212486072992],[-65.21732713204717,79.20248600437283],[-65.2190171115257,79.20278477072868],[-65.2216791822179,79.20301668613577],[-65.22434115970144,79.20324408757502],[-65.22700340014815,79.20347595279209],[-65.22894756307319,79.20334214821276],[-65.23125294630127,79.20339119517044],[-65.23319720906909,79.20325746955385],[-65.23514577745343,79.20311925398562],[-65.23672858586325,79.20280264160803],[-65.23831622347548,79.20248606375345],[-65.23954676088783,79.20199108856507],[-65.24077322266926,79.20149166767818]]],"type":"Polygon"},"id":"000000000000000001bc","properties":{"area":142724.57318594315,"elevation":388.2160606591427,"region":"NO","year":2018},"type":"Feature"},{"geometry":{"coordinates":[[[-65.11212800724424,79.25544231353214],[-65.11141457701683,79.25507665316684],[-65.11167302738923,79.25464413735355],[-65.11095980257295,79.25428296053761],[-65.11024191920897,79.25391727934118],[-65.10952388662122,79.25355167217047],[-65.10881065657593,79.25318600056622],[-65.10649631940707,79.2531369391786],[-65.10418179249542,79.25308793558781],[-65.10222415748851,79.25322169696268],[-65.10026684638873,79.25335547652635],[-65.09831366543145,79.25348922503267],[-65.0967128772038,79.25380584290585],[-65.09547338610346,79.25430525590372],[-65.096191060549,79.254670894303],[-65.09592808996791,79.25509895501453],[-65.09664164464381,79.25546460721984],[-65.0973594298081,79.25583023971964],[-65.09807307426053,79.25619588657945],[-65.10074823826301,79.25642779567026],[-65.10306247918622,79.2564768421259],[-65.10502025574583,79.25634304944926],[-65.10733447058529,79.2563920608776],[-65.10929196741708,79.25625831479003],[-65.11088830426438,79.2559417258943],[-65.11212800724424,79.25544231353214]]],"type":"Polygon"},"id":"000000000000000001bd","properties":{"area":99227.5604054756,"elevation":327.8749187784276,"region":"NO","year":2018},"type":"Feature"},{"geometry":{"coordinates":[[[-64.73080344351864,79.41387411643204],[-64.73009025650745,79.41350404218646],[-64.72937673736335,79.41313841264206],[-64.73065165342213,79.4126434761188],[-64.72894382300548,79.41234472102298],[-64.72723606983303,79.41204147536827],[-64.72652273274277,79.41167583517944],[-64.72580944115204,79.4113101923302],[-64.7270845335721,79.41081518746049],[-64.72537685252752,79.41051200462194],[-64.72338352739847,79.41064577854442],[-64.72175171374579,79.4109579398877],[-64.71976288149095,79.41109170895459],[-64.71848279442146,79.41158665646435],[-64.71685108333358,79.4119032986263],[-64.71521426514946,79.41221539570438],[-64.71393944943017,79.41271032712024],[-64.71265930982041,79.4132097520842],[-64.71102757972447,79.41352190717504],[-64.70903426933282,79.41365563918697],[-64.70740216590463,79.41396784781277],[-64.70811567368584,79.41433348240913],[-64.70783004517965,79.41476600042425],[-64.7085436189376,79.41513163183113],[-64.71025588725001,79.41543041383598],[-64.7119638038625,79.41573356721273],[-64.71467064502899,79.415965477454],[-64.71701589389757,79.4160189623402],[-64.71936616447357,79.41607248238589],[-64.72206834899438,79.41630437790815],[-64.72406130948245,79.41617508330427],[-64.72569800385313,79.41585843521955],[-64.72732977704065,79.41554631121367],[-64.72896646621511,79.41522975072934],[-64.73024181478733,79.41473474987238],[-64.73052272740968,79.41430224861934],[-64.73080344351864,79.41387411643204]]],"type":"Polygon"},"id":"000000000000000001be","properties":{"area":186247.39352195206,"elevation":197.40110363855825,"region":"NO","year":2018},"type":"Feature"},{"geometry":{"coordinates":[[[-64.99022081784463,79.29185086338568],[-64.9898637114618,79.29166804461595],[-64.98950279623904,79.29148527287364],[-64.98914590814661,79.2913023761665],[-64.98878921521192,79.29111958772916],[-64.98843272924468,79.29093672202738],[-64.98807567916687,79.29075389991831],[-64.98870018518838,79.29050424707371],[-64.9883434368785,79.29032583330279],[-64.98700555136865,79.29020541767233],[-64.9866444420062,79.29002709343186],[-64.98628782766575,79.28984430033151],[-64.98593084497972,79.28966147422273],[-64.98557444884237,79.28947860319258],[-64.98423657782585,79.28936273615642],[-64.98289434566001,79.28924676915022],[-64.98155671382742,79.28913081291489],[-64.98057569337124,79.28919327543291],[-64.97959456836787,79.28926011074401],[-64.97860903476862,79.28932703434087],[-64.97798473505036,79.28957669883614],[-64.97736059244373,79.28982647022298],[-64.97673623938027,79.29007613061218],[-64.97610746433926,79.29032588069849],[-64.97548334664823,79.29057108415006],[-64.97485909745683,79.2908208473254],[-64.9742346378072,79.29107049950206],[-64.97459149647271,79.29125333741871],[-64.97494836638552,79.2914361746686],[-64.97530486791892,79.29161897889544],[-64.97566176032119,79.29180181481223],[-64.97601828433189,79.2919846177069],[-64.97736041150961,79.29210058374902],[-64.9777173498148,79.29228341660095],[-64.9780739197109,79.29246621643343],[-64.97905494232623,79.2923993574293],[-64.98003614703113,79.2923324183294],[-64.98137833948874,79.29244836541919],[-64.9823593329988,79.29238149482556],[-64.98334451290333,79.29231460546355],[-64.9846825237043,79.2924305523275],[-64.98566348810975,79.29236367014565],[-64.98628766058846,79.2921183706416],[-64.98727316544557,79.29205149953248],[-64.98861097453627,79.2921675047119],[-64.9895964640052,79.29210062548155],[-64.99022081784463,79.29185086338568]]],"type":"Polygon"},"id":"000000000000000001bf","properties":{"area":81103.80508025813,"elevation":299.517221760252,"region":"NO","year":2018},"type":"Feature"},{"geometry":{"coordinates":[[[-65.19235164466188,79.23422143990777],[-65.19163387200886,79.23385580811016],[-65.19189240827289,79.23342322576677],[-65.19117449204457,79.23306204635756],[-65.18948023551488,79.23276332014798],[-65.1877856800136,79.23246455141035],[-65.1851191700401,79.23223268267004],[-65.18244797875927,79.2320052307293],[-65.18049930909783,79.23213900932244],[-65.17782859351719,79.23190716721624],[-65.17623636698781,79.23222376019481],[-65.17464442760273,79.2325403749258],[-65.17269136386011,79.23267411604672],[-65.1710996332932,79.23299074072358],[-65.17181732523532,79.23335637884898],[-65.1705823655179,79.23385131473152],[-65.1703239764829,79.23428385876169],[-65.17299021227856,79.23451572378858],[-65.17468495946326,79.23481449927888],[-65.17601805742919,79.23493045273982],[-65.1783278958344,79.23497504567823],[-65.18064207877298,79.23502408903587],[-65.18295208898746,79.23507313180873],[-65.18490062452653,79.23493938685135],[-65.18685385435103,79.23480556487922],[-65.18952458085569,79.2350374420266],[-65.19111656559822,79.23472085820698],[-65.19235164466188,79.23422143990777]]],"type":"Polygon"},"id":"000000000000000001c0","properties":{"area":116445.12796439433,"elevation":344.5593116353264,"region":"NO","year":2018},"type":"Feature"},{"geometry":{"coordinates":[[[-65.01213705390171,79.30587474163913],[-65.01132988882857,79.30489375283352],[-65.00954203738272,79.30398407544767],[-65.00283121083163,79.30340437955141],[-64.99756050590106,79.30355155009532],[-64.99228529166967,79.30370319824874],[-64.98772356492316,79.30421596139486],[-64.98280509733016,79.3045459340233],[-64.98316195095889,79.30472878781688],[-64.9810168957866,79.30591039212231],[-64.9818242559447,79.30688700105505],[-64.98164137129058,79.30793489425567],[-64.98343407569308,79.30884896858393],[-64.98423652908355,79.3098254670501],[-64.98602896502584,79.31073963407373],[-64.98781709664718,79.31165376728538],[-64.98566784818698,79.31283092915046],[-64.98548960350499,79.3138743833084],[-64.98924856885533,79.31465469927029],[-64.99488929028205,79.31469034847356],[-64.99873760141026,79.31380750827064],[-64.99497390675863,79.31303159249566],[-64.99515234420215,79.31198373267091],[-64.99631614034584,79.31087341176544],[-64.9994462917795,79.30962485357146],[-65.00257243038969,79.30838080859681],[-65.00677721198961,79.30768516147933],[-65.01097790374492,79.3069850406573],[-65.01213705390171,79.30587474163913]]],"type":"Polygon"},"id":"000000000000000001c1","properties":{"area":446297.4748830528,"elevation":278.3651516234876,"region":"NO","year":2018},"type":"Feature"},{"geometry":{"coordinates":[[[-64.47238076117492,79.52043779150577],[-64.47167188579019,79.52006764226383],[-64.47095847592685,79.51970204897232],[-64.4722602761887,79.51920702947442],[-64.47154690677037,79.5188414351379],[-64.46983031141185,79.51853815551382],[-64.46710125024158,79.51830189127183],[-64.46509026341329,79.51843116422867],[-64.4634314649456,79.51874332999974],[-64.46177257076782,79.51905548491101],[-64.45975707658464,79.51918472585517],[-64.4577417099372,79.51931406139546],[-64.45573057709308,79.51944337553768],[-64.45371500412939,79.51957715754743],[-64.45169946984126,79.51970644972012],[-64.45004084497633,79.52001859818544],[-64.44802497039697,79.52014793959711],[-64.4460096297229,79.52027722354747],[-64.44470765702866,79.52077221233407],[-64.44642894611748,79.52107539885019],[-64.4471378110181,79.52144108446126],[-64.44915333465397,79.52131179497022],[-64.45187801980171,79.52154808948683],[-64.45425017884112,79.5216015975242],[-64.45662234528773,79.52165508616969],[-64.45863793269852,79.52152583938891],[-64.46064899112925,79.52139647609602],[-64.46302090206441,79.52144998823881],[-64.46468009099029,79.52113783425212],[-64.46705232855987,79.5211913462183],[-64.46906337365726,79.52106203216428],[-64.47036949229357,79.52056709715538],[-64.47238076117492,79.52043779150577]]],"type":"Polygon"},"id":"000000000000000001c2","properties":{"area":120086.5189375258,"elevation":126.55384202362484,"region":"NO","year":2018},"type":"Feature"},{"geometry":{"coordinates":[[[-64.88746084195606,79.35786340667642],[-64.88709940242204,79.35768052722233],[-64.88674276491322,79.35749777481512],[-64.88737609832226,79.35725251934389],[-64.88701468058483,79.35706963895471],[-64.88566800698403,79.35695375942136],[-64.88531123051345,79.35677089540854],[-64.88495464948868,79.35658813967422],[-64.88396454203784,79.35665052529781],[-64.88333602565868,79.35690019906268],[-64.88234612312404,79.35696717013319],[-64.88135602255959,79.35703402871056],[-64.88036628970279,79.35710091621641],[-64.87937648411642,79.35716331769203],[-64.87874763863016,79.35741305599522],[-64.87775785212811,79.35747993394533],[-64.87676767008547,79.3575467758685],[-64.87577765819273,79.35761372319243],[-64.87478782995002,79.35768059050311],[-64.87415917738373,79.35792586689712],[-64.87352614565422,79.3581755282191],[-64.8728928890966,79.35842526391724],[-64.87325396099789,79.3586080501847],[-64.87361062134508,79.35879092572944],[-64.8739674906155,79.35897372414408],[-64.8743243712077,79.35915652189264],[-64.87468068383367,79.35933936295582],[-64.87603217478836,79.35945531206731],[-64.87737869882861,79.3595712033812],[-64.87836405641782,79.35950431002648],[-64.87935400741962,79.35943743206262],[-64.880344003851,79.35937503295597],[-64.88133392739482,79.35930814790443],[-64.88232383702139,79.35924125930694],[-64.88295691702636,79.35899150344744],[-64.88358554700719,79.35874183560844],[-64.88421901508342,79.35849659049842],[-64.88484759112421,79.35824691852464],[-64.88548094426768,79.35799718681312],[-64.88647070924122,79.35793028228392],[-64.88746084195606,79.35786340667642]]],"type":"Polygon"},"id":"000000000000000001c3","properties":{"area":54824.359858744894,"elevation":227.5044876347904,"region":"NO","year":2018},"type":"Feature"},{"geometry":{"coordinates":[[[-65.20136340585933,79.24498574773222],[-65.20064580326134,79.24462007692016],[-65.19992767370904,79.2442544481449],[-65.19823308977278,79.24396011302105],[-65.1959189029744,79.24391107321703],[-65.1939658576566,79.24404488241204],[-65.19201295134161,79.24417860087658],[-65.18969851408367,79.24412958673499],[-65.18774532894598,79.2442633519314],[-65.18543122623683,79.24421871326594],[-65.18419620407845,79.2447136927897],[-65.1822430161344,79.24484752711092],[-65.18028975406531,79.2449857258635],[-65.18100776879135,79.24534686726616],[-65.18074901819928,79.2457794247832],[-65.18244369172989,79.24607816117275],[-65.18413787232286,79.24637693180941],[-65.18681333681482,79.24660434685777],[-65.18912769576616,79.24665343113905],[-65.19143749950825,79.24670248288143],[-65.19375186749546,79.24675152935818],[-65.19498724079519,79.24625209220456],[-65.19694005810089,79.24611832516445],[-65.19889319936165,79.24598457624478],[-65.2001282627043,79.2454851116182],[-65.20136340585933,79.24498574773222]]],"type":"Polygon"},"id":"000000000000000001c4","properties":{"area":93790.43380788346,"elevation":318.3054119269217,"region":"NO","year":2018},"type":"Feature"},{"geometry":{"coordinates":[[[-65.16415678382133,79.25312806773876],[-65.1634391500434,79.25276237556376],[-65.16369732728498,79.25232984420718],[-65.16297956581774,79.25196422553962],[-65.1622614707701,79.25159857207294],[-65.16252040542244,79.25117048002791],[-65.16082595282597,79.25087177617536],[-65.16010799268767,79.25050611465457],[-65.15841350364326,79.25020728667715],[-65.1557425073159,79.24997546101132],[-65.15306681252372,79.24974805083801],[-65.15111379411326,79.24988178525999],[-65.14916090576376,79.2500156146135],[-65.14756446206835,79.25033217689726],[-65.1463248351319,79.25082713049626],[-65.14801955393412,79.25112587486602],[-65.14873720409393,79.2514915633305],[-65.15043169255264,79.25179026031289],[-65.15212606629784,79.25208902360413],[-65.15284412275545,79.25245024494917],[-65.15551964234834,79.25268215504543],[-65.1562372347338,79.25304778942652],[-65.15890837108417,79.25327965316761],[-65.16158380362026,79.25350709572893],[-65.16353686173356,79.25337326347793],[-65.16415678382133,79.25312806773876]]],"type":"Polygon"},"id":"000000000000000001c5","properties":{"area":86540.93167780785,"elevation":318.2054516876241,"region":"NO","year":2018},"type":"Feature"},{"geometry":{"coordinates":[[[-63.833204172886234,79.77119974374402],[-63.832499634510135,79.7708296747311],[-63.83179075112802,79.77045960023113],[-63.8300517552627,79.77015630643562],[-63.828308031148254,79.76985314994985],[-63.82691722825193,79.76972825487006],[-63.824491260603146,79.76967034077335],[-63.82171330222579,79.76942951463789],[-63.81893517148489,79.76918424012644],[-63.81615720360269,79.76894343735194],[-63.81373597008214,79.7688855480196],[-63.81236697051956,79.76938046849502],[-63.81029787982279,79.76950530259005],[-63.8110023654941,79.76987099453498],[-63.809633517537755,79.77036593068648],[-63.80930377265609,79.77079397355703],[-63.81001237218133,79.77116413099705],[-63.81279062589304,79.77140487984057],[-63.81556843426637,79.77165014185033],[-63.81731215698007,79.77195336841815],[-63.81869898488749,79.77207822873655],[-63.821124479515404,79.77213619942836],[-63.823198266453794,79.7720112972664],[-63.82597589400279,79.77225211522563],[-63.82840181385642,79.77231006032481],[-63.830475090218066,79.7721852577974],[-63.83254891595687,79.77206039878779],[-63.83183955264843,79.7716902941466],[-63.833204172886234,79.77119974374402]]],"type":"Polygon"},"id":"000000000000000001c6","properties":{"area":116469.04382463326,"elevation":201.09355973688236,"region":"NO","year":2018},"type":"Feature"},{"geometry":{"coordinates":[[[-65.120506836005,79.27721611694388],[-65.1197886797277,79.27685046353321],[-65.11907094802297,79.27648483960061],[-65.1193338332218,79.27605230132532],[-65.1195970809923,79.27561979329225],[-65.11887901670399,79.27525851053714],[-65.11816122257457,79.2748929568436],[-65.1174432888515,79.2745272915902],[-65.11574458313848,79.27422849596174],[-65.11440656077403,79.2741125796422],[-65.11244468737364,79.27424638130304],[-65.11084371510519,79.27456290892434],[-65.10924283580928,79.2748795350112],[-65.10799899358867,79.27537894228959],[-65.10675928282404,79.27587394717375],[-65.10551522882996,79.27637333813847],[-65.10623313248027,79.27673894986783],[-65.10695088662771,79.27710463560449],[-65.1076688806322,79.27747024195904],[-65.10900667492692,79.27758623327367],[-65.11132545481051,79.27763525965302],[-65.11400519912738,79.27786269852727],[-65.11668536641474,79.27809452134098],[-65.11864722903822,79.27796074249306],[-65.12024802431577,79.27764414894176],[-65.120506836005,79.27721611694388]]],"type":"Polygon"},"id":"000000000000000001c7","properties":{"area":91071.87050912852,"elevation":271.02395984471195,"region":"NO","year":2018},"type":"Feature"},{"geometry":{"coordinates":[[[-64.94086277283434,79.35201749104623],[-64.93978823646906,79.3514690609511],[-64.93969887171009,79.35085368183051],[-64.93862450302633,79.35030524287389],[-64.93691659416397,79.35000650961702],[-64.93395593560855,79.35020710981144],[-64.93099035209464,79.35040773672128],[-64.92909964289919,79.35115242113717],[-64.92685223582885,79.35171432927885],[-64.9246048765398,79.35228062201708],[-64.92271420827979,79.3530253130114],[-64.9197491608039,79.35322594243034],[-64.91570921393283,79.35287811932987],[-64.91274356118176,79.35307434578273],[-64.9108532984537,79.35381896870572],[-64.90860140325103,79.35438530605151],[-64.90634959331786,79.35494717144273],[-64.90706749656015,79.35531280830659],[-64.908142134019,79.35586124935357],[-64.91020649062114,79.35634280378196],[-64.91317206618919,79.35614662577437],[-64.91613724884955,79.35594600985799],[-64.91910257766718,79.35574976823408],[-64.92171101016437,79.3553663300385],[-64.9243195282677,79.35498727186378],[-64.92621010824223,79.3542381775632],[-64.92810071874602,79.35349347079715],[-64.93070484194727,79.35311001743379],[-64.93438841741879,79.35327944233478],[-64.93663580834823,79.3527131078617],[-64.93924410697758,79.35233407195753],[-64.94086277283434,79.35201749104623]]],"type":"Polygon"},"id":"000000000000000001c8","properties":{"area":181690.64713512379,"elevation":199.69419586282189,"region":"NO","year":2018},"type":"Feature"},{"geometry":{"coordinates":[[[-65.22847039137955,79.15534883481224],[-65.22811356488764,79.1551660490678],[-65.22775694145915,79.15498318578346],[-65.22740031303071,79.15480488937953],[-65.22607565150587,79.15468893407937],[-65.22475138671807,79.15457300457349],[-65.22439483096942,79.15439013650777],[-65.22403809432541,79.15420734464469],[-65.22271389628682,79.15409140544783],[-65.22235699186737,79.15391306985188],[-65.2220004920604,79.15373019806394],[-65.22067579269681,79.15361429400336],[-65.21934715836181,79.15349832590836],[-65.21837950012262,79.15356524149267],[-65.21776845112532,79.15381495411876],[-65.21715775192254,79.15406469678783],[-65.21619022200646,79.15413152726452],[-65.21522248663652,79.15419843115197],[-65.21425021383516,79.15426531853298],[-65.21328245158392,79.15433221549566],[-65.21267181799631,79.15458186971455],[-65.2120609665709,79.15483159879307],[-65.21145008936817,79.155081325869],[-65.21083466193313,79.15533103783277],[-65.2102237330693,79.15558076089293],[-65.21058031598353,79.15576356731519],[-65.21093728561297,79.15594640512481],[-65.21129409643113,79.1561247516651],[-65.21165071247374,79.15630755609075],[-65.21200733960545,79.15649035984909],[-65.21333174378225,79.15660634846492],[-65.21429931276282,79.1565394216248],[-65.21527157672598,79.15647261328319],[-65.21659581511098,79.15658847770462],[-65.21792025820466,79.15670444479767],[-65.21888780769223,79.15663312032761],[-65.21985533260903,79.15656617408672],[-65.22082755249997,79.15649934625135],[-65.22179505052912,79.15643239308983],[-65.2231195075029,79.15654833587666],[-65.22408717404662,79.15648148365713],[-65.22469820699314,79.1562317627402],[-65.22566998391189,79.15616488550957],[-65.22663759843621,79.15609802397542],[-65.22724855520197,79.15584829625729],[-65.22785948618258,79.1555985665362],[-65.22847039137955,79.15534883481224]]],"type":"Polygon"},"id":"000000000000000001c9","properties":{"area":85634.74391154332,"elevation":462.88167986401874,"region":"NO","year":2018},"type":"Feature"},{"geometry":{"coordinates":[[[-64.85754899477543,79.30367637174982],[-64.85719208507908,79.30349357821702],[-64.85683576329284,79.30331074003723],[-64.8564830816851,79.30312793181729],[-64.85612678232707,79.30294509231129],[-64.85576991757591,79.30276229611869],[-64.85443223737103,79.30264637157246],[-64.85308999374394,79.30253042152927],[-64.85175231269967,79.30240999990006],[-64.8507666873562,79.30247691682003],[-64.84978583033215,79.30254377298219],[-64.84880017744497,79.30261068284908],[-64.84817163633687,79.30286042733594],[-64.84718590099017,79.3029228467352],[-64.84620077160952,79.30298970310778],[-64.84557177211666,79.30323940806836],[-64.84458640606536,79.3033063349238],[-64.84360542899881,79.30337316860047],[-64.84395793043016,79.30355599138676],[-64.84431445200205,79.30373887682755],[-64.84467118176859,79.303921685119],[-64.8450233368985,79.3041044733986],[-64.84538004700453,79.304282795955],[-64.84672210856696,79.30440323345744],[-64.8480599436746,79.3045191934532],[-64.84939780056199,79.30463514716313],[-64.85073988546557,79.30475108132123],[-64.85207778593417,79.30486702243945],[-64.85306326381975,79.30480455528289],[-64.85404848632001,79.30473767668354],[-64.85503407488319,79.30467082706774],[-64.85601526057006,79.30460387825819],[-64.85700044174409,79.30453698907829],[-64.8566438914353,79.30435422858345],[-64.85629137536418,79.30417134506848],[-64.85692022164886,79.30392610166253],[-64.85754899477543,79.30367637174982]]],"type":"Polygon"},"id":"000000000000000001ca","properties":{"area":51199.60879366243,"elevation":316.43208082485654,"region":"NO","year":2018},"type":"Feature"},{"geometry":{"coordinates":[[[-64.81164702700117,79.32244476921876],[-64.81129016712077,79.3222619474359],[-64.81093791180746,79.3220791449217],[-64.81058127187855,79.32189624536643],[-64.8092391215404,79.32177588418008],[-64.80888691216674,79.32159307863702],[-64.80853012087809,79.32141025246604],[-64.80718768903182,79.32129433262769],[-64.80584585686232,79.32117836260599],[-64.80486018964142,79.32124526148625],[-64.80387488892367,79.32131218941821],[-64.80288916706557,79.32137459756242],[-64.80190403663988,79.32144144200466],[-64.80091410172912,79.32150833926386],[-64.80028503673022,79.32175805649821],[-64.79929962946075,79.32182048418893],[-64.79831423445769,79.32188739201126],[-64.79768107514896,79.32213703825397],[-64.7970480714658,79.32238679143099],[-64.79641922932758,79.32263204648015],[-64.79578579134889,79.32288176290518],[-64.79614264243823,79.32306452554684],[-64.79649509366708,79.32324737637583],[-64.79586622044147,79.32349711168311],[-64.79523310652579,79.32374685731916],[-64.79558997818192,79.32392961943093],[-64.79693226318416,79.32404556010813],[-64.79827399210492,79.32416153831468],[-64.79961632089957,79.32427746636058],[-64.80060192995019,79.32421504002166],[-64.80158749921581,79.32414812659242],[-64.80257285711947,79.32408128607322],[-64.80355839878301,79.32401436558943],[-64.80454816818371,79.32395191262565],[-64.80553348503825,79.32388506151665],[-64.80651898562732,79.323818130441],[-64.80750465528354,79.32375130485566],[-64.80849434182049,79.32368435412796],[-64.80912314639455,79.32343918236324],[-64.80975630555108,79.32318943586478],[-64.8103852242975,79.32293969990192],[-64.81101813178508,79.32269002567637],[-64.81164702700117,79.32244476921876]]],"type":"Polygon"},"id":"000000000000000001cb","properties":{"area":75666.67848270891,"elevation":332.4001315295002,"region":"NO","year":2018},"type":"Feature"},{"geometry":{"coordinates":[[[-65.1774582939447,79.17709140595612],[-65.17674469950643,79.17672577095728],[-65.17603130773891,79.1763646230812],[-65.17628574345815,79.17593208045963],[-65.17557225860271,79.17556643957734],[-65.17485881820458,79.17520079602524],[-65.17511721747178,79.17477268978094],[-65.17440384206434,79.17440704302511],[-65.17369051110315,79.17404139359995],[-65.17103710448994,79.17380951039986],[-65.16909768279638,79.1739433296523],[-65.1668012752122,79.17389426953989],[-65.16485686112502,79.17402801296376],[-65.16291730134573,79.17416178851077],[-65.16097746393918,79.17430000793162],[-65.15903344680383,79.17443385070578],[-65.15780702957326,79.17492873748519],[-65.15657631096053,79.17542820095635],[-65.15826166377046,79.1757269527387],[-65.15897522931414,79.17609258951202],[-65.1606562264084,79.1763869312987],[-65.16136990409291,79.17675256062924],[-65.1630555487846,79.17705128206372],[-65.16376877005041,79.1774169486215],[-65.16642215389534,79.17764883348615],[-65.16810315156117,79.17794309699707],[-65.16943199299557,79.178059105819],[-65.17173298415562,79.17810809700227],[-65.17367246516692,79.17797431262018],[-65.17596908037382,79.17802336417537],[-65.17719972715769,79.17752396398886],[-65.1774582939447,79.17709140595612]]],"type":"Polygon"},"id":"000000000000000001cc","properties":{"area":138193.63435463342,"elevation":439.79891192244213,"region":"NO","year":2018},"type":"Feature"},{"geometry":{"coordinates":[[[-65.05467672696378,79.222137300653],[-65.05396334095441,79.22177164977548],[-65.05325455112195,79.22140601203151],[-65.05130142298779,79.22153977645658],[-65.04899618583808,79.22149071075175],[-65.04704297288744,79.22162444511551],[-65.04509444051534,79.22175829038784],[-65.04314138492765,79.22188754121551],[-65.04118819280885,79.22202134262753],[-65.03923949826051,79.22215514608415],[-65.03764323216222,79.22247171989919],[-65.03569023052488,79.22260551379546],[-65.03409834749705,79.22292208146803],[-65.032854340954,79.22341703240264],[-65.03161451200609,79.22391644683032],[-65.03232796345156,79.22428210025696],[-65.03304145956218,79.22464775101568],[-65.03375033913044,79.2250088952454],[-65.03544047357487,79.22530772934049],[-65.03810249654302,79.22553960754203],[-65.04041216453624,79.22558860780394],[-65.04236093812294,79.22545933538724],[-65.04467076428422,79.22550840965262],[-65.0466238956008,79.22537463544394],[-65.04857241945355,79.22524083137151],[-65.0501687060744,79.22492420323206],[-65.0521220279223,79.22479042150435],[-65.05140854173682,79.22442477174084],[-65.05264781545071,79.22392986434274],[-65.0538878184976,79.223430448828],[-65.05317437045545,79.22306479956973],[-65.05441388755126,79.22256534522471],[-65.05467672696378,79.222137300653]]],"type":"Polygon"},"id":"000000000000000001cd","properties":{"area":152692.63861481354,"elevation":423.4773897575135,"region":"NO","year":2018},"type":"Feature"},{"geometry":{"coordinates":[[[-65.45405188696175,79.0730606228487],[-65.4533385383032,79.07269940139057],[-65.4526206733469,79.07233378305068],[-65.45286577697966,79.07190122102949],[-65.45215234755462,79.0715400708006],[-65.45143421860028,79.07117441479751],[-65.45072099696625,79.07080879688483],[-65.44904430844778,79.07051443055195],[-65.44736787968866,79.07022016269977],[-65.44473256514719,79.0699882856234],[-65.44245824001136,79.06994373062126],[-65.44054062420135,79.07008195746481],[-65.43826227871988,79.07003292825429],[-65.4363445776806,79.0701711255992],[-65.43477984379906,79.07048770791104],[-65.43286232302118,79.07062152650488],[-65.43094481071876,79.07075971666306],[-65.42902306660272,79.07089353029326],[-65.42710557554403,79.07102723077574],[-65.42781907434824,79.07139289099455],[-65.42853261717369,79.07175854853908],[-65.42925044961854,79.07211971877815],[-65.42996408032856,79.0724853709753],[-65.43164049063269,79.07277973791379],[-65.43235385887493,79.07314535088071],[-65.43427571517624,79.0730115956532],[-65.43690665754889,79.07323895700961],[-65.43954198251113,79.07346637989293],[-65.44146377037706,79.07333257503389],[-65.44374267175006,79.0733771952686],[-65.44601652205434,79.07342183307689],[-65.44829530680519,79.07347087832724],[-65.45057384257179,79.07351541094219],[-65.45249114855112,79.07338162882026],[-65.45405188696175,79.0730606228487]]],"type":"Polygon"},"id":"000000000000000001ce","properties":{"area":158129.76521233818,"elevation":532.0703833540655,"region":"NO","year":2018},"type":"Feature"},{"geometry":{"coordinates":[[[-64.86925874697612,79.31197922108709],[-64.86819303355165,79.3114308004965],[-64.86515635828886,79.31101613022852],[-64.86310512291166,79.3105344902929],[-64.8620348541228,79.309985990711],[-64.85801290219013,79.30963373599067],[-64.85399061855735,79.30928595269327],[-64.85292488393365,79.30873747920813],[-64.85284476357747,79.308122128909],[-64.84980802999105,79.30770745497615],[-64.84578575380267,79.3073551908172],[-64.84176830507347,79.3070073735523],[-64.83845970094127,79.30702069571002],[-64.83515086266503,79.30703405562585],[-64.83290341742095,79.30760041676619],[-64.83361719007776,79.3079660814712],[-64.83172615274816,79.30871075730073],[-64.83082107069386,79.3093884693993],[-64.83188685732236,79.30993700611639],[-64.8309863281562,79.31061921500503],[-64.83106630373864,79.31123454074623],[-64.8321322836182,79.3117830690751],[-64.83319798443735,79.31233155889474],[-64.83721981120671,79.31267934800543],[-64.84017192364867,79.31248315121064],[-64.84277606695248,79.31209967870687],[-64.84501905671138,79.31153780400459],[-64.84904085919865,79.31189009762424],[-64.85234952916747,79.3118722639026],[-64.85601499006545,79.3120416270682],[-64.85968504781789,79.31220666362887],[-64.86299354792398,79.31219326666293],[-64.86595023772334,79.31199706681419],[-64.86925874697612,79.31197922108709]]],"type":"Polygon"},"id":"000000000000000001cf","properties":{"area":296776.49345012335,"elevation":311.4431515151515,"region":"NO","year":2018},"type":"Feature"},{"geometry":{"coordinates":[[[-64.13376120949505,79.6108326400736],[-64.1334045088685,79.61064988051211],[-64.13203563463662,79.6105294362775],[-64.13101436691537,79.61059190394774],[-64.12999761991547,79.61065429030997],[-64.12898103095901,79.61072117747167],[-64.12795972159034,79.61078363413773],[-64.1269433218971,79.61084604299258],[-64.12627875216542,79.61109576447029],[-64.12526231142702,79.61115816708818],[-64.12424093333986,79.61122061014991],[-64.12322446517888,79.61128300546426],[-64.1222075565265,79.61134994381091],[-64.12153873975974,79.61159518350964],[-64.12087439067933,79.61184492362288],[-64.12020984394807,79.61209015714881],[-64.11919326669035,79.6121525373832],[-64.11817191915672,79.61221946232556],[-64.11750767822008,79.61246472192286],[-64.116843393921,79.6127143745053],[-64.11582219893091,79.61277681965272],[-64.11480531864159,79.6128392594505],[-64.11515787314377,79.61302207226632],[-64.11653107848058,79.61314248307208],[-64.11789997959303,79.61326288914961],[-64.11927323365107,79.61338328708162],[-64.12029012586135,79.61332083209749],[-64.1213113329245,79.61325837169849],[-64.12232821013595,79.613191514243],[-64.12334446479171,79.6131290905694],[-64.12471812975211,79.61324949662973],[-64.125734759146,79.61318709805175],[-64.12640339512397,79.61293734773133],[-64.12742037231546,79.61287497634946],[-64.12843715399293,79.61281249215094],[-64.1291058875136,79.61256284355355],[-64.12977025382548,79.61231758983772],[-64.13043441894537,79.61206782953995],[-64.13109911633552,79.61182260488266],[-64.13176361203963,79.61157287362074],[-64.1324278627759,79.61132761113424],[-64.13309230020165,79.61107787546452],[-64.13376120949505,79.6108326400736]]],"type":"Polygon"},"id":"000000000000000001d0","properties":{"area":55741.99373707954,"elevation":130.69424023524897,"region":"NO","year":2018},"type":"Feature"},{"geometry":{"coordinates":[[[-63.47421521666154,79.85789362680741],[-63.47107178499534,79.85746554447311],[-63.466879979341,79.85709544947755],[-63.463736787191685,79.85666736435681],[-63.46373641292906,79.856052034049],[-63.463732227208176,79.85543665118153],[-63.46268419671428,79.85488370027525],[-63.4616362720591,79.8543307435295],[-63.4584926751243,79.85389826053726],[-63.45954052407857,79.853224887561],[-63.46163194346902,79.85248476667445],[-63.460583917649565,79.85193176171299],[-63.458488183129504,79.85144127567752],[-63.45499680087617,79.85144125962063],[-63.45185773121512,79.8516241045971],[-63.44837044769761,79.85162409421942],[-63.44557913016735,79.8519941864821],[-63.447322560170605,79.85230188762715],[-63.44941864089619,79.85279240617587],[-63.4515144221297,79.85328736815255],[-63.45046606334811,79.85396071000393],[-63.45046629856219,79.85457600714444],[-63.448375081752936,79.85531624251962],[-63.44942269999092,79.85586916324097],[-63.451518550563804,79.856359661957],[-63.45570572434269,79.85672981285278],[-63.45884951605047,79.85715786524729],[-63.46094529582378,79.85765282967006],[-63.46408890236567,79.85808086638175],[-63.467932475942526,79.85826371477619],[-63.471071964770964,79.85808090996066],[-63.47421521666154,79.85789362680741]]],"type":"Polygon"},"id":"000000000000000001d1","properties":{"area":162694.11180170375,"elevation":254.55024211724268,"region":"NO","year":2018},"type":"Feature"},{"geometry":{"coordinates":[[[-64.77859196422206,79.3584742790037],[-64.77823477395735,79.3582915003083],[-64.77787817476097,79.358108677164],[-64.77752158687532,79.3579258533543],[-64.77617950274956,79.35780989716599],[-64.77483263465797,79.35769399048206],[-64.77447610528505,79.35751116255732],[-64.7741192057787,79.35732830135002],[-64.77312926480279,79.35739076554643],[-64.77213952667026,79.35745763206856],[-64.77079272526258,79.3573417063661],[-64.76980297165998,79.35740856473225],[-64.76916943425798,79.35765384826942],[-64.7685364661953,79.35790356820557],[-64.76790308945878,79.35815325342921],[-64.76727006695558,79.35840296919035],[-64.76663239341308,79.35864817993826],[-64.76698922677367,79.35883104807176],[-64.76734588832787,79.35901380652696],[-64.76671261113195,79.35926359529228],[-64.76607489657437,79.35951328484565],[-64.7664319488694,79.35969607606141],[-64.76678843259963,79.35987891036906],[-64.76714530915979,79.36006177663785],[-64.7684920242807,79.36017768590175],[-64.76983876145907,79.36029358882821],[-64.77082839222899,79.36023118287027],[-64.77181837362373,79.36016432384504],[-64.77280834112122,79.36009746127294],[-64.77379811151862,79.36003048614647],[-64.77478807010007,79.35996809864729],[-64.77542137970264,79.35971840163417],[-64.7760542805556,79.35946866991819],[-64.77668753569965,79.35921896872935],[-64.77732539156885,79.35897376821643],[-64.77795879065235,79.3587239864573],[-64.77859196422206,79.3584742790037]]],"type":"Polygon"},"id":"000000000000000001d2","properties":{"area":55738.27105400932,"elevation":262.8985358992392,"region":"NO","year":2018},"type":"Feature"},{"geometry":{"coordinates":[[[-63.68822546083745,79.7600296951691],[-63.68612527282016,79.75892382511654],[-63.68298591031848,79.75788490450059],[-63.68088603935313,79.75677902255124],[-63.67671645637721,79.75579804073868],[-63.66910517435361,79.75543239340792],[-63.662888884111815,79.7558069171668],[-63.657725246165946,79.75673448532626],[-63.65808631519086,79.75753262900062],[-63.660186642839854,79.75863849015614],[-63.662286784416146,79.75974436908753],[-63.66231382956389,79.76097062752066],[-63.663379491234764,79.76213883726601],[-63.66340609760951,79.76336960959743],[-63.661359334351374,79.76472513857877],[-63.6593126720194,79.76607628061912],[-63.66141324448084,79.76718210816084],[-63.66351741746903,79.76828800004155],[-63.66769161856336,79.76926896339513],[-63.673942935431384,79.7701251251144],[-63.68052909357245,79.77054871622101],[-63.686397372136256,79.76999134791635],[-63.68740508398765,79.7687027202386],[-63.68633949906369,79.76753436627807],[-63.68526894180819,79.76636610925239],[-63.68213005857963,79.76532268303175],[-63.678990749892556,79.76427922422197],[-63.679998534612096,79.76299052548589],[-63.68411454143314,79.76151013684895],[-63.68822546083745,79.7600296951691]]],"type":"Polygon"},"id":"000000000000000001d3","properties":{"area":681139.972250685,"elevation":213.1114284805832,"region":"NO","year":2018},"type":"Feature"},{"geometry":{"coordinates":[[[-64.54836391968101,79.44727732342142],[-64.54829677951088,79.4466619683764],[-64.54723103856286,79.44611347682056],[-64.54617010860379,79.4455605253753],[-64.54510437119701,79.44501209807137],[-64.54403835214488,79.44446363190134],[-64.54197402460466,79.44397753174151],[-64.53962422893017,79.44392402525146],[-64.53627087301652,79.44393745770758],[-64.53326966381974,79.4441336198973],[-64.53027322694662,79.44432540515807],[-64.52727253734437,79.44452156864652],[-64.52462824777095,79.44490057861132],[-64.52163171441677,79.4450967816954],[-64.5186306680895,79.44528855837214],[-64.51669506760393,79.44603322184216],[-64.5170474638404,79.44621603943332],[-64.51811316945597,79.44676895054295],[-64.51917458871426,79.44731746155212],[-64.5232368798933,79.44766971288563],[-64.52530122664571,79.44815574681101],[-64.5293679274984,79.4485124577204],[-64.53343044149682,79.44886471739429],[-64.53749250849252,79.44922144130983],[-64.54085047163521,79.44920808177022],[-64.54384659046727,79.44901188428999],[-64.54649527590475,79.44863288879185],[-64.54742751923507,79.44795511410683],[-64.54836391968101,79.44727732342142]]],"type":"Polygon"},"id":"000000000000000001d4","properties":{"area":259658.77491018598,"elevation":238.51331841379877,"region":"NO","year":2018},"type":"Feature"},{"geometry":{"coordinates":[[[-64.25183377102073,79.56890818986095],[-64.25076797498856,79.56835975464546],[-64.24970676443358,79.56780683672959],[-64.24864530339497,79.56725827672895],[-64.2475840950428,79.56670542278084],[-64.24652263533319,79.56615692678284],[-64.2444494484609,79.56567089006961],[-64.24237583689325,79.56518488000188],[-64.2403021819206,79.564694347646],[-64.23924104781476,79.56414589428066],[-64.23817980608175,79.5635929285815],[-64.2361109204376,79.56310694075364],[-64.23200852102924,79.5627501364137],[-64.22861966254693,79.56275911535819],[-64.2255784071312,79.56295085906955],[-64.22324655118354,79.56350819714828],[-64.2202094579024,79.56369998747901],[-64.21752079492188,79.56407894499418],[-64.21787775289964,79.56426181622832],[-64.21893421900252,79.56481030257973],[-64.21999550650249,79.56536321021744],[-64.22105687566204,79.56591171475317],[-64.22211367353385,79.56646458054672],[-64.22418698054551,79.56695065099743],[-64.22828978770322,79.56730738427413],[-64.23036309462493,79.56779337596492],[-64.23243675179286,79.56827946090478],[-64.23451001185889,79.56876996953676],[-64.23860798968846,79.56912672091691],[-64.24271049193247,79.56948341099996],[-64.24646050657867,79.56965735176256],[-64.24914498852974,79.56928273164843],[-64.25183377102073,79.56890818986095]]],"type":"Polygon"},"id":"000000000000000001d5","properties":{"area":284129.2353729259,"elevation":170.5619936908518,"region":"NO","year":2018},"type":"Feature"},{"geometry":{"coordinates":[[[-63.99230935464496,79.66754796560058],[-63.9919572750358,79.66736073263708],[-63.99160475721469,79.66717785822094],[-63.992278549800645,79.6669325971167],[-63.99192583258211,79.66674979803571],[-63.990900328206514,79.66681225025404],[-63.98987501894949,79.66687462320427],[-63.98884948683476,79.66693706804662],[-63.98818029436271,79.66718674762056],[-63.98715472065263,79.66724918615448],[-63.986129133070044,79.6673116209997],[-63.98510353161546,79.66737405215615],[-63.98408226701843,79.66743648000576],[-63.98340897381987,79.6676861801234],[-63.98238370741271,79.66774863491649],[-63.981358036621785,79.66781105238832],[-63.98033235196099,79.66787346617096],[-63.97931139491725,79.66793591035587],[-63.9796636872377,79.66812319022601],[-63.980015664801805,79.66830604302976],[-63.979342500270384,79.66855126283916],[-63.97969481389812,79.66873854178033],[-63.98004681270011,79.66892139367849],[-63.97937361468461,79.66916661206545],[-63.97972601361,79.66934949735354],[-63.98007796966465,79.66953674107006],[-63.98043060092238,79.66971954947579],[-63.981808115831576,79.66983995222276],[-63.98283396434621,79.66977753522788],[-63.98385940840068,79.669715080912],[-63.98523733778849,79.66983550134333],[-63.986263038085,79.669768570297],[-63.98693175758337,79.66952333639325],[-63.98760518994626,79.66927813424807],[-63.98863082037019,79.66921119423864],[-63.98965634846633,79.66914882806546],[-63.99032951499031,79.66890350922485],[-63.99099875129865,79.66865382872551],[-63.99167165001867,79.66840858101736],[-63.99131949168218,79.66822574138605],[-63.990967344874946,79.66804290110231],[-63.991640869381605,79.66779321721368],[-63.99230935464496,79.66754796560058]]],"type":"Polygon"},"id":"000000000000000001d6","properties":{"area":54835.61985517292,"elevation":124.27093309175613,"region":"NO","year":2018},"type":"Feature"},{"geometry":{"coordinates":[[[-65.57622249555583,78.94969065273285],[-65.57456359739055,78.94939634632607],[-65.57385026753208,78.94903069655746],[-65.5712414757279,78.94880330609067],[-65.57053263734545,78.94844212072161],[-65.56792401153645,78.94821469875912],[-65.56721483059391,78.94784908242475],[-65.5653152782386,78.94798732942321],[-65.56271125339184,78.94775986514476],[-65.56010267822306,78.94753244656866],[-65.55820749778823,78.94767065149391],[-65.55630809235187,78.94780447758042],[-65.55476980513527,78.9481255143625],[-65.55358351931945,78.94862497231152],[-65.55239732192858,78.94912434525529],[-65.55311069996058,78.94948553392618],[-65.55287005681441,78.94991810865763],[-65.55453342204434,78.95021239484687],[-65.55619195976307,78.95051109907551],[-65.55844400204982,78.95055570218844],[-65.56033906766044,78.95041754724355],[-65.56188200758038,78.95010088283068],[-65.563776945069,78.94996270295],[-65.56638553630775,78.95019013135867],[-65.5686374903566,78.9502346507507],[-65.57088917722122,78.9502836960759],[-65.57278436094806,78.95014548530558],[-65.57468393484942,78.95000726779658],[-65.57622249555583,78.94969065273285]]],"type":"Polygon"},"id":"000000000000000001d7","properties":{"area":107383.25030182794,"elevation":693.3589538029863,"region":"NO","year":2018},"type":"Feature"},{"geometry":{"coordinates":[[[-64.64607617805315,79.31570259505169],[-64.64537174134877,79.31533698333601],[-64.64466700318759,79.31496685263299],[-64.64396265578978,79.31460123566184],[-64.64424366185555,79.31417310653868],[-64.64353899892218,79.31380745363847],[-64.64283438050278,79.31344179811566],[-64.64114419210804,79.31313861037974],[-64.6404396874597,79.31277294750348],[-64.63776459988568,79.31253664394312],[-64.63508880454621,79.3123047332876],[-64.6331135270619,79.31243403999837],[-64.63079059525037,79.31238055007606],[-64.62846709190981,79.31232708469025],[-64.6268441733689,79.31264367132161],[-64.6248732967477,79.31277294221927],[-64.6228979559739,79.31290228518021],[-64.6212792222897,79.31321445276778],[-64.61965596017046,79.31353099403678],[-64.62036048456291,79.3138966593956],[-64.6200749603737,79.3143247271839],[-64.62077950589017,79.31469487294653],[-64.62148433790138,79.31506045623502],[-64.622184224384,79.31542616654357],[-64.62486438852234,79.31566245107652],[-64.62753969237887,79.31589435662113],[-64.63021983577882,79.31613066706839],[-64.63289527713304,79.31636700580293],[-64.63487025433106,79.31623771934741],[-64.63754581727325,79.31646953109963],[-64.63987356474638,79.31652303474557],[-64.64220112040938,79.31657659567861],[-64.64381983660195,79.31626442584867],[-64.64579541167505,79.31613064435984],[-64.64607617805315,79.31570259505169]]],"type":"Polygon"},"id":"000000000000000001d8","properties":{"area":182596.8349013632,"elevation":413.98803495669506,"region":"NO","year":2018},"type":"Feature"},{"geometry":{"coordinates":[[[-64.3630616312852,79.43866232869198],[-64.36200460048804,79.4381093960648],[-64.36095238244702,79.43756088719434],[-64.3598954194265,79.4370124210176],[-64.35584214503882,79.4366557061377],[-64.35379080927156,79.43616970510352],[-64.3507362593052,79.43574606639099],[-64.34838650536958,79.43569256933448],[-64.34468555610015,79.43551862515046],[-64.34133199898207,79.43552757579685],[-64.33868351338924,79.43590656438262],[-64.33603478138035,79.43628112406168],[-64.3333860991239,79.43666016850483],[-64.33409070174953,79.43702581774343],[-64.33413979142964,79.43764119687269],[-64.33519219885784,79.43818963523384],[-64.33724769068854,79.43867567753809],[-64.33929908595594,79.43916170941418],[-64.34335196795496,79.4395184774327],[-64.34670568887587,79.43950951946483],[-64.35075864067053,79.43986625954821],[-64.35376001310584,79.43967004892475],[-64.356760537895,79.43947832698635],[-64.3601140975073,79.43946939706174],[-64.36276250617097,79.43909040747239],[-64.3630616312852,79.43866232869198]]],"type":"Polygon"},"id":"000000000000000001d9","properties":{"area":201654.7204799946,"elevation":327.1461895128807,"region":"NO","year":2018},"type":"Feature"},{"geometry":{"coordinates":[[[-64.73078115908424,79.29563221309355],[-64.73070532346279,79.2950167885652],[-64.73062968297812,79.29440146998499],[-64.72957268643277,79.29385303990576],[-64.72753043701965,79.29337142397023],[-64.72457867019807,79.29356766150525],[-64.72162219881164,79.29376384600184],[-64.71867018909299,79.29396002005706],[-64.71571843725677,79.29415619509388],[-64.71347099774273,79.29472256479724],[-64.71087131966443,79.29510157215444],[-64.70827183719875,79.29548058615342],[-64.7063767025106,79.2962252519253],[-64.70377239853497,79.296604306267],[-64.70187716630369,79.29734896493905],[-64.70222970823264,79.29753178472492],[-64.70230525202551,79.29814710814738],[-64.70139133608677,79.29882492851418],[-64.70146723547116,79.29944027802915],[-64.70350929397108,79.29992183956361],[-64.70653705852332,79.30034099240791],[-64.70984600516667,79.30032759828407],[-64.71350235736023,79.30049706670198],[-64.71645860832862,79.30030090150433],[-64.71941493542626,79.30010462812523],[-64.72201458224401,79.29972568287589],[-64.72426189657506,79.29915931573672],[-64.72721410288541,79.29896310974392],[-64.72910916346086,79.29821849080136],[-64.72903795973386,79.29760310073944],[-64.72896198415164,79.29699224716585],[-64.72987143355752,79.29630997525261],[-64.73078115908424,79.29563221309355]]],"type":"Polygon"},"id":"000000000000000001da","properties":{"area":326680.6897367151,"elevation":396.20132175432843,"region":"NO","year":2018},"type":"Feature"},{"geometry":{"coordinates":[[[-63.474206419765636,79.76584437094967],[-63.47351083011598,79.76547871232],[-63.47281954341039,79.76510863724391],[-63.47212390930679,79.76473855140154],[-63.470393871545525,79.76443082682303],[-63.46970267326111,79.76406523915415],[-63.467972797927885,79.76375749945765],[-63.467277191310366,79.76338747421788],[-63.46520356598908,79.76351231278375],[-63.462434651249325,79.76326702510885],[-63.4607044858106,79.76357470255682],[-63.45932212461908,79.76406525068128],[-63.46001752904909,79.76443529136469],[-63.45967005542407,79.76486335990924],[-63.459326476102156,79.76529589753127],[-63.461056609618254,79.76560360870879],[-63.46175243189823,79.76596925344496],[-63.46244343121926,79.76633935007243],[-63.46313447684635,79.76670944412768],[-63.46383043745578,79.76707508115629],[-63.4645213610242,79.76744524517623],[-63.46659945765282,79.76732478109193],[-63.469020527368386,79.76738277937878],[-63.471098720103875,79.76726239264939],[-63.47282410512109,79.76695469818843],[-63.473515406396956,79.76670501148598],[-63.47385899306133,79.76627691636322],[-63.474206419765636,79.76584437094967]]],"type":"Polygon"},"id":"000000000000000001db","properties":{"area":91090.5751313192,"elevation":291.04360819472294,"region":"NO","year":2018},"type":"Feature"},{"geometry":{"coordinates":[[[-63.82324265552095,79.6189839241346],[-63.8228950674795,79.61880104581124],[-63.82152598247556,79.6186807245551],[-63.82117804199181,79.61849781005057],[-63.820830420208345,79.61831060996604],[-63.820482293173264,79.61812776965793],[-63.820134565940386,79.61794496255919],[-63.819113516572614,79.61800736143536],[-63.81809245348489,79.61806975663605],[-63.8167234915257,79.61794941277041],[-63.81570241437442,79.61801179957399],[-63.81468111409984,79.61807425818633],[-63.81366473173425,79.61813667431765],[-63.81264340403551,79.61819912559265],[-63.81162227203453,79.61826149770813],[-63.81060130533676,79.61832397549426],[-63.80957993644964,79.6183864157386],[-63.80855876328703,79.61844877682566],[-63.80753775540447,79.6185112435847],[-63.80686453064644,79.61876095608554],[-63.80721208411062,79.61894377675777],[-63.80756003737495,79.61912663065718],[-63.806886779147,79.61937634170165],[-63.80723456283285,79.61955908600704],[-63.80860344379642,79.61967954882351],[-63.80895105403453,79.61986236627692],[-63.809298931513204,79.62004961113821],[-63.81066809630468,79.62016998868822],[-63.81203707600588,79.62029043530792],[-63.81340590101333,79.62041076617507],[-63.814427208902266,79.62034838992258],[-63.81544811453417,79.6202859761349],[-63.81646921587368,79.62022348318939],[-63.81714273319136,79.61997828834807],[-63.818163584266244,79.61991586458247],[-63.81918501954956,79.61985339551096],[-63.81985385924651,79.61960376237178],[-63.82052708473893,79.61935844847379],[-63.82154824230403,79.61929604596344],[-63.822569386144814,79.61923363977742],[-63.82324265552095,79.6189839241346]]],"type":"Polygon"},"id":"000000000000000001dc","properties":{"area":57554.741500877455,"elevation":225.29114315776448,"region":"NO","year":2018},"type":"Feature"},{"geometry":{"coordinates":[[[-63.664226759892074,79.67692549289048],[-63.663878849741266,79.67674263713468],[-63.66353095098983,79.67655978073624],[-63.663183249755726,79.6763725320205],[-63.66284012162102,79.67618971356457],[-63.66249225713444,79.67600685523763],[-63.66146188212405,79.67606932267664],[-63.66043645239073,79.67613175034171],[-63.65940626112779,79.67619413503053],[-63.65838060153611,79.6762521295788],[-63.65700713406158,79.67613175728549],[-63.655629545261256,79.67601129796537],[-63.65425592656684,79.67588648708038],[-63.65323045523149,79.6759488894653],[-63.65220040095626,79.67601135814337],[-63.65117490194244,79.67607375313743],[-63.650492712188196,79.67631901084984],[-63.649814837776944,79.67656877269177],[-63.64913280004485,79.67681395056093],[-63.64845052099468,79.67705920148225],[-63.647768212223696,79.67730445013956],[-63.64709021818036,79.67755420292451],[-63.646408240000156,79.67779948112846],[-63.64675613085229,79.6779822793627],[-63.648129348215974,79.67810716534686],[-63.649502604073504,79.67822754395776],[-63.650880633256214,79.6783479555841],[-63.65225413842333,79.67847274697402],[-63.65328420159862,79.67841035592133],[-63.65430950223082,79.67834792177386],[-63.65533974924451,79.67828544798142],[-63.65636541241119,79.67822304050829],[-63.65739106175278,79.67816062934742],[-63.65842105555497,79.67809821974835],[-63.65944667721021,79.67803580119686],[-63.660476643255755,79.67797338417645],[-63.66150223722246,79.67791095823465],[-63.66218426038431,79.67766567747104],[-63.662866644042445,79.67742042849831],[-63.66354443583033,79.67717074639162],[-63.664226759892074,79.67692549289048]]],"type":"Polygon"},"id":"000000000000000001dd","properties":{"area":66618.48031992398,"elevation":240.03613302067785,"region":"NO","year":2018},"type":"Feature"},{"geometry":{"coordinates":[[[-63.979070650489604,79.55867454463186],[-63.97529793251126,79.5578853240756],[-63.97051355191024,79.5571540036716],[-63.963699862482905,79.5565520319953],[-63.95758672401282,79.55631567820483],[-63.95216894061193,79.55644945742466],[-63.9470988267247,79.55676159889717],[-63.942028854058826,79.55707818910122],[-63.9376542686985,79.55776046362263],[-63.93362766005513,79.55862992769889],[-63.93435460620844,79.55961092839594],[-63.93711029819088,79.56046708092832],[-63.9429070887891,79.56113602089718],[-63.94769191623971,79.5618628207343],[-63.947401763924304,79.56291069286077],[-63.94711656372903,79.5639541172031],[-63.94885540423458,79.56487273561409],[-63.95465690954174,79.5655415992977],[-63.95944594959401,79.56626843550258],[-63.96382486231626,79.56558612731257],[-63.96785148099052,79.5647210958425],[-63.97086118303892,79.56391401220135],[-63.97114655642292,79.56287056956513],[-63.97041981832138,79.56188960372151],[-63.97171726886431,79.56077925792984],[-63.97504384068618,79.5595441053211],[-63.979070650489604,79.55867454463186]]],"type":"Polygon"},"id":"000000000000000001de","properties":{"area":583212.641028631,"elevation":290.1098783018755,"region":"NO","year":2018},"type":"Feature"},{"geometry":{"coordinates":[[[-65.53834663930624,78.98952827852668],[-65.53727674056549,78.98898427542703],[-65.53620656831417,78.98844023470744],[-65.5351360289357,78.98789176796681],[-65.53502031601946,78.98728093971046],[-65.53395012606643,78.9867323869113],[-65.53193000912987,78.98625533375377],[-65.53085976617558,78.98571130865201],[-65.52800600890185,78.9859164391856],[-65.52515213203489,78.98612153918963],[-65.5230074895106,78.98668785774477],[-65.52122377253004,78.98743691666725],[-65.5190790695748,78.98800322766692],[-65.51693405649593,78.98857398366397],[-65.51443712133575,78.98895753434083],[-65.51264898423734,78.98970668294416],[-65.51336245895835,78.99007231088369],[-65.5144281157809,78.9906162972425],[-65.51359413818808,78.99129852004229],[-65.51621179004657,78.99152597993515],[-65.51835650056903,78.9909596488019],[-65.52192379048674,78.99112019012206],[-65.52478226181606,78.990915052144],[-65.52763596680666,78.99070995313609],[-65.53049401106809,78.99050483119412],[-65.53334812428186,78.990304199913],[-65.53620184222274,78.99009904096754],[-65.53834663930624,78.98952827852668]]],"type":"Polygon"},"id":"000000000000000001df","properties":{"area":198908.21469404816,"elevation":666.250053999568,"region":"NO","year":2018},"type":"Feature"},{"geometry":{"coordinates":[[[-63.666946755921025,79.70631092750193],[-63.666598815678746,79.70612810914056],[-63.66625128233809,79.7059408242699],[-63.66590336510734,79.70575800461776],[-63.664525430329775,79.70563761094199],[-63.663495387424355,79.70570003385198],[-63.662465330594145,79.70576245305311],[-63.6614352598397,79.7058248685453],[-63.660405175161536,79.7058872803285],[-63.659370495519525,79.70594975841371],[-63.658688584318696,79.70619502443506],[-63.65765844417395,79.70625742612103],[-63.65662829010709,79.70631982409765],[-63.65594629396067,79.70656508253406],[-63.655263664708585,79.70681037994808],[-63.65458160896,79.70705563386363],[-63.65389933521793,79.70730527599503],[-63.65424712075565,79.70748810666434],[-63.6545949177253,79.7076709366915],[-63.65391278866346,79.70792068669142],[-63.65426059499426,79.70810351647262],[-63.65460841275838,79.70828634561164],[-63.654956445506606,79.70847359860308],[-63.655303895002426,79.708656392391],[-63.65565174721383,79.70883921959728],[-63.6570296220371,79.70895961909709],[-63.65805961197595,79.70890168810614],[-63.659089595701985,79.70883925363178],[-63.66012432687917,79.70877685478861],[-63.660806748102736,79.70852712580758],[-63.661488741728164,79.70828186030322],[-63.662519033278556,79.70821944711834],[-63.66354891961219,79.70815699617452],[-63.66457918330269,79.70809457557185],[-63.66560904177552,79.70803211721311],[-63.66526106437425,79.70784929982125],[-63.664913489683066,79.70766651583445],[-63.665595734422574,79.70741677241926],[-63.66627794468931,79.70717152658669],[-63.665929985868196,79.70698870871006],[-63.66558203848299,79.70680589019094],[-63.66626460995376,79.706556177061],[-63.666946755921025,79.70631092750193]]],"type":"Polygon"},"id":"000000000000000001e0","properties":{"area":61180.23702850264,"elevation":241.10566410793203,"region":"NO","year":2018},"type":"Feature"},{"geometry":{"coordinates":[[[-63.49573954353508,79.77973897045577],[-63.492266059529804,79.77850827215173],[-63.48671873329106,79.77740240480003],[-63.48186709796167,79.77666665850973],[-63.472164170345955,79.77580605582104],[-63.46869963654632,79.77457974106592],[-63.466269410955576,79.77328666551713],[-63.46488269363865,79.77193556083573],[-63.460378873221465,79.77076725332185],[-63.45345392214196,79.7701519078753],[-63.44514638523116,79.77003149062482],[-63.43718707275572,79.7700894600763],[-63.430609792238414,79.77089208129598],[-63.42264583143201,79.77095008358692],[-63.416416655890714,79.77193549087443],[-63.41710764129114,79.77230566225683],[-63.41745111316039,79.77371913710486],[-63.42298933576462,79.77482505097335],[-63.4264495823667,79.77605574175165],[-63.43407023575534,79.7770367644734],[-63.44169078547926,79.77802216715212],[-63.45104594240647,79.77869995984526],[-63.457970925069226,79.77808459304931],[-63.46593913781264,79.77802220181293],[-63.47564231811983,79.77888278751526],[-63.48326765768714,79.77986380595246],[-63.49054921441445,79.78066196071585],[-63.49573954353508,79.77973897045577]]],"type":"Polygon"},"id":"000000000000000001e1","properties":{"area":856070.1314581038,"elevation":285.4300304062322,"region":"NO","year":2018},"type":"Feature"},{"geometry":{"coordinates":[[[-65.35639309936354,79.07062597301649],[-65.35401180036352,79.06996599863977],[-65.3506677461802,79.06937291703454],[-65.34647166527489,79.06946215149476],[-65.34156227885461,79.06918563319647],[-65.336295794359,79.06872639211733],[-65.33199272083188,79.06820020415805],[-65.33153373327096,79.06740651616347],[-65.33010659071836,79.06667520852686],[-65.32868432019961,79.06594839531436],[-65.3237793439033,79.06567189728571],[-65.31993998929697,79.06593939415758],[-65.31681420990569,79.0665771065712],[-65.313326889385,79.06702745281338],[-65.31055332722534,79.06784349478713],[-65.31126274946598,79.06820911474145],[-65.30884580937719,79.0692035190208],[-65.30930511303173,79.07000166004494],[-65.31229280376289,79.07041190231193],[-65.31613645206765,79.07014438238112],[-65.31926206492605,79.06951117722427],[-65.32310611138999,79.06923915777914],[-65.32730201498907,79.06914995076983],[-65.33256380338115,79.06960924035668],[-65.3368668482772,79.07013546164796],[-65.3408173415037,79.07047881219945],[-65.34501335276394,79.07039409666423],[-65.34956633661406,79.0704877051364],[-65.35483237837062,79.07094255431991],[-65.35639309936354,79.07062597301649]]],"type":"Polygon"},"id":"000000000000000001e2","properties":{"area":227906.22321431633,"elevation":564.7104489408788,"region":"NO","year":2018},"type":"Feature"},{"geometry":{"coordinates":[[[-64.20885217702103,79.52058046914759],[-64.20779547925882,79.52002748626519],[-64.20775108844249,79.5194121909635],[-64.20568646950412,79.51892615931548],[-64.20160645142286,79.51856938076834],[-64.19954630301181,79.51808337661704],[-64.19546611323823,79.5177221549008],[-64.19209069335061,79.51773110938123],[-64.18836280468499,79.51755717932227],[-64.18533486696444,79.51774894511829],[-64.18230739619827,79.51794063581127],[-64.17963191391375,79.51831522421227],[-64.17660862952607,79.51850695922155],[-64.17358072390873,79.51869874024719],[-64.17160548233481,79.51943892781969],[-64.16893001025525,79.51981347516595],[-64.16998240652653,79.52036646642124],[-64.17406249711796,79.52072312975592],[-64.17814277777798,79.52108431947728],[-64.18020251437126,79.52157035283066],[-64.18428281731875,79.52193160745938],[-64.1883627615914,79.5222882633549],[-64.19174286843565,79.52227936623751],[-64.19512294058369,79.52227042949654],[-64.19815042765286,79.5220787347324],[-64.20117838177222,79.52188696485553],[-64.20420171373968,79.52169524138081],[-64.20617698606536,79.520955002408],[-64.20885217702103,79.52058046914759]]],"type":"Polygon"},"id":"000000000000000001e3","properties":{"area":280503.98197103053,"elevation":248.6266020134143,"region":"NO","year":2018},"type":"Feature"},{"geometry":{"coordinates":[[[-65.3107097529964,79.08750361566578],[-65.30999630757613,79.08714246923365],[-65.30928270446921,79.08677682683748],[-65.30857364270088,79.08641119314753],[-65.30786012761295,79.08604554541527],[-65.30715117071838,79.08568429085085],[-65.30643774334904,79.0853186377949],[-65.3047655289515,79.08501993632504],[-65.30213026576234,79.08479246586552],[-65.30020412653555,79.0849262781663],[-65.2982820574681,79.08506005629472],[-65.29636013154672,79.08519831406215],[-65.29443383215474,79.08533208509562],[-65.29251197666498,79.08546585399337],[-65.29094234408103,79.08578242042309],[-65.2897297685704,79.08628183231482],[-65.28780749402593,79.08641564333986],[-65.28659471751205,79.08691503777956],[-65.28467285470094,79.08704878058165],[-65.28346006017799,79.08754826649438],[-65.28416904233494,79.08791391173726],[-65.2829563342367,79.08841331429389],[-65.2842716342524,79.08852920291508],[-65.28655484515602,79.08857380893848],[-65.28847654507467,79.08844002415232],[-65.2900462164698,79.0881234490788],[-65.29196816071979,79.0879896709204],[-65.29425105723158,79.08803429036801],[-65.2961729176728,79.08790048263552],[-65.29809903246199,79.08776674971975],[-65.30002116030165,79.08763294648408],[-65.30265628633012,79.08786037126362],[-65.30493520479695,79.08790941671211],[-65.30686154934264,79.08777565437002],[-65.30878351551247,79.08763740552631],[-65.3107097529964,79.08750361566578]]],"type":"Polygon"},"id":"000000000000000001e4","properties":{"area":138193.63435462955,"elevation":548.9947600733076,"region":"NO","year":2018},"type":"Feature"},{"geometry":{"coordinates":[[[-64.34215271173025,79.47996249543611],[-64.3420993511752,79.47934714549527],[-64.34068995871952,79.4786158717521],[-64.33827771880604,79.47794694973898],[-64.33385877119505,79.47740748378902],[-64.33043850030741,79.47680100363799],[-64.3250164885342,79.47632385224661],[-64.3195940595836,79.47584671781868],[-64.31522416697479,79.47592252228975],[-64.31121091555332,79.47618117018467],[-64.30719350392359,79.47643539783324],[-64.30317592226602,79.47669396844793],[-64.29916253036366,79.47694818518077],[-64.2958492820223,79.47757242650061],[-64.29253642240322,79.47819669082628],[-64.29323634154996,79.47856234229381],[-64.29263455739525,79.47942738350073],[-64.29504675712477,79.48009627796284],[-64.2994658408948,79.4806358017891],[-64.30283235219424,79.48062690461002],[-64.30720236572853,79.4805555362514],[-64.31157202104886,79.48047977654653],[-64.31593773034186,79.48040838875248],[-64.32065993129069,79.48051539390133],[-64.32538219592982,79.48062690755623],[-64.32975191463687,79.48055108939297],[-64.33412215214899,79.48047974737501],[-64.33884389811642,79.48058679194062],[-64.34215271173025,79.47996249543611]]],"type":"Polygon"},"id":"000000000000000001e5","properties":{"area":395605.7774809664,"elevation":272.0884906289722,"region":"NO","year":2018},"type":"Feature"},{"geometry":{"coordinates":[[[-65.53891296778939,79.15975445094439],[-65.5385517374036,79.15957159317091],[-65.53722311241775,79.1594601297904],[-65.53685720407664,79.15927733884229],[-65.53746407123008,79.15902760760707],[-65.53710269584923,79.1588448242123],[-65.53577386900056,79.15872886287721],[-65.53444497905004,79.1586173546062],[-65.5331160041297,79.158501457817],[-65.53275518981852,79.1583230823749],[-65.53238938365918,79.15814028446732],[-65.53106066514847,79.15802430079505],[-65.52973169182967,79.15791284728944],[-65.52876856267031,79.1579797313792],[-65.52816211370393,79.1582293996995],[-65.52755582542244,79.15847917475533],[-65.52695384724221,79.1587288471103],[-65.52634713158342,79.158978586574],[-65.52670835685495,79.15916138270744],[-65.52706959336197,79.15934417816224],[-65.52646774976343,79.15959395607553],[-65.52682899711941,79.15977675123978],[-65.52719006576636,79.15995962280984],[-65.52658348704833,79.16020928280558],[-65.5259817816821,79.16045898047429],[-65.52537496184868,79.16070871359524],[-65.5257362303731,79.1608915085782],[-65.52670422796646,79.16082018682172],[-65.52767174839056,79.16075328921137],[-65.52863925534268,79.16068638815278],[-65.52960683478368,79.1606150243959],[-65.53093583873077,79.16073101410593],[-65.53190331660076,79.16066410162527],[-65.5328708657329,79.16059272643746],[-65.53383398006177,79.16052590787494],[-65.53480179349138,79.16045901668463],[-65.53576921714608,79.1603920904215],[-65.53673708692224,79.16032073305288],[-65.53770466968506,79.16025390859997],[-65.53830666524725,79.160004138302],[-65.53891296778939,79.15975445094439]]],"type":"Polygon"},"id":"000000000000000001e6","properties":{"area":55730.54762498485,"elevation":291.8373693601837,"region":"NO","year":2018},"type":"Feature"},{"geometry":{"coordinates":[[[-65.12939373363378,79.32688599514816],[-65.1290322527312,79.32670766663321],[-65.1286712072523,79.32652480883495],[-65.12929557960051,79.32627512052812],[-65.12893434949642,79.32609233912524],[-65.12795354666711,79.32615918269606],[-65.126967943329,79.32622608461915],[-65.1256213392026,79.32611012104684],[-65.12427456168628,79.32599422779637],[-65.12293259275371,79.32587826641887],[-65.12158585903313,79.32576236048902],[-65.1202393425594,79.32564637153996],[-65.11925371702876,79.32571324695851],[-65.11826845864353,79.32578015101569],[-65.11728739681854,79.32584703437067],[-65.11630172977543,79.32591389923113],[-65.11531623450443,79.32598086939849],[-65.11469193573103,79.32623055811592],[-65.11406761017918,79.32648024478206],[-65.1134436388664,79.32672996156688],[-65.11380466374438,79.32691276042362],[-65.1141660810686,79.32709559077306],[-65.1135415050395,79.32734535079567],[-65.11390278657954,79.32752369683482],[-65.11524508603861,79.32763962320138],[-65.11623052454108,79.32757273168335],[-65.11721594919197,79.32750583664216],[-65.11856247826411,79.32762173034061],[-65.11990921493872,79.3277377265191],[-65.12089462238369,79.32767081875994],[-65.12187580499274,79.32760392472183],[-65.1232221791598,79.32771987321776],[-65.12456895632214,79.32783584752248],[-65.12555433273856,79.32776892353843],[-65.126178457619,79.327519213315],[-65.12680293678311,79.32726953319339],[-65.12742700810578,79.32701981886837],[-65.12840808192327,79.32695290135874],[-65.12939373363378,79.32688599514816]]],"type":"Polygon"},"id":"000000000000000001e7","properties":{"area":53918.17209245501,"elevation":178.46920995313843,"region":"NO","year":2018},"type":"Feature"},{"geometry":{"coordinates":[[[-65.38905621957694,79.23056942192939],[-65.38832946008588,79.23020823274041],[-65.38857887674656,79.22977573770507],[-65.38785649196613,79.2294100675265],[-65.38810648471737,79.22897752490526],[-65.3883557561208,79.22854948186487],[-65.38568510865825,79.22831759538933],[-65.3833749120644,79.22827302818523],[-65.38106542646719,79.22822394064725],[-65.37911662820692,79.22836221546183],[-65.3775291071867,79.22867879251395],[-65.3755808846512,79.22881254022661],[-65.37435872223247,79.22931195819714],[-65.37313266136611,79.2298114211936],[-65.3738548384495,79.23017704848886],[-65.373605244455,79.23060955764535],[-65.3743276288897,79.2309707254319],[-65.3750542773009,79.23133643428274],[-65.37480015909577,79.2317689298014],[-65.37455057683158,79.2322014340428],[-65.37527290205188,79.23256267225203],[-65.37794838495826,79.2327945237088],[-65.37964738013838,79.23308886318627],[-65.38098510201685,79.233204809835],[-65.3832949463401,79.23324938186279],[-65.38524338487936,79.23311555765369],[-65.38683104900842,79.23279902803792],[-65.38877973317896,79.23266520999637],[-65.38805259834209,79.23229953769736],[-65.38635368632522,79.2320007902272],[-65.38660818936617,79.23157272562189],[-65.38782981730995,79.23107333918394],[-65.38905621957694,79.23056942192939]]],"type":"Polygon"},"id":"000000000000000001e8","properties":{"area":138193.63435462033,"elevation":252.12287456716115,"region":"NO","year":2018},"type":"Feature"},{"geometry":{"coordinates":[[[-64.0158579435889,79.756779055838],[-64.0151489730562,79.75640890588453],[-64.01443559315227,79.75604332730201],[-64.01268773883419,79.7557400835016],[-64.01197872786432,79.75536999899838],[-64.01126533362904,79.75500430121077],[-64.00919612153545,79.75512921654172],[-64.00641799999367,79.75488840820242],[-64.00363997885454,79.75464757383482],[-64.00193227177051,79.75495969887957],[-64.00057670212648,79.75545472818006],[-63.998507838114875,79.75557952511507],[-63.99922109075681,79.75594517438614],[-63.99786549185806,79.75644011020951],[-63.996509956007706,79.75693514616542],[-63.997219197365425,79.75730521868742],[-63.99689788132998,79.75773325462511],[-63.99657706829851,79.75816582058314],[-63.99625583945228,79.75859835082406],[-63.99696484516015,79.75896399614177],[-63.99767828382189,79.75932963919838],[-63.998391507880335,79.75969974444033],[-64.00116993172627,79.75994055633092],[-64.00323875848377,79.7598156823492],[-64.00530319116163,79.75968640391035],[-64.00701561295267,79.75937874061862],[-64.00908449975273,79.75924935930996],[-64.01115364892284,79.75912457070257],[-64.01250931504605,79.7586296176931],[-64.01386008181036,79.75813462198843],[-64.01521590160844,79.75763968460569],[-64.01553710813033,79.75721158278465],[-64.0158579435889,79.756779055838]]],"type":"Polygon"},"id":"000000000000000001e9","properties":{"area":157255.86851029997,"elevation":128.6466079916309,"region":"NO","year":2018},"type":"Feature"},{"geometry":{"coordinates":[[[-63.87247550876757,79.87937313822033],[-63.87070985130672,79.87906986437544],[-63.86790065168287,79.87882464274999],[-63.865809419554516,79.87895397570084],[-63.863713606132805,79.87907879752323],[-63.861621956229996,79.87920368221974],[-63.85952642535589,79.87932850768412],[-63.85707370644431,79.87927055574707],[-63.85498252352452,79.8793953516434],[-63.85288703210318,79.87952023886145],[-63.85079116738979,79.87964957067103],[-63.84905640114579,79.8799572429736],[-63.84696070771795,79.8800820871266],[-63.84522623141229,79.8803942623251],[-63.843843494174486,79.88088474665118],[-63.844557333861,79.88125486402701],[-63.84527517999832,79.8816204544576],[-63.847036345649165,79.8819281763401],[-63.84913238236893,79.88180333547346],[-63.85158487333382,79.8818612863857],[-63.853319151950416,79.88154915390356],[-63.855771980989175,79.88160710419243],[-63.85786760077122,79.88148227621653],[-63.859963376615745,79.88135735784823],[-63.862054843279424,79.881232530866],[-63.86379391924581,79.88092040402589],[-63.86588967718593,79.88079555168505],[-63.86798094209017,79.88067068172947],[-63.86971983088677,79.88036301100881],[-63.871097731627366,79.87986807918847],[-63.87247550876757,79.87937313822033]]],"type":"Polygon"},"id":"000000000000000001ea","properties":{"area":108311.67888750997,"elevation":218.62019947645717,"region":"NO","year":2018},"type":"Feature"},{"geometry":{"coordinates":[[[-64.15354621302423,79.86109968229715],[-64.15073252350932,79.86086338154979],[-64.14828449809411,79.86080542472929],[-64.14619780846216,79.86093470248443],[-64.14374955185271,79.86087678409683],[-64.14130151707916,79.86081877018444],[-64.13993715153609,79.86131374997522],[-64.13785001570861,79.86144304333516],[-64.13576321845211,79.8615723551118],[-64.13367635350815,79.861697266232],[-64.13158943879645,79.86182654803982],[-64.1295026694366,79.86195135367225],[-64.12741582359952,79.86208071446582],[-64.12918154845205,79.86238396339243],[-64.13199514357196,79.86262474039594],[-64.13408219956557,79.86249545741572],[-64.13653002720079,79.8625533890337],[-64.13897826314161,79.86261133408817],[-64.14106519902454,79.86248200184016],[-64.14351762882418,79.8625399837406],[-64.14524330659471,79.86222786093178],[-64.14733025223877,79.86209859264291],[-64.14977816646322,79.8621565246821],[-64.15113813053227,79.86166153696638],[-64.15322526954158,79.8615322593023],[-64.15354621302423,79.86109968229715]]],"type":"Polygon"},"id":"000000000000000001eb","properties":{"area":57554.74150089414,"elevation":131.53420134562668,"region":"NO","year":2018},"type":"Feature"},{"geometry":{"coordinates":[[[-64.24934104724224,79.86222783007571],[-64.2486095240889,79.86186223150675],[-64.24892626803492,79.86142968588219],[-64.24923856669797,79.8609971412897],[-64.24851155782409,79.86063153577473],[-64.2456977679426,79.86039518784575],[-64.24497128047412,79.86002503537271],[-64.24215748585098,79.85978872961662],[-64.23970948131242,79.85973074942618],[-64.23762240433143,79.85986002953608],[-64.23517456702812,79.85980212112938],[-64.23308779816502,79.85993140239026],[-64.23027840836056,79.85969505860318],[-64.22819153112965,79.85981991964319],[-64.22647016639206,79.86013208856133],[-64.2251102188493,79.86062703552881],[-64.22375457310021,79.86112197072507],[-64.22239477993713,79.8616169330198],[-64.224164935306,79.86192020289951],[-64.22697888001893,79.86216095152085],[-64.22874883119086,79.86246416056984],[-64.22843205984263,79.86289674314447],[-64.22915921490129,79.86326234521236],[-64.23197275766445,79.86350316416224],[-64.23405981035728,79.86337386505238],[-64.23651241530008,79.86342736277632],[-64.2385947923709,79.86330249592372],[-64.24068148545872,79.86317322532813],[-64.24276832994114,79.8630438641327],[-64.24485530259032,79.86291459684116],[-64.24693744728027,79.86278967026321],[-64.24902430239766,79.86266037304547],[-64.24934104724224,79.86222783007571]]],"type":"Polygon"},"id":"000000000000000001ec","properties":{"area":159068.61627411935,"elevation":119.03145304525731,"region":"NO","year":2018},"type":"Feature"},{"geometry":{"coordinates":[[[-65.61903870558814,79.18107343732852],[-65.61867316285063,79.18089059258688],[-65.61830706480679,79.18070779277942],[-65.61794607409065,79.1805249532385],[-65.6175805137553,79.1803465651683],[-65.61721482676016,79.1801637948154],[-65.61624725090184,79.18023067623534],[-65.61527966154347,79.18029755421347],[-65.61394655466586,79.18018603605339],[-65.61297875999303,79.18025298319013],[-65.61201108764905,79.18032430847425],[-65.61104345525654,79.18039117159036],[-65.61007580936666,79.18045803126428],[-65.60910375313672,79.18052944813161],[-65.60850165070899,79.18077908168992],[-65.6078951806431,79.18102881519431],[-65.60729321454194,79.18127855346879],[-65.60668688291297,79.1815282058916],[-65.60608486575202,79.18177794023107],[-65.60547829314719,79.18202766582361],[-65.60487660202628,79.18227742775606],[-65.60427011129633,79.18253153088982],[-65.60463555809804,79.18270993227888],[-65.60500152657391,79.18289274600484],[-65.60536259895206,79.18307552072427],[-65.60572802327752,79.18325837867206],[-65.60609408173543,79.18343673174375],[-65.607427082827,79.18355271300953],[-65.60839481317554,79.18348575713395],[-65.6093623949094,79.1834144163429],[-65.61032990816325,79.18334753070611],[-65.61129778507174,79.18328067314927],[-65.61226985518748,79.18320932869347],[-65.61287160927849,79.18295966084486],[-65.6138392461222,79.18289268537967],[-65.6148069198606,79.18282143361468],[-65.6157788697715,79.1827545350124],[-65.61674665317591,79.18268765784818],[-65.61734847038844,79.18243790146035],[-65.61795516912117,79.18218818120515],[-65.61758941497372,79.18200541377995],[-65.61722386185752,79.18182256853255],[-65.61783015706433,79.18157281558285],[-65.61843208454128,79.18132316272252],[-65.61903870558814,79.18107343732852]]],"type":"Polygon"},"id":"000000000000000001ed","properties":{"area":72948.11518393258,"elevation":207.97288995075323,"region":"NO","year":2018},"type":"Feature"},{"geometry":{"coordinates":[[[-65.21564150729029,79.2595313263698],[-65.21491910673289,79.2591656259737],[-65.21322049982447,79.25886689702145],[-65.21250238394876,79.25850573389289],[-65.21177994933996,79.25814010003121],[-65.21106231753474,79.25777439999919],[-65.21033997352058,79.25740876072906],[-65.2105983550093,79.25698073224238],[-65.20988026185904,79.25661507101273],[-65.20915802946526,79.25624942579093],[-65.20746358661188,79.25595068419575],[-65.20674126598367,79.25558948625753],[-65.20406560924538,79.2553575976869],[-65.2021129221063,79.25549133798164],[-65.20051629003903,79.2558079077211],[-65.1985632760501,79.25594169904268],[-65.19928099572824,79.25630738887192],[-65.19804578985212,79.25680678514048],[-65.19681068508467,79.25730171856205],[-65.19655214538258,79.25773432594254],[-65.19727011918404,79.25809993889999],[-65.19798813808985,79.2584655491687],[-65.19871019376147,79.25883121498688],[-65.2004047084817,79.25912551634069],[-65.20210366148817,79.25942427543053],[-65.20477928003429,79.25965619251522],[-65.20745480822563,79.25988359765266],[-65.21013021954461,79.26011543225458],[-65.21208752193925,79.25998170358295],[-65.21404534222863,79.25984791618113],[-65.21564150729029,79.2595313263698]]],"type":"Polygon"},"id":"000000000000000001ee","properties":{"area":121882.25456195192,"elevation":265.5531138763863,"region":"NO","year":2018},"type":"Feature"},{"geometry":{"coordinates":[[[-64.8555200399063,79.41099357675036],[-64.85380794845648,79.41069482866776],[-64.85308982672147,79.41032919614969],[-64.85237175077961,79.40996356094844],[-64.84966539660549,79.40972722227166],[-64.84732005078625,79.40967814070818],[-64.84496988391892,79.40962909683704],[-64.84262430125327,79.4095755729151],[-64.84063568142204,79.40970936562665],[-64.83864695857723,79.40983866368771],[-64.83629692572995,79.40978965754212],[-64.83395148056357,79.4097361715118],[-64.83268073623276,79.41023554221768],[-64.83140968332792,79.4107349809408],[-64.83212777386902,79.41110061907015],[-64.83284128180962,79.4114662347511],[-64.83455324610783,79.4117650276117],[-64.83527149877524,79.41213065556573],[-64.83598921514087,79.41249632470233],[-64.83797800136175,79.4123625379269],[-64.84068464101082,79.41259887513257],[-64.8433913230408,79.41283070656202],[-64.84610252448107,79.41306260848386],[-64.84844784260318,79.41311611771422],[-64.85007992921383,79.41279954675244],[-64.85242557074429,79.41285305579976],[-64.85441432514293,79.41271926333181],[-64.85469067162782,79.412286716416],[-64.85496738350845,79.41185420003514],[-64.85524374736794,79.41142612956024],[-64.8555200399063,79.41099357675036]]],"type":"Polygon"},"id":"000000000000000001ef","properties":{"area":140025.41264789735,"elevation":129.19735700801064,"region":"NO","year":2018},"type":"Feature"},{"geometry":{"coordinates":[[[-63.89776332307005,79.75967300367499],[-63.89741089042738,79.75949021486018],[-63.897054293526715,79.75930734809076],[-63.896701884241914,79.75912455796677],[-63.89531045160551,79.75900415487315],[-63.89392373447498,79.7588792826101],[-63.89253713323883,79.7587589021489],[-63.89114577657916,79.75863847951132],[-63.890111507514014,79.75870088474775],[-63.889077013049366,79.75876336170134],[-63.88769006786754,79.7586429249506],[-63.886303329968385,79.7585225908955],[-63.88526863859355,79.75858494539187],[-63.88458640330026,79.75883470825201],[-63.88390426262067,79.75907989513972],[-63.88286968321716,79.75914234977087],[-63.88183508972296,79.7592048006821],[-63.88219205424271,79.75938764300844],[-63.88254433532258,79.75957494708001],[-63.881862104571105,79.75982012719882],[-63.88118441364782,79.7600654163455],[-63.880502208042216,79.76031509017069],[-63.8808544090021,79.76049789654712],[-63.88224553093749,79.76061833260745],[-63.882597769018986,79.7608011366184],[-63.88295449275044,79.76098844023865],[-63.88330675433925,79.76117124293452],[-63.88365902757149,79.76135404497852],[-63.88469359040549,79.76129166525541],[-63.885728350549684,79.76122920638306],[-63.887119205871635,79.76134958570682],[-63.88815374019172,79.7612871937554],[-63.889188260429904,79.76122479808542],[-63.8902229779417,79.76116232326304],[-63.89125747000581,79.76109992015537],[-63.8922919479863,79.76103751332936],[-63.89332632171559,79.76097060457975],[-63.89436077111871,79.76090819031305],[-63.89504298150505,79.76066290712748],[-63.89572116788054,79.76041765353901],[-63.896403015761116,79.76016794304726],[-63.89708552962899,79.75992268682789],[-63.89776332307005,79.75967300367499]]],"type":"Polygon"},"id":"000000000000000001f0","properties":{"area":72056.72361133789,"elevation":182.0349684791174,"region":"NO","year":2018},"type":"Feature"},{"geometry":{"coordinates":[[[-63.58815429092459,79.86573270666217],[-63.58744991170295,79.86536256545008],[-63.586745339272724,79.86499699024412],[-63.58813643608245,79.86450198512746],[-63.5874321169189,79.86413633381333],[-63.585679830297785,79.86382867138299],[-63.58287919764439,79.86358343955067],[-63.580083498154565,79.86333822243142],[-63.57728307555291,79.86309293822798],[-63.57483957144021,79.86303496687721],[-63.57239146277411,79.86297255026236],[-63.56994798151011,79.86291453901775],[-63.568556415478646,79.86340507877136],[-63.56716533808181,79.86389556833393],[-63.567870201679916,79.86426567639207],[-63.568570068679556,79.86463581582156],[-63.56927466336527,79.86500139100134],[-63.571026972451975,79.86530907018818],[-63.57173144283455,79.86567920659104],[-63.57382746853399,79.86555437637297],[-63.57662324054074,79.86579961537208],[-63.579423550039145,79.86604483505171],[-63.58222374914077,79.86629010365509],[-63.584315069456686,79.8661652687418],[-63.586058681136954,79.86585756291362],[-63.58815429092459,79.86573270666217]]],"type":"Polygon"},"id":"000000000000000001f1","properties":{"area":101967.06171418817,"elevation":242.97295493660224,"region":"NO","year":2018},"type":"Feature"},{"geometry":{"coordinates":[[[-65.18593496930158,79.2613595336607],[-65.18182385883729,79.26040083484347],[-65.17770824685512,79.25944210310024],[-65.17235706867052,79.25897841432547],[-65.16685022869984,79.25956253841107],[-65.16241330811991,79.26069511297716],[-65.15762436652405,79.26164491679567],[-65.15282622793782,79.26259466298012],[-65.14767587347198,79.26335721132558],[-65.14215987789689,79.26394136789264],[-65.13628740062106,79.26434265765968],[-65.1304148001029,79.26474403928103],[-65.1245420858956,79.26514532716668],[-65.11973962055424,79.26609512463436],[-65.12189346069107,79.26718762137357],[-65.12662456730543,79.2679010456772],[-65.13357636305687,79.26804819087178],[-65.13909671836277,79.26746402527958],[-65.14425144661615,79.26669708532145],[-65.14904935123302,79.26574730634783],[-65.15492187034462,79.26534594283787],[-65.16151263109992,79.26531033662943],[-65.16702399016594,79.26472611913053],[-65.17254003955414,79.26414205173847],[-65.17876909781953,79.26392352967052],[-65.1824839092719,79.26242525213856],[-65.18593496930158,79.2613595336607]]],"type":"Polygon"},"id":"000000000000000001f2","properties":{"area":504293.49192367704,"elevation":280.57548568307703,"region":"NO","year":2018},"type":"Feature"},{"geometry":{"coordinates":[[[-64.53629755476165,79.51776235240987],[-64.53558401530155,79.51739218710783],[-64.53487084515234,79.51702652769951],[-64.53516029454076,79.5165985060651],[-64.53344366753014,79.51629521117002],[-64.53172243223106,79.51599206604239],[-64.53100908560555,79.51562636094508],[-64.52828016694794,79.51539003472566],[-64.52555542608229,79.51515375095397],[-64.52282669408959,79.51491737345061],[-64.520102139763,79.51468103847314],[-64.5173731891773,79.51444476186238],[-64.51536217218755,79.51457407914687],[-64.51263759760785,79.51433775038193],[-64.5099084432221,79.51410137083272],[-64.50718385249657,79.51386506693588],[-64.50481654310605,79.51381152086925],[-64.5028009387974,79.51394083490307],[-64.50150308186879,79.5144358194172],[-64.50020133707571,79.51493523553911],[-64.50091450769571,79.51530089408628],[-64.50162831332574,79.51566650686681],[-64.50334904419908,79.51596975156157],[-64.50607370283066,79.51620605676196],[-64.50879825197431,79.51644241245754],[-64.51152718215378,79.51667873480136],[-64.51389507306361,79.516732227919],[-64.51626705638849,79.51678576995134],[-64.51899167863166,79.51702210624622],[-64.52172068200022,79.51725840904004],[-64.52444528818495,79.51749477022386],[-64.52717427562105,79.51773109782847],[-64.52990335644446,79.51796739977422],[-64.53262765356175,79.51820372731444],[-64.53428629574195,79.51789161074716],[-64.53629755476165,79.51776235240987]]],"type":"Polygon"},"id":"000000000000000001f3","properties":{"area":170840.06656392562,"elevation":101.2032790309107,"region":"NO","year":2018},"type":"Feature"},{"geometry":{"coordinates":[[[-65.32995970401292,79.22368907247909],[-65.32923698216733,79.22332788255086],[-65.32851484123168,79.22296226542754],[-65.32876904112258,79.22252966121987],[-65.32609785740914,79.22230229700526],[-65.32414942237214,79.22243603784662],[-65.32220074060774,79.22256984167029],[-65.3206178714561,79.22288640123294],[-65.31938712375101,79.22338587219315],[-65.31816063526135,79.22388523780185],[-65.3169344205653,79.22438462728222],[-65.3176570769378,79.2247503320263],[-65.31643075576295,79.22524971505507],[-65.3152041379475,79.22574916693243],[-65.31592226190537,79.22611029552877],[-65.31664462570936,79.22647596612683],[-65.31541846981564,79.22697536815873],[-65.31675169333285,79.22709133104905],[-65.31870025485337,79.22695758782157],[-65.32064892300869,79.22681937445672],[-65.32187956761669,79.22631988217024],[-65.32310612120634,79.22582051105465],[-65.32505436920971,79.22568672075077],[-65.32736008695534,79.22573579211874],[-65.32894728620731,79.22541918276849],[-65.32822918636053,79.22505355005993],[-65.32847925709086,79.22462097452888],[-65.32873329119366,79.22418845345645],[-65.32995970401292,79.22368907247909]]],"type":"Polygon"},"id":"000000000000000001f4","properties":{"area":94696.62157416542,"elevation":288.6935294785009,"region":"NO","year":2018},"type":"Feature"},{"geometry":{"coordinates":[[[-65.27417172475607,79.25095203232652],[-65.27381033779085,79.250769179769],[-65.27247275066073,79.25065323468485],[-65.27113518509327,79.25053728329428],[-65.26979744796937,79.25042140242984],[-65.2684597459286,79.25030989363589],[-65.26748313647295,79.25037675266073],[-65.26650651336365,79.2504436082003],[-65.26516881540778,79.25032770560543],[-65.26419255570153,79.25039458507786],[-65.26321571040859,79.25046150591749],[-65.26223942339301,79.25052837842199],[-65.26162394299071,79.25077808320798],[-65.26100843637477,79.25102778597673],[-65.26038872162843,79.25127750619711],[-65.25977316248388,79.25152720492153],[-65.26013437095571,79.25171007317964],[-65.260495783975,79.25189286393535],[-65.26085663630853,79.25207569885728],[-65.26121807200205,79.25225848825758],[-65.26157494677867,79.25243688619837],[-65.26291248686562,79.25255277300693],[-65.26389349510488,79.25248591271387],[-65.26486992851879,79.25241903646311],[-65.26620786559796,79.25253493980702],[-65.26718428363803,79.25246805551595],[-65.2681610668618,79.25240119971251],[-65.2691374575875,79.25233430845378],[-65.27011401352537,79.25226295857047],[-65.27109037656928,79.2521960603404],[-65.2717060879528,79.25194636908613],[-65.27232139428614,79.25169664384842],[-65.27294123503574,79.25144692890412],[-65.27355631122637,79.25120165481434],[-65.27417172475607,79.25095203232652]]],"type":"Polygon"},"id":"000000000000000001f5","properties":{"area":52105.79655994662,"elevation":269.2148479913137,"region":"NO","year":2018},"type":"Feature"},{"geometry":{"coordinates":[[[-64.7375990369242,79.46338800182498],[-64.73724242606734,79.46320524301322],[-64.73688137681927,79.46302238582663],[-64.73652460423129,79.4628395167369],[-64.73616337782144,79.46265673449147],[-64.73580662818405,79.46247386406648],[-64.73545007463437,79.46229110192131],[-64.73508849792373,79.46210828500136],[-64.7337287781265,79.46198786211131],[-64.7323731559034,79.46187197614445],[-64.7320118393734,79.46168907875945],[-64.73165536852775,79.46150631115187],[-64.73065626370762,79.46157318468673],[-64.73001435160212,79.46181841149657],[-64.7290109414566,79.46188529006166],[-64.72801216682386,79.4619521865844],[-64.7273701820023,79.46220188444993],[-64.72673222677743,79.46244716721615],[-64.72572911985023,79.46251406622082],[-64.72473026385124,79.4625809505667],[-64.72373138758475,79.46264335317626],[-64.72272823848323,79.46271024139959],[-64.72209035661248,79.46295991395966],[-64.72244691865036,79.46314279952986],[-64.72280369247218,79.46332560815945],[-64.72316512813684,79.46350843777088],[-64.72352192490943,79.4636912450651],[-64.72287974539067,79.46394092811751],[-64.72324061781696,79.46412380038916],[-64.72459644928242,79.46423972818613],[-64.72495755770149,79.46442252176242],[-64.72531441181137,79.4646053257216],[-64.72667437946201,79.46472130888742],[-64.72767302466642,79.46465886539289],[-64.72867668404788,79.46459199446493],[-64.7296752935191,79.46452506571876],[-64.73067428273635,79.46446264417123],[-64.73167731467373,79.46439580607526],[-64.73231524744745,79.46414603829477],[-64.73295721775146,79.46389633352291],[-64.73359955510855,79.46365113743596],[-64.73459842763383,79.46358422309414],[-64.73560135110804,79.46351737024953],[-64.73660020648218,79.46345492690114],[-64.7375990369242,79.46338800182498]]],"type":"Polygon"},"id":"000000000000000001f6","properties":{"area":62988.77785779846,"elevation":125.36750931046154,"region":"NO","year":2018},"type":"Feature"},{"geometry":{"coordinates":[[[-63.78025695651116,79.8226622725174],[-63.77990016308738,79.82247947431375],[-63.778504509415235,79.82235908426009],[-63.77815237996022,79.82217621211517],[-63.77780000053328,79.82198891902857],[-63.7774432684531,79.82180611711262],[-63.77709096112464,79.82162331830534],[-63.775695388844774,79.82149841924708],[-63.77533870631317,79.82131561427556],[-63.77498644835994,79.82113281244315],[-63.77463380660765,79.82094997606913],[-63.77427711257043,79.82076267348825],[-63.77323833857961,79.82082506530315],[-63.77219492446939,79.82088752484923],[-63.770799315440904,79.82076717366314],[-63.76975570456983,79.82082951543391],[-63.76871667433997,79.8208919665312],[-63.767321090194535,79.82077159919422],[-63.76627763276043,79.82083403783341],[-63.76559106832834,79.8210793234683],[-63.76455219455108,79.82114168432317],[-63.76350868037456,79.82120411277215],[-63.762465151926556,79.82126653746],[-63.761426022153344,79.82132896238876],[-63.76177851449445,79.82151630836263],[-63.76213058123299,79.82169912418978],[-63.7624876817196,79.82188190196761],[-63.76283977195768,79.82206471648728],[-63.76319632978714,79.822252029889],[-63.7645920711609,79.82237241577185],[-63.765631271084786,79.8223099807456],[-63.7666744745123,79.82224751201466],[-63.76807002744102,79.82236795704316],[-63.76946581916109,79.82248832024567],[-63.770861682029974,79.82261317247277],[-63.77225731191975,79.82273359790892],[-63.77365296727668,79.82285401681536],[-63.77504890879369,79.82297884944107],[-63.77644461564339,79.82309925528467],[-63.77748798601517,79.82303685826462],[-63.77852674637321,79.82297434454613],[-63.77957048383096,79.8229119739075],[-63.78025695651116,79.8226622725174]]],"type":"Polygon"},"id":"000000000000000001f7","properties":{"area":53929.24597324834,"elevation":218.78082911766631,"region":"NO","year":2018},"type":"Feature"},{"geometry":{"coordinates":[[[-65.02031060102128,79.36735681674617],[-65.0195926166593,79.36699116919861],[-65.01689039517869,79.36675930356114],[-65.01419287071984,79.36652742918484],[-65.0124849957126,79.36622867112757],[-65.01077259322598,79.3659298857804],[-65.0100547881201,79.36556428854178],[-65.00771378753424,79.36551520384803],[-65.00537720331731,79.36546619343859],[-65.00339729969934,79.3655999790214],[-65.0017785047384,79.36591210150755],[-64.99980307428427,79.36604587787423],[-64.99746214010908,79.36599681768321],[-64.99584359337855,79.36631341885371],[-64.99656621865701,79.3666790201099],[-64.99827402432346,79.36697779397691],[-64.99899608129311,79.36733894958392],[-64.99971406225522,79.36770460016783],[-65.0024118778165,79.36793653270284],[-65.00511393137555,79.36817279786426],[-65.00781192474986,79.36840467956736],[-65.00979164562223,79.36827091313945],[-65.01176708368851,79.36813714806608],[-65.01338555823136,79.36782056915155],[-65.01572662889099,79.36786957673866],[-65.01770642488584,79.36774034487894],[-65.01968202314787,79.36760655559215],[-65.02031060102128,79.36735681674617]]],"type":"Polygon"},"id":"000000000000000001f8","properties":{"area":94696.62157419171,"elevation":99.48905825535768,"region":"NO","year":2018},"type":"Feature"},{"geometry":{"coordinates":[[[-63.81862307459668,79.82507909805656],[-63.81790957589195,79.8247134353735],[-63.81720065645782,79.82434338681406],[-63.81544834461931,79.82404014701196],[-63.81265693722647,79.82379489488045],[-63.80986529969533,79.82355407837667],[-63.809156316743106,79.82318397477337],[-63.80636025902522,79.82294319724937],[-63.80356905310809,79.82269793513824],[-63.80113010265655,79.82263995548458],[-63.79904764161936,79.82276477442993],[-63.797674099791685,79.82325974372377],[-63.795591650686994,79.82338464614314],[-63.79421848156226,79.8238795541294],[-63.792840295141666,79.82437010454659],[-63.7945928397803,79.82467774347346],[-63.79425866747451,79.8251102915476],[-63.79497207078245,79.8254759644064],[-63.795680980538386,79.82584601741766],[-63.79639006441016,79.8262116814906],[-63.797098856234406,79.82658180452698],[-63.798846958337556,79.82688506648991],[-63.79956050177611,79.82725511025045],[-63.80235173880526,79.82749591782496],[-63.804081919552125,79.8271882150579],[-63.80545539571514,79.82669330955277],[-63.80682862712715,79.8262027812354],[-63.808202071891415,79.82570778217858],[-63.81028912713252,79.8255829831973],[-63.81272369147451,79.82564092795484],[-63.81516307632276,79.82569888991533],[-63.81724962053773,79.82557400779017],[-63.81862307459668,79.82507909805656]]],"type":"Polygon"},"id":"000000000000000001f9","properties":{"area":149098.5035731762,"elevation":214.7719945387913,"region":"NO","year":2018},"type":"Feature"},{"geometry":{"coordinates":[[[-63.26076289454858,79.72356318475373],[-63.26041947713665,79.72337589920359],[-63.25904611282047,79.72325556436328],[-63.25870273256902,79.72306827650456],[-63.2583637932712,79.72288542260796],[-63.258020435995235,79.72269813347081],[-63.25768151924269,79.72251527831816],[-63.25630346156153,79.7223904612366],[-63.25492586925678,79.72227009562296],[-63.25355245759295,79.72214520204444],[-63.252517888129645,79.72220316381024],[-63.25148313735552,79.72226562014562],[-63.25010576434577,79.72214073383118],[-63.249070999863505,79.72220318166],[-63.24803643670921,79.72226555077383],[-63.24700198991367,79.72232360241084],[-63.24631072706028,79.72256876843113],[-63.2452762843292,79.7226312369425],[-63.24424182764718,79.72269370171684],[-63.2435462750443,79.72293895808512],[-63.243889584011306,79.72312176430746],[-63.24422835342839,79.72330905662831],[-63.2435327649387,79.72355431146808],[-63.242841741420676,79.7237995005463],[-63.24318047256539,79.72398236975867],[-63.24455823512387,79.7241072123706],[-63.24593641468853,79.72423208313863],[-63.246275422738364,79.72441487345266],[-63.24661860694261,79.72459774959258],[-63.247653047217376,79.72453977650127],[-63.248687643522096,79.72447730147728],[-63.25006091398884,79.72460218189572],[-63.25143880604313,79.72472699234274],[-63.25281646103692,79.72484744810079],[-63.2541900241916,79.72497223430388],[-63.255224782894366,79.7249098460665],[-63.25625918575287,79.72485184273832],[-63.257293525935204,79.72478941244816],[-63.25833262345698,79.72472702430485],[-63.25936698604173,79.72466900977095],[-63.26005806483332,79.72442381665597],[-63.26075370866418,79.72417855752238],[-63.26041027101694,79.72399127285838],[-63.26006728651245,79.72380844540581],[-63.26076289454858,79.72356318475373]]],"type":"Polygon"},"id":"000000000000000001fa","properties":{"area":77494.96690277502,"elevation":363.0998121936696,"region":"NO","year":2018},"type":"Feature"},{"geometry":{"coordinates":[[[-64.42783871694334,79.28163953764346],[-64.42679534832077,79.28109105697916],[-64.422800090316,79.28073432294042],[-64.41915273225398,79.28056040669445],[-64.41585297461229,79.28057380577518],[-64.41289633773648,79.28076553655558],[-64.40924907317051,79.28059608661448],[-64.40698791895935,79.28115347944448],[-64.4040315534944,79.28134966518168],[-64.40142305131974,79.28172426072925],[-64.39951015101163,79.28246890743824],[-64.39985783503877,79.28265172459305],[-64.398926147326,79.28332952262976],[-64.39996928967422,79.28387797067732],[-64.40100857595486,79.28443093677038],[-64.40401833507623,79.28485009351161],[-64.40506184699434,79.28539851790843],[-64.40610054787106,79.2859514703203],[-64.40807164540453,79.285822190516],[-64.40703286988733,79.2852692443066],[-64.40598948388408,79.28472074998211],[-64.40396502301486,79.28423472618248],[-64.40489226710199,79.28355692203534],[-64.40680954703667,79.28281227103591],[-64.4087228316641,79.28207204891606],[-64.41133142981974,79.28169301109688],[-64.41428317507679,79.28150131646132],[-64.41723950569735,79.28130513204246],[-64.42088728596269,79.28147899691677],[-64.42419113060757,79.2814700939526],[-64.42783871694334,79.28163953764346]]],"type":"Polygon"},"id":"000000000000000001fb","properties":{"area":89259.49497656975,"elevation":530.5084146341463,"region":"NO","year":2018},"type":"Feature"},{"geometry":{"coordinates":[[[-64.41506807252864,79.26847179441228],[-64.4103280414153,79.26713405145776],[-64.40362139827036,79.26592563213309],[-64.3969149223051,79.26472172908561],[-64.39021289191324,79.26351325682393],[-64.38154447963356,79.2624341459214],[-64.37287571567944,79.26135508200764],[-64.36362767412209,79.261136611971],[-64.35368839845403,79.26055243638402],[-64.34374922756574,79.259968326477],[-64.33450103590046,79.25974984323848],[-64.32594375085327,79.25989693257401],[-64.31911237010637,79.26095822749552],[-64.32088735177749,79.26249215443715],[-64.32561392959873,79.263829853753],[-64.33358685161467,79.26454337726923],[-64.34318264233022,79.264944685866],[-64.35070976079543,79.26424452968543],[-64.35927113808638,79.26409743101635],[-64.36990633367455,79.26504720476741],[-64.37660836414842,79.26625564798644],[-64.38724330894344,79.267205431084],[-64.39591624507554,79.26828448912191],[-64.40360798823767,79.26943050232728],[-64.40887426104204,79.26928782262799],[-64.41506807252864,79.26847179441228]]],"type":"Polygon"},"id":"000000000000000001fc","properties":{"area":807866.3936207121,"elevation":564.3737474637121,"region":"NO","year":2018},"type":"Feature"},{"geometry":{"coordinates":[[[-63.92949417181135,79.45040308447064],[-63.929119559278554,79.44960493986676],[-63.92774158189265,79.4488691717383],[-63.925360572677675,79.448195877105],[-63.92066061455554,79.44807994716848],[-63.91664298654576,79.44833407050638],[-63.912973371082764,79.44877111051125],[-63.90895980969796,79.44902083190436],[-63.90632019714838,79.45000623635177],[-63.90368038118278,79.45099622544431],[-63.90034951347515,79.45161602279579],[-63.89770970815099,79.45260142038632],[-63.894378584719895,79.4532212788425],[-63.89001789908005,79.4532881812139],[-63.88565652555261,79.45335505874372],[-63.881639177569696,79.45360923008329],[-63.88602668213682,79.45415766965361],[-63.89038769469605,79.45408632042606],[-63.8947490561642,79.45401944827191],[-63.89876636939255,79.45376971261273],[-63.902784341376936,79.45351558600944],[-63.90714525030101,79.45344870829913],[-63.91116263684218,79.45319453752661],[-63.91517599507526,79.45294485178653],[-63.91919371675433,79.45269063284779],[-63.9228680141141,79.45225808599992],[-63.92619451599406,79.4516383100214],[-63.92785767348128,79.45132620520594],[-63.92949417181135,79.45040308447064]]],"type":"Polygon"},"id":"000000000000000001fd","properties":{"area":273253.4751672568,"elevation":453.2854575012226,"region":"NO","year":2018},"type":"Feature"},{"geometry":{"coordinates":[[[-63.17644542247739,79.73322163579346],[-63.16784830399041,79.73228964597405],[-63.15957664961,79.73216036159161],[-63.1516440037669,79.7322138297197],[-63.144050187246044,79.73245460793795],[-63.13679546933472,79.73287825668199],[-63.12954025880385,79.73330183158205],[-63.12330205727115,79.7342783783919],[-63.11841952529474,79.73599515723427],[-63.112176493988976,79.73697170268953],[-63.10729378616384,79.73868848562083],[-63.10657574597696,79.7395490875987],[-63.10583590971823,79.74102500982865],[-63.10302650096708,79.74262141807274],[-63.100212927459175,79.74421775447512],[-63.10538081317059,79.74452984641333],[-63.11128469433255,79.74336601676879],[-63.118548820696006,79.74294244192954],[-63.12615160424861,79.74270613729733],[-63.132055219794736,79.74154231915901],[-63.13829361467757,79.74056579017677],[-63.143176492859524,79.73884899205711],[-63.14941465237911,79.73786797776452],[-63.1566739778542,79.73744433288701],[-63.163590226976645,79.73683792537463],[-63.16948489968232,79.73567415499049],[-63.17571894477497,79.73469312328565],[-63.17644542247739,79.73322163579346]]],"type":"Polygon"},"id":"000000000000000001fe","properties":{"area":938550.1547113355,"elevation":383.2114177017917,"region":"NO","year":2018},"type":"Feature"},{"geometry":{"coordinates":[[[-65.18412454032712,78.96661737410987],[-65.18402662948394,78.96600648931444],[-65.18297865694696,78.96545808185594],[-65.18288067839399,78.96484269376836],[-65.18278248998506,78.964231768128],[-65.18173473724912,78.96368334931978],[-65.17878268693083,78.96326862752669],[-65.17773014471165,78.96272461093751],[-65.17668237809893,78.96217613620617],[-65.17373041641618,78.9617659007619],[-65.17147887466626,78.96171686028252],[-65.16862050214523,78.96191752846524],[-65.16576646527159,78.9621181793885],[-65.16360826932922,78.96268444998248],[-65.1611023510755,78.96306795985524],[-65.15929648328475,78.96381261814766],[-65.15679054053157,78.96419611503808],[-65.15498436381381,78.96494523305644],[-65.15317411387394,78.96568988646753],[-65.1538740926313,78.96605553237546],[-65.15396783980607,78.96667095388969],[-65.15311170391155,78.96734870166112],[-65.15416397464124,78.96789720857586],[-65.15711600183006,78.96831185422987],[-65.1603221335232,78.96829400965505],[-65.16352826922578,78.96827173924223],[-65.16708652198335,78.96843674564039],[-65.17064038133428,78.96860169289376],[-65.17419856774609,78.9687666847588],[-65.17670474766001,78.96838323143868],[-65.17851068636469,78.96763405048513],[-65.18101684083284,78.96725058414899],[-65.18387484332767,78.96704996847582],[-65.18412454032712,78.96661737410987]]],"type":"Polygon"},"id":"000000000000000001ff","properties":{"area":363834.38815336814,"elevation":816.7411415673637,"region":"NO","year":2018},"type":"Feature"},{"geometry":{"coordinates":[[[-64.08227629314277,79.40292707012536],[-64.08158964621148,79.40255697963418],[-64.07989961603325,79.40225371051976],[-64.07920858711681,79.40188809323936],[-64.0785172206018,79.40152243986886],[-64.0778259408244,79.40115238094752],[-64.07713504431902,79.40078675598602],[-64.07544942089766,79.40048353234745],[-64.07276060738967,79.40024269610316],[-64.0700763145555,79.4000019425651],[-64.0680786110384,79.40012673913819],[-64.06608078113871,79.4002561095619],[-64.06443123910529,79.40056819161018],[-64.0620900464951,79.40051028482947],[-64.06043576325827,79.40081790709729],[-64.05844232390358,79.40094725436616],[-64.05644483468912,79.40107210976996],[-64.05713605465652,79.40144217471926],[-64.05682362849997,79.40187024943893],[-64.05751470734943,79.40224038714878],[-64.05820608488507,79.40260604355517],[-64.06089064605517,79.40284679619806],[-64.06258037989531,79.40314998900108],[-64.06392272918116,79.4032704405258],[-64.06626814173435,79.40332837493432],[-64.06895257415947,79.40356920371087],[-64.07095033310654,79.40343986200992],[-64.07363910692332,79.40368064566623],[-64.07632351873748,79.40392148146161],[-64.07797798756663,79.40360929638038],[-64.08031879405684,79.40366726903905],[-64.08196864900724,79.40335513677542],[-64.08227629314277,79.40292707012536]]],"type":"Polygon"},"id":"00000000000000000200","properties":{"area":145463.29275072494,"elevation":482.9010908018869,"region":"NO","year":2018},"type":"Feature"},{"geometry":{"coordinates":[[[-64.19651852127036,79.36106501589744],[-64.195135954508,79.36032929534757],[-64.19474391057027,79.35953107424034],[-64.19336144231721,79.3587998180238],[-64.19197897383191,79.358064037396],[-64.18960263134124,79.35739516591973],[-64.18523697042068,79.35685114174323],[-64.18256136795085,79.3566148814898],[-64.17824075448505,79.35668618317197],[-64.17461072631976,79.35712320698515],[-64.17098559212415,79.35756016912778],[-64.16839035447002,79.35855010915571],[-64.16579987205027,79.35954000277695],[-64.16320451105598,79.36052994097864],[-64.16359237620841,79.36132809582615],[-64.16199151152597,79.36225562057243],[-64.16237938547216,79.36304936084123],[-64.1637621107702,79.36378508677318],[-64.16514442954721,79.36452084493276],[-64.17050394648959,79.36499793668575],[-64.17482488818125,79.36492661714104],[-64.17915034502093,79.36485526181478],[-64.18347126195681,79.36478391945803],[-64.18710069629488,79.36434247805893],[-64.1907305839795,79.36390545853388],[-64.19401710393325,79.36328122511671],[-64.19531014228099,79.36278623353644],[-64.1949220081155,79.36198810111462],[-64.19651852127036,79.36106501589744]]],"type":"Polygon"},"id":"00000000000000000201","properties":{"area":490768.6792805044,"elevation":501.5719145442015,"region":"NO","year":2018},"type":"Feature"},{"geometry":{"coordinates":[[[-64.12145855607321,79.39405350842205],[-64.12007150910046,79.39332218817917],[-64.12068723266282,79.39245711375226],[-64.12029895542757,79.39165895156911],[-64.11991557093877,79.3908607392075],[-64.11753431489606,79.39019185631275],[-64.11615207052418,79.3894561674312],[-64.11277666887919,79.38884969435149],[-64.10740787801805,79.38836811748116],[-64.10307368331456,79.388439451713],[-64.09977835490514,79.3890636957083],[-64.09648306917938,79.389683526395],[-64.09318330499842,79.39030782839521],[-64.0925679370103,79.39116846062491],[-64.08995920330109,79.39215391608819],[-64.08934848919475,79.39301899479786],[-64.08873330831572,79.39387955449433],[-64.08811784275488,79.39474018200885],[-64.08750229617895,79.39560080148317],[-64.08888480074452,79.39633650080916],[-64.09226028303945,79.39694293833882],[-64.09594791466198,79.39712136993626],[-64.09993422550292,79.39686716698455],[-64.10392533363438,79.39661297181352],[-64.10826388969087,79.3965416709224],[-64.11225479783128,79.39628746613582],[-64.11555015648774,79.39566320795346],[-64.1188501229326,79.39504337453279],[-64.12145855607321,79.39405350842205]]],"type":"Polygon"},"id":"00000000000000000202","properties":{"area":486237.11252816435,"elevation":487.0060590890019,"region":"NO","year":2018},"type":"Feature"},{"geometry":{"coordinates":[[[-63.8517898097137,79.51338790263728],[-63.85144191357619,79.51320508350057],[-63.8510986522079,79.5130177918776],[-63.85075545729471,79.51283500733192],[-63.85040759477523,79.51265218626882],[-63.85006403713718,79.5124693666272],[-63.84870870140212,79.51234453937705],[-63.84735326674165,79.51222410409963],[-63.8459972636404,79.51210370422999],[-63.84464166926313,79.5119833318382],[-63.843634036209295,79.51204570765623],[-63.842969616937644,79.51229098381603],[-63.84230113459175,79.5125406877341],[-63.84129322733687,79.51260313031868],[-63.84028101279919,79.51266556707259],[-63.83961648316539,79.51291083362895],[-63.8389521324951,79.51315602240892],[-63.83828330202325,79.51340579000896],[-63.837618894070175,79.5136509743779],[-63.83695463511599,79.5138962659724],[-63.837297707794185,79.51408357195106],[-63.837641126698166,79.51426640348222],[-63.83798905869314,79.51444916104985],[-63.83833249980719,79.51463199130885],[-63.8386756175428,79.51481929471869],[-63.84003112338265,79.51493965993075],[-63.84104332984469,79.51487730192635],[-63.842055730275526,79.51481486469144],[-63.84306343762247,79.51475238779854],[-63.843732407173604,79.51450272122652],[-63.84474007418324,79.51444023810623],[-63.84575219975149,79.51437786291687],[-63.846760224843855,79.5143154063756],[-63.84777232346808,79.51425302390376],[-63.848436738466894,79.51400774080003],[-63.84910086308139,79.51375802340425],[-63.85011348700153,79.51369559031647],[-63.851125505092575,79.51363319534252],[-63.8517898097137,79.51338790263728]]],"type":"Polygon"},"id":"00000000000000000203","properties":{"area":57550.89775495474,"elevation":374.43873395853893,"region":"NO","year":2018},"type":"Feature"},{"geometry":{"coordinates":[[[-64.85885540735048,79.13051612206364],[-64.85850767673348,79.13033331352187],[-64.85815543807945,79.13015048556036],[-64.85780772911147,79.12996767572085],[-64.85745551223631,79.12978484645103],[-64.8580751232878,79.12953511693337],[-64.85772743499643,79.12935230618268],[-64.85640758995955,79.12923635977322],[-64.85605956090377,79.12905351416356],[-64.85570739844748,79.12887068162507],[-64.85439194389168,79.1287548210552],[-64.85307218617571,79.12863885883657],[-64.8517522553092,79.12852296701602],[-64.85043668377745,79.12840697871863],[-64.85008462271041,79.12822413871218],[-64.84973652234909,79.12804136103388],[-64.84876924328773,79.1281037607222],[-64.84780141430576,79.12817069199323],[-64.84648176223634,79.12805469871874],[-64.84551391829642,79.12812162200929],[-64.8445462552453,79.12818846522173],[-64.8435787292847,79.12825092317578],[-64.84260632736488,79.12831781705142],[-64.84163899875556,79.12838468240477],[-64.84102359017491,79.12863439506242],[-64.84040398300917,79.12887962826764],[-64.83978400415081,79.12912931781035],[-64.83916437336637,79.12937903785948],[-64.83951179604936,79.12956187009162],[-64.84083176894765,79.1296778189547],[-64.8421517628906,79.12979376159727],[-64.84249961578881,79.12997662236268],[-64.84284729957598,79.13015937332658],[-64.84416735981303,79.13027530637815],[-64.84451525693493,79.13045816416479],[-64.84486730980822,79.13064100775178],[-64.84618294779861,79.13076140308489],[-64.84715494830395,79.13069454317218],[-64.84812261053075,79.13062758421508],[-64.84943804202199,79.130743550102],[-64.85075763946207,79.1308594961715],[-64.85207785923873,79.13097988280992],[-64.85339298002509,79.1310957975902],[-64.85436080287177,79.13102892630118],[-64.85533275730656,79.130962037839],[-64.8566482701928,79.13107796995938],[-64.85761606474125,79.13101108722759],[-64.85823576654596,79.13076585110558],[-64.85885540735048,79.13051612206364]]],"type":"Polygon"},"id":"00000000000000000204","properties":{"area":88353.3072104091,"elevation":644.197097604116,"region":"NO","year":2018},"type":"Feature"},{"geometry":{"coordinates":[[[-64.69110875402035,79.19490553744619],[-64.68943192536439,79.19460235311601],[-64.68873631586145,79.19423671146369],[-64.68803620489359,79.19387104556323],[-64.68734068240433,79.19350539873314],[-64.68469191436054,79.19327353784996],[-64.68399652665529,79.19290788170609],[-64.68231976208183,79.19260461970566],[-64.68064759339548,79.19230585740509],[-64.67835122113176,79.19225243425524],[-64.67639796851991,79.19238167796613],[-64.67444955358296,79.19251545051196],[-64.67214858546892,79.19246195460175],[-64.66985216833292,79.19240846182548],[-64.66789889977353,79.1925422427602],[-64.6685991124006,79.19290783888104],[-64.66734616265703,79.19340282871092],[-64.66706529591653,79.19383539548176],[-64.66678877702248,79.19426787311271],[-64.66846056848311,79.19456668018965],[-64.6711094143507,79.19480299451433],[-64.67375818125669,79.19503487224725],[-64.67640700413833,79.19527121317768],[-64.67905553826746,79.1955074964338],[-64.68170436642195,79.19573937587374],[-64.68239986854987,79.19610502972267],[-64.6843532536065,79.19597571850439],[-64.68700165563459,79.19621207991862],[-64.68929841338118,79.19626109979006],[-64.68860270185174,79.19589546227147],[-64.68985549435587,79.19540052582863],[-64.69110875402035,79.19490553744619]]],"type":"Polygon"},"id":"00000000000000000205","properties":{"area":136381.25882210664,"elevation":607.8198037466547,"region":"NO","year":2018},"type":"Feature"},{"geometry":{"coordinates":[[[-64.60284979582846,79.23297733618257],[-64.6004774792775,79.23231295883895],[-64.59586211847122,79.23220591609221],[-64.59194256392237,79.23246451891305],[-64.5883755331425,79.2329104719404],[-64.58445568484547,79.23316907570968],[-64.58054087702538,79.23343219896012],[-64.57731681548572,79.23405650644571],[-64.57340186076223,79.23431955855365],[-64.56948237668642,79.2345781536844],[-64.56591065737133,79.23501961216644],[-64.56199081061135,79.23528269458222],[-64.55841908812285,79.23572419455247],[-64.55785288053784,79.23658479711645],[-64.55728652857545,79.23744987819913],[-64.56162070738623,79.23798487955504],[-64.56462184248915,79.23840405193003],[-64.56889354022537,79.23832831156875],[-64.57281314029682,79.2380696411882],[-64.57673277247201,79.2378065375267],[-64.58030441221055,79.23736510681981],[-64.5842241247666,79.23710203693705],[-64.58849117682777,79.23702622231147],[-64.59205846454624,79.23658030070601],[-64.59597803434482,79.23632169063795],[-64.59919772059084,79.23569740669386],[-64.5997637202923,79.23483236441545],[-64.60228770144168,79.23384243354838],[-64.60284979582846,79.23297733618257]]],"type":"Polygon"},"id":"00000000000000000206","properties":{"area":350241.5716594703,"elevation":540.8861089761745,"region":"NO","year":2018},"type":"Feature"},{"geometry":{"coordinates":[[[-64.09306748908249,79.13399866303465],[-64.09239401931715,79.13363301014422],[-64.09172096433473,79.13326738831482],[-64.0900751778856,79.1329641880641],[-64.0874534854136,79.13272338613723],[-64.08483583606635,79.13248263344465],[-64.08318615072308,79.13217939428013],[-64.08154069744388,79.13187614289787],[-64.08086717434809,79.13150608815262],[-64.07824982372564,79.13126968613149],[-64.07757643372345,79.13089962236712],[-64.07592655292041,79.1305963809834],[-64.0746199067239,79.13047602833093],[-64.07233710689779,79.13042251545714],[-64.0703886194764,79.13054733544007],[-64.06877837801281,79.13085950362176],[-64.0668342919492,79.13098432920984],[-64.06750800911303,79.13134996163033],[-64.06623254571802,79.13184494445274],[-64.06495697600572,79.13233991882218],[-64.06563072240846,79.13270555188174],[-64.06727578616226,79.1330087841911],[-64.06794937860847,79.13337889901105],[-64.06862232929703,79.13374453147296],[-64.071244599524,79.13398528012254],[-64.07318852637383,79.1338604717102],[-64.07581036902444,79.1340968074686],[-64.0784326126731,79.13433756489388],[-64.0810502164663,79.13457834232993],[-64.082998614197,79.1344534972605],[-64.08494758973579,79.13432418295496],[-64.08723028966286,79.13438212635553],[-64.08917445847744,79.13425282672576],[-64.09112342316217,79.1341279906516],[-64.09306748908249,79.13399866303465]]],"type":"Polygon"},"id":"00000000000000000207","properties":{"area":149974.07531604887,"elevation":871.4697676633022,"region":"NO","year":2018},"type":"Feature"},{"geometry":{"coordinates":[[[-64.43343036058545,79.0452358546122],[-64.43275266389658,79.0448701811915],[-64.43303372094553,79.04443767995038],[-64.43331894703168,79.04400958588843],[-64.43167380314559,79.04370637544976],[-64.4319590656359,79.04327828044948],[-64.43128109428251,79.04290814871986],[-64.43059891532307,79.04254251512057],[-64.42992126858071,79.04217690455206],[-64.42827588619456,79.0418737145899],[-64.42759817170503,79.04150798750365],[-64.42567167088784,79.04163728717675],[-64.4230675190969,79.04140102114673],[-64.42114133366178,79.04153032219865],[-64.41921509713028,79.04165960941442],[-64.41728861362984,79.04178895915031],[-64.4153622749009,79.04191821869058],[-64.41377492261846,79.04223037680654],[-64.41252634288608,79.04272532822502],[-64.41127765989592,79.04322027141023],[-64.41195558105237,79.04358598798274],[-64.41263786024074,79.0439516184133],[-64.41427872020209,79.04425487015389],[-64.41495661547769,79.04462046769501],[-64.41756512117162,79.04485676687312],[-64.42016926091021,79.04509761825895],[-64.42277774083189,79.04533394478203],[-64.4253818137953,79.04557022114639],[-64.42765165883404,79.04562374972922],[-64.42957782026382,79.04549445415425],[-64.43150430138851,79.04536517784888],[-64.43343036058545,79.0452358546122]]],"type":"Polygon"},"id":"00000000000000000208","properties":{"area":150880.26308230552,"elevation":900.5493151660455,"region":"NO","year":2018},"type":"Feature"},{"geometry":{"coordinates":[[[-64.39373123684706,79.07877720070255],[-64.39208560665658,79.07847845481068],[-64.39140342979707,79.07810832291912],[-64.39072565624423,79.07774270645731],[-64.39101115215058,79.07731461921657],[-64.39032907846772,79.07694448176481],[-64.38965103548114,79.0765788266456],[-64.38896890268737,79.07621317588733],[-64.3882909435618,79.07584751575051],[-64.38953952566987,79.07535254419679],[-64.38789441192871,79.07504935293608],[-64.38528129387771,79.07481303798068],[-64.38301161870696,79.07475956330723],[-64.38107627827812,79.0748888841494],[-64.37914558604764,79.07501814120818],[-64.37721009457917,79.07514301876542],[-64.37561844270779,79.0754551271804],[-64.37368304853854,79.07558450390194],[-64.37175230294609,79.07571381696751],[-64.36947810616036,79.07566031386432],[-64.37016041299198,79.07602589125435],[-64.37146712120355,79.0761462915474],[-64.37373670669407,79.07619982843417],[-64.37567162956108,79.07607049568672],[-64.37828510049522,79.07630682323433],[-64.38089794114393,79.07654766110268],[-64.38351101491642,79.0767839826974],[-64.38612417378087,79.07702027975006],[-64.3877693321621,79.07732355432586],[-64.38845169599573,79.07768912859945],[-64.38912920463349,79.07805482668009],[-64.3898114559507,79.07842047222725],[-64.39049380268165,79.07879053061554],[-64.39213924778673,79.0790893615515],[-64.39373123684706,79.07877720070255]]],"type":"Polygon"},"id":"00000000000000000209","properties":{"area":71135.73965139048,"elevation":853.9581672301559,"region":"NO","year":2018},"type":"Feature"},{"geometry":{"coordinates":[[[-59.721123822527,80.62814539281992],[-59.72051763836638,80.62777076287684],[-59.71352102366985,80.62726243430453],[-59.71388217008646,80.62825235917494],[-59.70961959753346,80.62944293558913],[-59.707064155612045,80.63015641466339],[-59.70742550891178,80.63114628622743],[-59.7031581855381,80.63233244794009],[-59.69737917470144,80.6325821438906],[-59.69098911520219,80.63245283557784],[-59.6855087525219,80.63288539121527],[-59.68611549827839,80.63326442058276],[-59.68647215688798,80.63425429906346],[-59.686833685352155,80.63524423447298],[-59.68834945825643,80.6361851042195],[-59.691020589641404,80.63707697250324],[-59.698324636925655,80.63777256733846],[-59.704112331353954,80.63752725847026],[-59.70259167773916,80.6365864483575],[-59.703390110543964,80.63554305282238],[-59.70418372585033,80.63450399821744],[-59.707296304641204,80.633367006966],[-59.71155904152201,80.63217635527758],[-59.71612500341353,80.63117755235814],[-59.7149122627659,80.63042394412093],[-59.71108211536258,80.62958122443382],[-59.71534482275367,80.62839055817933],[-59.721123822527,80.62814539281992]]],"type":"Polygon"},"id":"0000000000000000020a","properties":{"area":217037.56798898,"elevation":88.61132809411616,"region":"NO","year":2018},"type":"Feature"},{"geometry":{"coordinates":[[[-60.036043474897646,80.51535237097012],[-60.03574025626672,80.51516063145468],[-60.03429104857373,80.51502683955492],[-60.03398786200668,80.51483959419113],[-60.03482159186943,80.51459881547221],[-60.0356555291577,80.51436245831371],[-60.03534777528121,80.51417076666372],[-60.03390302881832,80.51403699436882],[-60.032454006768035,80.51389869716787],[-60.032145901790265,80.51371145950297],[-60.03184280409785,80.5135197138918],[-60.030393865078125,80.51338590329672],[-60.02894903449739,80.51324768367691],[-60.02864126559039,80.51306037002324],[-60.02947540392424,80.51281964009182],[-60.03030892243732,80.51258325445723],[-60.03000588184914,80.51239600171758],[-60.02886420480433,80.51244503389991],[-60.028030249566434,80.51268137727304],[-60.026888928185706,80.51273493700877],[-60.025751766246536,80.51278390791995],[-60.02461017590501,80.51283303481577],[-60.02346865567639,80.5128864715369],[-60.0226349493619,80.51312283779254],[-60.02180103280686,80.51336358698258],[-60.02096725008818,80.51359994752096],[-60.02013342933262,80.5138363052061],[-60.018991925977225,80.51388983524582],[-60.01785042478153,80.51393886486451],[-60.0170167414732,80.51417963764848],[-60.01618278151813,80.5144159831438],[-60.01534878351739,80.51465232578522],[-60.015656611794725,80.51484407327752],[-60.01710113063919,80.5149778168535],[-60.0185460792349,80.51511608869427],[-60.01999522388436,80.51525426566334],[-60.02113685251073,80.5152052294378],[-60.02197051265017,80.51496444799025],[-60.02310777731595,80.51491538218002],[-60.02455668657258,80.515053610464],[-60.02600172354487,80.5151918486385],[-60.027450701682724,80.51533006364815],[-60.02858772503266,80.51527655398907],[-60.029729297344524,80.51522748665204],[-60.03117847708774,80.51536579525511],[-60.032623214192505,80.51550396469777],[-60.034072472012994,80.51563776383165],[-60.03520947174494,80.5155887267484],[-60.036043474897646,80.51535237097012]]],"type":"Polygon"},"id":"0000000000000000020b","properties":{"area":68418.94105705981,"elevation":86.65444045575148,"region":"NO","year":2018},"type":"Feature"},{"geometry":{"coordinates":[[[-63.14382292586339,79.5284596943046],[-63.14315865072613,79.52809401941143],[-63.14147741217151,79.5277819547098],[-63.139796462489265,79.52747423525453],[-63.13811500019688,79.52716654593627],[-63.135417234086624,79.52691682852064],[-63.13338381222366,79.52703725229638],[-63.13135524108791,79.5271576339277],[-63.12898737506012,79.52709518772912],[-63.126958513516136,79.5272156130485],[-63.124595324258,79.52715317848327],[-63.12256207853042,79.52727355953519],[-63.12052856777521,79.52739400089973],[-63.11849952412779,79.52751436555049],[-63.11580192859316,79.52726465169087],[-63.114103013502415,79.52757229167868],[-63.1127339819624,79.52806287443303],[-63.110700779105215,79.52818320407394],[-63.108671618179294,79.52830360718514],[-63.10933604361505,79.52867370512395],[-63.111017125287106,79.52898137088559],[-63.1137150560259,79.52923112755647],[-63.116408395111556,79.5294808111967],[-63.11808954430353,79.52978851021193],[-63.11977039347361,79.53009616430396],[-63.122138097235826,79.53016304847068],[-63.12417146910414,79.53004264127605],[-63.12653465551273,79.53010512117218],[-63.12856833362628,79.52998471735035],[-63.13126618125041,79.53022992063724],[-63.132965106764004,79.52992672602488],[-63.13532826603429,79.52998913393957],[-63.13702703364711,79.52968591399478],[-63.13872609972837,79.52937828718076],[-63.14042506088015,79.5290750794433],[-63.14245835336277,79.52895014436568],[-63.14382292586339,79.5284596943046]]],"type":"Polygon"},"id":"0000000000000000020c","properties":{"area":169900.23874272627,"elevation":633.8736139112905,"region":"NO","year":2018},"type":"Feature"},{"geometry":{"coordinates":[[[-60.06700764347526,80.52083264908298],[-60.06608449241956,80.52026632657476],[-60.06402405230121,80.51975352601062],[-60.06226736370046,80.51942799597253],[-60.05884709675125,80.51957964786637],[-60.0545042687621,80.51916939938238],[-60.050160827046305,80.51875470015779],[-60.046959222695676,80.51829538212972],[-60.04717790405741,80.51768004199869],[-60.0462590772533,80.51711373929245],[-60.04419924919442,80.5166009066781],[-60.04077900980507,80.51675251375887],[-60.03827308422629,80.51747042754855],[-60.03577129801024,80.51818395183376],[-60.0326544640693,80.5185227817763],[-60.029541890693444,80.51886171175926],[-60.032739448865065,80.51932545957177],[-60.03708226919244,80.51974017265579],[-60.03686380034938,80.52035107305288],[-60.041202604278816,80.52076577802852],[-60.039842708273234,80.52143013148195],[-60.03733647898372,80.52214358402779],[-60.039619640100405,80.52204546027733],[-60.042125844176866,80.52132760280561],[-60.04493483696989,80.52080140366088],[-60.04927814936826,80.52121609214839],[-60.05362126282709,80.52162636861712],[-60.057045797963866,80.5214747234116],[-60.060773551966726,80.52151039594614],[-60.06419805782635,80.52135878319186],[-60.06700764347526,80.52083264908298]]],"type":"Polygon"},"id":"0000000000000000020d","properties":{"area":178070.4889763554,"elevation":81.13861749648154,"region":"NO","year":2018},"type":"Feature"},{"geometry":{"coordinates":[[[-59.442345603019085,80.65020006280992],[-59.44204632220803,80.6500127944817],[-59.44058874606402,80.64987454739466],[-59.43942932769878,80.64991913914291],[-59.438269637978195,80.64996821608437],[-59.43711019719542,80.65001721756322],[-59.43594651809367,80.65006629503723],[-59.43478746673966,80.65011532740095],[-59.433926861377635,80.65035166266279],[-59.432767085951966,80.65040071925102],[-59.431607713339865,80.6504498109918],[-59.43074262471314,80.65068610618779],[-59.42988229147942,80.6509224682462],[-59.429021502232345,80.65115878792982],[-59.42816108849666,80.65139956220524],[-59.42729557730979,80.65163591665926],[-59.42643534681409,80.65187219562634],[-59.42557481407695,80.65210854282726],[-59.42470959922118,80.65234492773966],[-59.42500823326286,80.65253216786783],[-59.426471078901784,80.65267489976247],[-59.42763031793427,80.65262578920807],[-59.4287896974096,80.65257678501546],[-59.42994932595516,80.65252770537175],[-59.43111264228761,80.65247868370729],[-59.43227224404893,80.65242959554864],[-59.43313305535307,80.65219327001418],[-59.43429234915653,80.65214424547962],[-59.43575482642223,80.65228689647977],[-59.43721269520533,80.65242516352615],[-59.438671019349925,80.65256788144838],[-59.44012922191897,80.65270606399704],[-59.44129290491828,80.65265704482978],[-59.44099424351728,80.6524697476993],[-59.440695593272366,80.65228245001275],[-59.44039694980535,80.65209073362753],[-59.43893403639717,80.65195248211862],[-59.437476213544564,80.65180980430777],[-59.437176967273466,80.65162253435311],[-59.43803759468148,80.65138619324352],[-59.438903240111514,80.65114984767622],[-59.439763787769294,80.65091350061785],[-59.44062403330831,80.65067722180486],[-59.441484758922705,80.6504363793886],[-59.442345603019085,80.65020006280992]]],"type":"Polygon"},"id":"0000000000000000020e","properties":{"area":52107.14054014834,"elevation":231.02080650626903,"region":"NO","year":2018},"type":"Feature"},{"geometry":{"coordinates":[[[-60.071337426736406,80.4688395246657],[-60.071029682605065,80.46865221263377],[-60.06989672030537,80.46870130461978],[-60.06875970109175,80.46875479727038],[-60.06731969728875,80.46861653227266],[-60.065879474125865,80.46847833255066],[-60.06474674872805,80.46852733420609],[-60.063609457416916,80.46858088020107],[-60.06247711640943,80.46862991219454],[-60.06134450900714,80.46867901192329],[-60.05990418057549,80.46854517290987],[-60.0587672647272,80.46859424180077],[-60.057634225109396,80.46864328952098],[-60.05649728064642,80.46869684823184],[-60.055668056979165,80.46893315880774],[-60.05453537087416,80.46898223366841],[-60.0530948146319,80.46884843594827],[-60.051957819920375,80.46889747987619],[-60.05112846744106,80.46913827571055],[-60.050299081881846,80.46937457058482],[-60.04946981587371,80.46961097312644],[-60.049773168064526,80.46980270760837],[-60.05008083751651,80.46998996517502],[-60.05038396398822,80.47017727229492],[-60.05182410476006,80.4703154303243],[-60.053264436828854,80.47045369225903],[-60.05470480626083,80.47058744953591],[-60.05614520586751,80.4707256982756],[-60.05728236777162,80.47067664077677],[-60.05841496405044,80.4706231312866],[-60.05955184597973,80.47057413733161],[-60.06068466769851,80.47052504575124],[-60.061821523925396,80.47047154540468],[-60.062954065748315,80.47042251740264],[-60.06409114876845,80.47037343494436],[-60.06492068848461,80.47013264549808],[-60.06574978042387,80.4698963126716],[-60.066882643138236,80.4698428104885],[-60.06801963730041,80.46979371327173],[-60.068849040278835,80.4695574098013],[-60.069678402589055,80.46931660535655],[-60.070507729932196,80.46908029619969],[-60.071337426736406,80.4688395246657]]],"type":"Polygon"},"id":"0000000000000000020f","properties":{"area":62981.674218111664,"elevation":110.42944507361271,"region":"NO","year":2018},"type":"Feature"},{"geometry":{"coordinates":[[[-63.29915996632465,79.43312855434698],[-63.29882989175455,79.4329413092724],[-63.29849560351831,79.4327584876971],[-63.298161325967236,79.43257566550847],[-63.297831493634405,79.43238834336118],[-63.298504619796226,79.43214313607761],[-63.29816998023856,79.4319602784951],[-63.29683260112169,79.43183541258438],[-63.29549465543324,79.43171058108952],[-63.294487076617415,79.43177302989314],[-63.29348358293294,79.43183537547559],[-63.29214604307494,79.43171056303952],[-63.2911380568313,79.43177296534863],[-63.29013466591561,79.43183097456784],[-63.28912703466388,79.43189340416755],[-63.28845349915882,79.43213866406492],[-63.28745068922694,79.43220105704307],[-63.28644296444616,79.43225904246262],[-63.2857693481278,79.43250429485713],[-63.28509612461133,79.43275401382351],[-63.28408833487485,79.43281199033794],[-63.28308484225696,79.43287440781691],[-63.28341501618284,79.43305727018476],[-63.28374933955786,79.43324446673661],[-63.283075989695455,79.43348974472651],[-63.28340618252538,79.43367260626093],[-63.28374048520717,79.4338553677647],[-63.28407073921851,79.4340426622732],[-63.285408281229394,79.434167586336],[-63.28641575512932,79.43410513764475],[-63.28742380691954,79.43404264466449],[-63.28876137371885,79.43416755320493],[-63.289769202429405,79.4341051271517],[-63.29077278997573,79.43404712138395],[-63.29178000143711,79.43398472870052],[-63.29245356159274,79.43373946491981],[-63.29345705436279,79.43367701507393],[-63.294464594249554,79.43361464704037],[-63.29547237509658,79.4335566343621],[-63.29647561866972,79.43349424885761],[-63.29714904552478,79.43324897230532],[-63.29815672967781,79.43318651548098],[-63.29915996632465,79.43312855434698]]],"type":"Polygon"},"id":"00000000000000000210","properties":{"area":59363.52445588875,"elevation":689.3001133178268,"region":"NO","year":2018},"type":"Feature"},{"geometry":{"coordinates":[[[-59.93479935065036,80.51397453315832],[-59.93236500506642,80.51247183853701],[-59.93449206652161,80.51076395795516],[-59.92864158978119,80.50941288996614],[-59.920508194933475,80.50815990502566],[-59.9214981505688,80.50650111096778],[-59.921346591963356,80.50490026111771],[-59.919219620947686,80.50358034695795],[-59.91648133026993,80.50490918023846],[-59.91435446752789,80.50661703478227],[-59.907661629205,80.50852106290844],[-59.89823487693547,80.50873512608575],[-59.89337023708163,80.5087440257274],[-59.886672405779194,80.51064806623137],[-59.87633197381021,80.51029578926743],[-59.86720868706189,80.5106970712461],[-59.87502975103923,80.51176280837761],[-59.88628011374356,80.51268136490397],[-59.89098904803776,80.51408602954216],[-59.887711385628094,80.51583843441908],[-59.896914838700795,80.51624419834137],[-59.90847309130673,80.51734563017189],[-59.920040017180256,80.51845146298174],[-59.93069295367621,80.51899101978118],[-59.93168249871597,80.5173367063481],[-59.92810660188349,80.51587853734237],[-59.93479935065036,80.51397453315832]]],"type":"Polygon"},"id":"00000000000000000211","properties":{"area":877665.4889242103,"elevation":76.91247954745401,"region":"NO","year":2018},"type":"Feature"},{"geometry":{"coordinates":[[[-63.43518061067577,79.39247494647876],[-63.434181614472294,79.39069579980253],[-63.42617318488421,79.38934470173521],[-63.41416450215674,79.38823435274507],[-63.404488644849636,79.3884216577919],[-63.395811338129704,79.38915735632892],[-63.38779810815659,79.39025881073616],[-63.38111830071867,79.39210486620328],[-63.38144828953452,79.39228764446729],[-63.38344615223174,79.39400889687309],[-63.3874416055894,79.3956052295332],[-63.39244450822555,79.39714360000063],[-63.39944960986833,79.39855714102428],[-63.408461604250476,79.39985034105788],[-63.40545175291799,79.40187473338851],[-63.407453689115876,79.40359597500093],[-63.408448430832564,79.40537956678108],[-63.40844376983925,79.40722117091863],[-63.41144896278879,79.40888444834181],[-63.41980551115596,79.40796144626354],[-63.42849620999226,79.40722563035231],[-63.4294994585988,79.40531715550716],[-63.424491992032024,79.40378320585981],[-63.42148656380695,79.40212442823578],[-63.418481416389426,79.40046564159009],[-63.42449652393601,79.39825394679482],[-63.428505369394614,79.39616261636706],[-63.435180545480506,79.3943209811971],[-63.43518061067577,79.39247494647876]]],"type":"Polygon"},"id":"00000000000000000212","properties":{"area":1303731.75465377,"elevation":666.4993067004393,"region":"NO","year":2018},"type":"Feature"},{"geometry":{"coordinates":[[[-62.320690754126915,79.78348016957872],[-62.319388584649566,79.78273988726332],[-62.318082124270575,79.78199975412866],[-62.31677559600361,79.78125504674222],[-62.31442564557543,79.78057276326324],[-62.311032426467044,79.77994408130122],[-62.30554326361731,79.77943128227008],[-62.30005839841612,79.77892289994499],[-62.294573840135484,79.77841014530391],[-62.290061142361864,79.77845474964411],[-62.28522757460533,79.77831650891116],[-62.281695681399825,79.77891850400547],[-62.27816439298923,79.77952044931524],[-62.27946625531938,79.78026069124162],[-62.2807639428141,79.78100535212307],[-62.282065825771525,79.78174999352227],[-62.28441592573879,79.78243229456739],[-62.28571782778563,79.78317687689855],[-62.287020009763744,79.78391710516367],[-62.28832181668187,79.78466181659275],[-62.291720034276445,79.78528604845586],[-62.297208897696365,79.78579883948561],[-62.30237258453339,79.78612441115446],[-62.30590875114782,79.7855224234932],[-62.30976605213285,79.78510324036151],[-62.312972008527055,79.78431843657646],[-62.31683355077938,79.78389932464046],[-62.320690754126915,79.78348016957872]]],"type":"Polygon"},"id":"00000000000000000213","properties":{"area":449895.83219076897,"elevation":629.9590197923478,"region":"NO","year":2018},"type":"Feature"},{"geometry":{"coordinates":[[[-60.229354386193776,80.46054111488678],[-60.22287525247205,80.45881542219925],[-60.215263672096626,80.4571432480253],[-60.21331523770407,80.45521247534846],[-60.207973096934815,80.45343782172249],[-60.21281552128414,80.45120380431594],[-60.202015438151825,80.4512884771136],[-60.188237131178084,80.45029409203647],[-60.18742997905832,80.44831428294283],[-60.18549019929914,80.44638347687307],[-60.17787417942864,80.44693198322389],[-60.166253765662454,80.44725302499147],[-60.15524401500402,80.44794862159644],[-60.158307617944224,80.44982589139151],[-60.16477350590271,80.4515515690483],[-60.16897349316482,80.45337979944576],[-60.17770892022646,80.45500289818601],[-60.18757717501349,80.45657701979846],[-60.19631717651998,80.45820008693447],[-60.19712841429267,80.46017993278045],[-60.19567045354791,80.46226233065924],[-60.19761906619765,80.46418866510322],[-60.19729340460718,80.46622199007868],[-60.20677340099885,80.46680166296964],[-60.212757699051714,80.46451866423605],[-60.21647635441307,80.4623336530158],[-60.22687961645571,80.46125903519105],[-60.229354386193776,80.46054111488678]]],"type":"Polygon"},"id":"00000000000000000214","properties":{"area":1082469.2065254329,"elevation":80.87069768952252,"region":"NO","year":2018},"type":"Feature"},{"geometry":{"coordinates":[[[-59.871520476742475,80.54977666295578],[-59.87091404447224,80.54940204822047],[-59.8691570912691,80.54907213963149],[-59.868550785634255,80.5486975184977],[-59.8679442680519,80.54832296675693],[-59.86618717177746,80.54799300075925],[-59.86328900442402,80.5477165356775],[-59.86153639670852,80.54739106212266],[-59.860930205109625,80.5470164938732],[-59.86146514112374,80.54658842191421],[-59.86085858960871,80.54621381212549],[-59.86025249612369,80.54583923895736],[-59.85735371855676,80.54556278290143],[-59.855062020280165,80.54566089158793],[-59.85307755474395,80.5459507604082],[-59.8507857136902,80.54604883740178],[-59.84849815310561,80.54614692219967],[-59.846812834954996,80.54662406302774],[-59.845131281396725,80.547101177985],[-59.845738014138476,80.54747577998519],[-59.84519845869452,80.54790383349726],[-59.84580483138934,80.54827839394619],[-59.84641124885769,80.54865295214044],[-59.8481681571739,80.54898295180308],[-59.8496174212372,80.54912112802697],[-59.85220806813024,80.54921032649942],[-59.85511101374909,80.54948684224908],[-59.85800935025914,80.54976326805529],[-59.86090756853233,80.55003973899318],[-59.86350305717896,80.55012448643417],[-59.86579494125949,80.55002635721094],[-59.86839036431578,80.55011555937882],[-59.87067766550348,80.55001294757946],[-59.871520476742475,80.54977666295578]]],"type":"Polygon"},"id":"00000000000000000215","properties":{"area":140009.62110353922,"elevation":104.3713080168776,"region":"NO","year":2018},"type":"Feature"},{"geometry":{"coordinates":[[[-60.0353257372303,80.53291679157175],[-60.024565830912024,80.53157904760698],[-60.01275356700652,80.53109305784737],[-59.99971514939615,80.52985338336462],[-60.00099937920868,80.52838631506636],[-59.9891070797759,80.52709766741985],[-59.99092157691337,80.52520254404406],[-59.97911867150568,80.52471648583158],[-59.96837665376485,80.52337433218692],[-59.95763895972183,80.52203657074418],[-59.95945835594174,80.52014144986629],[-59.95763008468577,80.51901333159778],[-59.94888161382295,80.52040453211299],[-59.937996570028226,80.52048034440539],[-59.927723102749084,80.52093520652622],[-59.931526649350445,80.52177354403946],[-59.92741528871,80.52376668476094],[-59.93701119752745,80.52515798448611],[-59.95003620397915,80.52639759453749],[-59.953924324704715,80.5280430097572],[-59.966343184871306,80.52890358757142],[-59.9748020986624,80.53034391764929],[-59.98098253276941,80.5318867099789],[-59.989450240391825,80.53332705438588],[-59.997917909917334,80.53476733437681],[-60.00973901945036,80.53525338847628],[-60.02156010196215,80.53573940223207],[-60.030616889790906,80.53453542650172],[-60.0353257372303,80.53291679157175]]],"type":"Polygon"},"id":"00000000000000000216","properties":{"area":1153153.6754320995,"elevation":92.36328532468669,"region":"NO","year":2018},"type":"Feature"},{"geometry":{"coordinates":[[[-64.16555921530427,79.17511158753723],[-64.16488134425099,79.1747459452647],[-64.1642035154551,79.17438030049114],[-64.16352537886023,79.17401020829928],[-64.16186667032161,79.1737069895544],[-64.16021258253045,79.1734037908797],[-64.15855819857542,79.17310054867785],[-64.15592726598788,79.17286422502295],[-64.1539740529786,79.17298906315459],[-64.15202093515941,79.17311840824975],[-64.14972904797793,79.17306043229203],[-64.14811477267125,79.17337256874673],[-64.14616187324481,79.17350190514811],[-64.14454766265567,79.17380953145619],[-64.14327238684173,79.17430449383359],[-64.14131925892515,79.17443379416926],[-64.14199700429265,79.17479944777233],[-64.14072188938678,79.17529442674537],[-64.14139967087758,79.17566007940452],[-64.14207726262678,79.17603021697086],[-64.14373174379305,79.17633336400216],[-64.1453859035199,79.17663665306615],[-64.14704451069095,79.17693985295227],[-64.14899795298999,79.17681051717503],[-64.15095076879398,79.17668120994283],[-64.15256516319455,79.17637355508066],[-64.1548569652323,79.17642703161616],[-64.15681034728793,79.17630216053034],[-64.15876333005794,79.17617283057197],[-64.16072080394721,79.1760435167612],[-64.16267383238205,79.17591867959],[-64.16428817254624,79.17560657468718],[-64.16555921530427,79.17511158753723]]],"type":"Polygon"},"id":"00000000000000000217","properties":{"area":153598.82638107013,"elevation":796.8224882388558,"region":"NO","year":2018},"type":"Feature"},{"geometry":{"coordinates":[[[-59.99958157182789,80.55383889289254],[-59.99927344086663,80.55364716105403],[-59.99897056074995,80.5534598409641],[-59.998663100786324,80.55327256950308],[-59.99720924758472,80.55313436111132],[-59.99576002008715,80.55299609690462],[-59.994306236327894,80.55285787520575],[-59.992852462844624,80.55272414145095],[-59.99140333877875,80.55258585733914],[-59.98994965857505,80.55244761567361],[-59.98849575717977,80.55230943909031],[-59.987047151051065,80.55217117378261],[-59.986739269396864,80.55198392265325],[-59.98757734475702,80.5517431118286],[-59.98726972362602,80.55155578875228],[-59.985820310597695,80.55141762217409],[-59.984674643518595,80.55147110348872],[-59.98352873488856,80.55152015770447],[-59.982387147622134,80.5515692305056],[-59.98154420936293,80.55180996609458],[-59.980705754159565,80.55204633741582],[-59.97986748646605,80.55228712872994],[-59.98017525879171,80.55247438553535],[-59.98048278647568,80.55266171350725],[-59.98078624643174,80.55284894636536],[-59.98223988714833,80.55298722914722],[-59.98369381861396,80.5531254335255],[-59.98514277968773,80.55326364152143],[-59.986596524610725,80.55340190433452],[-59.98690419347876,80.55358922509159],[-59.98720712433289,80.55377648384798],[-59.98866096327125,80.55391473697873],[-59.98896894041973,80.55410198333165],[-59.989271923356675,80.55428923945819],[-59.990725856311116,80.55442748290457],[-59.992179154076204,80.55456575272866],[-59.993628406764614,80.55470392151508],[-59.994774336966685,80.55465490528962],[-59.995612833205904,80.55441411795238],[-59.99675871825649,80.55436509428385],[-59.99790461231313,80.55431157187057],[-59.99874323923094,80.55407519794056],[-59.99958157182789,80.55383889289254]]],"type":"Polygon"},"id":"00000000000000000218","properties":{"area":58450.61851895521,"elevation":84.99424067899366,"region":"NO","year":2018},"type":"Feature"},{"geometry":{"coordinates":[[[-60.08747478308689,80.5295992675832],[-60.084883983579715,80.52951006155217],[-60.083216092712476,80.52998716934843],[-60.0809287710261,80.53008970966614],[-60.081544136100284,80.53046428289122],[-60.07987635069069,80.53094140636199],[-60.078208824768915,80.53141855698334],[-60.07654073171445,80.53189565755936],[-60.0748689854348,80.53237280239851],[-60.07320099782043,80.53284991865848],[-60.07153326970651,80.53332706207686],[-60.06955367430976,80.53361690026479],[-60.067578289892516,80.53390674649309],[-60.06902739995494,80.53404496531431],[-60.07161802157887,80.53412968982266],[-60.07390578810336,80.53403157080473],[-60.07649642188398,80.53411625565744],[-60.078168768264966,80.53363914921937],[-60.079836379199165,80.53316208169795],[-60.08150409111827,80.53268493089705],[-60.082030050739135,80.53226126130494],[-60.08027312372741,80.53193579604584],[-60.081941041114796,80.53145867536257],[-60.08361313008489,80.53098156460271],[-60.085280739622235,80.53050442100245],[-60.08694860864351,80.53002730454456],[-60.08747478308689,80.5295992675832]]],"type":"Polygon"},"id":"00000000000000000219","properties":{"area":51200.92940032642,"elevation":74.95104649529429,"region":"NO","year":2018},"type":"Feature"},{"geometry":{"coordinates":[[[-60.32685721826725,80.48639501440901],[-60.32385587285428,80.48532034303048],[-60.32199234316296,80.48419223208167],[-60.316721494982396,80.48322012685423],[-60.309181185912514,80.48235061572522],[-60.30391050671799,80.48137850085817],[-60.3009140236038,80.48030387579591],[-60.29709241800888,80.47947002367462],[-60.291522951924584,80.48052681698115],[-60.283162500257376,80.47989806508302],[-60.277900574198064,80.47892600804194],[-60.28284583660054,80.4774902148055],[-60.282123321803525,80.47631299533559],[-60.27912713750043,80.47523829799152],[-60.27479694333529,80.47482806130044],[-60.27665196983586,80.47595625431659],[-60.278511615113175,80.4770799470447],[-60.27583598118734,80.478413240033],[-60.276558646525885,80.47959041554813],[-60.27841800109217,80.48071856787398],[-60.28388907759265,80.48107529778872],[-60.29101026437464,80.48095492442148],[-60.299683389996076,80.48177087856286],[-60.30608656227275,80.48269397172713],[-60.31022036970519,80.48371955150463],[-60.31095134138222,80.48489669927336],[-60.318491635226614,80.48576625754974],[-60.32685721826725,80.48639501440901]]],"type":"Polygon"},"id":"0000000000000000021a","properties":{"area":175351.85555683594,"elevation":79.71207327227305,"region":"NO","year":2018},"type":"Feature"}]}