{"type":"FeatureCollection","features":[{"geometry":{"coordinates":[[[-43.12815785138569,61.62205205859619],[-43.12779663609231,61.62167745280932],[-43.12704753993411,61.621294013302425],[-43.12706983849725,61.620923940664994],[-43.12709664368217,61.620553775946625],[-43.12634746618381,61.62017472808111],[-43.12558495018862,61.61997861747859],[-43.12481793227701,61.619777914096254],[-43.12405544186726,61.61958167922073],[-43.12329295436664,61.619385553294094],[-43.12253048286949,61.619189308220136],[-43.122503766896,61.6195594133732],[-43.122089046774384,61.619920608881415],[-43.12206232509847,61.62029071602502],[-43.12165197538684,61.620656326311355],[-43.12162524805332,61.62102643545886],[-43.12082262922758,61.621383228521665],[-43.12080025958947,61.62175330134424],[-43.119997753717925,61.622110035692685],[-43.12035888933685,61.62248455491295],[-43.12110793139541,61.622868044373384],[-43.12186161488699,61.623247043474926],[-43.122610825579,61.62363058409517],[-43.12337326787754,61.62382677568617],[-43.124162421460866,61.62365284392419],[-43.124916037432904,61.62403633134012],[-43.12567863698976,61.62423256663323],[-43.126454459922684,61.624245903731776],[-43.12725706617862,61.623884722282774],[-43.12805967279566,61.62352798867323],[-43.12808196176497,61.623157909478415],[-43.12810876895438,61.622792304931615],[-43.12813556419547,61.62242213464893],[-43.12815785138569,61.62205205859619]]],"type":"Polygon"},"id":"00000000000000000000","properties":{"area":164988.66244460165,"elevation":158.77807127701038,"region":"SE","year":2018},"type":"Feature"},{"geometry":{"coordinates":[[[-42.67930030116608,62.066767110976556],[-42.67851553791019,62.066753721327444],[-42.67729812560114,62.06710158109038],[-42.67616552546276,62.06652185708608],[-42.67502849398444,62.06594661187746],[-42.67460481365265,62.06630787343942],[-42.67337405239814,62.06683844980871],[-42.672143339476186,62.067373542412305],[-42.67091276663296,62.06790421578749],[-42.66968202014448,62.068434817371],[-42.66845132146784,62.068969935247246],[-42.667251837821254,62.06913044345413],[-42.666021120820474,62.069661069126624],[-42.664821554231004,62.069826019462866],[-42.66518725650139,62.070200614633166],[-42.666351007562966,62.070410220095106],[-42.667488184291585,62.07098540555089],[-42.66870095756124,62.07064206623158],[-42.66993171663108,62.070106938816444],[-42.67116238130381,62.06957638201185],[-42.67239314853869,62.069045759295086],[-42.673543575023785,62.06943816546357],[-42.67472515341341,62.06946042757376],[-42.67516666554139,62.06891190444916],[-42.67600503004892,62.06837238842208],[-42.67683880533612,62.06783282859188],[-42.678069595746535,62.067297741730115],[-42.67930030116608,62.066767110976556]]],"type":"Polygon"},"id":"00000000000000000001","properties":{"area":142945.55426615474,"elevation":648.417667066827,"region":"SE","year":2018},"type":"Feature"},{"geometry":{"coordinates":[[[-42.827623323055754,62.097463530225156],[-42.82722645923032,62.09745468000819],[-42.8268341451012,62.097450215979556],[-42.82645059351662,62.097258447138024],[-42.82607161278039,62.097066710592344],[-42.82567918646493,62.09705782819944],[-42.825282336376716,62.09704885651349],[-42.82488988581703,62.09704443999944],[-42.82449303630755,62.09703546545554],[-42.82410058621102,62.09703104611508],[-42.8236905272297,62.09720939810944],[-42.823280187286244,62.09738774331632],[-42.82288775850734,62.097378850916684],[-42.82249104031266,62.09736992908198],[-42.82209845251648,62.09736544260132],[-42.821701592776854,62.09735657237927],[-42.82129151694044,62.09753491586927],[-42.82088116013999,62.097713252565605],[-42.82047536518332,62.09789162158447],[-42.820065133875445,62.09807001568856],[-42.819654898110066,62.09824840850208],[-42.81963712314743,62.09843123675409],[-42.81962375437557,62.098618507679845],[-42.819610411040415,62.09880131009784],[-42.820002855450454,62.098810214280284],[-42.82039961558613,62.09881467640619],[-42.82079206056928,62.09882357776289],[-42.82118882117304,62.098828037031836],[-42.821567792253155,62.099019792951815],[-42.82196024034291,62.099028690131924],[-42.82235725521586,62.09903761944259],[-42.82274958697824,62.09904209949742],[-42.823146325907715,62.09905102045049],[-42.82353880026226,62.099055443208],[-42.823949160239295,62.09887709480522],[-42.82434589776285,62.09888601141023],[-42.824738345664514,62.098894898637376],[-42.82514855511684,62.09871660045097],[-42.82555876783974,62.098538186531314],[-42.82595109473873,62.09854265512572],[-42.826348105706124,62.09855156996278],[-42.82675830224681,62.09837326623498],[-42.82716850205224,62.09819484677425],[-42.82757883179756,62.098016485988005],[-42.82759212955738,62.097833683771725],[-42.82760545164621,62.09764641307447],[-42.827623323055754,62.097463530225156]]],"type":"Polygon"},"id":"00000000000000000002","properties":{"area":68523.10696554919,"elevation":948.6990265993444,"region":"SE","year":2018},"type":"Feature"},{"geometry":{"coordinates":[[[-43.441891293167835,62.743667582248406],[-43.44150786143317,62.74329300398443],[-43.44072296169398,62.74290953434792],[-43.44074519965949,62.7425394167175],[-43.44076757538492,62.7421693594846],[-43.43995600967329,62.742160428703166],[-43.43914904557694,62.742147010926686],[-43.43834186058232,62.74213807214715],[-43.43752138535254,62.74231202636799],[-43.436700967293525,62.74249034858009],[-43.435880474427805,62.74266429118888],[-43.435073278286396,62.7426553287634],[-43.43423952800575,62.74301653279686],[-43.43343240245038,62.74300312916528],[-43.43261193903711,62.743181537231294],[-43.43179140709232,62.74335545067336],[-43.43096198117439,62.74371663607312],[-43.43014157082089,62.74389048254923],[-43.42932106686229,62.74406886757807],[-43.42970450524291,62.74444343441199],[-43.430489389908885,62.744822441309864],[-43.43130982275968,62.74464859113589],[-43.43210805034464,62.74484480060232],[-43.43291954174199,62.74485372900211],[-43.433735589147794,62.74467974200546],[-43.434556001563216,62.74450586818154],[-43.43536762413887,62.74451483825871],[-43.43617472969662,62.744523739101275],[-43.436995125482945,62.744349847567364],[-43.4377933828684,62.74454601592753],[-43.43860049076408,62.744554899229605],[-43.43942101320235,62.744381049327956],[-43.44023249733738,62.744389924554554],[-43.44106183260918,62.74402878378537],[-43.441891293167835,62.743667582248406]]],"type":"Polygon"},"id":"00000000000000000003","properties":{"area":123834.10347067821,"elevation":765.5745672436748,"region":"SE","year":2018},"type":"Feature"},{"geometry":{"coordinates":[[[-42.04423064818349,63.33810592564608],[-42.043860656838206,63.337726862223455],[-42.04307582800026,63.33733443934788],[-42.04270571105088,63.33695542785712],[-42.04231323690734,63.33675924085583],[-42.04144373212475,63.337111531680186],[-42.04059644084653,63.337276477548144],[-42.03981613089511,63.336888543991094],[-42.03898674947667,63.33686625732913],[-42.0382018639767,63.336478308945615],[-42.03742159974727,63.33608590835505],[-42.036592248853346,63.33606805662384],[-42.03576721363868,63.33604574373375],[-42.03496012046246,63.33584065880836],[-42.03413523698951,63.33582284787565],[-42.034095170152824,63.33619289638904],[-42.03405048948839,63.33656750865171],[-42.03400595151586,63.336937615466724],[-42.03437610813123,63.33731660168654],[-42.03433589801862,63.33769116009642],[-42.03512076298574,63.33807913819403],[-42.03507610254155,63.33845363991513],[-42.03586099642222,63.33884161466276],[-42.036641308638366,63.33923403259365],[-42.037426104649256,63.339621936870934],[-42.03827333707294,63.33945695049053],[-42.03914279310817,63.339104732295446],[-42.04001237901683,63.338752454370166],[-42.040859575504456,63.33858744974802],[-42.04168899930341,63.33860527038337],[-42.04249159492279,63.3388104215486],[-42.04329867097409,63.33901551031685],[-42.04373113700841,63.338841638046574],[-42.044190411027536,63.33847597513105],[-42.04423064818349,63.33810592564608]]],"type":"Polygon"},"id":"00000000000000000004","properties":{"area":130119.37957392877,"elevation":633.7366038357071,"region":"SE","year":2018},"type":"Feature"},{"geometry":{"coordinates":[[[-42.053643908407494,63.335532971405335],[-42.05325152834506,63.33533677016111],[-42.05285900424736,63.33514062173221],[-42.052881298986,63.334953344589394],[-42.05289914373507,63.33477046196625],[-42.05251109775522,63.33457425567034],[-42.052529074591064,63.33438698263028],[-42.05255137864035,63.334204158743866],[-42.05215902253882,63.33400795528644],[-42.051766522406254,63.3338118046426],[-42.05137403834009,63.33361553751528],[-42.05098616270884,63.333423841053914],[-42.050593826832554,63.333227633088434],[-42.05020149603353,63.33303142399373],[-42.04980888309159,63.33283520629762],[-42.04941656244894,63.332638994943586],[-42.04902410523404,63.332447288660795],[-42.04860947659405,63.332438348249305],[-42.048176977481646,63.332612285606345],[-42.047744335526886,63.33278616011004],[-42.04732970314832,63.33277721502521],[-42.046914922038496,63.33276832236368],[-42.046892731243645,63.332955657295834],[-42.0472851881518,63.33315182385705],[-42.04726717331374,63.333334642431396],[-42.04724499516988,63.33352186274137],[-42.04763745053173,63.33371814410535],[-42.04802991466574,63.33390985668332],[-42.04841763531684,63.33410607010844],[-42.04839992107479,63.3342933497281],[-42.048377599838936,63.334480625305886],[-42.048769929256615,63.33467239013788],[-42.04916242022813,63.334868552219525],[-42.04955476715998,63.33506476711124],[-42.04953245224003,63.33525204380248],[-42.04951012950735,63.33543486836588],[-42.049902634985614,63.33563102878281],[-42.05031730722739,63.33563996450688],[-42.05072766015723,63.335648902023074],[-42.05112002731688,63.33584511240652],[-42.05153470319127,63.33585404369027],[-42.05194492158844,63.335862915401734],[-42.052359606145785,63.33587629603117],[-42.0527742832147,63.33588522279186],[-42.05318449181234,63.33589420538366],[-42.053621609670806,63.33571579701559],[-42.053643908407494,63.335532971405335]]],"type":"Polygon"},"id":"00000000000000000005","properties":{"area":68460.02200575997,"elevation":632.2749352667012,"region":"SE","year":2018},"type":"Feature"},{"geometry":{"coordinates":[[[-43.02129553316653,63.00901530313201],[-43.020506268238506,63.00863184308172],[-43.019716884270636,63.008248318317804],[-43.01892338177997,63.00786039196415],[-43.01813389128615,63.00747691302617],[-43.01734470503593,63.00709343448924],[-43.01778158162542,63.00672777701622],[-43.017402707584466,63.006348769094224],[-43.01661342022709,63.00596522808181],[-43.015797406921834,63.00595186177333],[-43.01499469589612,63.00575123653376],[-43.01418772615438,63.005555027304815],[-43.01339849219208,63.00517158077392],[-43.012569041774036,63.00534100134241],[-43.01294812880673,63.00572002823132],[-43.01373737079214,63.00610347928356],[-43.01455338624203,63.00611686054036],[-43.015347073314075,63.00650481852962],[-43.01613621945883,63.006888309689295],[-43.016925669840745,63.007271801255676],[-43.01771485523998,63.0076552831827],[-43.01809374872527,63.00803429325947],[-43.0172465412781,63.00839548479254],[-43.01639945337063,63.00875223392649],[-43.0159623936783,63.0091178308961],[-43.01634598310227,63.009496875818535],[-43.016738320471255,63.00968858195696],[-43.017545413619104,63.0098847779267],[-43.018374814241994,63.00971537047182],[-43.019222045156496,63.00935416725874],[-43.02006925726003,63.008997455598035],[-43.02087179363561,63.00919366176567],[-43.02129553316653,63.00901530313201]]],"type":"Polygon"},"id":"00000000000000000006","properties":{"area":59551.22691491665,"elevation":922.6800698248356,"region":"SE","year":2018},"type":"Feature"},{"geometry":{"coordinates":[[[-43.47946805026146,62.83564989222254],[-43.47907123830793,62.835458191643674],[-43.47908474974502,62.83527535163581],[-43.479093658196135,62.835088073744],[-43.47910695862968,62.83490079823635],[-43.47911579432883,62.834717952909585],[-43.47912470240094,62.834530675716536],[-43.47913821307001,62.83434783684166],[-43.47874128070784,62.834156077274926],[-43.47834888401142,62.83396437817833],[-43.47795202755831,62.833777107816346],[-43.47755510978651,62.833585344751036],[-43.4771494163356,62.833580915605786],[-43.47673473518749,62.8337592692902],[-43.47631997652048,62.833942053731576],[-43.475900894049865,62.83412040251702],[-43.47548612032929,62.834303299397575],[-43.475067028447214,62.83448164551031],[-43.47465225081878,62.83466442469224],[-43.47424654436734,62.83465998501644],[-43.47384963872835,62.8344682076523],[-43.47345726878138,62.83427649095661],[-43.47306051169349,62.834084770736695],[-43.472668078048216,62.83389748381901],[-43.47227104748643,62.83370575740372],[-43.47186535414279,62.83370130910142],[-43.47144625044244,62.833879640957434],[-43.47143729692601,62.834066916802335],[-43.471842994848274,62.83407136665876],[-43.47224883174927,62.8340758745127],[-43.47264558364245,62.83426759760789],[-43.47303808719451,62.834459376614475],[-43.47343506650914,62.83464660969411],[-43.473827296527645,62.83483838253836],[-43.47422421224974,62.83503004538053],[-43.47462112728466,62.8352218221223],[-43.47502684109727,62.835226260443655],[-43.475432693899464,62.83523075675893],[-43.475825161004614,62.83541803559774],[-43.47623080482662,62.83542690167089],[-43.476636660596675,62.835431393621256],[-43.477033529755616,62.83561867070312],[-43.47742579436014,62.83581043212467],[-43.47782273924226,62.83600219846274],[-43.47821955020257,62.8361939041693],[-43.478625416492406,62.83619838891243],[-43.4790400532451,62.83601553366881],[-43.47945475160938,62.83583716871125],[-43.47946805026146,62.83564989222254]]],"type":"Polygon"},"id":"00000000000000000007","properties":{"area":52164.549080954544,"elevation":1150.2723311546838,"region":"SE","year":2018},"type":"Feature"},{"geometry":{"coordinates":[[[-43.12411798248109,62.99663683752129],[-43.12331068866532,62.996436181275385],[-43.12162527933389,62.99715407107478],[-43.1199352488786,62.99787647483765],[-43.11831213003227,62.99766685499037],[-43.11672024884968,62.99708274653616],[-43.11509718843912,62.99687319642195],[-43.1135141478795,62.99610622385709],[-43.11190886893849,62.995709289055824],[-43.110272454310866,62.995682585463655],[-43.108667233925765,62.995285720531754],[-43.106990464606895,62.99582085571186],[-43.10693703630838,62.996565493128664],[-43.10810975763451,62.99732796126457],[-43.108872177864704,62.998081612891774],[-43.110455207003426,62.99884854561197],[-43.109991482882016,62.999584280215416],[-43.11120442915863,62.99978943434237],[-43.11282305797011,62.999998967905654],[-43.114459411138114,63.000025745032346],[-43.116109316038,62.99986525660762],[-43.11774137780298,62.99988753286673],[-43.11943144210948,62.999169588890915],[-43.12109451322398,62.99882178284534],[-43.12278458449589,62.99810385378411],[-43.12324399785362,62.997368122975814],[-43.12411798248109,62.99663683752129]]],"type":"Polygon"},"id":"00000000000000000008","properties":{"area":255024.7198417423,"elevation":1046.4511868893092,"region":"SE","year":2018},"type":"Feature"},{"geometry":{"coordinates":[[[-42.10349649698581,63.32327042996029],[-42.10114207546775,63.322102159091926],[-42.09759269255645,63.32052811243587],[-42.09736978152598,63.31885147193603],[-42.09755700455323,63.317179280397],[-42.10137839310181,63.316336545732355],[-42.100615943219864,63.315756864189105],[-42.09685693471635,63.316046705270224],[-42.09314250203231,63.31596202916327],[-42.09085058220257,63.314231813387934],[-42.08846052108554,63.31343365230943],[-42.08484853461192,63.312421454648735],[-42.081196593043096,63.31177930834893],[-42.080719469510086,63.31232338139456],[-42.07763810202663,63.313928621693435],[-42.07621133186178,63.31557406938382],[-42.0723051298588,63.31715706757632],[-42.068483711588414,63.317999776571654],[-42.07077121205111,63.31972993755461],[-42.074298271579245,63.32148680010068],[-42.07410660526274,63.32315892145437],[-42.07730827075467,63.32416225657444],[-42.08089782003698,63.325361767900105],[-42.08457216092243,63.325816610527625],[-42.08831329205898,63.32571849025348],[-42.09205006776686,63.325615915126704],[-42.09580899888666,63.32533057275674],[-42.09959030149033,63.32485790213584],[-42.10349649698581,63.32327042996029]]],"type":"Polygon"},"id":"00000000000000000009","properties":{"area":1725101.8790203077,"elevation":658.9974677711656,"region":"SE","year":2018},"type":"Feature"},{"geometry":{"coordinates":[[[-42.23909790248412,63.47971355366716],[-42.23832640019383,63.47913833734407],[-42.2371402990858,63.4785542204365],[-42.237198252384296,63.47799673928218],[-42.23809003778981,63.477457279734416],[-42.238152450725664,63.47689985267012],[-42.23738103611801,63.47632463966943],[-42.23702420611499,63.475753866506444],[-42.23582030165694,63.47535701224005],[-42.23453176635707,63.47570032949375],[-42.233345583202,63.47511617789566],[-42.23213726502751,63.47471935066075],[-42.23091095808674,63.474505318221034],[-42.22964447827133,63.47466586965657],[-42.22958654550535,63.47522328169753],[-42.23077266839053,63.47580735749318],[-42.23195882676213,63.476391538395305],[-42.23273028801817,63.47696673436777],[-42.23266777698517,63.47752415901261],[-42.23385389939282,63.47810826484491],[-42.23503991815113,63.478692414546984],[-42.236230611890306,63.47927655046112],[-42.236582952602674,63.47984283141593],[-42.23776894227782,63.48042701287375],[-42.23897744585962,63.48082830401085],[-42.23903536072589,63.480270929663],[-42.23909790248412,63.47971355366716]]],"type":"Polygon"},"id":"0000000000000000000a","properties":{"area":134653.1558657153,"elevation":1119.1561833688695,"region":"SE","year":2018},"type":"Feature"},{"geometry":{"coordinates":[[[-42.46857211044626,63.46322379153023],[-42.4677606194348,63.46302313623358],[-42.466949071869415,63.462818019828134],[-42.466155309299154,63.46243009893745],[-42.465343716657564,63.462229366377365],[-42.464474133605584,63.462586117441084],[-42.46362688010146,63.462755595562555],[-42.462793015434535,63.46273771676849],[-42.46199944911371,63.46234982794875],[-42.461205763581525,63.46196187352577],[-42.460411809789505,63.461573908018195],[-42.45958259847319,63.461556108756504],[-42.45875324905553,63.46153824250831],[-42.45791919113655,63.46152489268435],[-42.45708984448995,63.46150701434156],[-42.456242724067806,63.46167649748403],[-42.4566395610486,63.46187272007065],[-42.45745095265069,63.462073337865704],[-42.45828046402314,63.462091159081695],[-42.459109910408685,63.462104518722334],[-42.45990357202156,63.462492488136284],[-42.46073742669021,63.4625103880473],[-42.46153112957981,63.462898231543214],[-42.46236051882332,63.462916077633295],[-42.4631542439061,63.46330402619793],[-42.463988124318654,63.46332190236826],[-42.46479974551205,63.46352253039158],[-42.465611228654495,63.46372320738716],[-42.46642279029183,63.46392833441442],[-42.467252145321766,63.46394168937998],[-42.468086047752465,63.46395953561008],[-42.4681216551198,63.46358942423605],[-42.46857211044626,63.46322379153023]]],"type":"Polygon"},"id":"0000000000000000000b","properties":{"area":55765.44838885938,"elevation":1420.692948469585,"region":"SE","year":2018},"type":"Feature"},{"geometry":{"coordinates":[[[-42.330968618365446,63.57056770511545],[-42.33019268180184,63.56999250340237],[-42.3298359893474,63.56942622803101],[-42.329474769278775,63.56885544774194],[-42.32824422433581,63.56864583197666],[-42.327008997192664,63.56843186731662],[-42.32581835234368,63.56784768912838],[-42.32456541367178,63.56782095989561],[-42.32333479823853,63.56761134682305],[-42.32331238523762,63.56779861434735],[-42.32325452325244,63.56835600676263],[-42.324030285036116,63.56893125029221],[-42.32439150627753,63.56949753534455],[-42.32349521018518,63.57003714836801],[-42.322184160235075,63.57056773192493],[-42.320877745478064,63.571102869619715],[-42.31966477605194,63.57070149082325],[-42.31882664967862,63.57068813637908],[-42.320021628225845,63.57127226828043],[-42.32037830760577,63.571838526725216],[-42.32157335134952,63.57242276184121],[-42.32240722060933,63.57244056861227],[-42.32330340969251,63.57189655162096],[-42.324614358837486,63.57136588966391],[-42.325921049828374,63.57083528960306],[-42.327133775148994,63.57123213673009],[-42.328386857645306,63.57125883796305],[-42.32965766760406,63.57109837565041],[-42.330968618365446,63.57056770511545]]],"type":"Polygon"},"id":"0000000000000000000c","properties":{"area":142968.96372465696,"elevation":1385.8563004422676,"region":"SE","year":2018},"type":"Feature"},{"geometry":{"coordinates":[[[-41.49581470103656,63.906730404905424],[-41.49539560382754,63.90672150528763],[-41.494945124337896,63.90689545219],[-41.494521563128764,63.9068820016558],[-41.49412482527687,63.906685853313206],[-41.49372795318253,63.906489641519094],[-41.4933354849956,63.90629344616777],[-41.49291178069689,63.906280043160436],[-41.492461587002424,63.906453988867604],[-41.49204235644968,63.90644501480533],[-41.49164542521454,63.90624438158234],[-41.491221786119716,63.90623550258407],[-41.491195085844296,63.90641826005657],[-41.491168295432814,63.9066056013324],[-41.49072234682084,63.90677949604752],[-41.49027205746718,63.90695790174311],[-41.48982609886048,63.907131793402655],[-41.4897993892766,63.90731455154318],[-41.49019616855244,63.90751524574409],[-41.49059318257295,63.90771141745325],[-41.49099004897877,63.90790764140922],[-41.491386844252254,63.908108332157326],[-41.49177918279293,63.90830447384702],[-41.492176064992634,63.90850069435068],[-41.49259979968509,63.908514100101094],[-41.493050099694166,63.90833568369565],[-41.49346928100142,63.90834912205566],[-41.49386603585594,63.90854527447288],[-41.49428977260239,63.90855867403388],[-41.49474012766843,63.90838478129555],[-41.49518607879602,63.90821086947245],[-41.49521269328694,63.908023579022846],[-41.49523959978811,63.90783629765459],[-41.4956853872492,63.90766243791748],[-41.49571215096045,63.907475094553256],[-41.49531525778776,63.907278887384635],[-41.495342010017865,63.90709166022012],[-41.495792490345586,63.90691771157174],[-41.49581470103656,63.906730404905424]]],"type":"Polygon"},"id":"0000000000000000000d","properties":{"area":52154.10708301938,"elevation":129.27952004363235,"region":"SE","year":2018},"type":"Feature"},{"geometry":{"coordinates":[[[-41.02912962662906,64.39933624519603],[-41.02875509895157,64.39895273254392],[-41.027466400495946,64.39891264236738],[-41.026173238464054,64.39887250294267],[-41.02485348157685,64.39901965054936],[-41.0235601721693,64.39898396250545],[-41.02220915297995,64.39931397247904],[-41.02215115205159,64.39968852974579],[-41.02162943970093,64.40023257370287],[-41.020679576022296,64.40076760658201],[-41.021018453680924,64.40133838130555],[-41.020929330226956,64.40189578300969],[-41.019547052001855,64.40241746423568],[-41.01902524423402,64.40296150509694],[-41.01979678071101,64.40355008055836],[-41.02108998164412,64.40358579991515],[-41.02235180616513,64.40381319263413],[-41.02367178506343,64.40366606827908],[-41.02505405572663,64.40314433512104],[-41.026436279720116,64.40262258740779],[-41.026958090823534,64.40207857832648],[-41.02747525744797,64.40153458649999],[-41.028857663949864,64.40101282546698],[-41.02894677734976,64.40045548411896],[-41.0290403644292,64.39989363623296],[-41.02912962662906,64.39933624519603]]],"type":"Polygon"},"id":"0000000000000000000e","properties":{"area":180025.14023626214,"elevation":803.4046877170699,"region":"SE","year":2018},"type":"Feature"},{"geometry":{"coordinates":[[[-40.93723645739932,64.58472338337334],[-40.93683512184525,64.58452270533057],[-40.9359968601296,64.5843131375689],[-40.935096141267074,64.58446925543522],[-40.934164164745084,64.58481701772925],[-40.9332634145761,64.5849775538093],[-40.9324251767654,64.58476352855524],[-40.932362655486656,64.58513808321257],[-40.93143076966802,64.58548588863833],[-40.931368234060166,64.58586044425672],[-40.931310350588994,64.58623498633833],[-40.93037842695835,64.58657835401942],[-40.92944647392744,64.58692614676424],[-40.928514499800755,64.58727393290492],[-40.92801509852601,64.58763520422522],[-40.928857893871694,64.58784918637048],[-40.92972732132916,64.58787595524252],[-40.93065494626932,64.58752818296843],[-40.931586764112865,64.58718031638742],[-40.93251870224714,64.5868325064009],[-40.93338824801518,64.58685931155085],[-40.93432015656289,64.58651148810678],[-40.93515845897309,64.58672550161552],[-40.935626652546645,64.5865516031631],[-40.934815243316926,64.5861547122997],[-40.934445147111674,64.58576680388123],[-40.935377009491546,64.58541897432465],[-40.936304495773854,64.58507116291122],[-40.93723645739932,64.58472338337334]]],"type":"Polygon"},"id":"0000000000000000000f","properties":{"area":62404.048089773736,"elevation":806.0276024331461,"region":"SE","year":2018},"type":"Feature"},{"geometry":{"coordinates":[[[-35.27337553882806,66.94243297175025],[-35.27259080966046,66.94199591060053],[-35.27164535123174,66.94193354495587],[-35.27061546125593,66.94205391358199],[-35.269505048346105,66.94236602995842],[-35.268390317619385,66.94267374903754],[-35.26728000128033,66.94298138264945],[-35.2661696201488,66.94328912342269],[-35.2650592581253,66.94359673910104],[-35.26394901119079,66.94390441610317],[-35.26283874141375,66.94421208414045],[-35.26172826889575,66.94451978904627],[-35.26156346263748,66.94488988507689],[-35.26092581492999,66.94523325869545],[-35.26179516033464,66.94548296058497],[-35.26274069812307,66.9455453978095],[-35.263690320421084,66.94560784347374],[-35.26472040446528,66.94548741078513],[-35.26575044502852,66.94536255104097],[-35.26686073795385,66.94505485680214],[-35.26797114597642,66.94474722388499],[-35.269081393209056,66.94443951171527],[-35.27019175554201,66.94413186086527],[-35.2713065325153,66.94382412448343],[-35.27241684911707,66.94351645566304],[-35.273054458263125,66.94317763456748],[-35.2732150238642,66.94280297740858],[-35.27337553882806,66.94243297175025]]],"type":"Polygon"},"id":"00000000000000000010","properties":{"area":102183.83974895116,"elevation":1636.6128749342215,"region":"SE","year":2018},"type":"Feature"},{"geometry":{"coordinates":[[[-36.326213913211575,66.69829264685778],[-36.32588833673775,66.69789135858976],[-36.32447490467603,66.6978066336209],[-36.32327988044078,66.69716009394787],[-36.32208917795998,66.696517939199],[-36.32230324981773,66.69596059984097],[-36.32392627736699,66.69548788781822],[-36.32313255178475,66.69505981492786],[-36.32157647358271,66.69534522327],[-36.32031000766891,66.69488592625032],[-36.318900956474394,66.69480119067299],[-36.31734908752382,66.69509105922563],[-36.31586881145685,66.69518918573449],[-36.31438388061393,66.6952917289632],[-36.31416979521314,66.69584912426318],[-36.314423992102995,66.69643767967482],[-36.31467830484386,66.69702184472798],[-36.31587323734104,66.6976639588318],[-36.31706826338796,66.69831052277212],[-36.31826331385567,66.69895261645306],[-36.318517450046535,66.69954121621426],[-36.3198551030473,66.69981322406132],[-36.32141141838432,66.69952336980774],[-36.32289189358391,66.69942529227279],[-36.323904036597476,66.69929595869128],[-36.32505888876742,66.69879210095641],[-36.326213913211575,66.69829264685778]]],"type":"Polygon"},"id":"00000000000000000011","properties":{"area":185396.5046788999,"elevation":1336.3572749391728,"region":"SE","year":2018},"type":"Feature"},{"geometry":{"coordinates":[[[-36.261958238530966,66.73744354656861],[-36.261489975172125,66.73741681790736],[-36.26101731542371,66.7373856205823],[-36.26062058153455,66.73717158052442],[-36.260223676994414,66.73695758649725],[-36.25982226652325,66.73674351593297],[-36.259354172005175,66.73671227153683],[-36.25881001706547,66.73687283379634],[-36.25826600885099,66.73702888600283],[-36.257722134738316,66.73718500520145],[-36.25718251224983,66.73734552015974],[-36.25663848687399,66.73750156588486],[-36.25609445580188,66.73765760944204],[-36.25562182784964,66.73763085296324],[-36.25515355002385,66.7375996403995],[-36.25460967388989,66.73776020772632],[-36.254065628214114,66.73791624297107],[-36.253521716632854,66.73807234521256],[-36.252982056082686,66.73823284337067],[-36.25243813303553,66.73838894129938],[-36.25189406450264,66.73854496789451],[-36.251822791482255,66.73873229443606],[-36.252219647227335,66.73894631606929],[-36.25269231483798,66.73897754579598],[-36.25316044757066,66.73900423735823],[-36.25363309447405,66.73903100283447],[-36.25410121649381,66.73906226804262],[-36.25457404352394,66.73908898289612],[-36.25511811095542,66.73893294469703],[-36.25558607062444,66.7389596745471],[-36.25605874587424,66.73899089184755],[-36.25652702544779,66.73901764026881],[-36.2569997037779,66.73904885409348],[-36.25747235927034,66.73907560540226],[-36.25794049047245,66.73910685657339],[-36.25848469545333,66.73894629634698],[-36.25895719965128,66.73897755010319],[-36.25942548486044,66.73900428793011],[-36.2599695283276,66.73884822947822],[-36.260513541169075,66.73868770809948],[-36.261057573149614,66.73853164531499],[-36.26112878290907,66.73834431433701],[-36.26120015646571,66.73816151335326],[-36.26127150392494,66.73797425170467],[-36.26134285032002,66.737786990144],[-36.26188686000466,66.73763092452154],[-36.261958238530966,66.73744354656861]]],"type":"Polygon"},"id":"00000000000000000012","properties":{"area":69353.70468432902,"elevation":1437.7347504621068,"region":"SE","year":2018},"type":"Feature"},{"geometry":{"coordinates":[[[-36.61328203085568,66.68907573670833],[-36.61309022122362,66.68829986916587],[-36.61181932626923,66.6878450595686],[-36.61007577999558,66.68736346479824],[-36.608127248251705,66.68743926636446],[-36.60617853726304,66.68751508601572],[-36.60436369538961,66.68722075642259],[-36.60248642046686,66.68710929358924],[-36.600466452670446,66.68737232023928],[-36.598517720897306,66.68744813983803],[-36.596426353089214,66.68789851242393],[-36.596288260090255,66.68827304255647],[-36.5960117687322,66.68901780850713],[-36.59479444961624,66.68970447565955],[-36.593572606384555,66.69039564545902],[-36.59235524765389,66.69108675315697],[-36.59113788937609,66.69177346078557],[-36.58992055109491,66.69246461844372],[-36.59119144323455,66.6929194898073],[-36.59307329217121,66.69303092722609],[-36.59495044245591,66.69314243722773],[-36.59690355141051,66.69306218110226],[-36.59878542070011,66.69317365076995],[-36.600734072693776,66.6930978486085],[-36.60282530178927,66.69264742132108],[-36.604840873754746,66.69238884092567],[-36.60699899168091,66.6917512401513],[-36.60822073080735,66.69106001019725],[-36.61037907673163,66.69042683747638],[-36.611596448566964,66.68973565408756],[-36.61328203085568,66.68907573670833]]],"type":"Polygon"},"id":"00000000000000000013","properties":{"area":460998.15466618567,"elevation":1107.174403276682,"region":"SE","year":2018},"type":"Feature"},{"geometry":{"coordinates":[[[-36.60951395612596,66.69532288578928],[-36.6091839950924,66.69492610148036],[-36.60817168957463,66.69505540266273],[-36.6070926542871,66.69537194444689],[-36.60608491867693,66.6955057522721],[-36.605144006096566,66.69544779751973],[-36.60413175232853,66.69558152681499],[-36.60305262181215,66.69589815209908],[-36.60204494984544,66.69602742162031],[-36.60103262969212,66.6961612433881],[-36.60002508309103,66.69629056607307],[-36.59901274736408,66.6964243721692],[-36.59793371089597,66.69674090843033],[-36.596925957907786,66.69687025491497],[-36.59591376810433,66.69700398949705],[-36.59497280985113,66.69694607638758],[-36.59403197376712,66.69689249948395],[-36.59389361808518,66.69726708688891],[-36.59429495359048,66.6974811469786],[-36.59530734236737,66.69734737714467],[-36.59624368923266,66.69740088099597],[-36.59725583341739,66.69727153425742],[-36.59833507426235,66.69695495527615],[-36.599413975078484,66.69663834659865],[-36.60035500020477,66.69669183631133],[-36.60122454207669,66.69693266642518],[-36.60209847039608,66.6971734853517],[-36.6031776616937,66.69685686619665],[-36.60418522122366,66.69672751841934],[-36.605197518067335,66.69659378781833],[-36.606276656652646,66.69627714368987],[-36.60728438485011,66.69614345015172],[-36.60782406759429,66.695987326716],[-36.60843488676875,66.69563955550925],[-36.60951395612596,66.69532288578928]]],"type":"Polygon"},"id":"00000000000000000014","properties":{"area":53941.77030996767,"elevation":1099.5728683198515,"region":"SE","year":2018},"type":"Feature"},{"geometry":{"coordinates":[[[-33.691281964852344,67.5189590131927],[-33.69089411872362,67.51873610909757],[-33.690408098629256,67.51870038389407],[-33.68992655051745,67.51866474904571],[-33.689440348504284,67.51862906407051],[-33.68895890605424,67.51858892572623],[-33.68857095170256,67.5183659427419],[-33.68818281839199,67.51814300247176],[-33.68779501386732,67.51792008941561],[-33.68730901743926,67.51788435275917],[-33.686729341449706,67.5180314996129],[-33.68614955755177,67.51818314403523],[-33.686051400140265,67.51836593681008],[-33.68643933010224,67.51858892737107],[-33.68682745289018,67.51881187308084],[-33.68672919520889,67.51899916661435],[-33.68614515736826,67.5191462914735],[-33.68556544784347,67.51929343411244],[-33.6849857326062,67.51944057435098],[-33.68440157503448,67.51959219192179],[-33.683821984214056,67.51973939941516],[-33.68372388747778,67.51992664767606],[-33.684111919715015,67.52014514592133],[-33.68449972026725,67.52036807101817],[-33.68488766371552,67.5205910671174],[-33.68527547812323,67.52081399007659],[-33.68575718924057,67.52084971368795],[-33.68624318437115,67.52088983988702],[-33.68672928380566,67.52092546429763],[-33.68730902587161,67.52077831563457],[-33.687893096539945,67.52063118471044],[-33.68847274309185,67.52047957501823],[-33.68857089334805,67.52029677952473],[-33.68866448781373,67.52010943567544],[-33.689248537611725,67.51996229929885],[-33.68982838343855,67.5198152124726],[-33.68992648718929,67.51962784438001],[-33.69002453951901,67.5194405921751],[-33.69060423430226,67.51929343027307],[-33.69118392337196,67.51914626597082],[-33.691281964852344,67.5189590131927]]],"type":"Polygon"},"id":"00000000000000000015","properties":{"area":55929.94489784581,"elevation":647.8928094602327,"region":"SE","year":2018},"type":"Feature"},{"geometry":{"coordinates":[[[-36.71297837078668,66.69485917241873],[-36.712577051196135,66.6946495979907],[-36.712175955331496,66.6944355840528],[-36.712242773084775,66.69424828182315],[-36.712782323193935,66.69408777099432],[-36.712849135827675,66.69390046871446],[-36.712447831093655,66.69369089444763],[-36.71251915561523,66.69350365211412],[-36.712586144604046,66.69331630258243],[-36.71218475061685,66.69310226861059],[-36.71225170531364,66.69291503590829],[-36.71232298782349,66.69273218475406],[-36.7123897996384,66.69254488358956],[-36.71245675132614,66.69235765116264],[-36.71252810708769,66.69217029330727],[-36.71259505674987,66.6919830610652],[-36.71212687089773,66.69195632849845],[-36.71165417592794,66.69192953465611],[-36.71118599284993,66.69190279863986],[-36.710646303176,66.69206334901527],[-36.71017360927587,66.69203654970251],[-36.70970542726835,66.69200980826788],[-36.709165946042866,66.69216591423773],[-36.70862641759615,66.6923264086325],[-36.70808688330302,66.6924869008963],[-36.7080200424897,66.69267420002342],[-36.70842129464634,66.69288378783536],[-36.708822652583336,66.6930978337116],[-36.709224017098585,66.69331187843557],[-36.709157040733615,66.69349910999212],[-36.70861744977063,66.69365972171222],[-36.70855068614272,66.69384251487551],[-36.7084791574505,66.69402980320895],[-36.70841231481827,66.69421710354497],[-36.70881369178448,66.69443115026921],[-36.709214934458196,66.69464512719301],[-36.7096163245801,66.69485917161279],[-36.70954938781074,66.69504201377917],[-36.709482549495696,66.69522931528576],[-36.70988380945446,66.69544329056087],[-36.70981260202553,66.69563060151759],[-36.70974562290777,66.69581783489026],[-36.71021369433476,66.69584462374371],[-36.71075328659243,66.69568412021694],[-36.71129287300163,66.69552361455892],[-36.7118324124931,66.69536749737419],[-36.712371987294645,66.69520698745086],[-36.7129115562477,66.6950464753964],[-36.71297837078668,66.69485917241873]]],"type":"Polygon"},"id":"00000000000000000016","properties":{"area":64820.78280945275,"elevation":1064.401653254502,"region":"SE","year":2018},"type":"Feature"},{"geometry":{"coordinates":[[[-28.69287501343924,68.68243662688687],[-28.69266996624966,68.68202187429026],[-28.691960942263385,68.68154921926414],[-28.692754705657652,68.6812415462812],[-28.692398002319635,68.68100522602947],[-28.691399026679306,68.68089817973333],[-28.691109156918458,68.6812638664201],[-28.691314246393603,68.68167850709898],[-28.690520464853886,68.68199068010306],[-28.689231879416038,68.68224934475838],[-28.68793886718493,68.68250350343247],[-28.686645719329903,68.68276208111367],[-28.685499598261938,68.68283787808373],[-28.684790512150123,68.68236522206395],[-28.684086058972188,68.68189702022622],[-28.683377029903948,68.68142435703516],[-28.682672633321204,68.6809561480725],[-28.681526728253687,68.68103198880209],[-28.681731644172267,68.68144664541032],[-28.68244063715097,68.68191931728074],[-28.68264589975325,68.68233401287613],[-28.682855248567765,68.68275316310643],[-28.683560022118343,68.6832214117229],[-28.68455877850583,68.68332835873558],[-28.685414939923433,68.68361824673673],[-28.686413852483764,68.68372525750272],[-28.68755981724135,68.68364948955532],[-28.688558548942424,68.68375652207438],[-28.689205184960638,68.68362716842682],[-28.689998835746735,68.68331503819805],[-28.69129188098566,68.68306086010095],[-28.69258062350215,68.68280225320105],[-28.69287501343924,68.68243662688687]]],"type":"Polygon"},"id":"00000000000000000017","properties":{"area":63914.5757350855,"elevation":1012.1131239484021,"region":"SE","year":2018},"type":"Feature"},{"geometry":{"coordinates":[[[-28.562901250039126,68.7242585022419],[-28.562843034178897,68.72366097585505],[-28.561839958518267,68.72355395600106],[-28.561398341152273,68.72409800137883],[-28.559454195671755,68.72448145087635],[-28.55750998731147,68.72486938279485],[-28.555713147893485,68.72507007601465],[-28.554651862773824,68.72436550971788],[-28.5535949816719,68.72365653263601],[-28.55238666362856,68.72313480597623],[-28.55223931581996,68.72331319040856],[-28.553300738260553,68.7240221323942],[-28.553857975607823,68.72467317271726],[-28.55341209243521,68.72521724579417],[-28.55247137027277,68.72571219384412],[-28.55202531196748,68.72625618676183],[-28.55158395839799,68.72680021065567],[-28.55113804278231,68.72734867338647],[-28.550696647865742,68.72789269586788],[-28.552493522852355,68.72768759092699],[-28.554437742409814,68.72730407592061],[-28.556381914054185,68.72692053525138],[-28.557884733779783,68.72708112496642],[-28.558945912563036,68.72778562654402],[-28.560239002603787,68.72753145348565],[-28.56068491659373,68.72698743586325],[-28.561126347235753,68.72643903250953],[-28.561068377058135,68.72584146619535],[-28.56051110625361,68.72519041920432],[-28.561456396339096,68.72469545194281],[-28.562901250039126,68.7242585022419]]],"type":"Polygon"},"id":"00000000000000000018","properties":{"area":120123.13879282231,"elevation":1081.5321955470083,"region":"SE","year":2018},"type":"Feature"},{"geometry":{"coordinates":[[[-29.31561520881988,68.57842806724321],[-29.315120188649946,68.57837450776033],[-29.314620914347376,68.57832548357705],[-29.314121315767295,68.57827199050939],[-29.31362204741424,68.57822296273108],[-29.313122653490556,68.57816942816615],[-29.312623066185587,68.57812035816104],[-29.31226650955657,68.5778840416659],[-29.311766931364797,68.57783496854084],[-29.311267679210886,68.57778150379072],[-29.310768106973605,68.57773242706855],[-29.31026873458168,68.5776788821897],[-29.309912012959746,68.57744702586362],[-29.309550912652938,68.5772152005491],[-29.30919407734057,68.57697883739917],[-29.308832864931066,68.57674693369889],[-29.308476171570025,68.57651507371479],[-29.30797676100317,68.57646163483165],[-29.30783861989487,68.57664441547877],[-29.308195308094767,68.57687627718215],[-29.308056967299894,68.57705909606285],[-29.307914238655776,68.5772419467554],[-29.30777609203397,68.57742472762654],[-29.307633358981676,68.57760757819251],[-29.307994570213676,68.57783948527208],[-29.308351277613045,68.57807577524046],[-29.308712503106417,68.57830768046725],[-29.308569969208932,68.57849049432114],[-29.307932238541166,68.57861976103028],[-29.307789498578398,68.57880261217078],[-29.30815072918112,68.57903894751398],[-29.308649992890164,68.5790879947279],[-29.309149585810996,68.57914150726236],[-29.309648855471874,68.57919055088148],[-29.310143743533327,68.57924405312252],[-29.31064334403899,68.57929313180064],[-29.311142750679096,68.57934667504891],[-29.31164223076067,68.5793956735981],[-29.31227964640837,68.57926635124825],[-29.312779255648717,68.57931542227082],[-29.313278671412867,68.57936895786159],[-29.313920663965522,68.57923512978492],[-29.314558393538228,68.57910583596538],[-29.31519598890245,68.5789720343744],[-29.315338807197474,68.57879368134633],[-29.3154769098246,68.57861089327425],[-29.31561520881988,68.57842806724321]]],"type":"Polygon"},"id":"00000000000000000019","properties":{"area":50315.72983404192,"elevation":950.6353324826317,"region":"SE","year":2018},"type":"Feature"},{"geometry":{"coordinates":[[[-29.029795617218262,68.65046927075215],[-29.029439074071202,68.65023741648251],[-29.028939568486056,68.65018394810043],[-29.028440139694336,68.65013036361182],[-29.02808341661581,68.64989854331337],[-29.027726825680865,68.64966217822996],[-29.027227287309486,68.64961313318977],[-29.02672780349865,68.6495596567944],[-29.026371232232,68.64932328816754],[-29.026014417071877,68.64909138570367],[-29.025510554512692,68.64903792811486],[-29.025367840346416,68.64922078015636],[-29.025724598426134,68.64945711392046],[-29.025581809069667,68.64963545993508],[-29.024939758131683,68.64976922156738],[-29.024297753639107,68.64989855082412],[-29.023655618097802,68.65002780046697],[-29.023009009000152,68.65015718476835],[-29.022366862707475,68.65028642876943],[-29.02172483672023,68.65041574676563],[-29.021582086749742,68.65059859582237],[-29.02193882157343,68.65083493986153],[-29.021796070277908,68.65101778925967],[-29.02165344301184,68.65119609469645],[-29.021510687283527,68.65137894395889],[-29.02136353458757,68.65156181626513],[-29.021720154433964,68.65179808423358],[-29.022224110599087,68.65184712536563],[-29.02272362254718,68.6519006174148],[-29.02308038779441,68.65213695863244],[-29.023437013118194,68.65236890685922],[-29.02379379267115,68.65260524625786],[-29.02415050586513,68.65283707835327],[-29.024649846492014,68.65289060084862],[-29.024792590410005,68.65270774818926],[-29.024935332095808,68.65252489546275],[-29.0250779978682,68.65234215698116],[-29.025220683151574,68.6521637337038],[-29.025363418172624,68.65198088077452],[-29.025006755392692,68.65174462244744],[-29.02515388388396,68.65156174663056],[-29.025795930950608,68.65143241264781],[-29.026438098339106,68.65130315265694],[-29.027080134662892,68.65117381305396],[-29.02772229131175,68.65104454744174],[-29.02836871162,68.65091517889122],[-29.029010908731518,68.65078147807137],[-29.02965312279225,68.65065208969568],[-29.029795617218262,68.65046927075215]]],"type":"Polygon"},"id":"0000000000000000001a","properties":{"area":64821.165461934244,"elevation":1151.0084894292913,"region":"SE","year":2018},"type":"Feature"},{"geometry":{"coordinates":[[[-36.985465345643746,66.68616839693065],[-36.98512636536777,66.68576703373749],[-36.98478750565084,66.68537024506081],[-36.98377970100715,66.68550399464304],[-36.98277188843348,66.68563773643216],[-36.98176420952567,66.68577153876815],[-36.98075638109207,66.68590526497195],[-36.9797531988764,66.68603910184046],[-36.978678462708245,66.68636011016257],[-36.977603844775686,66.68668117836671],[-36.97652905998271,66.68699777959523],[-36.97558819503298,66.6869487439953],[-36.975454395518724,66.6873188308702],[-36.97485256516807,66.68766662711153],[-36.97471871900515,66.68804122089837],[-36.97572650339079,66.68790747201969],[-36.976801188993804,66.68758641764563],[-36.97774208052521,66.68763544424296],[-36.97861604856317,66.68787626920061],[-36.979489891954785,66.68811701992428],[-36.980435324762674,66.68816607675203],[-36.981505572471356,66.68784950785935],[-36.98251333002842,66.68771570596792],[-36.98345407141306,66.6877647386142],[-36.98446196176075,66.68763098986295],[-36.98412294896692,66.68723412864148],[-36.9847293502791,66.6868862921809],[-36.984858824618854,66.6865117773228],[-36.985465345643746,66.68616839693065]]],"type":"Polygon"},"id":"0000000000000000001b","properties":{"area":82952.47030864941,"elevation":1229.2001213907918,"region":"SE","year":2018},"type":"Feature"},{"geometry":{"coordinates":[[[-25.210820989024917,69.36471914525498],[-25.210495425586558,69.36447843341837],[-25.209483232525766,69.36434903406352],[-25.208105389858055,69.36457647184912],[-25.207271636315934,69.36426883173085],[-25.206624981377843,69.36378279493991],[-25.20597401700482,69.36329674290228],[-25.204778825104057,69.363350273221],[-25.204413217606824,69.36370699624322],[-25.204047598672528,69.36406371859798],[-25.20317816268707,69.36435801167268],[-25.202812515022188,69.36471473152346],[-25.203459101863796,69.36520078609048],[-25.202589407800204,69.36549510890305],[-25.202223731652907,69.36585182793138],[-25.20236649032533,69.36627545425299],[-25.203378725847287,69.36640029426373],[-25.204395262320123,69.3665295545095],[-25.205590473197045,69.36648055245035],[-25.206602489790757,69.36660981737049],[-25.207984800185102,69.36638240354281],[-25.208854596028424,69.36608812939129],[-25.209220184641584,69.36573139524354],[-25.210089621417104,69.36543706662142],[-25.209951378973916,69.3650135098486],[-25.210820989024917,69.36471914525498]]],"type":"Polygon"},"id":"0000000000000000001c","properties":{"area":75811.92108771134,"elevation":276.19218934911237,"region":"SE","year":2018},"type":"Feature"},{"geometry":{"coordinates":[[[-37.0322232602571,66.70321552008974],[-37.0318176227106,66.7030014734843],[-37.03188434411803,66.70281420825816],[-37.03194684303951,66.70263142177464],[-37.031541216372965,66.70241737463745],[-37.03107292794992,66.70239055070259],[-37.03060023282081,66.70236386152128],[-37.03019445637146,66.7021542487228],[-37.02972631689905,66.70212748813046],[-37.02925362895459,66.70210079395625],[-37.028847715781666,66.70188671835287],[-37.02837958351811,66.70185995281517],[-37.02790690283666,66.70183325364742],[-37.02743878333876,66.70181087498582],[-37.02689917766952,66.70197148277794],[-37.02636411595242,66.70213202040502],[-37.02589146852527,66.70210519731154],[-37.025423162326064,66.70207846914523],[-37.024883717352374,66.70223902054148],[-37.024348640480135,66.70239955003389],[-37.02428155148754,66.70258679136586],[-37.0242147696916,66.70276966255405],[-37.024147996411514,66.7029569241764],[-37.02408542033387,66.70314421431708],[-37.02401864509674,66.70333147612813],[-37.024424243978125,66.70354104128697],[-37.024892573453045,66.7035677730466],[-37.02536524437799,66.70359459976584],[-37.02583357659267,66.70362132807489],[-37.026306108466414,66.70364808301818],[-37.02671188321577,66.70386209963242],[-37.02718458690508,66.70388441276775],[-37.02765275173491,66.70391118259039],[-37.02812546806854,66.7039378826001],[-37.02859363563675,66.70396464897387],[-37.02906632065437,66.703991461987],[-37.02953904112384,66.70401815676479],[-37.03000721280478,66.70404491795692],[-37.030546811412364,66.70388441222654],[-37.031015006208285,66.70390666289542],[-37.0314876949189,66.70393346695626],[-37.03155442124874,66.70374620126425],[-37.03161678306072,66.70356334603258],[-37.03215636410975,66.70340283394017],[-37.0322232602571,66.70321552008974]]],"type":"Polygon"},"id":"0000000000000000001d","properties":{"area":66633.95155942536,"elevation":1251.2369334258715,"region":"SE","year":2018},"type":"Feature"},{"geometry":{"coordinates":[[[-25.165654740030046,69.41393870214917],[-25.165329147015626,69.41369347114734],[-25.1650081687037,69.41345271591085],[-25.16468258978108,69.41320748336202],[-25.164357164996783,69.41296663312338],[-25.16403160022059,69.41272139901717],[-25.163706042546256,69.41247616413207],[-25.16338043033752,69.41223534380231],[-25.162872156533712,69.41216845601434],[-25.16236393947409,69.41210606198139],[-25.161859957519507,69.41204359930526],[-25.16116874537007,69.41215508514172],[-25.160660537176074,69.41209268517986],[-25.160152280701674,69.412025787884],[-25.159969321469642,69.41220416550885],[-25.159782013703015,69.41238252955701],[-25.15909104806926,69.41249846929188],[-25.15839975460673,69.41261435792673],[-25.158216986441623,69.4127927014624],[-25.158034121347075,69.41297115727635],[-25.157851347447316,69.41314950047664],[-25.158176842507945,69.4133947491013],[-25.157994065801265,69.41357309255451],[-25.15730280003377,69.41368456130648],[-25.157120014665537,69.4138629038358],[-25.157440955500242,69.41410817290569],[-25.157766520616097,69.41434900709271],[-25.15809203000522,69.41459425585366],[-25.158600488306963,69.4146566318323],[-25.15929157322298,69.41454518886108],[-25.159799827971565,69.41460759291762],[-25.160125365415034,69.41485283688132],[-25.160450972238376,69.41509366471772],[-25.160959297062732,69.41516056014713],[-25.161650341016934,69.41504461050368],[-25.16215887957164,69.41511146952865],[-25.16266716109689,69.41517386345734],[-25.163358254965072,69.41506240148625],[-25.16386665593577,69.41512487146139],[-25.1643749993032,69.41519175499037],[-25.16455769325445,69.41500890844063],[-25.164740645814845,69.41483052502218],[-25.164923386985297,69.41465217368146],[-25.164597846745547,69.41441143653802],[-25.164780793666928,69.41423305320373],[-25.1654718018134,69.4141170864072],[-25.165654740030046,69.41393870214917]]],"type":"Polygon"},"id":"0000000000000000001e","properties":{"area":81259.48427965265,"elevation":389.0531170761563,"region":"SE","year":2018},"type":"Feature"},{"geometry":{"coordinates":[[[-28.72205093767845,68.76846604672336],[-28.721988500952406,68.76786845006694],[-28.72062840628823,68.76752963635512],[-28.71912114349005,68.76736909365958],[-28.71761864607579,68.7672085607845],[-28.716258457565825,68.7668652333399],[-28.71519272083951,68.76616063289718],[-28.714126973047772,68.7654561385094],[-28.71261984403493,68.76529563914134],[-28.71282944424245,68.76571473467871],[-28.71238797363468,68.76625873812716],[-28.711950906240027,68.76680723508102],[-28.711005624955508,68.76729774808307],[-28.710568707413568,68.76784620512211],[-28.7101271449584,68.76839020429156],[-28.71018968541515,68.76898773620609],[-28.711255459288363,68.76969677103536],[-28.71261536691172,68.77003559862976],[-28.713681051193664,68.77074014382472],[-28.71504120157206,68.77108353253216],[-28.716401182930507,68.7714224369664],[-28.717466939145073,68.77213138372326],[-28.718974060526797,68.77228750752799],[-28.718407811864616,68.77163644385149],[-28.719852546169413,68.77119946497054],[-28.72079333982429,68.7707045110189],[-28.721234928273986,68.77016044241022],[-28.721172547393554,68.76955852712183],[-28.72160949197846,68.76901450973685],[-28.72205093767845,68.76846604672336]]],"type":"Polygon"},"id":"0000000000000000001f","properties":{"area":213501.88064717644,"elevation":1098.6377683991052,"region":"SE","year":2018},"type":"Feature"},{"geometry":{"coordinates":[[[-36.80299441672756,66.80789291396786],[-36.80218720907751,66.80746483991271],[-36.80232116108474,66.80709029869543],[-36.80198660887639,66.80669345862572],[-36.80212041741502,66.80631885002965],[-36.80178587717042,66.80592201036258],[-36.80144702076543,66.8055206739499],[-36.80104574438842,66.80530660386471],[-36.79996207090309,66.80562768668057],[-36.79908376101605,66.80538688632845],[-36.79820968013851,66.80514611575596],[-36.797259995071954,66.80509264079892],[-36.79759895810993,66.80549394031387],[-36.797460590664784,66.80586409508204],[-36.79827223483437,66.80629213740002],[-36.79907922628336,66.80671577438788],[-36.79847272491846,66.80706352433003],[-36.79833465013309,66.80743809480572],[-36.79725545768317,66.80775470577726],[-36.79711736218933,66.80812927598093],[-36.797451537232504,66.80852611039522],[-36.79826325878447,66.8089541559388],[-36.79812499291093,66.80932877657051],[-36.79907483014411,66.80938224466988],[-36.80002010662828,66.80943576590253],[-36.80103222012382,66.80930199844029],[-36.80117058796711,66.80892744361478],[-36.80130435762496,66.80855734155271],[-36.80238796118441,66.8082362913537],[-36.80299441672756,66.80789291396786]]],"type":"Polygon"},"id":"00000000000000000020","properties":{"area":81139.30155878198,"elevation":1415.6298011200781,"region":"SE","year":2018},"type":"Feature"},{"geometry":{"coordinates":[[[-25.190857426384195,69.42016361333583],[-25.19021092297836,69.41967761643677],[-25.189559985370437,69.4191915237682],[-25.19043393007225,69.41889721971457],[-25.19010844704562,69.41865647822043],[-25.188908981986252,69.41870554045094],[-25.188075072449664,69.41839788455127],[-25.187241073317345,69.41809014350315],[-25.186041647528047,69.41813918211106],[-25.18567618440385,69.41849596606039],[-25.184802213550036,69.41879024253785],[-25.1844363984158,69.41914697605678],[-25.184574674642143,69.41957062070182],[-25.183192313735052,69.41979804436853],[-25.181810084086642,69.4200298385569],[-25.180936076567857,69.42031967861966],[-25.180570444900564,69.42068086730448],[-25.18158698507969,69.42081019474598],[-25.182786479980464,69.42075669464442],[-25.1841689013288,69.42052927378504],[-25.185185471822397,69.42065857626885],[-25.18601940990698,69.42096624828243],[-25.18721898416383,69.42091720771222],[-25.188601247784277,69.42068536281884],[-25.189983435112406,69.42045792071058],[-25.190857426384195,69.42016361333583]]],"type":"Polygon"},"id":"00000000000000000021","properties":{"area":71272.28509454588,"elevation":391.57745557065897,"region":"SE","year":2018},"type":"Feature"},{"geometry":{"coordinates":[[[-38.32546969010252,66.3856918353974],[-38.32382429564674,66.38485802740784],[-38.32264250775735,66.38404643900238],[-38.322397275770726,66.38327504724222],[-38.32075198013728,66.38244113840231],[-38.32143419694051,66.38171431969592],[-38.31998483057809,66.38183473751374],[-38.318281624988124,66.38118812051343],[-38.3166360715139,66.38035431247958],[-38.31499074618307,66.37951600265174],[-38.31422385610281,66.37891400439716],[-38.312141364793426,66.37957401343213],[-38.31332315209041,66.38038554032474],[-38.314968472583914,66.381223874593],[-38.315213746596214,66.38199086083728],[-38.314995150406226,66.38273993200045],[-38.31338099351282,66.38342215870655],[-38.31502644604554,66.38425606799504],[-38.31340772345704,66.38493829626108],[-38.31365762872364,66.38570524970261],[-38.31390263017079,66.38647666695954],[-38.31228854086423,66.38715890782642],[-38.314313011146844,66.38668622883493],[-38.316234816920165,66.38658812410132],[-38.31798743549958,66.38704744946338],[-38.31996269469203,66.38676201077553],[-38.321826536109974,66.3868467797757],[-38.32347202844362,66.38768505211802],[-38.32410074021589,66.38714553351622],[-38.32385544351546,66.38637413611654],[-38.32546969010252,66.3856918353974]]],"type":"Polygon"},"id":"00000000000000000022","properties":{"area":279982.1873944333,"elevation":192.59364276454588,"region":"SE","year":2018},"type":"Feature"},{"geometry":{"coordinates":[[[-33.82789115502102,67.726008473736],[-33.82759669860507,67.72560268644202],[-33.82661578616278,67.72552683916646],[-33.82583099587414,67.72508096467276],[-33.82485440183469,67.72500962186456],[-33.823971553879886,67.72475099683514],[-33.822994877300246,67.72467518214945],[-33.82192032987134,67.72479114881591],[-33.820845671119436,67.72490264878522],[-33.81967286699997,67.72520139734547],[-33.818598375080256,67.72531283568654],[-33.817715407750164,67.72505421272714],[-33.81654260368006,67.72534854818649],[-33.81684139856614,67.72575871918069],[-33.81781797722898,67.7258301204286],[-33.818602820403,67.7262759998475],[-33.819579207999034,67.72635181838912],[-33.820560381916756,67.72642317094841],[-33.821443243330435,67.72668181928192],[-33.822517788988215,67.72657035729846],[-33.82339630896629,67.72682897721225],[-33.824569020132046,67.72653012259785],[-33.82564369248887,67.72641870775827],[-33.82662471478593,67.7264900597611],[-33.82769924512443,67.72637855661581],[-33.82789115502102,67.726008473736]]],"type":"Polygon"},"id":"00000000000000000023","properties":{"area":72270.66367812651,"elevation":872.2827006318723,"region":"SE","year":2018},"type":"Feature"},{"geometry":{"coordinates":[[[-30.437462564523557,68.54088685971165],[-30.437092517540396,68.54065505612672],[-30.436593102684242,68.5406104234325],[-30.435959829486844,68.54074421379163],[-30.43546040752787,68.54069511276569],[-30.435090394026645,68.54046776796454],[-30.434590980892832,68.54041866376551],[-30.433957706223193,68.54055244508564],[-30.433458434776608,68.54050787656422],[-30.43308830596852,68.54027598653806],[-30.432584312437793,68.54022698154878],[-30.431955766930724,68.54036518712884],[-30.431456170342578,68.54031611108805],[-30.430952379346227,68.54026706073334],[-30.430452927096567,68.54022252081108],[-30.42995353623649,68.54017339989223],[-30.429454081181692,68.54012439207784],[-30.428950309745492,68.54007979871353],[-30.42832155025057,68.54021356328111],[-30.427688260532708,68.54034731650815],[-30.427559081261094,68.54053463175086],[-30.427929016150998,68.54076199734546],[-30.428299096360192,68.54099390172098],[-30.428803089446596,68.54104292213304],[-30.429302485353716,68.54108758275183],[-30.429672454733364,68.54131940793657],[-30.430172064908884,68.54136849022773],[-30.43067587539998,68.54141754322735],[-30.43104585569018,68.54164490039268],[-30.431545477566424,68.5416939776882],[-30.432174068086344,68.54156023749579],[-30.43267807842765,68.5416047794597],[-30.433048221584194,68.54183667088515],[-30.433418174746187,68.54206860078675],[-30.433917683827712,68.54211759401808],[-30.43455079360388,68.54197938720448],[-30.435179578994255,68.54184559409266],[-30.43567888355971,68.54189015619653],[-30.436182855528326,68.54193926458512],[-30.436312187954954,68.54175636647743],[-30.436441451339824,68.5415735832409],[-30.43657090994923,68.54139076050703],[-30.436700039090436,68.54120790173356],[-30.43733344267634,68.54106971900242],[-30.437462564523557,68.54088685971165]]],"type":"Polygon"},"id":"00000000000000000024","properties":{"area":52121.025771717934,"elevation":861.3393587994539,"region":"SE","year":2018},"type":"Feature"},{"geometry":{"coordinates":[[[-38.323168753692954,66.44374931849599],[-38.322178857996136,66.44389201066463],[-38.32124700947501,66.44385192951604],[-38.32020354480391,66.44418192534992],[-38.32009192121501,66.44455200963061],[-38.31951679403011,66.44490421493794],[-38.318937138755935,66.44525653179228],[-38.31883016971462,66.44563111988819],[-38.31778661152995,66.44596109863211],[-38.31720708505124,66.44631335936211],[-38.316631713275555,66.44666560424166],[-38.31605647109986,66.44701791383577],[-38.31688145420276,66.44743705566697],[-38.317759827949416,66.44766448876032],[-38.318638264435606,66.44789634938681],[-38.31916009362259,66.44773129778864],[-38.31973977187792,66.44737909301102],[-38.32078304846628,66.44704907935926],[-38.320890141767364,66.4466745545631],[-38.321001573430614,66.4462999664254],[-38.32204511175414,66.44596996095082],[-38.32215654380807,66.4455999230411],[-38.3222634679067,66.44522533248995],[-38.32283874176605,66.44487306459565],[-38.32295028267923,66.44449854422686],[-38.32305736332752,66.44412390474187],[-38.323168753692954,66.44374931849599]]],"type":"Polygon"},"id":"00000000000000000025","properties":{"area":68520.76223103196,"elevation":343.92514546312293,"region":"SE","year":2018},"type":"Feature"},{"geometry":{"coordinates":[[[-30.35381431159075,68.5742142116983],[-30.3534442316243,68.57398236439933],[-30.352574567068558,68.5737058533064],[-30.351834455472627,68.57324215108854],[-30.350697445350303,68.57332684593693],[-30.34982797276935,68.5730503929588],[-30.348953999840184,68.57276945866192],[-30.347954957700416,68.57267582701678],[-30.3469517324005,68.57257774849894],[-30.3459483809539,68.57248405187414],[-30.344945178500986,68.57238595881698],[-30.34368321960776,68.57265797776006],[-30.343919527151638,68.57307266651128],[-30.343660954955197,68.5734382822645],[-30.34389726824912,68.5738529714914],[-30.343134651549732,68.57417407030573],[-30.343874937757246,68.57463339235377],[-30.34361181626716,68.57499899789109],[-30.34461511481635,68.57509709967503],[-30.34561843260366,68.57519072946026],[-30.346358793047923,68.57565450292137],[-30.34722829795479,68.5759354426876],[-30.34836530577282,68.57584623375428],[-30.349497909901267,68.57575708016856],[-30.350501283416694,68.57585513923547],[-30.351763167579993,68.5755830956924],[-30.353029484922374,68.57531563180225],[-30.353292682035402,68.57494550600526],[-30.353551334784246,68.57457983379116],[-30.35381431159075,68.5742142116983]]],"type":"Polygon"},"id":"00000000000000000026","properties":{"area":120104.97243056177,"elevation":827.0485699830364,"region":"SE","year":2018},"type":"Feature"},{"geometry":{"coordinates":[[[-30.474727376841972,68.5569485509673],[-30.474486578853043,68.55653386871059],[-30.47374179561906,68.55607460366397],[-30.47400049358455,68.5557089607109],[-30.473001750963682,68.5556108379764],[-30.4721276036269,68.55533434717218],[-30.471253593165237,68.555053461915],[-30.47051344897977,68.55459418670137],[-30.469639357044283,68.55431321573174],[-30.469380957748694,68.5546833506099],[-30.468118817481177,68.55495532360854],[-30.466856982080504,68.55522732160591],[-30.465595109287943,68.55549484436624],[-30.464333161483374,68.5557669354424],[-30.463570697919636,68.55608797881028],[-30.463312046268545,68.55645356513766],[-30.463053319596643,68.55681926622681],[-30.463922941127986,68.55710015699884],[-30.46479690157449,68.55737662480642],[-30.465541545524154,68.55784040434312],[-30.466411026135134,68.55811685449979],[-30.467285072088195,68.55839777077655],[-30.46802525496911,68.55885706528467],[-30.46902848986741,68.55895515453174],[-30.4700318513741,68.55904884759539],[-30.47103509357719,68.55914245796113],[-30.472167793233208,68.55905327757729],[-30.471922510662715,68.55864304637666],[-30.471182432579333,68.55817926962915],[-30.471940355789716,68.55785817693621],[-30.4732022286206,68.55758624587625],[-30.474464161641418,68.55731865327193],[-30.474727376841972,68.5569485509673]]],"type":"Polygon"},"id":"00000000000000000027","properties":{"area":149111.45633826905,"elevation":857.1404458064974,"region":"SE","year":2018},"type":"Feature"},{"geometry":{"coordinates":[[[-38.49107620040005,66.45606090063633],[-38.490715078985176,66.45566403637257],[-38.49035379583688,66.45526722170757],[-38.48952443543433,66.45485252033451],[-38.48869502651074,66.454433380623],[-38.48776311258159,66.45439321066651],[-38.486933746514794,66.45397405985823],[-38.48605075128385,66.45374665866994],[-38.48500732202948,66.45407664698945],[-38.48536850984475,66.45447347578265],[-38.48619796266947,66.45488815417404],[-38.486559150934845,66.45528509725983],[-38.48645220604753,66.45565959222341],[-38.48540870704162,66.45598958663015],[-38.4848380241481,66.45634185867861],[-38.48566293656333,66.45676102947535],[-38.48649228954707,66.45717575905634],[-38.48591696091234,66.45752797390223],[-38.48487809124671,66.45786246385819],[-38.483834663075,66.45819239854899],[-38.48279121141709,66.4585223252123],[-38.483152421178495,66.45891916664998],[-38.48398179637436,66.45933391578463],[-38.484918112410114,66.45937852736344],[-38.485439946629576,66.45921347233082],[-38.4850786987487,66.45881663723304],[-38.486117649414126,66.45848669436462],[-38.48716116343379,66.4581522570663],[-38.488204555806455,66.45782229529833],[-38.48877971906252,66.4574700032615],[-38.48888681300356,66.45709545388307],[-38.48945746390021,66.45674316285577],[-38.490501094875256,66.45641320087896],[-38.49107620040005,66.45606090063633]]],"type":"Polygon"},"id":"00000000000000000028","properties":{"area":94839.99540581438,"elevation":676.9645940952454,"region":"SE","year":2018},"type":"Feature"},{"geometry":{"coordinates":[[[-38.47470678917188,66.46194249234107],[-38.472263254763355,66.46221006976884],[-38.469654690684976,66.46303501638998],[-38.46742511446095,66.46255786692315],[-38.46513766289824,66.46226353284669],[-38.46296156099008,66.46159470292675],[-38.46078557225642,66.46092583656507],[-38.45839094959602,66.46100609765824],[-38.45621496263771,66.46033720325497],[-38.45392748591887,66.46004288396229],[-38.45148374819238,66.46031045904874],[-38.44898229405354,66.46076528427288],[-38.44923660337003,66.46153226957186],[-38.450373642985504,66.46253110347293],[-38.45150627636516,66.46352993195087],[-38.45310697177437,66.46455107599078],[-38.45481923521415,66.46519763297664],[-38.45721375939345,66.46511735249295],[-38.45938983099828,66.46578622226782],[-38.46161927817334,66.46626781838827],[-38.463799880847866,66.46693666197272],[-38.46536500782537,66.46644173322095],[-38.466100694753855,66.46552759826615],[-38.4677684124805,66.46465360249402],[-38.46897242361805,66.46376180746365],[-38.47111277759801,66.46291460130205],[-38.473717047967426,66.46208521081614],[-38.47470678917188,66.46194249234107]]],"type":"Polygon"},"id":"00000000000000000029","properties":{"area":412485.9130332751,"elevation":630.8800848956491,"region":"SE","year":2018},"type":"Feature"},{"geometry":{"coordinates":[[[-30.2808589208601,68.62657298471063],[-30.279744161381043,68.62587732943986],[-30.278633807615325,68.62518171781274],[-30.278526829315496,68.62458424713846],[-30.276890429049523,68.62462432014247],[-30.27564623100507,68.62411157170531],[-30.27374226064115,68.62451730148443],[-30.273479176469262,68.6248830054246],[-30.272582828535672,68.62538683758653],[-30.270678855834,68.62579260408391],[-30.27028206720899,68.62634110750466],[-30.27139226766479,68.62703667385999],[-30.269992027456432,68.62748709237918],[-30.26808818935789,68.62789286399048],[-30.26618410173947,68.62829865004863],[-30.264783890435087,68.62875344562089],[-30.2665541447455,68.6285305181068],[-30.26845824718307,68.6281247267359],[-30.270362298201714,68.62771891057284],[-30.272266229761,68.62731318447952],[-30.27403646421568,68.6270947061041],[-30.27554368297754,68.62723733485836],[-30.27731405407545,68.62701442597593],[-30.27855803988878,68.62752723824192],[-30.280462202457624,68.62712143932455],[-30.2808589208601,68.62657298471063]]],"type":"Polygon"},"id":"0000000000000000002a","properties":{"area":112853.35145358066,"elevation":891.2387225292376,"region":"SE","year":2018},"type":"Feature"},{"geometry":{"coordinates":[[[-30.56895261382635,68.58717235471548],[-30.568577937989854,68.58694050538512],[-30.568203466996927,68.58670861540695],[-30.56783334128061,68.58647676806093],[-30.567458917522714,68.58624934039365],[-30.567588185484215,68.58606650334626],[-30.56771741879541,68.58587920196253],[-30.567218075461966,68.58583465442857],[-30.56671403617968,68.58578556144424],[-30.56621016303593,68.58574100625454],[-30.56571066466209,68.58569191365764],[-30.565206994474057,68.58564731517612],[-30.564707632614322,68.58559829429451],[-30.564203738418424,68.58554926750713],[-30.563704283291276,68.58550463197412],[-30.563329687840447,68.58527276832332],[-30.562825805426087,68.58522373648908],[-30.562326361759304,68.58517909595433],[-30.561822485000707,68.58513006046952],[-30.56132317765292,68.58508549165464],[-30.560819306548375,68.58503645251977],[-30.56068999724225,68.58521928355512],[-30.561064563512655,68.58545115455878],[-30.56143460197241,68.58568302036815],[-30.56180915134782,68.58591042507481],[-30.561679875225817,68.58609772156133],[-30.561046669210903,68.58623151558713],[-30.560417893256748,68.58636970006579],[-30.560288573040346,68.58655253124765],[-30.56078790639876,68.58659710351986],[-30.5612918092092,68.58664614250533],[-30.561661997892603,68.58687808325716],[-30.56203656681569,68.58710548755106],[-30.562411174602445,68.5873373551611],[-30.562910563066488,68.58738638399855],[-30.56341426057964,68.58743099048529],[-30.56391365466501,68.58748001570571],[-30.564417718047743,68.58752911855251],[-30.564792325471853,68.58775651528639],[-30.565162436601902,68.58798837126602],[-30.565666186615204,68.5880374338127],[-30.566294988093052,68.58789922523393],[-30.566928188467855,68.58776094262836],[-30.56756121805297,68.58762716123094],[-30.56806072976384,68.58767178255299],[-30.568564681639828,68.58772079500913],[-30.568693950749413,68.5875379565098],[-30.56882334875283,68.58735519329846],[-30.56895261382635,68.58717235471548]]],"type":"Polygon"},"id":"0000000000000000002b","properties":{"area":66624.26772555056,"elevation":963.4020367030863,"region":"SE","year":2018},"type":"Feature"},{"geometry":{"coordinates":[[[-30.609762278991123,68.5976512260179],[-30.609392144359084,68.59741937209265],[-30.60951697561092,68.59723652909861],[-30.609646342935704,68.59705368867702],[-30.609146889488112,68.59700913885065],[-30.60864305832908,68.59696008060588],[-30.608139230049265,68.59691102052851],[-30.60751040450337,68.59704930395193],[-30.606877232643754,68.59718754226986],[-30.606248422376794,68.5973212409826],[-30.6056152389134,68.59745947382723],[-30.604982141437432,68.59759331493403],[-30.604353353334464,68.59773146976758],[-30.60372015239689,68.59786969439413],[-30.60359086951613,68.59805260546396],[-30.60346165107736,68.59823540149715],[-30.60283297185039,68.59837362524797],[-30.602703548580404,68.59855646046236],[-30.60257432084495,68.59873925593767],[-30.602444893535196,68.59892209106768],[-30.60231566176314,68.59910488645886],[-30.602186230413412,68.59928772150444],[-30.602560852405933,68.59951959848107],[-30.602431420262885,68.59970243388005],[-30.602302183663824,68.5998852295401],[-30.602806050839888,68.59993431025207],[-30.603434771210807,68.59979608578922],[-30.603938640793398,68.59984516241533],[-30.604442671724254,68.59988973320348],[-30.605071293298934,68.59975589053857],[-30.605575128862018,68.59980049694366],[-30.6059497946868,68.60003236456892],[-30.606449139929683,68.60008142934491],[-30.60657850662107,68.59989412615886],[-30.60620841389166,68.59966672732544],[-30.6063376216868,68.59948392849162],[-30.6069663178365,68.59934568865943],[-30.60759954654341,68.59920744879074],[-30.607728939320623,68.59902460925969],[-30.607858132526545,68.59884180939062],[-30.60848684631376,68.59870802746701],[-30.608616321043232,68.59852079838174],[-30.608745702498876,68.59833795824957],[-30.609378740788863,68.59820421498497],[-30.609503734242814,68.5980168677354],[-30.60963290885556,68.5978340667509],[-30.609762278991123,68.5976512260179]]],"type":"Polygon"},"id":"0000000000000000002c","properties":{"area":63904.909859225125,"elevation":956.2855791699119,"region":"SE","year":2018},"type":"Feature"},{"geometry":{"coordinates":[[[-31.058651075610364,68.52356322987269],[-31.058276327028512,68.52333138668368],[-31.057897374106386,68.52310397644398],[-31.057518305559544,68.52287210268652],[-31.05714389827449,68.5226446786534],[-31.056764844427992,68.5224128028623],[-31.056265392043468,68.52236820663673],[-31.05614065930835,68.52255107095438],[-31.05601579233718,68.52273386039008],[-31.055387065184018,68.52287213704038],[-31.05476273095269,68.5230103244526],[-31.05413852320623,68.52314858403635],[-31.053509646279547,68.52328677771918],[-31.052885426903927,68.52342503192556],[-31.052760457495303,68.52361232188022],[-31.05263569288158,68.52379518383212],[-31.052006990237523,68.52393333087586],[-31.051382748735097,68.52407157880226],[-31.051257971763444,68.52425443981296],[-31.051133060563313,68.52443722593668],[-31.051008072598016,68.52462451486193],[-31.050883289768773,68.52480737577545],[-31.050758372709456,68.5249901618016],[-31.051262390137026,68.52503476587731],[-31.051761878839553,68.52507937969],[-31.052140785462385,68.52531119534872],[-31.052640086267026,68.52535584626241],[-31.053144117693115,68.52540044343766],[-31.05364341364328,68.52544947839667],[-31.054147450473106,68.52549407190936],[-31.054646629630508,68.52553864071625],[-31.055150671772612,68.52558323056749],[-31.055650111037817,68.5256323331179],[-31.056278909451212,68.52549405381721],[-31.056778228317977,68.5255386897992],[-31.057282145584388,68.52558319705389],[-31.05740702029027,68.52540040553804],[-31.05753189305235,68.52521761398914],[-31.057656640974052,68.52503035989773],[-31.057781574021288,68.5248474531192],[-31.05790644092597,68.52466466147291],[-31.05802677451548,68.52448188157217],[-31.05815171107172,68.52429458704302],[-31.05827643984231,68.52411172045585],[-31.058401298978428,68.5239289286829],[-31.05852615617112,68.52374613687695],[-31.058651075610364,68.52356322987269]]],"type":"Polygon"},"id":"0000000000000000002d","properties":{"area":72996.34944566863,"elevation":1019.8921878802631,"region":"SE","year":2018},"type":"Feature"},{"geometry":{"coordinates":[[[-30.526377137624685,68.62698763003414],[-30.52525788546214,68.62629647195651],[-30.523505439244488,68.62573913524615],[-30.521494476666856,68.62554739414497],[-30.519220202997953,68.6257257370234],[-30.516950586595105,68.62590412440875],[-30.515198209443124,68.6253467212316],[-30.513673137901783,68.62598432967641],[-30.51114045653976,68.62652837466142],[-30.508612027211502,68.62707242113564],[-30.506337878741483,68.62725070922487],[-30.50380943852031,68.62779474735312],[-30.501794073971908,68.62760748751096],[-30.502039422052324,68.6280221697369],[-30.502525381541776,68.62884710221753],[-30.50314072002685,68.6294936280151],[-30.504763784674413,68.63023394233515],[-30.506511791166385,68.63079124301672],[-30.50852722006487,68.63097858695774],[-30.510275319685647,68.6315359546939],[-30.512161477860694,68.63191051191623],[-30.514172537762306,68.63209776777863],[-30.516183597689192,68.63228957421728],[-30.518453285649713,68.63211119399428],[-30.520727303197464,68.63193282250684],[-30.522252417479475,68.63129516868676],[-30.52327358542519,68.63060847945738],[-30.52429910929837,68.62992171415905],[-30.52481633975885,68.62919046252098],[-30.52583754819518,68.62850371926011],[-30.526359218918287,68.6277680050562],[-30.526377137624685,68.62698763003414]]],"type":"Polygon"},"id":"0000000000000000002e","properties":{"area":529821.5576272964,"elevation":963.5461785170692,"region":"SE","year":2018},"type":"Feature"},{"geometry":{"coordinates":[[[-38.430517183102715,66.57912765215394],[-38.42957619750861,66.57908307954446],[-38.42800664657556,66.57957801545943],[-38.426704574033955,66.57914102319225],[-38.42540254565035,66.5787040180072],[-38.42399358693962,66.57863719921548],[-38.422584556430664,66.57857473359883],[-38.42117079183788,66.57850786763923],[-38.41976192607999,66.5784454373833],[-38.418192232163065,66.57894036877754],[-38.41661812180865,66.57943534930679],[-38.41697943402566,66.57983223252168],[-38.41587792520765,66.58034950611854],[-38.41477204080886,66.5808667218697],[-38.41461149327586,66.58142855234739],[-38.41549901909839,66.58166043522174],[-38.41685454676309,66.5819101126338],[-38.41826363973392,66.58197701024343],[-38.41967268040618,66.58203945668004],[-38.42113510426811,66.58191905434839],[-38.42254880893421,66.58198153485817],[-38.42411829487565,66.58148652707031],[-38.425585333810965,66.58136614001256],[-38.42710155046557,66.58105399783392],[-38.428622135545375,66.58074632275387],[-38.42878271179152,66.58018449455113],[-38.42894313586509,66.57962260065364],[-38.430517183102715,66.57912765215394]]],"type":"Polygon"},"id":"0000000000000000002f","properties":{"area":188216.27985739146,"elevation":1166.2378138565382,"region":"SE","year":2018},"type":"Feature"},{"geometry":{"coordinates":[[[-30.504786134990333,68.66350323073858],[-30.503292332897622,68.66258016204165],[-30.50280623407243,68.6617508431177],[-30.50332787970987,68.66101952041726],[-30.502842003334933,68.66019016370583],[-30.502859751280848,68.65940975004402],[-30.50186988312919,68.65853133603645],[-30.500112922699877,68.65797845347608],[-30.49796809172788,68.65796947858503],[-30.49770940958452,68.6583351517382],[-30.49668399346312,68.65902187684837],[-30.496162227630492,68.6597576394743],[-30.49564060897097,68.66048889683235],[-30.494619263819754,68.66117558128231],[-30.492082120728895,68.66171955561371],[-30.489674241705472,68.66208076977104],[-30.487663196017415,68.66189347216005],[-30.486766932656266,68.6623929145005],[-30.488519352944547,68.6629503112582],[-30.4901424344974,68.66369051781683],[-30.49189939302998,68.66424791737009],[-30.493651694207536,68.66480532781377],[-30.495538034878535,68.66517988498214],[-30.497031719604557,68.66610292649548],[-30.49865491080554,68.66684311183025],[-30.50016662283308,68.66698581128354],[-30.501695956514745,68.66634364638212],[-30.50221767912484,68.66561243595596],[-30.5037472283069,68.66497475263036],[-30.50426448913229,68.66423902679777],[-30.504786134990333,68.66350323073858]]],"type":"Polygon"},"id":"00000000000000000030","properties":{"area":364847.1804020239,"elevation":980.0761221589532,"region":"SE","year":2018},"type":"Feature"},{"geometry":{"coordinates":[[[-25.843937630688334,69.55778488866585],[-25.842577527930857,69.55741922841585],[-25.841569637201697,69.5566923642699],[-25.839674561704033,69.5568662994149],[-25.837596633709087,69.55721852612234],[-25.83552310011438,69.55756638348929],[-25.83380205415888,69.55756194577675],[-25.8320852269625,69.55755298772527],[-25.830007213608546,69.55790530315795],[-25.82792918341767,69.5582530636514],[-25.826212648934675,69.5582486115256],[-25.825855792892707,69.558605362564],[-25.823777970008532,69.55895763999177],[-25.82324267362806,69.55949717266132],[-25.824424530089143,69.56004120804829],[-25.826145634564902,69.56005008633979],[-25.827688440243993,69.56023740206513],[-25.829226894394875,69.56042470814666],[-25.830769771017213,69.5606119911736],[-25.832664918558237,69.56043800503039],[-25.834386144330246,69.56044697974963],[-25.83645955979543,69.56009467362452],[-25.838537617121226,69.55974690562553],[-25.840258654497433,69.55975131934802],[-25.841819400715483,69.55933662936391],[-25.84235448166583,69.5588015292646],[-25.84340246612267,69.5583244404554],[-25.843937630688334,69.55778488866585]]],"type":"Polygon"},"id":"00000000000000000031","properties":{"area":207195.87578396944,"elevation":1046.7741918719462,"region":"SE","year":2018},"type":"Feature"},{"geometry":{"coordinates":[[[-30.40095150594714,68.69069926865869],[-30.40071080763962,68.69028460244928],[-30.400465564989293,68.68986992682001],[-30.399720923473414,68.68940618092863],[-30.39897598201273,68.68894239501088],[-30.39823139895068,68.68848310661961],[-30.397990767206913,68.68806843633881],[-30.399261437627494,68.68779644313214],[-30.399016241515465,68.68738176595454],[-30.39814233865228,68.6871008092694],[-30.396871499303384,68.68737283121689],[-30.39560063680375,68.68764484214228],[-30.394459016124085,68.68773397305651],[-30.39358509974555,68.68745310235752],[-30.39257724843874,68.68735947393233],[-30.392817976168203,68.68777411480009],[-30.393562752107094,68.68823346891958],[-30.394307425348096,68.68869720899596],[-30.395052127963226,68.68916094511708],[-30.394285163167584,68.68947746196618],[-30.394659698407192,68.6897093551063],[-30.395533641049823,68.68999033389741],[-30.396282959918448,68.69044960756263],[-30.397027556887508,68.69091337279278],[-30.3979059972009,68.691194270292],[-30.39877990810388,68.69147068753027],[-30.39952458830382,68.69193443931826],[-30.400403032954767,68.69221097037182],[-30.40066621064363,68.69184530400231],[-30.400425377316765,68.69143056115801],[-30.40018448398275,68.69101593299425],[-30.40095150594714,68.69069926865869]]],"type":"Polygon"},"id":"00000000000000000032","properties":{"area":88379.130656466,"elevation":971.5279970849023,"region":"SE","year":2018},"type":"Feature"},{"geometry":{"coordinates":[[[-24.354022510442576,69.81046874417446],[-24.352283409022863,69.81044201276673],[-24.350736023130068,69.81024133496301],[-24.34860480568986,69.81057577409295],[-24.34647333260208,69.81091021518492],[-24.344341724165307,69.81124015989533],[-24.34299059496014,69.81086113299204],[-24.343119987191976,69.81128478338374],[-24.344083086848183,69.8120204954206],[-24.344528978304115,69.81268940190931],[-24.34239760546608,69.8130238388853],[-24.343044272153435,69.81351429528696],[-24.344199042015465,69.814071732396],[-24.345358379257014,69.81462908413009],[-24.347490006121333,69.8142946845789],[-24.349621264319378,69.81396020613879],[-24.351168765417476,69.81416539042274],[-24.352519850898734,69.81454440199568],[-24.35394234649412,69.81432145516156],[-24.352586835044068,69.81394242048285],[-24.351623443563753,69.81320665545115],[-24.35066032908226,69.81247085232782],[-24.349697179287144,69.81173515430483],[-24.351311325045632,69.81133381083251],[-24.3534383102196,69.8109993778417],[-24.354022510442576,69.81046874417446]]],"type":"Polygon"},"id":"00000000000000000033","properties":{"area":128540.85450060177,"elevation":978.5637009071964,"region":"SE","year":2018},"type":"Feature"},{"geometry":{"coordinates":[[[-30.48334672945877,68.67929737902661],[-30.481255358683306,68.67694742050415],[-30.47815622698502,68.67449938251488],[-30.476568919559167,68.67219850854863],[-30.472016208086615,68.67255079362094],[-30.465425639758926,68.67349607882441],[-30.459231873696872,68.67388849486336],[-30.453296884679236,68.67391526415032],[-30.44749113441803,68.67375921636398],[-30.447825565365548,68.67555170687959],[-30.446893628832967,68.67762071738413],[-30.440918355638537,68.67920818650771],[-30.434720208402343,68.6796005610674],[-30.431041502362998,68.68022928722205],[-30.433632261333354,68.6826283288281],[-30.43674472653554,68.68429606042785],[-30.442162489710853,68.68500062212931],[-30.446790967528976,68.68681098912923],[-30.451812113354304,68.6880684460659],[-30.456703571745116,68.68950872719299],[-30.462643022966507,68.68948195437696],[-30.463579585537182,68.68741743212884],[-30.467539303700107,68.68563822393584],[-30.474522095981314,68.68413995449849],[-30.478963398779367,68.68319014603058],[-30.48039923613255,68.68117020829206],[-30.48334672945877,68.67929737902661]]],"type":"Polygon"},"id":"00000000000000000034","properties":{"area":2413430.1063860147,"elevation":969.8427018138374,"region":"SE","year":2018},"type":"Feature"},{"geometry":{"coordinates":[[[-30.53685153909044,68.66906378760788],[-30.5357143992079,68.66915291213996],[-30.53483614164423,68.66887647214482],[-30.533957551955133,68.66859552582319],[-30.532691077332053,68.6688675355974],[-30.531554078878635,68.66895670188143],[-30.530416878296606,68.66904589868673],[-30.529146134765508,68.66931790821293],[-30.527879918327468,68.66958991179855],[-30.52661348058236,68.66986194403324],[-30.526854346039013,68.67027663843123],[-30.52659548481947,68.67064672194478],[-30.52633692125417,68.67101237606528],[-30.527081564168572,68.67147169111006],[-30.528089233151665,68.6715697396743],[-30.529097020856884,68.67166339130996],[-30.530238696735804,68.67157424791597],[-30.531505002531507,68.67130222131726],[-30.53264211133503,68.67121305378744],[-30.533779216213027,68.67112387717029],[-30.534791379620877,68.67121753238115],[-30.535050024503892,68.67085182447856],[-30.535308594276916,68.67048623138263],[-30.53607555171407,68.67016511528423],[-30.53633429684793,68.66979948134795],[-30.53659281022777,68.66942942189135],[-30.53685153909044,68.66906378760788]]],"type":"Polygon"},"id":"00000000000000000035","properties":{"area":96537.20425537918,"elevation":983.5570282913785,"region":"SE","year":2018},"type":"Feature"},{"geometry":{"coordinates":[[[-30.699581904393252,68.63771180581539],[-30.699207458589388,68.63748441336105],[-30.698703520459908,68.63743537394654],[-30.69819950918759,68.63739072183105],[-30.697695708339023,68.63734175396293],[-30.697062576276114,68.63747995058344],[-30.696429383050976,68.63761368011997],[-30.69592550779425,68.63756909502455],[-30.695421580139378,68.63752004375617],[-30.69479278447392,68.63765826994994],[-30.69428891409283,68.63761367894843],[-30.693914470901507,68.63738180744915],[-30.69341055455286,68.63733274887711],[-30.693281258316212,68.63752010232129],[-30.693151971515874,68.63770287633366],[-30.693022484902432,68.63788569013195],[-30.69289787261008,68.63806853908827],[-30.69276838198236,68.63825135280408],[-30.692639218733998,68.63843420186029],[-30.692005842148937,68.63857241640677],[-30.691876671576022,68.63875526494263],[-30.692255659641962,68.6389871422033],[-30.692630305813523,68.63921897878691],[-30.69313420315494,68.63926357549994],[-30.693637828507896,68.63931259936467],[-30.694012571052944,68.6395400430093],[-30.69438704627581,68.63977191463523],[-30.694891016094296,68.63982096926512],[-30.69551967058015,68.63968278133054],[-30.69602345600017,68.63972729231244],[-30.696527430993257,68.6397763410324],[-30.69716062583584,68.63963814557594],[-30.697664603236397,68.63968719019874],[-30.698168330153376,68.63973180847421],[-30.698297791720535,68.63954898973397],[-30.698426921832805,68.63936613558057],[-30.69855183211341,68.63918331712182],[-30.698681231979453,68.6389960339095],[-30.69881048766408,68.63881325483905],[-30.698939807491236,68.63863036068244],[-30.699064709813204,68.63844754207145],[-30.699193959465717,68.63826476287585],[-30.69932327325742,68.63808186859407],[-30.699452660831188,68.63789458513823],[-30.699581904393252,68.63771180581539]]],"type":"Polygon"},"id":"00000000000000000036","properties":{"area":62092.00461496843,"elevation":988.9053149493673,"region":"SE","year":2018},"type":"Feature"},{"geometry":{"coordinates":[[[-25.7844219335192,69.58053074120974],[-25.783931320069627,69.57986631754056],[-25.782388571328546,69.5796790362966],[-25.780667424363717,69.57967460903957],[-25.77858941582921,69.58002243027806],[-25.778411000398883,69.58020077132306],[-25.77735870750321,69.58067788219387],[-25.775793562848655,69.58109257059287],[-25.773715510543404,69.58144040633492],[-25.77163319227679,69.58179271284412],[-25.77109791313892,69.58233220751673],[-25.772636371112213,69.58251949741634],[-25.774718868460713,69.58216725571636],[-25.77590042224465,69.58271571251422],[-25.776903910162076,69.58344254587902],[-25.777911644238678,69.5841693997034],[-25.779271668576172,69.58453499269689],[-25.780636042569448,69.58490068016911],[-25.781510016690685,69.5846064155982],[-25.781866917525246,69.58424519791416],[-25.780680659880787,69.58370113099133],[-25.779677352350873,69.58297437140659],[-25.778673992417175,69.58224752474541],[-25.779213708134233,69.58170796682931],[-25.781291659681585,69.58136016773356],[-25.78336951255627,69.58100792637676],[-25.7844219335192,69.58053074120974]]],"type":"Polygon"},"id":"00000000000000000037","properties":{"area":112892.28242930345,"elevation":1017.5955887019994,"region":"SE","year":2018},"type":"Feature"},{"geometry":{"coordinates":[[[-25.57218201597661,69.58737995189368],[-25.571847616504783,69.58713918509984],[-25.57151769190756,69.586893890873],[-25.57118330689932,69.5866531224468],[-25.570670306956288,69.58659065522748],[-25.570157625505058,69.58652381849937],[-25.569644843493993,69.58646131483229],[-25.569127585380734,69.58639892117044],[-25.56861471826396,69.58633652657448],[-25.568102065023872,69.58627409734085],[-25.567589088919583,69.586211619268],[-25.5668935271673,69.58632756318565],[-25.56638087118455,69.58626071320892],[-25.56586790400746,69.58619822912858],[-25.565355057664338,69.5861358231093],[-25.564842425198176,69.58607338245704],[-25.564329586756408,69.58601097282695],[-25.563812237484058,69.58594406573002],[-25.563634024747113,69.58612690162578],[-25.56345108441224,69.58630527451523],[-25.563272738043516,69.58648361546857],[-25.56308990883106,69.58666206789093],[-25.56290716979014,69.58684040744838],[-25.563241468603287,69.58708561041765],[-25.563754325373758,69.58714802354316],[-25.564266976158496,69.58721046768946],[-25.564601623339094,69.58745571441068],[-25.565114285177028,69.58751815551787],[-25.56562716090549,69.58758056199214],[-25.56613983064489,69.58764299948973],[-25.566652831166387,69.58770548221945],[-25.567165508809342,69.58776791610693],[-25.56767841212252,69.5878347300989],[-25.568195485058194,69.58789716128614],[-25.568886822705444,69.58778128960014],[-25.56940411046766,69.58784368372045],[-25.5699168049543,69.58790610797864],[-25.570429503390802,69.58796853043218],[-25.570942415718584,69.5880309182451],[-25.571125109182926,69.58785256944111],[-25.571303622386136,69.58767418681079],[-25.57199933417682,69.5875583017917],[-25.57218201597661,69.58737995189368]]],"type":"Polygon"},"id":"00000000000000000038","properties":{"area":51232.24062055495,"elevation":902.1495028162159,"region":"SE","year":2018},"type":"Feature"},{"geometry":{"coordinates":[[[-25.946742154287378,69.52479202220881],[-25.946407602699697,69.5245512013553],[-25.946068675994336,69.52431038977242],[-25.946247066512807,69.52412758147705],[-25.946425540538645,69.52394918649826],[-25.945912647768676,69.52388683894041],[-25.945399849951848,69.52382437667104],[-25.94488705605473,69.52376191258949],[-25.944374384179802,69.5236995262471],[-25.944035493292876,69.52345870966094],[-25.943700991766104,69.52321788221695],[-25.94336661552905,69.52297713350573],[-25.943027537297333,69.52273634776438],[-25.94251489721977,69.52267395463677],[-25.94200214296959,69.52261148014475],[-25.94148918350449,69.5225490371835],[-25.940802646862053,69.52266498403598],[-25.940111390276872,69.52278541788988],[-25.939598645499558,69.52272293501363],[-25.939085813581862,69.52266056322067],[-25.938907508604043,69.52283891652411],[-25.9392418296793,69.52307967595306],[-25.939576361114966,69.52332492761356],[-25.93991519677063,69.52356575505353],[-25.940249539530114,69.5238065120151],[-25.940584007568106,69.52404734771245],[-25.940922956074036,69.52428805975637],[-25.941257438553567,69.5245288938044],[-25.941591804521444,69.52477417386802],[-25.94141788091652,69.5249525204023],[-25.94123957218119,69.5251308767361],[-25.941573951524912,69.5253716304145],[-25.941395634540374,69.52555451339639],[-25.94070900577005,69.52567046123889],[-25.940530685778562,69.52584881694058],[-25.941043385919965,69.5259112161559],[-25.941734403882844,69.52579525670637],[-25.94224722691778,69.52585773127619],[-25.942581627949078,69.52609848248679],[-25.943094461867027,69.52616095400867],[-25.943785692491545,69.52604495166243],[-25.943964114689503,69.52586214551174],[-25.944138028215065,69.52568379607256],[-25.944829150963578,69.52556790205102],[-25.94500744334498,69.52538501530401],[-25.945185846036374,69.52520673433014],[-25.945872451384503,69.5250907662521],[-25.946563556969092,69.52497033815874],[-25.946742154287378,69.52479202220881]]],"type":"Polygon"},"id":"00000000000000000039","properties":{"area":64833.72043133331,"elevation":1113.2252252252254,"region":"SE","year":2018},"type":"Feature"},{"geometry":{"coordinates":[[[-25.837614495527664,69.55198802374146],[-25.83507280084746,69.55107397901847],[-25.832883443990617,69.54980305324595],[-25.83087234819976,69.54835385997086],[-25.829534524822922,69.54738626101009],[-25.82716670561848,69.54629375410431],[-25.824446776236755,69.5455580559589],[-25.821187163673784,69.54536181642162],[-25.817753754687793,69.54534846844639],[-25.814672414591524,69.54497386628512],[-25.81088224153599,69.54531719231726],[-25.807087541629016,69.54566054192325],[-25.80739972606094,69.54650334388991],[-25.804273808352352,69.54732830678608],[-25.800300712750396,69.5478499649624],[-25.801125741106524,69.54875518303498],[-25.804207033925664,69.54912979139564],[-25.807283756866262,69.549504293966],[-25.809829808024226,69.55041848054337],[-25.811836364166062,69.55187211787695],[-25.813330292283055,69.55325889326132],[-25.813798529486757,69.55452526810247],[-25.81705795958692,69.55472146814637],[-25.821031095387827,69.55419529244794],[-25.82464747416656,69.55403477985429],[-25.828085422698372,69.55404814284681],[-25.832236835175877,69.55334809460392],[-25.8350058923753,69.55287987517015],[-25.837614495527664,69.55198802374146]]],"type":"Polygon"},"id":"0000000000000000003a","properties":{"area":928981.0710754412,"elevation":1042.8793785679704,"region":"SE","year":2018},"type":"Feature"},{"geometry":{"coordinates":[[[-30.62062918346778,68.63328839707816],[-30.619764101468053,68.63222712031039],[-30.61789129857325,68.63107668388118],[-30.61563491442109,68.6304746423303],[-30.61311549049421,68.6302383826251],[-30.61072991067511,68.62981919107618],[-30.607956232997083,68.62994850665336],[-30.604924114489062,68.63044788540032],[-30.601891966967948,68.63094739079087],[-30.601374601283144,68.63168311607365],[-30.601232050505814,68.63264630272081],[-30.600585500604986,68.6335648700593],[-30.601450486969124,68.63462165335287],[-30.602315584100655,68.63568289675256],[-30.603176301962712,68.63673974370097],[-30.60353742622789,68.6377519042827],[-30.604906294884767,68.63885774782149],[-30.60677471883249,68.64001267921999],[-30.60916473508658,68.6404318294547],[-30.611938323155414,68.64029805703453],[-30.614600273964445,68.63957124208682],[-30.615746235554592,68.63869724570422],[-30.616392864941915,68.63777871710947],[-30.618047220566375,68.63695824029631],[-30.61868936799548,68.63603966326836],[-30.619839935951727,68.63517014439692],[-30.62048651092385,68.63425156531636],[-30.62062918346778,68.63328839707816]]],"type":"Polygon"},"id":"0000000000000000003b","properties":{"area":711112.0820505563,"elevation":990.172539465206,"region":"SE","year":2018},"type":"Feature"},{"geometry":{"coordinates":[[[-28.601352000366198,68.74595650911965],[-28.600642969749767,68.74548832001786],[-28.60043777489361,68.7450691340633],[-28.60023277956764,68.74465441913931],[-28.599523616296267,68.74418175332076],[-28.600321784538743,68.74387408032868],[-28.60111566150725,68.74356198259655],[-28.600411113290853,68.74308927454787],[-28.599702181593585,68.74262108125599],[-28.598997489925804,68.74214840300655],[-28.598288615194,68.74168020253529],[-28.597432479632264,68.7413903542078],[-28.59713807886871,68.74175604472653],[-28.596344357437403,68.74206368840282],[-28.596549458162862,68.7424828798034],[-28.595751301522156,68.74279053099303],[-28.595956396198215,68.74320972372674],[-28.595662158043602,68.7435708676433],[-28.595871660895277,68.74399005079572],[-28.595073445535004,68.74429769957442],[-28.594779171536953,68.74466335067007],[-28.594984461236486,68.7450825089828],[-28.594689983022317,68.74544368922875],[-28.59439568764427,68.7458093403655],[-28.595100383773723,68.74627753552687],[-28.595305364792416,68.74669665377553],[-28.59551501506259,68.7471114080585],[-28.596219437890614,68.74758406557585],[-28.5959251424269,68.74794521286411],[-28.596928427408383,68.74805227846738],[-28.59807893358488,68.74798090124642],[-28.599376499324045,68.74772229002421],[-28.600170386124542,68.74741462503935],[-28.60096846682398,68.74710247455297],[-28.60076325549781,68.74668328838915],[-28.60105766681837,68.74632209590358],[-28.601352000366198,68.74595650911965]]],"type":"Polygon"},"id":"0000000000000000003c","properties":{"area":136441.75387431929,"elevation":1079.3627646195762,"region":"SE","year":2018},"type":"Feature"},{"geometry":{"coordinates":[[[-28.626028727952168,68.74977792863099],[-28.62532405633441,68.74930523823069],[-28.622077832641615,68.74994737112394],[-28.61986619897936,68.74931864682293],[-28.618095832266462,68.74814141909367],[-28.617832821770246,68.74712476978267],[-28.619067908712225,68.74626857643766],[-28.61836341167893,68.74579596476099],[-28.61600455567779,68.74535005923042],[-28.61393994944112,68.74453399604008],[-28.61379274397747,68.74471687635916],[-28.61405589023595,68.74573357258525],[-28.61181739740079,68.746482656654],[-28.611581176540835,68.74744583965189],[-28.612851887967388,68.74856952278674],[-28.613614560285665,68.7496397035228],[-28.61438150784873,68.75070539900265],[-28.61615171706644,68.75188259998578],[-28.61792190440766,68.75305981547855],[-28.618983208961254,68.75376880277476],[-28.62134643452601,68.7542147122007],[-28.623999690280847,68.75429942869295],[-28.625087720435037,68.75362617925718],[-28.62582801583293,68.75271651159014],[-28.625560312251555,68.75169977201729],[-28.62579677126956,68.75074104120935],[-28.626028727952168,68.74977792863099]]],"type":"Polygon"},"id":"0000000000000000003d","properties":{"area":315039.9300419969,"elevation":1082.5007118532103,"region":"SE","year":2018},"type":"Feature"},{"geometry":{"coordinates":[[[-30.616647139246055,68.67555622671799],[-30.616143164676533,68.67551158600682],[-30.615639284506084,68.67546255394745],[-30.615264814614218,68.67523072676349],[-30.614760851621764,68.67518608100727],[-30.614127700845224,68.67531991162109],[-30.613623740062096,68.67527526177835],[-30.613119874126234,68.67522622058533],[-30.612486624552673,68.67536443346117],[-30.611849106969228,68.67549821198863],[-30.611215977208733,68.67563649466135],[-30.610582710040674,68.67577469930359],[-30.610453397777427,68.67595756419288],[-30.610324150168566,68.67614031402408],[-30.610194833852205,68.67632317882574],[-30.610065384000727,68.67650596828898],[-30.609432221183912,68.67664424357713],[-30.608799212110977,68.67677801157359],[-30.608669788155325,68.6769652648733],[-30.609044304732915,68.67719272113989],[-30.609418933901946,68.67742452623098],[-30.6097935037595,68.67765644533603],[-30.610167949481163,68.67788828814642],[-30.61003881961982,68.67807111370544],[-30.609909489527816,68.67825397894063],[-30.610413366650146,68.67829856635794],[-30.61091728538446,68.67834761679269],[-30.611296306409123,68.67857945897477],[-30.61179999691353,68.67862408105474],[-30.612433243214124,68.6784902590606],[-30.61306657607134,68.67835204477898],[-30.6136995732961,68.67821379219325],[-30.61433293389395,68.67808003726952],[-30.614462033475544,68.67789720814847],[-30.614591460760803,68.6777144145479],[-30.615224765405717,68.67757619109616],[-30.615354053817445,68.67739332168372],[-30.61497942771536,68.6771614180775],[-30.615108648672187,68.67697866402918],[-30.615741931939947,68.67684043866888],[-30.615871212218167,68.67665756908266],[-30.616000621998403,68.67647477474146],[-30.61612989822279,68.67629190506754],[-30.616259105765835,68.67610915036661],[-30.61638846950918,68.67592189108113],[-30.616517739627678,68.67573902127738],[-30.616647139246055,68.67555622671799]]],"type":"Polygon"},"id":"0000000000000000003e","properties":{"area":77501.6991909627,"elevation":1051.4329083738417,"region":"SE","year":2018},"type":"Feature"},{"geometry":{"coordinates":[[[-25.546448475339403,69.6524070280432],[-25.54614973812145,69.65156422383339],[-25.545846620457212,69.65072141761438],[-25.544513286242083,69.64974937866488],[-25.543697311100683,69.64884421306976],[-25.54287687827792,69.6479345461567],[-25.540999656317926,69.64750199690111],[-25.539452182430264,69.647314694443],[-25.539755446398626,69.64815745070699],[-25.541088792158487,69.64912958268441],[-25.539844694921875,69.64978059112237],[-25.53705762332193,69.65024431394677],[-25.534449169109074,69.65052973067651],[-25.532023349071924,69.65063672451264],[-25.530690060291985,69.64966465225724],[-25.52936128629919,69.64869256881558],[-25.527479460496334,69.64826002290867],[-25.52830007363686,69.64916965174591],[-25.528598854309667,69.65001248183113],[-25.529932059814513,69.65098457386742],[-25.530235200189416,69.6518273221353],[-25.531929766750338,69.6524381916276],[-25.533811418231522,69.65287077461885],[-25.536598400022207,69.6524069796822],[-25.539389817494335,69.65194321578151],[-25.541994055770996,69.65165790214584],[-25.54350997438384,69.65245157297424],[-25.545387240381853,69.65288415090342],[-25.546448475339403,69.6524070280432]]],"type":"Polygon"},"id":"0000000000000000003f","properties":{"area":204654.72692846754,"elevation":946.6161003307801,"region":"SE","year":2018},"type":"Feature"},{"geometry":{"coordinates":[[[-28.550977519251052,69.11216014125743],[-28.550107828644695,69.11187029966514],[-28.548725532037565,69.11152697537675],[-28.54765103182106,69.11081797756775],[-28.54657197408181,69.11011341390775],[-28.545492931022437,69.10940444579053],[-28.54492203393485,69.10874897204951],[-28.54486408679029,69.10815142624243],[-28.546848345714512,69.10776346813982],[-28.547298735780824,69.10721945930723],[-28.548261956178195,69.10672897182691],[-28.54642907331819,69.10692963105664],[-28.544449379646647,69.10731306260384],[-28.54429770612032,69.10749594090738],[-28.543334562560503,69.10799087708399],[-28.542884197670723,69.10853495259106],[-28.542429264608113,69.10908335541983],[-28.542487353000695,69.10968086665355],[-28.542545416085837,69.11028288847685],[-28.543624421996128,69.11098736968377],[-28.543682513620723,69.11158939147886],[-28.54506471389569,69.1119327650583],[-28.546442692363904,69.11227609752824],[-28.54782498625534,69.11261944385492],[-28.549202854460553,69.11296278607138],[-28.550527100260265,69.11270416459082],[-28.550977519251052,69.11216014125743]]],"type":"Polygon"},"id":"00000000000000000040","properties":{"area":93906.74510199919,"elevation":1793.9962490332557,"region":"SE","year":2018},"type":"Feature"},{"geometry":{"coordinates":[[[-30.466812373107462,68.74253631606895],[-30.465670915628593,68.74262550675368],[-30.464395655248094,68.74289755149314],[-30.463254181245045,68.7429867229731],[-30.462504941899976,68.74252293656141],[-30.46136328724386,68.74261213208166],[-30.460351223245198,68.74251848774412],[-30.459472594582866,68.74223759078677],[-30.45872359993148,68.74177832473377],[-30.457845219780506,68.74149737787823],[-30.45670361491599,68.74158653516228],[-30.45569142856151,68.74149289631056],[-30.454679244438367,68.74139478447174],[-30.453537577639572,68.74148403115355],[-30.453778380711743,68.74189866855268],[-30.453519963163664,68.74226435101266],[-30.453256653334797,68.74263445566048],[-30.45299365658395,68.7430001304005],[-30.45273052027859,68.74336572949368],[-30.45297568823249,68.74378041623744],[-30.45335031848905,68.74401231679471],[-30.454491906227332,68.74392310936942],[-30.45524107983806,68.74438682567563],[-30.45599020623337,68.74484618728083],[-30.4568685451023,68.74512707044694],[-30.458010118983,68.74503794888275],[-30.459151756510867,68.74494870322523],[-30.460426963949192,68.74467674260211],[-30.461568396312543,68.7445919829083],[-30.46270994600058,68.74450282388025],[-30.462469359614186,68.7440881232248],[-30.462224018927408,68.74367345478802],[-30.463499335802393,68.74340142859214],[-30.464770066342982,68.7431293843445],[-30.46604546795348,68.74285741146676],[-30.466812373107462,68.74253631606895]]],"type":"Polygon"},"id":"00000000000000000041","properties":{"area":125543.68816314783,"elevation":1190.5450944632835,"region":"SE","year":2018},"type":"Feature"},{"geometry":{"coordinates":[[[-38.01029600064608,66.81834061214964],[-38.00952011708161,66.81773415490652],[-38.00827149165869,66.81710099018925],[-38.007972831214616,66.81651685283482],[-38.00719687797487,66.81591043411018],[-38.00625153492363,66.81586584316784],[-38.00702292002396,66.81647225399257],[-38.005899348977216,66.8169894852981],[-38.006675125815896,66.817595963603],[-38.00792373912774,66.8182247052591],[-38.00774977858814,66.81878653051712],[-38.00709877205074,66.81932165261772],[-38.00550242980833,66.81981656669873],[-38.00627827498587,66.82042305268375],[-38.0075268602082,66.8210517361466],[-38.00829824231981,66.82165819824095],[-38.00860150624894,66.82224235814687],[-38.00700064834748,66.82273279377337],[-38.00540424475605,66.8232277809629],[-38.0061758110901,66.82383421060655],[-38.00552918683855,66.82437378847382],[-38.006951637735554,66.82444063263014],[-38.008552454126615,66.82395012687196],[-38.00872643723131,66.82338829061815],[-38.00985005726738,66.82287107147192],[-38.00954675933668,66.82228691351263],[-38.01019793995047,66.82175184068653],[-38.00989919079507,66.8211676992894],[-38.01007298012968,66.82060579961306],[-38.00977424508966,66.8200216600774],[-38.00994817347308,66.81945982997456],[-38.010122094048555,66.81889800075297],[-38.01029600064608,66.81834061214964]]],"type":"Polygon"},"id":"00000000000000000042","properties":{"area":107485.23937396218,"elevation":1475.0657482569295,"region":"SE","year":2018},"type":"Feature"},{"geometry":{"coordinates":[[[-25.648245423737222,69.69390788196323],[-25.647393710055198,69.69360462149048],[-25.646359116087332,69.69347977589737],[-25.64514624343925,69.69353330705431],[-25.644472870043373,69.69304723038618],[-25.64326002625437,69.69310074596243],[-25.641864458030252,69.69333263377645],[-25.64046865867161,69.69356454190506],[-25.63907304997871,69.69379640445102],[-25.63785577293418,69.69384987833192],[-25.636821170629947,69.69372507884373],[-25.635791086595862,69.69360015793136],[-25.634573736754547,69.6936537177669],[-25.634729811742584,69.69407283358416],[-25.635581558839416,69.69438055019438],[-25.636794330791123,69.69432701596905],[-25.637463235405445,69.6948130178797],[-25.638315033383,69.69511630336133],[-25.639715137381412,69.69488444509074],[-25.640745200470707,69.69500925811465],[-25.64214087850129,69.69477737905366],[-25.64354094566286,69.6945454857647],[-25.644936700906957,69.69431366119296],[-25.646332504624745,69.69407729651017],[-25.64736693891071,69.69420658962659],[-25.648245423737222,69.69390788196323]]],"type":"Polygon"},"id":"00000000000000000043","properties":{"area":61260.28411383666,"elevation":995.5182679296347,"region":"SE","year":2018},"type":"Feature"},{"geometry":{"coordinates":[[[-30.441676463584116,68.77992142749717],[-30.441435574234276,68.7795112141893],[-30.441190447873534,68.77909656300764],[-30.440441436886694,68.77863279045995],[-30.440200574280997,68.77821810949611],[-30.43982592320438,68.77798620313538],[-30.438809308189953,68.77789255222747],[-30.43753395084125,68.77816460988099],[-30.43625863792777,68.7784365415073],[-30.434983229137615,68.77870411110055],[-30.43370800116161,68.77897609606347],[-30.43269576007981,68.77888244861711],[-30.431420638262697,68.77915448889135],[-30.431157407321564,68.77952014776224],[-30.430894367317535,68.77988576694588],[-30.430631322921435,68.78025585187991],[-30.430368067066684,68.78062151015288],[-30.430100563965922,68.7809871962054],[-30.430345837559482,68.78140190580368],[-30.431094976392327,68.78186558059588],[-30.43184407705968,68.7823293663446],[-30.43208939312995,68.78274407320347],[-30.43246389336252,68.7829714602607],[-30.433609848849045,68.78288676675692],[-30.434622262304732,68.7829804061465],[-30.435763644348768,68.78289122144174],[-30.43704343972154,68.78261926144711],[-30.437306625762204,68.7822535906211],[-30.437569604279965,68.78188795909098],[-30.43884496253157,68.7816159367896],[-30.439108110521175,68.78125026359822],[-30.44038322470201,68.78097826776927],[-30.440646337201898,68.78060812648341],[-30.440909578524565,68.78024252639426],[-30.441676463584116,68.77992142749717]]],"type":"Polygon"},"id":"00000000000000000044","properties":{"area":174492.12975752616,"elevation":1267.7308705507564,"region":"SE","year":2018},"type":"Feature"},{"geometry":{"coordinates":[[[-25.75401519936375,69.67816278319876],[-25.75368088213537,69.67792201161627],[-25.752463571160167,69.67797550797185],[-25.751794612227332,69.67748949554816],[-25.75112136712608,69.67700337175054],[-25.750269504564965,69.67670016022153],[-25.749413588228993,69.67639699484465],[-25.748200569264835,69.67645048383413],[-25.74835672577408,69.67686966849402],[-25.749029992659533,69.67735569278913],[-25.749186003284517,69.67777932394101],[-25.74779029554752,69.67801113649033],[-25.74639925615844,69.67824750563585],[-25.74500341503147,69.67847940573792],[-25.743607764369887,69.67871126009913],[-25.742577627262623,69.6785864319388],[-25.741182003276148,69.67882267846728],[-25.740147434231396,69.6786934234178],[-25.738756319328694,69.67892972300949],[-25.73891230641672,69.67934892010395],[-25.740125217330178,69.67929534474641],[-25.741155150811288,69.67942022270844],[-25.742189670018146,69.67954958308569],[-25.743224254611842,69.67967440891172],[-25.7442586444541,69.67979926050612],[-25.74461980524631,69.67943806306145],[-25.746011088980918,69.67920620327918],[-25.747406760857675,69.67897432630909],[-25.748798170105207,69.67873799385296],[-25.75019380124101,69.67850609163006],[-25.75122832665951,69.67863097475445],[-25.75261948730278,69.67839464061565],[-25.75401519936375,69.67816278319876]]],"type":"Polygon"},"id":"00000000000000000045","properties":{"area":65798.08293706914,"elevation":1026.547159494778,"region":"SE","year":2018},"type":"Feature"},{"geometry":{"coordinates":[[[-26.27020084898174,69.58939547427862],[-26.269857466561696,69.58915462214196],[-26.26951861188752,69.58891382857507],[-26.269179554946632,69.5886730679769],[-26.268662386654043,69.58861069274306],[-26.267971316291298,69.58873104840488],[-26.267280031056327,69.58885143475769],[-26.2665888031077,69.58896737165117],[-26.26590223726386,69.58908777750594],[-26.26521093626247,69.58920815452787],[-26.264520022223813,69.58932412756042],[-26.263828710750705,69.58944449834807],[-26.263137723237204,69.58956491149715],[-26.26244646456968,69.58968082969909],[-26.261755257001703,69.58980127041522],[-26.261064134032218,69.58992159493745],[-26.260377380358698,69.5900375634902],[-26.26019912427708,69.59022038709207],[-26.260542285773436,69.59046118359036],[-26.260881263449054,69.59070196502043],[-26.260707469798593,69.59088032336119],[-26.260533399976605,69.59106316170863],[-26.2610462455085,69.59112113815675],[-26.26173743185184,69.5910051464341],[-26.262254802394523,69.59106317834171],[-26.26277199360763,69.59112557548798],[-26.263458629186708,69.59100518295332],[-26.264149926561736,69.59088925948546],[-26.26466697669237,69.59094723745275],[-26.265184177240684,69.59100962613105],[-26.265358269736264,69.59083130846243],[-26.265532093029112,69.59064849882093],[-26.26622325533791,69.59053248672063],[-26.266914385296875,69.59041213823686],[-26.26760571953691,69.5902917528312],[-26.268296656888932,69.59017576518316],[-26.26898357981546,69.59005539337178],[-26.269674688706104,69.58993503244425],[-26.2698486206297,69.58975663091194],[-26.270026860698366,69.58957832245306],[-26.27020084898174,69.58939547427862]]],"type":"Polygon"},"id":"00000000000000000046","properties":{"area":58486.36318624604,"elevation":1315.250334509184,"region":"SE","year":2018},"type":"Feature"},{"geometry":{"coordinates":[[[-30.337315656074747,68.82915436085473],[-30.33694118256237,68.82892250750456],[-30.337074838481783,68.82873973504313],[-30.337204314661538,68.82855687289349],[-30.33682951998182,68.82832498311707],[-30.33632578483247,68.828275950562],[-30.335683614277166,68.82840971582698],[-30.335046000298227,68.82854795573327],[-30.334403818113167,68.82868171541705],[-30.33376163016664,68.82881547229883],[-30.333632312643118,68.82900275881131],[-30.333498761914402,68.82918560399091],[-30.332856557282508,68.82931935708402],[-30.332218924056317,68.8294531184397],[-30.33157682384706,68.82959140800239],[-30.330939179020884,68.82972516381783],[-30.33029695125071,68.82985890574608],[-30.32965483328185,68.82999718693394],[-30.32901717111006,68.83013093442717],[-30.32837524101161,68.83026917068739],[-30.327737567242576,68.83040291264092],[-30.327095441738035,68.830536716181],[-30.326961503824773,68.83071952006034],[-30.327336225723478,68.83095143743047],[-30.327710823774293,68.83118327822277],[-30.328085229506716,68.83141515736506],[-30.328459842430025,68.83164699615419],[-30.32883439432941,68.83187894886859],[-30.32920902212851,68.83211078565407],[-30.329717387195494,68.8321598541451],[-30.33035936396875,68.83202161092007],[-30.330997072672755,68.83188785651514],[-30.33163923732808,68.83174956835987],[-30.33227693442972,68.83161580841407],[-30.332918872300027,68.83148202053232],[-30.33356115050286,68.83134379957274],[-30.33369046799268,68.8311609788373],[-30.333824161172632,68.83097820842345],[-30.334466276342223,68.83084437459402],[-30.334600161750377,68.83066156426011],[-30.33472948244627,68.83047427640925],[-30.334863163898195,68.83029150533147],[-30.334996911670714,68.83010861926942],[-30.335634553322283,68.82997484525674],[-30.336276781049275,68.82983661294185],[-30.336410447475266,68.82965384075078],[-30.336544180212996,68.82947095357497],[-30.337181930824574,68.82933724858626],[-30.337315656074747,68.82915436085473]]],"type":"Polygon"},"id":"00000000000000000047","properties":{"area":81126.86988435841,"elevation":1349.686391310061,"region":"SE","year":2018},"type":"Feature"},{"geometry":{"coordinates":[[[-37.92506908485758,66.89165714977915],[-37.924654469046175,66.89144752298513],[-37.92423527308027,66.89123799519416],[-37.92382049484349,66.89102841536506],[-37.923401509297825,66.89081439470628],[-37.92298674451105,66.89060481239544],[-37.922567751333304,66.89039523013305],[-37.92215299992973,66.89018564533794],[-37.92221094667841,66.88999833375071],[-37.92226871675393,66.88981107170542],[-37.92179620426022,66.88978874802],[-37.92131910638291,66.8897665227289],[-37.92084206180472,66.88973973801835],[-37.92036482112979,66.88971744187313],[-37.91995009864947,66.88950785026256],[-37.91953097216982,66.88929830804177],[-37.919058297418275,66.88927602371524],[-37.91852327399892,66.8894409811464],[-37.91798809070747,66.88960154503897],[-37.91793014657871,66.88978873792624],[-37.91786776025174,66.88997609823372],[-37.91780963854007,66.89016334075103],[-37.91775183702544,66.89035060124],[-37.91768930270532,66.8905378945124],[-37.918108577510104,66.89074751086633],[-37.91852315760321,66.89095704191777],[-37.918942445870485,66.89116665575729],[-37.919357162783726,66.89138069255749],[-37.91977614349601,66.8915902860139],[-37.92019089568688,66.89179987941442],[-37.92061006567516,66.89200942091465],[-37.92102483125146,66.89221901183035],[-37.921443838878204,66.89242860026192],[-37.92185861783963,66.89263818869321],[-37.92233574602581,66.89266485276889],[-37.92281286629355,66.89268719089696],[-37.923289987756824,66.89270952725438],[-37.923762729687965,66.8927317958573],[-37.92423970824557,66.89275406138073],[-37.924774893359256,66.89259358641904],[-37.92483282823042,66.89240627224949],[-37.924895318700685,66.8922189746718],[-37.92495325179903,66.89203166069235],[-37.92501115350026,66.89184446356668],[-37.92506908485758,66.89165714977915]]],"type":"Polygon"},"id":"00000000000000000048","properties":{"area":71203.30203260262,"elevation":1659.9238522954095,"region":"SE","year":2018},"type":"Feature"},{"geometry":{"coordinates":[[[-30.478807423380577,68.81493877336973],[-30.472961579680316,68.81478274268241],[-30.465840313796402,68.81489861525313],[-30.45845599093611,68.81538023935965],[-30.452387207425854,68.81402908985899],[-30.446715144049186,68.81212510177524],[-30.44190388586185,68.81128231322661],[-30.44120836586584,68.81376156651119],[-30.435139429618822,68.81240597359594],[-30.438992033471393,68.8108096104609],[-30.430952265375858,68.81220977141899],[-30.42488349578869,68.8108542327982],[-30.41829291003907,68.81023444431693],[-30.417258300956668,68.81092111897102],[-30.416050040641842,68.81335577189869],[-30.421454508336637,68.81562546977406],[-30.426863315777528,68.81789512580374],[-30.432932102823344,68.81925073556926],[-30.439660875801984,68.81968774611826],[-30.44691594058236,68.81938897281991],[-30.454563174345925,68.81854172223163],[-30.45971349598041,68.82117702859512],[-30.463075807841346,68.82403980753922],[-30.468921568890067,68.8241958170315],[-30.47266266329013,68.82200199558785],[-30.47538725962432,68.8197100052602],[-30.476591168134462,68.81727530532166],[-30.478807423380577,68.81493877336973]]],"type":"Polygon"},"id":"00000000000000000049","properties":{"area":1801574.5864571445,"elevation":1310.63614049269,"region":"SE","year":2018},"type":"Feature"},{"geometry":{"coordinates":[[[-30.58981672720904,68.79887265827763],[-30.589567053926118,68.79845791866714],[-30.588684187144214,68.79817701014916],[-30.587671883424548,68.7980834051517],[-30.58740874831754,68.79845347535723],[-30.586133584648397,68.7987254994206],[-30.584858066272,68.7989974768034],[-30.583582855752386,68.79926947874458],[-30.582307621808866,68.79954146962577],[-30.581540597025768,68.79986260809254],[-30.58178596090003,68.80027728173341],[-30.581018973460353,68.80059830304278],[-30.581264134843558,68.80101301774764],[-30.58151387993432,68.80142773523765],[-30.58226756960199,68.80188698456662],[-30.583150441809114,68.80216346822189],[-30.584425679009726,68.80189139184608],[-30.58468435584455,68.8015257871374],[-30.585959680205722,68.80125377310037],[-30.5867310133059,68.80093276780498],[-30.587497950998998,68.80061171611479],[-30.58725268103984,68.80019701368967],[-30.588019621409646,68.79988042558013],[-30.5892950006835,68.79960387815436],[-30.58955358027389,68.79923826691007],[-30.58981672720904,68.79887265827763]]],"type":"Polygon"},"id":"0000000000000000004a","properties":{"area":83846.86754573665,"elevation":1274.6829655024646,"region":"SE","year":2018},"type":"Feature"},{"geometry":{"coordinates":[[[-30.437302230324335,68.84915347743726],[-30.437190526730774,68.84855148745899],[-30.436303333831567,68.84827502342416],[-30.434912055658554,68.84794949360837],[-30.433783935164016,68.847253858675],[-30.432526314987825,68.84674555541586],[-30.43100136131903,68.84660288878008],[-30.429476301821364,68.84646013006372],[-30.42782199786643,68.84650026116081],[-30.42755435502511,68.84686594299967],[-30.427162073179794,68.8474144237639],[-30.427273520754664,68.84801642373569],[-30.427893512292602,68.84865851065824],[-30.428513206914484,68.84930502546018],[-30.429641244766547,68.85000070502937],[-30.430769547118242,68.8506918696194],[-30.43189758747908,68.85138745554269],[-30.43302582389625,68.8520786414552],[-30.434283194300974,68.8525914105559],[-30.43543367047694,68.85250225637655],[-30.435830453558612,68.85195375773216],[-30.435719113233805,68.85135179992064],[-30.436619840168174,68.85085239642693],[-30.437016563153826,68.85029942998916],[-30.4369051997938,68.8497019411424],[-30.437302230324335,68.84915347743726]]],"type":"Polygon"},"id":"0000000000000000004b","properties":{"area":170864.9717676105,"elevation":1335.21180418885,"region":"SE","year":2018},"type":"Feature"},{"geometry":{"coordinates":[[[-30.2667146822131,68.89715120147676],[-30.266340055243084,68.89691933496032],[-30.265965435733982,68.89668746744154],[-30.265591024050128,68.89645555964557],[-30.265082618004058,68.89640657106735],[-30.264574283879302,68.89635746573545],[-30.26419523450034,68.89612565595267],[-30.263820850312335,68.89589374335611],[-30.26344627322127,68.89566186903035],[-30.26293773108021,68.89561726396474],[-30.262429552976435,68.89556822639624],[-30.261921177465982,68.89551922625743],[-30.261412873888606,68.89547010936664],[-30.26090450428702,68.89542110554535],[-30.26039617672818,68.8953764520079],[-30.25988322445024,68.89532743125177],[-30.2593750639964,68.89527838262495],[-30.258866706135983,68.89522937142362],[-30.258224576518202,68.89536311825366],[-30.257582410700326,68.89550132933219],[-30.257448759786072,68.89568416429097],[-30.257314906389336,68.89586703845681],[-30.2571811198749,68.8960497976572],[-30.25755563415222,68.89628168927975],[-30.25793035626132,68.89651354063628],[-30.257796501016802,68.89669641547216],[-30.2576627126551,68.89687917534219],[-30.25803724423928,68.8971110657433],[-30.258411783283563,68.89734295514252],[-30.25878632978815,68.89757484353983],[-30.25916108413526,68.897806691669],[-30.25953564556261,68.89803857806181],[-30.25991447172957,68.8982704403222],[-30.260423028490106,68.89831952281872],[-30.261064929420133,68.89818126128935],[-30.261707126391382,68.89804750039428],[-30.262215353526443,68.89809654009984],[-30.262723915395778,68.89814561433465],[-30.26336580349197,68.8980073426546],[-30.264012577107888,68.89787358471187],[-30.26465455550313,68.89773985011495],[-30.26529675752533,68.89760160641282],[-30.26593892460794,68.89746782695826],[-30.266580885534882,68.89733408398678],[-30.2667146822131,68.89715120147676]]],"type":"Polygon"},"id":"0000000000000000004c","properties":{"area":84752.6517786703,"elevation":1412.5366487755784,"region":"SE","year":2018},"type":"Feature"},{"geometry":{"coordinates":[[[-30.313785036271806,68.8818029536767],[-30.31353975806221,68.88138832309302],[-30.312790485078402,68.8809245425809],[-30.31204155356769,68.88046526115427],[-30.311024803155387,68.88036715443101],[-30.310003609577034,68.88026910426368],[-30.308987062416406,68.8801754102772],[-30.30823785529849,68.87971171992099],[-30.307355022734594,68.87943078588101],[-30.306472060611434,68.87915423745405],[-30.305584618899857,68.87887339526335],[-30.30443422073139,68.87896258083188],[-30.303551270421934,68.87868166188024],[-30.30226699342083,68.87895362608936],[-30.300982846300368,68.87922118787367],[-30.300099915397716,68.87894471383332],[-30.298949537743106,68.87902938837524],[-30.29868196881557,68.8793951241436],[-30.29841889239055,68.87976514806479],[-30.298793373932156,68.8799926113997],[-30.299943998028652,68.8799078981328],[-30.300826807236515,68.88018876436136],[-30.301709792739445,68.88046523370072],[-30.302726345139387,68.88056333197751],[-30.303475588152164,68.88102712852493],[-30.30422911590832,68.8814908966417],[-30.305245751518456,68.8815845095067],[-30.306396254980992,68.88149978242842],[-30.307546775767435,68.88141057927663],[-30.30842968119987,68.8816915119848],[-30.30958001157506,68.8816023316393],[-30.310462953690543,68.88188325140253],[-30.311613293850048,68.8817940545335],[-30.312634494891622,68.88189220739655],[-30.313785036271806,68.8818029536767]]],"type":"Polygon"},"id":"0000000000000000004d","properties":{"area":112852.46145922689,"elevation":1400.1211584671805,"region":"SE","year":2018},"type":"Feature"},{"geometry":{"coordinates":[[[-30.303627070261356,68.86437682216476],[-30.3033863723686,68.86396215535581],[-30.302637073497305,68.86350283260082],[-30.30290028529215,68.86313273338867],[-30.30215117385395,68.86266901702109],[-30.301401939239536,68.86220968779337],[-30.300652887251918,68.86174596341048],[-30.299770069806247,68.86146502250142],[-30.298887075233207,68.86118411527366],[-30.298138085652486,68.86072484404528],[-30.29725514123506,68.8604439263879],[-30.296372219726454,68.86016300309421],[-30.29562300544098,68.8596992152317],[-30.294606422620294,68.85960560634547],[-30.293456045349785,68.8596903048704],[-30.29217618384064,68.85996229304025],[-30.2911594389768,68.85986423193003],[-30.290891847801326,68.86023433338835],[-30.290116055984548,68.8605509509069],[-30.29086524356717,68.86101465445033],[-30.291614260898083,68.86147839329129],[-30.291346679204715,68.86184402979728],[-30.292100313831305,68.8623077784918],[-30.29284952693153,68.86277158647741],[-30.2935986385015,68.86323531484514],[-30.294481650783815,68.86351178886449],[-30.29536433150578,68.8637926877218],[-30.296113527553647,68.86425640249406],[-30.2968626846815,68.86472022817803],[-30.297879297541993,68.8648138581632],[-30.298896099767,68.86491190823216],[-30.29964520525927,68.86537564314301],[-30.30079568038896,68.86528646328718],[-30.30207537160672,68.86501447172853],[-30.303359601395776,68.86474694775005],[-30.303627070261356,68.86437682216476]]],"type":"Polygon"},"id":"0000000000000000004e","properties":{"area":189900.3267125844,"elevation":1380.147787327678,"region":"SE","year":2018},"type":"Feature"},{"geometry":{"coordinates":[[[-30.406636901061933,68.84353053187857],[-30.406529834405525,68.8429285646067],[-30.405909856108153,68.8422864237177],[-30.404384944097277,68.84213930867115],[-30.402993857541123,68.84181380718198],[-30.401468674032895,68.84167109062763],[-30.400345102152727,68.84097546560517],[-30.398820132175185,68.84083279538252],[-30.396898122722526,68.84124300126783],[-30.395377558893546,68.8410958758634],[-30.39385263679108,68.84095315187244],[-30.393589489086335,68.84132328359941],[-30.3926843280125,68.84182270614104],[-30.39228747340525,68.84237562436486],[-30.3918906043196,68.84292407568726],[-30.392639694234443,68.8433878727732],[-30.394030948117027,68.8437133228475],[-30.39555604471562,68.84385604336842],[-30.397210241698705,68.84381594585149],[-30.398338483931305,68.8445114919427],[-30.39999273712275,68.84447136141321],[-30.4015177477949,68.84461405635678],[-30.403172152456897,68.8445739641762],[-30.40483081080245,68.84453382538342],[-30.405735999654734,68.84402993421001],[-30.406636901061933,68.84353053187857]]],"type":"Polygon"},"id":"0000000000000000004f","properties":{"area":177210.09008262167,"elevation":1343.9450723694906,"region":"SE","year":2018},"type":"Feature"},{"geometry":{"coordinates":[[[-30.196733635998196,68.94287036550269],[-30.194936578585896,68.94309331390181],[-30.193001325572,68.9434947010136],[-30.191066045862385,68.94390041537565],[-30.189808510743536,68.94338761144222],[-30.1886803479672,68.94269199235026],[-30.18755664815617,68.94199641881995],[-30.18796251091443,68.94144796029991],[-30.18887671740198,68.94094402663664],[-30.189790773901752,68.9404446702277],[-30.19019216377823,68.93989615280185],[-30.188395085861046,68.94011470242084],[-30.18645983689042,68.94052038919777],[-30.185545649230658,68.94101984001966],[-30.184631581242677,68.94152371404454],[-30.184230241850422,68.94207217964265],[-30.185759760520526,68.9422193270632],[-30.1872891051335,68.94236649702407],[-30.18841294367534,68.94306214860121],[-30.18953656140094,68.94375328715401],[-30.19066479886839,68.94444889952524],[-30.191280045447286,68.94509997335305],[-30.190365827682513,68.94559934412389],[-30.189960268352124,68.94614784918883],[-30.189045940902588,68.94665168045846],[-30.190843154511587,68.9464287258135],[-30.191757065037113,68.94592931464568],[-30.19267131512806,68.94542546745579],[-30.193585353902943,68.94492600694153],[-30.19449953102706,68.94442214959219],[-30.19541362858985,68.94392275461855],[-30.19581940323004,68.94336980663844],[-30.196733635998196,68.94287036550269]]],"type":"Polygon"},"id":"00000000000000000050","properties":{"area":79313.97893719633,"elevation":1473.9902184108269,"region":"SE","year":2018},"type":"Feature"},{"geometry":{"coordinates":[[[-30.700228510028147,68.83628896101366],[-30.699350105858933,68.83523209127631],[-30.697445996625948,68.8348575904451],[-30.695292191014786,68.83407277335363],[-30.692750642962768,68.83384091739866],[-30.69262121270147,68.83402374852695],[-30.690449787765605,68.83480409031522],[-30.689290382088416,68.83567358496556],[-30.687626998413354,68.83649849694422],[-30.684434362640918,68.83718081380627],[-30.681246079970762,68.83786745166171],[-30.678574988297292,68.83781396584125],[-30.677674311575323,68.83831780867672],[-30.677027909120827,68.83923640108365],[-30.67790186022938,68.84029769183834],[-30.680055509593604,68.84108247529329],[-30.682468015776074,68.84150165470918],[-30.68462155058251,68.84228644669557],[-30.68729255434558,68.84233546654387],[-30.689080803738428,68.84211250395985],[-30.69125241182541,68.8413321712878],[-30.69241184757846,68.84046269105261],[-30.69407485000525,68.83963772138696],[-30.694725903473724,68.83871912817635],[-30.694864268713985,68.83775151590444],[-30.698052546255198,68.83706930728043],[-30.700228510028147,68.83628896101366]]],"type":"Polygon"},"id":"00000000000000000051","properties":{"area":456398.89523578563,"elevation":1274.2044318665542,"region":"SE","year":2018},"type":"Feature"},{"geometry":{"coordinates":[[[-30.167504133910192,68.96775213753884],[-30.167397001724936,68.96715463043607],[-30.16637602992145,68.9670565529944],[-30.164440794628387,68.9674623170728],[-30.162639279032273,68.96768081699173],[-30.161515606382785,68.96698517193353],[-30.159714200024265,68.96720817802857],[-30.159442045359437,68.96757381372691],[-30.158015114027243,68.96802419504422],[-30.159138918006914,68.96871983012889],[-30.16026700781171,68.96941990355613],[-30.159861409250308,68.9699683477718],[-30.158942696146102,68.9704677187507],[-30.158536797357304,68.97102066733045],[-30.158644045022026,68.9716182231062],[-30.15990593568577,68.97213098790435],[-30.161569086770825,68.97209088302375],[-30.16350882104941,68.97168952198366],[-30.16466374918898,68.97160037652262],[-30.165069477439957,68.97105187933789],[-30.16496700215056,68.97045438346984],[-30.165881056442128,68.96995049140656],[-30.165265668681723,68.96930390800605],[-30.16567147097043,68.96875548709329],[-30.1665856452353,68.96825155342049],[-30.167504133910192,68.96775213753884]]],"type":"Polygon"},"id":"00000000000000000052","properties":{"area":140952.27113989546,"elevation":1465.0127757824514,"region":"SE","year":2018},"type":"Feature"},{"geometry":{"coordinates":[[[-30.1084211897781,68.99960353244138],[-30.107395352446783,68.99950540333661],[-30.10559395908058,68.99972836939824],[-30.104059969402915,68.99958123617208],[-30.10252620807849,68.99943404719649],[-30.100858369469783,68.99946972155014],[-30.099458231384023,68.999144280132],[-30.09792434926178,68.99899708016926],[-30.096528627744732,68.99866712294181],[-30.094860999956797,68.99870280245041],[-30.093327128587386,68.99855566734225],[-30.091792951485985,68.9984084787911],[-30.090125429774453,68.9984486466],[-30.0881855951023,68.99884992957064],[-30.086241501816627,68.99925574910111],[-30.08648231903946,68.99967041317626],[-30.087606035070174,69.00036607018352],[-30.089001756770575,69.00069600079092],[-30.090401927706246,69.0010259749557],[-30.091935921993226,69.00117314026214],[-30.093465337248446,69.00132027049827],[-30.0951374778421,69.0012801185646],[-30.096943301800007,69.00106161608711],[-30.098472697415822,69.00120880722709],[-30.100144982375376,69.00116867263814],[-30.101950915042814,69.00095018329473],[-30.103752351221097,69.00073172930281],[-30.105558301303933,69.00050872728801],[-30.107498161147447,69.00010739993213],[-30.1084211897781,68.99960353244138]]],"type":"Polygon"},"id":"00000000000000000053","properties":{"area":180835.87197688108,"elevation":1520.046322123047,"region":"SE","year":2018},"type":"Feature"},{"geometry":{"coordinates":[[[-30.420165789110364,68.92943958895971],[-30.41826170244775,68.9290650605712],[-30.414404572590865,68.92987660704755],[-30.41489065896369,68.93070595886643],[-30.413584099927853,68.93176275652445],[-30.412790475481962,68.93286419456358],[-30.41148390954795,68.93391647201663],[-30.41068571520223,68.93501785570379],[-30.409379203914867,68.93607027031487],[-30.408581037619292,68.93717160785198],[-30.407787325706515,68.93827306674203],[-30.406476310584328,68.93932537550928],[-30.40516991333306,68.94037775898249],[-30.404371534064918,68.94147915867384],[-30.407301312343588,68.94195180675949],[-30.4108951545486,68.94150144530165],[-30.41373575986036,68.9405918030711],[-30.414529435465212,68.93949038544429],[-30.41583587766115,68.93843803421325],[-30.417655367437288,68.93743477175046],[-30.418448955317142,68.9363333007433],[-30.41924719819212,68.93523191128344],[-30.41902423063156,68.93403245769247],[-30.419309618673875,68.93288648158988],[-30.41959497513486,68.93173604006564],[-30.418350892338882,68.93044291548163],[-30.420165789110364,68.92943958895971]]],"type":"Polygon"},"id":"00000000000000000054","properties":{"area":427389.040787497,"elevation":1416.7401741868136,"region":"SE","year":2018},"type":"Feature"},{"geometry":{"coordinates":[[[-30.64279533035235,68.92406193432838],[-30.64216203420258,68.92341975387285],[-30.642046156914784,68.92282227514617],[-30.64064600790278,68.92249676567268],[-30.6393751911715,68.92198843578883],[-30.637974937915786,68.92166293915466],[-30.636445624562576,68.92152019242566],[-30.63478239287212,68.92156481186336],[-30.63325272063288,68.92142211006473],[-30.631718807995014,68.92127942593713],[-30.630189558898664,68.92114119263742],[-30.62878932097775,68.92081564357063],[-30.62712606187417,68.92085582161295],[-30.62686735957724,68.92122587973303],[-30.625962125404676,68.92172977100574],[-30.625569837814304,68.92227826593735],[-30.625690268847386,68.92288026574644],[-30.626956451107823,68.9233885653398],[-30.628356763705156,68.92370966574816],[-30.62989065939497,68.92385230977125],[-30.63129075650094,68.92417781155737],[-30.632561678866498,68.92468617612262],[-30.634091215554214,68.9248288481025],[-30.63562053879992,68.92496707684957],[-30.63728384836797,68.92492695080341],[-30.639205734210407,68.92451672513582],[-30.64113196617257,68.92410651512371],[-30.64279533035235,68.92406193432838]]],"type":"Polygon"},"id":"00000000000000000055","properties":{"area":207122.79071032102,"elevation":1380.523632142485,"region":"SE","year":2018},"type":"Feature"},{"geometry":{"coordinates":[[[-30.01246581226969,69.04677636557719],[-30.012091173428544,69.0465445133515],[-30.011203729776526,69.04626352063923],[-30.010454502422814,69.0457998083722],[-30.00943358602073,69.04570172994288],[-30.008269791494783,69.04578644998786],[-30.007997712784718,69.04615204868985],[-30.00670001574841,69.04641964313099],[-30.00540241640579,69.0466916556823],[-30.004100260772752,69.04695916736483],[-30.00280282613171,69.04722676473419],[-30.00150523678614,69.04749427487995],[-30.000720294501566,69.0478108766683],[-30.000956682908473,69.04822554237707],[-29.99965907522831,69.04849758130364],[-29.998874281072677,69.04881413511451],[-29.998084985450593,69.04913073953958],[-29.997813181330333,69.04949643556188],[-29.99753662359882,69.04986203406159],[-29.996238901631873,69.05013404405372],[-29.996613620234072,69.05036590104056],[-29.997911150593094,69.050093926399],[-29.999208776958863,69.04982636991741],[-30.000234271742904,69.0499244655596],[-30.001259909826363,69.05002262965814],[-30.002281016817154,69.05012065027306],[-30.00358302751064,69.04985311483684],[-30.004880734027523,69.0495855838171],[-30.00617841705932,69.04931804146594],[-30.00696315180451,69.0490014483718],[-30.007752561446598,69.04868040400257],[-30.00904997321361,69.04841287582276],[-30.009834848675805,69.04809622920347],[-30.010111206765146,69.04773061024302],[-30.01089617894517,69.04741403439091],[-30.01116810127766,69.04704835409449],[-30.01246581226969,69.04677636557719]]],"type":"Polygon"},"id":"00000000000000000056","properties":{"area":140952.2711398937,"elevation":1556.758705334548,"region":"SE","year":2018},"type":"Feature"},{"geometry":{"coordinates":[[[-30.517066616667194,68.94689696637892],[-30.51605885776048,68.9460185216956],[-30.514658616156854,68.94569298685994],[-30.513111234565578,68.94633510825562],[-30.510538284546826,68.94687911604169],[-30.50823299486355,68.94705303541046],[-30.508215181257604,68.94783785199398],[-30.50717609719648,68.9485245166381],[-30.50460769323465,68.94906857904216],[-30.502034792043812,68.94961255193155],[-30.50048754293428,68.95025461790004],[-30.49944401652744,68.95094133797492],[-30.501223386466208,68.95149873734628],[-30.503002314540865,68.95205611771128],[-30.50465222649617,68.95279632329078],[-30.506828428019197,68.95280084058976],[-30.50834003274477,68.95372388129998],[-30.50924958398604,68.95321998152717],[-30.510288700633065,68.95253322038108],[-30.511327691499677,68.95184656799834],[-30.51236649206989,68.95115983395175],[-30.513405568072784,68.95047312941793],[-30.514444586342833,68.9497864186205],[-30.515991786421218,68.94914882364617],[-30.51651797950062,68.94841304880119],[-30.517048741594788,68.94767727792502],[-30.517066616667194,68.94689696637892]]],"type":"Polygon"},"id":"00000000000000000057","properties":{"area":298673.7835406948,"elevation":1427.6878402689024,"region":"SE","year":2018},"type":"Feature"},{"geometry":{"coordinates":[[[-30.455392563728203,68.95232367534048],[-30.454522986969003,68.9512624097911],[-30.453145253724195,68.95015213845987],[-30.45431795338912,68.94928260372764],[-30.4544696433224,68.94831941506187],[-30.45151758721968,68.94863155911806],[-30.449627052883468,68.94747666894172],[-30.446942735566846,68.94741866438055],[-30.444922641916307,68.94644658778691],[-30.442104642529316,68.946575898627],[-30.43901881945747,68.9470708359331],[-30.438755794642862,68.94744095239763],[-30.435540716245864,68.94811872122291],[-30.43436346999073,68.94898828665026],[-30.433190942369233,68.94985781235529],[-30.432526362159816,68.95077633181658],[-30.43237484677229,68.9517439706749],[-30.43120190955303,68.95261352510867],[-30.43207156578964,68.9536748245266],[-30.433337930977284,68.95418307802717],[-30.43535782853512,68.95515517585163],[-30.438046744483604,68.95520866759045],[-30.440467922875317,68.95563234048264],[-30.443286115363737,68.95550301543688],[-30.44610443693065,68.95537371043706],[-30.448922554534164,68.95524438955051],[-30.45085319805982,68.95483862391397],[-30.451517782047603,68.95392001737106],[-30.452177509749745,68.9530014420735],[-30.455392563728203,68.95232367534048]]],"type":"Polygon"},"id":"00000000000000000058","properties":{"area":733767.610853552,"elevation":1419.0703446368707,"region":"SE","year":2018},"type":"Feature"},{"geometry":{"coordinates":[[[-30.200666436953913,68.96796176951824],[-30.19940451817307,68.96744891404731],[-30.196416884219378,68.9685369557078],[-30.192033685659034,68.96929947289117],[-30.189001515844616,68.96822487405959],[-30.189616834688575,68.96887138847816],[-30.189184370898243,68.97020466337965],[-30.191810774941555,68.97182779121799],[-30.190865356155754,68.97311196647567],[-30.18634821774817,68.97405731077868],[-30.181826829649907,68.97499822209174],[-30.179062284527006,68.97355793997264],[-30.176435808435684,68.97193483710005],[-30.1733412239935,68.97242529151434],[-30.171887570324316,68.97366049440538],[-30.170942065639082,68.97494466388254],[-30.174513943210197,68.97528357120926],[-30.178090118864418,68.97562694968035],[-30.18112223678038,68.97669709063072],[-30.185371872756466,68.97612192020947],[-30.189893369099174,68.97517654147306],[-30.193389319884332,68.97413763123618],[-30.19586854429484,68.97299605642176],[-30.197322100294347,68.97176092559828],[-30.198267535869174,68.97047663615689],[-30.199721146585773,68.96924152469315],[-30.200666436953913,68.96796176951824]]],"type":"Polygon"},"id":"00000000000000000059","properties":{"area":388411.8854238472,"elevation":1463.0496238194335,"region":"SE","year":2018},"type":"Feature"},{"geometry":{"coordinates":[[[-30.58074253247311,68.88681055870133],[-30.578820501482138,68.8872207702307],[-30.575997948643987,68.88813496703023],[-30.572154287316852,68.88895092269223],[-30.568310505390105,68.88977143491272],[-30.565911462730206,68.88856748957853],[-30.563378622965196,68.8875507741569],[-30.561109037402264,68.88616394147691],[-30.559860564654166,68.88487531899806],[-30.55962863945595,68.88367584436624],[-30.557867240088605,68.88233812229468],[-30.556734764411686,68.8816469234814],[-30.556471509124126,68.88201255758298],[-30.555173867104717,68.88306936814223],[-30.555405872056284,68.88426442111236],[-30.555637561574567,68.88545943971494],[-30.55688617540577,68.8867526047204],[-30.559155805096193,68.88813935358716],[-30.56142561125735,68.8895217143828],[-30.563824550971464,68.89072562363879],[-30.566620436116132,68.89137667856807],[-30.5696794652383,68.89165758843369],[-30.572502118697603,68.89074797558702],[-30.574816331633667,68.88978481753011],[-30.577130602838874,68.88882605177805],[-30.57944483675336,68.88786732705154],[-30.58074253247311,68.88681055870133]]],"type":"Polygon"},"id":"0000000000000000005a","properties":{"area":285077.1014371932,"elevation":1342.5566965815776,"region":"SE","year":2018},"type":"Feature"},{"geometry":{"coordinates":[[[-30.297272930280375,68.95082095739485],[-30.295364343288703,68.95044636848417],[-30.293081229217297,68.94983548084808],[-30.290664466222285,68.9494119027863],[-30.288113903386844,68.94917108485268],[-30.286232158490105,68.94801172098474],[-30.285371601178387,68.94695048196581],[-30.28451098570375,68.9458891626861],[-30.285692633040295,68.94501971232465],[-30.28340971290043,68.9444132500023],[-30.280190124628618,68.94509103959342],[-30.27804095369077,68.9442973068438],[-30.27790700631309,68.94448009867915],[-30.27672540111279,68.94534963809616],[-30.27554371187459,68.94621916971862],[-30.274366537199974,68.9470887062125],[-30.274339735429056,68.9478690806061],[-30.27729170388766,68.94756139069983],[-30.279574781039788,68.94816783698889],[-30.281456442749636,68.94932713856424],[-30.280783148788178,68.95024575882586],[-30.280114296319315,68.95115984714174],[-30.28137619073818,68.9516726222056],[-30.284332742234447,68.95136498620398],[-30.286883200894447,68.95160571899969],[-30.28876486861586,68.95276068726378],[-30.290780482896828,68.95373721638789],[-30.29271126174344,68.95333139827112],[-30.29491414801042,68.95255998895257],[-30.296091347076196,68.95169050888205],[-30.297272930280375,68.95082095739485]]],"type":"Polygon"},"id":"0000000000000000005b","properties":{"area":382973.21258250455,"elevation":1448.4531604720528,"region":"SE","year":2018},"type":"Feature"},{"geometry":{"coordinates":[[[-30.251709758169987,68.92141317204465],[-30.251602785545412,68.9208156614067],[-30.250479186044466,68.9201200737422],[-30.250372115294155,68.9195224871156],[-30.24897629986951,68.9191925464611],[-30.24785282460735,68.91850140491817],[-30.246590785566763,68.91798864547245],[-30.244927564810794,68.91802429005374],[-30.244793847539437,68.91821154923619],[-30.24337566534591,68.91866191353569],[-30.24144488409054,68.91906768213403],[-30.240022640558973,68.91952254112273],[-30.23910831739926,68.92002196553968],[-30.23769044436833,68.92047674118976],[-30.236776339008983,68.92098065592485],[-30.235862232120233,68.92148009834013],[-30.23444415560351,68.92193495917675],[-30.23556790995191,68.92263056204926],[-30.23696344296577,68.92295601706456],[-30.238354855483234,68.92328602352076],[-30.240017983472704,68.92324587175939],[-30.241547472792238,68.92339303434615],[-30.242943256500933,68.9237229724014],[-30.244606364416864,68.92368288159109],[-30.24626541539745,68.92364275492365],[-30.247928498556515,68.9236070926275],[-30.249591819464868,68.92356690445972],[-30.249993065416835,68.92301847189866],[-30.250907149237104,68.92251454889528],[-30.25130854751087,68.92196607470156],[-30.251709758169987,68.92141317204465]]],"type":"Polygon"},"id":"0000000000000000005c","properties":{"area":292328.6652258536,"elevation":1444.868935051659,"region":"SE","year":2018},"type":"Feature"},{"geometry":{"coordinates":[[[-30.21597452520518,68.93077287964636],[-30.215091630358135,68.93049189501859],[-30.214824138949687,68.93085754809502],[-30.21353538864934,68.93112958081662],[-30.212246854928694,68.9313970957596],[-30.21095805742666,68.93166910602632],[-30.2096694076653,68.93193671340444],[-30.208786524317727,68.93166015619975],[-30.208033071456814,68.93119646136307],[-30.207283910973445,68.93073274084557],[-30.206133461431897,68.93081745425383],[-30.20511213096443,68.93071934495165],[-30.203823653913563,68.9309913273803],[-30.20266873052644,68.93107607381074],[-30.201518225034956,68.93116521769588],[-30.20124626886419,68.93153086958716],[-30.20148700764199,68.931945600411],[-30.202641972553053,68.9318608629231],[-30.20393050533809,68.93158889016254],[-30.20521917422875,68.9313213343442],[-30.2062359770432,68.93141496037984],[-30.207123306510375,68.93169582542853],[-30.207872422154697,68.93215966195046],[-30.208621637042288,68.93262337956816],[-30.20937068109727,68.9330871323777],[-30.210257915749313,68.93336801651219],[-30.21103384415699,68.93304700753684],[-30.211814177212048,68.93273040110071],[-30.213103027037903,68.93245838212962],[-30.213370563440474,68.93209273098856],[-30.214150839734966,68.93177611287798],[-30.214418352472485,68.93141046037854],[-30.215198765138442,68.93108944558739],[-30.21597452520518,68.93077287964636]]],"type":"Polygon"},"id":"0000000000000000005d","properties":{"area":60278.62399238188,"elevation":1466.8369753936406,"region":"SE","year":2018},"type":"Feature"},{"geometry":{"coordinates":[[[-30.755762067163683,68.81811813463317],[-30.754745466942435,68.81802446463199],[-30.75296188324391,68.81825186190734],[-30.751824710399966,68.81756072602381],[-30.75068760474712,68.81686958091639],[-30.749167122179063,68.81673136513999],[-30.747254146817568,68.81714156647426],[-30.745987732374143,68.8166332574087],[-30.744850657141292,68.8159421037282],[-30.743196422531987,68.81598665819787],[-30.741934550148404,68.81547834966982],[-30.74167587668012,68.8158484007885],[-30.74077964351559,68.81635231520545],[-30.741408412378206,68.81699442368624],[-30.74152867076754,68.8175919959015],[-30.74215741780493,68.81823849185213],[-30.743174001755026,68.81833213777432],[-30.744569802299374,68.81865324900402],[-30.74647841285771,68.81824296837785],[-30.74839115333754,68.81783274047612],[-30.74965768855318,68.81834102755289],[-30.750794626356072,68.81903222188082],[-30.751931830598508,68.81972336704831],[-30.752052027457683,68.82032089420538],[-30.751664178928756,68.82087380550067],[-30.74975580952288,68.82128407922957],[-30.750772376172225,68.82137770900259],[-30.752680812605128,68.82096303134463],[-30.754335286963276,68.8209228671215],[-30.754723078892038,68.82036994916957],[-30.7546028149371,68.81977242502161],[-30.754986330051654,68.81921954535595],[-30.754357519371563,68.81857742027081],[-30.755762067163683,68.81811813463317]]],"type":"Polygon"},"id":"0000000000000000005e","properties":{"area":130982.40389587921,"elevation":1269.9329958308508,"region":"SE","year":2018},"type":"Feature"},{"geometry":{"coordinates":[[[-30.63625827247251,68.69733887268723],[-30.634871349830853,68.69701336800058],[-30.63323930770583,68.69627317304656],[-30.631348910486928,68.69590308700208],[-30.6293288214247,68.6957157516635],[-30.627054703109806,68.69589415998641],[-30.625034610672756,68.69570687760257],[-30.623014852215135,68.69551513650251],[-30.620477381762687,68.69606359102131],[-30.621476440788683,68.69693757457698],[-30.622974651515186,68.69786059688843],[-30.622961318514015,68.69864098078352],[-30.62194002800894,68.69932766300805],[-30.620919051818195,68.70001883974315],[-30.62090551293399,68.70079915154213],[-30.62266694104921,68.70135210709897],[-30.62455767267685,68.70172665937467],[-30.62657752612459,68.70191398837157],[-30.62885624068901,68.70173558532612],[-30.631134740992884,68.70155718557595],[-30.633163599054882,68.7009641441609],[-30.63267322206445,68.70013478560648],[-30.631170500816797,68.69921174850082],[-30.632191557786502,68.69852500256518],[-30.634224892537777,68.69793191382429],[-30.63625827247251,68.69733887268723]]],"type":"Polygon"},"id":"0000000000000000005f","properties":{"area":309553.57045288227,"elevation":1091.9595010491955,"region":"SE","year":2018},"type":"Feature"},{"geometry":{"coordinates":[[[-37.628739632321846,66.90330880149963],[-37.62749544487883,66.90267561559193],[-37.62613109841302,66.9024169817583],[-37.62482455047389,66.90197100523493],[-37.62339751233508,66.90189523284118],[-37.62209100935578,66.90144934556692],[-37.620481296719255,66.90193984100809],[-37.618867045766976,66.90242584894679],[-37.61737771285047,66.90254181779244],[-37.61576352285744,66.90302785618398],[-37.614153762119,66.90351834439431],[-37.61253960840179,66.90400441252015],[-37.61241495573279,66.90437895791449],[-37.610805134538495,66.90486496618163],[-37.61061784693739,66.90542685734196],[-37.61090772153229,66.90601095908453],[-37.61227650681017,66.90626959994478],[-37.61364115864834,66.90653272651532],[-37.615192800379624,66.9062294791975],[-37.61661977402284,66.90630088193635],[-37.618046542805764,66.90637664257464],[-37.619535911619884,66.90626071203536],[-37.621025271676686,66.90614476443518],[-37.622519108084525,66.90603326832398],[-37.624008595385604,66.9059173542013],[-37.625618249587056,66.90543129743156],[-37.626755328222195,66.904918541405],[-37.62741532785223,66.90437895488449],[-37.627602657122914,66.9038215715226],[-37.628739632321846,66.90330880149963]]],"type":"Polygon"},"id":"00000000000000000060","properties":{"area":285266.73234701145,"elevation":1794.31312068728,"region":"SE","year":2018},"type":"Feature"},{"geometry":{"coordinates":[[[-26.387252268576052,69.76307740911842],[-26.386734935488363,69.76241746015957],[-26.385348152209037,69.76205633844876],[-26.384313749144763,69.76133394077945],[-26.38292679496807,69.7609683037496],[-26.381892313552978,69.76024592192937],[-26.380857899554684,69.75952353227358],[-26.380340668016636,69.75885914609114],[-26.379827855728095,69.7581991807654],[-26.379832367343273,69.75759719290328],[-26.379662748535484,69.75717801983579],[-26.37845002046657,69.75663400315582],[-26.377415458770137,69.75591165500137],[-26.376380964483474,69.75518929901048],[-26.37482019127037,69.755006425674],[-26.374646421713894,69.7551848334312],[-26.375680853082592,69.75590720216708],[-26.37671530619787,69.75663400950532],[-26.376710761140078,69.7572315517047],[-26.377745306668743,69.757958351043],[-26.378779875157857,69.75868080926308],[-26.379814390106667,69.75940318047223],[-26.38084897247665,69.76012554384435],[-26.381366289021503,69.76078548157412],[-26.38187903248989,69.7614498081664],[-26.382917909531493,69.7621722791934],[-26.384304646776684,69.76253342389252],[-26.385691512460443,69.76289908078273],[-26.387252268576052,69.76307740911842]]],"type":"Polygon"},"id":"00000000000000000061","properties":{"area":63050.56871206432,"elevation":1365.8910846110166,"region":"SE","year":2018},"type":"Feature"},{"geometry":{"coordinates":[[[-26.055517303364244,69.83314775078651],[-26.05535240512852,69.8327240798923],[-26.054665601844135,69.83224252000294],[-26.053978939551225,69.83175650942022],[-26.052935685453928,69.8316316802041],[-26.052248851001192,69.83115002883542],[-26.051383859589848,69.83084687686008],[-26.05051888572807,69.83053919293282],[-26.04947527772941,69.8304187400282],[-26.048788580757464,69.82993273727422],[-26.047923573116122,69.82962948477414],[-26.04705837940615,69.8293262605387],[-26.045836759544823,69.82937983200328],[-26.04497161070513,69.82907659525908],[-26.04410648777124,69.82877335324542],[-26.044271571823487,69.82919697212537],[-26.044958250744457,69.82967854978924],[-26.04564040357413,69.83016458507095],[-26.046327149967162,69.8306506825258],[-26.045970550898247,69.8310074048479],[-26.046652764928012,69.83149343489582],[-26.047517698964175,69.8317966147127],[-26.048382778892293,69.83209986871483],[-26.049247884727613,69.83240311744846],[-26.050112904674418,69.83271080815146],[-26.05116094729701,69.83283116178961],[-26.052204238174703,69.832956002779],[-26.053247545158655,69.83308083636729],[-26.05447397064613,69.83302293318151],[-26.055517303364244,69.83314775078651]]],"type":"Polygon"},"id":"00000000000000000062","properties":{"area":79604.75160525861,"elevation":1331.6610948411799,"region":"SE","year":2018},"type":"Feature"},{"geometry":{"coordinates":[[[-30.553635619786707,68.97339737004349],[-30.55287758302166,68.97293810756464],[-30.552119553517613,68.97247437412905],[-30.55186967364659,68.97205966904244],[-30.551624409633362,68.97164496728513],[-30.552396006961246,68.97132393296803],[-30.552150739599448,68.9709092325335],[-30.552926580671794,68.97058816396337],[-30.552676903093424,68.97017342155988],[-30.552939849380696,68.96980782653654],[-30.55191878159886,68.96971419417319],[-30.551026916421993,68.96943323237336],[-30.549738443814388,68.96970971440683],[-30.549987931418155,68.97012438700268],[-30.549212052203814,68.97044097280376],[-30.548948998838817,68.97081114389381],[-30.548173107572573,68.97113219159563],[-30.54842289049322,68.9715424366782],[-30.54764696894019,68.97186348218102],[-30.547896637869844,68.97227812008865],[-30.547633542320696,68.97264829011138],[-30.54736600923159,68.97301394959544],[-30.547102942884717,68.97337953726685],[-30.546840022722215,68.97374966696293],[-30.547089492456177,68.97416434691435],[-30.547981314722293,68.9744407913355],[-30.549002552451885,68.97453445032016],[-30.550291317251126,68.97426243691895],[-30.551575449949752,68.97399040865373],[-30.552864099110153,68.97371848789841],[-30.553635619786707,68.97339737004349]]],"type":"Polygon"},"id":"00000000000000000063","properties":{"area":92910.66104076122,"elevation":1434.196269261963,"region":"SE","year":2018},"type":"Feature"},{"geometry":{"coordinates":[[[-30.10959820221564,69.06076453901692],[-30.10857276796173,69.06066646751894],[-30.106624081973557,69.06106772415208],[-30.10467982802247,69.06147355627589],[-30.104269767624462,69.06202202180299],[-30.10334658695958,69.06252595848845],[-30.10242812044783,69.06302532477697],[-30.10201777912393,69.06357382488957],[-30.10263328675074,69.0642248349409],[-30.10119737829552,69.06467521351449],[-30.100274299463166,69.06517462661631],[-30.09986849480479,69.0657274944829],[-30.099458378870075,69.0662760270334],[-30.10034563075936,69.06655688691761],[-30.1016119585838,69.0670697573728],[-30.10253509127196,69.066570333966],[-30.10294534133778,69.06601740068334],[-30.102838196609326,69.06541984125558],[-30.103248556555357,69.06487133742063],[-30.105197120476276,69.06446565455762],[-30.10662867580242,69.06401525593382],[-30.10703878667416,69.06346231428287],[-30.107449017673044,69.06291380126024],[-30.107859158809593,69.0623654025247],[-30.108265128135955,69.06181243899088],[-30.10764964999525,69.06116588534326],[-30.10959820221564,69.06076453901692]]],"type":"Polygon"},"id":"00000000000000000064","properties":{"area":94723.5519878304,"elevation":1527.4660334346502,"region":"SE","year":2018},"type":"Feature"},{"geometry":{"coordinates":[[[-29.999873175005504,69.13690818767276],[-29.998058350017324,69.1371266191941],[-29.997781837048404,69.1374923398477],[-29.9958244727768,69.13789810766899],[-29.994384066730664,69.13834844166634],[-29.992939315966122,69.138798777769],[-29.9909817212995,69.13920459732904],[-29.990054143616778,69.13970401418034],[-29.988101160550826,69.14010534889256],[-29.987169197800355,69.14060476429782],[-29.98624174247983,69.14110866484081],[-29.98428860324376,69.14150995052553],[-29.98335664628169,69.14200941953145],[-29.981916275653923,69.14245974935176],[-29.98215266028067,69.14287891648613],[-29.9841101882699,69.14247309718948],[-29.985037651378303,69.1419736773611],[-29.98699545334403,69.14157240247395],[-29.988952867541755,69.14117106490365],[-29.989880408462977,69.14066722339528],[-29.990807694610183,69.14016776964687],[-29.99225256091379,69.13971745279797],[-29.993692950611305,69.1392670620869],[-29.994620327896214,69.1387631931648],[-29.996577895390352,69.13836187019008],[-29.99750530189154,69.13786241425645],[-29.999462980359546,69.13745666088796],[-29.999873175005504,69.13690818767276]]],"type":"Polygon"},"id":"00000000000000000065","properties":{"area":57559.2875716002,"elevation":1612.3034401828165,"region":"SE","year":2018},"type":"Feature"},{"geometry":{"coordinates":[[[-30.106695447621146,69.11781425368044],[-30.10566975302245,69.11771617459677],[-30.10539324328471,69.11808181180308],[-30.10498309320616,69.11863479132415],[-30.10354732096971,69.11908509297035],[-30.102624338102274,69.11958899798155],[-30.101696753316983,69.12008841136935],[-30.10077376066576,69.12058783738972],[-30.099850666359966,69.12109172683405],[-30.099440401004273,69.12164022597953],[-30.098000136159328,69.1220950403407],[-30.097590013512043,69.12264349647202],[-30.0976923653884,69.12324100473194],[-30.096769441317683,69.12374491463923],[-30.096871976540918,69.12434238535722],[-30.098142965316583,69.12485523923546],[-30.09930664978268,69.12477051899903],[-30.099204122433246,69.124172935599],[-30.09961430523703,69.12362000539632],[-30.100024535370572,69.12307161902402],[-30.100434816325162,69.12252311716983],[-30.100845142217572,69.12197014610341],[-30.101767987847218,69.12147075728461],[-30.102178395890316,69.12091785946633],[-30.103618666639786,69.12046743511533],[-30.104541799676916,69.1199635988404],[-30.10546469981272,69.11946415018076],[-30.10587492412583,69.11891571310096],[-30.106285192283845,69.11836280683833],[-30.106695447621146,69.11781425368044]]],"type":"Polygon"},"id":"00000000000000000066","properties":{"area":72968.86062223074,"elevation":1573.726154003268,"region":"SE","year":2018},"type":"Feature"},{"geometry":{"coordinates":[[[-29.980444855401046,69.16491581451827],[-29.98007024406526,69.16468389856999],[-29.979040268642542,69.1645858559123],[-29.978010173647135,69.16448772986668],[-29.97711830714267,69.1642067671781],[-29.9759501519197,69.16429153129104],[-29.975058323316514,69.16401055550841],[-29.97388997594912,69.16409534175334],[-29.974130776347717,69.16451004714449],[-29.97436715186259,69.16492469146286],[-29.974090667784772,69.16529034535326],[-29.97381428832942,69.16566042910648],[-29.973537786482567,69.16602608243761],[-29.973261275779223,69.16639173548772],[-29.971954746616756,69.16665929536443],[-29.97116551563579,69.16697590681554],[-29.97088895806693,69.1673415562617],[-29.970612504487253,69.1677116355899],[-29.971780826438568,69.16762691225541],[-29.97267260541801,69.16790783239377],[-29.973840938168983,69.16782309228151],[-29.97514731717536,69.16755555332468],[-29.976454007113453,69.1672880399461],[-29.97776042732073,69.1670160090716],[-29.978790628875746,69.167114135875],[-29.979067069438816,69.1667484728266],[-29.979343501147092,69.16638280949738],[-29.979615419800595,69.16601720012883],[-29.979891833866255,69.16565153624592],[-29.980168327351226,69.16528140304176],[-29.980444855401046,69.16491581451827]]],"type":"Polygon"},"id":"00000000000000000067","properties":{"area":93817.10651433875,"elevation":1623.8284016908488,"region":"SE","year":2018},"type":"Feature"},{"geometry":{"coordinates":[[[-30.48379708968765,69.05136923493957],[-30.48176384591424,69.05039716154207],[-30.48161210220053,69.05136477623904],[-30.481460668574396,69.05232796044122],[-30.480283474286793,69.05319746052815],[-30.479106203397713,69.054071420342],[-30.4758732440646,69.05474919277796],[-30.472774134341428,69.05524863481568],[-30.470343975546182,69.0548250373712],[-30.468440081087927,69.05367011511956],[-30.466540261337364,69.05251521647972],[-30.46464096078781,69.0513558604395],[-30.462339952693814,69.05075383199241],[-30.46207227122792,69.0511194929985],[-30.461920732740243,69.05208273718664],[-30.462281953716882,69.05309934622265],[-30.464315364085806,69.05407143327538],[-30.466616216741574,69.05467789923777],[-30.46878331449766,69.05546712692909],[-30.471084238210352,69.05606909115677],[-30.473652620471107,69.0563099561732],[-30.476618025936823,69.05599329950536],[-30.478423800735218,69.05577035149665],[-30.480626668820303,69.05499451534895],[-30.482316547250726,69.0541739878827],[-30.4829810086463,69.0532554206937],[-30.483645416803547,69.05233685205653],[-30.48379708968765,69.05136923493957]]],"type":"Polygon"},"id":"00000000000000000068","properties":{"area":182648.76292402914,"elevation":1492.4587434218456,"region":"SE","year":2018},"type":"Feature"},{"geometry":{"coordinates":[[[-30.330800951015974,69.09653098526057],[-30.32746992224571,69.09583092704119],[-30.32360406029179,69.09586215723301],[-30.31987173944295,69.09570606442698],[-30.316678940760013,69.09481873644354],[-30.313080340530885,69.09448429928324],[-30.309482042579756,69.09414537819782],[-30.30602165177152,69.0936281852531],[-30.3028289379648,69.09273634571991],[-30.299636265406317,69.09184894056555],[-30.296715579614464,69.0905959388162],[-30.294062359066142,69.0889728778759],[-30.290735880583938,69.08826830729556],[-30.290602143820433,69.08845561444386],[-30.290682418673992,69.08983341317443],[-30.292822784412664,69.09140749834815],[-30.295743363580073,69.09266493505365],[-30.298936024119637,69.09355231329431],[-30.30199508548018,69.09462250826515],[-30.305455324792078,69.09514419088205],[-30.30892013660741,69.09566148591152],[-30.312384912119253,69.09618320311131],[-30.316117123002524,69.09633483212656],[-30.319983110942214,69.09630357298617],[-30.32371552695798,69.0964596618822],[-30.327313824751894,69.0967940998741],[-30.330800951015974,69.09653098526057]]],"type":"Polygon"},"id":"00000000000000000069","properties":{"area":287796.43785794516,"elevation":1508.6328312287665,"region":"SE","year":2018},"type":"Feature"},{"geometry":{"coordinates":[[[-30.34583254003937,69.0212658568907],[-30.345453431415145,69.02103393788406],[-30.34494070729935,69.02098492574831],[-30.34442785384699,69.02093583618351],[-30.343919600320056,69.02089122259976],[-30.34340668371169,69.02084224429282],[-30.343027740314483,69.0206103941757],[-30.342648672189352,69.02037846746524],[-30.34226974397194,69.02014661529606],[-30.341890691031374,69.01991468653286],[-30.341516190288278,69.0196828820428],[-30.341137152482332,69.01945095123928],[-30.340624259420323,69.01940643018229],[-30.340111455857357,69.01935732470228],[-30.339732570593043,69.01912546561086],[-30.339224188524376,69.01907640665513],[-30.3385777219428,69.01921466563998],[-30.338443930084736,69.01939749200695],[-30.338310136097334,69.01958031831471],[-30.33817633998051,69.0197631445632],[-30.33803792810014,69.01994596030889],[-30.337904329043276,69.0201287470408],[-30.337770526506617,69.02031157310776],[-30.337636703697953,69.02049886672017],[-30.33801558625623,69.02073073175478],[-30.33839482807631,69.02095816433471],[-30.338773725749576,69.02119002731666],[-30.339286563048304,69.02123913727951],[-30.339794858469673,69.0212881200273],[-30.340307701737803,69.02133722627845],[-30.34082043325233,69.02138178749323],[-30.341199565183675,69.0216136044023],[-30.341578635664618,69.02184553525254],[-30.34209136521862,69.02189455937699],[-30.342738008394548,69.02176082656725],[-30.343380048755648,69.02162261307116],[-30.344026547766088,69.02148879907743],[-30.34453941140773,69.02153788998646],[-30.345052162493825,69.02158243587081],[-30.345698787097305,69.02144869000128],[-30.34583254003937,69.0212658568907]]],"type":"Polygon"},"id":"0000000000000000006a","properties":{"area":50307.723783034286,"elevation":1478.2384003379566,"region":"SE","year":2018},"type":"Feature"},{"geometry":{"coordinates":[[[-30.490177968885373,68.99788231028454],[-30.489799099722,68.997650402221],[-30.488510428618525,68.99792245929953],[-30.4872216008923,68.99819442974346],[-30.485933083015897,68.99846642480875],[-30.484644340219777,68.99873844826459],[-30.483618742011377,68.99864478098094],[-30.483355573525422,68.99901046051214],[-30.48206711667789,68.9992824973918],[-30.480778302189815,68.99955448722504],[-30.479485185509052,68.99982649578006],[-30.478196455898242,69.00009853859274],[-30.47690777073965,69.00037045517664],[-30.477157471407697,69.00078523549324],[-30.478044901995307,69.00106612601436],[-30.47933809697206,69.0007941291063],[-30.48062665579515,69.00052211503478],[-30.481781546511332,69.00043292381781],[-30.48253959178665,69.0008922376046],[-30.48369911316462,69.00080303650302],[-30.48396209823136,69.00043739492507],[-30.485250738028945,69.00016541546992],[-30.486539554967166,68.99989338521148],[-30.487828146969868,68.99962138334394],[-30.488604046744957,68.99930033820395],[-30.48835876321567,68.99888558651624],[-30.48913464297905,68.99856900630583],[-30.489910493200846,68.9982479550975],[-30.490177968885373,68.99788231028454]]],"type":"Polygon"},"id":"0000000000000000006b","properties":{"area":73875.3060958591,"elevation":1429.494516160342,"region":"SE","year":2018},"type":"Feature"},{"geometry":{"coordinates":[[[-30.570526537512773,68.98103137427016],[-30.569518951756464,68.98015290019208],[-30.566303787186317,68.98083517137378],[-30.564007497770497,68.9802331703524],[-30.562107986115198,68.97907829994536],[-30.56328062474936,68.97820880539656],[-30.563936086045643,68.97729023104637],[-30.564595970979187,68.97637158323097],[-30.56576428746945,68.9754975998018],[-30.565911573636594,68.97453446667546],[-30.564774411524557,68.97383879837665],[-30.562085565693554,68.97378976305104],[-30.559396663359014,68.97373632503441],[-30.556574057856423,68.97386557869316],[-30.557581822584964,68.9747440624356],[-30.556921937162755,68.97566263874786],[-30.55421963438168,68.97638944841718],[-30.55509362810125,68.97745069388594],[-30.556993372205678,68.97860561717455],[-30.55633334397186,68.97952419688406],[-30.555807118901793,68.98025991635829],[-30.557969767782488,68.98104471854987],[-30.56079249147435,68.98091546987933],[-30.56374437845054,68.9805988298271],[-30.565643891044925,68.98175371804247],[-30.567030602309508,68.98286407013704],[-30.567793247128247,68.98332337850043],[-30.56921105993388,68.98286850926971],[-30.569871196479415,68.9819499816345],[-30.570526537512773,68.98103137427016]]],"type":"Polygon"},"id":"0000000000000000006c","properties":{"area":305925.3473292697,"elevation":1428.5513552399514,"region":"SE","year":2018},"type":"Feature"},{"geometry":{"coordinates":[[[-30.524517796163398,68.98734993552338],[-30.517829068258795,68.98829972556777],[-30.515059949695246,68.9860835271925],[-30.518047365646492,68.98420624903339],[-30.51950114516429,68.98218632355886],[-30.517472314197526,68.98121417639616],[-30.515902677396994,68.98263659303845],[-30.512402344512815,68.98446487723523],[-30.508901853574567,68.98629758885879],[-30.504375940706094,68.9880321577347],[-30.501388353305217,68.9899094349383],[-30.499930195100596,68.99192938905092],[-30.495404267270082,68.99366399980991],[-30.493433299169233,68.99563489199343],[-30.48993280147088,68.9974676376306],[-30.495863446363398,68.99605851396028],[-30.50122786855624,68.9969459014794],[-30.499774020677144,68.99896584301933],[-30.497290378928454,69.00089223708832],[-30.49803501349877,69.0021363453198],[-30.501026994068845,69.00025899336568],[-30.504527536173555,68.99842631528884],[-30.50803232917402,68.99659810939423],[-30.51255824330168,68.99486347630454],[-30.515037637299283,68.99293713828753],[-30.517516770702695,68.99101084201192],[-30.51999165215918,68.98908893095222],[-30.524517796163398,68.98734993552338]]],"type":"Polygon"},"id":"0000000000000000006d","properties":{"area":920495.37840858,"elevation":1432.9629498396096,"region":"SE","year":2018},"type":"Feature"},{"geometry":{"coordinates":[[[-30.550679151434487,68.99956786926283],[-30.539477963075917,68.99539857684428],[-30.53415813772878,68.9921613170928],[-30.52575273197083,68.99549666567403],[-30.53443915542046,68.9970841577417],[-30.527915453276798,69.00235926740184],[-30.523505416715793,69.00469140225061],[-30.529039230764116,69.00990404000287],[-30.512348811385102,69.01031876662654],[-30.497111924028562,69.00871348897793],[-30.491136850278128,69.00639471095639],[-30.48101471111918,69.01133095878362],[-30.466576108101265,69.00861977707116],[-30.454933437173064,69.00205155501776],[-30.463066741052337,68.99986664990286],[-30.451580087400124,68.99762366908999],[-30.448146514751713,69.00161456054146],[-30.45364035084749,69.007612071939],[-30.466745549300168,69.01216477234783],[-30.482116114802423,69.01359171046413],[-30.496759802093234,69.0129897754171],[-30.51318705541881,69.01294511450759],[-30.529485034776997,69.01308344054836],[-30.54090483939441,69.01315916923816],[-30.531268722234923,69.00756750722589],[-30.543165530432013,69.00317970821814],[-30.550679151434487,68.99956786926283]]],"type":"Polygon"},"id":"0000000000000000006e","properties":{"area":2620080.6413492835,"elevation":1433.5149296006475,"region":"SE","year":2018},"type":"Feature"},{"geometry":{"coordinates":[[[-30.487475950020333,69.07581398879451],[-30.486713419881788,69.0753502351922],[-30.48646370634558,69.07493559137025],[-30.486218494356997,69.07452087731707],[-30.486481433351067,69.07415527143382],[-30.485322149500785,69.074244403662],[-30.48416279296274,69.07433364164507],[-30.483132773619868,69.07423546488624],[-30.481973417960287,69.07432468521661],[-30.48068013321125,69.07459671155567],[-30.479650269499903,69.07450305268559],[-30.47938702606743,69.07486868704085],[-30.479119489600862,69.07523881884933],[-30.479369072149296,69.07565347710408],[-30.48012735225671,69.07611279449678],[-30.480889760349708,69.0765765848475],[-30.481139588314004,69.07699120055733],[-30.48138472876761,69.07740592529602],[-30.48112168284648,69.0777759921986],[-30.481879729312347,69.0782352644599],[-30.481616611531045,69.0786054476987],[-30.482642239269186,69.07869904546473],[-30.483288684728233,69.07856084858423],[-30.48355621099507,69.0781951754178],[-30.483823861852734,69.07782957744215],[-30.483061351861103,69.07736580316573],[-30.48384167900278,69.07704478645798],[-30.485134875337884,69.07677276920035],[-30.486428047588678,69.0765007406906],[-30.487208308966864,69.07617970682384],[-30.487475950020333,69.07581398879451]]],"type":"Polygon"},"id":"0000000000000000006f","properties":{"area":94723.55198790049,"elevation":1516.05761596915,"region":"SE","year":2018},"type":"Feature"},{"geometry":{"coordinates":[[[-30.4053659753842,69.0936816819926],[-30.404469647510346,69.0934007248682],[-30.404202127128798,69.09376641689462],[-30.40393465994009,69.09413646153632],[-30.402641467455368,69.0944084880658],[-30.401343823714356,69.09468045563433],[-30.40004628873811,69.09495248739701],[-30.39875303217639,69.0952200122431],[-30.397968208347727,69.09554106949948],[-30.397700768804047,69.09590671228423],[-30.397950523804276,69.09632145066993],[-30.397678436078515,69.09669155342026],[-30.397410977598746,69.09705719636952],[-30.397660604308737,69.09747186022904],[-30.397393126994665,69.09784197149072],[-30.39815109039834,69.09830128184778],[-30.399181366255785,69.09839937835453],[-30.39982765627902,69.09826112973427],[-30.400608250597504,69.0979445561586],[-30.401392926478287,69.09762352249672],[-30.40166053682836,69.0972578330183],[-30.401927944373657,69.0968877149056],[-30.402195670499317,69.09652210045427],[-30.401950263857366,69.0961074179685],[-30.402730769755273,69.09578636692524],[-30.403515543330364,69.09546975201432],[-30.403265694266477,69.09505502479303],[-30.403533384946407,69.09468494125476],[-30.404318112274222,69.09436832291556],[-30.405098533304027,69.09404726068307],[-30.4053659753842,69.0936816819926]]],"type":"Polygon"},"id":"00000000000000000070","properties":{"area":72968.86062220621,"elevation":1522.464845477324,"region":"SE","year":2018},"type":"Feature"},{"geometry":{"coordinates":[[[-29.949868886687675,69.21340401042083],[-29.947603594122,69.21200836744892],[-29.944268093238662,69.2112993305487],[-29.941628468365074,69.20966733331908],[-29.942083144854514,69.20833853305339],[-29.938471302043325,69.20799073654283],[-29.935693376627725,69.20654594254988],[-29.93236234125668,69.20583691582301],[-29.93222419426668,69.20601979152103],[-29.93021766845842,69.20720145387737],[-29.931310089929998,69.20868189401796],[-29.927243226761874,69.20967175727111],[-29.927301371079555,69.21104967335388],[-29.92426462945543,69.21213763190968],[-29.922775215543954,69.21336835467588],[-29.923867792653837,69.21484878544152],[-29.922891361723188,69.2161330314765],[-29.922953639834667,69.21751537844787],[-29.920946992930798,69.21870144656577],[-29.92287337624714,69.21908049732536],[-29.926485267324097,69.21942829311241],[-29.930792884256856,69.21885754612276],[-29.93523838815037,69.21809947616725],[-29.93926959661905,69.21789439582379],[-29.943162213201592,69.21787652424636],[-29.94437063895888,69.21700699364074],[-29.94637729899947,69.21582535004447],[-29.947349554509234,69.21454112366268],[-29.949868886687675,69.21340401042083]]],"type":"Polygon"},"id":"00000000000000000071","properties":{"area":1024859.2732487061,"elevation":1646.3180886838752,"region":"SE","year":2018},"type":"Feature"},{"geometry":{"coordinates":[[[-29.980498328400312,69.20728612782548],[-29.979740252219013,69.20682243165048],[-29.978848438013596,69.20654148028933],[-29.978572002208725,69.20690716248141],[-29.97829562887869,69.20727272954652],[-29.978019175328658,69.2076384111698],[-29.977738182331468,69.20800850120199],[-29.97643169680708,69.20827609422727],[-29.976155202925444,69.20864177315343],[-29.974844230163296,69.20890929199304],[-29.97405040167611,69.20922584689832],[-29.973261330040973,69.20954249550003],[-29.971950196071745,69.20981445853458],[-29.970639260792286,69.2100820167329],[-29.970880045745357,69.21049670641484],[-29.97163372552454,69.21096046687559],[-29.970839923364835,69.2112770820578],[-29.970046213800316,69.21159812360384],[-29.970804217219708,69.21206187358538],[-29.970527794815712,69.21242750585508],[-29.9716961829594,69.212342760202],[-29.971459677274684,69.21192805627956],[-29.97224898284706,69.21161149141892],[-29.973559993790467,69.2113439173434],[-29.974353656627446,69.21102285720829],[-29.975147544692078,69.21070629934975],[-29.9759410779831,69.2103897004752],[-29.97673492713119,69.21007313459607],[-29.977011431728638,69.20970745390345],[-29.977287814000405,69.20933734258426],[-29.978594485527474,69.20906981682782],[-29.97887074652962,69.20870417236785],[-29.979151846201166,69.20833851029552],[-29.979940945556066,69.20802190719597],[-29.980217597702556,69.2076518287075],[-29.980498328400312,69.20728612782548]]],"type":"Polygon"},"id":"00000000000000000072","properties":{"area":76603.81122470647,"elevation":1640.6469207660534,"region":"SE","year":2018},"type":"Feature"},{"geometry":{"coordinates":[[[-30.297246128487252,69.1414564339242],[-30.29583711238341,69.14112645092212],[-30.294427939205892,69.14079649310412],[-30.293286426841604,69.1401053566901],[-30.291877360223005,69.13977537308568],[-30.290740307767436,69.13907972282968],[-30.289598820958776,69.13838412721901],[-30.288461703580243,69.13768849779274],[-30.287320152140676,69.13699292293599],[-30.286183172251732,69.13629727499428],[-30.28504159548286,69.13560607425549],[-30.283904550478667,69.13491044713638],[-30.282767371749266,69.134214850113],[-30.281625962066908,69.13351926813871],[-30.28035075471041,69.1330064804781],[-30.279944811082945,69.13355938355173],[-30.280056316345455,69.13415695316678],[-30.281193402748542,69.13485257259714],[-30.282334857819343,69.13554815847142],[-30.283472081709622,69.13624375938394],[-30.284613502651396,69.13693489766486],[-30.285750661430658,69.13763051939458],[-30.286887686470585,69.13832617122343],[-30.28816293086,69.13883897756608],[-30.289438234557885,69.13935177222939],[-30.290579759396714,69.14004736939543],[-30.29198884664723,69.14037289752022],[-30.293264125616748,69.14088569649175],[-30.29453946389774,69.14139848378399],[-30.29608231014505,69.14154119214429],[-30.297246128487252,69.1414564339242]]],"type":"Polygon"},"id":"00000000000000000073","properties":{"area":86565.5427257973,"elevation":1562.8611957111268,"region":"SE","year":2018},"type":"Feature"},{"geometry":{"coordinates":[[[-30.33296362422909,69.13929820913684],[-30.331438557074783,69.13837077544505],[-30.330814342065,69.13772419578468],[-30.328214593700665,69.13826817258862],[-30.325614904133257,69.1388077113672],[-30.323015228140537,69.1393517486487],[-30.3213608865414,69.13860709760687],[-30.319840471522504,69.13767954945992],[-30.31818613107959,69.13693936836556],[-30.317914048388527,69.13730506980207],[-30.318404522829162,69.13813439220064],[-30.316322248606767,69.13872298848106],[-30.314235356257118,69.1393160891187],[-30.311635756123746,69.1398556072376],[-30.309035964473818,69.14039966328639],[-30.306436304800478,69.14093916631062],[-30.303832353652215,69.14148319288725],[-30.305513283445542,69.14144306354603],[-30.308112905388363,69.14089903210977],[-30.31057884051869,69.14054233038561],[-30.312777159358955,69.14055129273382],[-30.31537702381803,69.14001171353736],[-30.317298765662528,69.14038625483693],[-30.318819299528027,69.14131371694123],[-30.320883853845658,69.14150554664374],[-30.323077838895795,69.14151441502008],[-30.32413011441407,69.1408277434048],[-30.3262168752085,69.1402390824797],[-30.32881653605356,69.13969510135526],[-30.33141623284866,69.13915115047466],[-30.33296362422909,69.13929820913684]]],"type":"Polygon"},"id":"00000000000000000074","properties":{"area":182648.76292388886,"elevation":1562.7284481923039,"region":"SE","year":2018},"type":"Feature"},{"geometry":{"coordinates":[[[-30.228950501696367,69.18019263263437],[-30.228192548521758,69.17972887139923],[-30.22675235876049,69.18017928104035],[-30.224143679125515,69.1807233295158],[-30.221673185032472,69.18108000102531],[-30.21919846248705,69.18143672933839],[-30.217272248061413,69.18105768896127],[-30.21520757724815,69.18086598726252],[-30.213419386534813,69.18030411554913],[-30.211898870105944,69.17937663660909],[-30.211412841248293,69.17854278612911],[-30.20948658101935,69.17816818563035],[-30.20921460463845,69.1785339024314],[-30.208666210676103,69.17926963550478],[-30.208639418651774,69.18004992260848],[-30.208095407753824,69.18078570886362],[-30.209611400034984,69.1817131766913],[-30.211265768379544,69.18245788899738],[-30.21319651364661,69.18283247987911],[-30.215256635337404,69.18302866369804],[-30.217321290056024,69.18322040216475],[-30.219524015398285,69.1832337571738],[-30.221856033325395,69.18305987004179],[-30.22433091025826,69.1827030938291],[-30.226284021887793,69.18229731903659],[-30.227862521694423,69.18165968941436],[-30.228923760997844,69.18097303417079],[-30.228950501696367,69.18019263263437]]],"type":"Polygon"},"id":"00000000000000000075","properties":{"area":210748.57260460654,"elevation":1595.7284534649104,"region":"SE","year":2018},"type":"Feature"},{"geometry":{"coordinates":[[[-30.396358630340792,69.14441284981633],[-30.39597505023537,69.14418095866941],[-30.3954623382996,69.14413190603062],[-30.394944980806144,69.1440873113644],[-30.39443227478465,69.14403825500266],[-30.39378114267625,69.14417201828874],[-30.39313032982726,69.14431028291237],[-30.392996531569533,69.14449311219646],[-30.39286273116942,69.14467594141851],[-30.392211575916555,69.14480969799214],[-30.391560606476858,69.14494788039006],[-30.39142679278389,69.14513070852927],[-30.391810336979532,69.14536261242517],[-30.391676522420354,69.1455454408892],[-30.391025663647365,69.14568369677515],[-30.39037447400241,69.1458174456166],[-30.390240646149614,69.14600027299772],[-30.390107018543087,69.14618306083135],[-30.389973175463677,69.14637035625759],[-30.39035208327569,69.14660225583562],[-30.390735648580517,69.14682969466882],[-30.391114774025965,69.1470615526958],[-30.391498210707574,69.147293382085],[-30.391877149060846,69.14752527753473],[-30.392260734303264,69.14775718035806],[-30.392773511295243,69.14780624379422],[-30.393424423110343,69.14766797908169],[-30.39407565409221,69.14753421572534],[-30.394209464129702,69.14735138469293],[-30.394343069630683,69.14716859308977],[-30.394476885494495,69.14698129377048],[-30.3946106890765,69.14679846255306],[-30.395261556179047,69.14666465828064],[-30.395395352058024,69.14648182649034],[-30.395016390431717,69.14624994081387],[-30.394632930630422,69.14601812130576],[-30.394253984305603,69.14578623356547],[-30.39438778180635,69.14560340286575],[-30.39503432294899,69.14546515971759],[-30.395685284543124,69.14533142970664],[-30.395819068783986,69.14514859792813],[-30.395952860674804,69.14496129793832],[-30.39608664060246,69.14477846603694],[-30.396224854729038,69.1445956818455],[-30.396358630340792,69.14441284981633]]],"type":"Polygon"},"id":"00000000000000000076","properties":{"area":59372.17851875001,"elevation":1562.2219825002996,"region":"SE","year":2018},"type":"Feature"},{"geometry":{"coordinates":[[[-30.486637590113446,69.15041474988902],[-30.48587513139475,69.14995103904234],[-30.485108062276044,69.149487318651],[-30.48421169686604,69.14921082755889],[-30.483311042994007,69.14892989310158],[-30.482281004761354,69.14883629971943],[-30.48111718512656,69.1489254166654],[-30.47981962181988,69.14919743156028],[-30.47955207172204,69.14956305543572],[-30.479801765294592,69.14997774387366],[-30.47901708499772,69.15029884587449],[-30.477719430469456,69.1505708433735],[-30.47693457376963,69.1508918593277],[-30.47770149947413,69.1513511574772],[-30.478464155759927,69.1518149496551],[-30.47767926434736,69.15213597050344],[-30.476381631608685,69.15240803327818],[-30.47560133884328,69.15272904921112],[-30.475333682399572,69.15309466793245],[-30.475066150876653,69.15346036184752],[-30.47622993077733,69.1533756077653],[-30.4771261974051,69.15365207382908],[-30.4782945549602,69.15356295564523],[-30.479592238567857,69.153290874736],[-30.480889829049367,69.1530188975797],[-30.482187395268245,69.1527469091278],[-30.482972258905345,69.15242586388325],[-30.48375697603033,69.15210920727297],[-30.485054598184835,69.15183280160088],[-30.48532209800173,69.15146716720847],[-30.485589791593096,69.15110149294878],[-30.48585282831696,69.15073134509217],[-30.486637590113446,69.15041474988902]]],"type":"Polygon"},"id":"00000000000000000077","properties":{"area":132794.26187779583,"elevation":1717.80165378296,"region":"SE","year":2018},"type":"Feature"},{"geometry":{"coordinates":[[[-26.979460896492142,69.8269941523649],[-26.978399659524854,69.82627177133278],[-26.976995096282,69.8259150520203],[-26.975759850248732,69.82537554117114],[-26.97401635609725,69.82537997310065],[-26.97261172891514,69.8250232459545],[-26.970868195930134,69.82502775432152],[-26.96895071218809,69.82521053091784],[-26.967037986550963,69.82539784447587],[-26.96528988122654,69.82540225072705],[-26.96495103694728,69.82576345319927],[-26.96286416085287,69.82612911239286],[-26.96077723463556,69.82649474339271],[-26.96026445662874,69.82703874023906],[-26.962008070551178,69.82703435343987],[-26.96306925813575,69.82775667416266],[-26.9643044724654,69.82829625769818],[-26.966391261691648,69.82792616564865],[-26.968304271593276,69.8277433023388],[-26.969370019972963,69.8284612027695],[-26.970944057552607,69.82863955162026],[-26.973030809074267,69.82827392635545],[-26.975117845523005,69.82790831673415],[-26.977204637955165,69.8275381552999],[-26.978948108560584,69.82753371888485],[-26.979460896492142,69.8269941523649]]],"type":"Polygon"},"id":"00000000000000000078","properties":{"area":188701.20717032414,"elevation":1014.0213958614404,"region":"SE","year":2018},"type":"Feature"},{"geometry":{"coordinates":[[[-30.178669885726126,69.2232898791894],[-30.1774970124537,69.22337907068616],[-30.176466943313024,69.22328100615087],[-30.175432439129107,69.2231828797363],[-30.174259625234683,69.22326757597482],[-30.173363467380312,69.22298660435719],[-30.172057056059227,69.22325867202562],[-30.170750338078378,69.22352622274998],[-30.169439430960818,69.22379821298786],[-30.16840940573967,69.2237000906438],[-30.167508598598598,69.22341918133667],[-30.16661246552484,69.22313828174416],[-30.166857614220262,69.22355298351032],[-30.16658100152847,69.22392306074688],[-30.167481813297325,69.2242039759061],[-30.168378131019335,69.2244849455525],[-30.16941276168098,69.22457853848088],[-30.17044283238516,69.22467665324412],[-30.17134352628002,69.22495758280225],[-30.172511772321766,69.22487289370433],[-30.173684585920796,69.22478366579912],[-30.17499094827785,69.2245161660769],[-30.176297542759997,69.224244146757],[-30.177086619250993,69.22392750872844],[-30.177880459703566,69.22361095761667],[-30.178669885726126,69.2232898791894]]],"type":"Polygon"},"id":"00000000000000000079","properties":{"area":57566.17766588918,"elevation":1637.4602355015427,"region":"SE","year":2018},"type":"Feature"},{"geometry":{"coordinates":[[[-30.36835988739445,69.16985646464283],[-30.366946352714994,69.16953095320561],[-30.365622047446642,69.17058334229381],[-30.36171591548478,69.1713992765459],[-30.357947981971673,69.17202803626694],[-30.355120970290162,69.17137255406531],[-30.352833344336037,69.169981324153],[-30.349877043388254,69.16951313123575],[-30.348820095601113,69.17019977712206],[-30.348008675857386,69.17130122625079],[-30.34668418304924,69.17235352620258],[-30.342777903727207,69.17316509787612],[-30.339549744099337,69.17306256872334],[-30.337262118317355,69.1716713522022],[-30.335603277248946,69.17093108187606],[-30.335335713924163,69.17129672709245],[-30.33607170198235,69.17254084604755],[-30.337462747192145,69.17365119313295],[-30.340423610153845,69.17412385267666],[-30.34365190652364,69.17423082898691],[-30.347558163385568,69.1734148019068],[-30.35146444885659,69.17260329209817],[-30.354830951832668,69.17252299185041],[-30.358193093507786,69.17244275469561],[-30.361426023192067,69.17254529499255],[-30.365193923387256,69.17191655884528],[-30.367035485426165,69.1709087910713],[-30.36835988739445,69.16985646464283]]],"type":"Polygon"},"id":"0000000000000000007a","properties":{"area":226158.14565517582,"elevation":1601.1361386138615,"region":"SE","year":2018},"type":"Feature"},{"geometry":{"coordinates":[[[-29.925718369761412,69.25985005117201],[-29.924724033679535,69.25897162531203],[-29.92372953669236,69.25808868581544],[-29.923769763772118,69.25730838565121],[-29.923154414635803,69.2566573139959],[-29.920947226800997,69.25664397312092],[-29.91929723731901,69.25589480152668],[-29.920291673913866,69.25677773378638],[-29.920768641548495,69.2576115442568],[-29.92124587407303,69.25844095985535],[-29.922757401052916,69.25937291378821],[-29.923751876309325,69.26025131536703],[-29.923194374076193,69.26098709525299],[-29.92263714104548,69.26171836550925],[-29.921562384666878,69.26240514515666],[-29.919453233312815,69.26298924879991],[-29.918378640806907,69.26367149899708],[-29.9188513319823,69.26450533454629],[-29.919328474699615,69.26533468550014],[-29.920840123116268,69.2662667005465],[-29.921776361583213,69.2657672730996],[-29.92233393255784,69.26503596281674],[-29.923925753012643,69.26439831890265],[-29.924483224782332,69.2636670025345],[-29.92348869135913,69.26278413536046],[-29.924046132278534,69.26205282218162],[-29.924603434584718,69.26131707707556],[-29.925160935705943,69.26058583749636],[-29.925718369761412,69.25985005117201]]],"type":"Polygon"},"id":"0000000000000000007b","properties":{"area":124651.17211120886,"elevation":1676.5755690654596,"region":"SE","year":2018},"type":"Feature"},{"geometry":{"coordinates":[[[-30.41905091921016,69.13141899024679],[-30.418556088877402,69.13058960634291],[-30.418578349731767,69.12980931792201],[-30.417815851876924,69.12934555336611],[-30.415622067789926,69.12933663253392],[-30.41356185506321,69.1291448358702],[-30.410966662559442,69.12968888186133],[-30.409040343095874,69.12931433067742],[-30.406980162277343,69.12912255385163],[-30.404518767196844,69.12948379875778],[-30.401919242999387,69.13002778761022],[-30.40165161949717,69.13039341696351],[-30.401116471366457,69.13112921850936],[-30.401094172054236,69.13190950865697],[-30.403020589052396,69.1322840516652],[-30.40548187570899,69.13192737468073],[-30.407675761902603,69.13193178928],[-30.40986979151082,69.13194071387464],[-30.41192971934068,69.1321324501976],[-30.41372234886402,69.13268988305485],[-30.415247463929123,69.13361733947391],[-30.4157422252074,69.13444673832211],[-30.416906201018932,69.13435757972391],[-30.41744110672855,69.13362179693286],[-30.41798074251309,69.13289056430378],[-30.41851578151223,69.13215474001557],[-30.41905091921016,69.13141899024679]]],"type":"Polygon"},"id":"0000000000000000007c","properties":{"area":237941.93681166082,"elevation":1544.9903602232382,"region":"SE","year":2018},"type":"Feature"},{"geometry":{"coordinates":[[[-30.36333443091056,69.14291009745413],[-30.36165337694282,69.14295025354167],[-30.360846469715593,69.14405166687388],[-30.358492002683075,69.14501036106891],[-30.354590338905684,69.14582637289925],[-30.35069304403055,69.14663793909348],[-30.34800417868693,69.14579965132843],[-30.346238372071642,69.1444573917239],[-30.34652817748147,69.1433069315345],[-30.346305309871006,69.14211194104698],[-30.347116740553002,69.14101054235842],[-30.3474066470728,69.13986004652526],[-30.34976100932333,69.13890142558935],[-30.347834706931106,69.13852677558813],[-30.34393748071051,69.13933833729621],[-30.341582949419532,69.14029705702187],[-30.34180588474666,69.14149655974809],[-30.34305886252301,69.14278970910998],[-30.34379468464248,69.14403382943904],[-30.344530445567518,69.14527787129397],[-30.34578353828444,69.14657550606526],[-30.348606211494868,69.14722653907951],[-30.352102181775066,69.14696791481133],[-30.355731829919744,69.1465175503886],[-30.359365804148766,69.14607161319879],[-30.36068585434511,69.14501930449529],[-30.36201009149308,69.14396695958293],[-30.36333443091056,69.14291009745413]]],"type":"Polygon"},"id":"0000000000000000007d","properties":{"area":192619.6631333136,"elevation":1556.0300508720936,"region":"SE","year":2018},"type":"Feature"},{"geometry":{"coordinates":[[[-30.4658001055448,69.06714550737222],[-30.465037705513904,69.06668175367832],[-30.462567249673057,69.06782330570212],[-30.458438171143563,69.06822465693222],[-30.456364864403124,69.06881771741],[-30.452864364289642,69.06986558084061],[-30.449265831221958,69.06953111906844],[-30.447121027344828,69.0679570777141],[-30.4480528799156,69.06667285589232],[-30.44847204956933,69.06533961023052],[-30.447330553630582,69.06464842566703],[-30.44346897220349,69.06467965504586],[-30.44307220117991,69.06523257979254],[-30.44213587153507,69.06651679835943],[-30.443259450502698,69.06799277188709],[-30.444378739574823,69.06946869115563],[-30.44652789034609,69.07103835577554],[-30.447134458232433,69.0724696581913],[-30.450995997223792,69.07243400895783],[-30.454326933259566,69.0731340835763],[-30.4577871562127,69.07365135602741],[-30.46113594252312,69.07357106568367],[-30.462072430925588,69.07228686777741],[-30.461974335196405,69.07090455929304],[-30.461367890436403,69.06947760233052],[-30.46229988903315,69.06818897329794],[-30.4658001055448,69.06714550737222]]],"type":"Polygon"},"id":"0000000000000000007e","properties":{"area":388411.8854240433,"elevation":1513.938747481319,"region":"SE","year":2018},"type":"Feature"},{"geometry":{"coordinates":[[[-30.371976155329936,69.09429697512238],[-30.369269620577093,69.09423899054939],[-30.365381161222583,69.09505507830023],[-30.362027944711933,69.09513532124349],[-30.358808621578817,69.09502830697463],[-30.35532157003046,69.09529141001099],[-30.351433175167816,69.09610743002908],[-30.348079917836532,69.09618765439198],[-30.34445906109027,69.09663354112422],[-30.341373464080114,69.09634370598039],[-30.337886494344318,69.09660684622364],[-30.334934553928957,69.09613418058855],[-30.33131361690083,69.09658004337442],[-30.333748389586564,69.09700368687818],[-30.336967936130918,69.09711068786949],[-30.340053417838963,69.09739607403608],[-30.343540638487006,69.0971329552838],[-30.346893708660932,69.09705715220458],[-30.350247078825745,69.09697695402997],[-30.353734108466465,69.0967138192996],[-30.35735478067685,69.09626792997007],[-30.36084177585774,69.0960048151417],[-30.364195105200068,69.09592459838875],[-30.36741457712899,69.09602713702272],[-30.37065637500043,69.09534930635749],[-30.371976155329936,69.09429697512238]]],"type":"Polygon"},"id":"0000000000000000007f","properties":{"area":172677.86271476047,"elevation":1508.1483600558845,"region":"SE","year":2018},"type":"Feature"},{"geometry":{"coordinates":[[[-30.44659043467993,69.08378688575613],[-30.44609548165223,69.08295752832414],[-30.44611777650716,69.0821727008505],[-30.44510983141717,69.0812987050483],[-30.443584990065784,69.08037118830774],[-30.441930593380317,69.07963102855638],[-30.43947817580554,69.07999218887666],[-30.437422491362824,69.07980046456011],[-30.435232903696665,69.07979152460426],[-30.433043667180396,69.07978705480087],[-30.430586612605012,69.08014378012409],[-30.428263508303093,69.08032212359244],[-30.42567723018258,69.0808662012213],[-30.425409708160682,69.081231810397],[-30.422818997327226,69.08177586739028],[-30.421770926094197,69.08246254569684],[-30.42226163313056,69.08329194257516],[-30.422890196038715,69.08393850841549],[-30.424544652201178,69.08467870145205],[-30.4266002927874,69.08487045714787],[-30.428388245806588,69.08542783911213],[-30.43031011649449,69.08580242593271],[-30.43236573759423,69.08599413693528],[-30.43468899473585,69.08582026633295],[-30.4368784617075,69.08582466852368],[-30.43906787645104,69.08583361998214],[-30.44152486406522,69.08547239209031],[-30.44295168396117,69.08501762305337],[-30.444516865567266,69.08437994873593],[-30.44659043467993,69.08378688575613]]],"type":"Polygon"},"id":"00000000000000000080","properties":{"area":535256.0521420457,"elevation":1517.5332447968,"region":"SE","year":2018},"type":"Feature"},{"geometry":{"coordinates":[[[-29.983954209837997,69.27011490430404],[-29.979129417614207,69.26769359882219],[-29.97458559386043,69.26490217162869],[-29.96921225546927,69.26321218676557],[-29.964115615442882,69.26115215227887],[-29.96136448578146,69.2589270113534],[-29.95521969043512,69.25971625723766],[-29.947902341220225,69.26059023035597],[-29.947345066196604,69.26132598171478],[-29.94360379735087,69.26332817040755],[-29.940384364525606,69.26537934093888],[-29.938194969102714,69.26752861104347],[-29.936522731758576,69.26973142326142],[-29.935367841507606,69.27197877909636],[-29.93421736929506,69.274226156359],[-29.93357969867518,69.27652708430304],[-29.933976568061045,69.27892611371699],[-29.93883704298799,69.28056702476684],[-29.944910314908476,69.28134287114312],[-29.951679189329152,69.28120018484888],[-29.958452584765077,69.28105754929555],[-29.964744272002402,69.28008541766006],[-29.971589110823036,69.27837763803987],[-29.976881972643977,69.27652258839034],[-29.980618804232996,69.27451598281046],[-29.983838115675276,69.27246483489654],[-29.983954209837997,69.27011490430404]]],"type":"Polygon"},"id":"00000000000000000081","properties":{"area":974545.527414782,"elevation":1679.4399030188013,"region":"SE","year":2018},"type":"Feature"},{"geometry":{"coordinates":[[[-29.876989174172227,69.29393539201342],[-29.876556748601576,69.29232117312891],[-29.875085123310836,69.29060444757098],[-29.87568721700102,69.28908839621718],[-29.874737320671407,69.28742513264666],[-29.87336414638247,69.28631034186351],[-29.873042877950784,69.28746079648384],[-29.870889099225053,69.28882526454245],[-29.868730980688365,69.2901942247214],[-29.86761174910358,69.29166129498843],[-29.86597532335203,69.29307481222597],[-29.866407853213282,69.29469346318388],[-29.865805877247453,69.29620952895765],[-29.86468214299283,69.29767209453205],[-29.86356294244612,69.29913922616981],[-29.86243934525321,69.30060625026688],[-29.861837266427184,69.30212235054161],[-29.861752546008564,69.30368742985792],[-29.862702421167338,69.3053507310775],[-29.866430224353515,69.30630052827225],[-29.870099841314214,69.3058634933626],[-29.872775368546105,69.3045436092072],[-29.874411888239273,69.30313007191899],[-29.875013891067347,69.301614001708],[-29.875620335523287,69.30009788089089],[-29.875183410885896,69.29848369955012],[-29.875268044001277,69.29691412120121],[-29.87535274737353,69.29534897641675],[-29.876989174172227,69.29393539201342]]],"type":"Polygon"},"id":"00000000000000000082","properties":{"area":827230.50582893,"elevation":1693.4241386670474,"region":"SE","year":2018},"type":"Feature"},{"geometry":{"coordinates":[[[-30.03331206888136,69.29366340953086],[-30.03292854894617,69.29343154133771],[-30.032032248787818,69.29315063712882],[-30.03127424754098,69.2926868952158],[-30.03051169733383,69.29221865988686],[-30.0297535538454,69.29175494873321],[-30.029512910286385,69.29134018456084],[-30.030828373227756,69.29107267047661],[-30.031104779446427,69.29070257734881],[-30.0324157380736,69.29043499090008],[-30.033213741211327,69.29011840062455],[-30.03203673430462,69.29020317906144],[-30.031002175608165,69.29010502394051],[-30.029686768916278,69.29037253867997],[-30.02837571312354,69.29064457025889],[-30.02706039055763,69.2909121378411],[-30.026783800577252,69.29127779353709],[-30.025468431211134,69.29154534744593],[-30.024674669896452,69.29186642574581],[-30.02439823651041,69.29223203880514],[-30.02411726525271,69.29259770750235],[-30.023840813982886,69.29296331996977],[-30.023564403193443,69.29333347760272],[-30.024741430495745,69.29324868975522],[-30.025914344383523,69.29315951572725],[-30.026672361863817,69.29362771759551],[-30.027434950723958,69.29409150461791],[-30.028331216388032,69.29437243780653],[-30.02964672732461,69.29410485561066],[-30.030957684838434,69.29383731802412],[-30.032134751279113,69.29374811529851],[-30.033031074874064,69.29402901875626],[-30.03331206888136,69.29366340953086]]],"type":"Polygon"},"id":"00000000000000000083","properties":{"area":92015.22886753062,"elevation":1707.599075297226,"region":"SE","year":2018},"type":"Feature"},{"geometry":{"coordinates":[[[-30.39960047181424,69.20472219485545],[-30.39948435697663,69.20412468225315],[-30.397937218218463,69.20398194121908],[-30.39651900380723,69.20365644544576],[-30.39496742309909,69.20350927093078],[-30.39382134000067,69.20281814444509],[-30.392002007689026,69.20304109394029],[-30.390588417063263,69.20271111777184],[-30.388631087791087,69.20312136084164],[-30.38694553233345,69.20316148453082],[-30.38499238376859,69.20356729844514],[-30.383039383603297,69.20397304733432],[-30.38135372069112,69.20401322140842],[-30.381215530176775,69.20420047395761],[-30.381465113970265,69.20461513480568],[-30.382878860865894,69.20494069346964],[-30.3842966172899,69.20527064281762],[-30.385848474775475,69.20541330910063],[-30.387395841977412,69.20555602555883],[-30.38921956481632,69.20533302770771],[-30.390499418175928,69.20584142808802],[-30.391912852409096,69.20617136806126],[-30.393598439153156,69.20613122314423],[-30.39501654069891,69.20645678681677],[-30.39670195736933,69.20641664486602],[-30.398387377985056,69.206376483248],[-30.399305987864043,69.20587259210237],[-30.399194528618814,69.20527508652916],[-30.39960047181424,69.20472219485545]]],"type":"Polygon"},"id":"00000000000000000084","properties":{"area":189900.32671260726,"elevation":1642.6650170584473,"region":"SE","year":2018},"type":"Feature"},{"geometry":{"coordinates":[[[-29.90031936269428,69.31071502111104],[-29.900020615164763,69.30891796655003],[-29.899726356468225,69.30712097675644],[-29.896796586180848,69.30585457958536],[-29.89310891081417,69.30412894212478],[-29.89074116176658,69.30213123945671],[-29.888993191699008,69.30078457846224],[-29.890085561013922,69.30226503514007],[-29.889862716372843,69.30401293731752],[-29.889639752584557,69.30576095738434],[-29.892707697466957,69.3068445233819],[-29.897090842485422,69.30765608297264],[-29.898424232618297,69.30955114353517],[-29.898201258477098,69.311299180987],[-29.894353091770743,69.31270377280923],[-29.88940336521227,69.31262351392022],[-29.884877516603595,69.31199474915728],[-29.881194176684602,69.31026466061643],[-29.87860348644233,69.31001935008523],[-29.876824261632287,69.31162024249628],[-29.87895127330492,69.31319871817882],[-29.883339097489976,69.31401029634742],[-29.888003245088985,69.31445616825259],[-29.89267182714717,69.31490210461614],[-29.897799870978073,69.31401479159747],[-29.899057310744087,69.31236485947795],[-29.90031936269428,69.31071502111104]]],"type":"Polygon"},"id":"00000000000000000085","properties":{"area":371233.8543965975,"elevation":1693.9668376464665,"region":"SE","year":2018},"type":"Feature"},{"geometry":{"coordinates":[[[-27.09584793801326,69.84581610166924],[-27.09478226833732,69.8450981738965],[-27.093711986536732,69.8443757596751],[-27.09352933164481,69.84395661972158],[-27.092289493201488,69.8434170787871],[-27.091223843197536,69.84269915837037],[-27.0901581703397,69.84197678504088],[-27.089087859563804,69.84125884936464],[-27.08907454293202,69.84065689352013],[-27.087496105390407,69.84048299829821],[-27.08574802332896,69.84048740388606],[-27.085935308037122,69.84090655384003],[-27.08647936955545,69.84156656940186],[-27.084392454379657,69.84193660898296],[-27.084932111973423,69.84259656186366],[-27.08547605233929,69.84325650276908],[-27.08496343741701,69.84380055545306],[-27.085507282897435,69.8444649757813],[-27.08516402060838,69.84482610966218],[-27.087250865503055,69.84445601208571],[-27.08933753966949,69.84409036596674],[-27.090916039031015,69.84426427354678],[-27.091981837653154,69.8449866403704],[-27.093390987670574,69.84534336866139],[-27.094456617885736,69.84606130682485],[-27.09584793801326,69.84581610166924]]],"type":"Polygon"},"id":"00000000000000000086","properties":{"area":108673.70726187523,"elevation":1000.9935067064574,"region":"SE","year":2018},"type":"Feature"},{"geometry":{"coordinates":[[[-30.498926897660162,69.189574635964],[-30.498427415382427,69.18874525827296],[-30.49662599158953,69.18818783030947],[-30.495096514002704,69.18726036448426],[-30.493428706609492,69.1865201589404],[-30.490829203812062,69.18706412667578],[-30.488358743198013,69.18742534918992],[-30.48682927772772,69.18650233928271],[-30.484626467675415,69.18649333651905],[-30.48202690863634,69.18703733789764],[-30.48303919456691,69.18791581817409],[-30.48457289676493,69.18884330820349],[-30.486102403904408,69.18976634379194],[-30.48711906985898,69.19064480398116],[-30.487101276863353,69.19142515140648],[-30.48604893685613,69.19211632299752],[-30.486031102572067,69.19289667199538],[-30.486530608773215,69.193726021363],[-30.48599542845185,69.19446184026305],[-30.487792485949637,69.19501916733645],[-30.48999523468393,69.19502808043765],[-30.492331870381452,69.19484967645101],[-30.494146780024096,69.19462229571907],[-30.495199173687023,69.19393560800434],[-30.496251508196153,69.19324891382588],[-30.49730378355611,69.19256221318456],[-30.49835599977158,69.19187550608122],[-30.498373956617012,69.19109068918587],[-30.49839171539296,69.19031038078556],[-30.498926897660162,69.189574635964]]],"type":"Polygon"},"id":"00000000000000000087","properties":{"area":418324.58605182474,"elevation":1673.6658341102914,"region":"SE","year":2018},"type":"Feature"},{"geometry":{"coordinates":[[[-30.076159539092576,69.27806098710967],[-30.0755352196863,69.2774144083211],[-30.075949904048972,69.27686599517196],[-30.075847326327004,69.27626402090839],[-30.07522758462978,69.27561738380238],[-30.074085999839618,69.2749218187457],[-30.073983473289335,69.27431984369085],[-30.074398200490702,69.27377132205207],[-30.07480825097856,69.27321842689673],[-30.074567676898592,69.27280371143438],[-30.072601110736848,69.27320951250938],[-30.07166911230551,69.2737089224061],[-30.0702198875629,69.27416376048406],[-30.07032239063431,69.27476126984605],[-30.06990775870363,69.27530974261337],[-30.0700103854243,69.27591168329255],[-30.069078360580736,69.27641115561138],[-30.068663798042465,69.27696405679093],[-30.06980529395127,69.27765966685627],[-30.070942332470306,69.27835532496096],[-30.072083893477,69.2790553858485],[-30.07166921374731,69.2796038664837],[-30.072569925340872,69.27988480889114],[-30.07336361247938,69.27956817885742],[-30.075329967290223,69.27916239999857],[-30.07574489503108,69.27861394697176],[-30.076159539092576,69.27806098710967]]],"type":"Polygon"},"id":"00000000000000000088","properties":{"area":137342.92781697257,"elevation":1689.2121204283283,"region":"SE","year":2018},"type":"Feature"},{"geometry":{"coordinates":[[[-30.287284514103476,69.24464008637584],[-30.285781779336926,69.24293220131052],[-30.285318086719762,69.2413180656067],[-30.283302603704236,69.23955663153522],[-30.280765406918725,69.23775077025225],[-30.2792670636807,69.23604295202448],[-30.277247180118348,69.23428600763701],[-30.27523167434384,69.23252469588046],[-30.271909631219305,69.23103980158906],[-30.267905200157088,69.23046901979163],[-30.263905395173115,69.22989829146863],[-30.259085310970086,69.2304289001246],[-30.25933032442611,69.23084359044722],[-30.25669062115902,69.23216799150583],[-30.257154436392057,69.23378210161468],[-30.256066329066464,69.23525362299932],[-30.25600827439241,69.23681878214524],[-30.25698944623092,69.23847756713835],[-30.26003943605274,69.2403325855803],[-30.263227654132507,69.24200474037107],[-30.26682629537178,69.24312397003868],[-30.27028643230361,69.24443050108843],[-30.273880379969754,69.24554969454033],[-30.277751033595308,69.24630328306125],[-30.282299356435438,69.24613828505929],[-30.286713736664648,69.24615617134742],[-30.287284514103476,69.24464008637584]]],"type":"Polygon"},"id":"00000000000000000089","properties":{"area":950975.1239610403,"elevation":1651.7804085074952,"region":"SE","year":2018},"type":"Feature"},{"geometry":{"coordinates":[[[-29.746694274229963,69.35698709786028],[-29.74631973794839,69.35675518795287],[-29.745940671826055,69.35652332442521],[-29.745561750839002,69.35628698959329],[-29.74518716464789,69.35605519141001],[-29.744665436025585,69.3560060798231],[-29.744005615366834,69.35613986437905],[-29.74334558381033,69.35627368465862],[-29.742823857627734,69.35622456645477],[-29.74230653213054,69.3561710821787],[-29.741784944154873,69.35612203633895],[-29.74126769177449,69.35607297997669],[-29.740607652938465,69.35620678796344],[-29.739947812894588,69.35634055444494],[-29.73942603231912,69.3562869922861],[-29.73890878557582,69.35623792749524],[-29.73824440160313,69.35637173352889],[-29.7375843440416,69.35650552811389],[-29.73744173299277,69.35668835302103],[-29.737303452200926,69.35687116933804],[-29.73663904457597,69.35700496842853],[-29.736500755803526,69.35718778413246],[-29.736358132154592,69.3573706082427],[-29.736215506203123,69.35755343227075],[-29.73659454463655,69.35778975405333],[-29.736969060517904,69.35802157546915],[-29.736830767298738,69.3582043917021],[-29.73668813901065,69.35838721635346],[-29.73720542383894,69.35843628864251],[-29.737727044622,69.35848535054049],[-29.7382444016644,69.35853885076526],[-29.738766028778635,69.35858790888143],[-29.739283326103763,69.35863697367054],[-29.739804959451288,69.35868602800606],[-29.740322329378202,69.35873952072589],[-29.740982236975512,69.35860575145811],[-29.741646676303333,69.3584719320428],[-29.74230670366152,69.35833823311636],[-29.74282387751375,69.35838720910849],[-29.743345651170053,69.35843632683455],[-29.743483898490744,69.35825350494964],[-29.743626476447265,69.35807067429084],[-29.7442863537585,69.35793689053932],[-29.744950894609328,69.35780313268315],[-29.745610827215557,69.35767377478722],[-29.74627081837083,69.35754005847821],[-29.74641337112856,69.35735722551688],[-29.74655605882782,69.35716992219623],[-29.746694274229963,69.35698709786028]]],"type":"Polygon"},"id":"0000000000000000008a","properties":{"area":87482.45897255771,"elevation":1797.9390442132644,"region":"SE","year":2018},"type":"Feature"},{"geometry":{"coordinates":[[[-30.15897835091192,69.27191187705321],[-30.154421153310118,69.27207239674281],[-30.15099657486872,69.26998114659382],[-30.14701911149392,69.26862550889771],[-30.14276945634471,69.26764009980661],[-30.13810985669541,69.26719864785161],[-30.134801164389522,69.26865678023738],[-30.132009754489435,69.27016388711235],[-30.129218333830536,69.27166662885718],[-30.12797856700379,69.27332097455302],[-30.126226136951527,69.27492179809195],[-30.124986582372262,69.27657165632684],[-30.124781525777337,69.27832408108245],[-30.124580945617577,69.28007209557921],[-30.12593190507184,69.28196720209657],[-30.128874918199326,69.28322467570538],[-30.13312450934841,69.28421461761266],[-30.137926791892802,69.28446872234731],[-30.143005954544396,69.28435726369128],[-30.148771408074428,69.28332723327954],[-30.152597303481443,69.28191814219964],[-30.15642778240602,69.28050900955427],[-30.15869735500947,69.27895726882066],[-30.158380800350056,69.27715580955586],[-30.157025373408217,69.27526070922843],[-30.154635134927513,69.27327191780884],[-30.15897835091192,69.27191187705321]]],"type":"Polygon"},"id":"0000000000000000008b","properties":{"area":994489.7149525117,"elevation":1679.0748062388484,"region":"SE","year":2018},"type":"Feature"},{"geometry":{"coordinates":[[[-29.983566164687286,69.31312735917221],[-29.983187293424248,69.31289552765804],[-29.982286555255,69.31261455711433],[-29.981528527555092,69.31215084912196],[-29.98048953934241,69.31205277379077],[-29.979312323612263,69.3121374809563],[-29.97903583718758,69.31250306082867],[-29.978237539334266,69.3128196785343],[-29.978995646246307,69.31328348049917],[-29.979236470429786,69.31370262058482],[-29.979477190339683,69.3141173295344],[-29.97920081228799,69.31448298660231],[-29.978402558298306,69.31480403741999],[-29.977087266334237,69.31507155541998],[-29.976289061329734,69.31538812559602],[-29.977047069289004,69.31585186248437],[-29.97794771549138,69.31613278986612],[-29.97926326638709,69.31586522424308],[-29.979539794599766,69.31549964229829],[-29.979820509794845,69.31513396848027],[-29.98061866824717,69.31481737958435],[-29.98141257035867,69.31449633260365],[-29.982727800286735,69.31422877643298],[-29.983008788696612,69.31386313463634],[-29.983285439863153,69.3134975082879],[-29.983566164687286,69.31312735917221]]],"type":"Polygon"},"id":"0000000000000000008c","properties":{"area":57566.17766588216,"elevation":1717.0525691452829,"region":"SE","year":2018},"type":"Feature"},{"geometry":{"coordinates":[[[-29.842043312241625,69.34685156921459],[-29.839590814741303,69.34641901367333],[-29.837133890887554,69.34598646597591],[-29.83411505315263,69.34628965881241],[-29.831800874948094,69.34567437675837],[-29.828924660998094,69.34579027491306],[-29.825905889579886,69.3460934886782],[-29.823310560342428,69.34584382564613],[-29.820996385521532,69.3452284450354],[-29.818258425285322,69.34516155039248],[-29.815244234343645,69.34546479882614],[-29.814298787124844,69.34596418435787],[-29.81307697876722,69.3468337563366],[-29.812372406803533,69.34774788406241],[-29.81218507863433,69.34871547610287],[-29.8120023198885,69.34967866417593],[-29.813893038069946,69.35084694426551],[-29.816207241432043,69.35146228491087],[-29.818521582850693,69.35207758755092],[-29.820693131838045,69.35287582883001],[-29.82329275392407,69.3531210142015],[-29.82603054453454,69.35318792062654],[-29.829049489348083,69.35288473147442],[-29.83206826701087,69.35258595067026],[-29.834329191550744,69.35181900789885],[-29.83503369365339,69.35090042208371],[-29.83729437713802,69.35013343742587],[-29.83955506067265,69.34936649591997],[-29.839742372964135,69.34839887858341],[-29.842003160238033,69.34763194044535],[-29.842043312241625,69.34685156921459]]],"type":"Polygon"},"id":"0000000000000000008d","properties":{"area":764678.2812783994,"elevation":1749.308086862903,"region":"SE","year":2018},"type":"Feature"},{"geometry":{"coordinates":[[[-30.1241126710958,69.31027802857906],[-30.122966753013497,69.30958237128753],[-30.12182516302804,69.3088867996353],[-30.120268833993293,69.30873965913617],[-30.11885095073167,69.30840966356595],[-30.11857452040079,69.3087752614778],[-30.116603406125623,69.3091810622886],[-30.115149811939283,69.30963589880028],[-30.114735190809565,69.31018436268687],[-30.113285968653127,69.3106392381995],[-30.11338855276383,69.31123672893467],[-30.114534500954772,69.31193231155886],[-30.114119753760303,69.31248524509084],[-30.113705052945985,69.31303370845679],[-30.113812048121577,69.31363572571392],[-30.112358534575076,69.31408610723904],[-30.11312106771954,69.3145498172113],[-30.114677151672822,69.31469703388434],[-30.116371608305656,69.31466132027832],[-30.11820439465132,69.31443831743798],[-30.120175263298908,69.31403707472562],[-30.121111717349038,69.31353318291059],[-30.122043605108566,69.31303369937937],[-30.12193653108797,69.31243176681332],[-30.122868491087452,69.31193235502401],[-30.12328337190223,69.31137943591843],[-30.123176275014266,69.31078186010834],[-30.1241126710958,69.31027802857906]]],"type":"Polygon"},"id":"0000000000000000008e","properties":{"area":209867.24613625917,"elevation":1718.1196376277978,"region":"SE","year":2018},"type":"Feature"},{"geometry":{"coordinates":[[[-30.056307644245965,69.329443236608],[-30.055442499376586,69.32837753890182],[-30.055473753175526,69.32759714381743],[-30.05218727397199,69.32827046900918],[-30.049730338757154,69.3278379905216],[-30.049694759085543,69.32862272034522],[-30.0515986997709,69.3297865567791],[-30.0524594504411,69.33084782852038],[-30.053324325701404,69.3319135861771],[-30.053672237860376,69.33293021220192],[-30.05142028544164,69.33369719514506],[-30.048129546162173,69.33437057202944],[-30.045636945346303,69.3347273073846],[-30.04494134806018,69.33564140365995],[-30.045289130510607,69.33665801809235],[-30.045115221781437,69.33762564754136],[-30.046256780927266,69.33832131374517],[-30.048990189903453,69.33838373877744],[-30.051103772750693,69.33779517681917],[-30.051277771049193,69.33683193457532],[-30.053012195633148,69.33601150599695],[-30.05318630751182,69.33504387034694],[-30.05179946594003,69.33393354240961],[-30.05509034565274,69.33326023612975],[-30.05630301436032,69.3323906701517],[-30.055959865118602,69.33137403201559],[-30.05613372493777,69.33041086872176],[-30.056307644245965,69.329443236608]]],"type":"Polygon"},"id":"0000000000000000008f","properties":{"area":224372.10980022623,"elevation":1709.4109445010595,"region":"SE","year":2018},"type":"Feature"},{"geometry":{"coordinates":[[[-30.263464017609454,69.29169245150486],[-30.263352482155415,69.29109500057294],[-30.26231804048252,69.29099682250114],[-30.260623514244696,69.2910369782864],[-30.259205546027253,69.29070706897792],[-30.25737295286079,69.29092999290148],[-30.25568295228818,69.29096567340339],[-30.254126581042595,69.29082294958428],[-30.252160213296442,69.29122877707778],[-30.250876080232402,69.29071593238791],[-30.249458110284074,69.2903859650446],[-30.247901777141713,69.29024328836024],[-30.24776361026097,69.29042608474761],[-30.247353353659747,69.29097456483846],[-30.24642583245963,69.2914784238174],[-30.244976533675207,69.29193324565591],[-30.24612258642333,69.2926289003472],[-30.24726857550422,69.29332446998399],[-30.24869113779838,69.29365451008864],[-30.25024716121089,69.29379717902661],[-30.251803508740604,69.29394433652719],[-30.25335971981214,69.29408704721591],[-30.25532611424238,69.2936812389808],[-30.25702063625491,69.29364553635645],[-30.258710669505707,69.29360540805264],[-30.26015980773045,69.29315056461908],[-30.261087282663972,69.29264669498639],[-30.262536421624432,69.29219637418984],[-30.263464017609454,69.29169245150486]]],"type":"Polygon"},"id":"00000000000000000090","properties":{"area":201708.2603253947,"elevation":1724.572244665516,"region":"SE","year":2018},"type":"Feature"},{"geometry":{"coordinates":[[[-30.021129627228063,69.37369088195105],[-30.02088893322533,69.37327619132361],[-30.01970719862017,69.37336092837987],[-30.01880653020538,69.37307996110437],[-30.018044180392515,69.37261626473722],[-30.017281610230064,69.37214805739049],[-30.01651898498437,69.37168431581738],[-30.015756595536864,69.37122053108581],[-30.0148556563068,69.37093961632301],[-30.013540332306757,69.37120715710914],[-30.01222044005967,69.37147474214039],[-30.01193961828658,69.37184481660039],[-30.01061967860025,69.37211238787621],[-30.010864850533093,69.37252711755016],[-30.011105762777635,69.37294174870706],[-30.01148460398542,69.37317809476265],[-30.012385575236628,69.37345903049916],[-30.01342877407936,69.3735571113137],[-30.014606042869758,69.37347236590665],[-30.01564939255437,69.37357050653526],[-30.016550236301732,69.37385145475454],[-30.017312590091038,69.37431515937865],[-30.01821348642861,69.37459609689833],[-30.019533445139327,69.3743285702044],[-30.02085324653818,69.3740609560497],[-30.021129627228063,69.37369088195105]]],"type":"Polygon"},"id":"00000000000000000091","properties":{"area":82043.13509863646,"elevation":1735.2280847346576,"region":"SE","year":2018},"type":"Feature"},{"geometry":{"coordinates":[[[-30.13976409835161,69.34495196006675],[-30.13941184857849,69.34393534881805],[-30.136219134406748,69.34225863655371],[-30.132339644717003,69.34150513222963],[-30.128041091955286,69.34129551803149],[-30.124023461725972,69.34072475618231],[-30.119724900880822,69.34051516189318],[-30.115845479856326,69.33976159407263],[-30.112238004523267,69.33863340377113],[-30.10822039130852,69.33806269664993],[-30.103926195598596,69.33785306942619],[-30.10285176910864,69.33853981494232],[-30.10330654397952,69.34015399912245],[-30.10427851841876,69.34181728243698],[-30.105250691782896,69.3434804453685],[-30.107783501014037,69.34529090155469],[-30.11083799471002,69.34715032980516],[-30.11312546368216,69.34854156987323],[-30.11714752363714,69.34911681131943],[-30.12103149335454,69.34987482620373],[-30.124638915949067,69.35099855469704],[-30.128660940271455,69.35157374127773],[-30.132821203399462,69.35196171599215],[-30.13632158215413,69.35248786682737],[-30.13950992923692,69.35121258349967],[-30.13748991992808,69.3494512337497],[-30.13703508386219,69.34783700810392],[-30.13658029881325,69.34622278281022],[-30.13976409835161,69.34495196006675]]],"type":"Polygon"},"id":"00000000000000000092","properties":{"area":1403798.8364668572,"elevation":1712.643940127019,"region":"SE","year":2018},"type":"Feature"},{"geometry":{"coordinates":[[[-33.325631141346896,68.65608328501386],[-33.325225547073664,68.65586033796394],[-33.32482415295934,68.65563739062077],[-33.32431131232594,68.65559725897893],[-33.32380300675958,68.65556162344852],[-33.3232945583744,68.65552144547054],[-33.32278644814842,68.6554812947136],[-33.32227362105198,68.65544562354559],[-33.32176532041742,68.65540551251736],[-33.321256885337604,68.65536979507901],[-33.32074858934633,68.65532968031881],[-33.32024029572168,68.65528956369262],[-33.31962490902262,68.65543668417924],[-33.31911209192634,68.65540100133674],[-33.31860360674522,68.65536092220147],[-33.31798835195386,68.65550810817336],[-33.31737295007414,68.65565521897385],[-33.31676207007037,68.65580235739203],[-33.3166550908661,68.65598966709196],[-33.31654810689981,68.65617250874949],[-33.315937210263456,68.65631964386634],[-33.31532177893013,68.65646674615344],[-33.31470648192308,68.6566139184102],[-33.31459948362469,68.65680122698764],[-33.315005179575415,68.65702416263781],[-33.31540649817429,68.6572516074753],[-33.315812209396384,68.6574745407999],[-33.316320531361825,68.65751020527533],[-33.31683338715751,68.65755036614776],[-33.31734171675928,68.65759049492242],[-33.31795702743265,68.6574433107115],[-33.31856794389183,68.65729616630841],[-33.31908079864231,68.65733185087265],[-33.31958913059667,68.65737197145307],[-33.32009746125345,68.65740762212792],[-33.32060593857894,68.65744781154338],[-33.32122123167629,68.65730061320791],[-33.3218366591222,68.65715348483609],[-33.32245193945593,68.65700628129666],[-33.32306735414064,68.65685914771967],[-33.323682567372174,68.65671205501728],[-33.324297969298634,68.65656491623542],[-33.3249088363656,68.65641774489596],[-33.32552422555018,68.65627060092827],[-33.325631141346896,68.65608328501386]]],"type":"Polygon"},"id":"00000000000000000093","properties":{"area":73888.71820709288,"elevation":841.5878339419568,"region":"SE","year":2018},"type":"Feature"},{"geometry":{"coordinates":[[[-33.086239900700015,68.71805145504064],[-33.08616428875108,68.71726664515674],[-33.0845498937161,68.71637035776241],[-33.08294015695291,68.71547408954895],[-33.08133058280526,68.71457333404813],[-33.07918124973804,68.71460455369099],[-33.076706478987504,68.71518867545934],[-33.07434312558022,68.71558556844465],[-33.07251473758639,68.71505936478098],[-33.070798170783355,68.71434590993101],[-33.07109241819481,68.71475619366707],[-33.07168099705393,68.71557664384152],[-33.0697189697173,68.71620094539202],[-33.067248551776736,68.71678501637732],[-33.06531329811254,68.71644612603716],[-33.06397136041943,68.71692329442843],[-33.06506814585622,68.71777940888886],[-33.06576818532801,68.7184170611295],[-33.06823865574557,68.71783293981734],[-33.07060638930516,68.71743161185745],[-33.072215992970825,68.71832786901147],[-33.073825816683645,68.71922864951044],[-33.07543546865076,68.72012491299385],[-33.076269442315294,68.71960767975168],[-33.077210374849784,68.7189075673825],[-33.07968498814393,68.71832344286867],[-33.08204834762576,68.7179221462797],[-33.083876665029926,68.71844823703712],[-33.085486389665974,68.71934900855558],[-33.08581188902588,68.71879165466908],[-33.086239900700015,68.71805145504064]]],"type":"Polygon"},"id":"00000000000000000094","properties":{"area":283315.6372970379,"elevation":569.393293614421,"region":"SE","year":2018},"type":"Feature"},{"geometry":{"coordinates":[[[-30.03534076758875,69.4027508484213],[-30.03496187533622,69.4025189954883],[-30.03405671032424,69.40223802889737],[-30.032874997811636,69.40232280970385],[-30.03155509089377,69.4025902841677],[-30.03023520822059,69.40286229298091],[-30.02995430822616,69.40322794407126],[-30.0296778777849,69.40359365337503],[-30.028879486591517,69.40391021390491],[-30.02807698323464,69.40423129459953],[-30.027278890479405,69.4045478838903],[-30.026997924333862,69.40491353061223],[-30.02776041445111,69.40538172953225],[-30.02800564332002,69.40579643745197],[-30.026685636925066,69.40606394738514],[-30.025361393446946,69.406331538851],[-30.025606705489032,69.40675068260964],[-30.026507298526113,69.4070315676167],[-30.02782736170786,69.4067640583995],[-30.02862995807661,69.40644297727752],[-30.029428103518153,69.40612637947562],[-30.03075244067829,69.40585882757306],[-30.030507245060992,69.40543965479375],[-30.031309813790728,69.40512310615428],[-30.031586374183767,69.40475746919648],[-30.031867271248746,69.40439181452614],[-30.032665393459446,69.40407073084093],[-30.033463544790283,69.40375418903568],[-30.034783577302743,69.403486581543],[-30.03506428905257,69.4031164908811],[-30.03534076758875,69.4027508484213]]],"type":"Polygon"},"id":"00000000000000000095","properties":{"area":77510.36520364777,"elevation":1745.5725448492692,"region":"SE","year":2018},"type":"Feature"},{"geometry":{"coordinates":[[[-26.358580119037693,70.08683496199998],[-26.35788006926845,70.08635337673206],[-26.35717542788614,70.08587173242772],[-26.357006036771935,70.08544814794776],[-26.35736277460294,70.08508692747402],[-26.357189039901062,70.08466777979251],[-26.35648893041999,70.08418177408673],[-26.35578417135226,70.08370015614359],[-26.355084279555708,70.08321855606857],[-26.35438426335965,70.0827325395361],[-26.353501214408798,70.08243383633565],[-26.35262284203885,70.0821305440752],[-26.351739905333726,70.08182738316464],[-26.350504817108177,70.08188528578059],[-26.349621926205078,70.08158211204929],[-26.349265137990642,70.0819433150864],[-26.349439072263404,70.08236685282151],[-26.35013913830505,70.08284852602296],[-26.350839327026502,70.0833300824547],[-26.35048252517977,70.08369128852904],[-26.35118697206065,70.08417730027247],[-26.351887010140807,70.08465888508827],[-26.35206091879232,70.08508253218498],[-26.352408753585337,70.0853232779538],[-26.353648537597838,70.08526533377028],[-26.35470523491989,70.0853857252827],[-26.35540967932697,70.0858673027515],[-26.356288117621805,70.08617049740937],[-26.357171205075808,70.08647374211574],[-26.35787124093922,70.0869553308103],[-26.358580119037693,70.08683496199998]]],"type":"Polygon"},"id":"00000000000000000096","properties":{"area":79511.75905628175,"elevation":721.6898660192428,"region":"SE","year":2018},"type":"Feature"},{"geometry":{"coordinates":[[[-33.098926150009156,68.71456444824013],[-33.09811889418433,68.714118480814],[-33.097209381647446,68.71385543295798],[-33.096295354883594,68.71359234183481],[-33.095488025500025,68.71314193344828],[-33.094359853972,68.7132489669443],[-33.093124685293276,68.71353880271083],[-33.092103687868246,68.71346296384297],[-33.09086859075075,68.71375732184873],[-33.09116284805754,68.71416752993088],[-33.091969822911075,68.71461346599638],[-33.091243195148344,68.71494790012942],[-33.090516251589385,68.71527783236259],[-33.091323404853014,68.7157281984225],[-33.09212599706144,68.71617863842957],[-33.09242473652699,68.71658434068918],[-33.092718995219066,68.71699466276173],[-33.09363311489275,68.7172621307109],[-33.09454284317368,68.7175252751819],[-33.095349992047225,68.71797119244424],[-33.09615699299224,68.7184215011576],[-33.097071193106245,68.71868459343388],[-33.09677224811073,68.7182743590646],[-33.096990798162054,68.71790429663237],[-33.09618365586792,68.71745392028866],[-33.09691060195219,68.71712395755794],[-33.09763752958196,68.71679399143153],[-33.09683040862541,68.71634361938509],[-33.09755721057345,68.71600911265907],[-33.09827950473289,68.7156792229837],[-33.09747680117199,68.71522881963469],[-33.09819926816187,68.71489888784784],[-33.098926150009156,68.71456444824013]]],"type":"Polygon"},"id":"00000000000000000097","properties":{"area":115592.78001719175,"elevation":564.5578281889176,"region":"SE","year":2018},"type":"Feature"},{"geometry":{"coordinates":[[[-29.954952120417683,69.40637162808682],[-29.954568702606302,69.4061397660729],[-29.953248830470347,69.40640730473442],[-29.951924383975925,69.40667488577644],[-29.950742669887024,69.40675957781559],[-29.949980269409227,69.4062958145698],[-29.949222377672537,69.40583210817029],[-29.948317037742772,69.40554670440109],[-29.948040502579634,69.40591681670541],[-29.94671625409866,69.4061843116576],[-29.94539190900319,69.4064519098304],[-29.94407208940294,69.40671944267031],[-29.94274769551098,69.40698701760608],[-29.941427827184064,69.40725452728988],[-29.94010338449921,69.40752207898757],[-29.940344131247045,69.40794124174514],[-29.939546103565025,69.40825785851347],[-29.939782264799064,69.40867252989455],[-29.940825852101437,69.40877062581352],[-29.941726514173144,69.40905605432928],[-29.94291275763577,69.40897130400816],[-29.943951494121606,69.40906939381783],[-29.945133189043226,69.40898467916641],[-29.946457476772526,69.40871711991007],[-29.947782078115115,69.40844958606164],[-29.94910186687779,69.40817758718981],[-29.95042621405059,69.4079100690155],[-29.95160785340537,69.40782530281038],[-29.952789621973,69.40774060305803],[-29.954109440900655,69.40747299134374],[-29.95386867966845,69.40705836164035],[-29.95467132734217,69.40674176726684],[-29.954952120417683,69.40637162808682]]],"type":"Polygon"},"id":"00000000000000000098","properties":{"area":121024.95619530871,"elevation":1746.5856068426501,"region":"SE","year":2018},"type":"Feature"},{"geometry":{"coordinates":[[[-29.851924717530732,69.4306291443587],[-29.85168386641776,69.43021000663101],[-29.851447457173443,69.42979528813355],[-29.851728416378055,69.42942967867464],[-29.851487784288878,69.42901050209964],[-29.851251388429457,69.42859578353638],[-29.851010447509157,69.42818111547739],[-29.850252445924216,69.42771293952335],[-29.850533466791145,69.42734721829748],[-29.849770948569788,69.42687909056411],[-29.848589383921837,69.42696376978654],[-29.848308292861724,69.4273338430491],[-29.846984063903925,69.42760141246144],[-29.846698507732043,69.42796706349672],[-29.846939366995926,69.4283817395475],[-29.84717568129691,69.42879646596755],[-29.84689488220875,69.4291665749037],[-29.846613855998932,69.42953217581017],[-29.846850173626002,69.42994690310906],[-29.84656935394345,69.43031701201762],[-29.846288439867042,69.43068268893899],[-29.847470059528646,69.43059794973313],[-29.848794458175316,69.43033037324207],[-29.849980541691977,69.4302456780558],[-29.850738613428156,69.43071385555835],[-29.851924717530732,69.4306291443587]]],"type":"Polygon"},"id":"00000000000000000099","properties":{"area":64818.60949778593,"elevation":1794.5175940852737,"region":"SE","year":2018},"type":"Feature"},{"geometry":{"coordinates":[[[-33.3577101504846,68.65946331239317],[-33.356813805601654,68.6582326237873],[-33.35375480618477,68.65800513707944],[-33.35111935646753,68.65703307819453],[-33.34774831299372,68.65735861131402],[-33.34753884255997,68.65773320216933],[-33.34690569516617,68.65884346889499],[-33.34678524420994,68.65999841291185],[-33.34462705118501,68.66099722428461],[-33.34195600237384,68.66195596921631],[-33.341327360941484,68.66307074872789],[-33.33763971286889,68.66395362995745],[-33.33394758669568,68.66483653320971],[-33.33119169141311,68.66501485863284],[-33.330050282862935,68.66608950687144],[-33.33105352291666,68.66713292583974],[-33.3333009441384,68.66691446035475],[-33.3369886795409,68.66603158164456],[-33.34025720600018,68.66589334439855],[-33.343316094827415,68.6661206861274],[-33.34637516074412,68.6663526169774],[-33.34883189826262,68.66575954089912],[-33.3499734834693,68.66468495131477],[-33.34958553575445,68.66349429704444],[-33.349706037711556,68.66234388546458],[-33.35237697210466,68.66138518278312],[-33.35606454353233,68.66049781993576],[-33.3577101504846,68.65946331239317]]],"type":"Polygon"},"id":"0000000000000000009a","properties":{"area":466450.86524596746,"elevation":847.6124890822939,"region":"SE","year":2018},"type":"Feature"},{"geometry":{"coordinates":[[[-29.819252852562,69.42220142364414],[-29.815984267223257,69.42208552627451],[-29.81356317008997,69.42086819394606],[-29.81180612834279,69.41952151345114],[-29.808778461548,69.41982477320636],[-29.8084931317869,69.42019042743816],[-29.80868920762442,69.42138988713599],[-29.80732028374975,69.4224378014706],[-29.80542521681151,69.42343660580082],[-29.804056242941808,69.42448900235686],[-29.800600314374748,69.42534064994267],[-29.798187996069764,69.42629041889943],[-29.797340690731193,69.42739181895985],[-29.797010705538508,69.4285378213295],[-29.797202610637946,69.42973728192949],[-29.798905898898727,69.42970612387221],[-29.800801189433027,69.42870284425602],[-29.802691718067763,69.42770394781292],[-29.806147542962147,69.42685232297802],[-29.809701436299697,69.42660258577418],[-29.812260993901475,69.42763265479918],[-29.815529407076493,69.42774859134283],[-29.81637668223058,69.4266516016296],[-29.81775004324807,69.42559930949054],[-29.818597390259495,69.42449791671959],[-29.818922802021493,69.42335192991322],[-29.819252852562,69.42220142364414]]],"type":"Polygon"},"id":"0000000000000000009b","properties":{"area":449197.49658982636,"elevation":1799.4956280875642,"region":"SE","year":2018},"type":"Feature"},{"geometry":{"coordinates":[[[-29.921772063215634,69.40519439316316],[-29.920630592869966,69.40449881101978],[-29.91948896017278,69.40379871221533],[-29.91820466222976,69.40328595907938],[-29.91636303581933,69.40350445582816],[-29.914940705282888,69.40316995707512],[-29.91337544683894,69.40302283353793],[-29.911676770921776,69.40305854249074],[-29.909692245667003,69.40345987312989],[-29.907846369914214,69.40367835289196],[-29.906142784149697,69.4037140132942],[-29.904301354420767,69.40393251107248],[-29.9023168113935,69.40433381973672],[-29.900332551365082,69.40473513942457],[-29.898348369203735,69.40513650898728],[-29.896363999487445,69.40553777642815],[-29.897126501721466,69.40600603154293],[-29.89840632070929,69.40651883553893],[-29.899967024673963,69.40666598049937],[-29.901389418766474,69.4070003971102],[-29.902811968807164,69.40733032916388],[-29.904377146233312,69.40748195862487],[-29.90608045514404,69.40744631720706],[-29.9076411048008,69.40759341747363],[-29.90934443623271,69.40755773778619],[-29.910766892861307,69.4078877441525],[-29.91275124664611,69.40748639473358],[-29.91445461893923,69.40745520161055],[-29.91643893177196,69.40704944781974],[-29.91842328818514,69.40664809928795],[-29.920407517400182,69.40624683947836],[-29.921348509877674,69.40574739912822],[-29.921772063215634,69.40519439316316]]],"type":"Polygon"},"id":"0000000000000000009c","properties":{"area":354009.32879580854,"elevation":1748.964312778488,"region":"SE","year":2018},"type":"Feature"},{"geometry":{"coordinates":[[[-30.09466036061285,69.40478416647399],[-30.093162008763382,69.40307195349308],[-30.089862438522545,69.40374523723531],[-30.08562607751344,69.40491795301509],[-30.08242912406015,69.40619329949044],[-30.078397870961386,69.40561805205452],[-30.074505102704705,69.40485998707521],[-30.07047403065732,69.40428478449455],[-30.066443138809788,69.40370958300038],[-30.062131183120396,69.40349994063529],[-30.061578224353724,69.40423571439348],[-30.064044056530783,69.40466383509926],[-30.06751765105808,69.40597029502337],[-30.064842389875615,69.4072946955233],[-30.060811134238847,69.4067194556431],[-30.058274123093632,69.40785653953587],[-30.055598546378512,69.40917646253975],[-30.05396204545034,69.41059440422053],[-30.058131214766103,69.41098679892225],[-30.0632771977357,69.41009501548905],[-30.067865475635344,69.40993444360033],[-30.072592098743904,69.40959557031064],[-30.077180690901105,69.40943504881442],[-30.08232633582726,69.40853878303352],[-30.08691492945454,69.40838269418494],[-30.09139613332514,69.4076201730245],[-30.0919849121923,69.40610408619759],[-30.09466036061285,69.40478416647399]]],"type":"Polygon"},"id":"0000000000000000009d","properties":{"area":676742.545316347,"elevation":1741.421789924687,"region":"SE","year":2018},"type":"Feature"},{"geometry":{"coordinates":[[[-33.288041184605405,68.7221493533177],[-33.287635218143954,68.7219264252083],[-33.287229454975915,68.72170345249086],[-33.28682824280854,68.72147604109594],[-33.286422494956476,68.72125306605368],[-33.286016559110216,68.72103013327718],[-33.285610826551405,68.72080715589519],[-33.28520510533172,68.72057970876696],[-33.284799192498085,68.72035677248049],[-33.284291014714434,68.72032111889425],[-33.283671094574316,68.72046830290658],[-33.2830557624132,68.7206153994393],[-33.282948746364134,68.7207982262542],[-33.28335445160921,68.72102121159945],[-33.28376035617756,68.72124862092727],[-33.28365334198639,68.72143144844654],[-33.283037985099476,68.72157854538104],[-33.28242256711467,68.7217257557607],[-33.281802798431634,68.72187288887977],[-33.281187422322745,68.7220199780079],[-33.28057198510649,68.72216718058057],[-33.28046493892515,68.72235447481812],[-33.280870838930994,68.72257742447607],[-33.281379048905485,68.72261755879124],[-33.28189200133229,68.72265321044908],[-33.282297720683,68.72288066792446],[-33.28269910748759,68.7231035809977],[-33.283104846416826,68.72332656754904],[-33.28351059299322,68.72354955293078],[-33.2839163979336,68.7237768897037],[-33.28442478669716,68.72381261674008],[-33.285044594178046,68.72366547119948],[-33.2855528392284,68.72370559012916],[-33.28595861675374,68.7239285682619],[-33.286471606055514,68.7239686714618],[-33.28708686843549,68.72382148584246],[-33.28770666477009,68.72367432866868],[-33.287809265162586,68.72348707055653],[-33.28740347568587,68.723264098049],[-33.28700203843358,68.72304119887279],[-33.28659626768269,68.72281375544803],[-33.28670326777414,68.72263092542349],[-33.28731863589898,68.72248381206987],[-33.28793405229712,68.72233658007774],[-33.288041184605405,68.7221493533177]]],"type":"Polygon"},"id":"0000000000000000009e","properties":{"area":67542.44793163604,"elevation":866.2682324506089,"region":"SE","year":2018},"type":"Feature"},{"geometry":{"coordinates":[[[-30.334176439672973,69.38206950919866],[-30.334064940725995,69.38147199737044],[-30.33395347227915,69.38087001634206],[-30.333841981479342,69.38027250488987],[-30.332415172786238,69.3799425716054],[-30.33112185744663,69.37943419305788],[-30.33123341069919,69.38003178256143],[-30.330823175488312,69.38058470677527],[-30.331978086719953,69.38128029777111],[-30.331050530087218,69.38178414026365],[-30.330640417157223,69.38233267147125],[-30.329708446434047,69.38283653300493],[-30.32877643761564,69.38334038925863],[-30.327849075380165,69.38384425016865],[-30.325873531514553,69.38425005996716],[-30.323898136590707,69.38465580439365],[-30.321927300515444,69.38506164802303],[-30.31995192861141,69.3854674162255],[-30.31852504542919,69.38514181557031],[-30.31915818773543,69.38578848427208],[-30.32031301772913,69.386484057557],[-30.321468052446527,69.38717969690494],[-30.323305157970676,69.38695671600965],[-30.322671999064728,69.38631014198005],[-30.323082189825932,69.38575719825494],[-30.32505320740191,69.38535141381679],[-30.32702844526417,69.38494569238175],[-30.328999351778826,69.38453985624565],[-30.33097484428947,69.38412964974077],[-30.33190684607154,69.38362577917488],[-30.332838783065334,69.38312637272783],[-30.333244544451095,69.38257339231299],[-30.334176439672973,69.38206950919866]]],"type":"Polygon"},"id":"0000000000000000009f","properties":{"area":108333.20048938382,"elevation":1769.6407680653451,"region":"SE","year":2018},"type":"Feature"},{"geometry":{"coordinates":[[[-30.275632993592133,69.37017714895369],[-30.274099019106846,69.36924966593483],[-30.273082310612008,69.36837119401164],[-30.271659878227442,69.3680456385684],[-30.271383388670873,69.36841130810413],[-30.271356558383147,69.36919166754703],[-30.272894916410884,69.37012358639497],[-30.271824920859903,69.37080586204873],[-30.270754692983367,69.37149252480961],[-30.27072778917529,69.37227735619187],[-30.268097101439214,69.37281693846423],[-30.265466276170347,69.37336094420776],[-30.26338366758389,69.37316918586409],[-30.261573297825226,69.37260733694711],[-30.260257828169912,69.37287934459775],[-30.261270122310926,69.37375778337712],[-30.260204297402034,69.37444446315361],[-30.25809071157306,69.37503309298461],[-30.255981715600473,69.3756217058658],[-30.257270411822514,69.37613449229396],[-30.259352714544633,69.37632622447713],[-30.26132809482893,69.37592044025412],[-30.260833158670703,69.37509103232371],[-30.261903342144805,69.37440432315297],[-30.264534163570726,69.37386477300149],[-30.266893076357736,69.37369092875619],[-30.269247534514378,69.37351252590263],[-30.271882762720097,69.37297297292888],[-30.273470262507328,69.37233532615853],[-30.27506215999359,69.37169771443627],[-30.275088917048674,69.37091288438631],[-30.275632993592133,69.37017714895369]]],"type":"Polygon"},"id":"000000000000000000a0","properties":{"area":132810.15792212755,"elevation":1747.4419422168519,"region":"SE","year":2018},"type":"Feature"},{"geometry":{"coordinates":[[[-30.128045539364457,69.41380493972326],[-30.127697789241495,69.41278825680983],[-30.12734551151307,69.41177163308971],[-30.124737002021536,69.41153084209138],[-30.121990092987808,69.41146839734502],[-30.119243290144478,69.41141044623653],[-30.116915659862567,69.4107995722864],[-30.11499815139927,69.40963572237233],[-30.114128780788672,69.40856993578714],[-30.114298213164886,69.40760682081748],[-30.11183232328649,69.4071787567823],[-30.1093619911783,69.40675070888567],[-30.10675769996125,69.4065054085784],[-30.10373456424772,69.40681312270097],[-30.104082347035767,69.40782975074984],[-30.10509013425981,69.40870824505566],[-30.107698848817925,69.40895347757449],[-30.1096116889615,69.41011286284247],[-30.110485648638225,69.41117858163922],[-30.111493419598688,69.41206146298751],[-30.113963676874572,69.41248504137245],[-30.116987106608576,69.41218184480269],[-30.119733972565225,69.41223983758536],[-30.122342467965865,69.41248507317523],[-30.12425537057308,69.41364445328846],[-30.12631108097751,69.41462542811463],[-30.128045539364457,69.41380493972326]]],"type":"Polygon"},"id":"000000000000000000a1","properties":{"area":252475.2831489891,"elevation":1743.2552141642818,"region":"SE","year":2018},"type":"Feature"},{"geometry":{"coordinates":[[[-30.36304012416603,69.40475300132519],[-30.36240692890507,69.40410640752366],[-30.361769439472702,69.40345536879715],[-30.36113610827006,69.40280880890482],[-30.360226553688406,69.40252789791488],[-30.35866130399282,69.40238523506477],[-30.357096286141886,69.40224251566546],[-30.35578070290303,69.402514519277],[-30.35432715550672,69.40296938804944],[-30.352351618566153,69.4033751121122],[-30.3503764993736,69.40378092191362],[-30.34840096125268,69.40419113915137],[-30.346425525614976,69.40459693658408],[-30.34499858352654,69.40427140760937],[-30.3456318810986,69.40491796452324],[-30.34679118826942,69.4056136082811],[-30.347946081574868,69.40630919373577],[-30.349101179862366,69.4070048452274],[-30.35026036034492,69.4077004241443],[-30.350505573126096,69.40811516330706],[-30.3519369915909,69.40844064820256],[-30.353230106270072,69.40895342913998],[-30.354661555075115,69.4092790014405],[-30.356226851597377,69.40942613662727],[-30.357158633784472,69.40892224449281],[-30.358612315840826,69.4084673806923],[-30.35902242286764,69.40791448047368],[-30.35942834159174,69.40736603678718],[-30.359316911601628,69.40676402679053],[-30.360248864887975,69.40626015415556],[-30.361180780031574,69.40575627624177],[-30.361586608760582,69.4052078286432],[-30.36304012416603,69.40475300132519]]],"type":"Polygon"},"id":"000000000000000000a2","properties":{"area":323186.4935101621,"elevation":1773.7577822844305,"region":"SE","year":2018},"type":"Feature"},{"geometry":{"coordinates":[[[-30.33549636413685,69.4110492136754],[-30.33313750221508,69.41122763194826],[-30.330774165461534,69.41140149362829],[-30.328959285348027,69.41083963856583],[-30.326872443719736,69.41064791320991],[-30.324919300420685,69.41027337010208],[-30.324370858181492,69.4110091101095],[-30.32382689457155,69.41174042884235],[-30.323278381027627,69.41247616651954],[-30.320643010808055,69.41302016523044],[-30.318529333126623,69.41360875016898],[-30.319028731709476,69.41444260784712],[-30.319002173447874,69.41522299817117],[-30.316366766914488,69.41576696161736],[-30.313865194761604,69.41612370537095],[-30.31268806068786,69.4162128665603],[-30.314115081665516,69.41654287719764],[-30.316750340464214,69.41599880137804],[-30.319385563292013,69.41545487008503],[-30.321499262290455,69.41486619441],[-30.32152590004585,69.41408141090083],[-30.324161350315237,69.4135418640381],[-30.326658315627974,69.41318069624707],[-30.32874972798809,69.41337239621352],[-30.331246750072093,69.4130156957729],[-30.332838620932144,69.4123780331483],[-30.335474147374608,69.41183404443815],[-30.33549636413685,69.4110492136754]]],"type":"Polygon"},"id":"000000000000000000a3","properties":{"area":150034.6835229483,"elevation":1774.3663652802882,"region":"SE","year":2018},"type":"Feature"},{"geometry":{"coordinates":[[[-33.09641129816884,68.81356092948629],[-33.09633106606367,68.81277611992248],[-33.09573778969492,68.81196011563235],[-33.09565757998608,68.81117530737266],[-33.09506459778535,68.81035478892153],[-33.09549708960244,68.80961463253031],[-33.09541684875039,68.80883429639148],[-33.093686783555455,68.8081208315682],[-33.091961041671546,68.80740735280952],[-33.09002126828399,68.80706401983576],[-33.08753744419384,68.80765259195279],[-33.08731904067652,68.80802274837568],[-33.08791209359493,68.80884321340699],[-33.087479537836195,68.80958342058587],[-33.08755972036314,68.81036372156476],[-33.08712741930815,68.81110842901376],[-33.08772053100247,68.81192889811365],[-33.08728790660851,68.81266910889579],[-33.0868554096684,68.81341374587805],[-33.08744840547855,68.81422979219079],[-33.08906693901417,68.81513052679328],[-33.0896602045198,68.81595099119207],[-33.0916043483203,68.81629434788157],[-33.0935751908519,68.81567007216468],[-33.095033250615714,68.81500566325454],[-33.09597855565693,68.81430113687816],[-33.09641129816884,68.81356092948629]]],"type":"Polygon"},"id":"000000000000000000a4","properties":{"area":301447.8380841484,"elevation":849.3866688992815,"region":"SE","year":2018},"type":"Feature"},{"geometry":{"coordinates":[[[-33.461196768749055,68.73160265820891],[-33.46110312924483,68.73082231137131],[-33.45947565154654,68.72992605741898],[-33.45784818301883,68.72903418054831],[-33.45611347856666,68.7283251615994],[-33.45406669121179,68.72817355994086],[-33.451605235061436,68.72876217492495],[-33.45139562701994,68.72913675376061],[-33.45046375066042,68.72984130780276],[-33.448515212688704,68.73046999289973],[-33.446049360607724,68.73105859142845],[-33.44614285520719,68.73183898219428],[-33.44572391848402,68.73258364624388],[-33.44479629863508,68.733288195377],[-33.44386441883485,68.73399274254984],[-33.44447079205634,68.73481313785119],[-33.44558563489997,68.73566933607185],[-33.44680746518795,68.73633819929825],[-33.44885402737861,68.7364897728087],[-33.45111028795588,68.73627131721348],[-33.45357179302535,68.73568275455048],[-33.45603757140265,68.73508963511858],[-33.45747795313433,68.73442079913208],[-33.459430980838206,68.73379205341658],[-33.46035852140062,68.73308755558894],[-33.460777601728424,68.73234730489555],[-33.461196768749055,68.73160265820891]]],"type":"Polygon"},"id":"000000000000000000a5","properties":{"area":430186.46367195493,"elevation":1074.8829967808022,"region":"SE","year":2018},"type":"Feature"},{"geometry":{"coordinates":[[[-33.39673606432211,68.72874435923603],[-33.396236761648176,68.72774105899198],[-33.39625011285601,68.72677346717629],[-33.395242279678776,68.72573449912544],[-33.39627687266602,68.72484264052024],[-33.39475633079649,68.72375906896043],[-33.39426139989184,68.72275576673502],[-33.39325359474367,68.72171236393928],[-33.39101057872465,68.72096771559782],[-33.38803646123984,68.721516118073],[-33.38833514955673,68.72192636034517],[-33.390368383373946,68.72304560283811],[-33.390350751999236,68.72401326416707],[-33.387782258224746,68.72478909130619],[-33.38470093602908,68.7255248879066],[-33.38224844887136,68.7251502723627],[-33.380402431378954,68.7255917990923],[-33.380388993528186,68.72655937914631],[-33.379862897411286,68.72748684114062],[-33.38087050731167,68.7285303100924],[-33.38300653750337,68.72946229053535],[-33.385245007782856,68.7302114114138],[-33.38769752708254,68.7305859866389],[-33.39004738297191,68.73114783169933],[-33.392811960356454,68.73096944275048],[-33.39414976430187,68.73048786718499],[-33.39569696243622,68.72963615734798],[-33.39673606432211,68.72874435923603]]],"type":"Polygon"},"id":"000000000000000000a6","properties":{"area":461917.8150491815,"elevation":992.9259181727253,"region":"SE","year":2018},"type":"Feature"},{"geometry":{"coordinates":[[[-33.16675811550457,68.763315779898],[-33.1663522391444,68.76309279984063],[-33.16511260625789,68.76338708090788],[-33.164198370044126,68.76312399226485],[-33.1633868508238,68.762673619396],[-33.16257988155017,68.76222774597508],[-33.16177263272951,68.7617773693685],[-33.16096120600142,68.7613269825229],[-33.16004690377234,68.76106390970854],[-33.16034121927008,68.76147414326346],[-33.16115283394766,68.76192449060143],[-33.16144717792219,68.76233472210713],[-33.16072481803455,68.76266472226989],[-33.16101916226996,68.76307495514469],[-33.16029220165918,68.76340938778274],[-33.160591092130716,68.76381965713027],[-33.160377060316456,68.7641897735108],[-33.160162880884194,68.7645598171113],[-33.160457235168266,68.76497005227807],[-33.16126876615325,68.76542044353685],[-33.1615631759024,68.76582620753139],[-33.16084068303121,68.76616068030556],[-33.16062208469364,68.766530763544],[-33.16040822212769,68.76690083855134],[-33.160194129296656,68.76727542592182],[-33.1613267549328,68.76716395806918],[-33.16154080298993,68.76679383835288],[-33.16175484420439,68.76642371859582],[-33.16196901936721,68.76605367153577],[-33.16269570527209,68.76571919874972],[-33.16188865478351,68.76527332006681],[-33.16158972594054,68.76486305293123],[-33.16282946519898,68.76456880111557],[-33.16304346525518,68.76419868111181],[-33.164278611681766,68.76390438230888],[-33.1655184745607,68.76361006472467],[-33.16675811550457,68.763315779898]]],"type":"Polygon"},"id":"000000000000000000a7","properties":{"area":54849.907380682016,"elevation":713.8101332283255,"region":"SE","year":2018},"type":"Feature"},{"geometry":{"coordinates":[[[-33.22869494046352,68.749421169623],[-33.22788321950601,68.74897082568587],[-33.227071710657285,68.7485249025979],[-33.227285768746064,68.74815486628236],[-33.22647871567665,68.7477044313714],[-33.22556019247261,68.74744139870583],[-33.22534611656278,68.74781143215829],[-33.224110802252525,68.74810575073516],[-33.2244097256187,68.74851596537853],[-33.22368285463107,68.7488504287722],[-33.222447668569274,68.74914469056452],[-33.22121241757211,68.74943458903377],[-33.220485677049666,68.74976899371038],[-33.220276189333376,68.75013912764871],[-33.22108324568902,68.75058948438422],[-33.22086921405167,68.75095958652861],[-33.22014677103757,68.75129406729103],[-33.22055261991119,68.75151697096106],[-33.2216808528698,68.75140997319235],[-33.22249220135737,68.75185585694004],[-33.22329935711036,68.75230620117186],[-33.22421797283222,68.75256936515024],[-33.22545317903955,68.75227501190359],[-33.22566715746627,68.75190490255805],[-33.22536837171815,68.75149464562355],[-33.2255824994921,68.75112014069629],[-33.22528370851603,68.75071435289486],[-33.22651895106877,68.7504200648918],[-33.227754026980094,68.75012569377299],[-33.228480835019624,68.74979132477571],[-33.22869494046352,68.749421169623]]],"type":"Polygon"},"id":"000000000000000000a8","properties":{"area":100180.4093482821,"elevation":726.8477322199619,"region":"SE","year":2018},"type":"Feature"},{"geometry":{"coordinates":[[[-33.21110371125301,68.75680551146341],[-33.21029226185704,68.75635513213825],[-33.209993502672006,68.75594488074708],[-33.209694753123365,68.75553462888892],[-33.209400221395235,68.75512438073426],[-33.20961446133974,68.7547542914841],[-33.20931573118039,68.75434403939458],[-33.20850418190785,68.75389816263272],[-33.20769708550794,68.75344777312948],[-33.2066713357306,68.7533719713313],[-33.20586429359828,68.7529215711355],[-33.204731653239946,68.75302867095596],[-33.205030484794136,68.7534388895611],[-33.20532932598593,68.75384910769905],[-33.205627980806774,68.75425936869918],[-33.20541388406143,68.7546294087992],[-33.20468708146164,68.75496388348768],[-33.203451840882195,68.75525820426532],[-33.20375069290747,68.75566395804177],[-33.20455763634884,68.75611429918743],[-33.205369155819966,68.75656466936358],[-33.20566363190782,68.75697492745503],[-33.2059623260143,68.75738518936856],[-33.20677393307791,68.75783108265458],[-33.20707265585064,68.7582413424726],[-33.20747393471267,68.75846425296636],[-33.20849954576205,68.75854448694722],[-33.20941824757606,68.75880763380049],[-33.21003363646128,68.75866048829745],[-33.20922635949563,68.7582101060246],[-33.20994878686795,68.75788011386193],[-33.21067575928265,68.75754568284897],[-33.21037698062765,68.75713543170012],[-33.21110371125301,68.75680551146341]]],"type":"Polygon"},"id":"000000000000000000a9","properties":{"area":106526.67962374772,"elevation":734.5531508593251,"region":"SE","year":2018},"type":"Feature"},{"geometry":{"coordinates":[[[-33.19891687157976,68.8039069381451],[-33.197913801255154,68.80286354257112],[-33.196700861248054,68.80219019166849],[-33.19456499010454,68.80125381810763],[-33.19221504988118,68.80069192046537],[-33.18975798511154,68.80030843446883],[-33.187193877725555,68.80011671932277],[-33.184094862702636,68.80084801917162],[-33.18439370218862,68.80125823793578],[-33.18539700161458,68.80230610277522],[-33.182806330629894,68.80307753057966],[-33.1797071213338,68.80380888761711],[-33.17917205068025,68.80473636550393],[-33.17914530812817,68.80570398833864],[-33.17809753917485,68.80659578482796],[-33.17931477661514,68.80726910638312],[-33.18134361076005,68.80838832043847],[-33.183368003599185,68.80951205641713],[-33.18550398647724,68.81044842068944],[-33.18850057078592,68.80990000853895],[-33.1910644523303,68.81009176337598],[-33.19365087883,68.80932029522594],[-33.1952115659203,68.80846864922599],[-33.19728938703895,68.80765710538186],[-33.19833721518501,68.8067696990635],[-33.19887231400912,68.8058422109482],[-33.198894595391124,68.80487457380238],[-33.19891687157976,68.8039069381451]]],"type":"Polygon"},"id":"000000000000000000aa","properties":{"area":679504.2244935316,"elevation":841.2177984581666,"region":"SE","year":2018},"type":"Feature"},{"geometry":{"coordinates":[[[-33.13046097577422,68.85451332312621],[-33.12913661495981,68.85402281600882],[-33.12791480519461,68.85334946471711],[-33.12669743054709,68.85267618208826],[-33.12547998443566,68.85200281615997],[-33.12426274914413,68.85132951249263],[-33.12356273827698,68.85069633365998],[-33.12542657596555,68.85025482499987],[-33.12575203400768,68.84969751335741],[-33.12399506410602,68.8499516183483],[-33.1221266700705,68.85039307169716],[-33.1223185968132,68.85098619217156],[-33.121993043615824,68.85154349795147],[-33.12166741890645,68.8521009196186],[-33.1223721728133,68.85273410226675],[-33.12358941606537,68.85340742354795],[-33.123781219674086,68.85400494118196],[-33.123455596264485,68.85456236900426],[-33.12364287606021,68.85515538188548],[-33.12332199141434,68.85571280345644],[-33.12350904171396,68.85631033055246],[-33.124838042437,68.85679634245518],[-33.12648785548565,68.85672949852592],[-33.128351732520166,68.85628802936198],[-33.129894624684525,68.85640836924104],[-33.130108605833975,68.85603387702842],[-33.12889123277603,68.85536056935261],[-33.130242431265074,68.85488342512247],[-33.13046097577422,68.85451332312621]]],"type":"Polygon"},"id":"000000000000000000ab","properties":{"area":136444.81092221572,"elevation":966.0040652538808,"region":"SE","year":2018},"type":"Feature"},{"geometry":{"coordinates":[[[-33.70066403353226,68.718426022377],[-33.70025364432104,68.71820304597478],[-33.6998436002512,68.71798009654654],[-33.699437771249436,68.71775713542793],[-33.69954035366725,68.71756986681847],[-33.69963838971908,68.71738258054039],[-33.699232572194084,68.71715961893267],[-33.69933522492975,68.71697681836474],[-33.69943766201813,68.7167894779235],[-33.69902745361627,68.7165665703264],[-33.698617110617725,68.7163435893588],[-33.69820711273059,68.71612063536959],[-33.697796785163554,68.71589765201283],[-33.69739100967823,68.71567468520465],[-33.696878248821115,68.7156390378232],[-33.69626282277189,68.71578618667668],[-33.69565193468702,68.7159333507288],[-33.69503656673278,68.71608496209814],[-33.69442112131332,68.71623210317058],[-33.694318650076184,68.71641944011448],[-33.69421615921198,68.71660219317477],[-33.69360531219756,68.71675381650924],[-33.69298984349196,68.71690095169343],[-33.69288735851806,68.7170882879323],[-33.69329751280615,68.71731121420609],[-33.693707817106855,68.71753421146727],[-33.693605121404325,68.71771700850736],[-33.69350268981718,68.71790422926124],[-33.69391300563476,68.7181272260247],[-33.694318784351985,68.71835020375464],[-33.69472897325162,68.71857312596144],[-33.695241593742786,68.71860882482875],[-33.69575448255651,68.71864894551908],[-33.69626290003514,68.71868465100299],[-33.69677572228102,68.7187203002051],[-33.69728842290641,68.71876045922843],[-33.697801249619765,68.71879610464241],[-33.698309533560675,68.71883173045448],[-33.698924833424535,68.71868461521365],[-33.69954032196925,68.71853745336782],[-33.700048747810314,68.71857314504354],[-33.70056138333022,68.71860882432513],[-33.70066403353226,68.718426022377]]],"type":"Polygon"},"id":"000000000000000000ac","properties":{"area":71168.88808905848,"elevation":1514.2640860857873,"region":"SE","year":2018},"type":"Feature"},{"geometry":{"coordinates":[[[-33.48655586136161,68.7661740383709],[-33.48615900473669,68.76498344724257],[-33.48350126146046,68.76401135399696],[-33.48084372214954,68.76304379439412],[-33.47787391796314,68.76262909293763],[-33.4750112406376,68.76203151385687],[-33.471519727480825,68.76254435762813],[-33.46886211870304,68.76157674156478],[-33.47079730418633,68.7628788000676],[-33.4696602718211,68.76395789127291],[-33.46595920620324,68.76484521553834],[-33.46327925519587,68.76580394591586],[-33.459578164002934,68.76669132667652],[-33.45587717708737,68.76757864240054],[-33.45280036177109,68.76735128841193],[-33.45319724477826,68.7685418333692],[-33.45534212310098,68.76947374983351],[-33.45831186489723,68.7698884794044],[-33.461072022213685,68.77067325383189],[-33.46404180112704,68.77108802016996],[-33.467011533519916,68.77149818183655],[-33.47029781373532,68.77135550446721],[-33.47347716765308,68.77139563896777],[-33.47675918636978,68.77125293055506],[-33.479439130408046,68.77028981305538],[-33.48108882020079,68.76925082641887],[-33.482230344022845,68.76817173286985],[-33.48439301738633,68.76717288627752],[-33.48655586136161,68.7661740383709]]],"type":"Polygon"},"id":"000000000000000000ad","properties":{"area":864452.6725208892,"elevation":1161.2915106996152,"region":"SE","year":2018},"type":"Feature"},{"geometry":{"coordinates":[[[-33.736729276806415,68.73997684108467],[-33.73631890587525,68.7397539093663],[-33.73642151879326,68.73956656468661],[-33.73652401300582,68.73938373183857],[-33.73611384882996,68.73916075556207],[-33.73621640772483,68.73897352742262],[-33.73631441582388,68.73878628284524],[-33.73590426328614,68.73856330605769],[-33.7354941184673,68.73834032807663],[-33.73508378614916,68.7381173929594],[-33.73457544551985,68.7380816998871],[-33.733960052662844,68.73822881920994],[-33.73334487353278,68.73838047584918],[-33.73283198336776,68.73834475992092],[-33.732421678049086,68.73812181675687],[-33.7320113804514,68.73789887239836],[-33.73149856929616,68.73785875586005],[-33.731400530066594,68.73804599710022],[-33.73129808281329,68.73823329388748],[-33.7311953614551,68.73841616694553],[-33.73160565898859,68.73863911387596],[-33.731503067837444,68.73882633886286],[-33.7314006175718,68.73901363599113],[-33.731810731471896,68.7392366264762],[-33.731708204183846,68.73941945616487],[-33.73109284186303,68.73957103148585],[-33.73099030781963,68.73975386081564],[-33.73140062456181,68.73997680863891],[-33.73181075378702,68.7401997993207],[-33.732221085972306,68.74042274475542],[-33.73273375721341,68.7404629023315],[-33.733246548496034,68.74049854617],[-33.733656900039385,68.7407214873263],[-33.734067064063225,68.74094447134411],[-33.734477431050905,68.74116741011144],[-33.73499004662354,68.7412030914884],[-33.73509255897303,68.74102025902309],[-33.73468238331296,68.7407972780878],[-33.73478496062971,68.7406100503172],[-33.73539586133765,68.7404629097857],[-33.73601142222455,68.74031127129665],[-33.73662652160056,68.74016411397298],[-33.736729276806415,68.73997684108467]]],"type":"Polygon"},"id":"000000000000000000ae","properties":{"area":53036.68730199706,"elevation":1559.6457552222817,"region":"SE","year":2018},"type":"Feature"},{"geometry":{"coordinates":[[[-33.3183941267309,68.83922308546384],[-33.31830486567203,68.83844270165724],[-33.31769845958193,68.83762220383825],[-33.31607104657485,68.83672592129288],[-33.31401524177637,68.83657435953216],[-33.31217366596542,68.83604818771425],[-33.310117965157936,68.83589209895801],[-33.3081693246103,68.83555318403285],[-33.30622088985719,68.83521431432804],[-33.304272181032374,68.8348753881403],[-33.302002435118965,68.83509393657253],[-33.30005395862203,68.83475502389575],[-33.29810534971174,68.83441612732008],[-33.298403975036265,68.83482189161404],[-33.29798030242546,68.83556655856499],[-33.29858233471775,68.83638701418577],[-33.30042382498869,68.83691320742147],[-33.30205595340194,68.83780953341804],[-33.30389764290895,68.83833121110072],[-33.30552524594542,68.83922750973437],[-33.3072642478888,68.83994099394995],[-33.3089987968635,68.84064995689917],[-33.3110545436615,68.84080603010032],[-33.31290066420366,68.84132774860524],[-33.31495631814767,68.84148380760087],[-33.31701181320548,68.84163541043581],[-33.31763160718112,68.8414882962316],[-33.31754236883445,68.84070790903768],[-33.31796605098392,68.83996328402053],[-33.3183941267309,68.83922308546384]]],"type":"Polygon"},"id":"000000000000000000af","properties":{"area":364910.54083860485,"elevation":1091.7819156815688,"region":"SE","year":2018},"type":"Feature"},{"geometry":{"coordinates":[[[-32.6844794485576,69.00478498555043],[-32.68366777456808,69.00433460511242],[-32.680863141221494,69.00450411982777],[-32.67861567842682,69.0037460668376],[-32.6756949257701,69.00409827664295],[-32.67322466380063,69.00371033002078],[-32.670754299442734,69.00332238238815],[-32.668056485552285,69.00330459614368],[-32.66605450389812,69.00392440944601],[-32.66290631491341,69.00465125242582],[-32.65987398871601,69.00518631332486],[-32.65706055979701,69.00535578350123],[-32.65557547471296,69.00601567719494],[-32.654496448273434,69.00690303785224],[-32.65518758277566,69.00753622468183],[-32.657546438998736,69.00811147499955],[-32.660128229420394,69.00831216767385],[-32.66237579414817,69.00907467438894],[-32.664618653692095,69.00983270792823],[-32.66686591196143,69.01059072531714],[-32.66910901932201,69.011348802401],[-32.67180680369006,69.01136665670161],[-32.67380890770391,69.01074683620722],[-32.67489239450888,69.0098594105822],[-32.67700599966153,69.00905234623262],[-32.679119552561076,69.00824968154238],[-32.68123323595846,69.00744258955929],[-32.68231681469234,69.00655976416802],[-32.68339584986529,69.00567241091875],[-32.6844794485576,69.00478498555043]]],"type":"Polygon"},"id":"000000000000000000b0","properties":{"area":648377.8246870622,"elevation":1545.7782683304722,"region":"SE","year":2018},"type":"Feature"},{"geometry":{"coordinates":[[[-33.20343417217069,68.90869136984608],[-33.20199379877225,68.90839259917169],[-33.20055786472562,68.90808942039963],[-33.199010754442725,68.90797348151905],[-33.19757489372426,68.90767027194981],[-33.1959206350324,68.90774160012214],[-33.19559945985683,68.90829447358028],[-33.19527395574884,68.90885192868953],[-33.19391837998543,68.90933348075592],[-33.19514463448496,68.9100068486782],[-33.19636638543177,68.91068017227045],[-33.19758820646895,68.91135348527258],[-33.198297032234116,68.91198664049861],[-33.196428792182495,68.91242805710209],[-33.1945604612273,68.91286509591282],[-33.19268767125155,68.91330650393083],[-33.193717721476204,68.91338681197885],[-33.19559050443938,68.91294539036512],[-33.197458851512124,68.9125038679137],[-33.19932708416913,68.91206243775349],[-33.20119557477776,68.91162548325755],[-33.20284991001718,68.91155413365249],[-33.202140826681536,68.91092093007366],[-33.200919082157895,68.91024761463693],[-33.201244625310856,68.90969021917437],[-33.20259567217779,68.90920863697812],[-33.20343417217069,68.90869136984608]]],"type":"Polygon"},"id":"000000000000000000b1","properties":{"area":120069.96753466401,"elevation":1248.2797039345528,"region":"SE","year":2018},"type":"Feature"},{"geometry":{"coordinates":[[[-33.187193932365105,68.71122900624836],[-33.1863869348477,68.71078313345801],[-33.185579848814506,68.71033271465346],[-33.18477259779763,68.70988233451828],[-33.18396569177443,68.70943644784863],[-33.183051481189885,68.70917333970095],[-33.18203042719529,68.70909311004348],[-33.182324723489984,68.70950333797738],[-33.18313177168938,68.70995365983171],[-33.1824095272871,68.71028369365794],[-33.1811742092862,68.7105779478073],[-33.17993900619191,68.7108722642097],[-33.17870377745039,68.71116657015158],[-33.177468859301214,68.71146089506705],[-33.177254730827286,68.71183098277123],[-33.177553368275106,68.71224118500481],[-33.17846761713207,68.71250432985134],[-33.179381747116,68.71276739591993],[-33.18018866357833,68.71321331121412],[-33.18099578361784,68.71366364730201],[-33.18180307492234,68.71411405147869],[-33.182717111857116,68.71437713876199],[-33.18293120910877,68.71400257305118],[-33.18263685498627,68.71359234400234],[-33.18335919809129,68.71326230623394],[-33.18408148968322,68.71292791242088],[-33.184808473398846,68.71259797506514],[-33.18604352794144,68.71230365783205],[-33.18676593327235,68.71197367674291],[-33.18697994695891,68.71159910716963],[-33.187193932365105,68.71122900624836]]],"type":"Polygon"},"id":"000000000000000000b2","properties":{"area":112872.9498992344,"elevation":614.3516452165092,"region":"SE","year":2018},"type":"Feature"},{"geometry":{"coordinates":[[[-33.36853215409368,68.67226983967664],[-33.36813098678925,68.67204691584097],[-33.367109797759504,68.67197106557002],[-33.36608875884157,68.67189528029522],[-33.3648580220163,68.67218961506123],[-33.363631650643924,68.6724838955669],[-33.362503536692856,68.67259093510178],[-33.36137981834795,68.67270238993218],[-33.360256082561534,68.67280936776145],[-33.35913249190237,68.6729208772743],[-33.35811125543768,68.67284060912597],[-33.35709023379103,68.67276475801027],[-33.35607355803488,68.67268897181127],[-33.35637222915867,68.67309923114189],[-33.35616271989486,68.67346937688114],[-33.35707690579938,68.673732389969],[-33.358200547080784,68.67362536446714],[-33.35901213675944,68.67407135718499],[-33.36002888654369,68.67414712148982],[-33.36104998250405,68.674222950617],[-33.36207094665706,68.6742986996974],[-33.363087680772686,68.67437902570887],[-33.36421586523682,68.67426751224136],[-33.36442540687413,68.67389742760182],[-33.365656234595605,68.67360309488159],[-33.366374092596295,68.67326869090931],[-33.36709212726548,68.67293424009272],[-33.36730600526792,68.6725641085539],[-33.36853215409368,68.67226983967664]]],"type":"Polygon"},"id":"000000000000000000b3","properties":{"area":72075.49812835536,"elevation":873.2533240376468,"region":"SE","year":2018},"type":"Feature"},{"geometry":{"coordinates":[[[-32.561533141190395,69.06736402000799],[-32.56084191698404,69.06672633354502],[-32.56066350147628,69.06612883204863],[-32.55997247475686,69.06549121516395],[-32.559276890784375,69.06485354108806],[-32.558068219365026,69.06417575269305],[-32.5567439330294,69.06368083327992],[-32.55484453402287,69.06411332152946],[-32.55294932582564,69.06455035393567],[-32.551049750757166,69.0649829093013],[-32.54972525311649,69.0644878920698],[-32.54817367419849,69.06436749108892],[-32.54650601435368,69.06442991418263],[-32.54460631001892,69.06486250040457],[-32.542711199791135,69.06529500090251],[-32.542595261650824,69.06547779700975],[-32.543808157949,69.06615566053097],[-32.5450165841579,69.06683788859925],[-32.54622948160476,69.06751565788372],[-32.54536886977714,69.0680284755959],[-32.545542852858816,69.06862593561465],[-32.547094532773734,69.06875083514305],[-32.5486508353824,69.0688712266342],[-32.550091110748795,69.06917887557431],[-32.55175870968262,69.06911649165484],[-32.55331048126242,69.06924132280965],[-32.55521011688944,69.06880434476464],[-32.556766355955496,69.06892911894299],[-32.55831804976677,69.06904958173767],[-32.56021780300768,69.0686170408499],[-32.561363591645225,69.06851451040339],[-32.56067254152347,69.06787677995776],[-32.561533141190395,69.06736402000799]]],"type":"Polygon"},"id":"000000000000000000b4","properties":{"area":328493.3074060857,"elevation":1677.7424645535646,"region":"SE","year":2018},"type":"Feature"},{"geometry":{"coordinates":[[[-32.87124444896182,69.00105274651773],[-32.87106157310896,69.00045967186534],[-32.87087878971858,68.99986212624458],[-32.869661404437814,68.99918433471812],[-32.86895701521539,68.99855117639062],[-32.869808648385586,68.998033924854],[-32.87003159313815,68.99766377669184],[-32.86825685295791,68.99791348454333],[-32.86703935931882,68.9972401845992],[-32.86549202742676,68.9971198005522],[-32.863605984845144,68.99755680815302],[-32.86172412962561,68.99799380579687],[-32.86138986281834,68.9985467107667],[-32.86053819219378,68.99906398718952],[-32.861755342015826,68.99974174369008],[-32.86297278975616,69.00041509159057],[-32.864190080650914,69.00109282706143],[-32.864373041471204,69.00169041409765],[-32.86403843426549,69.00224329790906],[-32.86422584274738,69.0028408572408],[-32.86503736192978,69.0032912135429],[-32.866807592362164,69.00304146539624],[-32.86847081555501,69.00297460022666],[-32.870245590961645,69.00272485397821],[-32.871092710958806,69.00220766238021],[-32.87090991755706,69.00161011548484],[-32.87124444896182,69.00105274651773]]],"type":"Polygon"},"id":"000000000000000000b5","properties":{"area":190752.66540410795,"elevation":1366.7995472319408,"region":"SE","year":2018},"type":"Feature"},{"geometry":{"coordinates":[[[-32.91035525063325,68.99533618181313],[-32.90987355288354,68.99432838088241],[-32.908544807839874,68.99383789145752],[-32.90540543411195,68.99456919346666],[-32.90315378775689,68.9938111459871],[-32.90322957070869,68.99459594353377],[-32.90318937551115,68.99555915359474],[-32.90367086287407,68.99656686562497],[-32.90053192353013,68.99729372969851],[-32.89750409484248,68.99783776339513],[-32.895252173294125,68.9970841015072],[-32.89421775820667,68.99700387590349],[-32.89418209511656,68.99797151888396],[-32.89259021207364,68.99881874588118],[-32.89151982072788,68.99970607407923],[-32.891484234578435,69.00067367825784],[-32.89299587504263,69.00175727048878],[-32.8952477705991,69.00251529446435],[-32.89794550450854,69.00252864883316],[-32.90075031036899,69.00235481649526],[-32.90234232982535,69.00150756723203],[-32.90496403096875,69.00074057138052],[-32.907068854682265,68.99993354501024],[-32.90865640893465,68.99908629182261],[-32.90765755288805,68.9980383940742],[-32.906663028407074,68.99699050276121],[-32.907215993363074,68.99606301288865],[-32.91035525063325,68.99533618181313]]],"type":"Polygon"},"id":"000000000000000000b6","properties":{"area":379239.8597226239,"elevation":1363.2748031199383,"region":"SE","year":2018},"type":"Feature"},{"geometry":{"coordinates":[[[-33.2479359146162,68.92288024268322],[-33.24711990488062,68.92242990885067],[-33.24630378451859,68.92197949763762],[-33.245487823098166,68.92153362441425],[-33.24467176522548,68.92108320375472],[-33.24385128953271,68.9206372889835],[-33.24292837594364,68.9203741950359],[-33.24271440700543,68.92074432465219],[-33.24147024628905,68.921038657429],[-33.24022168022574,68.92133290405208],[-33.2389774671921,68.92162721572133],[-33.23824638547579,68.92195720784385],[-33.23751492995662,68.92229163734387],[-33.23781811395035,68.92270185368268],[-33.238634293990145,68.92314780229724],[-33.23893293023653,68.92355798419806],[-33.238718854920606,68.9239325804768],[-33.23850498562477,68.92430266322098],[-33.23891054748996,68.9245256272669],[-33.239838138045435,68.9247887801715],[-33.240868313842505,68.92486898515367],[-33.241684286560464,68.92531488700243],[-33.24250027538006,68.92576525421296],[-33.24332069043403,68.92621122212853],[-33.243940541444466,68.92606399417984],[-33.24467182781754,68.92573404275926],[-33.24592038876578,68.92543979653227],[-33.2466472669322,68.92510529013326],[-33.24634847754645,68.92469512512193],[-33.2470798906581,68.92436511922894],[-33.24729384655615,68.92399051129618],[-33.24750792345006,68.92362044603405],[-33.247721851503954,68.92325030805804],[-33.2479359146162,68.92288024268322]]],"type":"Polygon"},"id":"000000000000000000b7","properties":{"area":163567.01237735324,"elevation":1270.3453262479316,"region":"SE","year":2018},"type":"Feature"},{"geometry":{"coordinates":[[[-33.11133588198504,68.95308173457745],[-33.10937821663257,68.95274284217777],[-33.10698808135476,68.95314415586218],[-33.104598064853484,68.9535410324875],[-33.10437968527257,68.95391559154568],[-33.10394703025698,68.95465581865605],[-33.1014454651755,68.95523997915213],[-33.1004913930666,68.95594447961474],[-33.10108880881911,68.95676497348128],[-33.10117344867134,68.95754529150739],[-33.10177112093763,68.95836574053703],[-33.10029944524939,68.95903015005946],[-33.09934976576015,68.95973468521046],[-33.09942991071933,68.96051504418628],[-33.098997470235524,68.96125972287503],[-33.10032623913635,68.96174577631278],[-33.10250223342224,68.96171899692304],[-33.10396938933038,68.9610546403255],[-33.104923584079614,68.96035011018691],[-33.10690777183401,68.959725776695],[-33.106823142825476,68.95894541837781],[-33.10880749759406,68.95831673625038],[-33.110274490497105,68.95765227813155],[-33.109159624231914,68.95679614420908],[-33.10753221938537,68.95589545308141],[-33.108482019953186,68.95519532769708],[-33.108401624158695,68.95441051213577],[-33.109351481641056,68.95371045606296],[-33.11133588198504,68.95308173457745]]],"type":"Polygon"},"id":"000000000000000000b8","properties":{"area":258716.7979708127,"elevation":1336.1021726782158,"region":"SE","year":2018},"type":"Feature"},{"geometry":{"coordinates":[[[-33.46456788830242,68.88611046043407],[-33.46406412339416,68.88510718303753],[-33.46304297292922,68.88406376740014],[-33.46408638430608,68.88317642015318],[-33.46182546380909,68.88242725806566],[-33.45977440092496,68.88130802474915],[-33.45730418849313,68.88093348139229],[-33.45452148264729,68.88111628424589],[-33.45482481124225,68.88152648508428],[-33.45532880072801,68.88252985206083],[-33.45377248334219,68.88338153177192],[-33.45375894015867,68.8843491305977],[-33.453232884780725,68.88527661139008],[-33.45270681131797,68.88620856135127],[-33.45012035125238,68.88698444849571],[-33.44701679532167,68.88772466523197],[-33.44412728926911,68.88809032587805],[-33.4436011272117,68.88901780918485],[-33.446174160999185,68.88920952724429],[-33.44864890423202,68.88958411570786],[-33.45132873938032,68.88958857749937],[-33.454008737509255,68.8895930607519],[-33.45690265046296,68.88922291194787],[-33.459480171560806,68.88941468701341],[-33.46144649149555,68.88878592540921],[-33.46248557430372,68.88789408654763],[-33.464559138507305,68.88707812875049],[-33.46456788830242,68.88611046043407]]],"type":"Polygon"},"id":"000000000000000000b9","properties":{"area":439954.4848155355,"elevation":1275.2789720539372,"region":"SE","year":2018},"type":"Feature"},{"geometry":{"coordinates":[[[-33.239352176033684,68.94702622701968],[-33.239155920866494,68.9464287333727],[-33.23782265489254,68.94594269416653],[-33.236168424127996,68.94601403189232],[-33.23450957130894,68.94608096383791],[-33.233671127723625,68.94660263102962],[-33.23335016792382,68.94716008874002],[-33.23251201955514,68.94767730953126],[-33.231156404466496,68.94815444386377],[-33.22928348474319,68.94859590387115],[-33.227410703527006,68.949037296639],[-33.22586335916307,68.9489214136827],[-33.22409765867259,68.94917554572099],[-33.222438734398956,68.94924688174869],[-33.22160044506854,68.94976411514445],[-33.22127936831831,68.95032150783044],[-33.22095383614493,68.95087894028688],[-33.22177418734644,68.95132482715427],[-33.223107592920734,68.95181533266515],[-33.22465489783179,68.95193128793755],[-33.22652780065042,68.9514898543909],[-33.228186545835406,68.95141843941971],[-33.23005492246134,68.95097700063891],[-33.2308976774555,68.95045975004881],[-33.23276608557714,68.9500183499615],[-33.2341215848068,68.9495412415604],[-33.23496440771737,68.94902392578116],[-33.236319973287266,68.94854240040637],[-33.2371582784768,68.94802511349404],[-33.23799654892434,68.947507822359],[-33.239352176033684,68.94702622701968]]],"type":"Polygon"},"id":"000000000000000000ba","properties":{"area":198908.36131208565,"elevation":1321.0536682687937,"region":"SE","year":2018},"type":"Feature"},{"geometry":{"coordinates":[[[-33.43021061156045,68.89557714883964],[-33.42826630519633,68.89427511326117],[-33.42538585369896,68.89367310326179],[-33.42208608913931,68.89381583476585],[-33.41878190202758,68.89396300497754],[-33.41619119721938,68.89473886458914],[-33.41349801290404,68.89569756429002],[-33.409770128458206,68.89658489879007],[-33.40646581563262,68.89672757686817],[-33.403268748699034,68.89668300146782],[-33.399857393221794,68.89701296300333],[-33.39634365555081,68.89752579013023],[-33.39282538392668,68.89804304636418],[-33.39323579076172,68.8982659815721],[-33.395799691914036,68.89942095459959],[-33.39722664982486,68.90069174618189],[-33.400107256932486,68.9012892864244],[-33.40277812122661,68.90226133838405],[-33.405449160127205,68.90323345515425],[-33.40822276876451,68.90401828273968],[-33.41101420223656,68.90383989648359],[-33.411647312446625,68.90272509782376],[-33.41382767891646,68.9017217863131],[-33.41744864067727,68.90102172221964],[-33.420859806091975,68.90069616250533],[-33.42407038457138,68.8997686688434],[-33.42676816057787,68.89881001936311],[-33.428944160837126,68.897806738543],[-33.42957731842494,68.89669196571722],[-33.43021061156045,68.89557714883964]]],"type":"Polygon"},"id":"000000000000000000bb","properties":{"area":895767.2672300797,"elevation":1263.0840956349164,"region":"SE","year":2018},"type":"Feature"},{"geometry":{"coordinates":[[[-33.64939330886523,68.8740709334493],[-33.64846574355087,68.87381233135797],[-33.64723056144821,68.873143470058],[-33.645790407644824,68.87284466702579],[-33.644037925627366,68.87310326682875],[-33.64238796725507,68.87317910542835],[-33.64053287963018,68.87362498750949],[-33.63888317129205,68.8736963448844],[-33.63702356687236,68.87414223496792],[-33.636921171946504,68.87432951282103],[-33.63557886288397,68.87481111026106],[-33.63475413835151,68.8753328557924],[-33.63495910618278,68.87592594735608],[-33.63310418910223,68.87637183735308],[-33.63382207183355,68.87700500399677],[-33.63536937618064,68.87711643976269],[-33.6368096631637,68.87741523396981],[-33.638459562238694,68.87733942898338],[-33.64010932064211,68.87726811768732],[-33.64186184268887,68.87700941730967],[-33.64361422269806,68.87674634281511],[-33.64526409159681,68.87667504395462],[-33.64608914502535,68.87615333806164],[-33.64794839248456,68.87570741486006],[-33.64825614026651,68.87514996766603],[-33.64908122499893,68.87462831883002],[-33.64939330886523,68.8740709334493]]],"type":"Polygon"},"id":"000000000000000000bc","properties":{"area":210688.81095702984,"elevation":1483.8107215447164,"region":"SE","year":2018},"type":"Feature"},{"geometry":{"coordinates":[[[-33.43241329631463,68.92573850531406],[-33.432003173934234,68.92551553739287],[-33.43211021851117,68.92532825949665],[-33.432217261344356,68.92514098158772],[-33.43180695343533,68.9249180568435],[-33.43139665332125,68.92469513090532],[-33.43098655812869,68.92447216010751],[-33.43046920352009,68.92443203855655],[-33.42984501218028,68.92458361728347],[-33.42922517730232,68.92473079336936],[-33.42860075609033,68.92487794074188],[-33.42798110526994,68.92502506791485],[-33.42736125078744,68.9251722361345],[-33.42673700705239,68.925319331921],[-33.42611713949474,68.92546649488997],[-33.425492828068286,68.92561370151881],[-33.424873163157834,68.92576528532742],[-33.4247660442193,68.92594808867841],[-33.42517629628785,68.92617103470248],[-33.42558657485332,68.9263984492838],[-33.425996645433905,68.92662143658028],[-33.425889727422124,68.92680419731074],[-33.42578720945265,68.92699149762439],[-33.42568010960794,68.92717877174306],[-33.425573131905566,68.92736164856454],[-33.42598343371444,68.92758906215704],[-33.42639372463552,68.92781200479837],[-33.426910779488686,68.927847642274],[-33.42742799817742,68.92788782007051],[-33.4278383087445,68.92811075842918],[-33.42835553582616,68.92815093277137],[-33.42897544414827,68.92799928908335],[-33.429599605756366,68.92785210979164],[-33.43021952018075,68.92770493061012],[-33.43032639193383,68.92751769689109],[-33.430433478674665,68.92733488924172],[-33.43053596385806,68.92714758579986],[-33.43064304721098,68.92696477812375],[-33.43075010922035,68.9267775006887],[-33.430852589328104,68.92659019721944],[-33.431477045605355,68.92644303920713],[-33.43209671805392,68.92629589622503],[-33.432203765901846,68.92610861801386],[-33.432310831950254,68.92592580952449],[-33.43241329631463,68.92573850531406]]],"type":"Polygon"},"id":"000000000000000000bd","properties":{"area":78385.29956037826,"elevation":1364.9712109534387,"region":"SE","year":2018},"type":"Feature"},{"geometry":{"coordinates":[[[-33.430250700341674,68.94183586563672],[-33.429943043929825,68.94142565349092],[-33.429122496777794,68.94097976903862],[-33.42819500905223,68.94071664648358],[-33.42716052880427,68.94064086965608],[-33.42602352891439,68.94075227391444],[-33.42488644910879,68.94085931542661],[-33.42363795198999,68.94115809754865],[-33.42239365315498,68.9414523966613],[-33.4211496680227,68.9417467140613],[-33.4201151860537,68.94167088572783],[-33.41887116965555,68.94196518353802],[-33.41866149367012,68.94233971465769],[-33.41896470015978,68.94274548628213],[-33.419999238139866,68.94282579261339],[-33.42081965689414,68.94327173232469],[-33.42185421071319,68.94334755497644],[-33.42288863122692,68.94342329751768],[-33.42402581639003,68.94331180054131],[-33.42516281567475,68.94320480805374],[-33.42630437306062,68.94309336280855],[-33.42733436866145,68.9431691190641],[-33.42858310003482,68.94287484512802],[-33.42982702468145,68.94258057822057],[-33.43003673473778,68.94220598842143],[-33.430250700341674,68.94183586563672]]],"type":"Polygon"},"id":"000000000000000000be","properties":{"area":98321.44511329841,"elevation":1395.946053544687,"region":"SE","year":2018},"type":"Feature"},{"geometry":{"coordinates":[[[-33.69920129865533,68.9350937295519],[-33.69764962326781,68.9340146013387],[-33.69713232074303,68.93301136324835],[-33.69661511131777,68.93200800812238],[-33.69506335230692,68.93092894145917],[-33.692998800374035,68.92981410173557],[-33.69041260250871,68.92962687102712],[-33.69072460766427,68.93003711566831],[-33.692793698839374,68.93115189115863],[-33.694858204871586,68.93226666290039],[-33.69382373181728,68.93316287696132],[-33.69382364827883,68.93412610588258],[-33.694340897563826,68.93513382810752],[-33.693823857222895,68.93606134611188],[-33.69331102029375,68.93698885319826],[-33.691241958617894,68.93780931208255],[-33.69072473878039,68.9387368241282],[-33.688138369693434,68.93952163182429],[-33.68555656619931,68.94030189907382],[-33.68793326942325,68.94085934886817],[-33.69062220526574,68.94085934220104],[-33.69299878961971,68.94044908458498],[-33.69558515133804,68.93966877279702],[-33.696619445992894,68.9387769039892],[-33.6986841423413,68.93795649312713],[-33.69920139112959,68.93702898426709],[-33.69920134655844,68.93606135621279],[-33.69920129865533,68.9350937295519]]],"type":"Polygon"},"id":"000000000000000000bf","properties":{"area":245123.97145737745,"elevation":1605.0021392741216,"region":"SE","year":2018},"type":"Feature"},{"geometry":{"coordinates":[[[-29.132582560981966,69.91336249668595],[-29.13182000435389,69.91289434442606],[-29.13105740946503,69.91242167651035],[-29.129840229033316,69.91250193869192],[-29.12862270232336,69.91258215216797],[-29.127405367625908,69.91265799775184],[-29.12619260572426,69.9127382388668],[-29.124975202000886,69.9128184995996],[-29.12360633732185,69.91308159088078],[-29.12330307137675,69.91344723241617],[-29.122464753327154,69.91375942788791],[-29.12163085674801,69.91407594776098],[-29.12079270732693,69.91438809664541],[-29.121555122577227,69.91486081918644],[-29.12231771215797,69.91532898821406],[-29.123231885030336,69.91561882424558],[-29.124297411615622,69.9157214161553],[-29.125666433478536,69.91545831643447],[-29.12703543018597,69.91519520455836],[-29.128101249268305,69.91530224297331],[-29.129470009830175,69.91503914705642],[-29.130687326200817,69.91495888617354],[-29.13137397909298,69.91482953078851],[-29.131677278065087,69.91446395066862],[-29.130914848348297,69.91399124445716],[-29.131748578930782,69.9136791090472],[-29.132582560981966,69.91336249668595]]],"type":"Polygon"},"id":"000000000000000000c0","properties":{"area":106726.431387247,"elevation":1415.2457556173192,"region":"SE","year":2018},"type":"Feature"},{"geometry":{"coordinates":[[[-32.880434705559594,69.12845370887732],[-32.88024721959819,69.12785617464263],[-32.87772363435896,69.12844033985574],[-32.87519513311567,69.12902446136431],[-32.87266675482846,69.12960414086207],[-32.870138525323,69.13018827925379],[-32.86783313436927,69.13039790621822],[-32.86586218580957,69.13005454686218],[-32.86423029308266,69.12915382954495],[-32.86259818566222,69.12825306319297],[-32.86252237811607,69.12746827793174],[-32.86297274710079,69.12672804223027],[-32.86289703814976,69.12594768778429],[-32.860707540238224,69.12596998547428],[-32.860257230994016,69.12671464286832],[-32.859811250609596,69.12745484191896],[-32.85988259004678,69.12823518650718],[-32.860475679297394,69.12906011844834],[-32.861291698506186,69.12951051672968],[-32.86292830088421,69.13041127011097],[-32.86478318478081,69.13094189505509],[-32.86675418343794,69.13128526913256],[-32.868836417778994,69.1314457427203],[-32.87113738086725,69.13123624356149],[-32.87344273306317,69.13102213341912],[-32.87597105085352,69.13044248069389],[-32.877460398550866,69.12977809903893],[-32.878945313279445,69.12911816172138],[-32.880434705559594,69.12845370887732]]],"type":"Polygon"},"id":"000000000000000000c1","properties":{"area":153598.93960093177,"elevation":1653.4519118505539,"region":"SE","year":2018},"type":"Feature"},{"geometry":{"coordinates":[[[-32.748659196137204,69.15713462558955],[-32.7482533893372,69.15691167478124],[-32.74720990151782,69.15683141491083],[-32.74594367977942,69.15712124274073],[-32.74467723181995,69.15741110251392],[-32.7434109574826,69.15770090872537],[-32.74213998421842,69.15799077216151],[-32.74121257169085,69.15772323508531],[-32.740285069729765,69.15746016409703],[-32.74057932946117,69.15787041862198],[-32.73983471291165,69.15820040704347],[-32.738563882440125,69.15849019680385],[-32.73729743996271,69.15878006647446],[-32.73654828310273,69.15911006402783],[-32.735803779683344,69.15943999017107],[-32.73620938388549,69.15966745006882],[-32.73725298284258,69.15974767379112],[-32.73851927786466,69.15945784637302],[-32.739785546585104,69.15916800814722],[-32.74105660332927,69.15887816430245],[-32.74221146606502,69.15877111383155],[-32.74336635208512,69.15866859956463],[-32.74463267890976,69.15837879286366],[-32.74589903781563,69.15808885941713],[-32.74716542304128,69.15779455886985],[-32.747914555598,69.15746458127616],[-32.748659196137204,69.15713462558955]]],"type":"Polygon"},"id":"000000000000000000c2","properties":{"area":51199.64653371108,"elevation":1732.318807017544,"region":"SE","year":2018},"type":"Feature"},{"geometry":{"coordinates":[[[-33.171355267633515,69.04713312651977],[-33.170017570007666,69.04664708797587],[-33.16857278062926,69.04634378989026],[-33.16723053633874,69.0458578063639],[-33.16567449988641,69.04573741439215],[-33.164118113299764,69.04562144677696],[-33.16245500899799,69.04569278407578],[-33.16057312063154,69.04612982459622],[-33.15869153781125,69.04657122549925],[-33.15680969689784,69.04701264572732],[-33.15492793869711,69.04745411472808],[-33.15315328239683,69.04770827277368],[-33.15159700395089,69.04758788604585],[-33.15137854110369,69.04796252516007],[-33.15105298162591,69.04851986292815],[-33.15239078091938,69.04900588153608],[-33.153839829447854,69.0493091190496],[-33.15539607344388,69.04942505252595],[-33.15695233904038,69.04954096881166],[-33.1585087685873,69.04965694066159],[-33.15984637696609,69.05014744525792],[-33.161620978740956,69.04989324491142],[-33.16317727487116,69.05000920849615],[-33.16505907247455,69.04956774418345],[-33.1667222191637,69.04950088770799],[-33.167569574250045,69.04898363317643],[-33.168929450058606,69.04850203279422],[-33.17029404356002,69.04802488216389],[-33.17114127603202,69.04750760865316],[-33.171355267633515,69.04713312651977]]],"type":"Polygon"},"id":"000000000000000000c3","properties":{"area":250561.10206284575,"elevation":1495.2488448100987,"region":"SE","year":2018},"type":"Feature"},{"geometry":{"coordinates":[[[-33.18567350143892,69.04394481079001],[-33.1852633234564,69.04371740008527],[-33.185374794914075,69.0435345973015],[-33.18548169324611,69.04334728979347],[-33.18507149935215,69.043124349535],[-33.18517854024903,69.04293711508319],[-33.18528989330168,69.04274976893366],[-33.18487971103189,69.04252682818445],[-33.184469536605484,69.04230388624208],[-33.184059397751824,69.0420764721776],[-33.18353753777204,69.04204084317938],[-33.1829133104025,69.04218789180484],[-33.18239607798496,69.04214782152951],[-33.181874249464755,69.04210771546968],[-33.181357049760635,69.04207199624128],[-33.18083982461383,69.04203192024978],[-33.18072832822875,69.04221471936862],[-33.180621257899396,69.04240195059211],[-33.18051432820085,69.042589254532],[-33.18092446627115,69.04281220831066],[-33.18133461218473,69.04303516089634],[-33.18174507858492,69.04326261262123],[-33.18215524026142,69.04348556282056],[-33.18256115174534,69.04370850735766],[-33.18297130110179,69.04393592612577],[-33.18286426663687,69.04411868844305],[-33.18275714642312,69.04430603775721],[-33.182645623868886,69.04449330986013],[-33.18202147036674,69.04464042848146],[-33.1813926551781,69.04478762663942],[-33.181285747302354,69.04497046086979],[-33.18117421027818,69.04515773213319],[-33.18106715652128,69.0453404935934],[-33.18158439661188,69.04538068429262],[-33.18210629437627,69.04542079089236],[-33.182516494607356,69.04564374030736],[-33.18303360321153,69.04568385292264],[-33.18355085668195,69.04572403636824],[-33.18407259725971,69.04575970804],[-33.18469696977666,69.04561253666428],[-33.18480845537056,69.04542973371788],[-33.18491536762466,69.04524242601974],[-33.18502259137219,69.04505961863566],[-33.18513395684294,69.0448722719509],[-33.185241006233355,69.04468503692874],[-33.185347883917345,69.0445022001052],[-33.18545938642569,69.04431492608722],[-33.18556643053612,69.04412769101334],[-33.18567350143892,69.04394481079001]]],"type":"Polygon"},"id":"000000000000000000c4","properties":{"area":54824.4002705478,"elevation":1491.497276970954,"region":"SE","year":2018},"type":"Feature"},{"geometry":{"coordinates":[[[-32.92640347423647,69.12711594697141],[-32.92536004393137,69.12703576594508],[-32.92346488843796,69.12747269574687],[-32.92261320218397,69.12798999890117],[-32.92071807675795,69.12842696699886],[-32.91882303389728,69.12886398385488],[-32.91692805222326,69.12930540533502],[-32.91503289017187,69.12974237371002],[-32.91313781067104,69.13017939085009],[-32.91146562346084,69.1302462703054],[-32.909793315561735,69.1303087013544],[-32.90800982695575,69.13056288366188],[-32.906449076663876,69.13044243570681],[-32.9063374234821,69.1306297463904],[-32.907675374565244,69.13112026121624],[-32.909458906876424,69.13086608245172],[-32.91101971279332,69.13098649708712],[-32.912691808801306,69.13091954924872],[-32.91425244910004,69.13103997127992],[-32.91603608100805,69.13078578404088],[-32.917708257226074,69.13071896666901],[-32.919380411086564,69.1306564856485],[-32.92127546957531,69.13021503017129],[-32.92317073167118,69.12977805231891],[-32.92350508205711,69.12922514510166],[-32.92487851545617,69.12874798842105],[-32.925734598607015,69.12823075646448],[-32.926068944878665,69.1276733733292],[-32.92640347423647,69.12711594697141]]],"type":"Polygon"},"id":"000000000000000000c5","properties":{"area":107383.329455561,"elevation":1647.6538686415902,"region":"SE","year":2018},"type":"Feature"},{"geometry":{"coordinates":[[[-32.85892837728268,69.15688493778018],[-32.85460745072437,69.1577187782278],[-32.850964403908414,69.15744238029916],[-32.84914067500937,69.15594407708224],[-32.85044721004986,69.15468660607992],[-32.85123204712639,69.15338457217196],[-32.852016902728344,69.15208696614145],[-32.849158372072964,69.15050842944828],[-32.847339124292105,69.14901020992299],[-32.84369606485703,69.14873372637332],[-32.8402759893649,69.14808264893254],[-32.836967252879056,69.14724436295128],[-32.833324265301066,69.14696345690149],[-32.83224058211146,69.14785077723589],[-32.83093409671969,69.14911272506698],[-32.83014928654067,69.1504103115279],[-32.82988166049876,69.15174804468677],[-32.82961881235543,69.15308578213481],[-32.8303945256862,69.1545037995288],[-32.834037558853275,69.15478468102947],[-32.83779668622937,69.15487834274207],[-32.84144429634131,69.15515923753345],[-32.84497588601882,69.1556229726128],[-32.84783847574161,69.1572015109338],[-32.84965793060972,69.15869981878348],[-32.852632145742014,69.160091049552],[-32.856315359140105,69.15940435280204],[-32.85814346654463,69.15818698651668],[-32.85892837728268,69.15688493778018]]],"type":"Polygon"},"id":"000000000000000000c6","properties":{"area":736278.1028067534,"elevation":1701.8743976793407,"region":"SE","year":2018},"type":"Feature"},{"geometry":{"coordinates":[[[-33.24896591134728,69.07288882534559],[-33.24866263585852,69.07247859652354],[-33.24773082272519,69.07221550529293],[-33.24669177853046,69.07213523578498],[-33.24565287009883,69.0720595022925],[-33.24472077186959,69.07179636174766],[-33.24368188973619,69.07172061367136],[-33.24253579074878,69.07182756687581],[-33.2414969203864,69.07175180276602],[-33.24127859513409,69.07212190549053],[-33.240025493934795,69.07241616342844],[-33.239806941499495,69.07278630793418],[-33.238553935010515,69.07308062635644],[-33.23885723560963,69.07349083530241],[-33.23812140881212,69.07382529893373],[-33.238424709917425,69.0742355091962],[-33.2392450875131,69.07468143989796],[-33.24017707776831,69.07494454419941],[-33.24121605891014,69.07502478798594],[-33.24225506745319,69.07510055308396],[-33.243512555649026,69.0748062758776],[-33.24476541162859,69.0745119561831],[-33.24580454544854,69.0745922390763],[-33.24706197565924,69.07429793136244],[-33.24727599089689,69.07392334586257],[-33.24749458800651,69.07355326300885],[-33.24770857264771,69.0731831483792],[-33.24896591134728,69.07288882534559]]],"type":"Polygon"},"id":"000000000000000000c7","properties":{"area":110101.89475815489,"elevation":1616.2095393130385,"region":"SE","year":2018},"type":"Feature"},{"geometry":{"coordinates":[[[-33.06509931738889,69.14364140528528],[-33.06480062968773,69.1432312083532],[-33.064497335684145,69.14282097341082],[-33.06419852510361,69.14241070258886],[-33.06441726427936,69.14204061127441],[-33.063596801988425,69.14159022440188],[-33.06277617212454,69.14113987594833],[-33.062472937456754,69.14072963719128],[-33.063213026784304,69.14039516755179],[-33.0623927335416,69.13994931847714],[-33.06157238151037,69.13949892006791],[-33.0607518619151,69.13904856007579],[-33.059596952039755,69.13915555874414],[-33.058664758200884,69.13889244492783],[-33.05773739752984,69.13862496378111],[-33.057514468592785,69.13899946441803],[-33.05729600127895,69.13936957416475],[-33.0570730539718,69.13973971893981],[-33.057376181073806,69.14014996971127],[-33.05819666543595,69.1406003500288],[-33.05797804889409,69.14097038876368],[-33.05879857247525,69.14142076569766],[-33.05909747513013,69.14183100518088],[-33.05887894874717,69.14220559044426],[-33.058655852012535,69.14257566620564],[-33.05843736406853,69.14294577955836],[-33.058736276836875,69.14335602047548],[-33.059561167883786,69.14380640144506],[-33.05985991068058,69.14421668334424],[-33.06015872015496,69.14462684868559],[-33.06109060927958,69.14488996578223],[-33.062134061458366,69.14497021354347],[-33.06339615812806,69.14467593365748],[-33.064657834308804,69.14438608509082],[-33.06435914641544,69.14397588685814],[-33.06509931738889,69.14364140528528]]],"type":"Polygon"},"id":"000000000000000000c8","properties":{"area":130944.22874531966,"elevation":1693.6565794504834,"region":"SE","year":2018},"type":"Feature"},{"geometry":{"coordinates":[[[-33.12006663479485,69.16483549624519],[-33.119763594923356,69.16442526591202],[-33.11998192821495,69.16405068671517],[-33.119157003168176,69.16360481738518],[-33.11833662989367,69.1631544343933],[-33.11751166778104,69.16270401089126],[-33.1165797389348,69.16244096695829],[-33.11553630517729,69.16236067686249],[-33.11531772354269,69.16273529225668],[-33.115616586279806,69.16314548259298],[-33.114876202913464,69.1634755001669],[-33.114657842017316,69.16384560025926],[-33.11496098358732,69.16425579881484],[-33.11578152117268,69.16470615883556],[-33.11660651220466,69.1651565931224],[-33.11586623285628,69.16549104566926],[-33.11460429010431,69.16578085245727],[-33.11333799905977,69.16607511395065],[-33.11207610288762,69.16636944380382],[-33.110814179904246,69.16666376292068],[-33.11111728381275,69.16707397141165],[-33.111415919035814,69.16748421624459],[-33.1106758895445,69.16781420205947],[-33.111830671005535,69.16770719299473],[-33.112874169262426,69.16778743571605],[-33.1139175209542,69.16786324222109],[-33.11517962398392,69.16756896777146],[-33.116441514779915,69.16727908156092],[-33.11665992779294,69.16690450530722],[-33.117926192195554,69.16661468577563],[-33.118666626013,69.16628029480718],[-33.1188851526776,69.16591014456394],[-33.119625210125974,69.16557571974305],[-33.119848136880044,69.1652056475106],[-33.12006663479485,69.16483549624519]]],"type":"Polygon"},"id":"000000000000000000c9","properties":{"area":105570.95258707521,"elevation":1744.201168557647,"region":"SE","year":2018},"type":"Feature"},{"geometry":{"coordinates":[[[-33.06347629134583,69.19316868971023],[-33.06317301057956,69.19275841859019],[-33.062874365386946,69.19234818438957],[-33.061937802100694,69.19208507668478],[-33.06089448763738,69.19200478923517],[-33.05985092978598,69.19192900930551],[-33.058584691409635,69.19221886944679],[-33.05731822975824,69.19251311793099],[-33.05709973970934,69.19288324393521],[-33.05635503757774,69.19321771595222],[-33.05613209997223,69.19358776016296],[-33.05591358105728,69.19395788513204],[-33.05569077181942,69.19432800199951],[-33.05599379292393,69.19473821801871],[-33.05577092216398,69.1951128074626],[-33.056074296080595,69.19552305327812],[-33.05700614150723,69.19578608932454],[-33.05805387838444,69.19586641194661],[-33.059208886064944,69.19575934202801],[-33.060363830090985,69.19565237894854],[-33.060582354371064,69.19527777490627],[-33.06132696255914,69.19494786803051],[-33.062067178424236,69.19461340492381],[-33.062811947682064,69.19428344780266],[-33.06303485089068,69.19391327777072],[-33.06325325979558,69.1935387870905],[-33.06347629134583,69.19316868971023]]],"type":"Polygon"},"id":"000000000000000000ca","properties":{"area":99227.63354751327,"elevation":1773.1773418590367,"region":"SE","year":2018},"type":"Feature"},{"geometry":{"coordinates":[[[-32.97986810311704,69.1350621386349],[-32.97770535766615,69.1341256938751],[-32.974548341254206,69.13485249985574],[-32.972167292325686,69.13428624029694],[-32.96956755772693,69.13408558677924],[-32.966963544322645,69.13388934650588],[-32.964693793588985,69.13313576489536],[-32.96220109211717,69.13275231590268],[-32.959931425470224,69.13199870002018],[-32.957773129042785,69.13105781638215],[-32.955173580191605,69.13086164333669],[-32.952680930572676,69.13047811115295],[-32.95019266316535,69.13009019024005],[-32.94758880822195,69.12989402518838],[-32.94509617474234,69.12951051764128],[-32.94517186302435,69.13029086926343],[-32.94744159885796,69.1310489084916],[-32.95004557562238,69.13124507526379],[-32.95264528571616,69.13144129888646],[-32.955360890840524,69.13145464224881],[-32.95763053485123,69.13220828930312],[-32.96011866270464,69.13259173531239],[-32.96238851958459,69.13334977692782],[-32.96488108692235,69.13373326533106],[-32.96715069990442,69.13448688696332],[-32.96964329319092,69.13487033375517],[-32.972024664022875,69.13543666579757],[-32.97462865430346,69.13563732677227],[-32.97745116258286,69.13546342422927],[-32.97986810311704,69.1350621386349]]],"type":"Polygon"},"id":"000000000000000000cb","properties":{"area":133662.79404800283,"elevation":1638.7904546433933,"region":"SE","year":2018},"type":"Feature"},{"geometry":{"coordinates":[[[-32.91146992733598,69.14925984974312],[-32.910243775460664,69.14858657072637],[-32.908455606277506,69.14883631103767],[-32.907082292934604,69.14931341400613],[-32.905704456473174,69.14979053499552],[-32.90380920997839,69.15022753444894],[-32.901909630485875,69.15066449698303],[-32.90001460667673,69.15110147798462],[-32.898115050082914,69.15153846492437],[-32.89666576311781,69.15123528722845],[-32.894989031599195,69.15130214104524],[-32.8930940097405,69.15173910532211],[-32.89298256798502,69.15192197078757],[-32.89316535293016,69.15251947139376],[-32.894619047342175,69.15282712676245],[-32.89617984548181,69.15294310114062],[-32.89785635248991,69.15287620199193],[-32.89941710108616,69.15299661279245],[-32.90120514819442,69.15274687723652],[-32.903100289217264,69.15230987840563],[-32.90488828886433,69.15205574182372],[-32.90615023067858,69.15176592991773],[-32.90752817687129,69.15128880235758],[-32.908384271392045,69.1507714845204],[-32.90924047217492,69.15025423527963],[-32.91009663715664,69.1497369816183],[-32.91146992733598,69.14925984974312]]],"type":"Polygon"},"id":"000000000000000000cc","properties":{"area":137287.54778495873,"elevation":1712.160109218568,"region":"SE","year":2018},"type":"Feature"},{"geometry":{"coordinates":[[[-32.82787951271105,69.1694506821504],[-32.827063677489136,69.1690003268624],[-32.82590876668333,69.16910737032991],[-32.824642357219126,69.16939721412326],[-32.823375921413174,69.16968704710702],[-32.822105183336674,69.16997685423368],[-32.82083873910822,69.17027121087841],[-32.81957242394462,69.17056096854178],[-32.818306024369456,69.17085083136236],[-32.81807855253755,69.17122089932208],[-32.81733379851225,69.1715553543191],[-32.81658912328449,69.17188533356017],[-32.8153183508529,69.17217515625191],[-32.81405197013762,69.17246505645699],[-32.814350705358834,69.17287523479429],[-32.813601719297914,69.17320972992533],[-32.813378770562885,69.17357983802619],[-32.81262950746932,69.17390982621066],[-32.81188490147806,69.17423974046517],[-32.81229502825567,69.17446716500409],[-32.813561331748296,69.17417732119561],[-32.81482784954274,69.17388306745619],[-32.81505525654824,69.17351292955489],[-32.816321627118064,69.17322313559774],[-32.816544728490776,69.17285298071617],[-32.81781552718743,69.17256314665335],[-32.819081921154336,69.17226885720392],[-32.820348190590124,69.17197902917701],[-32.82161463363565,69.17168914748488],[-32.82288546841061,69.17139934311042],[-32.82415175575989,69.17110501041373],[-32.82541826137549,69.17081516936531],[-32.82668454070955,69.17052536037328],[-32.82742939645155,69.17019536115987],[-32.82765681531556,69.16982080816605],[-32.82787951271105,69.1694506821504]]],"type":"Polygon"},"id":"000000000000000000cd","properties":{"area":95602.87981055911,"elevation":1733.349535997604,"region":"SE","year":2018},"type":"Feature"},{"geometry":{"coordinates":[[[-32.70955297278077,69.16847863064247],[-32.709031212867764,69.16843849280261],[-32.70850957390484,69.16839388070986],[-32.70798781912751,69.16835373902671],[-32.70735463008132,69.16850088591107],[-32.70672135304132,69.16864360046223],[-32.70608387649809,69.16879072342394],[-32.70545058640272,69.16893343255109],[-32.704817370786024,69.1690805686156],[-32.70418414847184,69.16922770198087],[-32.7036624501495,69.16918318815438],[-32.70314069370226,69.16914302882385],[-32.702507462472866,69.16929015489272],[-32.701869869877115,69.16943282996475],[-32.70123676681164,69.16958002384318],[-32.7011252766002,69.16976731033137],[-32.70100928850563,69.16995007523752],[-32.700376167784555,69.17009726559313],[-32.70026031386232,69.17028010327209],[-32.70067044666484,69.17050748612131],[-32.70055459261413,69.17069032412977],[-32.70044309132889,69.17087761045342],[-32.70084876110347,69.17110501684239],[-32.70125903338591,69.17132792567746],[-32.701664860525035,69.17155540294794],[-32.70218652289233,69.1715954940442],[-32.70281981765759,69.17144836832571],[-32.70345284481419,69.17130563903393],[-32.70397464893071,69.17134579684186],[-32.70449645556854,69.17138595272823],[-32.70501792315708,69.17142607616621],[-32.70553973483547,69.17146622821068],[-32.7061730928076,69.1713235175523],[-32.706284553605194,69.17113622709434],[-32.706400368375704,69.17095338476763],[-32.70651182548323,69.17076609425493],[-32.70662789685828,69.17057885274279],[-32.70673923144606,69.17039603452103],[-32.706333510357275,69.17016864551074],[-32.705927736883694,69.16994561175235],[-32.70603919211309,69.16975832185415],[-32.706672420728935,69.16961118014268],[-32.70730999839629,69.16946848385355],[-32.70794321371652,69.16932133672265],[-32.70857630390294,69.16917865922834],[-32.70920950594723,69.16903150669766],[-32.709325629295975,69.16884869333255],[-32.70943705320314,69.16866140136707],[-32.70955297278077,69.16847863064247]]],"type":"Polygon"},"id":"000000000000000000ce","properties":{"area":67511.03834968405,"elevation":1762.263620571669,"region":"SE","year":2018},"type":"Feature"},{"geometry":{"coordinates":[[[-33.062089544808465,69.095518766463],[-33.06159896965743,69.09451106755681],[-33.061108489070776,69.0935032518558],[-33.06061793808406,69.09250002286666],[-33.06064918816103,69.09153231591314],[-33.05867832638698,69.09118898290531],[-33.05652002643611,69.09024809682724],[-33.05381335859899,69.09023925833368],[-33.05088832036593,69.09060041141578],[-33.04992503244416,69.09130047061376],[-33.049898358355875,69.09226813099235],[-33.049345414182596,69.0931956048707],[-33.04879683568386,69.09412751486161],[-33.048248408411176,69.09505502572567],[-33.049256263284,69.09609847821702],[-33.04974667319672,69.09710625637766],[-33.05075433348288,69.09814966986596],[-33.05176222550172,69.09919750509447],[-33.05299279019963,69.09987086238054],[-33.05537397817132,69.10044165735025],[-33.05830372038239,69.1000804606663],[-33.05936945261994,69.09918865783325],[-33.06096132211513,69.0983413931791],[-33.061509849695376,69.09741393602506],[-33.06101932496278,69.09640611669413],[-33.062089544808465,69.095518766463]]],"type":"Polygon"},"id":"000000000000000000cf","properties":{"area":476202.022184553,"elevation":1616.226087154951,"region":"SE","year":2018},"type":"Feature"},{"geometry":{"coordinates":[[[-32.88690917083436,69.03543241386429],[-32.88661485279221,69.03502216510417],[-32.88505884124061,69.03490177737932],[-32.88361853200906,69.03459854812273],[-32.88239664779428,69.0339207602794],[-32.88084480017212,69.03380038201581],[-32.88113920119402,69.03421060028646],[-32.88080469923384,69.03476805064774],[-32.8794358498875,69.03524514100727],[-32.87910594411405,69.03580251643689],[-32.87773235690763,69.03627966425468],[-32.87740248141656,69.03683256571084],[-32.87655082498705,69.03734983453013],[-32.876216370167285,69.03790723509132],[-32.87639914935269,69.03850477078991],[-32.87503015300474,69.03898189722575],[-32.87314404381157,69.03941882321249],[-32.871253366029244,69.0398558701698],[-32.87228784324368,69.0399316279442],[-32.87417845648132,69.03949468326142],[-32.87606461599902,69.03905762765966],[-32.877950915095866,69.03862516541811],[-32.879618517699704,69.03855824901234],[-32.8812818655425,69.03849129961203],[-32.88213361596755,69.03797407527705],[-32.88402408895602,69.03753707712623],[-32.885910391121705,69.03710011443003],[-32.886762001898326,69.03658286483815],[-32.886574834362115,69.0359897615911],[-32.88690917083436,69.03543241386429]]],"type":"Polygon"},"id":"000000000000000000d0","properties":{"area":146349.43212721092,"elevation":1450.971531478192,"region":"SE","year":2018},"type":"Feature"},{"geometry":{"coordinates":[[[-32.449310901819274,69.13854468531491],[-32.44810258295973,69.13786242231198],[-32.44896756518724,69.13734960459706],[-32.44879367509659,69.13675207250223],[-32.44914138149302,69.13619473202765],[-32.44845018178558,69.13555703504576],[-32.44723740163533,69.13487925389565],[-32.44602449234569,69.13420150463843],[-32.44585515690085,69.13360395436233],[-32.444294367384295,69.13347913346067],[-32.44342944447234,69.13399191993298],[-32.441525429777926,69.13442445277471],[-32.43961689167015,69.13485697694988],[-32.43823003041919,69.13532966592724],[-32.437364923024944,69.13584241891355],[-32.43597814000201,69.13631959124672],[-32.43563044823899,69.13687250405731],[-32.43528257112435,69.13742988898733],[-32.434934845550146,69.13798280121667],[-32.43510858985798,69.13858031231808],[-32.43579988786575,69.13921799448627],[-32.43649088186907,69.13985564225835],[-32.43770379060287,69.1405379072827],[-32.43903268824545,69.14103282337598],[-32.44035694624249,69.14152335486837],[-32.441685761376085,69.1420182880624],[-32.44358984855352,69.14158575380169],[-32.44497659885733,69.1411130909961],[-32.44636329931915,69.14064041557805],[-32.447750290485295,69.14016775869622],[-32.44809807702278,69.13961041758496],[-32.44844574017139,69.1390574327735],[-32.449310901819274,69.13854468531491]]],"type":"Polygon"},"id":"000000000000000000d1","properties":{"area":364740.84477499436,"elevation":1855.1576514641795,"region":"SE","year":2018},"type":"Feature"},{"geometry":{"coordinates":[[[-32.98766702827435,69.02355336484487],[-32.98707402015645,69.02273293687097],[-32.986480909099036,69.02191243400759],[-32.98484900399515,69.02101164341151],[-32.984255810507484,69.02019117506333],[-32.98262371179104,69.01929044510857],[-32.981513651066024,69.01842986834285],[-32.98039873896153,69.01756921277176],[-32.9787711551408,69.01667292016005],[-32.97817807237386,69.01585247119948],[-32.977580644699295,69.0150275815881],[-32.97698749797662,69.0142070557593],[-32.97524854431226,69.0134936469979],[-32.975547327069016,69.013903839621],[-32.9756231906024,69.01468421976476],[-32.97569884949072,69.01546899880822],[-32.977326426946895,69.01636528411632],[-32.97792401594043,69.01719024902233],[-32.97851711831127,69.01801070032197],[-32.98014457048578,69.01891139485193],[-32.980742181669996,69.01973192112439],[-32.98133524027916,69.0205524049753],[-32.98244997634765,69.0214130251233],[-32.98356020050373,69.02227359637881],[-32.98519233102475,69.02317435993041],[-32.98693136094152,69.02388774554528],[-32.98766702827435,69.02355336484487]]],"type":"Polygon"},"id":"000000000000000000d2","properties":{"area":104664.76415281999,"elevation":1424.8321265377863,"region":"SE","year":2018},"type":"Feature"},{"geometry":{"coordinates":[[[-32.998154791172794,69.02047656677207],[-32.997338922398114,69.02002617899397],[-32.99756187268186,69.0196561028474],[-32.996745844126295,69.01920575485656],[-32.99592984705835,69.01875540214232],[-32.99511373985643,69.01830497178256],[-32.99429780576469,69.01785460962172],[-32.99348615426196,69.01740425292485],[-32.992447227035385,69.01732841999686],[-32.99163563096358,69.01687805250704],[-32.99081961685576,69.01642771314984],[-32.98978520303904,69.01634747243403],[-32.98885779487771,69.01608436708727],[-32.9886391473094,69.01645451199974],[-32.98893800188474,69.01686471846129],[-32.98871495474218,69.01723478069962],[-32.98953109228094,69.01768520572124],[-32.98931249474625,69.01805523653908],[-32.99012407974677,69.01850561809698],[-32.99093994739939,69.01895600524357],[-32.99072149889715,69.01932611170945],[-32.991533153819816,69.01977648529531],[-32.99257211724489,69.0198567952211],[-32.99338368612578,69.02030708509027],[-32.99419967964155,69.02075745337096],[-32.9952387015523,69.0208377433534],[-32.99605016417095,69.02128370572181],[-32.99719618143117,69.02118111772046],[-32.99741920787497,69.02080656998663],[-32.998154791172794,69.02047656677207]]],"type":"Polygon"},"id":"000000000000000000d3","properties":{"area":96509.06824475122,"elevation":1431.814071099212,"region":"SE","year":2018},"type":"Feature"},{"geometry":{"coordinates":[[[-30.079428142560293,69.05926630889749],[-30.079084715948923,69.05824965726033],[-30.07515619142171,69.05689402669465],[-30.071776280308434,69.05480275060751],[-30.07146845939712,69.05300571232262],[-30.06781205264455,69.05128446950084],[-30.063477774143887,69.05047739129894],[-30.065970370485473,69.0522878317545],[-30.06729926428729,69.05418289648374],[-30.06863264027082,69.05607357945554],[-30.064329459187174,69.05743359185475],[-30.058759994237242,69.05827638103008],[-30.05319063583559,69.05911918659142],[-30.049400369598864,69.05757630173798],[-30.045061642456265,69.05676917926085],[-30.0433181596124,69.0583700656739],[-30.0441341505877,69.06021607919881],[-30.047037038483886,69.06147356562415],[-30.051514039434572,69.06209779351225],[-30.057221755699377,69.06107224511463],[-30.062380899445312,69.06077797518566],[-30.06524804064067,69.06282020006654],[-30.06805277617238,69.0634801199852],[-30.071842942075435,69.06207552834643],[-30.077684360187742,69.06086710577264],[-30.079428142560293,69.05926630889749]]],"type":"Polygon"},"id":"000000000000000000d4","properties":{"area":780902.7754790011,"elevation":1530.5531368257032,"region":"SE","year":2018},"type":"Feature"}]}